t_rel_s,kind,transmitter,receiver,rssi_dbm,retry,rate_mbps
0.000000000,beacon,AP01,broadcast,-71.0,False,6
0.102361917,beacon,AP01,broadcast,-71.0,False,6
0.204820871,beacon,AP01,broadcast,-72.0,False,6
0.307175875,beacon,AP01,broadcast,-71.0,False,6
0.409580946,beacon,AP01,broadcast,-72.0,False,6
0.511934996,beacon,AP01,broadcast,-71.0,False,6
0.614366055,beacon,AP01,broadcast,-71.0,False,6
0.716732025,beacon,AP01,broadcast,-72.0,False,6
0.819104910,beacon,AP01,broadcast,-71.0,False,6
0.921491861,beacon,AP01,broadcast,-71.0,False,6
1.023918867,beacon,AP01,broadcast,-72.0,False,6
1.069899082,ndpa,AP01,C01,-70.0,False,24
1.069990873,bfi,C01,AP01,-68.0,False,54
1.126298904,beacon,AP01,broadcast,-72.0,False,6
1.228746891,beacon,AP01,broadcast,-72.0,False,6
1.331127882,beacon,AP01,broadcast,-73.0,False,6
1.433562994,beacon,AP01,broadcast,-72.0,False,6
1.535956860,beacon,AP01,broadcast,-72.0,False,6
1.638340950,beacon,AP01,broadcast,-74.0,False,6
1.740724087,beacon,AP01,broadcast,-72.0,False,6
1.843117952,beacon,AP01,broadcast,-72.0,False,6
1.945559978,beacon,AP01,broadcast,-72.0,False,6
2.047930002,beacon,AP01,broadcast,-72.0,False,6
2.150348902,beacon,AP01,broadcast,-71.0,False,6
2.252726078,beacon,AP01,broadcast,-70.0,False,6
2.355113983,beacon,AP01,broadcast,-71.0,False,6
2.402953863,ndpa,AP01,C01,-70.0,False,24
2.403038979,bfi,C01,AP01,-68.0,False,54
2.467926025,beacon,AP01,broadcast,-70.0,False,6
2.559916019,beacon,AP01,broadcast,-70.0,False,6
2.689924002,beacon,AP01,broadcast,-70.0,False,6
2.764735937,beacon,AP01,broadcast,-69.0,False,6
2.867130041,beacon,AP01,broadcast,-70.0,False,6
2.969517946,beacon,AP01,broadcast,-70.0,False,6
3.071922064,beacon,AP01,broadcast,-70.0,False,6
3.174340963,beacon,AP01,broadcast,-70.0,False,6
3.276844025,beacon,AP01,broadcast,-70.0,False,6
3.379225016,beacon,AP01,broadcast,-70.0,False,6
3.481878042,beacon,AP01,broadcast,-69.0,False,6
3.583976030,beacon,AP01,broadcast,-69.0,False,6
3.686446905,beacon,AP01,broadcast,-69.0,False,6
3.738676071,ndpa,AP01,C01,-69.0,False,24
3.738704920,bfi,C01,AP01,-68.0,False,54
3.788822889,beacon,AP01,broadcast,-69.0,False,6
3.891247034,beacon,AP01,broadcast,-70.0,False,6
3.993643045,beacon,AP01,broadcast,-70.0,False,6
4.095977068,beacon,AP01,broadcast,-70.0,False,6
4.198462009,beacon,AP01,broadcast,-70.0,False,6
4.300853014,beacon,AP01,broadcast,-70.0,False,6
4.403186083,beacon,AP01,broadcast,-70.0,False,6
4.505639076,beacon,AP01,broadcast,-70.0,False,6
4.608053923,beacon,AP01,broadcast,-70.0,False,6
4.710435867,beacon,AP01,broadcast,-70.0,False,6
4.816479921,beacon,AP01,broadcast,-70.0,False,6
4.915253878,beacon,AP01,broadcast,-70.0,False,6
5.017735958,beacon,AP01,broadcast,-69.0,False,6
5.070302010,ndpa,AP01,C01,-69.0,False,24
5.070313931,bfi,C01,AP01,-68.0,False,54
5.120063066,beacon,AP01,broadcast,-70.0,False,6
5.222436905,beacon,AP01,broadcast,-70.0,False,6
5.324884892,beacon,AP01,broadcast,-70.0,False,6
5.427136898,beacon,AP01,broadcast,-70.0,False,6
5.529634953,beacon,AP01,broadcast,-71.0,False,6
5.631995916,beacon,AP01,broadcast,-72.0,False,6
5.740772009,beacon,AP01,broadcast,-70.0,False,6
5.836720943,beacon,AP01,broadcast,-70.0,False,6
5.939231873,beacon,AP01,broadcast,-70.0,False,6
6.041666031,beacon,AP01,broadcast,-70.0,False,6
6.144052029,beacon,AP01,broadcast,-70.0,False,6
6.246458054,beacon,AP01,broadcast,-71.0,False,6
6.348892927,beacon,AP01,broadcast,-71.0,False,6
6.402373075,ndpa,AP01,C01,-70.0,False,24
6.402451038,bfi,C01,AP01,-68.0,False,54
6.451241016,beacon,AP01,broadcast,-71.0,False,6
6.553673029,beacon,AP01,broadcast,-71.0,False,6
6.655969858,beacon,AP01,broadcast,-72.0,False,6
6.759193897,beacon,AP01,broadcast,-72.0,False,6
6.860882044,beacon,AP01,broadcast,-72.0,False,6
6.963238955,beacon,AP01,broadcast,-72.0,False,6
7.065542936,beacon,AP01,broadcast,-72.0,False,6
7.167976856,beacon,AP01,broadcast,-72.0,False,6
7.270444870,beacon,AP01,broadcast,-72.0,False,6
7.372886896,beacon,AP01,broadcast,-72.0,False,6
7.488079071,beacon,AP01,broadcast,-72.0,False,6
7.577645063,beacon,AP01,broadcast,-72.0,False,6
7.709107876,beacon,AP01,broadcast,-72.0,False,6
7.738676071,ndpa,AP01,C01,-70.0,False,24
7.738700867,bfi,C01,AP01,-68.0,False,54
7.782477856,beacon,AP01,broadcast,-72.0,False,6
7.884880066,beacon,AP01,broadcast,-72.0,False,6
7.987242937,beacon,AP01,broadcast,-71.0,False,6
8.089645863,beacon,AP01,broadcast,-71.0,False,6
8.191972971,beacon,AP01,broadcast,-72.0,False,6
8.294504881,beacon,AP01,broadcast,-72.0,False,6
8.396792889,beacon,AP01,broadcast,-72.0,False,6
8.499199867,beacon,AP01,broadcast,-72.0,False,6
8.601628065,beacon,AP01,broadcast,-71.0,False,6
8.704006910,beacon,AP01,broadcast,-71.0,False,6
8.806384087,beacon,AP01,broadcast,-72.0,False,6
8.908768892,beacon,AP01,broadcast,-72.0,False,6
9.011220932,beacon,AP01,broadcast,-72.0,False,6
9.071364880,ndpa,AP01,C01,-70.0,False,24
9.071438074,bfi,C01,AP01,-68.0,False,54
9.113617897,beacon,AP01,broadcast,-72.0,False,6
9.216006994,beacon,AP01,broadcast,-72.0,False,6
9.318377018,beacon,AP01,broadcast,-71.0,False,6
9.420835972,beacon,AP01,broadcast,-72.0,False,6
9.523221970,beacon,AP01,broadcast,-72.0,False,6
9.625628948,beacon,AP01,broadcast,-72.0,False,6
9.727998972,beacon,AP01,broadcast,-72.0,False,6
9.830386877,beacon,AP01,broadcast,-72.0,False,6
9.932811022,beacon,AP01,broadcast,-72.0,False,6
10.035217047,beacon,AP01,broadcast,-71.0,False,6
10.137598038,beacon,AP01,broadcast,-72.0,False,6
10.239985943,beacon,AP01,broadcast,-72.0,False,6
10.342396021,beacon,AP01,broadcast,-72.0,False,6
10.402628899,ndpa,AP01,C01,-70.0,False,24
10.402705908,bfi,C01,AP01,-68.0,False,54
10.444788933,beacon,AP01,broadcast,-72.0,False,6
10.547250986,beacon,AP01,broadcast,-72.0,False,6
10.649576902,beacon,AP01,broadcast,-72.0,False,6
10.752039909,beacon,AP01,broadcast,-72.0,False,6
10.854421854,beacon,AP01,broadcast,-72.0,False,6
10.956783056,beacon,AP01,broadcast,-72.0,False,6
11.059313059,beacon,AP01,broadcast,-72.0,False,6
11.161704063,beacon,AP01,broadcast,-72.0,False,6
11.264127016,beacon,AP01,broadcast,-72.0,False,6
11.366472960,beacon,AP01,broadcast,-72.0,False,6
11.468909979,beacon,AP01,broadcast,-72.0,False,6
11.575262070,beacon,AP01,broadcast,-72.0,False,6
11.673800945,beacon,AP01,broadcast,-72.0,False,6
11.738878012,ndpa,AP01,C01,-70.0,False,24
11.738903999,bfi,C01,AP01,-68.0,False,54
11.776138067,beacon,AP01,broadcast,-72.0,False,6
11.878514051,beacon,AP01,broadcast,-72.0,False,6
11.980918884,beacon,AP01,broadcast,-72.0,False,6
12.083589077,beacon,AP01,broadcast,-72.0,False,6
12.185662985,beacon,AP01,broadcast,-72.0,False,6
12.288063049,beacon,AP01,broadcast,-72.0,False,6
12.390498877,beacon,AP01,broadcast,-72.0,False,6
12.508136988,beacon,AP01,broadcast,-72.0,False,6
12.595304966,beacon,AP01,broadcast,-71.0,False,6
12.697731972,beacon,AP01,broadcast,-72.0,False,6
12.800103903,beacon,AP01,broadcast,-72.0,False,6
12.902436972,beacon,AP01,broadcast,-72.0,False,6
13.004910946,beacon,AP01,broadcast,-72.0,False,6
13.071043968,ndpa,AP01,C01,-70.0,False,24
13.071066856,bfi,C01,AP01,-68.0,False,54
13.107250929,beacon,AP01,broadcast,-72.0,False,6
13.209743023,beacon,AP01,broadcast,-72.0,False,6
13.312021017,beacon,AP01,broadcast,-72.0,False,6
13.414531946,beacon,AP01,broadcast,-71.0,False,6
13.516910076,beacon,AP01,broadcast,-72.0,False,6
13.619230032,beacon,AP01,broadcast,-71.0,False,6
13.721720934,beacon,AP01,broadcast,-72.0,False,6
13.824127913,beacon,AP01,broadcast,-72.0,False,6
13.926505089,beacon,AP01,broadcast,-72.0,False,6
14.028944016,beacon,AP01,broadcast,-71.0,False,6
14.131320953,beacon,AP01,broadcast,-71.0,False,6
14.233702898,beacon,AP01,broadcast,-71.0,False,6
14.336124897,beacon,AP01,broadcast,-71.0,False,6
14.402050972,ndpa,AP01,C01,-70.0,False,24
14.402143002,bfi,C01,AP01,-68.0,False,54
14.438531876,beacon,AP01,broadcast,-71.0,False,6
14.540915966,beacon,AP01,broadcast,-72.0,False,6
14.643354893,beacon,AP01,broadcast,-72.0,False,6
14.745749950,beacon,AP01,broadcast,-72.0,False,6
14.848145008,beacon,AP01,broadcast,-72.0,False,6
14.950541973,beacon,AP01,broadcast,-72.0,False,6
15.052906036,beacon,AP01,broadcast,-72.0,False,6
15.155339956,beacon,AP01,broadcast,-72.0,False,6
15.257763863,beacon,AP01,broadcast,-72.0,False,6
15.360136032,beacon,AP01,broadcast,-72.0,False,6
15.462452888,beacon,AP01,broadcast,-71.0,False,6
15.569406033,beacon,AP01,broadcast,-72.0,False,6
15.667245865,beacon,AP01,broadcast,-71.0,False,6
15.739403009,ndpa,AP01,C01,-71.0,False,24
15.739515066,bfi,C01,AP01,-68.0,False,54
15.769643068,beacon,AP01,broadcast,-72.0,False,6
15.872071981,beacon,AP01,broadcast,-72.0,False,6
15.974530935,beacon,AP01,broadcast,-70.0,False,6
16.076928854,beacon,AP01,broadcast,-71.0,False,6
16.179347992,beacon,AP01,broadcast,-70.0,False,6
16.281682968,beacon,AP01,broadcast,-70.0,False,6
16.384033918,beacon,AP01,broadcast,-71.0,False,6
16.486432076,beacon,AP01,broadcast,-70.0,False,6
16.588883877,beacon,AP01,broadcast,-70.0,False,6
16.691247940,beacon,AP01,broadcast,-70.0,False,6
16.793632984,beacon,AP01,broadcast,-71.0,False,6
16.896077871,beacon,AP01,broadcast,-71.0,False,6
16.998468876,beacon,AP01,broadcast,-71.0,False,6
17.070601940,ndpa,AP01,C01,-70.0,False,24
17.070683956,bfi,C01,AP01,-68.0,False,54
17.100847006,beacon,AP01,broadcast,-71.0,False,6
17.203263998,beacon,AP01,broadcast,-71.0,False,6
17.307203054,beacon,AP01,broadcast,-71.0,False,6
17.408107996,beacon,AP01,broadcast,-71.0,False,6
17.528189898,beacon,AP01,broadcast,-71.0,False,6
17.612889051,beacon,AP01,broadcast,-71.0,False,6
17.715234041,beacon,AP01,broadcast,-71.0,False,6
17.817683935,beacon,AP01,broadcast,-71.0,False,6
17.920100927,beacon,AP01,broadcast,-71.0,False,6
18.022464037,beacon,AP01,broadcast,-71.0,False,6
18.124872923,beacon,AP01,broadcast,-71.0,False,6
18.227297068,beacon,AP01,broadcast,-70.0,False,6
18.329710960,beacon,AP01,broadcast,-71.0,False,6
18.415057898,ndpa,AP01,C01,-70.0,False,24
18.415168047,bfi,C01,AP01,-68.0,False,54
18.432061911,beacon,AP01,broadcast,-71.0,False,6
18.534499884,beacon,AP01,broadcast,-71.0,False,6
18.636908054,beacon,AP01,broadcast,-70.0,False,6
18.739295959,beacon,AP01,broadcast,-71.0,False,6
18.841676950,beacon,AP01,broadcast,-70.0,False,6
18.944169044,beacon,AP01,broadcast,-70.0,False,6
19.046578884,beacon,AP01,broadcast,-71.0,False,6
19.148998976,beacon,AP01,broadcast,-71.0,False,6
19.251363039,beacon,AP01,broadcast,-71.0,False,6
19.353785992,beacon,AP01,broadcast,-71.0,False,6
19.456054926,beacon,AP01,broadcast,-71.0,False,6
19.558548927,beacon,AP01,broadcast,-72.0,False,6
19.660990953,beacon,AP01,broadcast,-72.0,False,6
19.738839865,ndpa,AP01,C01,-70.0,False,24
19.738966942,bfi,C01,AP01,-68.0,False,54
19.763387918,beacon,AP01,broadcast,-71.0,False,6
19.865797997,beacon,AP01,broadcast,-72.0,False,6
19.968632936,beacon,AP01,broadcast,-71.0,False,6
20.070574045,beacon,AP01,broadcast,-71.0,False,6
20.172893047,beacon,AP01,broadcast,-71.0,False,6
20.275593996,beacon,AP01,broadcast,-71.0,False,6
20.377805948,beacon,AP01,broadcast,-71.0,False,6
20.480165958,beacon,AP01,broadcast,-71.0,False,6
20.582530022,beacon,AP01,broadcast,-71.0,False,6
20.685256958,beacon,AP01,broadcast,-72.0,False,6
20.787400007,beacon,AP01,broadcast,-72.0,False,6
20.889781952,beacon,AP01,broadcast,-71.0,False,6
20.992161989,beacon,AP01,broadcast,-70.0,False,6
21.071184874,ndpa,AP01,C01,-70.0,False,24
21.071215868,bfi,C01,AP01,-68.0,False,54
21.094589949,beacon,AP01,broadcast,-70.0,False,6
21.197197914,beacon,AP01,broadcast,-70.0,False,6
21.299390078,beacon,AP01,broadcast,-70.0,False,6
21.401794910,beacon,AP01,broadcast,-70.0,False,6
21.504204988,beacon,AP01,broadcast,-70.0,False,6
21.606589079,beacon,AP01,broadcast,-70.0,False,6
21.709003925,beacon,AP01,broadcast,-70.0,False,6
21.811359882,beacon,AP01,broadcast,-70.0,False,6
21.913689852,beacon,AP01,broadcast,-70.0,False,6
22.016167879,beacon,AP01,broadcast,-70.0,False,6
22.118578911,beacon,AP01,broadcast,-70.0,False,6
22.220989943,beacon,AP01,broadcast,-69.0,False,6
22.327225924,beacon,AP01,broadcast,-69.0,False,6
22.403119087,ndpa,AP01,C01,-69.0,False,24
22.403146982,bfi,C01,AP01,-68.0,False,54
22.425786018,beacon,AP01,broadcast,-70.0,False,6
22.548197985,beacon,AP01,broadcast,-70.0,False,6
22.630599022,beacon,AP01,broadcast,-71.0,False,6
22.732918024,beacon,AP01,broadcast,-70.0,False,6
22.835418940,beacon,AP01,broadcast,-70.0,False,6
22.937831879,beacon,AP01,broadcast,-70.0,False,6
23.040200949,beacon,AP01,broadcast,-69.0,False,6
23.142590046,beacon,AP01,broadcast,-69.0,False,6
23.245437860,beacon,AP01,broadcast,-69.0,False,6
23.354201078,beacon,AP01,broadcast,-71.0,False,6
23.449831009,beacon,AP01,broadcast,-69.0,False,6
23.559670925,beacon,AP01,broadcast,-70.0,False,6
23.654629946,beacon,AP01,broadcast,-69.0,False,6
23.746622086,ndpa,AP01,C01,-69.0,False,24
23.746700048,bfi,C01,AP01,-68.0,False,54
23.764471054,beacon,AP01,broadcast,-69.0,False,6
23.859436989,beacon,AP01,broadcast,-69.0,False,6
23.961817026,beacon,AP01,broadcast,-69.0,False,6
24.064163923,beacon,AP01,broadcast,-69.0,False,6
24.166593075,beacon,AP01,broadcast,-69.0,False,6
24.268998861,beacon,AP01,broadcast,-69.0,False,6
24.371342897,beacon,AP01,broadcast,-68.0,False,6
24.473758936,beacon,AP01,broadcast,-69.0,False,6
24.576137066,beacon,AP01,broadcast,-69.0,False,6
24.678564072,beacon,AP01,broadcast,-70.0,False,6
24.780962944,beacon,AP01,broadcast,-69.0,False,6
24.883359909,beacon,AP01,broadcast,-69.0,False,6
24.985745907,beacon,AP01,broadcast,-69.0,False,6
25.070822001,ndpa,AP01,C01,-69.0,False,24
25.070932865,bfi,C01,AP01,-68.0,False,54
25.088166952,beacon,AP01,broadcast,-69.0,False,6
25.190542936,beacon,AP01,broadcast,-69.0,False,6
25.292912960,beacon,AP01,broadcast,-69.0,False,6
25.395385981,beacon,AP01,broadcast,-70.0,False,6
25.497771025,beacon,AP01,broadcast,-69.0,False,6
25.600135088,beacon,AP01,broadcast,-70.0,False,6
25.702539921,beacon,AP01,broadcast,-69.0,False,6
25.804944038,beacon,AP01,broadcast,-68.0,False,6
25.910701990,beacon,AP01,broadcast,-69.0,False,6
26.009759903,beacon,AP01,broadcast,-69.0,False,6
26.112171888,beacon,AP01,broadcast,-69.0,False,6
26.214577913,beacon,AP01,broadcast,-69.0,False,6
26.316964865,beacon,AP01,broadcast,-70.0,False,6
26.402713060,ndpa,AP01,C01,-70.0,False,24
26.402787924,bfi,C01,AP01,-68.0,False,54
26.419380903,beacon,AP01,broadcast,-70.0,False,6
26.521799088,beacon,AP01,broadcast,-70.0,False,6
26.624273062,beacon,AP01,broadcast,-69.0,False,6
26.726608992,beacon,AP01,broadcast,-70.0,False,6
26.829017878,beacon,AP01,broadcast,-70.0,False,6
26.931472063,beacon,AP01,broadcast,-70.0,False,6
27.033909082,beacon,AP01,broadcast,-69.0,False,6
27.136270046,beacon,AP01,broadcast,-69.0,False,6
27.238667965,beacon,AP01,broadcast,-68.0,False,6
27.347351074,beacon,AP01,broadcast,-68.0,False,6
27.443374872,beacon,AP01,broadcast,-69.0,False,6
27.568424940,beacon,AP01,broadcast,-69.0,False,6
27.648180962,beacon,AP01,broadcast,-69.0,False,6
27.739264011,ndpa,AP01,C01,-69.0,False,24
27.739300013,bfi,C01,AP01,-68.0,False,54
27.750657082,beacon,AP01,broadcast,-68.0,False,6
27.853048086,beacon,AP01,broadcast,-69.0,False,6
27.955493927,beacon,AP01,broadcast,-69.0,False,6
28.057894945,beacon,AP01,broadcast,-69.0,False,6
28.160274029,beacon,AP01,broadcast,-70.0,False,6
28.262647867,beacon,AP01,broadcast,-69.0,False,6
28.365098000,beacon,AP01,broadcast,-70.0,False,6
28.467486858,beacon,AP01,broadcast,-69.0,False,6
28.569895029,beacon,AP01,broadcast,-69.0,False,6
28.672788858,beacon,AP01,broadcast,-70.0,False,6
28.774705887,beacon,AP01,broadcast,-71.0,False,6
28.877099037,beacon,AP01,broadcast,-71.0,False,6
28.979496002,beacon,AP01,broadcast,-71.0,False,6
29.070456982,ndpa,AP01,C01,-70.0,False,24
29.070498943,bfi,C01,AP01,-68.0,False,54
29.081875086,beacon,AP01,broadcast,-72.0,False,6
29.184298038,beacon,AP01,broadcast,-71.0,False,6
29.286658049,beacon,AP01,broadcast,-71.0,False,6
29.389065981,beacon,AP01,broadcast,-71.0,False,6
29.491488934,beacon,AP01,broadcast,-71.0,False,6
29.593882084,beacon,AP01,broadcast,-71.0,False,6
29.696266890,beacon,AP01,broadcast,-70.0,False,6
29.798688889,beacon,AP01,broadcast,-71.0,False,6
29.900995970,beacon,AP01,broadcast,-71.0,False,6
30.003391981,beacon,AP01,broadcast,-70.0,False,6
30.105890036,beacon,AP01,broadcast,-72.0,False,6
30.208175898,beacon,AP01,broadcast,-72.0,False,6
30.310688972,beacon,AP01,broadcast,-71.0,False,6
30.403331995,ndpa,AP01,C01,-70.0,False,24
30.403387070,bfi,C01,AP01,-68.0,False,54
30.413061857,beacon,AP01,broadcast,-71.0,False,6
30.515522003,beacon,AP01,broadcast,-72.0,False,6
30.617889881,beacon,AP01,broadcast,-73.0,False,6
30.720216036,beacon,AP01,broadcast,-74.0,False,6
30.822690964,beacon,AP01,broadcast,-73.0,False,6
30.925104856,beacon,AP01,broadcast,-71.0,False,6
31.027441025,beacon,AP01,broadcast,-70.0,False,6
31.129945993,beacon,AP01,broadcast,-70.0,False,6
31.232305050,beacon,AP01,broadcast,-70.0,False,6
31.334697008,beacon,AP01,broadcast,-71.0,False,6
31.437042952,beacon,AP01,broadcast,-71.0,False,6
31.539519072,beacon,AP01,broadcast,-71.0,False,6
31.641902924,beacon,AP01,broadcast,-75.0,False,6
31.739018917,ndpa,AP01,C01,-70.0,False,24
31.739144087,bfi,C01,AP01,-68.0,False,54
31.744179964,beacon,AP01,broadcast,-74.0,False,6
31.846667051,beacon,AP01,broadcast,-71.0,False,6
31.949034929,beacon,AP01,broadcast,-73.0,False,6
32.051380873,beacon,AP01,broadcast,-71.0,False,6
32.153821945,beacon,AP01,broadcast,-71.0,False,6
32.256226063,beacon,AP01,broadcast,-72.0,False,6
32.367377996,beacon,AP01,broadcast,-74.0,False,6
32.461003065,beacon,AP01,broadcast,-72.0,False,6
32.588371992,beacon,AP01,broadcast,-72.0,False,6
32.665823936,beacon,AP01,broadcast,-69.0,False,6
32.768193960,beacon,AP01,broadcast,-72.0,False,6
32.870609999,beacon,AP01,broadcast,-71.0,False,6
32.973031998,beacon,AP01,broadcast,-71.0,False,6
33.070678949,ndpa,AP01,C01,-70.0,False,24
33.070785999,bfi,C01,AP01,-68.0,False,54
33.075394869,beacon,AP01,broadcast,-72.0,False,6
33.177831888,beacon,AP01,broadcast,-72.0,False,6
33.280240059,beacon,AP01,broadcast,-73.0,False,6
33.382627964,beacon,AP01,broadcast,-71.0,False,6
33.485137939,beacon,AP01,broadcast,-70.0,False,6
33.587445974,beacon,AP01,broadcast,-71.0,False,6
33.690065861,beacon,AP01,broadcast,-71.0,False,6
33.792257071,beacon,AP01,broadcast,-70.0,False,6
33.894680977,beacon,AP01,broadcast,-70.0,False,6
33.997053862,beacon,AP01,broadcast,-69.0,False,6
34.099423885,beacon,AP01,broadcast,-69.0,False,6
34.201830864,beacon,AP01,broadcast,-68.0,False,6
34.304333925,beacon,AP01,broadcast,-70.0,False,6
34.402471066,ndpa,AP01,C01,-70.0,False,24
34.402505875,bfi,C01,AP01,-68.0,False,54
34.406681061,beacon,AP01,broadcast,-71.0,False,6
34.509088993,beacon,AP01,broadcast,-69.0,False,6
34.611546993,beacon,AP01,broadcast,-71.0,False,6
34.713913918,beacon,AP01,broadcast,-70.0,False,6
34.816261053,beacon,AP01,broadcast,-71.0,False,6
34.918632030,beacon,AP01,broadcast,-70.0,False,6
35.021137953,beacon,AP01,broadcast,-72.0,False,6
35.123511076,beacon,AP01,broadcast,-72.0,False,6
35.225944042,beacon,AP01,broadcast,-72.0,False,6
35.328355074,beacon,AP01,broadcast,-71.0,False,6
35.430744886,beacon,AP01,broadcast,-71.0,False,6
35.533154964,beacon,AP01,broadcast,-71.0,False,6
35.635556936,beacon,AP01,broadcast,-71.0,False,6
35.737904072,beacon,AP01,broadcast,-70.0,False,6
35.738873959,ndpa,AP01,C01,-70.0,False,24
35.739029884,bfi,C01,AP01,-68.0,False,54
35.840345860,beacon,AP01,broadcast,-70.0,False,6
35.942736864,beacon,AP01,broadcast,-70.0,False,6
36.046396971,beacon,AP01,broadcast,-71.0,False,6
36.147531033,beacon,AP01,broadcast,-71.0,False,6
36.250000000,beacon,AP01,broadcast,-70.0,False,6
36.352336884,beacon,AP01,broadcast,-70.0,False,6
36.454913855,beacon,AP01,broadcast,-70.0,False,6
36.562166929,beacon,AP01,broadcast,-69.0,False,6
36.659551859,beacon,AP01,broadcast,-69.0,False,6
36.761976957,beacon,AP01,broadcast,-70.0,False,6
36.864366055,beacon,AP01,broadcast,-70.0,False,6
36.966758013,beacon,AP01,broadcast,-69.0,False,6
37.069103956,beacon,AP01,broadcast,-71.0,False,6
37.070148945,ndpa,AP01,C01,-71.0,False,24
37.070226908,bfi,C01,AP01,-68.0,False,54
37.171542883,beacon,AP01,broadcast,-70.0,False,6
37.273931026,beacon,AP01,broadcast,-70.0,False,6
37.388578892,beacon,AP01,broadcast,-70.0,False,6
37.478637934,beacon,AP01,broadcast,-70.0,False,6
37.683548927,beacon,AP01,broadcast,-69.0,False,6
37.785956860,beacon,AP01,broadcast,-70.0,False,6
37.888266087,beacon,AP01,broadcast,-69.0,False,6
37.990786076,beacon,AP01,broadcast,-70.0,False,6
38.093173027,beacon,AP01,broadcast,-71.0,False,6
38.195513010,beacon,AP01,broadcast,-71.0,False,6
38.297963858,beacon,AP01,broadcast,-70.0,False,6
38.403076887,ndpa,AP01,C01,-69.0,False,24
38.403099060,bfi,C01,AP01,-68.0,False,54
38.503103018,beacon,AP01,broadcast,-69.0,False,6
38.713957071,beacon,AP01,broadcast,-70.0,False,6
38.809978962,beacon,AP01,broadcast,-69.0,False,6
38.912388086,beacon,AP01,broadcast,-70.0,False,6
39.014762878,beacon,AP01,broadcast,-69.0,False,6
39.117198944,beacon,AP01,broadcast,-69.0,False,6
39.219564915,beacon,AP01,broadcast,-70.0,False,6
39.321980000,beacon,AP01,broadcast,-70.0,False,6
39.424388885,beacon,AP01,broadcast,-70.0,False,6
39.526732922,beacon,AP01,broadcast,-69.0,False,6
39.629131079,beacon,AP01,broadcast,-70.0,False,6
39.731533051,beacon,AP01,broadcast,-69.0,False,6
39.739295006,ndpa,AP01,C01,-70.0,False,24
39.739394903,bfi,C01,AP01,-68.0,False,54
39.833880901,beacon,AP01,broadcast,-70.0,False,6
39.936313868,beacon,AP01,broadcast,-70.0,False,6
40.038699865,beacon,AP01,broadcast,-70.0,False,6
40.141102076,beacon,AP01,broadcast,-70.0,False,6
40.243525982,beacon,AP01,broadcast,-69.0,False,6
40.345924854,beacon,AP01,broadcast,-69.0,False,6
40.448339939,beacon,AP01,broadcast,-70.0,False,6
40.556760073,beacon,AP01,broadcast,-69.0,False,6
40.653135061,beacon,AP01,broadcast,-68.0,False,6
40.755513906,beacon,AP01,broadcast,-68.0,False,6
40.857996941,beacon,AP01,broadcast,-68.0,False,6
40.960305929,beacon,AP01,broadcast,-69.0,False,6
41.069824934,beacon,AP01,broadcast,-69.0,False,6
41.070172071,ndpa,AP01,C01,-70.0,False,24
41.167988062,beacon,AP01,broadcast,-69.0,False,6
41.267580986,beacon,AP01,broadcast,-69.0,False,6
41.369906902,beacon,AP01,broadcast,-69.0,False,6
41.484044075,beacon,AP01,broadcast,-69.0,False,6
41.575757980,beacon,AP01,broadcast,-70.0,False,6
41.690089941,beacon,AP01,broadcast,-70.0,False,6
41.784111977,beacon,AP01,broadcast,-70.0,False,6
41.887814999,beacon,AP01,broadcast,-70.0,False,6
41.984332085,beacon,AP01,broadcast,-68.0,False,6
42.086798906,beacon,AP01,broadcast,-68.0,False,6
42.212550879,beacon,AP01,broadcast,-70.0,False,6
42.291586876,beacon,AP01,broadcast,-68.0,False,6
42.407953024,beacon,AP01,broadcast,-68.0,False,6
42.407958984,ndpa,AP01,C01,-68.0,False,24
42.408083916,bfi,C01,AP01,-68.0,False,54
42.496541977,beacon,AP01,broadcast,-70.0,False,6
42.599052906,beacon,AP01,broadcast,-67.0,False,6
42.701189041,beacon,AP01,broadcast,-67.0,False,6
42.803642035,beacon,AP01,broadcast,-68.0,False,6
42.906008005,beacon,AP01,broadcast,-68.0,False,6
43.008395910,beacon,AP01,broadcast,-69.0,False,6
43.110784054,beacon,AP01,broadcast,-70.0,False,6
43.213131905,beacon,AP01,broadcast,-69.0,False,6
43.315613985,beacon,AP01,broadcast,-68.0,False,6
43.418000937,beacon,AP01,broadcast,-71.0,False,6
43.520407915,beacon,AP01,broadcast,-69.0,False,6
43.622803926,beacon,AP01,broadcast,-68.0,False,6
43.725234032,beacon,AP01,broadcast,-69.0,False,6
43.738581896,ndpa,AP01,C01,-69.0,False,24
43.738656044,bfi,C01,AP01,-68.0,False,54
43.827599049,beacon,AP01,broadcast,-69.0,False,6
43.929919958,beacon,AP01,broadcast,-69.0,False,6
44.032331944,beacon,AP01,broadcast,-69.0,False,6
44.134783030,beacon,AP01,broadcast,-68.0,False,6
44.237171888,beacon,AP01,broadcast,-68.0,False,6
44.339632034,beacon,AP01,broadcast,-69.0,False,6
44.441971064,beacon,AP01,broadcast,-70.0,False,6
44.544409037,beacon,AP01,broadcast,-69.0,False,6
44.646794081,beacon,AP01,broadcast,-68.0,False,6
44.749158859,beacon,AP01,broadcast,-68.0,False,6
44.851636887,beacon,AP01,broadcast,-69.0,False,6
44.953921080,beacon,AP01,broadcast,-70.0,False,6
45.056413889,beacon,AP01,broadcast,-70.0,False,6
45.070983887,ndpa,AP01,C01,-70.0,False,24
45.071048021,bfi,C01,AP01,-67.0,False,54
45.158779860,beacon,AP01,broadcast,-70.0,False,6
45.261225939,beacon,AP01,broadcast,-70.0,False,6
45.363628864,beacon,AP01,broadcast,-71.0,False,6
45.466032028,beacon,AP01,broadcast,-70.0,False,6
45.568403006,beacon,AP01,broadcast,-70.0,False,6
45.670832872,beacon,AP01,broadcast,-72.0,False,6
45.773231983,beacon,AP01,broadcast,-70.0,False,6
45.875550032,beacon,AP01,broadcast,-71.0,False,6
45.978055000,beacon,AP01,broadcast,-71.0,False,6
46.080467939,beacon,AP01,broadcast,-71.0,False,6
46.182719946,beacon,AP01,broadcast,-71.0,False,6
46.285238981,beacon,AP01,broadcast,-71.0,False,6
46.387666941,beacon,AP01,broadcast,-71.0,False,6
46.403320074,ndpa,AP01,C01,-70.0,False,24
46.403351068,bfi,C01,AP01,-68.0,False,54
46.490056992,beacon,AP01,broadcast,-71.0,False,6
46.592709064,beacon,AP01,broadcast,-70.0,False,6
46.694807053,beacon,AP01,broadcast,-70.0,False,6
46.797142982,beacon,AP01,broadcast,-71.0,False,6
46.899576902,beacon,AP01,broadcast,-71.0,False,6
47.002012968,beacon,AP01,broadcast,-70.0,False,6
47.104343891,beacon,AP01,broadcast,-71.0,False,6
47.206836939,beacon,AP01,broadcast,-72.0,False,6
47.309144020,beacon,AP01,broadcast,-72.0,False,6
47.427649975,beacon,AP01,broadcast,-72.0,False,6
47.513992071,beacon,AP01,broadcast,-72.0,False,6
47.616349936,beacon,AP01,broadcast,-72.0,False,6
47.718764067,beacon,AP01,broadcast,-71.0,False,6
47.738765955,ndpa,AP01,C01,-71.0,False,24
47.738877058,bfi,C01,AP01,-68.0,False,54
47.821133852,beacon,AP01,broadcast,-71.0,False,6
47.923584938,beacon,AP01,broadcast,-72.0,False,6
48.025963068,beacon,AP01,broadcast,-71.0,False,6
48.128347874,beacon,AP01,broadcast,-71.0,False,6
48.230804920,beacon,AP01,broadcast,-71.0,False,6
48.333194017,beacon,AP01,broadcast,-71.0,False,6
48.435600996,beacon,AP01,broadcast,-70.0,False,6
48.538059950,beacon,AP01,broadcast,-71.0,False,6
48.640426874,beacon,AP01,broadcast,-71.0,False,6
48.742799997,beacon,AP01,broadcast,-70.0,False,6
48.845192909,beacon,AP01,broadcast,-71.0,False,6
48.947594881,beacon,AP01,broadcast,-71.0,False,6
49.049957037,beacon,AP01,broadcast,-71.0,False,6
49.071332932,ndpa,AP01,C01,-70.0,False,24
49.071440935,bfi,C01,AP01,-68.0,False,54
49.152366877,beacon,AP01,broadcast,-70.0,False,6
49.254775047,beacon,AP01,broadcast,-70.0,False,6
49.357215881,beacon,AP01,broadcast,-70.0,False,6
49.459596872,beacon,AP01,broadcast,-71.0,False,6
49.562036037,beacon,AP01,broadcast,-71.0,False,6
49.664424896,beacon,AP01,broadcast,-71.0,False,6
49.766802073,beacon,AP01,broadcast,-71.0,False,6
49.869283915,beacon,AP01,broadcast,-71.0,False,6
49.971665859,beacon,AP01,broadcast,-71.0,False,6
50.074132919,beacon,AP01,broadcast,-71.0,False,6
50.176395893,beacon,AP01,broadcast,-71.0,False,6
50.278889894,beacon,AP01,broadcast,-71.0,False,6
50.381270885,beacon,AP01,broadcast,-71.0,False,6
50.402936935,ndpa,AP01,C01,-70.0,False,24
50.402989864,bfi,C01,AP01,-68.0,False,54
50.483703852,beacon,AP01,broadcast,-71.0,False,6
50.586196899,beacon,AP01,broadcast,-71.0,False,6
50.688514948,beacon,AP01,broadcast,-72.0,False,6
50.790899992,beacon,AP01,broadcast,-71.0,False,6
50.893214941,beacon,AP01,broadcast,-71.0,False,6
50.995810986,beacon,AP01,broadcast,-71.0,False,6
51.098104000,beacon,AP01,broadcast,-71.0,False,6
51.200475931,beacon,AP01,broadcast,-71.0,False,6
51.302850962,beacon,AP01,broadcast,-72.0,False,6
51.405282974,beacon,AP01,broadcast,-71.0,False,6
51.507683039,beacon,AP01,broadcast,-71.0,False,6
51.610043049,beacon,AP01,broadcast,-71.0,False,6
51.712497950,beacon,AP01,broadcast,-72.0,False,6
51.733661890,ndpa,AP01,C01,-71.0,False,24
51.733741999,bfi,C01,AP01,-68.0,False,54
51.814804077,beacon,AP01,broadcast,-71.0,False,6
51.917280912,beacon,AP01,broadcast,-71.0,False,6
52.019619942,beacon,AP01,broadcast,-71.0,False,6
52.122102022,beacon,AP01,broadcast,-71.0,False,6
52.224509001,beacon,AP01,broadcast,-71.0,False,6
52.326901913,beacon,AP01,broadcast,-71.0,False,6
52.447711945,beacon,AP01,broadcast,-71.0,False,6
52.531741858,beacon,AP01,broadcast,-71.0,False,6
52.634119987,beacon,AP01,broadcast,-71.0,False,6
52.736417055,beacon,AP01,broadcast,-71.0,False,6
52.839000940,beacon,AP01,broadcast,-72.0,False,6
52.941313028,beacon,AP01,broadcast,-71.0,False,6
53.043612003,beacon,AP01,broadcast,-71.0,False,6
53.063211918,ndpa,AP01,C01,-71.0,False,24
53.063292027,bfi,C01,AP01,-68.0,False,54
53.147271872,beacon,AP01,broadcast,-71.0,False,6
53.248460054,beacon,AP01,broadcast,-71.0,False,6
53.350930929,beacon,AP01,broadcast,-71.0,False,6
53.453294992,beacon,AP01,broadcast,-71.0,False,6
53.555719852,beacon,AP01,broadcast,-71.0,False,6
53.658110857,beacon,AP01,broadcast,-71.0,False,6
53.760451078,beacon,AP01,broadcast,-71.0,False,6
53.862921000,beacon,AP01,broadcast,-72.0,False,6
53.965319872,beacon,AP01,broadcast,-71.0,False,6
54.067705870,beacon,AP01,broadcast,-71.0,False,6
54.170059919,beacon,AP01,broadcast,-71.0,False,6
54.272511959,beacon,AP01,broadcast,-71.0,False,6
54.374825001,beacon,AP01,broadcast,-71.0,False,6
54.393207073,ndpa,AP01,C01,-70.0,False,24
54.393291950,bfi,C01,AP01,-68.0,False,54
54.477323055,beacon,AP01,broadcast,-71.0,False,6
54.579660892,beacon,AP01,broadcast,-71.0,False,6
54.682121038,beacon,AP01,broadcast,-72.0,False,6
54.784533024,beacon,AP01,broadcast,-71.0,False,6
54.886929989,beacon,AP01,broadcast,-72.0,False,6
54.989223957,beacon,AP01,broadcast,-71.0,False,6
55.091634035,beacon,AP01,broadcast,-71.0,False,6
55.219368935,beacon,AP01,broadcast,-71.0,False,6
55.296486855,beacon,AP01,broadcast,-72.0,False,6
55.398840904,beacon,AP01,broadcast,-72.0,False,6
55.501283884,beacon,AP01,broadcast,-71.0,False,6
55.603677988,beacon,AP01,broadcast,-72.0,False,6
55.706085920,beacon,AP01,broadcast,-71.0,False,6
55.729031086,ndpa,AP01,C01,-71.0,False,24
55.729130030,bfi,C01,AP01,-68.0,False,54
55.808511972,beacon,AP01,broadcast,-71.0,False,6
55.910938978,beacon,AP01,broadcast,-71.0,False,6
56.013295889,beacon,AP01,broadcast,-72.0,False,6
56.115664005,beacon,AP01,broadcast,-71.0,False,6
56.218076944,beacon,AP01,broadcast,-71.0,False,6
56.320430040,beacon,AP01,broadcast,-71.0,False,6
56.422844887,beacon,AP01,broadcast,-71.0,False,6
56.525230885,beacon,AP01,broadcast,-71.0,False,6
56.627660036,beacon,AP01,broadcast,-71.0,False,6
56.730026960,beacon,AP01,broadcast,-71.0,False,6
56.832463026,beacon,AP01,broadcast,-71.0,False,6
56.934882879,beacon,AP01,broadcast,-71.0,False,6
57.037245989,beacon,AP01,broadcast,-71.0,False,6
57.060823917,ndpa,AP01,C01,-71.0,False,24
57.060920954,bfi,C01,AP01,-68.0,False,54
57.139671087,beacon,AP01,broadcast,-71.0,False,6
57.242099047,beacon,AP01,broadcast,-72.0,False,6
57.344459057,beacon,AP01,broadcast,-72.0,False,6
57.467798948,beacon,AP01,broadcast,-71.0,False,6
57.549347878,beacon,AP01,broadcast,-71.0,False,6
57.651762962,beacon,AP01,broadcast,-71.0,False,6
57.754159927,beacon,AP01,broadcast,-71.0,False,6
57.856566906,beacon,AP01,broadcast,-71.0,False,6
57.958961964,beacon,AP01,broadcast,-71.0,False,6
58.061362982,beacon,AP01,broadcast,-71.0,False,6
58.163764000,beacon,AP01,broadcast,-71.0,False,6
58.266149044,beacon,AP01,broadcast,-71.0,False,6
58.368561983,beacon,AP01,broadcast,-71.0,False,6
58.392143011,ndpa,AP01,C01,-71.0,False,24
58.392227888,bfi,C01,AP01,-68.0,False,54
58.470877886,beacon,AP01,broadcast,-71.0,False,6
58.573351860,beacon,AP01,broadcast,-71.0,False,6
58.675791025,beacon,AP01,broadcast,-71.0,False,6
58.778173923,beacon,AP01,broadcast,-71.0,False,6
58.880573034,beacon,AP01,broadcast,-71.0,False,6
58.982945919,beacon,AP01,broadcast,-71.0,False,6
59.085286856,beacon,AP01,broadcast,-71.0,False,6
59.187797070,beacon,AP01,broadcast,-72.0,False,6
59.290086031,beacon,AP01,broadcast,-71.0,False,6
59.392493963,beacon,AP01,broadcast,-71.0,False,6
59.494947910,beacon,AP01,broadcast,-71.0,False,6
59.597342014,beacon,AP01,broadcast,-71.0,False,6
59.699766874,beacon,AP01,broadcast,-71.0,False,6
59.802172899,beacon,AP01,broadcast,-71.0,False,6
59.904571056,beacon,AP01,broadcast,-71.0,False,6
60.006967068,beacon,AP01,broadcast,-71.0,False,6
60.109392881,beacon,AP01,broadcast,-71.0,False,6
60.211788893,beacon,AP01,broadcast,-71.0,False,6
60.314168930,beacon,AP01,broadcast,-71.0,False,6
60.416620016,beacon,AP01,broadcast,-71.0,False,6
60.518977880,beacon,AP01,broadcast,-71.0,False,6
60.621399879,beacon,AP01,broadcast,-71.0,False,6
60.723782063,beacon,AP01,broadcast,-71.0,False,6
60.826215029,beacon,AP01,broadcast,-71.0,False,6
60.928603888,beacon,AP01,broadcast,-71.0,False,6
61.030897856,beacon,AP01,broadcast,-71.0,False,6
61.060534954,ndpa,AP01,C01,-71.0,False,24
61.060657024,bfi,C01,AP01,-68.0,False,54
61.133387089,beacon,AP01,broadcast,-71.0,False,6
61.235828876,beacon,AP01,broadcast,-71.0,False,6
61.338199854,beacon,AP01,broadcast,-71.0,False,6
61.440588951,beacon,AP01,broadcast,-71.0,False,6
61.542948961,beacon,AP01,broadcast,-71.0,False,6
61.645334959,beacon,AP01,broadcast,-71.0,False,6
61.747801065,beacon,AP01,broadcast,-71.0,False,6
61.850105047,beacon,AP01,broadcast,-71.0,False,6
61.952584028,beacon,AP01,broadcast,-71.0,False,6
62.054986954,beacon,AP01,broadcast,-71.0,False,6
62.157404900,beacon,AP01,broadcast,-71.0,False,6
62.259811878,beacon,AP01,broadcast,-71.0,False,6
62.362195015,beacon,AP01,broadcast,-71.0,False,6
62.392865896,ndpa,AP01,C01,-71.0,False,24
62.392905951,bfi,C01,AP01,-68.0,False,54
62.487812996,beacon,AP01,broadcast,-71.0,False,6
62.566990852,beacon,AP01,broadcast,-71.0,False,6
62.669399023,beacon,AP01,broadcast,-71.0,False,6
62.773558855,beacon,AP01,broadcast,-72.0,False,6
62.874135017,beacon,AP01,broadcast,-71.0,False,6
62.976538897,beacon,AP01,broadcast,-71.0,False,6
63.078935862,beacon,AP01,broadcast,-71.0,False,6
63.181343079,beacon,AP01,broadcast,-71.0,False,6
63.283741951,beacon,AP01,broadcast,-71.0,False,6
63.386147976,beacon,AP01,broadcast,-71.0,False,6
63.488568068,beacon,AP01,broadcast,-71.0,False,6
63.592908859,beacon,AP01,broadcast,-72.0,False,6
63.693374872,beacon,AP01,broadcast,-71.0,False,6
63.728496075,ndpa,AP01,C01,-71.0,False,24
63.728626013,bfi,C01,AP01,-68.0,False,54
63.795733929,beacon,AP01,broadcast,-71.0,False,6
63.898172855,beacon,AP01,broadcast,-71.0,False,6
64.000535011,beacon,AP01,broadcast,-71.0,False,6
64.102952003,beacon,AP01,broadcast,-71.0,False,6
64.205734015,beacon,AP01,broadcast,-71.0,False,6
64.307728052,beacon,AP01,broadcast,-71.0,False,6
64.410117865,beacon,AP01,broadcast,-71.0,False,6
64.512543917,beacon,AP01,broadcast,-71.0,False,6
64.618355989,beacon,AP01,broadcast,-71.0,False,6
64.717530012,beacon,AP01,broadcast,-71.0,False,6
64.819731951,beacon,AP01,broadcast,-71.0,False,6
64.922667980,beacon,AP01,broadcast,-72.0,False,6
65.024549961,beacon,AP01,broadcast,-71.0,False,6
65.060967922,ndpa,AP01,C01,-71.0,False,24
65.061065912,bfi,C01,AP01,-68.0,False,54
65.126952887,beacon,AP01,broadcast,-71.0,False,6
65.229332924,beacon,AP01,broadcast,-71.0,False,6
65.331836939,beacon,AP01,broadcast,-71.0,False,6
65.434223890,beacon,AP01,broadcast,-71.0,False,6
65.536588907,beacon,AP01,broadcast,-71.0,False,6
65.639015913,beacon,AP01,broadcast,-71.0,False,6
65.741430998,beacon,AP01,broadcast,-71.0,False,6
65.843843937,beacon,AP01,broadcast,-71.0,False,6
65.946239948,beacon,AP01,broadcast,-71.0,False,6
66.048661947,beacon,AP01,broadcast,-71.0,False,6
66.150976896,beacon,AP01,broadcast,-71.0,False,6
66.253437996,beacon,AP01,broadcast,-71.0,False,6
66.355907917,beacon,AP01,broadcast,-70.0,False,6
66.393006086,ndpa,AP01,C01,-71.0,False,24
66.393042088,bfi,C01,AP01,-68.0,False,54
66.458230972,beacon,AP01,broadcast,-71.0,False,6
66.560594082,beacon,AP01,broadcast,-71.0,False,6
66.663044930,beacon,AP01,broadcast,-71.0,False,6
66.765383959,beacon,AP01,broadcast,-71.0,False,6
66.869569063,beacon,AP01,broadcast,-71.0,False,6
66.970237017,beacon,AP01,broadcast,-71.0,False,6
67.072885036,beacon,AP01,broadcast,-71.0,False,6
67.175020933,beacon,AP01,broadcast,-71.0,False,6
67.277423859,beacon,AP01,broadcast,-71.0,False,6
67.379858971,beacon,AP01,broadcast,-71.0,False,6
67.508013964,beacon,AP01,broadcast,-71.0,False,6
67.584558964,beacon,AP01,broadcast,-71.0,False,6
67.687043905,beacon,AP01,broadcast,-71.0,False,6
67.729130030,ndpa,AP01,C01,-71.0,False,24
67.729186058,bfi,C01,AP01,-68.0,False,54
67.789427042,beacon,AP01,broadcast,-71.0,False,6
67.891885996,beacon,AP01,broadcast,-71.0,False,6
67.994279861,beacon,AP01,broadcast,-71.0,False,6
68.096683025,beacon,AP01,broadcast,-70.0,False,6
68.199032068,beacon,AP01,broadcast,-71.0,False,6
68.304498911,beacon,AP01,broadcast,-70.0,False,6
68.403954029,beacon,AP01,broadcast,-70.0,False,6
68.506290913,beacon,AP01,broadcast,-71.0,False,6
68.616736889,beacon,AP01,broadcast,-71.0,False,6
68.715683937,beacon,AP01,broadcast,-71.0,False,6
68.813404083,beacon,AP01,broadcast,-71.0,False,6
68.915809870,beacon,AP01,broadcast,-71.0,False,6
69.018244982,beacon,AP01,broadcast,-71.0,False,6
69.060729027,ndpa,AP01,C01,-70.0,False,24
69.060810089,bfi,C01,AP01,-68.0,False,54
69.121227980,beacon,AP01,broadcast,-71.0,False,6
69.223052979,beacon,AP01,broadcast,-71.0,False,6
69.325350046,beacon,AP01,broadcast,-71.0,False,6
69.427882910,beacon,AP01,broadcast,-71.0,False,6
69.530261040,beacon,AP01,broadcast,-71.0,False,6
69.632694960,beacon,AP01,broadcast,-71.0,False,6
69.735045910,beacon,AP01,broadcast,-71.0,False,6
69.848087072,beacon,AP01,broadcast,-72.0,False,6
69.946237087,beacon,AP01,broadcast,-72.0,False,6
70.051573992,beacon,AP01,broadcast,-71.0,False,6
70.154551983,beacon,AP01,broadcast,-71.0,False,6
70.249732018,beacon,AP01,broadcast,-71.0,False,6
70.349653959,beacon,AP01,broadcast,-71.0,False,6
70.396437883,ndpa,AP01,C01,-71.0,False,24
70.396503925,bfi,C01,AP01,-68.0,False,54
70.451896906,beacon,AP01,broadcast,-71.0,False,6
70.559849977,beacon,AP01,broadcast,-71.0,False,6
70.660135031,beacon,AP01,broadcast,-71.0,False,6
70.759043932,beacon,AP01,broadcast,-71.0,False,6
70.861387014,beacon,AP01,broadcast,-71.0,False,6
70.963851929,beacon,AP01,broadcast,-71.0,False,6
71.066214085,beacon,AP01,broadcast,-71.0,False,6
71.168637037,beacon,AP01,broadcast,-71.0,False,6
71.271014929,beacon,AP01,broadcast,-71.0,False,6
71.373430014,beacon,AP01,broadcast,-71.0,False,6
71.475826979,beacon,AP01,broadcast,-71.0,False,6
71.583349943,beacon,AP01,broadcast,-71.0,False,6
71.694987059,beacon,AP01,broadcast,-71.0,False,6
71.732012033,ndpa,AP01,C01,-70.0,False,24
71.732120037,bfi,C01,AP01,-68.0,False,54
71.785743952,beacon,AP01,broadcast,-71.0,False,6
71.888366938,beacon,AP01,broadcast,-71.0,False,6
71.996577978,beacon,AP01,broadcast,-70.0,False,6
72.091834068,beacon,AP01,broadcast,-71.0,False,6
72.192863941,beacon,AP01,broadcast,-71.0,False,6
72.298234940,beacon,AP01,broadcast,-71.0,False,6
72.397435904,beacon,AP01,broadcast,-71.0,False,6
72.528002977,beacon,AP01,broadcast,-70.0,False,6
72.603256941,beacon,AP01,broadcast,-71.0,False,6
72.715664864,beacon,AP01,broadcast,-71.0,False,6
72.809084892,beacon,AP01,broadcast,-71.0,False,6
72.909435034,beacon,AP01,broadcast,-71.0,False,6
73.011833906,beacon,AP01,broadcast,-71.0,False,6
73.060854912,ndpa,AP01,C01,-71.0,False,24
73.060873985,bfi,C01,AP01,-68.0,False,54
73.114310026,beacon,AP01,broadcast,-71.0,False,6
73.216625929,beacon,AP01,broadcast,-71.0,False,6
73.319128036,beacon,AP01,broadcast,-71.0,False,6
73.421514034,beacon,AP01,broadcast,-71.0,False,6
73.523922920,beacon,AP01,broadcast,-71.0,False,6
73.633015871,beacon,AP01,broadcast,-71.0,False,6
73.728721857,beacon,AP01,broadcast,-71.0,False,6
73.831091881,beacon,AP01,broadcast,-71.0,False,6
73.933464050,beacon,AP01,broadcast,-71.0,False,6
74.035821915,beacon,AP01,broadcast,-70.0,False,6
74.138295889,beacon,AP01,broadcast,-71.0,False,6
74.240619898,beacon,AP01,broadcast,-71.0,False,6
74.343111038,beacon,AP01,broadcast,-71.0,False,6
74.393935919,ndpa,AP01,C01,-71.0,False,24
74.394013882,bfi,C01,AP01,-68.0,False,54
74.445473909,beacon,AP01,broadcast,-71.0,False,6
74.547896862,beacon,AP01,broadcast,-71.0,False,6
74.650346041,beacon,AP01,broadcast,-71.0,False,6
74.752671003,beacon,AP01,broadcast,-71.0,False,6
74.855093956,beacon,AP01,broadcast,-71.0,False,6
74.957541943,beacon,AP01,broadcast,-71.0,False,6
75.060503006,beacon,AP01,broadcast,-71.0,False,6
75.162343979,beacon,AP01,broadcast,-71.0,False,6
75.264731884,beacon,AP01,broadcast,-71.0,False,6
75.367079020,beacon,AP01,broadcast,-72.0,False,6
75.469515085,beacon,AP01,broadcast,-71.0,False,6
75.571948051,beacon,AP01,broadcast,-71.0,False,6
75.674350977,beacon,AP01,broadcast,-71.0,False,6
75.728960037,ndpa,AP01,C01,-71.0,False,24
75.728986025,bfi,C01,AP01,-68.0,False,54
75.776746988,beacon,AP01,broadcast,-71.0,False,6
75.879888058,beacon,AP01,broadcast,-71.0,False,6
75.981512070,beacon,AP01,broadcast,-71.0,False,6
76.083920002,beacon,AP01,broadcast,-71.0,False,6
76.186284065,beacon,AP01,broadcast,-71.0,False,6
76.288753033,beacon,AP01,broadcast,-71.0,False,6
76.391147852,beacon,AP01,broadcast,-71.0,False,6
76.493520975,beacon,AP01,broadcast,-71.0,False,6
76.595888853,beacon,AP01,broadcast,-71.0,False,6
76.698365927,beacon,AP01,broadcast,-71.0,False,6
76.800642967,beacon,AP01,broadcast,-71.0,False,6
76.903258085,beacon,AP01,broadcast,-71.0,False,6
77.005539894,beacon,AP01,broadcast,-71.0,False,6
77.061398983,ndpa,AP01,C01,-71.0,False,24
77.061430931,bfi,C01,AP01,-68.0,False,54
77.107837915,beacon,AP01,broadcast,-71.0,False,6
77.210283041,beacon,AP01,broadcast,-71.0,False,6
77.312741041,beacon,AP01,broadcast,-71.0,False,6
77.415103912,beacon,AP01,broadcast,-71.0,False,6
77.517560005,beacon,AP01,broadcast,-71.0,False,6
77.619942904,beacon,AP01,broadcast,-71.0,False,6
77.722342968,beacon,AP01,broadcast,-71.0,False,6
77.825339079,beacon,AP01,broadcast,-71.0,False,6
77.927069902,beacon,AP01,broadcast,-71.0,False,6
78.029538870,beacon,AP01,broadcast,-71.0,False,6
78.131937027,beacon,AP01,broadcast,-71.0,False,6
78.234332085,beacon,AP01,broadcast,-71.0,False,6
78.336723089,beacon,AP01,broadcast,-71.0,False,6
78.393002987,ndpa,AP01,C01,-70.0,False,24
78.393107891,bfi,C01,AP01,-68.0,False,54
78.541473866,beacon,AP01,broadcast,-71.0,False,6
78.653099060,beacon,AP01,broadcast,-71.0,False,6
78.746285915,beacon,AP01,broadcast,-70.0,False,6
78.848691940,beacon,AP01,broadcast,-71.0,False,6
78.951040030,beacon,AP01,broadcast,-71.0,False,6
79.053497076,beacon,AP01,broadcast,-71.0,False,6
79.158309937,beacon,AP01,broadcast,-71.0,False,6
79.258324862,beacon,AP01,broadcast,-71.0,False,6
79.463113070,beacon,AP01,broadcast,-71.0,False,6
79.573603868,beacon,AP01,broadcast,-71.0,False,6
79.671117067,beacon,AP01,broadcast,-71.0,False,6
79.731541872,ndpa,AP01,C01,-71.0,False,24
79.731661081,bfi,C01,AP01,-68.0,False,54
79.770277023,beacon,AP01,broadcast,-71.0,False,6
79.872726917,beacon,AP01,broadcast,-71.0,False,6
79.975085020,beacon,AP01,broadcast,-71.0,False,6
80.077533007,beacon,AP01,broadcast,-71.0,False,6
80.179929972,beacon,AP01,broadcast,-71.0,False,6
80.282312870,beacon,AP01,broadcast,-71.0,False,6
80.386095047,beacon,AP01,broadcast,-71.0,False,6
80.487214088,beacon,AP01,broadcast,-71.0,False,6
80.589909077,beacon,AP01,broadcast,-71.0,False,6
80.691945076,beacon,AP01,broadcast,-71.0,False,6
80.794405937,beacon,AP01,broadcast,-70.0,False,6
80.896723032,beacon,AP01,broadcast,-71.0,False,6
80.999233007,beacon,AP01,broadcast,-71.0,False,6
81.060997009,ndpa,AP01,C01,-71.0,False,24
81.061052084,bfi,C01,AP01,-68.0,False,54
81.101588964,beacon,AP01,broadcast,-71.0,False,6
81.204006910,beacon,AP01,broadcast,-72.0,False,6
81.306336880,beacon,AP01,broadcast,-71.0,False,6
81.408804893,beacon,AP01,broadcast,-71.0,False,6
81.511198044,beacon,AP01,broadcast,-71.0,False,6
81.613606930,beacon,AP01,broadcast,-71.0,False,6
81.715995073,beacon,AP01,broadcast,-71.0,False,6
81.818391085,beacon,AP01,broadcast,-71.0,False,6
81.920777082,beacon,AP01,broadcast,-71.0,False,6
82.023200035,beacon,AP01,broadcast,-71.0,False,6
82.125652075,beacon,AP01,broadcast,-71.0,False,6
82.227946043,beacon,AP01,broadcast,-70.0,False,6
82.330424070,beacon,AP01,broadcast,-71.0,False,6
82.394253016,ndpa,AP01,C01,-70.0,False,24
82.394264936,bfi,C01,AP01,-68.0,False,54
82.432822943,beacon,AP01,broadcast,-71.0,False,6
82.535206079,beacon,AP01,broadcast,-71.0,False,6
82.637605906,beacon,AP01,broadcast,-71.0,False,6
82.739979982,beacon,AP01,broadcast,-71.0,False,6
82.842329025,beacon,AP01,broadcast,-71.0,False,6
82.944813013,beacon,AP01,broadcast,-71.0,False,6
83.047210932,beacon,AP01,broadcast,-71.0,False,6
83.149560928,beacon,AP01,broadcast,-71.0,False,6
83.251973867,beacon,AP01,broadcast,-71.0,False,6
83.354403973,beacon,AP01,broadcast,-71.0,False,6
83.456840038,beacon,AP01,broadcast,-71.0,False,6
83.559201002,beacon,AP01,broadcast,-71.0,False,6
83.673258066,beacon,AP01,broadcast,-71.0,False,6
83.728784084,ndpa,AP01,C01,-71.0,False,24
83.728811979,bfi,C01,AP01,-68.0,False,54
83.764004946,beacon,AP01,broadcast,-72.0,False,6
83.866338968,beacon,AP01,broadcast,-71.0,False,6
83.968698978,beacon,AP01,broadcast,-71.0,False,6
84.071136951,beacon,AP01,broadcast,-71.0,False,6
84.173608065,beacon,AP01,broadcast,-71.0,False,6
84.276030064,beacon,AP01,broadcast,-71.0,False,6
84.378392935,beacon,AP01,broadcast,-71.0,False,6
84.480822086,beacon,AP01,broadcast,-71.0,False,6
84.583235025,beacon,AP01,broadcast,-71.0,False,6
84.685508013,beacon,AP01,broadcast,-71.0,False,6
84.788043976,beacon,AP01,broadcast,-71.0,False,6
84.890454054,beacon,AP01,broadcast,-71.0,False,6
84.992853880,beacon,AP01,broadcast,-71.0,False,6
85.061564922,ndpa,AP01,C01,-71.0,False,24
85.061577082,bfi,C01,AP01,-68.0,False,54
85.095221996,beacon,AP01,broadcast,-71.0,False,6
85.197614908,beacon,AP01,broadcast,-71.0,False,6
85.300011873,beacon,AP01,broadcast,-71.0,False,6
85.402462006,beacon,AP01,broadcast,-71.0,False,6
85.505262852,beacon,AP01,broadcast,-71.0,False,6
85.607235909,beacon,AP01,broadcast,-71.0,False,6
85.709614992,beacon,AP01,broadcast,-71.0,False,6
85.811997890,beacon,AP01,broadcast,-71.0,False,6
85.914394855,beacon,AP01,broadcast,-71.0,False,6
86.016751051,beacon,AP01,broadcast,-71.0,False,6
86.119164944,beacon,AP01,broadcast,-71.0,False,6
86.221577883,beacon,AP01,broadcast,-71.0,False,6
86.324049950,beacon,AP01,broadcast,-71.0,False,6
86.392822981,ndpa,AP01,C01,-70.0,False,24
86.392915964,bfi,C01,AP01,-68.0,False,54
86.426323891,beacon,AP01,broadcast,-71.0,False,6
86.528760910,beacon,AP01,broadcast,-71.0,False,6
86.631135941,beacon,AP01,broadcast,-71.0,False,6
86.733573914,beacon,AP01,broadcast,-71.0,False,6
86.835958958,beacon,AP01,broadcast,-71.0,False,6
86.938329935,beacon,AP01,broadcast,-71.0,False,6
87.040741920,beacon,AP01,broadcast,-71.0,False,6
87.143141031,beacon,AP01,broadcast,-71.0,False,6
87.245586872,beacon,AP01,broadcast,-71.0,False,6
87.348003864,beacon,AP01,broadcast,-71.0,False,6
87.450381041,beacon,AP01,broadcast,-71.0,False,6
87.552779913,beacon,AP01,broadcast,-71.0,False,6
87.655211926,beacon,AP01,broadcast,-70.0,False,6
87.729323864,ndpa,AP01,C01,-71.0,False,24
87.729400873,bfi,C01,AP01,-68.0,False,54
87.757546902,beacon,AP01,broadcast,-71.0,False,6
87.859969854,beacon,AP01,broadcast,-71.0,False,6
87.962391853,beacon,AP01,broadcast,-71.0,False,6
88.064781904,beacon,AP01,broadcast,-71.0,False,6
88.167212963,beacon,AP01,broadcast,-70.0,False,6
88.269605875,beacon,AP01,broadcast,-71.0,False,6
88.372107983,beacon,AP01,broadcast,-70.0,False,6
88.474416018,beacon,AP01,broadcast,-71.0,False,6
88.576901913,beacon,AP01,broadcast,-71.0,False,6
88.693373919,beacon,AP01,broadcast,-71.0,False,6
88.781625032,beacon,AP01,broadcast,-71.0,False,6
88.884057045,beacon,AP01,broadcast,-72.0,False,6
88.986460924,beacon,AP01,broadcast,-71.0,False,6
89.061074972,ndpa,AP01,C01,-71.0,False,24
89.061146021,bfi,C01,AP01,-68.0,False,54
89.088876009,beacon,AP01,broadcast,-71.0,False,6
89.191577911,beacon,AP01,broadcast,-71.0,False,6
89.293636084,beacon,AP01,broadcast,-71.0,False,6
89.396183968,beacon,AP01,broadcast,-72.0,False,6
89.498456955,beacon,AP01,broadcast,-71.0,False,6
89.601433039,beacon,AP01,broadcast,-71.0,False,6
89.703276873,beacon,AP01,broadcast,-71.0,False,6
89.805563927,beacon,AP01,broadcast,-71.0,False,6
89.908066034,beacon,AP01,broadcast,-71.0,False,6
90.010483027,beacon,AP01,broadcast,-71.0,False,6
90.112881899,beacon,AP01,broadcast,-71.0,False,6
90.215254068,beacon,AP01,broadcast,-71.0,False,6
90.317635059,beacon,AP01,broadcast,-71.0,False,6
90.393629074,ndpa,AP01,C01,-71.0,False,24
90.393651962,bfi,C01,AP01,-68.0,False,54
90.420079947,beacon,AP01,broadcast,-71.0,False,6
90.522464991,beacon,AP01,broadcast,-71.0,False,6
90.624854088,beacon,AP01,broadcast,-71.0,False,6
90.727261066,beacon,AP01,broadcast,-71.0,False,6
90.829690933,beacon,AP01,broadcast,-71.0,False,6
90.932024002,beacon,AP01,broadcast,-71.0,False,6
91.034486055,beacon,AP01,broadcast,-71.0,False,6
91.136909962,beacon,AP01,broadcast,-71.0,False,6
91.239256859,beacon,AP01,broadcast,-71.0,False,6
91.341578960,beacon,AP01,broadcast,-71.0,False,6
91.444105864,beacon,AP01,broadcast,-71.0,False,6
91.546489000,beacon,AP01,broadcast,-71.0,False,6
91.648896933,beacon,AP01,broadcast,-71.0,False,6
91.728911877,ndpa,AP01,C01,-71.0,False,24
91.728966951,bfi,C01,AP01,-68.0,False,54
91.751250982,beacon,AP01,broadcast,-72.0,False,6
91.853672981,beacon,AP01,broadcast,-71.0,False,6
91.956017017,beacon,AP01,broadcast,-71.0,False,6
92.058480024,beacon,AP01,broadcast,-71.0,False,6
92.160908937,beacon,AP01,broadcast,-71.0,False,6
92.263267994,beacon,AP01,broadcast,-71.0,False,6
92.365818977,beacon,AP01,broadcast,-71.0,False,6
92.468072891,beacon,AP01,broadcast,-70.0,False,6
92.570519924,beacon,AP01,broadcast,-71.0,False,6
92.672931910,beacon,AP01,broadcast,-71.0,False,6
92.775287867,beacon,AP01,broadcast,-71.0,False,6
92.877722979,beacon,AP01,broadcast,-72.0,False,6
92.980108023,beacon,AP01,broadcast,-71.0,False,6
93.060916901,ndpa,AP01,C01,-71.0,False,24
93.061009884,bfi,C01,AP01,-68.0,False,54
93.082376003,beacon,AP01,broadcast,-71.0,False,6
93.184918880,beacon,AP01,broadcast,-71.0,False,6
93.287251949,beacon,AP01,broadcast,-71.0,False,6
93.389687061,beacon,AP01,broadcast,-71.0,False,6
93.492399931,beacon,AP01,broadcast,-71.0,False,6
93.594662905,beacon,AP01,broadcast,-71.0,False,6
93.713433027,beacon,AP01,broadcast,-71.0,False,6
93.799247980,beacon,AP01,broadcast,-71.0,False,6
93.901612043,beacon,AP01,broadcast,-71.0,False,6
94.004036903,beacon,AP01,broadcast,-71.0,False,6
94.106400013,beacon,AP01,broadcast,-70.0,False,6
94.208875895,beacon,AP01,broadcast,-71.0,False,6
94.311254025,beacon,AP01,broadcast,-71.0,False,6
94.393142939,ndpa,AP01,C01,-70.0,False,24
94.393260956,bfi,C01,AP01,-68.0,False,54
94.413717031,beacon,AP01,broadcast,-71.0,False,6
94.516066074,beacon,AP01,broadcast,-71.0,False,6
94.618463039,beacon,AP01,broadcast,-71.0,False,6
94.720839977,beacon,AP01,broadcast,-71.0,False,6
94.823925972,beacon,AP01,broadcast,-71.0,False,6
94.925652981,beacon,AP01,broadcast,-71.0,False,6
95.028043985,beacon,AP01,broadcast,-71.0,False,6
95.130480051,beacon,AP01,broadcast,-71.0,False,6
95.232846975,beacon,AP01,broadcast,-71.0,False,6
95.335253954,beacon,AP01,broadcast,-71.0,False,6
95.437687874,beacon,AP01,broadcast,-71.0,False,6
95.540068865,beacon,AP01,broadcast,-71.0,False,6
95.642456055,beacon,AP01,broadcast,-71.0,False,6
95.728992939,ndpa,AP01,C01,-70.0,False,24
95.729073048,bfi,C01,AP01,-68.0,False,54
95.744848013,beacon,AP01,broadcast,-71.0,False,6
95.847225904,beacon,AP01,broadcast,-71.0,False,6
95.949681997,beacon,AP01,broadcast,-71.0,False,6
96.052030087,beacon,AP01,broadcast,-71.0,False,6
96.154502869,beacon,AP01,broadcast,-71.0,False,6
96.256876945,beacon,AP01,broadcast,-71.0,False,6
96.359327078,beacon,AP01,broadcast,-71.0,False,6
96.461727858,beacon,AP01,broadcast,-71.0,False,6
96.564152956,beacon,AP01,broadcast,-71.0,False,6
96.666513920,beacon,AP01,broadcast,-71.0,False,6
96.768949986,beacon,AP01,broadcast,-71.0,False,6
96.871352911,beacon,AP01,broadcast,-70.0,False,6
96.973916054,beacon,AP01,broadcast,-71.0,False,6
97.060956001,ndpa,AP01,C01,-71.0,False,24
97.061007023,bfi,C01,AP01,-68.0,False,54
97.076135874,beacon,AP01,broadcast,-72.0,False,6
97.178534985,beacon,AP01,broadcast,-72.0,False,6
97.281072855,beacon,AP01,broadcast,-71.0,False,6
97.383322001,beacon,AP01,broadcast,-71.0,False,6
97.485743999,beacon,AP01,broadcast,-71.0,False,6
97.588150978,beacon,AP01,broadcast,-71.0,False,6
97.690568924,beacon,AP01,broadcast,-71.0,False,6
97.793012857,beacon,AP01,broadcast,-71.0,False,6
97.895334959,beacon,AP01,broadcast,-71.0,False,6
97.997752905,beacon,AP01,broadcast,-71.0,False,6
98.100151062,beacon,AP01,broadcast,-71.0,False,6
98.202543974,beacon,AP01,broadcast,-71.0,False,6
98.304938078,beacon,AP01,broadcast,-71.0,False,6
98.394212961,ndpa,AP01,C01,-70.0,False,24
98.394304991,bfi,C01,AP01,-68.0,False,54
98.407355070,beacon,AP01,broadcast,-71.0,False,6
98.512635946,beacon,AP01,broadcast,-71.0,False,6
98.612185955,beacon,AP01,broadcast,-71.0,False,6
98.733522892,beacon,AP01,broadcast,-71.0,False,6
98.816870928,beacon,AP01,broadcast,-71.0,False,6
98.919343948,beacon,AP01,broadcast,-71.0,False,6
99.021679878,beacon,AP01,broadcast,-71.0,False,6
99.124176025,beacon,AP01,broadcast,-72.0,False,6
99.226454973,beacon,AP01,broadcast,-71.0,False,6
99.328978062,beacon,AP01,broadcast,-72.0,False,6
99.431324959,beacon,AP01,broadcast,-71.0,False,6
99.533761024,beacon,AP01,broadcast,-71.0,False,6
99.636126995,beacon,AP01,broadcast,-71.0,False,6
99.729373932,ndpa,AP01,C01,-71.0,False,24
99.729379892,bfi,C01,AP01,-68.0,False,54
99.738590956,beacon,AP01,broadcast,-71.0,False,6
99.840981960,beacon,AP01,broadcast,-71.0,False,6
99.943407059,beacon,AP01,broadcast,-71.0,False,6
100.045763016,beacon,AP01,broadcast,-71.0,False,6
100.148324013,beacon,AP01,broadcast,-71.0,False,6
100.250597954,beacon,AP01,broadcast,-71.0,False,6
100.352998972,beacon,AP01,broadcast,-71.0,False,6
100.455393076,beacon,AP01,broadcast,-71.0,False,6
100.557792902,beacon,AP01,broadcast,-70.0,False,6
100.660175085,beacon,AP01,broadcast,-70.0,False,6
100.762557983,beacon,AP01,broadcast,-70.0,False,6
100.870146036,beacon,AP01,broadcast,-71.0,False,6
100.969647884,beacon,AP01,broadcast,-71.0,False,6
101.065438986,ndpa,AP01,C01,-71.0,False,24
101.065476894,bfi,C01,AP01,-68.0,False,54
101.072196007,beacon,AP01,broadcast,-71.0,False,6
101.176378965,beacon,AP01,broadcast,-71.0,False,6
101.275712013,beacon,AP01,broadcast,-71.0,False,6
101.380827904,beacon,AP01,broadcast,-71.0,False,6
101.483237982,beacon,AP01,broadcast,-72.0,False,6
101.581791878,beacon,AP01,broadcast,-71.0,False,6
101.684139013,beacon,AP01,broadcast,-71.0,False,6
101.786496878,beacon,AP01,broadcast,-71.0,False,6
101.888925076,beacon,AP01,broadcast,-71.0,False,6
101.991317034,beacon,AP01,broadcast,-71.0,False,6
102.093720913,beacon,AP01,broadcast,-71.0,False,6
102.196115017,beacon,AP01,broadcast,-71.0,False,6
102.298533916,beacon,AP01,broadcast,-71.0,False,6
102.393565893,ndpa,AP01,C01,-70.0,False,24
102.393653870,bfi,C01,AP01,-68.0,False,54
102.400902987,beacon,AP01,broadcast,-71.0,False,6
102.503325939,beacon,AP01,broadcast,-71.0,False,6
102.605721951,beacon,AP01,broadcast,-70.0,False,6
102.708105087,beacon,AP01,broadcast,-71.0,False,6
102.810527086,beacon,AP01,broadcast,-71.0,False,6
102.912927866,beacon,AP01,broadcast,-71.0,False,6
103.015336990,beacon,AP01,broadcast,-71.0,False,6
103.117723942,beacon,AP01,broadcast,-71.0,False,6
103.220118046,beacon,AP01,broadcast,-71.0,False,6
103.322499990,beacon,AP01,broadcast,-71.0,False,6
103.424938917,beacon,AP01,broadcast,-71.0,False,6
103.532485962,beacon,AP01,broadcast,-71.0,False,6
103.629736900,beacon,AP01,broadcast,-71.0,False,6
103.753479958,beacon,AP01,broadcast,-72.0,False,6
103.753499985,ndpa,AP01,C01,-70.0,False,24
103.753643036,bfi,C01,AP01,-68.0,False,54
103.834508896,beacon,AP01,broadcast,-71.0,False,6
103.937011003,beacon,AP01,broadcast,-71.0,False,6
104.039324999,beacon,AP01,broadcast,-71.0,False,6
104.142010927,beacon,AP01,broadcast,-71.0,False,6
104.244204998,beacon,AP01,broadcast,-71.0,False,6
104.346620083,beacon,AP01,broadcast,-71.0,False,6
104.449018955,beacon,AP01,broadcast,-71.0,False,6
104.551401854,beacon,AP01,broadcast,-71.0,False,6
104.653836012,beacon,AP01,broadcast,-71.0,False,6
104.756211042,beacon,AP01,broadcast,-71.0,False,6
104.858659983,beacon,AP01,broadcast,-71.0,False,6
104.961047888,beacon,AP01,broadcast,-71.0,False,6
105.061521053,ndpa,AP01,C01,-71.0,False,24
105.061527014,bfi,C01,AP01,-68.0,False,54
105.063539982,beacon,AP01,broadcast,-71.0,False,6
105.165817976,beacon,AP01,broadcast,-71.0,False,6
105.268203020,beacon,AP01,broadcast,-71.0,False,6
105.370641947,beacon,AP01,broadcast,-71.0,False,6
105.472984076,beacon,AP01,broadcast,-71.0,False,6
105.575423002,beacon,AP01,broadcast,-71.0,False,6
105.677840948,beacon,AP01,broadcast,-71.0,False,6
105.780225039,beacon,AP01,broadcast,-71.0,False,6
105.882971048,beacon,AP01,broadcast,-71.0,False,6
105.985025883,beacon,AP01,broadcast,-71.0,False,6
106.087300062,beacon,AP01,broadcast,-71.0,False,6
106.189929962,beacon,AP01,broadcast,-71.0,False,6
106.292233944,beacon,AP01,broadcast,-71.0,False,6
106.392907858,ndpa,AP01,C01,-71.0,False,24
106.392930031,bfi,C01,AP01,-68.0,False,54
106.394649982,beacon,AP01,broadcast,-71.0,False,6
106.496891022,beacon,AP01,broadcast,-72.0,False,6
106.599461079,beacon,AP01,broadcast,-71.0,False,6
106.701840878,beacon,AP01,broadcast,-71.0,False,6
106.804265022,beacon,AP01,broadcast,-71.0,False,6
106.906668901,beacon,AP01,broadcast,-71.0,False,6
107.009176970,beacon,AP01,broadcast,-71.0,False,6
107.111422062,beacon,AP01,broadcast,-71.0,False,6
107.213751078,beacon,AP01,broadcast,-71.0,False,6
107.316211939,beacon,AP01,broadcast,-71.0,False,6
107.418664932,beacon,AP01,broadcast,-71.0,False,6
107.521018982,beacon,AP01,broadcast,-72.0,False,6
107.623466969,beacon,AP01,broadcast,-72.0,False,6
107.725857019,beacon,AP01,broadcast,-71.0,False,6
107.729521036,ndpa,AP01,C01,-71.0,False,24
107.729578018,bfi,C01,AP01,-68.0,False,54
107.828261852,beacon,AP01,broadcast,-71.0,False,6
107.930643082,beacon,AP01,broadcast,-71.0,False,6
108.033032894,beacon,AP01,broadcast,-71.0,False,6
108.135429859,beacon,AP01,broadcast,-71.0,False,6
108.237858057,beacon,AP01,broadcast,-71.0,False,6
108.340677023,beacon,AP01,broadcast,-71.0,False,6
108.442678928,beacon,AP01,broadcast,-71.0,False,6
108.555556059,beacon,AP01,broadcast,-71.0,False,6
108.647377968,beacon,AP01,broadcast,-71.0,False,6
108.775444984,beacon,AP01,broadcast,-71.0,False,6
108.852163076,beacon,AP01,broadcast,-71.0,False,6
108.954590082,beacon,AP01,broadcast,-71.0,False,6
109.057126999,beacon,AP01,broadcast,-71.0,False,6
109.061099052,ndpa,AP01,C01,-70.0,False,24
109.061135054,bfi,C01,AP01,-68.0,False,54
109.159478903,beacon,AP01,broadcast,-71.0,False,6
109.261816978,beacon,AP01,broadcast,-71.0,False,6
109.364337921,beacon,AP01,broadcast,-71.0,False,6
109.466613054,beacon,AP01,broadcast,-71.0,False,6
109.569032907,beacon,AP01,broadcast,-71.0,False,6
109.671652079,beacon,AP01,broadcast,-71.0,False,6
109.777608871,beacon,AP01,broadcast,-72.0,False,6
109.876227856,beacon,AP01,broadcast,-71.0,False,6
109.978607893,beacon,AP01,broadcast,-72.0,False,6
110.081026077,beacon,AP01,broadcast,-71.0,False,6
110.183404922,beacon,AP01,broadcast,-71.0,False,6
110.285811901,beacon,AP01,broadcast,-71.0,False,6
110.388216019,beacon,AP01,broadcast,-71.0,False,6
110.392441034,ndpa,AP01,C01,-71.0,False,24
110.392540932,bfi,C01,AP01,-68.0,False,54
110.490633011,beacon,AP01,broadcast,-71.0,False,6
110.593015909,beacon,AP01,broadcast,-71.0,False,6
110.695436954,beacon,AP01,broadcast,-71.0,False,6
110.798403025,beacon,AP01,broadcast,-71.0,False,6
110.900193930,beacon,AP01,broadcast,-71.0,False,6
111.002558947,beacon,AP01,broadcast,-71.0,False,6
111.104973078,beacon,AP01,broadcast,-71.0,False,6
111.207422018,beacon,AP01,broadcast,-71.0,False,6
111.309834957,beacon,AP01,broadcast,-71.0,False,6
111.412185907,beacon,AP01,broadcast,-71.0,False,6
111.514595032,beacon,AP01,broadcast,-71.0,False,6
111.616999865,beacon,AP01,broadcast,-71.0,False,6
111.719425917,beacon,AP01,broadcast,-72.0,False,6
111.729178905,ndpa,AP01,C01,-71.0,False,24
111.729251862,bfi,C01,AP01,-68.0,False,54
111.821889877,beacon,AP01,broadcast,-71.0,False,6
111.924328089,beacon,AP01,broadcast,-72.0,False,6
112.026699066,beacon,AP01,broadcast,-71.0,False,6
112.129051924,beacon,AP01,broadcast,-71.0,False,6
112.231500864,beacon,AP01,broadcast,-70.0,False,6
112.333891869,beacon,AP01,broadcast,-71.0,False,6
112.436318874,beacon,AP01,broadcast,-71.0,False,6
112.538702965,beacon,AP01,broadcast,-71.0,False,6
112.641109943,beacon,AP01,broadcast,-70.0,False,6
112.743484020,beacon,AP01,broadcast,-71.0,False,6
112.845937014,beacon,AP01,broadcast,-71.0,False,6
112.948271036,beacon,AP01,broadcast,-71.0,False,6
113.050694942,beacon,AP01,broadcast,-71.0,False,6
113.061871052,ndpa,AP01,C01,-71.0,False,24
113.061891079,bfi,C01,AP01,-68.0,False,54
113.153090000,beacon,AP01,broadcast,-71.0,False,6
113.255519867,beacon,AP01,broadcast,-71.0,False,6
113.359046936,beacon,AP01,broadcast,-71.0,False,6
113.460306883,beacon,AP01,broadcast,-71.0,False,6
113.572653055,beacon,AP01,broadcast,-71.0,False,6
113.665134907,beacon,AP01,broadcast,-71.0,False,6
113.795958042,beacon,AP01,broadcast,-71.0,False,6
113.869929075,beacon,AP01,broadcast,-71.0,False,6
113.972290993,beacon,AP01,broadcast,-71.0,False,6
114.074723005,beacon,AP01,broadcast,-71.0,False,6
114.177124023,beacon,AP01,broadcast,-71.0,False,6
114.279522896,beacon,AP01,broadcast,-71.0,False,6
114.381913900,beacon,AP01,broadcast,-71.0,False,6
114.393917084,ndpa,AP01,C01,-71.0,False,24
114.393946886,bfi,C01,AP01,-68.0,False,54
114.484405041,beacon,AP01,broadcast,-71.0,False,6
114.586700916,beacon,AP01,broadcast,-71.0,False,6
114.689121008,beacon,AP01,broadcast,-71.0,False,6
114.791514874,beacon,AP01,broadcast,-71.0,False,6
114.893926859,beacon,AP01,broadcast,-71.0,False,6
114.996324062,beacon,AP01,broadcast,-71.0,False,6
115.098737955,beacon,AP01,broadcast,-71.0,False,6
115.201129913,beacon,AP01,broadcast,-71.0,False,6
115.303513050,beacon,AP01,broadcast,-72.0,False,6
115.405931950,beacon,AP01,broadcast,-71.0,False,6
115.508303881,beacon,AP01,broadcast,-71.0,False,6
115.610745907,beacon,AP01,broadcast,-71.0,False,6
115.713088989,beacon,AP01,broadcast,-71.0,False,6
115.729562044,ndpa,AP01,C01,-71.0,False,24
115.729573965,bfi,C01,AP01,-68.0,False,54
115.815510035,beacon,AP01,broadcast,-72.0,False,6
115.917824984,beacon,AP01,broadcast,-72.0,False,6
116.020348072,beacon,AP01,broadcast,-72.0,False,6
116.122643948,beacon,AP01,broadcast,-71.0,False,6
116.225110054,beacon,AP01,broadcast,-71.0,False,6
116.327400923,beacon,AP01,broadcast,-71.0,False,6
116.429951906,beacon,AP01,broadcast,-71.0,False,6
116.532336950,beacon,AP01,broadcast,-71.0,False,6
116.634654999,beacon,AP01,broadcast,-71.0,False,6
116.737129927,beacon,AP01,broadcast,-71.0,False,6
116.841337919,beacon,AP01,broadcast,-72.0,False,6
116.941941977,beacon,AP01,broadcast,-71.0,False,6
117.044270992,beacon,AP01,broadcast,-71.0,False,6
117.061639071,ndpa,AP01,C01,-71.0,False,24
117.061744928,bfi,C01,AP01,-68.0,False,54
117.146689892,beacon,AP01,broadcast,-71.0,False,6
117.249090910,beacon,AP01,broadcast,-72.0,False,6
117.351458073,beacon,AP01,broadcast,-71.0,False,6
117.453883886,beacon,AP01,broadcast,-72.0,False,6
117.556266069,beacon,AP01,broadcast,-72.0,False,6
117.658680916,beacon,AP01,broadcast,-71.0,False,6
117.763426065,beacon,AP01,broadcast,-72.0,False,6
117.870512009,beacon,AP01,broadcast,-71.0,False,6
117.965887070,beacon,AP01,broadcast,-71.0,False,6
118.068264961,beacon,AP01,broadcast,-72.0,False,6
118.170655966,beacon,AP01,broadcast,-71.0,False,6
118.273060083,beacon,AP01,broadcast,-71.0,False,6
118.375453949,beacon,AP01,broadcast,-71.0,False,6
118.393209934,ndpa,AP01,C01,-70.0,False,24
118.393337011,bfi,C01,AP01,-68.0,False,54
118.477891922,beacon,AP01,broadcast,-71.0,False,6
118.592733860,beacon,AP01,broadcast,-71.0,False,6
118.682652950,beacon,AP01,broadcast,-71.0,False,6
118.813706875,beacon,AP01,broadcast,-71.0,False,6
118.889448881,beacon,AP01,broadcast,-71.0,False,6
118.997407913,beacon,AP01,broadcast,-71.0,False,6
119.092267990,beacon,AP01,broadcast,-71.0,False,6
119.201890945,beacon,AP01,broadcast,-71.0,False,6
119.304076910,beacon,AP01,broadcast,-71.0,False,6
119.399442911,beacon,AP01,broadcast,-71.0,False,6
119.501900911,beacon,AP01,broadcast,-71.0,False,6
119.604454994,beacon,AP01,broadcast,-71.0,False,6
119.706764936,beacon,AP01,broadcast,-71.0,False,6
119.729419947,ndpa,AP01,C01,-70.0,False,24
119.729529858,bfi,C01,AP01,-68.0,False,54
119.809174061,beacon,AP01,broadcast,-71.0,False,6
119.911557913,beacon,AP01,broadcast,-71.0,False,6
120.013978004,beacon,AP01,broadcast,-71.0,False,6
120.116348028,beacon,AP01,broadcast,-71.0,False,6
120.218770027,beacon,AP01,broadcast,-71.0,False,6
120.321189880,beacon,AP01,broadcast,-71.0,False,6
120.423721075,beacon,AP01,broadcast,-71.0,False,6
120.525975943,beacon,AP01,broadcast,-71.0,False,6
120.628259897,beacon,AP01,broadcast,-71.0,False,6
120.730777979,beacon,AP01,broadcast,-71.0,False,6
120.833109856,beacon,AP01,broadcast,-71.0,False,6
120.935608864,beacon,AP01,broadcast,-71.0,False,6
121.037968874,beacon,AP01,broadcast,-71.0,False,6
121.061275005,ndpa,AP01,C01,-71.0,False,24
121.061305046,bfi,C01,AP01,-68.0,False,54
121.140377998,beacon,AP01,broadcast,-71.0,False,6
121.242773056,beacon,AP01,broadcast,-71.0,False,6
121.345218897,beacon,AP01,broadcast,-71.0,False,6
121.447597027,beacon,AP01,broadcast,-70.0,False,6
121.549992085,beacon,AP01,broadcast,-71.0,False,6
121.652395010,beacon,AP01,broadcast,-71.0,False,6
121.754782915,beacon,AP01,broadcast,-71.0,False,6
121.857188940,beacon,AP01,broadcast,-71.0,False,6
121.959590912,beacon,AP01,broadcast,-71.0,False,6
122.061972857,beacon,AP01,broadcast,-71.0,False,6
122.164383888,beacon,AP01,broadcast,-71.0,False,6
122.266782999,beacon,AP01,broadcast,-71.0,False,6
122.369186878,beacon,AP01,broadcast,-71.0,False,6
122.394094944,ndpa,AP01,C01,-71.0,False,24
122.394129038,bfi,C01,AP01,-68.0,False,54
122.471597910,beacon,AP01,broadcast,-71.0,False,6
122.573982954,beacon,AP01,broadcast,-71.0,False,6
122.676388025,beacon,AP01,broadcast,-71.0,False,6
122.778785944,beacon,AP01,broadcast,-71.0,False,6
122.881269932,beacon,AP01,broadcast,-71.0,False,6
122.983573914,beacon,AP01,broadcast,-72.0,False,6
123.086001873,beacon,AP01,broadcast,-72.0,False,6
123.188318014,beacon,AP01,broadcast,-72.0,False,6
123.290814877,beacon,AP01,broadcast,-71.0,False,6
123.393110991,beacon,AP01,broadcast,-71.0,False,6
123.495609045,beacon,AP01,broadcast,-71.0,False,6
123.612776995,beacon,AP01,broadcast,-70.0,False,6
123.700329065,beacon,AP01,broadcast,-70.0,False,6
123.729372978,ndpa,AP01,C01,-71.0,False,24
123.729485989,bfi,C01,AP01,-68.0,False,54
123.802819014,beacon,AP01,broadcast,-71.0,False,6
123.905228853,beacon,AP01,broadcast,-70.0,False,6
124.007632971,beacon,AP01,broadcast,-71.0,False,6
124.110004902,beacon,AP01,broadcast,-71.0,False,6
124.212409019,beacon,AP01,broadcast,-70.0,False,6
124.314801931,beacon,AP01,broadcast,-70.0,False,6
124.417206049,beacon,AP01,broadcast,-70.0,False,6
124.519624949,beacon,AP01,broadcast,-70.0,False,6
124.622008085,beacon,AP01,broadcast,-70.0,False,6
124.724422932,beacon,AP01,broadcast,-70.0,False,6
124.826719046,beacon,AP01,broadcast,-70.0,False,6
124.929136038,beacon,AP01,broadcast,-70.0,False,6
125.031527042,beacon,AP01,broadcast,-70.0,False,6
125.061079025,ndpa,AP01,C01,-70.0,False,24
125.061176062,bfi,C01,AP01,-68.0,False,54
125.133936882,beacon,AP01,broadcast,-70.0,False,6
125.237850904,beacon,AP01,broadcast,-70.0,False,6
125.338726997,beacon,AP01,broadcast,-71.0,False,6
125.441132069,beacon,AP01,broadcast,-70.0,False,6
125.543534994,beacon,AP01,broadcast,-71.0,False,6
125.645936966,beacon,AP01,broadcast,-71.0,False,6
125.748348951,beacon,AP01,broadcast,-71.0,False,6
125.850781918,beacon,AP01,broadcast,-71.0,False,6
125.953171015,beacon,AP01,broadcast,-71.0,False,6
126.055557966,beacon,AP01,broadcast,-71.0,False,6
126.157914877,beacon,AP01,broadcast,-71.0,False,6
126.260369062,beacon,AP01,broadcast,-71.0,False,6
126.362771034,beacon,AP01,broadcast,-71.0,False,6
126.394124031,ndpa,AP01,C01,-70.0,False,24
126.394212961,bfi,C01,AP01,-68.0,False,54
126.465131998,beacon,AP01,broadcast,-71.0,False,6
126.567579985,beacon,AP01,broadcast,-71.0,False,6
126.669995070,beacon,AP01,broadcast,-70.0,False,6
126.772351980,beacon,AP01,broadcast,-71.0,False,6
126.874718904,beacon,AP01,broadcast,-70.0,False,6
126.977196932,beacon,AP01,broadcast,-71.0,False,6
127.079585075,beacon,AP01,broadcast,-71.0,False,6
127.182000875,beacon,AP01,broadcast,-71.0,False,6
127.284447908,beacon,AP01,broadcast,-70.0,False,6
127.386846066,beacon,AP01,broadcast,-71.0,False,6
127.489242077,beacon,AP01,broadcast,-71.0,False,6
127.591634989,beacon,AP01,broadcast,-71.0,False,6
127.694017887,beacon,AP01,broadcast,-71.0,False,6
127.748444080,ndpa,AP01,C01,-70.0,False,24
127.748467922,bfi,C01,AP01,-68.0,False,54
127.796585083,beacon,AP01,broadcast,-71.0,False,6
127.898788929,beacon,AP01,broadcast,-71.0,False,6
128.001244068,beacon,AP01,broadcast,-71.0,False,6
128.103566885,beacon,AP01,broadcast,-71.0,False,6
128.206063986,beacon,AP01,broadcast,-71.0,False,6
128.308464050,beacon,AP01,broadcast,-71.0,False,6
128.412014008,beacon,AP01,broadcast,-71.0,False,6
128.513161898,beacon,AP01,broadcast,-70.0,False,6
128.632978916,beacon,AP01,broadcast,-71.0,False,6
128.718096018,beacon,AP01,broadcast,-71.0,False,6
128.820451021,beacon,AP01,broadcast,-71.0,False,6
128.922857046,beacon,AP01,broadcast,-71.0,False,6
129.025279999,beacon,AP01,broadcast,-71.0,False,6
129.061841011,ndpa,AP01,C01,-71.0,False,24
129.061899900,bfi,C01,AP01,-68.0,False,54
129.127681971,beacon,AP01,broadcast,-71.0,False,6
129.230041981,beacon,AP01,broadcast,-71.0,False,6
129.332468987,beacon,AP01,broadcast,-71.0,False,6
129.434885979,beacon,AP01,broadcast,-71.0,False,6
129.537253857,beacon,AP01,broadcast,-71.0,False,6
129.639672995,beacon,AP01,broadcast,-71.0,False,6
129.742097855,beacon,AP01,broadcast,-71.0,False,6
129.844447851,beacon,AP01,broadcast,-71.0,False,6
129.946843863,beacon,AP01,broadcast,-71.0,False,6
130.049237967,beacon,AP01,broadcast,-71.0,False,6
130.152004004,beacon,AP01,broadcast,-71.0,False,6
130.253983974,beacon,AP01,broadcast,-71.0,False,6
130.356473923,beacon,AP01,broadcast,-70.0,False,6
130.393661022,ndpa,AP01,C01,-70.0,False,24
130.393756866,bfi,C01,AP01,-68.0,False,54
130.458775997,beacon,AP01,broadcast,-71.0,False,6
130.561282873,beacon,AP01,broadcast,-71.0,False,6
130.663569927,beacon,AP01,broadcast,-71.0,False,6
130.766073942,beacon,AP01,broadcast,-70.0,False,6
130.868496895,beacon,AP01,broadcast,-70.0,False,6
130.970829010,beacon,AP01,broadcast,-71.0,False,6
131.073312998,beacon,AP01,broadcast,-71.0,False,6
131.175668955,beacon,AP01,broadcast,-71.0,False,6
131.278092861,beacon,AP01,broadcast,-71.0,False,6
131.380611897,beacon,AP01,broadcast,-71.0,False,6
131.482877970,beacon,AP01,broadcast,-71.0,False,6
131.585358858,beacon,AP01,broadcast,-71.0,False,6
131.687699080,beacon,AP01,broadcast,-71.0,False,6
131.729660988,ndpa,AP01,C01,-71.0,False,24
131.729776859,bfi,C01,AP01,-68.0,False,54
131.789969921,beacon,AP01,broadcast,-71.0,False,6
131.892935991,beacon,AP01,broadcast,-71.0,False,6
131.994888067,beacon,AP01,broadcast,-71.0,False,6
132.097305059,beacon,AP01,broadcast,-71.0,False,6
132.199687004,beacon,AP01,broadcast,-71.0,False,6
132.302085876,beacon,AP01,broadcast,-71.0,False,6
132.404514074,beacon,AP01,broadcast,-72.0,False,6
132.506793976,beacon,AP01,broadcast,-71.0,False,6
132.609200001,beacon,AP01,broadcast,-71.0,False,6
132.711597919,beacon,AP01,broadcast,-71.0,False,6
132.814023018,beacon,AP01,broadcast,-71.0,False,6
132.916385889,beacon,AP01,broadcast,-72.0,False,6
133.018800974,beacon,AP01,broadcast,-71.0,False,6
133.061439037,ndpa,AP01,C01,-70.0,False,24
133.061558962,bfi,C01,AP01,-68.0,False,54
133.121213913,beacon,AP01,broadcast,-71.0,False,6
133.223618031,beacon,AP01,broadcast,-71.0,False,6
133.326019049,beacon,AP01,broadcast,-71.0,False,6
133.431946993,beacon,AP01,broadcast,-71.0,False,6
133.530802965,beacon,AP01,broadcast,-71.0,False,6
133.652946949,beacon,AP01,broadcast,-71.0,False,6
133.735653877,beacon,AP01,broadcast,-72.0,False,6
133.838016987,beacon,AP01,broadcast,-71.0,False,6
133.940459013,beacon,AP01,broadcast,-71.0,False,6
134.042847872,beacon,AP01,broadcast,-72.0,False,6
134.145210981,beacon,AP01,broadcast,-71.0,False,6
134.247624874,beacon,AP01,broadcast,-71.0,False,6
134.350050926,beacon,AP01,broadcast,-72.0,False,6
134.393218040,ndpa,AP01,C01,-71.0,False,24
134.393302917,bfi,C01,AP01,-68.0,False,54
134.452471018,beacon,AP01,broadcast,-71.0,False,6
134.554863930,beacon,AP01,broadcast,-71.0,False,6
134.657214880,beacon,AP01,broadcast,-71.0,False,6
134.759660006,beacon,AP01,broadcast,-71.0,False,6
134.862056017,beacon,AP01,broadcast,-71.0,False,6
134.964477062,beacon,AP01,broadcast,-71.0,False,6
135.066931009,beacon,AP01,broadcast,-71.0,False,6
135.169331074,beacon,AP01,broadcast,-71.0,False,6
135.271724939,beacon,AP01,broadcast,-71.0,False,6
135.374043941,beacon,AP01,broadcast,-71.0,False,6
135.476546049,beacon,AP01,broadcast,-71.0,False,6
135.578886986,beacon,AP01,broadcast,-71.0,False,6
135.681341887,beacon,AP01,broadcast,-72.0,False,6
135.729531050,ndpa,AP01,C01,-71.0,False,24
135.729569912,bfi,C01,AP01,-68.0,False,54
135.783655882,beacon,AP01,broadcast,-71.0,False,6
135.886138916,beacon,AP01,broadcast,-71.0,False,6
135.988507986,beacon,AP01,broadcast,-72.0,False,6
136.090834856,beacon,AP01,broadcast,-71.0,False,6
136.193333864,beacon,AP01,broadcast,-71.0,False,6
136.295616865,beacon,AP01,broadcast,-70.0,False,6
136.398120880,beacon,AP01,broadcast,-71.0,False,6
136.500529051,beacon,AP01,broadcast,-71.0,False,6
136.602936983,beacon,AP01,broadcast,-71.0,False,6
136.705324888,beacon,AP01,broadcast,-71.0,False,6
136.807723045,beacon,AP01,broadcast,-71.0,False,6
136.910903931,beacon,AP01,broadcast,-71.0,False,6
137.012434959,beacon,AP01,broadcast,-71.0,False,6
137.061272860,ndpa,AP01,C01,-71.0,False,24
137.061317921,bfi,C01,AP01,-68.0,False,54
137.114928961,beacon,AP01,broadcast,-71.0,False,6
137.217338085,beacon,AP01,broadcast,-71.0,False,6
137.319676876,beacon,AP01,broadcast,-71.0,False,6
137.422108889,beacon,AP01,broadcast,-72.0,False,6
137.524559021,beacon,AP01,broadcast,-71.0,False,6
137.626935005,beacon,AP01,broadcast,-71.0,False,6
137.729354858,beacon,AP01,broadcast,-71.0,False,6
137.831727028,beacon,AP01,broadcast,-71.0,False,6
137.934052944,beacon,AP01,broadcast,-71.0,False,6
138.036638021,beacon,AP01,broadcast,-71.0,False,6
138.138906956,beacon,AP01,broadcast,-71.0,False,6
138.241325855,beacon,AP01,broadcast,-71.0,False,6
138.343761921,beacon,AP01,broadcast,-70.0,False,6
138.393535852,ndpa,AP01,C01,-70.0,False,24
138.393548965,bfi,C01,AP01,-68.0,False,54
138.452146053,beacon,AP01,broadcast,-71.0,False,6
138.548552990,beacon,AP01,broadcast,-71.0,False,6
138.673167944,beacon,AP01,broadcast,-71.0,False,6
138.753335953,beacon,AP01,broadcast,-71.0,False,6
138.855740070,beacon,AP01,broadcast,-71.0,False,6
138.958314896,beacon,AP01,broadcast,-71.0,False,6
139.060610056,beacon,AP01,broadcast,-71.0,False,6
139.162894964,beacon,AP01,broadcast,-70.0,False,6
139.265367031,beacon,AP01,broadcast,-71.0,False,6
139.367703915,beacon,AP01,broadcast,-71.0,False,6
139.470104933,beacon,AP01,broadcast,-71.0,False,6
139.572552919,beacon,AP01,broadcast,-71.0,False,6
139.674958944,beacon,AP01,broadcast,-71.0,False,6
139.729207039,ndpa,AP01,C01,-71.0,False,24
139.729290009,bfi,C01,AP01,-68.0,False,54
139.777294874,beacon,AP01,broadcast,-71.0,False,6
139.879693985,beacon,AP01,broadcast,-71.0,False,6
139.982164860,beacon,AP01,broadcast,-71.0,False,6
140.084598064,beacon,AP01,broadcast,-71.0,False,6
140.186982870,beacon,AP01,broadcast,-71.0,False,6
140.289299965,beacon,AP01,broadcast,-71.0,False,6
140.391676903,beacon,AP01,broadcast,-71.0,False,6
140.494096041,beacon,AP01,broadcast,-71.0,False,6
140.698909998,beacon,AP01,broadcast,-71.0,False,6
140.801336050,beacon,AP01,broadcast,-71.0,False,6
140.903720856,beacon,AP01,broadcast,-71.0,False,6
141.006103039,beacon,AP01,broadcast,-71.0,False,6
141.061231852,ndpa,AP01,C01,-71.0,False,24
141.061317921,bfi,C01,AP01,-68.0,False,54
141.108505964,beacon,AP01,broadcast,-71.0,False,6
141.210932016,beacon,AP01,broadcast,-71.0,False,6
141.313289881,beacon,AP01,broadcast,-71.0,False,6
141.415719986,beacon,AP01,broadcast,-71.0,False,6
141.518126011,beacon,AP01,broadcast,-71.0,False,6
141.620538950,beacon,AP01,broadcast,-71.0,False,6
141.722923040,beacon,AP01,broadcast,-71.0,False,6
141.825310946,beacon,AP01,broadcast,-71.0,False,6
141.927656889,beacon,AP01,broadcast,-71.0,False,6
142.030097008,beacon,AP01,broadcast,-71.0,False,6
142.132623911,beacon,AP01,broadcast,-71.0,False,6
142.234896898,beacon,AP01,broadcast,-71.0,False,6
142.337348938,beacon,AP01,broadcast,-71.0,False,6
142.393657923,ndpa,AP01,C01,-71.0,False,24
142.393765926,bfi,C01,AP01,-68.0,False,54
142.439738989,beacon,AP01,broadcast,-70.0,False,6
142.542115927,beacon,AP01,broadcast,-71.0,False,6
142.644495010,beacon,AP01,broadcast,-70.0,False,6
142.746949911,beacon,AP01,broadcast,-71.0,False,6
142.849390030,beacon,AP01,broadcast,-71.0,False,6
142.951787949,beacon,AP01,broadcast,-70.0,False,6
143.054177999,beacon,AP01,broadcast,-71.0,False,6
143.156605005,beacon,AP01,broadcast,-71.0,False,6
143.258970976,beacon,AP01,broadcast,-71.0,False,6
143.361422062,beacon,AP01,broadcast,-71.0,False,6
143.472248077,beacon,AP01,broadcast,-71.0,False,6
143.566196918,beacon,AP01,broadcast,-71.0,False,6
143.693233013,beacon,AP01,broadcast,-71.0,False,6
143.729907990,ndpa,AP01,C01,-70.0,False,24
143.729997873,bfi,C01,AP01,-68.0,False,54
143.770937920,beacon,AP01,broadcast,-71.0,False,6
143.873411894,beacon,AP01,broadcast,-71.0,False,6
143.975723028,beacon,AP01,broadcast,-71.0,False,6
144.078217030,beacon,AP01,broadcast,-71.0,False,6
144.180592060,beacon,AP01,broadcast,-71.0,False,6
144.283027887,beacon,AP01,broadcast,-71.0,False,6
144.385417938,beacon,AP01,broadcast,-71.0,False,6
144.487807035,beacon,AP01,broadcast,-71.0,False,6
144.590220928,beacon,AP01,broadcast,-71.0,False,6
144.692539930,beacon,AP01,broadcast,-71.0,False,6
144.794944048,beacon,AP01,broadcast,-71.0,False,6
144.897482872,beacon,AP01,broadcast,-71.0,False,6
144.999799967,beacon,AP01,broadcast,-71.0,False,6
145.061542034,ndpa,AP01,C01,-70.0,False,24
145.061562061,bfi,C01,AP01,-68.0,False,54
145.102237940,beacon,AP01,broadcast,-72.0,False,6
145.204559088,beacon,AP01,broadcast,-71.0,False,6
145.306905985,beacon,AP01,broadcast,-71.0,False,6
145.409430981,beacon,AP01,broadcast,-71.0,False,6
145.511831045,beacon,AP01,broadcast,-72.0,False,6
145.614199877,beacon,AP01,broadcast,-71.0,False,6
145.716523886,beacon,AP01,broadcast,-71.0,False,6
145.819014072,beacon,AP01,broadcast,-71.0,False,6
145.921439886,beacon,AP01,broadcast,-71.0,False,6
146.025712967,beacon,AP01,broadcast,-71.0,False,6
146.126806021,beacon,AP01,broadcast,-71.0,False,6
146.228606939,beacon,AP01,broadcast,-71.0,False,6
146.330998898,beacon,AP01,broadcast,-71.0,False,6
146.393781900,ndpa,AP01,C01,-70.0,False,24
146.393804073,bfi,C01,AP01,-68.0,False,54
146.433415890,beacon,AP01,broadcast,-71.0,False,6
146.535811901,beacon,AP01,broadcast,-71.0,False,6
146.638233900,beacon,AP01,broadcast,-71.0,False,6
146.740668058,beacon,AP01,broadcast,-71.0,False,6
146.842923880,beacon,AP01,broadcast,-70.0,False,6
146.945379019,beacon,AP01,broadcast,-71.0,False,6
147.047842979,beacon,AP01,broadcast,-71.0,False,6
147.150243998,beacon,AP01,broadcast,-71.0,False,6
147.252632856,beacon,AP01,broadcast,-71.0,False,6
147.355007887,beacon,AP01,broadcast,-71.0,False,6
147.457404852,beacon,AP01,broadcast,-71.0,False,6
147.559830904,beacon,AP01,broadcast,-71.0,False,6
147.662214041,beacon,AP01,broadcast,-71.0,False,6
147.729711056,ndpa,AP01,C01,-70.0,False,24
147.729764938,bfi,C01,AP01,-68.0,False,54
147.764606953,beacon,AP01,broadcast,-72.0,False,6
147.867079020,beacon,AP01,broadcast,-71.0,False,6
147.969337940,beacon,AP01,broadcast,-71.0,False,6
148.071809053,beacon,AP01,broadcast,-71.0,False,6
148.174187899,beacon,AP01,broadcast,-71.0,False,6
148.276587009,beacon,AP01,broadcast,-71.0,False,6
148.378944874,beacon,AP01,broadcast,-70.0,False,6
148.492219925,beacon,AP01,broadcast,-71.0,False,6
148.583989859,beacon,AP01,broadcast,-70.0,False,6
148.713227987,beacon,AP01,broadcast,-70.0,False,6
148.788591862,beacon,AP01,broadcast,-71.0,False,6
148.890964985,beacon,AP01,broadcast,-71.0,False,6
148.993371964,beacon,AP01,broadcast,-71.0,False,6
149.061512947,ndpa,AP01,C01,-71.0,False,24
149.061609983,bfi,C01,AP01,-68.0,False,54
149.095781088,beacon,AP01,broadcast,-71.0,False,6
149.198152065,beacon,AP01,broadcast,-71.0,False,6
149.311151028,beacon,AP01,broadcast,-71.0,False,6
149.402997971,beacon,AP01,broadcast,-71.0,False,6
149.505406857,beacon,AP01,broadcast,-71.0,False,6
149.607812881,beacon,AP01,broadcast,-71.0,False,6
149.710214853,beacon,AP01,broadcast,-71.0,False,6
149.812555075,beacon,AP01,broadcast,-71.0,False,6
149.914983988,beacon,AP01,broadcast,-70.0,False,6
150.017407894,beacon,AP01,broadcast,-71.0,False,6
150.119993925,beacon,AP01,broadcast,-71.0,False,6
150.222213030,beacon,AP01,broadcast,-71.0,False,6
150.324603081,beacon,AP01,broadcast,-71.0,False,6
150.393178940,ndpa,AP01,C01,-70.0,False,24
150.393257856,bfi,C01,AP01,-68.0,False,54
150.427011013,beacon,AP01,broadcast,-71.0,False,6
150.529381037,beacon,AP01,broadcast,-71.0,False,6
150.631838083,beacon,AP01,broadcast,-71.0,False,6
150.734266996,beacon,AP01,broadcast,-71.0,False,6
150.836684942,beacon,AP01,broadcast,-71.0,False,6
150.939049959,beacon,AP01,broadcast,-71.0,False,6
151.041461945,beacon,AP01,broadcast,-71.0,False,6
151.143917084,beacon,AP01,broadcast,-71.0,False,6
151.246284008,beacon,AP01,broadcast,-71.0,False,6
151.348667860,beacon,AP01,broadcast,-71.0,False,6
151.450967073,beacon,AP01,broadcast,-71.0,False,6
151.553502083,beacon,AP01,broadcast,-71.0,False,6
151.655912876,beacon,AP01,broadcast,-70.0,False,6
151.729259968,ndpa,AP01,C01,-70.0,False,24
151.729285955,bfi,C01,AP01,-68.0,False,54
151.758290052,beacon,AP01,broadcast,-70.0,False,6
151.860671997,beacon,AP01,broadcast,-70.0,False,6
151.963079929,beacon,AP01,broadcast,-70.0,False,6
152.065455914,beacon,AP01,broadcast,-69.0,False,6
152.167878866,beacon,AP01,broadcast,-69.0,False,6
152.270264864,beacon,AP01,broadcast,-69.0,False,6
152.372693062,beacon,AP01,broadcast,-70.0,False,6
152.474971056,beacon,AP01,broadcast,-69.0,False,6
152.577488899,beacon,AP01,broadcast,-69.0,False,6
152.679794073,beacon,AP01,broadcast,-69.0,False,6
152.782321930,beacon,AP01,broadcast,-70.0,False,6
152.884675026,beacon,AP01,broadcast,-68.0,False,6
152.987106085,beacon,AP01,broadcast,-71.0,False,6
153.069804907,ndpa,AP01,C01,-71.0,False,24
153.069815874,bfi,C01,AP01,-68.0,False,54
153.089497089,beacon,AP01,broadcast,-72.0,False,6
153.191901922,beacon,AP01,broadcast,-72.0,False,6
153.294256926,beacon,AP01,broadcast,-71.0,False,6
153.396723032,beacon,AP01,broadcast,-71.0,False,6
153.512362003,beacon,AP01,broadcast,-70.0,False,6
153.601507902,beacon,AP01,broadcast,-69.0,False,6
153.703906059,beacon,AP01,broadcast,-70.0,False,6
153.806308985,beacon,AP01,broadcast,-69.0,False,6
153.908694983,beacon,AP01,broadcast,-69.0,False,6
154.011111021,beacon,AP01,broadcast,-70.0,False,6
154.113442898,beacon,AP01,broadcast,-70.0,False,6
154.215838909,beacon,AP01,broadcast,-70.0,False,6
154.318290949,beacon,AP01,broadcast,-70.0,False,6
154.395035028,ndpa,AP01,C01,-69.0,False,24
154.395128965,bfi,C01,AP01,-68.0,False,54
154.420682907,beacon,AP01,broadcast,-70.0,False,6
154.523005009,beacon,AP01,broadcast,-69.0,False,6
154.625499964,beacon,AP01,broadcast,-70.0,False,6
154.727891922,beacon,AP01,broadcast,-70.0,False,6
154.830292940,beacon,AP01,broadcast,-70.0,False,6
154.932726860,beacon,AP01,broadcast,-71.0,False,6
155.035002947,beacon,AP01,broadcast,-71.0,False,6
155.061133862,ndpa,AP01,C01,-70.0,False,24
155.061228991,bfi,C01,AP01,-68.0,False,54
155.137511969,beacon,AP01,broadcast,-70.0,False,6
155.239908934,beacon,AP01,broadcast,-70.0,False,6
155.342321873,beacon,AP01,broadcast,-71.0,False,6
155.444725037,beacon,AP01,broadcast,-71.0,False,6
155.547081947,beacon,AP01,broadcast,-71.0,False,6
155.649507046,beacon,AP01,broadcast,-71.0,False,6
155.729531050,ndpa,AP01,C01,-70.0,False,24
155.729560852,bfi,C01,AP01,-68.0,False,54
155.751826048,beacon,AP01,broadcast,-71.0,False,6
155.854210854,beacon,AP01,broadcast,-71.0,False,6
155.956608057,beacon,AP01,broadcast,-70.0,False,6
156.059020996,beacon,AP01,broadcast,-70.0,False,6
156.161473036,beacon,AP01,broadcast,-70.0,False,6
156.263844013,beacon,AP01,broadcast,-70.0,False,6
156.366262913,beacon,AP01,broadcast,-70.0,False,6
156.394268036,ndpa,AP01,C01,-70.0,False,24
156.394350052,bfi,C01,AP01,-68.0,False,54
156.468683004,beacon,AP01,broadcast,-70.0,False,6
156.571073055,beacon,AP01,broadcast,-70.0,False,6
156.673474073,beacon,AP01,broadcast,-71.0,False,6
156.775882959,beacon,AP01,broadcast,-71.0,False,6
156.878259897,beacon,AP01,broadcast,-71.0,False,6
156.980640888,beacon,AP01,broadcast,-71.0,False,6
157.083019972,beacon,AP01,broadcast,-71.0,False,6
157.185436010,beacon,AP01,broadcast,-71.0,False,6
157.287878990,beacon,AP01,broadcast,-71.0,False,6
157.390264988,beacon,AP01,broadcast,-71.0,False,6
157.492809057,beacon,AP01,broadcast,-71.0,False,6
157.698318958,beacon,AP01,broadcast,-71.0,False,6
157.729975939,ndpa,AP01,C01,-70.0,False,24
157.730072975,bfi,C01,AP01,-68.0,False,54
157.799920082,beacon,AP01,broadcast,-71.0,False,6
157.902283907,beacon,AP01,broadcast,-70.0,False,6
158.004693031,beacon,AP01,broadcast,-71.0,False,6
158.107071877,beacon,AP01,broadcast,-71.0,False,6
158.209472895,beacon,AP01,broadcast,-71.0,False,6
158.311872005,beacon,AP01,broadcast,-71.0,False,6
158.414361954,beacon,AP01,broadcast,-71.0,False,6
158.538651943,beacon,AP01,broadcast,-71.0,False,6
158.619142056,beacon,AP01,broadcast,-71.0,False,6
158.721528053,beacon,AP01,broadcast,-70.0,False,6
158.823957920,beacon,AP01,broadcast,-70.0,False,6
158.926367998,beacon,AP01,broadcast,-71.0,False,6
159.028779030,beacon,AP01,broadcast,-70.0,False,6
159.062175035,ndpa,AP01,C01,-70.0,False,24
159.062206030,bfi,C01,AP01,-68.0,False,54
159.131159067,beacon,AP01,broadcast,-71.0,False,6
159.233519077,beacon,AP01,broadcast,-71.0,False,6
159.335891008,beacon,AP01,broadcast,-70.0,False,6
159.438338041,beacon,AP01,broadcast,-71.0,False,6
159.540740967,beacon,AP01,broadcast,-71.0,False,6
159.643151045,beacon,AP01,broadcast,-71.0,False,6
159.745579958,beacon,AP01,broadcast,-71.0,False,6
159.847975969,beacon,AP01,broadcast,-71.0,False,6
159.950247049,beacon,AP01,broadcast,-71.0,False,6
160.052969933,beacon,AP01,broadcast,-71.0,False,6
160.155138969,beacon,AP01,broadcast,-71.0,False,6
160.257565975,beacon,AP01,broadcast,-71.0,False,6
160.359961987,beacon,AP01,broadcast,-71.0,False,6
160.393964052,ndpa,AP01,C01,-70.0,False,24
160.393970013,bfi,C01,AP01,-68.0,False,54
160.462393999,beacon,AP01,broadcast,-71.0,False,6
160.564822912,beacon,AP01,broadcast,-71.0,False,6
160.667109013,beacon,AP01,broadcast,-70.0,False,6
160.769628048,beacon,AP01,broadcast,-71.0,False,6
160.871984005,beacon,AP01,broadcast,-71.0,False,6
160.974385023,beacon,AP01,broadcast,-71.0,False,6
161.076786995,beacon,AP01,broadcast,-71.0,False,6
161.179106951,beacon,AP01,broadcast,-71.0,False,6
161.281610012,beacon,AP01,broadcast,-70.0,False,6
161.383974075,beacon,AP01,broadcast,-71.0,False,6
161.486365080,beacon,AP01,broadcast,-71.0,False,6
161.588778973,beacon,AP01,broadcast,-71.0,False,6
161.691199064,beacon,AP01,broadcast,-71.0,False,6
161.730169058,ndpa,AP01,C01,-70.0,False,24
161.730249882,bfi,C01,AP01,-68.0,False,54
161.793606997,beacon,AP01,broadcast,-71.0,False,6
161.895972967,beacon,AP01,broadcast,-71.0,False,6
161.998380899,beacon,AP01,broadcast,-71.0,False,6
162.100810051,beacon,AP01,broadcast,-71.0,False,6
162.203140020,beacon,AP01,broadcast,-71.0,False,6
162.305563927,beacon,AP01,broadcast,-71.0,False,6
162.408005953,beacon,AP01,broadcast,-71.0,False,6
162.510313988,beacon,AP01,broadcast,-71.0,False,6
162.612765074,beacon,AP01,broadcast,-71.0,False,6
162.715179920,beacon,AP01,broadcast,-71.0,False,6
162.817590952,beacon,AP01,broadcast,-71.0,False,6
162.919965982,beacon,AP01,broadcast,-70.0,False,6
163.024918079,beacon,AP01,broadcast,-70.0,False,6
163.062177896,ndpa,AP01,C01,-70.0,False,24
163.062258959,bfi,C01,AP01,-68.0,False,54
163.124908924,beacon,AP01,broadcast,-71.0,False,6
163.230277061,beacon,AP01,broadcast,-71.0,False,6
163.331517935,beacon,AP01,broadcast,-71.0,False,6
163.431977034,beacon,AP01,broadcast,-71.0,False,6
163.552471876,beacon,AP01,broadcast,-70.0,False,6
163.636967897,beacon,AP01,broadcast,-71.0,False,6
163.739192963,beacon,AP01,broadcast,-71.0,False,6
163.841486931,beacon,AP01,broadcast,-71.0,False,6
163.943950891,beacon,AP01,broadcast,-71.0,False,6
164.046331882,beacon,AP01,broadcast,-71.0,False,6
164.148733854,beacon,AP01,broadcast,-71.0,False,6
164.251129866,beacon,AP01,broadcast,-71.0,False,6
164.353533983,beacon,AP01,broadcast,-71.0,False,6
164.393905878,ndpa,AP01,C01,-70.0,False,24
164.393941879,bfi,C01,AP01,-68.0,False,54
164.455946922,beacon,AP01,broadcast,-71.0,False,6
164.558367014,beacon,AP01,broadcast,-70.0,False,6
164.660743952,beacon,AP01,broadcast,-71.0,False,6
164.763162851,beacon,AP01,broadcast,-71.0,False,6
164.865535975,beacon,AP01,broadcast,-71.0,False,6
164.967943907,beacon,AP01,broadcast,-71.0,False,6
165.070363998,beacon,AP01,broadcast,-71.0,False,6
165.172746897,beacon,AP01,broadcast,-71.0,False,6
165.275173903,beacon,AP01,broadcast,-71.0,False,6
165.377528906,beacon,AP01,broadcast,-71.0,False,6
165.479948997,beacon,AP01,broadcast,-71.0,False,6
165.684750080,beacon,AP01,broadcast,-71.0,False,6
165.729992867,ndpa,AP01,C01,-70.0,False,24
165.730069876,bfi,C01,AP01,-68.0,False,54
165.787153006,beacon,AP01,broadcast,-71.0,False,6
165.889564991,beacon,AP01,broadcast,-71.0,False,6
165.991931915,beacon,AP01,broadcast,-71.0,False,6
166.095736980,beacon,AP01,broadcast,-71.0,False,6
166.196817875,beacon,AP01,broadcast,-71.0,False,6
166.299207926,beacon,AP01,broadcast,-70.0,False,6
166.401618004,beacon,AP01,broadcast,-71.0,False,6
166.506486893,beacon,AP01,broadcast,-71.0,False,6
166.608090878,beacon,AP01,broadcast,-70.0,False,6
166.708823919,beacon,AP01,broadcast,-71.0,False,6
166.811141014,beacon,AP01,broadcast,-71.0,False,6
166.913865089,beacon,AP01,broadcast,-71.0,False,6
167.016020060,beacon,AP01,broadcast,-70.0,False,6
167.062011003,ndpa,AP01,C01,-70.0,False,24
167.062105894,bfi,C01,AP01,-68.0,False,54
167.118442059,beacon,AP01,broadcast,-71.0,False,6
167.220735073,beacon,AP01,broadcast,-71.0,False,6
167.323272943,beacon,AP01,broadcast,-70.0,False,6
167.425510883,beacon,AP01,broadcast,-71.0,False,6
167.528014898,beacon,AP01,broadcast,-71.0,False,6
167.630430937,beacon,AP01,broadcast,-71.0,False,6
167.729644060,ndpa,AP01,C01,-70.0,False,24
167.729656935,bfi,C01,AP01,-68.0,False,54
167.732819080,beacon,AP01,broadcast,-71.0,False,6
167.835232019,beacon,AP01,broadcast,-71.0,False,6
167.937648058,beacon,AP01,broadcast,-71.0,False,6
168.040037870,beacon,AP01,broadcast,-71.0,False,6
168.142310858,beacon,AP01,broadcast,-70.0,False,6
168.244853973,beacon,AP01,broadcast,-70.0,False,6
168.351621866,beacon,AP01,broadcast,-70.0,False,6
168.449661970,beacon,AP01,broadcast,-71.0,False,6
168.572577953,beacon,AP01,broadcast,-71.0,False,6
168.654466867,beacon,AP01,broadcast,-70.0,False,6
168.756887913,beacon,AP01,broadcast,-71.0,False,6
168.859262943,beacon,AP01,broadcast,-70.0,False,6
168.961670876,beacon,AP01,broadcast,-70.0,False,6
169.061743975,ndpa,AP01,C01,-70.0,False,24
169.061866045,bfi,C01,AP01,-68.0,False,54
169.064053059,beacon,AP01,broadcast,-71.0,False,6
169.166416883,beacon,AP01,broadcast,-71.0,False,6
169.268866062,beacon,AP01,broadcast,-71.0,False,6
169.371262074,beacon,AP01,broadcast,-71.0,False,6
169.473659992,beacon,AP01,broadcast,-71.0,False,6
169.576065063,beacon,AP01,broadcast,-71.0,False,6
169.678448915,beacon,AP01,broadcast,-71.0,False,6
169.780797958,beacon,AP01,broadcast,-71.0,False,6
169.883180857,beacon,AP01,broadcast,-71.0,False,6
169.985615969,beacon,AP01,broadcast,-71.0,False,6
170.088064909,beacon,AP01,broadcast,-70.0,False,6
170.190448046,beacon,AP01,broadcast,-71.0,False,6
170.393168926,ndpa,AP01,C01,-70.0,False,24
170.393225908,bfi,C01,AP01,-68.0,False,54
170.395264864,beacon,AP01,broadcast,-71.0,False,6
170.497694969,beacon,AP01,broadcast,-71.0,False,6
170.600044966,beacon,AP01,broadcast,-70.0,False,6
170.702509880,beacon,AP01,broadcast,-71.0,False,6
170.804800034,beacon,AP01,broadcast,-71.0,False,6
170.907186985,beacon,AP01,broadcast,-71.0,False,6
171.009660006,beacon,AP01,broadcast,-71.0,False,6
171.112108946,beacon,AP01,broadcast,-71.0,False,6
171.214361906,beacon,AP01,broadcast,-71.0,False,6
171.316817045,beacon,AP01,broadcast,-71.0,False,6
171.419216871,beacon,AP01,broadcast,-71.0,False,6
171.521570921,beacon,AP01,broadcast,-71.0,False,6
171.623972893,beacon,AP01,broadcast,-71.0,False,6
171.726392984,beacon,AP01,broadcast,-71.0,False,6
171.729892015,ndpa,AP01,C01,-70.0,False,24
171.730042934,bfi,C01,AP01,-68.0,False,54
171.828791857,beacon,AP01,broadcast,-71.0,False,6
171.931185961,beacon,AP01,broadcast,-71.0,False,6
172.033612967,beacon,AP01,broadcast,-71.0,False,6
172.135974884,beacon,AP01,broadcast,-71.0,False,6
172.238358974,beacon,AP01,broadcast,-71.0,False,6
172.340794086,beacon,AP01,broadcast,-71.0,False,6
172.443202972,beacon,AP01,broadcast,-71.0,False,6
172.545584917,beacon,AP01,broadcast,-71.0,False,6
172.648019075,beacon,AP01,broadcast,-71.0,False,6
172.750424862,beacon,AP01,broadcast,-71.0,False,6
172.852837086,beacon,AP01,broadcast,-71.0,False,6
172.955213070,beacon,AP01,broadcast,-71.0,False,6
173.057626963,beacon,AP01,broadcast,-71.0,False,6
173.061637878,ndpa,AP01,C01,-70.0,False,24
173.061722040,bfi,C01,AP01,-68.0,False,54
173.160047054,beacon,AP01,broadcast,-71.0,False,6
173.262614012,beacon,AP01,broadcast,-70.0,False,6
173.371548891,beacon,AP01,broadcast,-71.0,False,6
173.467459917,beacon,AP01,broadcast,-71.0,False,6
173.592588902,beacon,AP01,broadcast,-71.0,False,6
173.672020912,beacon,AP01,broadcast,-71.0,False,6
173.774559021,beacon,AP01,broadcast,-71.0,False,6
173.876916885,beacon,AP01,broadcast,-71.0,False,6
173.979278088,beacon,AP01,broadcast,-71.0,False,6
174.081685066,beacon,AP01,broadcast,-71.0,False,6
174.184102058,beacon,AP01,broadcast,-71.0,False,6
174.286381006,beacon,AP01,broadcast,-71.0,False,6
174.390621901,beacon,AP01,broadcast,-70.0,False,6
174.393379927,ndpa,AP01,C01,-70.0,False,24
174.393507004,bfi,C01,AP01,-68.0,False,54
174.491227865,beacon,AP01,broadcast,-71.0,False,6
174.593698978,beacon,AP01,broadcast,-71.0,False,6
174.696104050,beacon,AP01,broadcast,-71.0,False,6
174.798559904,beacon,AP01,broadcast,-71.0,False,6
174.903373957,beacon,AP01,broadcast,-71.0,False,6
175.006025076,beacon,AP01,broadcast,-71.0,False,6
175.105704069,beacon,AP01,broadcast,-71.0,False,6
175.209568024,beacon,AP01,broadcast,-70.0,False,6
175.310497999,beacon,AP01,broadcast,-71.0,False,6
175.420758009,beacon,AP01,broadcast,-71.0,False,6
175.515312910,beacon,AP01,broadcast,-71.0,False,6
175.617730856,beacon,AP01,broadcast,-71.0,False,6
175.720149994,beacon,AP01,broadcast,-71.0,False,6
175.730350971,ndpa,AP01,C01,-71.0,False,24
175.730373859,bfi,C01,AP01,-68.0,False,54
175.822534084,beacon,AP01,broadcast,-71.0,False,6
175.927423954,beacon,AP01,broadcast,-71.0,False,6
176.028192997,beacon,AP01,broadcast,-71.0,False,6
176.129724026,beacon,AP01,broadcast,-71.0,False,6
176.232125044,beacon,AP01,broadcast,-71.0,False,6
176.334532022,beacon,AP01,broadcast,-71.0,False,6
176.436943054,beacon,AP01,broadcast,-70.0,False,6
176.539350986,beacon,AP01,broadcast,-71.0,False,6
176.641746998,beacon,AP01,broadcast,-71.0,False,6
176.744111061,beacon,AP01,broadcast,-71.0,False,6
176.846431971,beacon,AP01,broadcast,-71.0,False,6
176.949677944,beacon,AP01,broadcast,-71.0,False,6
177.051249027,beacon,AP01,broadcast,-71.0,False,6
177.062335968,ndpa,AP01,C01,-70.0,False,24
177.062362909,bfi,C01,AP01,-68.0,False,54
177.154880047,beacon,AP01,broadcast,-71.0,False,6
177.256110907,beacon,AP01,broadcast,-70.0,False,6
177.358533859,beacon,AP01,broadcast,-70.0,False,6
177.460963011,beacon,AP01,broadcast,-71.0,False,6
177.563325882,beacon,AP01,broadcast,-71.0,False,6
177.665747881,beacon,AP01,broadcast,-71.0,False,6
177.768153906,beacon,AP01,broadcast,-71.0,False,6
177.870547056,beacon,AP01,broadcast,-71.0,False,6
177.972936869,beacon,AP01,broadcast,-71.0,False,6
178.075368881,beacon,AP01,broadcast,-71.0,False,6
178.178199053,beacon,AP01,broadcast,-71.0,False,6
178.280148029,beacon,AP01,broadcast,-71.0,False,6
178.392319918,beacon,AP01,broadcast,-71.0,False,6
178.397656918,ndpa,AP01,C01,-70.0,False,24
178.397758961,bfi,C01,AP01,-68.0,False,54
178.484946966,beacon,AP01,broadcast,-71.0,False,6
178.612771988,beacon,AP01,broadcast,-71.0,False,6
178.689746857,beacon,AP01,broadcast,-71.0,False,6
178.792124987,beacon,AP01,broadcast,-71.0,False,6
178.895920038,beacon,AP01,broadcast,-71.0,False,6
178.996927977,beacon,AP01,broadcast,-71.0,False,6
179.099272013,beacon,AP01,broadcast,-71.0,False,6
179.201912880,beacon,AP01,broadcast,-71.0,False,6
179.304055929,beacon,AP01,broadcast,-70.0,False,6
179.406439066,beacon,AP01,broadcast,-71.0,False,6
179.508857012,beacon,AP01,broadcast,-71.0,False,6
179.611320972,beacon,AP01,broadcast,-71.0,False,6
179.713707924,beacon,AP01,broadcast,-71.0,False,6
179.730077028,ndpa,AP01,C01,-70.0,False,24
179.730165958,bfi,C01,AP01,-68.0,False,54
179.816073895,beacon,AP01,broadcast,-71.0,False,6
179.918494940,beacon,AP01,broadcast,-71.0,False,6
180.020869970,beacon,AP01,broadcast,-71.0,False,6
180.123291016,beacon,AP01,broadcast,-71.0,False,6
180.225667000,beacon,AP01,broadcast,-71.0,False,6
180.332550049,beacon,AP01,broadcast,-70.0,False,6
180.430479050,beacon,AP01,broadcast,-70.0,False,6
180.532890081,beacon,AP01,broadcast,-71.0,False,6
180.635293007,beacon,AP01,broadcast,-71.0,False,6
180.737654924,beacon,AP01,broadcast,-70.0,False,6
180.840079069,beacon,AP01,broadcast,-71.0,False,6
180.942478895,beacon,AP01,broadcast,-71.0,False,6
181.044893026,beacon,AP01,broadcast,-70.0,False,6
181.062390089,ndpa,AP01,C01,-70.0,False,24
181.062494993,bfi,C01,AP01,-68.0,False,54
181.150024891,beacon,AP01,broadcast,-71.0,False,6
181.260066986,beacon,AP01,broadcast,-71.0,False,6
181.352211952,beacon,AP01,broadcast,-71.0,False,6
181.454688072,beacon,AP01,broadcast,-71.0,False,6
181.558333874,beacon,AP01,broadcast,-71.0,False,6
181.668128967,beacon,AP01,broadcast,-70.0,False,6
181.765151024,beacon,AP01,broadcast,-71.0,False,6
181.864193916,beacon,AP01,broadcast,-71.0,False,6
181.966573000,beacon,AP01,broadcast,-71.0,False,6
182.068975925,beacon,AP01,broadcast,-71.0,False,6
182.171293974,beacon,AP01,broadcast,-71.0,False,6
182.273796082,beacon,AP01,broadcast,-71.0,False,6
182.376119852,beacon,AP01,broadcast,-71.0,False,6
182.394248009,ndpa,AP01,C01,-70.0,False,24
182.394260883,bfi,C01,AP01,-68.0,False,54
182.478971004,beacon,AP01,broadcast,-70.0,False,6
182.580960035,beacon,AP01,broadcast,-70.0,False,6
182.683382034,beacon,AP01,broadcast,-71.0,False,6
182.785767078,beacon,AP01,broadcast,-70.0,False,6
182.888186932,beacon,AP01,broadcast,-71.0,False,6
182.990566015,beacon,AP01,broadcast,-71.0,False,6
183.093007088,beacon,AP01,broadcast,-71.0,False,6
183.195417881,beacon,AP01,broadcast,-71.0,False,6
183.297831059,beacon,AP01,broadcast,-70.0,False,6
183.411831856,beacon,AP01,broadcast,-71.0,False,6
183.502583027,beacon,AP01,broadcast,-70.0,False,6
183.633297920,beacon,AP01,broadcast,-71.0,False,6
183.707576990,beacon,AP01,broadcast,-71.0,False,6
183.729815960,ndpa,AP01,C01,-70.0,False,24
183.729866028,bfi,C01,AP01,-68.0,False,54
183.809798956,beacon,AP01,broadcast,-71.0,False,6
183.912200928,beacon,AP01,broadcast,-71.0,False,6
184.014594078,beacon,AP01,broadcast,-71.0,False,6
184.117038012,beacon,AP01,broadcast,-71.0,False,6
184.219383955,beacon,AP01,broadcast,-71.0,False,6
184.321722984,beacon,AP01,broadcast,-71.0,False,6
184.424081087,beacon,AP01,broadcast,-71.0,False,6
184.526495934,beacon,AP01,broadcast,-71.0,False,6
184.629011869,beacon,AP01,broadcast,-71.0,False,6
184.733042002,beacon,AP01,broadcast,-71.0,False,6
184.833801031,beacon,AP01,broadcast,-71.0,False,6
184.936210871,beacon,AP01,broadcast,-70.0,False,6
185.038606882,beacon,AP01,broadcast,-71.0,False,6
185.062499046,ndpa,AP01,C01,-70.0,False,24
185.062551022,bfi,C01,AP01,-68.0,False,54
185.141000032,beacon,AP01,broadcast,-71.0,False,6
185.243349075,beacon,AP01,broadcast,-71.0,False,6
185.345877886,beacon,AP01,broadcast,-71.0,False,6
185.448427916,beacon,AP01,broadcast,-71.0,False,6
185.564495087,beacon,AP01,broadcast,-71.0,False,6
185.653017044,beacon,AP01,broadcast,-71.0,False,6
185.755421877,beacon,AP01,broadcast,-71.0,False,6
185.857843876,beacon,AP01,broadcast,-71.0,False,6
185.960191965,beacon,AP01,broadcast,-71.0,False,6
186.062638044,beacon,AP01,broadcast,-71.0,False,6
186.165044069,beacon,AP01,broadcast,-71.0,False,6
186.267410994,beacon,AP01,broadcast,-71.0,False,6
186.369798899,beacon,AP01,broadcast,-71.0,False,6
186.394432068,ndpa,AP01,C01,-70.0,False,24
186.394486904,bfi,C01,AP01,-68.0,False,54
186.472210884,beacon,AP01,broadcast,-70.0,False,6
186.574621916,beacon,AP01,broadcast,-71.0,False,6
186.676923037,beacon,AP01,broadcast,-71.0,False,6
186.779356956,beacon,AP01,broadcast,-70.0,False,6
186.881757975,beacon,AP01,broadcast,-71.0,False,6
186.984173059,beacon,AP01,broadcast,-71.0,False,6
187.086505890,beacon,AP01,broadcast,-70.0,False,6
187.188998938,beacon,AP01,broadcast,-71.0,False,6
187.291368961,beacon,AP01,broadcast,-70.0,False,6
187.393730879,beacon,AP01,broadcast,-71.0,False,6
187.496204853,beacon,AP01,broadcast,-71.0,False,6
187.598568916,beacon,AP01,broadcast,-70.0,False,6
187.700968027,beacon,AP01,broadcast,-71.0,False,6
187.730412960,ndpa,AP01,C01,-70.0,False,24
187.730520964,bfi,C01,AP01,-68.0,False,54
187.803370953,beacon,AP01,broadcast,-71.0,False,6
187.905785084,beacon,AP01,broadcast,-71.0,False,6
188.008148909,beacon,AP01,broadcast,-71.0,False,6
188.110543013,beacon,AP01,broadcast,-71.0,False,6
188.217076063,beacon,AP01,broadcast,-71.0,False,6
188.315335035,beacon,AP01,broadcast,-71.0,False,6
188.432574987,beacon,AP01,broadcast,-70.0,False,6
188.520151854,beacon,AP01,broadcast,-71.0,False,6
188.622588873,beacon,AP01,broadcast,-71.0,False,6
188.724995852,beacon,AP01,broadcast,-70.0,False,6
188.827359915,beacon,AP01,broadcast,-71.0,False,6
188.929745913,beacon,AP01,broadcast,-71.0,False,6
189.032144070,beacon,AP01,broadcast,-71.0,False,6
189.063482046,ndpa,AP01,C01,-70.0,False,24
189.063585043,bfi,C01,AP01,-68.0,False,54
189.134568930,beacon,AP01,broadcast,-71.0,False,6
189.236954927,beacon,AP01,broadcast,-71.0,False,6
189.339442015,beacon,AP01,broadcast,-71.0,False,6
189.441865921,beacon,AP01,broadcast,-71.0,False,6
189.544259071,beacon,AP01,broadcast,-71.0,False,6
189.646651983,beacon,AP01,broadcast,-71.0,False,6
189.749050856,beacon,AP01,broadcast,-71.0,False,6
189.851441860,beacon,AP01,broadcast,-70.0,False,6
189.953881979,beacon,AP01,broadcast,-71.0,False,6
190.056251049,beacon,AP01,broadcast,-71.0,False,6
190.158657074,beacon,AP01,broadcast,-71.0,False,6
190.261080980,beacon,AP01,broadcast,-70.0,False,6
190.363492966,beacon,AP01,broadcast,-70.0,False,6
190.395169973,ndpa,AP01,C01,-70.0,False,24
190.395184994,bfi,C01,AP01,-68.0,False,54
190.465848923,beacon,AP01,broadcast,-71.0,False,6
190.568266869,beacon,AP01,broadcast,-71.0,False,6
190.670650005,beacon,AP01,broadcast,-71.0,False,6
190.773060083,beacon,AP01,broadcast,-71.0,False,6
190.875467062,beacon,AP01,broadcast,-70.0,False,6
190.977904081,beacon,AP01,broadcast,-70.0,False,6
191.080287933,beacon,AP01,broadcast,-70.0,False,6
191.182657957,beacon,AP01,broadcast,-70.0,False,6
191.285062075,beacon,AP01,broadcast,-71.0,False,6
191.387356043,beacon,AP01,broadcast,-71.0,False,6
191.489882946,beacon,AP01,broadcast,-70.0,False,6
191.592262983,beacon,AP01,broadcast,-71.0,False,6
191.694691896,beacon,AP01,broadcast,-71.0,False,6
191.730027914,ndpa,AP01,C01,-70.0,False,24
191.730092049,bfi,C01,AP01,-68.0,False,54
191.797075033,beacon,AP01,broadcast,-71.0,False,6
191.899513006,beacon,AP01,broadcast,-71.0,False,6
192.001894951,beacon,AP01,broadcast,-71.0,False,6
192.104323864,beacon,AP01,broadcast,-71.0,False,6
192.206680059,beacon,AP01,broadcast,-71.0,False,6
192.309110880,beacon,AP01,broadcast,-71.0,False,6
192.411505938,beacon,AP01,broadcast,-70.0,False,6
192.513758898,beacon,AP01,broadcast,-71.0,False,6
192.616265059,beacon,AP01,broadcast,-71.0,False,6
192.718702078,beacon,AP01,broadcast,-71.0,False,6
192.821093082,beacon,AP01,broadcast,-71.0,False,6
192.923495054,beacon,AP01,broadcast,-70.0,False,6
193.025920868,beacon,AP01,broadcast,-71.0,False,6
193.062247038,ndpa,AP01,C01,-70.0,False,24
193.062330961,bfi,C01,AP01,-68.0,False,54
193.128294945,beacon,AP01,broadcast,-70.0,False,6
193.232915878,beacon,AP01,broadcast,-71.0,False,6
193.333081007,beacon,AP01,broadcast,-71.0,False,6
193.452023029,beacon,AP01,broadcast,-71.0,False,6
193.537894964,beacon,AP01,broadcast,-71.0,False,6
193.640271902,beacon,AP01,broadcast,-71.0,False,6
193.742707968,beacon,AP01,broadcast,-71.0,False,6
193.845089912,beacon,AP01,broadcast,-71.0,False,6
193.947419882,beacon,AP01,broadcast,-71.0,False,6
194.049881935,beacon,AP01,broadcast,-71.0,False,6
194.152201891,beacon,AP01,broadcast,-71.0,False,6
194.254703045,beacon,AP01,broadcast,-71.0,False,6
194.357105970,beacon,AP01,broadcast,-71.0,False,6
194.394409895,ndpa,AP01,C01,-70.0,False,24
194.394486904,bfi,C01,AP01,-68.0,False,54
194.459390879,beacon,AP01,broadcast,-70.0,False,6
194.561820984,beacon,AP01,broadcast,-70.0,False,6
194.664197922,beacon,AP01,broadcast,-70.0,False,6
194.766605854,beacon,AP01,broadcast,-70.0,False,6
194.868999958,beacon,AP01,broadcast,-71.0,False,6
194.971410990,beacon,AP01,broadcast,-70.0,False,6
195.073818922,beacon,AP01,broadcast,-71.0,False,6
195.176214933,beacon,AP01,broadcast,-71.0,False,6
195.278622866,beacon,AP01,broadcast,-71.0,False,6
195.381042004,beacon,AP01,broadcast,-71.0,False,6
195.483474016,beacon,AP01,broadcast,-71.0,False,6
195.585804939,beacon,AP01,broadcast,-71.0,False,6
195.688230038,beacon,AP01,broadcast,-71.0,False,6
195.729847908,ndpa,AP01,C01,-70.0,False,24
195.729948997,bfi,C01,AP01,-68.0,False,54
195.790632963,beacon,AP01,broadcast,-71.0,False,6
195.893013000,beacon,AP01,broadcast,-71.0,False,6
195.995485067,beacon,AP01,broadcast,-71.0,False,6
196.097815990,beacon,AP01,broadcast,-71.0,False,6
196.200264931,beacon,AP01,broadcast,-71.0,False,6
196.302595854,beacon,AP01,broadcast,-71.0,False,6
196.405036926,beacon,AP01,broadcast,-71.0,False,6
196.507439852,beacon,AP01,broadcast,-71.0,False,6
196.609852076,beacon,AP01,broadcast,-71.0,False,6
196.712229013,beacon,AP01,broadcast,-71.0,False,6
196.814650059,beacon,AP01,broadcast,-71.0,False,6
196.917036057,beacon,AP01,broadcast,-71.0,False,6
197.020745993,beacon,AP01,broadcast,-71.0,False,6
197.062035084,ndpa,AP01,C01,-70.0,False,24
197.062099934,bfi,C01,AP01,-68.0,False,54
197.121958971,beacon,AP01,broadcast,-71.0,False,6
197.224327087,beacon,AP01,broadcast,-71.0,False,6
197.326725960,beacon,AP01,broadcast,-70.0,False,6
197.429030895,beacon,AP01,broadcast,-71.0,False,6
197.531430960,beacon,AP01,broadcast,-71.0,False,6
197.633952856,beacon,AP01,broadcast,-71.0,False,6
197.736342907,beacon,AP01,broadcast,-71.0,False,6
197.838733912,beacon,AP01,broadcast,-71.0,False,6
197.941142082,beacon,AP01,broadcast,-71.0,False,6
198.043545961,beacon,AP01,broadcast,-70.0,False,6
198.145938873,beacon,AP01,broadcast,-71.0,False,6
198.256057978,beacon,AP01,broadcast,-71.0,False,6
198.350750923,beacon,AP01,broadcast,-71.0,False,6
198.393989086,ndpa,AP01,C01,-70.0,False,24
198.394037962,bfi,C01,AP01,-68.0,False,54
198.555537939,beacon,AP01,broadcast,-71.0,False,6
198.657901049,beacon,AP01,broadcast,-71.0,False,6
198.760350943,beacon,AP01,broadcast,-70.0,False,6
198.862621069,beacon,AP01,broadcast,-71.0,False,6
198.965192080,beacon,AP01,broadcast,-71.0,False,6
199.067628860,beacon,AP01,broadcast,-71.0,False,6
199.169947863,beacon,AP01,broadcast,-71.0,False,6
199.272335052,beacon,AP01,broadcast,-71.0,False,6
199.374743938,beacon,AP01,broadcast,-71.0,False,6
199.477071047,beacon,AP01,broadcast,-71.0,False,6
199.579563856,beacon,AP01,broadcast,-70.0,False,6
199.681962013,beacon,AP01,broadcast,-71.0,False,6
199.730175018,ndpa,AP01,C01,-70.0,False,24
199.730267048,bfi,C01,AP01,-68.0,False,54
199.784368992,beacon,AP01,broadcast,-70.0,False,6
199.886756897,beacon,AP01,broadcast,-71.0,False,6
199.989176035,beacon,AP01,broadcast,-71.0,False,6
200.091542959,beacon,AP01,broadcast,-71.0,False,6
200.193964005,beacon,AP01,broadcast,-71.0,False,6
200.296339989,beacon,AP01,broadcast,-71.0,False,6
200.398768902,beacon,AP01,broadcast,-71.0,False,6
200.501157045,beacon,AP01,broadcast,-71.0,False,6
200.603474855,beacon,AP01,broadcast,-71.0,False,6
200.705976009,beacon,AP01,broadcast,-71.0,False,6
200.808372974,beacon,AP01,broadcast,-71.0,False,6
200.910769939,beacon,AP01,broadcast,-71.0,False,6
201.013150930,beacon,AP01,broadcast,-71.0,False,6
201.061534882,ndpa,AP01,C01,-70.0,False,24
201.061655998,bfi,C01,AP01,-68.0,False,54
201.115563869,beacon,AP01,broadcast,-70.0,False,6
201.217905998,beacon,AP01,broadcast,-70.0,False,6
201.320374012,beacon,AP01,broadcast,-71.0,False,6
201.422656059,beacon,AP01,broadcast,-72.0,False,6
201.525168896,beacon,AP01,broadcast,-71.0,False,6
201.627588034,beacon,AP01,broadcast,-71.0,False,6
201.729948997,beacon,AP01,broadcast,-71.0,False,6
201.832264900,beacon,AP01,broadcast,-70.0,False,6
201.934727907,beacon,AP01,broadcast,-71.0,False,6
202.037160873,beacon,AP01,broadcast,-70.0,False,6
202.139595032,beacon,AP01,broadcast,-71.0,False,6
202.241895914,beacon,AP01,broadcast,-71.0,False,6
202.344310045,beacon,AP01,broadcast,-70.0,False,6
202.394990921,ndpa,AP01,C01,-70.0,False,24
202.395093918,bfi,C01,AP01,-68.0,False,54
202.446675062,beacon,AP01,broadcast,-70.0,False,6
202.549062967,beacon,AP01,broadcast,-70.0,False,6
202.651525021,beacon,AP01,broadcast,-70.0,False,6
202.753908873,beacon,AP01,broadcast,-69.0,False,6
202.856313944,beacon,AP01,broadcast,-69.0,False,6
202.958693981,beacon,AP01,broadcast,-69.0,False,6
203.061130047,beacon,AP01,broadcast,-68.0,False,6
203.163532019,beacon,AP01,broadcast,-69.0,False,6
203.271076918,beacon,AP01,broadcast,-69.0,False,6
203.368316889,beacon,AP01,broadcast,-69.0,False,6
203.492101908,beacon,AP01,broadcast,-69.0,False,6
203.573148012,beacon,AP01,broadcast,-71.0,False,6
203.675476074,beacon,AP01,broadcast,-72.0,False,6
203.730103016,ndpa,AP01,C01,-70.0,False,24
203.730205059,bfi,C01,AP01,-68.0,False,54
203.777952909,beacon,AP01,broadcast,-71.0,False,6
203.880348921,beacon,AP01,broadcast,-70.0,False,6
203.982693911,beacon,AP01,broadcast,-70.0,False,6
204.085126877,beacon,AP01,broadcast,-71.0,False,6
204.188641071,beacon,AP01,broadcast,-69.0,False,6
204.289948940,beacon,AP01,broadcast,-71.0,False,6
204.392343044,beacon,AP01,broadcast,-70.0,False,6
204.494736910,beacon,AP01,broadcast,-69.0,False,6
204.597120047,beacon,AP01,broadcast,-70.0,False,6
204.699490070,beacon,AP01,broadcast,-69.0,False,6
204.801899910,beacon,AP01,broadcast,-69.0,False,6
204.904403925,beacon,AP01,broadcast,-69.0,False,6
205.006808996,beacon,AP01,broadcast,-69.0,False,6
205.062397003,ndpa,AP01,C01,-70.0,False,24
205.062479019,bfi,C01,AP01,-68.0,False,54
205.109178066,beacon,AP01,broadcast,-71.0,False,6
205.211582899,beacon,AP01,broadcast,-71.0,False,6
205.313987017,beacon,AP01,broadcast,-70.0,False,6
205.416435003,beacon,AP01,broadcast,-70.0,False,6
205.518826962,beacon,AP01,broadcast,-70.0,False,6
205.621207952,beacon,AP01,broadcast,-71.0,False,6
205.723625898,beacon,AP01,broadcast,-72.0,False,6
205.825978041,beacon,AP01,broadcast,-71.0,False,6
205.928322077,beacon,AP01,broadcast,-71.0,False,6
206.030793905,beacon,AP01,broadcast,-71.0,False,6
206.133234978,beacon,AP01,broadcast,-71.0,False,6
206.235620975,beacon,AP01,broadcast,-70.0,False,6
206.338028908,beacon,AP01,broadcast,-71.0,False,6
206.394197941,ndpa,AP01,C01,-71.0,False,24
206.394290924,bfi,C01,AP01,-68.0,False,54
206.440412998,beacon,AP01,broadcast,-71.0,False,6
206.542738914,beacon,AP01,broadcast,-70.0,False,6
206.645230055,beacon,AP01,broadcast,-71.0,False,6
206.747576952,beacon,AP01,broadcast,-71.0,False,6
206.850067854,beacon,AP01,broadcast,-70.0,False,6
206.952431917,beacon,AP01,broadcast,-70.0,False,6
207.054826021,beacon,AP01,broadcast,-71.0,False,6
207.157227993,beacon,AP01,broadcast,-71.0,False,6
207.259631872,beacon,AP01,broadcast,-72.0,False,6
207.362016916,beacon,AP01,broadcast,-71.0,False,6
207.464457989,beacon,AP01,broadcast,-71.0,False,6
207.566812992,beacon,AP01,broadcast,-71.0,False,6
207.669117928,beacon,AP01,broadcast,-71.0,False,6
207.730258942,ndpa,AP01,C01,-70.0,False,24
207.730278015,bfi,C01,AP01,-68.0,False,54
207.771517992,beacon,AP01,broadcast,-71.0,False,6
207.874012947,beacon,AP01,broadcast,-71.0,False,6
207.976444006,beacon,AP01,broadcast,-71.0,False,6
208.078844070,beacon,AP01,broadcast,-72.0,False,6
208.181145906,beacon,AP01,broadcast,-71.0,False,6
208.291661024,beacon,AP01,broadcast,-72.0,False,6
208.386023998,beacon,AP01,broadcast,-71.0,False,6
208.590893984,beacon,AP01,broadcast,-71.0,False,6
208.693137884,beacon,AP01,broadcast,-71.0,False,6
208.795629978,beacon,AP01,broadcast,-71.0,False,6
208.898042917,beacon,AP01,broadcast,-71.0,False,6
209.000447989,beacon,AP01,broadcast,-71.0,False,6
209.062680960,ndpa,AP01,C01,-70.0,False,24
209.062705994,bfi,C01,AP01,-68.0,False,54
209.102854967,beacon,AP01,broadcast,-71.0,False,6
209.205252886,beacon,AP01,broadcast,-70.0,False,6
209.307648897,beacon,AP01,broadcast,-70.0,False,6
209.410037994,beacon,AP01,broadcast,-71.0,False,6
209.512431860,beacon,AP01,broadcast,-71.0,False,6
209.614857912,beacon,AP01,broadcast,-70.0,False,6
209.717235088,beacon,AP01,broadcast,-71.0,False,6
209.819607019,beacon,AP01,broadcast,-70.0,False,6
209.922044992,beacon,AP01,broadcast,-71.0,False,6
210.024379015,beacon,AP01,broadcast,-70.0,False,6
210.126754999,beacon,AP01,broadcast,-71.0,False,6
210.229171991,beacon,AP01,broadcast,-71.0,False,6
210.331557989,beacon,AP01,broadcast,-71.0,False,6
210.394531012,ndpa,AP01,C01,-70.0,False,24
210.394635916,bfi,C01,AP01,-68.0,False,54
210.433961868,beacon,AP01,broadcast,-71.0,False,6
210.536356926,beacon,AP01,broadcast,-70.0,False,6
210.638762951,beacon,AP01,broadcast,-70.0,False,6
210.741168022,beacon,AP01,broadcast,-71.0,False,6
210.843566895,beacon,AP01,broadcast,-71.0,False,6
210.945963860,beacon,AP01,broadcast,-71.0,False,6
211.048368931,beacon,AP01,broadcast,-71.0,False,6
211.150775909,beacon,AP01,broadcast,-71.0,False,6
211.253190041,beacon,AP01,broadcast,-71.0,False,6
211.458029985,beacon,AP01,broadcast,-71.0,False,6
211.560379028,beacon,AP01,broadcast,-71.0,False,6
211.662793875,beacon,AP01,broadcast,-71.0,False,6
211.730400085,ndpa,AP01,C01,-70.0,False,24
211.730489969,bfi,C01,AP01,-68.0,False,54
211.765220881,beacon,AP01,broadcast,-71.0,False,6
211.867580891,beacon,AP01,broadcast,-71.0,False,6
211.970007896,beacon,AP01,broadcast,-71.0,False,6
212.072386980,beacon,AP01,broadcast,-71.0,False,6
212.174777031,beacon,AP01,broadcast,-71.0,False,6
212.277188063,beacon,AP01,broadcast,-71.0,False,6
212.379580975,beacon,AP01,broadcast,-71.0,False,6
212.481994867,beacon,AP01,broadcast,-71.0,False,6
212.584481001,beacon,AP01,broadcast,-71.0,False,6
212.686774015,beacon,AP01,broadcast,-71.0,False,6
212.789269924,beacon,AP01,broadcast,-71.0,False,6
212.891596079,beacon,AP01,broadcast,-71.0,False,6
212.994060040,beacon,AP01,broadcast,-71.0,False,6
213.089751005,ndpa,AP01,C01,-70.0,False,24
213.089771986,bfi,C01,AP01,-68.0,False,54
213.096498013,beacon,AP01,broadcast,-71.0,False,6
213.198927879,beacon,AP01,broadcast,-71.0,False,6
213.311290026,beacon,AP01,broadcast,-71.0,False,6
213.403578043,beacon,AP01,broadcast,-71.0,False,6
213.532302856,beacon,AP01,broadcast,-71.0,False,6
213.608417034,beacon,AP01,broadcast,-71.0,False,6
213.710896969,beacon,AP01,broadcast,-71.0,False,6
213.813302994,beacon,AP01,broadcast,-71.0,False,6
213.915725946,beacon,AP01,broadcast,-71.0,False,6
214.018042088,beacon,AP01,broadcast,-72.0,False,6
214.120501041,beacon,AP01,broadcast,-71.0,False,6
214.222925901,beacon,AP01,broadcast,-71.0,False,6
214.325350046,beacon,AP01,broadcast,-72.0,False,6
214.394896030,ndpa,AP01,C01,-71.0,False,24
214.394976854,bfi,C01,AP01,-68.0,False,54
214.427690983,beacon,AP01,broadcast,-72.0,False,6
214.530108929,beacon,AP01,broadcast,-71.0,False,6
214.632529974,beacon,AP01,broadcast,-71.0,False,6
214.734906912,beacon,AP01,broadcast,-71.0,False,6
214.837336063,beacon,AP01,broadcast,-72.0,False,6
214.939621925,beacon,AP01,broadcast,-72.0,False,6
215.042139053,beacon,AP01,broadcast,-72.0,False,6
215.144516945,beacon,AP01,broadcast,-72.0,False,6
215.246892929,beacon,AP01,broadcast,-72.0,False,6
215.349329948,beacon,AP01,broadcast,-72.0,False,6
215.451686859,beacon,AP01,broadcast,-71.0,False,6
215.554033995,beacon,AP01,broadcast,-72.0,False,6
215.656503916,beacon,AP01,broadcast,-72.0,False,6
215.730262041,ndpa,AP01,C01,-71.0,False,24
215.730342865,bfi,C01,AP01,-68.0,False,54
215.758944988,beacon,AP01,broadcast,-72.0,False,6
215.861315966,beacon,AP01,broadcast,-72.0,False,6
215.963604927,beacon,AP01,broadcast,-72.0,False,6
216.066102028,beacon,AP01,broadcast,-72.0,False,6
216.168442965,beacon,AP01,broadcast,-72.0,False,6
216.270932913,beacon,AP01,broadcast,-72.0,False,6
216.373316050,beacon,AP01,broadcast,-72.0,False,6
216.475728035,beacon,AP01,broadcast,-71.0,False,6
216.578130007,beacon,AP01,broadcast,-71.0,False,6
216.680517912,beacon,AP01,broadcast,-72.0,False,6
216.782881975,beacon,AP01,broadcast,-72.0,False,6
216.885211945,beacon,AP01,broadcast,-72.0,False,6
216.987658978,beacon,AP01,broadcast,-71.0,False,6
217.063099861,ndpa,AP01,C01,-70.0,False,24
217.063109875,bfi,C01,AP01,-68.0,False,54
217.090126038,beacon,AP01,broadcast,-71.0,False,6
217.192482948,beacon,AP01,broadcast,-71.0,False,6
217.294918060,beacon,AP01,broadcast,-72.0,False,6
217.397361040,beacon,AP01,broadcast,-72.0,False,6
217.499722958,beacon,AP01,broadcast,-72.0,False,6
217.602128983,beacon,AP01,broadcast,-72.0,False,6
217.704519033,beacon,AP01,broadcast,-71.0,False,6
217.806853056,beacon,AP01,broadcast,-72.0,False,6
217.909244061,beacon,AP01,broadcast,-72.0,False,6
218.011924982,beacon,AP01,broadcast,-71.0,False,6
218.114048004,beacon,AP01,broadcast,-71.0,False,6
218.216451883,beacon,AP01,broadcast,-72.0,False,6
218.331271887,beacon,AP01,broadcast,-71.0,False,6
218.394363880,ndpa,AP01,C01,-71.0,False,24
218.394465923,bfi,C01,AP01,-68.0,False,54
218.421375036,beacon,AP01,broadcast,-72.0,False,6
218.554251909,beacon,AP01,broadcast,-71.0,False,6
218.626072884,beacon,AP01,broadcast,-71.0,False,6
218.728420019,beacon,AP01,broadcast,-71.0,False,6
218.830869913,beacon,AP01,broadcast,-71.0,False,6
218.933269978,beacon,AP01,broadcast,-71.0,False,6
219.035667896,beacon,AP01,broadcast,-71.0,False,6
219.138108969,beacon,AP01,broadcast,-72.0,False,6
219.240505934,beacon,AP01,broadcast,-71.0,False,6
219.342879057,beacon,AP01,broadcast,-71.0,False,6
219.445285082,beacon,AP01,broadcast,-72.0,False,6
219.547685862,beacon,AP01,broadcast,-72.0,False,6
219.650053024,beacon,AP01,broadcast,-71.0,False,6
219.730398893,ndpa,AP01,C01,-71.0,False,24
219.730506897,bfi,C01,AP01,-68.0,False,54
219.752505064,beacon,AP01,broadcast,-72.0,False,6
219.854866982,beacon,AP01,broadcast,-72.0,False,6
219.957254887,beacon,AP01,broadcast,-72.0,False,6
220.059664965,beacon,AP01,broadcast,-72.0,False,6
220.162119865,beacon,AP01,broadcast,-71.0,False,6
220.264447927,beacon,AP01,broadcast,-72.0,False,6
220.366972923,beacon,AP01,broadcast,-72.0,False,6
220.469368935,beacon,AP01,broadcast,-71.0,False,6
220.571763039,beacon,AP01,broadcast,-71.0,False,6
220.674108982,beacon,AP01,broadcast,-72.0,False,6
220.776579857,beacon,AP01,broadcast,-71.0,False,6
220.878875971,beacon,AP01,broadcast,-71.0,False,6
220.981384039,beacon,AP01,broadcast,-71.0,False,6
221.062177896,ndpa,AP01,C01,-71.0,False,24
221.062272072,bfi,C01,AP01,-68.0,False,54
221.083754063,beacon,AP01,broadcast,-72.0,False,6
221.187983036,beacon,AP01,broadcast,-71.0,False,6
221.288575888,beacon,AP01,broadcast,-72.0,False,6
221.390990019,beacon,AP01,broadcast,-71.0,False,6
221.493800879,beacon,AP01,broadcast,-72.0,False,6
221.595781088,beacon,AP01,broadcast,-72.0,False,6
221.698189974,beacon,AP01,broadcast,-72.0,False,6
221.800618887,beacon,AP01,broadcast,-72.0,False,6
221.902980089,beacon,AP01,broadcast,-72.0,False,6
222.005400896,beacon,AP01,broadcast,-72.0,False,6
222.107694864,beacon,AP01,broadcast,-72.0,False,6
222.210178852,beacon,AP01,broadcast,-72.0,False,6
222.312579870,beacon,AP01,broadcast,-72.0,False,6
222.394901037,ndpa,AP01,C01,-71.0,False,24
222.394906044,bfi,C01,AP01,-68.0,False,54
222.414978981,beacon,AP01,broadcast,-72.0,False,6
222.517382860,beacon,AP01,broadcast,-71.0,False,6
222.619781017,beacon,AP01,broadcast,-72.0,False,6
222.722171068,beacon,AP01,broadcast,-72.0,False,6
222.824501991,beacon,AP01,broadcast,-71.0,False,6
222.926986933,beacon,AP01,broadcast,-72.0,False,6
223.029366016,beacon,AP01,broadcast,-71.0,False,6
223.131787062,beacon,AP01,broadcast,-72.0,False,6
223.234130859,beacon,AP01,broadcast,-72.0,False,6
223.351407051,beacon,AP01,broadcast,-71.0,False,6
223.438906908,beacon,AP01,broadcast,-72.0,False,6
223.541396856,beacon,AP01,broadcast,-71.0,False,6
223.643785954,beacon,AP01,broadcast,-71.0,False,6
223.730206013,ndpa,AP01,C01,-71.0,False,24
223.730218887,bfi,C01,AP01,-68.0,False,54
223.746196032,beacon,AP01,broadcast,-72.0,False,6
223.848574877,beacon,AP01,broadcast,-72.0,False,6
223.951035023,beacon,AP01,broadcast,-72.0,False,6
224.053375959,beacon,AP01,broadcast,-71.0,False,6
224.155842066,beacon,AP01,broadcast,-71.0,False,6
224.258179903,beacon,AP01,broadcast,-72.0,False,6
224.360625029,beacon,AP01,broadcast,-72.0,False,6
224.462965012,beacon,AP01,broadcast,-71.0,False,6
224.565419912,beacon,AP01,broadcast,-71.0,False,6
224.667804003,beacon,AP01,broadcast,-71.0,False,6
224.770220041,beacon,AP01,broadcast,-71.0,False,6
224.872580051,beacon,AP01,broadcast,-71.0,False,6
224.975005865,beacon,AP01,broadcast,-71.0,False,6
225.063109875,ndpa,AP01,C01,-70.0,False,24
225.063220978,bfi,C01,AP01,-68.0,False,54
225.077316046,beacon,AP01,broadcast,-71.0,False,6
225.179738998,beacon,AP01,broadcast,-71.0,False,6
225.282211065,beacon,AP01,broadcast,-71.0,False,6
225.384594917,beacon,AP01,broadcast,-71.0,False,6
225.486960888,beacon,AP01,broadcast,-71.0,False,6
225.589365959,beacon,AP01,broadcast,-71.0,False,6
225.691766024,beacon,AP01,broadcast,-71.0,False,6
225.794113874,beacon,AP01,broadcast,-71.0,False,6
225.896560907,beacon,AP01,broadcast,-71.0,False,6
225.998930931,beacon,AP01,broadcast,-72.0,False,6
226.101392984,beacon,AP01,broadcast,-71.0,False,6
226.203743935,beacon,AP01,broadcast,-71.0,False,6
226.306164980,beacon,AP01,broadcast,-71.0,False,6
226.394773006,ndpa,AP01,C01,-71.0,False,24
226.394815922,bfi,C01,AP01,-68.0,False,54
226.408547878,beacon,AP01,broadcast,-71.0,False,6
226.510894060,beacon,AP01,broadcast,-71.0,False,6
226.613363028,beacon,AP01,broadcast,-71.0,False,6
226.715756893,beacon,AP01,broadcast,-71.0,False,6
226.818171024,beacon,AP01,broadcast,-71.0,False,6
226.920567989,beacon,AP01,broadcast,-71.0,False,6
227.022975922,beacon,AP01,broadcast,-71.0,False,6
227.125360012,beacon,AP01,broadcast,-71.0,False,6
227.227735043,beacon,AP01,broadcast,-71.0,False,6
227.330151081,beacon,AP01,broadcast,-71.0,False,6
227.432528019,beacon,AP01,broadcast,-71.0,False,6
227.535111904,beacon,AP01,broadcast,-71.0,False,6
227.637326002,beacon,AP01,broadcast,-71.0,False,6
227.730768919,ndpa,AP01,C01,-71.0,False,24
227.730844975,bfi,C01,AP01,-68.0,False,54
227.739824057,beacon,AP01,broadcast,-71.0,False,6
227.842144966,beacon,AP01,broadcast,-71.0,False,6
227.944526911,beacon,AP01,broadcast,-71.0,False,6
228.046985865,beacon,AP01,broadcast,-71.0,False,6
228.150553942,beacon,AP01,broadcast,-71.0,False,6
228.251736879,beacon,AP01,broadcast,-71.0,False,6
228.377142906,beacon,AP01,broadcast,-71.0,False,6
228.456578016,beacon,AP01,broadcast,-71.0,False,6
228.559031963,beacon,AP01,broadcast,-71.0,False,6
228.661441088,beacon,AP01,broadcast,-71.0,False,6
228.763853073,beacon,AP01,broadcast,-71.0,False,6
228.866255045,beacon,AP01,broadcast,-71.0,False,6
228.968648911,beacon,AP01,broadcast,-71.0,False,6
229.062166929,ndpa,AP01,C01,-71.0,False,24
229.062269926,bfi,C01,AP01,-68.0,False,54
229.070960045,beacon,AP01,broadcast,-71.0,False,6
229.173470020,beacon,AP01,broadcast,-71.0,False,6
229.275835991,beacon,AP01,broadcast,-72.0,False,6
229.378284931,beacon,AP01,broadcast,-72.0,False,6
229.480653048,beacon,AP01,broadcast,-72.0,False,6
229.583042860,beacon,AP01,broadcast,-71.0,False,6
229.685473919,beacon,AP01,broadcast,-72.0,False,6
229.787834883,beacon,AP01,broadcast,-71.0,False,6
229.890259981,beacon,AP01,broadcast,-72.0,False,6
229.992630005,beacon,AP01,broadcast,-71.0,False,6
230.094980955,beacon,AP01,broadcast,-72.0,False,6
230.197377920,beacon,AP01,broadcast,-71.0,False,6
230.299866915,beacon,AP01,broadcast,-71.0,False,6
230.395977974,ndpa,AP01,C01,-70.0,False,24
230.396000862,bfi,C01,AP01,-68.0,False,54
230.402268887,beacon,AP01,broadcast,-71.0,False,6
230.504654884,beacon,AP01,broadcast,-71.0,False,6
230.607053041,beacon,AP01,broadcast,-71.0,False,6
230.709369898,beacon,AP01,broadcast,-71.0,False,6
230.811877966,beacon,AP01,broadcast,-71.0,False,6
230.914169073,beacon,AP01,broadcast,-71.0,False,6
231.016658068,beacon,AP01,broadcast,-71.0,False,6
231.119034052,beacon,AP01,broadcast,-71.0,False,6
231.221457005,beacon,AP01,broadcast,-71.0,False,6
231.323900938,beacon,AP01,broadcast,-72.0,False,6
231.426271915,beacon,AP01,broadcast,-71.0,False,6
231.528681993,beacon,AP01,broadcast,-71.0,False,6
231.631098032,beacon,AP01,broadcast,-71.0,False,6
231.730949879,ndpa,AP01,C01,-71.0,False,24
231.730973005,bfi,C01,AP01,-68.0,False,54
231.733463049,beacon,AP01,broadcast,-71.0,False,6
231.835813999,beacon,AP01,broadcast,-72.0,False,6
231.938282013,beacon,AP01,broadcast,-72.0,False,6
232.040674925,beacon,AP01,broadcast,-72.0,False,6
232.142963886,beacon,AP01,broadcast,-72.0,False,6
232.245466948,beacon,AP01,broadcast,-71.0,False,6
232.347874880,beacon,AP01,broadcast,-71.0,False,6
232.450312853,beacon,AP01,broadcast,-72.0,False,6
232.552690983,beacon,AP01,broadcast,-72.0,False,6
232.655040979,beacon,AP01,broadcast,-71.0,False,6
232.757369995,beacon,AP01,broadcast,-71.0,False,6
232.859824896,beacon,AP01,broadcast,-71.0,False,6
232.962173939,beacon,AP01,broadcast,-71.0,False,6
233.063057899,ndpa,AP01,C01,-71.0,False,24
233.063148975,bfi,C01,AP01,-68.0,False,54
233.064599037,beacon,AP01,broadcast,-71.0,False,6
233.170598984,beacon,AP01,broadcast,-71.0,False,6
233.269378901,beacon,AP01,broadcast,-71.0,False,6
233.391500950,beacon,AP01,broadcast,-71.0,False,6
233.474188089,beacon,AP01,broadcast,-71.0,False,6
233.576596022,beacon,AP01,broadcast,-71.0,False,6
233.678984880,beacon,AP01,broadcast,-71.0,False,6
233.781421900,beacon,AP01,broadcast,-71.0,False,6
233.883806944,beacon,AP01,broadcast,-71.0,False,6
233.986218929,beacon,AP01,broadcast,-71.0,False,6
234.088589907,beacon,AP01,broadcast,-72.0,False,6
234.191004992,beacon,AP01,broadcast,-72.0,False,6
234.293421030,beacon,AP01,broadcast,-71.0,False,6
234.393835068,ndpa,AP01,C01,-71.0,False,24
234.393935919,bfi,C01,AP01,-68.0,False,54
234.395788908,beacon,AP01,broadcast,-71.0,False,6
234.498193026,beacon,AP01,broadcast,-71.0,False,6
234.600607872,beacon,AP01,broadcast,-71.0,False,6
234.703007936,beacon,AP01,broadcast,-71.0,False,6
234.805419922,beacon,AP01,broadcast,-71.0,False,6
234.907846928,beacon,AP01,broadcast,-71.0,False,6
235.010367870,beacon,AP01,broadcast,-71.0,False,6
235.112613916,beacon,AP01,broadcast,-71.0,False,6
235.215023041,beacon,AP01,broadcast,-72.0,False,6
235.318160057,beacon,AP01,broadcast,-71.0,False,6
235.421328068,beacon,AP01,broadcast,-71.0,False,6
235.522222042,beacon,AP01,broadcast,-71.0,False,6
235.624607086,beacon,AP01,broadcast,-72.0,False,6
235.727166891,beacon,AP01,broadcast,-71.0,False,6
235.730902910,ndpa,AP01,C01,-70.0,False,24
235.731016874,bfi,C01,AP01,-68.0,False,54
235.831145048,beacon,AP01,broadcast,-72.0,False,6
235.932460070,beacon,AP01,broadcast,-71.0,False,6
236.044533014,beacon,AP01,broadcast,-71.0,False,6
236.136753082,beacon,AP01,broadcast,-71.0,False,6
236.239111900,beacon,AP01,broadcast,-71.0,False,6
236.341892958,beacon,AP01,broadcast,-72.0,False,6
236.443919897,beacon,AP01,broadcast,-71.0,False,6
236.546300888,beacon,AP01,broadcast,-72.0,False,6
236.650275946,beacon,AP01,broadcast,-71.0,False,6
236.754271030,beacon,AP01,broadcast,-71.0,False,6
236.853506088,beacon,AP01,broadcast,-71.0,False,6
236.955919027,beacon,AP01,broadcast,-71.0,False,6
237.058278084,beacon,AP01,broadcast,-71.0,False,6
237.061912060,ndpa,AP01,C01,-70.0,False,24
237.061991930,bfi,C01,AP01,-68.0,False,54
237.160708904,beacon,AP01,broadcast,-71.0,False,6
237.263128996,beacon,AP01,broadcast,-71.0,False,6
237.365517855,beacon,AP01,broadcast,-71.0,False,6
237.467928886,beacon,AP01,broadcast,-71.0,False,6
237.570327044,beacon,AP01,broadcast,-71.0,False,6
237.672724962,beacon,AP01,broadcast,-71.0,False,6
237.775038958,beacon,AP01,broadcast,-71.0,False,6
237.877532959,beacon,AP01,broadcast,-71.0,False,6
237.979913950,beacon,AP01,broadcast,-71.0,False,6
238.082360029,beacon,AP01,broadcast,-71.0,False,6
238.190609932,beacon,AP01,broadcast,-71.0,False,6
238.287133932,beacon,AP01,broadcast,-71.0,False,6
238.411692858,beacon,AP01,broadcast,-71.0,False,6
238.411707878,ndpa,AP01,C01,-70.0,False,24
238.411751032,bfi,C01,AP01,-68.0,False,54
238.491955042,beacon,AP01,broadcast,-71.0,False,6
238.594359875,beacon,AP01,broadcast,-71.0,False,6
238.696764946,beacon,AP01,broadcast,-71.0,False,6
238.799146891,beacon,AP01,broadcast,-71.0,False,6
238.901537895,beacon,AP01,broadcast,-71.0,False,6
239.003938913,beacon,AP01,broadcast,-71.0,False,6
239.106335878,beacon,AP01,broadcast,-71.0,False,6
239.210175037,beacon,AP01,broadcast,-71.0,False,6
239.311398983,beacon,AP01,broadcast,-71.0,False,6
239.413544893,beacon,AP01,broadcast,-71.0,False,6
239.515930891,beacon,AP01,broadcast,-71.0,False,6
239.618356943,beacon,AP01,broadcast,-72.0,False,6
239.720763922,beacon,AP01,broadcast,-71.0,False,6
239.730783939,ndpa,AP01,C01,-71.0,False,24
239.730804920,bfi,C01,AP01,-68.0,False,54
239.823131084,beacon,AP01,broadcast,-71.0,False,6
239.925545931,beacon,AP01,broadcast,-72.0,False,6
240.027873993,beacon,AP01,broadcast,-71.0,False,6
240.130362988,beacon,AP01,broadcast,-71.0,False,6
240.232752085,beacon,AP01,broadcast,-71.0,False,6
240.335057020,beacon,AP01,broadcast,-71.0,False,6
240.437562943,beacon,AP01,broadcast,-71.0,False,6
240.539867878,beacon,AP01,broadcast,-71.0,False,6
240.645374060,beacon,AP01,broadcast,-71.0,False,6
240.744677067,beacon,AP01,broadcast,-71.0,False,6
240.847182989,beacon,AP01,broadcast,-71.0,False,6
240.949568033,beacon,AP01,broadcast,-71.0,False,6
241.051903009,beacon,AP01,broadcast,-71.0,False,6
241.063041925,ndpa,AP01,C01,-70.0,False,24
241.063143969,bfi,C01,AP01,-68.0,False,54
241.154260874,beacon,AP01,broadcast,-71.0,False,6
241.256684065,beacon,AP01,broadcast,-71.0,False,6
241.360585928,beacon,AP01,broadcast,-71.0,False,6
241.464295864,beacon,AP01,broadcast,-71.0,False,6
241.567298889,beacon,AP01,broadcast,-71.0,False,6
241.666311026,beacon,AP01,broadcast,-71.0,False,6
241.773442984,beacon,AP01,broadcast,-71.0,False,6
241.875025988,beacon,AP01,broadcast,-71.0,False,6
241.973723888,beacon,AP01,broadcast,-71.0,False,6
242.075948954,beacon,AP01,broadcast,-71.0,False,6
242.179720879,beacon,AP01,broadcast,-72.0,False,6
242.280858040,beacon,AP01,broadcast,-71.0,False,6
242.384520054,beacon,AP01,broadcast,-71.0,False,6
242.394814014,ndpa,AP01,C01,-71.0,False,24
242.394914865,bfi,C01,AP01,-68.0,False,54
242.485492945,beacon,AP01,broadcast,-71.0,False,6
242.587915897,beacon,AP01,broadcast,-71.0,False,6
242.691617012,beacon,AP01,broadcast,-71.0,False,6
242.792682886,beacon,AP01,broadcast,-71.0,False,6
242.895053864,beacon,AP01,broadcast,-71.0,False,6
242.997533083,beacon,AP01,broadcast,-71.0,False,6
243.099892855,beacon,AP01,broadcast,-71.0,False,6
243.215720892,beacon,AP01,broadcast,-71.0,False,6
243.304733038,beacon,AP01,broadcast,-71.0,False,6
243.431715012,beacon,AP01,broadcast,-72.0,False,6
243.514554024,beacon,AP01,broadcast,-71.0,False,6
243.611976862,beacon,AP01,broadcast,-71.0,False,6
243.714377880,beacon,AP01,broadcast,-71.0,False,6
243.730723858,ndpa,AP01,C01,-70.0,False,24
243.730767012,bfi,C01,AP01,-68.0,False,54
243.816799879,beacon,AP01,broadcast,-71.0,False,6
243.919195890,beacon,AP01,broadcast,-71.0,False,6
244.021586895,beacon,AP01,broadcast,-71.0,False,6
244.124017000,beacon,AP01,broadcast,-71.0,False,6
244.226410866,beacon,AP01,broadcast,-71.0,False,6
244.330621958,beacon,AP01,broadcast,-72.0,False,6
244.432807922,beacon,AP01,broadcast,-72.0,False,6
244.535592079,beacon,AP01,broadcast,-71.0,False,6
244.738421917,beacon,AP01,broadcast,-71.0,False,6
244.842978001,beacon,AP01,broadcast,-71.0,False,6
244.943191051,beacon,AP01,broadcast,-71.0,False,6
245.045599937,beacon,AP01,broadcast,-71.0,False,6
245.064960003,ndpa,AP01,C01,-70.0,False,24
245.065047026,bfi,C01,AP01,-68.0,False,54
245.147979975,beacon,AP01,broadcast,-71.0,False,6
245.252874851,beacon,AP01,broadcast,-71.0,False,6
245.352724075,beacon,AP01,broadcast,-71.0,False,6
245.455121040,beacon,AP01,broadcast,-71.0,False,6
245.557605028,beacon,AP01,broadcast,-71.0,False,6
245.660009861,beacon,AP01,broadcast,-71.0,False,6
245.762426853,beacon,AP01,broadcast,-71.0,False,6
245.869045973,beacon,AP01,broadcast,-71.0,False,6
245.967226028,beacon,AP01,broadcast,-71.0,False,6
246.069635868,beacon,AP01,broadcast,-71.0,False,6
246.172013044,beacon,AP01,broadcast,-71.0,False,6
246.274407864,beacon,AP01,broadcast,-71.0,False,6
246.376816034,beacon,AP01,broadcast,-71.0,False,6
246.394412994,ndpa,AP01,C01,-70.0,False,24
246.394449949,bfi,C01,AP01,-68.0,False,54
246.479309082,beacon,AP01,broadcast,-71.0,False,6
246.584984064,beacon,AP01,broadcast,-71.0,False,6
246.687465906,beacon,AP01,broadcast,-71.0,False,6
246.786448956,beacon,AP01,broadcast,-71.0,False,6
246.888783932,beacon,AP01,broadcast,-71.0,False,6
246.992097855,beacon,AP01,broadcast,-71.0,False,6
247.093652964,beacon,AP01,broadcast,-71.0,False,6
247.201070070,beacon,AP01,broadcast,-71.0,False,6
247.298409939,beacon,AP01,broadcast,-71.0,False,6
247.401191950,beacon,AP01,broadcast,-71.0,False,6
247.504466057,beacon,AP01,broadcast,-71.0,False,6
247.605617046,beacon,AP01,broadcast,-71.0,False,6
247.708400965,beacon,AP01,broadcast,-71.0,False,6
247.731581926,ndpa,AP01,C01,-71.0,False,24
247.731631994,bfi,C01,AP01,-68.0,False,54
247.810446024,beacon,AP01,broadcast,-71.0,False,6
247.912837982,beacon,AP01,broadcast,-71.0,False,6
248.015115976,beacon,AP01,broadcast,-71.0,False,6
248.117542982,beacon,AP01,broadcast,-71.0,False,6
248.230772018,beacon,AP01,broadcast,-71.0,False,6
248.322422028,beacon,AP01,broadcast,-71.0,False,6
248.451874018,beacon,AP01,broadcast,-71.0,False,6
248.527256966,beacon,AP01,broadcast,-71.0,False,6
248.629663944,beacon,AP01,broadcast,-71.0,False,6
248.731976986,beacon,AP01,broadcast,-71.0,False,6
248.834367037,beacon,AP01,broadcast,-71.0,False,6
248.936764956,beacon,AP01,broadcast,-71.0,False,6
249.042511940,beacon,AP01,broadcast,-71.0,False,6
249.064298868,ndpa,AP01,C01,-71.0,False,24
249.064401865,bfi,C01,AP01,-68.0,False,54
249.141604900,beacon,AP01,broadcast,-71.0,False,6
249.243985891,beacon,AP01,broadcast,-71.0,False,6
249.346400976,beacon,AP01,broadcast,-71.0,False,6
249.448783875,beacon,AP01,broadcast,-71.0,False,6
249.551182032,beacon,AP01,broadcast,-72.0,False,6
249.653539896,beacon,AP01,broadcast,-71.0,False,6
249.755944014,beacon,AP01,broadcast,-71.0,False,6
249.858345985,beacon,AP01,broadcast,-71.0,False,6
249.962663889,beacon,AP01,broadcast,-71.0,False,6
250.063150883,beacon,AP01,broadcast,-71.0,False,6
250.165570974,beacon,AP01,broadcast,-71.0,False,6
250.267972946,beacon,AP01,broadcast,-72.0,False,6
250.370343924,beacon,AP01,broadcast,-71.0,False,6
250.394701004,ndpa,AP01,C01,-71.0,False,24
250.394780874,bfi,C01,AP01,-68.0,False,54
250.474443913,beacon,AP01,broadcast,-72.0,False,6
250.575145960,beacon,AP01,broadcast,-72.0,False,6
250.677603006,beacon,AP01,broadcast,-71.0,False,6
250.780510902,beacon,AP01,broadcast,-71.0,False,6
250.882365942,beacon,AP01,broadcast,-71.0,False,6
250.984740973,beacon,AP01,broadcast,-70.0,False,6
251.087172985,beacon,AP01,broadcast,-70.0,False,6
251.189557076,beacon,AP01,broadcast,-70.0,False,6
251.291985989,beacon,AP01,broadcast,-72.0,False,6
251.394480944,beacon,AP01,broadcast,-70.0,False,6
251.496895075,beacon,AP01,broadcast,-70.0,False,6
251.599201918,beacon,AP01,broadcast,-71.0,False,6
251.701699972,beacon,AP01,broadcast,-71.0,False,6
251.730720043,ndpa,AP01,C01,-70.0,False,24
251.730747938,bfi,C01,AP01,-68.0,False,54
251.804040909,beacon,AP01,broadcast,-70.0,False,6
251.906473875,beacon,AP01,broadcast,-70.0,False,6
252.008872032,beacon,AP01,broadcast,-70.0,False,6
252.111264944,beacon,AP01,broadcast,-69.0,False,6
252.213677883,beacon,AP01,broadcast,-69.0,False,6
252.316053867,beacon,AP01,broadcast,-69.0,False,6
252.418498039,beacon,AP01,broadcast,-70.0,False,6
252.525217056,beacon,AP01,broadcast,-71.0,False,6
252.623230934,beacon,AP01,broadcast,-69.0,False,6
252.726927996,beacon,AP01,broadcast,-69.0,False,6
252.828052044,beacon,AP01,broadcast,-69.0,False,6
252.930428028,beacon,AP01,broadcast,-69.0,False,6
253.032882929,beacon,AP01,broadcast,-70.0,False,6
253.062844992,ndpa,AP01,C01,-69.0,False,24
253.062900066,bfi,C01,AP01,-68.0,False,54
253.135199070,beacon,AP01,broadcast,-69.0,False,6
253.251019001,beacon,AP01,broadcast,-69.0,False,6
253.340085030,beacon,AP01,broadcast,-70.0,False,6
253.471870899,beacon,AP01,broadcast,-70.0,False,6
253.545006990,beacon,AP01,broadcast,-70.0,False,6
253.648339033,beacon,AP01,broadcast,-71.0,False,6
253.749676943,beacon,AP01,broadcast,-71.0,False,6
253.852067947,beacon,AP01,broadcast,-70.0,False,6
253.954458952,beacon,AP01,broadcast,-70.0,False,6
254.056910038,beacon,AP01,broadcast,-70.0,False,6
254.159241915,beacon,AP01,broadcast,-70.0,False,6
254.261710882,beacon,AP01,broadcast,-71.0,False,6
254.364109993,beacon,AP01,broadcast,-70.0,False,6
254.394454002,ndpa,AP01,C01,-70.0,False,24
254.394507885,bfi,C01,AP01,-68.0,False,54
254.466424942,beacon,AP01,broadcast,-70.0,False,6
254.568901062,beacon,AP01,broadcast,-70.0,False,6
254.671293974,beacon,AP01,broadcast,-70.0,False,6
254.773694992,beacon,AP01,broadcast,-70.0,False,6
254.876110077,beacon,AP01,broadcast,-70.0,False,6
254.978422880,beacon,AP01,broadcast,-70.0,False,6
255.080919981,beacon,AP01,broadcast,-70.0,False,6
255.183291912,beacon,AP01,broadcast,-71.0,False,6
255.285704851,beacon,AP01,broadcast,-70.0,False,6
255.388077021,beacon,AP01,broadcast,-70.0,False,6
255.490403891,beacon,AP01,broadcast,-71.0,False,6
255.592920065,beacon,AP01,broadcast,-71.0,False,6
255.695225000,beacon,AP01,broadcast,-71.0,False,6
255.730438948,ndpa,AP01,C01,-71.0,False,24
255.730525970,bfi,C01,AP01,-68.0,False,54
255.797683001,beacon,AP01,broadcast,-71.0,False,6
255.900131941,beacon,AP01,broadcast,-71.0,False,6
256.002531052,beacon,AP01,broadcast,-72.0,False,6
256.104881048,beacon,AP01,broadcast,-71.0,False,6
256.207326889,beacon,AP01,broadcast,-71.0,False,6
256.309716940,beacon,AP01,broadcast,-70.0,False,6
256.412111044,beacon,AP01,broadcast,-70.0,False,6
256.514427900,beacon,AP01,broadcast,-70.0,False,6
256.616791010,beacon,AP01,broadcast,-70.0,False,6
256.719238997,beacon,AP01,broadcast,-71.0,False,6
256.821675062,beacon,AP01,broadcast,-71.0,False,6
256.924016953,beacon,AP01,broadcast,-71.0,False,6
257.026455879,beacon,AP01,broadcast,-71.0,False,6
257.062064886,ndpa,AP01,C01,-70.0,False,24
257.062147856,bfi,C01,AP01,-68.0,False,54
257.128856897,beacon,AP01,broadcast,-70.0,False,6
257.231256008,beacon,AP01,broadcast,-71.0,False,6
257.333659887,beacon,AP01,broadcast,-71.0,False,6
257.438175917,beacon,AP01,broadcast,-71.0,False,6
257.538470984,beacon,AP01,broadcast,-71.0,False,6
257.640820980,beacon,AP01,broadcast,-71.0,False,6
257.743257999,beacon,AP01,broadcast,-71.0,False,6
257.845640898,beacon,AP01,broadcast,-71.0,False,6
257.948052883,beacon,AP01,broadcast,-71.0,False,6
258.050476074,beacon,AP01,broadcast,-71.0,False,6
258.152906895,beacon,AP01,broadcast,-71.0,False,6
258.270890951,beacon,AP01,broadcast,-71.0,False,6
258.357774019,beacon,AP01,broadcast,-71.0,False,6
258.394568920,ndpa,AP01,C01,-71.0,False,24
258.394643068,bfi,C01,AP01,-68.0,False,54
258.460078955,beacon,AP01,broadcast,-71.0,False,6
258.562475920,beacon,AP01,broadcast,-71.0,False,6
258.664849997,beacon,AP01,broadcast,-71.0,False,6
258.767265081,beacon,AP01,broadcast,-71.0,False,6
258.869674921,beacon,AP01,broadcast,-71.0,False,6
258.972066879,beacon,AP01,broadcast,-71.0,False,6
259.074542046,beacon,AP01,broadcast,-71.0,False,6
259.176954985,beacon,AP01,broadcast,-71.0,False,6
259.279291868,beacon,AP01,broadcast,-70.0,False,6
259.381731033,beacon,AP01,broadcast,-71.0,False,6
259.484137058,beacon,AP01,broadcast,-70.0,False,6
259.586564064,beacon,AP01,broadcast,-71.0,False,6
259.688890934,beacon,AP01,broadcast,-71.0,False,6
259.730591059,ndpa,AP01,C01,-70.0,False,24
259.730613947,bfi,C01,AP01,-68.0,False,54
259.791337013,beacon,AP01,broadcast,-71.0,False,6
259.893756866,beacon,AP01,broadcast,-71.0,False,6
259.996140957,beacon,AP01,broadcast,-70.0,False,6
260.098535061,beacon,AP01,broadcast,-71.0,False,6
260.200917959,beacon,AP01,broadcast,-71.0,False,6
260.303333998,beacon,AP01,broadcast,-71.0,False,6
260.405670881,beacon,AP01,broadcast,-70.0,False,6
260.508149862,beacon,AP01,broadcast,-71.0,False,6
260.610430002,beacon,AP01,broadcast,-70.0,False,6
260.712950945,beacon,AP01,broadcast,-71.0,False,6
260.815293074,beacon,AP01,broadcast,-70.0,False,6
260.917667866,beacon,AP01,broadcast,-71.0,False,6
261.020143032,beacon,AP01,broadcast,-71.0,False,6
261.062896013,ndpa,AP01,C01,-70.0,False,24
261.062901020,bfi,C01,AP01,-68.0,False,54
261.122479916,beacon,AP01,broadcast,-71.0,False,6
261.224968910,beacon,AP01,broadcast,-71.0,False,6
261.327368021,beacon,AP01,broadcast,-70.0,False,6
261.429768085,beacon,AP01,broadcast,-70.0,False,6
261.532150984,beacon,AP01,broadcast,-71.0,False,6
261.634567976,beacon,AP01,broadcast,-71.0,False,6
261.736981869,beacon,AP01,broadcast,-71.0,False,6
261.839356899,beacon,AP01,broadcast,-71.0,False,6
261.941768885,beacon,AP01,broadcast,-70.0,False,6
262.044139862,beacon,AP01,broadcast,-71.0,False,6
262.146566868,beacon,AP01,broadcast,-71.0,False,6
262.248991966,beacon,AP01,broadcast,-70.0,False,6
262.351355076,beacon,AP01,broadcast,-71.0,False,6
262.395102978,ndpa,AP01,C01,-70.0,False,24
262.395158052,bfi,C01,AP01,-68.0,False,54
262.453755856,beacon,AP01,broadcast,-71.0,False,6
262.556156874,beacon,AP01,broadcast,-71.0,False,6
262.658586979,beacon,AP01,broadcast,-71.0,False,6
262.760920048,beacon,AP01,broadcast,-71.0,False,6
262.863400936,beacon,AP01,broadcast,-71.0,False,6
262.965790987,beacon,AP01,broadcast,-71.0,False,6
263.068173885,beacon,AP01,broadcast,-70.0,False,6
263.170469046,beacon,AP01,broadcast,-71.0,False,6
263.290981054,beacon,AP01,broadcast,-70.0,False,6
263.375396013,beacon,AP01,broadcast,-71.0,False,6
263.477792025,beacon,AP01,broadcast,-70.0,False,6
263.580075026,beacon,AP01,broadcast,-70.0,False,6
263.682585001,beacon,AP01,broadcast,-71.0,False,6
263.732469082,ndpa,AP01,C01,-70.0,False,24
263.732553005,bfi,C01,AP01,-68.0,False,54
263.784955978,beacon,AP01,broadcast,-71.0,False,6
263.887295008,beacon,AP01,broadcast,-70.0,False,6
263.989810944,beacon,AP01,broadcast,-71.0,False,6
264.092171907,beacon,AP01,broadcast,-71.0,False,6
264.194581985,beacon,AP01,broadcast,-70.0,False,6
264.296944857,beacon,AP01,broadcast,-70.0,False,6
264.400583029,beacon,AP01,broadcast,-70.0,False,6
264.501730919,beacon,AP01,broadcast,-70.0,False,6
264.604048014,beacon,AP01,broadcast,-70.0,False,6
264.706886053,beacon,AP01,broadcast,-70.0,False,6
264.808929920,beacon,AP01,broadcast,-71.0,False,6
264.911308050,beacon,AP01,broadcast,-70.0,False,6
265.013679028,beacon,AP01,broadcast,-70.0,False,6
265.063442945,ndpa,AP01,C01,-70.0,False,24
265.063538074,bfi,C01,AP01,-68.0,False,54
265.116106033,beacon,AP01,broadcast,-70.0,False,6
265.218523026,beacon,AP01,broadcast,-70.0,False,6
265.320915937,beacon,AP01,broadcast,-70.0,False,6
265.423306942,beacon,AP01,broadcast,-70.0,False,6
265.525716066,beacon,AP01,broadcast,-71.0,False,6
265.628115892,beacon,AP01,broadcast,-70.0,False,6
265.730506897,beacon,AP01,broadcast,-70.0,False,6
265.833181858,beacon,AP01,broadcast,-70.0,False,6
265.935358047,beacon,AP01,broadcast,-70.0,False,6
266.037750959,beacon,AP01,broadcast,-70.0,False,6
266.140110016,beacon,AP01,broadcast,-71.0,False,6
266.242518902,beacon,AP01,broadcast,-71.0,False,6
266.344897032,beacon,AP01,broadcast,-71.0,False,6
266.394806862,ndpa,AP01,C01,-70.0,False,24
266.394895077,bfi,C01,AP01,-68.0,False,54
266.447327852,beacon,AP01,broadcast,-71.0,False,6
266.549742937,beacon,AP01,broadcast,-71.0,False,6
266.652155876,beacon,AP01,broadcast,-70.0,False,6
266.754504919,beacon,AP01,broadcast,-70.0,False,6
266.857033968,beacon,AP01,broadcast,-70.0,False,6
266.959425926,beacon,AP01,broadcast,-70.0,False,6
267.061833858,beacon,AP01,broadcast,-70.0,False,6
267.164216042,beacon,AP01,broadcast,-71.0,False,6
267.266635895,beacon,AP01,broadcast,-70.0,False,6
267.369006872,beacon,AP01,broadcast,-70.0,False,6
267.471411943,beacon,AP01,broadcast,-70.0,False,6
267.573812962,beacon,AP01,broadcast,-70.0,False,6
267.676147938,beacon,AP01,broadcast,-70.0,False,6
267.731091022,ndpa,AP01,C01,-70.0,False,24
267.731111050,bfi,C01,AP01,-68.0,False,54
267.778644085,beacon,AP01,broadcast,-70.0,False,6
267.880940914,beacon,AP01,broadcast,-70.0,False,6
267.983358860,beacon,AP01,broadcast,-70.0,False,6
268.085717916,beacon,AP01,broadcast,-71.0,False,6
268.188258886,beacon,AP01,broadcast,-70.0,False,6
268.311069965,beacon,AP01,broadcast,-70.0,False,6
268.393692970,beacon,AP01,broadcast,-70.0,False,6
268.495429039,beacon,AP01,broadcast,-70.0,False,6
268.597867012,beacon,AP01,broadcast,-71.0,False,6
268.700134039,beacon,AP01,broadcast,-70.0,False,6
268.802649021,beacon,AP01,broadcast,-71.0,False,6
268.905036926,beacon,AP01,broadcast,-70.0,False,6
269.007449865,beacon,AP01,broadcast,-70.0,False,6
269.063247919,ndpa,AP01,C01,-70.0,False,24
269.063268900,bfi,C01,AP01,-68.0,False,54
269.109848022,beacon,AP01,broadcast,-70.0,False,6
269.212261915,beacon,AP01,broadcast,-70.0,False,6
269.314638853,beacon,AP01,broadcast,-71.0,False,6
269.417047024,beacon,AP01,broadcast,-71.0,False,6
269.519466877,beacon,AP01,broadcast,-70.0,False,6
269.621824026,beacon,AP01,broadcast,-71.0,False,6
269.724256039,beacon,AP01,broadcast,-71.0,False,6
269.826642036,beacon,AP01,broadcast,-70.0,False,6
269.929041862,beacon,AP01,broadcast,-71.0,False,6
270.031457901,beacon,AP01,broadcast,-71.0,False,6
270.133892059,beacon,AP01,broadcast,-71.0,False,6
270.236170053,beacon,AP01,broadcast,-71.0,False,6
270.338661909,beacon,AP01,broadcast,-71.0,False,6
270.395453930,ndpa,AP01,C01,-71.0,False,24
270.395506859,bfi,C01,AP01,-68.0,False,54
270.440957069,beacon,AP01,broadcast,-70.0,False,6
270.545078039,beacon,AP01,broadcast,-71.0,False,6
270.645845890,beacon,AP01,broadcast,-71.0,False,6
270.748174906,beacon,AP01,broadcast,-71.0,False,6
270.850640059,beacon,AP01,broadcast,-71.0,False,6
270.953018904,beacon,AP01,broadcast,-71.0,False,6
271.055449963,beacon,AP01,broadcast,-70.0,False,6
271.157742023,beacon,AP01,broadcast,-71.0,False,6
271.260297060,beacon,AP01,broadcast,-70.0,False,6
271.362653971,beacon,AP01,broadcast,-71.0,False,6
271.465080976,beacon,AP01,broadcast,-70.0,False,6
271.567477942,beacon,AP01,broadcast,-71.0,False,6
271.669879913,beacon,AP01,broadcast,-71.0,False,6
271.730823994,ndpa,AP01,C01,-70.0,False,24
271.730906010,bfi,C01,AP01,-68.0,False,54
271.772239923,beacon,AP01,broadcast,-70.0,False,6
271.874655008,beacon,AP01,broadcast,-71.0,False,6
271.977017879,beacon,AP01,broadcast,-71.0,False,6
272.079410076,beacon,AP01,broadcast,-71.0,False,6
272.181777954,beacon,AP01,broadcast,-71.0,False,6
272.284183025,beacon,AP01,broadcast,-70.0,False,6
272.386579990,beacon,AP01,broadcast,-71.0,False,6
272.488959074,beacon,AP01,broadcast,-70.0,False,6
272.591376066,beacon,AP01,broadcast,-71.0,False,6
272.693772078,beacon,AP01,broadcast,-70.0,False,6
272.796206951,beacon,AP01,broadcast,-70.0,False,6
272.898575068,beacon,AP01,broadcast,-70.0,False,6
273.000980854,beacon,AP01,broadcast,-70.0,False,6
273.062507868,ndpa,AP01,C01,-70.0,False,24
273.062638044,bfi,C01,AP01,-68.0,False,54
273.103368998,beacon,AP01,broadcast,-70.0,False,6
273.205800056,beacon,AP01,broadcast,-70.0,False,6
273.331143856,beacon,AP01,broadcast,-70.0,False,6
273.410588980,beacon,AP01,broadcast,-71.0,False,6
273.513031960,beacon,AP01,broadcast,-70.0,False,6
273.615442991,beacon,AP01,broadcast,-71.0,False,6
273.717813969,beacon,AP01,broadcast,-70.0,False,6
273.820220947,beacon,AP01,broadcast,-70.0,False,6
273.922647953,beacon,AP01,broadcast,-70.0,False,6
274.025013924,beacon,AP01,broadcast,-70.0,False,6
274.127439022,beacon,AP01,broadcast,-70.0,False,6
274.229793072,beacon,AP01,broadcast,-70.0,False,6
274.332221985,beacon,AP01,broadcast,-70.0,False,6
274.394674063,ndpa,AP01,C01,-70.0,False,24
274.394782066,bfi,C01,AP01,-68.0,False,54
274.436179876,beacon,AP01,broadcast,-70.0,False,6
274.537209034,beacon,AP01,broadcast,-71.0,False,6
274.639472961,beacon,AP01,broadcast,-70.0,False,6
274.741895914,beacon,AP01,broadcast,-70.0,False,6
274.844325066,beacon,AP01,broadcast,-70.0,False,6
274.946692944,beacon,AP01,broadcast,-70.0,False,6
275.049124956,beacon,AP01,broadcast,-70.0,False,6
275.151411057,beacon,AP01,broadcast,-70.0,False,6
275.253903866,beacon,AP01,broadcast,-70.0,False,6
275.356246948,beacon,AP01,broadcast,-70.0,False,6
275.458715916,beacon,AP01,broadcast,-70.0,False,6
275.561105967,beacon,AP01,broadcast,-71.0,False,6
275.663511992,beacon,AP01,broadcast,-71.0,False,6
275.730922937,ndpa,AP01,C01,-70.0,False,24
275.730947018,bfi,C01,AP01,-68.0,False,54
275.765805960,beacon,AP01,broadcast,-70.0,False,6
275.868320942,beacon,AP01,broadcast,-70.0,False,6
275.970684052,beacon,AP01,broadcast,-70.0,False,6
276.073142052,beacon,AP01,broadcast,-71.0,False,6
276.175507069,beacon,AP01,broadcast,-70.0,False,6
276.277924061,beacon,AP01,broadcast,-70.0,False,6
276.380275965,beacon,AP01,broadcast,-71.0,False,6
276.482703924,beacon,AP01,broadcast,-71.0,False,6
276.585105896,beacon,AP01,broadcast,-71.0,False,6
276.687514067,beacon,AP01,broadcast,-71.0,False,6
276.789901018,beacon,AP01,broadcast,-71.0,False,6
276.892294884,beacon,AP01,broadcast,-70.0,False,6
276.994736910,beacon,AP01,broadcast,-70.0,False,6
277.062906981,ndpa,AP01,C01,-70.0,False,24
277.062949896,bfi,C01,AP01,-68.0,False,54
277.097084045,beacon,AP01,broadcast,-71.0,False,6
277.199522972,beacon,AP01,broadcast,-71.0,False,6
277.301819086,beacon,AP01,broadcast,-70.0,False,6
277.404350996,beacon,AP01,broadcast,-70.0,False,6
277.506725073,beacon,AP01,broadcast,-70.0,False,6
277.609128952,beacon,AP01,broadcast,-71.0,False,6
277.711451054,beacon,AP01,broadcast,-70.0,False,6
277.730922937,ndpa,AP01,C01,-70.0,False,24
277.730927944,bfi,C01,AP01,-68.0,False,54
277.813791037,beacon,AP01,broadcast,-71.0,False,6
277.916329861,beacon,AP01,broadcast,-70.0,False,6
278.018723011,beacon,AP01,broadcast,-71.0,False,6
278.121101856,beacon,AP01,broadcast,-71.0,False,6
278.223569870,beacon,AP01,broadcast,-71.0,False,6
278.354907990,beacon,AP01,broadcast,-70.0,False,6
278.394671917,ndpa,AP01,C01,-70.0,False,24
278.394696951,bfi,C01,AP01,-68.0,False,54
278.428227901,beacon,AP01,broadcast,-71.0,False,6
278.530714989,beacon,AP01,broadcast,-71.0,False,6
278.633152008,beacon,AP01,broadcast,-70.0,False,6
278.735557079,beacon,AP01,broadcast,-70.0,False,6
278.837941885,beacon,AP01,broadcast,-71.0,False,6
278.940361023,beacon,AP01,broadcast,-71.0,False,6
279.042757034,beacon,AP01,broadcast,-70.0,False,6
279.063153028,ndpa,AP01,C01,-70.0,False,24
279.063179016,bfi,C01,AP01,-68.0,False,54
279.145138025,beacon,AP01,broadcast,-71.0,False,6
279.247530937,beacon,AP01,broadcast,-70.0,False,6
279.349946022,beacon,AP01,broadcast,-70.0,False,6
279.456337929,beacon,AP01,broadcast,-70.0,False,6
279.554738998,beacon,AP01,broadcast,-70.0,False,6
279.657136917,beacon,AP01,broadcast,-70.0,False,6
279.759516954,beacon,AP01,broadcast,-70.0,False,6
279.861912966,beacon,AP01,broadcast,-70.0,False,6
279.964274883,beacon,AP01,broadcast,-70.0,False,6
280.066693068,beacon,AP01,broadcast,-70.0,False,6
280.169067860,beacon,AP01,broadcast,-70.0,False,6
280.271458864,beacon,AP01,broadcast,-70.0,False,6
280.373832941,beacon,AP01,broadcast,-70.0,False,6
280.394752026,ndpa,AP01,C01,-70.0,False,24
280.394850016,bfi,C01,AP01,-68.0,False,54
280.476300001,beacon,AP01,broadcast,-70.0,False,6
280.578695059,beacon,AP01,broadcast,-70.0,False,6
280.681099892,beacon,AP01,broadcast,-70.0,False,6
280.783474922,beacon,AP01,broadcast,-70.0,False,6
280.885846853,beacon,AP01,broadcast,-70.0,False,6
280.988286018,beacon,AP01,broadcast,-70.0,False,6
281.090674877,beacon,AP01,broadcast,-70.0,False,6
281.193064928,beacon,AP01,broadcast,-70.0,False,6
281.295511961,beacon,AP01,broadcast,-70.0,False,6
281.397903919,beacon,AP01,broadcast,-70.0,False,6
281.500271082,beacon,AP01,broadcast,-70.0,False,6
281.602719069,beacon,AP01,broadcast,-70.0,False,6
281.705111027,beacon,AP01,broadcast,-70.0,False,6
281.731153965,ndpa,AP01,C01,-70.0,False,24
281.731252909,bfi,C01,AP01,-68.0,False,54
281.807518005,beacon,AP01,broadcast,-70.0,False,6
281.909899950,beacon,AP01,broadcast,-70.0,False,6
282.012249947,beacon,AP01,broadcast,-70.0,False,6
282.114676952,beacon,AP01,broadcast,-71.0,False,6
282.217062950,beacon,AP01,broadcast,-70.0,False,6
282.319534063,beacon,AP01,broadcast,-70.0,False,6
282.421958923,beacon,AP01,broadcast,-71.0,False,6
282.524369955,beacon,AP01,broadcast,-70.0,False,6
282.626755953,beacon,AP01,broadcast,-70.0,False,6
282.729080915,beacon,AP01,broadcast,-71.0,False,6
282.831470966,beacon,AP01,broadcast,-70.0,False,6
282.933975935,beacon,AP01,broadcast,-70.0,False,6
283.036383867,beacon,AP01,broadcast,-70.0,False,6
283.063284874,ndpa,AP01,C01,-70.0,False,24
283.063405991,bfi,C01,AP01,-68.0,False,54
283.138755083,beacon,AP01,broadcast,-70.0,False,6
283.241154909,beacon,AP01,broadcast,-71.0,False,6
283.372199059,beacon,AP01,broadcast,-71.0,False,6
283.445868015,beacon,AP01,broadcast,-70.0,False,6
283.548384905,beacon,AP01,broadcast,-70.0,False,6
283.650791883,beacon,AP01,broadcast,-70.0,False,6
283.753211975,beacon,AP01,broadcast,-71.0,False,6
283.855804920,beacon,AP01,broadcast,-71.0,False,6
283.957978964,beacon,AP01,broadcast,-71.0,False,6
284.060316086,beacon,AP01,broadcast,-71.0,False,6
284.162785053,beacon,AP01,broadcast,-71.0,False,6
284.265167952,beacon,AP01,broadcast,-71.0,False,6
284.367580891,beacon,AP01,broadcast,-71.0,False,6
284.394049883,ndpa,AP01,C01,-70.0,False,24
284.394190073,bfi,C01,AP01,-68.0,False,54
284.476387978,beacon,AP01,broadcast,-70.0,False,6
284.572293997,beacon,AP01,broadcast,-71.0,False,6
284.674779892,beacon,AP01,broadcast,-70.0,False,6
284.777092934,beacon,AP01,broadcast,-71.0,False,6
284.879602909,beacon,AP01,broadcast,-70.0,False,6
284.981908083,beacon,AP01,broadcast,-70.0,False,6
285.084408998,beacon,AP01,broadcast,-70.0,False,6
285.186794996,beacon,AP01,broadcast,-70.0,False,6
285.289191008,beacon,AP01,broadcast,-70.0,False,6
285.391593933,beacon,AP01,broadcast,-71.0,False,6
285.494024038,beacon,AP01,broadcast,-71.0,False,6
285.596397877,beacon,AP01,broadcast,-71.0,False,6
285.698822975,beacon,AP01,broadcast,-71.0,False,6
285.731106043,ndpa,AP01,C01,-71.0,False,24
285.731200933,bfi,C01,AP01,-68.0,False,54
285.801197052,beacon,AP01,broadcast,-70.0,False,6
285.903517962,beacon,AP01,broadcast,-70.0,False,6
286.006027937,beacon,AP01,broadcast,-71.0,False,6
286.108401060,beacon,AP01,broadcast,-70.0,False,6
286.210803032,beacon,AP01,broadcast,-70.0,False,6
286.313184023,beacon,AP01,broadcast,-70.0,False,6
286.415543079,beacon,AP01,broadcast,-71.0,False,6
286.517904997,beacon,AP01,broadcast,-70.0,False,6
286.620418072,beacon,AP01,broadcast,-70.0,False,6
286.722809076,beacon,AP01,broadcast,-70.0,False,6
286.825211048,beacon,AP01,broadcast,-70.0,False,6
286.927592039,beacon,AP01,broadcast,-70.0,False,6
287.030284882,beacon,AP01,broadcast,-70.0,False,6
287.062931061,ndpa,AP01,C01,-70.0,False,24
287.063101053,bfi,C01,AP01,-68.0,False,54
287.132313013,beacon,AP01,broadcast,-70.0,False,6
287.234849930,beacon,AP01,broadcast,-70.0,False,6
287.337137938,beacon,AP01,broadcast,-70.0,False,6
287.439625978,beacon,AP01,broadcast,-70.0,False,6
287.541959047,beacon,AP01,broadcast,-70.0,False,6
287.644376993,beacon,AP01,broadcast,-70.0,False,6
287.746712923,beacon,AP01,broadcast,-70.0,False,6
287.849129915,beacon,AP01,broadcast,-71.0,False,6
287.951529026,beacon,AP01,broadcast,-70.0,False,6
288.053911924,beacon,AP01,broadcast,-70.0,False,6
288.156329870,beacon,AP01,broadcast,-70.0,False,6
288.258728981,beacon,AP01,broadcast,-70.0,False,6
288.361181021,beacon,AP01,broadcast,-70.0,False,6
288.395843029,ndpa,AP01,C01,-70.0,False,24
288.395912886,bfi,C01,AP01,-68.0,False,54
288.463630915,beacon,AP01,broadcast,-70.0,False,6
288.565942049,beacon,AP01,broadcast,-70.0,False,6
288.668334961,beacon,AP01,broadcast,-71.0,False,6
288.770778894,beacon,AP01,broadcast,-70.0,False,6
288.873166084,beacon,AP01,broadcast,-70.0,False,6
288.975569010,beacon,AP01,broadcast,-70.0,False,6
289.077939987,beacon,AP01,broadcast,-70.0,False,6
289.180376053,beacon,AP01,broadcast,-70.0,False,6
289.282763958,beacon,AP01,broadcast,-70.0,False,6
289.385165930,beacon,AP01,broadcast,-70.0,False,6
289.496670008,beacon,AP01,broadcast,-70.0,False,6
289.589932919,beacon,AP01,broadcast,-70.0,False,6
289.692396879,beacon,AP01,broadcast,-70.0,False,6
289.731052876,ndpa,AP01,C01,-70.0,False,24
289.731127977,bfi,C01,AP01,-68.0,False,54
289.897181034,beacon,AP01,broadcast,-71.0,False,6
289.999559879,beacon,AP01,broadcast,-70.0,False,6
290.102078915,beacon,AP01,broadcast,-70.0,False,6
290.204487085,beacon,AP01,broadcast,-71.0,False,6
290.306846857,beacon,AP01,broadcast,-71.0,False,6
290.409241915,beacon,AP01,broadcast,-70.0,False,6
290.511642933,beacon,AP01,broadcast,-70.0,False,6
290.614063025,beacon,AP01,broadcast,-70.0,False,6
290.716435909,beacon,AP01,broadcast,-70.0,False,6
290.818841934,beacon,AP01,broadcast,-71.0,False,6
290.921272993,beacon,AP01,broadcast,-70.0,False,6
291.023597956,beacon,AP01,broadcast,-70.0,False,6
291.062624931,ndpa,AP01,C01,-70.0,False,24
291.062682867,bfi,C01,AP01,-68.0,False,54
291.126008034,beacon,AP01,broadcast,-70.0,False,6
291.228456974,beacon,AP01,broadcast,-70.0,False,6
291.330878973,beacon,AP01,broadcast,-70.0,False,6
291.433238029,beacon,AP01,broadcast,-70.0,False,6
291.535670042,beacon,AP01,broadcast,-71.0,False,6
291.638019085,beacon,AP01,broadcast,-70.0,False,6
291.740453959,beacon,AP01,broadcast,-70.0,False,6
291.842761040,beacon,AP01,broadcast,-70.0,False,6
291.945246935,beacon,AP01,broadcast,-70.0,False,6
292.047570944,beacon,AP01,broadcast,-70.0,False,6
292.150058031,beacon,AP01,broadcast,-70.0,False,6
292.252465010,beacon,AP01,broadcast,-70.0,False,6
292.354934931,beacon,AP01,broadcast,-70.0,False,6
292.396115065,ndpa,AP01,C01,-70.0,False,24
292.396209955,bfi,C01,AP01,-68.0,False,54
292.457243919,beacon,AP01,broadcast,-70.0,False,6
292.559705973,beacon,AP01,broadcast,-71.0,False,6
292.661963940,beacon,AP01,broadcast,-70.0,False,6
292.764487982,beacon,AP01,broadcast,-71.0,False,6
292.866823912,beacon,AP01,broadcast,-70.0,False,6
292.969279051,beacon,AP01,broadcast,-70.0,False,6
293.071573019,beacon,AP01,broadcast,-70.0,False,6
293.174062967,beacon,AP01,broadcast,-70.0,False,6
293.276485920,beacon,AP01,broadcast,-70.0,False,6
293.378890991,beacon,AP01,broadcast,-70.0,False,6
293.481262922,beacon,AP01,broadcast,-70.0,False,6
293.583587885,beacon,AP01,broadcast,-70.0,False,6
293.686037064,beacon,AP01,broadcast,-70.0,False,6
293.731343985,ndpa,AP01,C01,-70.0,False,24
293.731422901,bfi,C01,AP01,-68.0,False,54
293.788455009,beacon,AP01,broadcast,-70.0,False,6
293.890868902,beacon,AP01,broadcast,-71.0,False,6
293.993252039,beacon,AP01,broadcast,-70.0,False,6
294.095706940,beacon,AP01,broadcast,-70.0,False,6
294.198045969,beacon,AP01,broadcast,-70.0,False,6
294.300488949,beacon,AP01,broadcast,-71.0,False,6
294.402801991,beacon,AP01,broadcast,-71.0,False,6
294.516587019,beacon,AP01,broadcast,-70.0,False,6
294.607727051,beacon,AP01,broadcast,-70.0,False,6
294.710102081,beacon,AP01,broadcast,-70.0,False,6
294.812434912,beacon,AP01,broadcast,-71.0,False,6
294.914818048,beacon,AP01,broadcast,-70.0,False,6
295.017307043,beacon,AP01,broadcast,-70.0,False,6
295.063014984,ndpa,AP01,C01,-70.0,False,24
295.063111067,bfi,C01,AP01,-68.0,False,54
295.119715929,beacon,AP01,broadcast,-70.0,False,6
295.222042084,beacon,AP01,broadcast,-71.0,False,6
295.324435949,beacon,AP01,broadcast,-70.0,False,6
295.426820040,beacon,AP01,broadcast,-70.0,False,6
295.529227972,beacon,AP01,broadcast,-71.0,False,6
295.631625891,beacon,AP01,broadcast,-70.0,False,6
295.734021902,beacon,AP01,broadcast,-70.0,False,6
295.836431026,beacon,AP01,broadcast,-70.0,False,6
295.938824892,beacon,AP01,broadcast,-70.0,False,6
296.041195869,beacon,AP01,broadcast,-70.0,False,6
296.143622875,beacon,AP01,broadcast,-70.0,False,6
296.246022940,beacon,AP01,broadcast,-70.0,False,6
296.348461866,beacon,AP01,broadcast,-70.0,False,6
296.395178080,ndpa,AP01,C01,-70.0,False,24
296.395237923,bfi,C01,AP01,-68.0,False,54
296.450846910,beacon,AP01,broadcast,-71.0,False,6
296.553255081,beacon,AP01,broadcast,-70.0,False,6
296.655624866,beacon,AP01,broadcast,-71.0,False,6
296.758028984,beacon,AP01,broadcast,-70.0,False,6
296.860457897,beacon,AP01,broadcast,-71.0,False,6
296.962866068,beacon,AP01,broadcast,-70.0,False,6
297.065275908,beacon,AP01,broadcast,-70.0,False,6
297.167645931,beacon,AP01,broadcast,-70.0,False,6
297.270287037,beacon,AP01,broadcast,-70.0,False,6
297.372447014,beacon,AP01,broadcast,-70.0,False,6
297.474876881,beacon,AP01,broadcast,-70.0,False,6
297.577249050,beacon,AP01,broadcast,-70.0,False,6
297.679616928,beacon,AP01,broadcast,-70.0,False,6
297.731078863,ndpa,AP01,C01,-70.0,False,24
297.731178045,bfi,C01,AP01,-68.0,False,54
297.782096863,beacon,AP01,broadcast,-70.0,False,6
297.884489059,beacon,AP01,broadcast,-71.0,False,6
297.986935854,beacon,AP01,broadcast,-70.0,False,6
298.089420080,beacon,AP01,broadcast,-70.0,False,6
298.191817999,beacon,AP01,broadcast,-70.0,False,6
298.294293880,beacon,AP01,broadcast,-70.0,False,6
298.396520853,beacon,AP01,broadcast,-70.0,False,6
298.498909950,beacon,AP01,broadcast,-70.0,False,6
298.601321936,beacon,AP01,broadcast,-70.0,False,6
298.703737020,beacon,AP01,broadcast,-70.0,False,6
298.805998087,beacon,AP01,broadcast,-70.0,False,6
298.908524990,beacon,AP01,broadcast,-70.0,False,6
299.010942936,beacon,AP01,broadcast,-70.0,False,6
299.063500881,ndpa,AP01,C01,-70.0,False,24
299.063579082,bfi,C01,AP01,-68.0,False,54
299.113251925,beacon,AP01,broadcast,-70.0,False,6
299.215715885,beacon,AP01,broadcast,-70.0,False,6
299.318135023,beacon,AP01,broadcast,-71.0,False,6
299.420527935,beacon,AP01,broadcast,-71.0,False,6
299.536833048,beacon,AP01,broadcast,-71.0,False,6
299.625349045,beacon,AP01,broadcast,-70.0,False,6
299.727735996,beacon,AP01,broadcast,-71.0,False,6
299.830160856,beacon,AP01,broadcast,-70.0,False,6
299.932522058,beacon,AP01,broadcast,-70.0,False,6
300.034971952,beacon,AP01,broadcast,-70.0,False,6
300.137332916,beacon,AP01,broadcast,-71.0,False,6
300.239748955,beacon,AP01,broadcast,-71.0,False,6
300.342146873,beacon,AP01,broadcast,-70.0,False,6
300.395197868,ndpa,AP01,C01,-70.0,False,24
300.395304918,bfi,C01,AP01,-68.0,False,54
300.444571018,beacon,AP01,broadcast,-72.0,False,6
300.546937943,beacon,AP01,broadcast,-71.0,False,6
300.649373055,beacon,AP01,broadcast,-70.0,False,6
300.751734018,beacon,AP01,broadcast,-71.0,False,6
300.854166031,beacon,AP01,broadcast,-70.0,False,6
300.956532001,beacon,AP01,broadcast,-70.0,False,6
301.058944941,beacon,AP01,broadcast,-70.0,False,6
301.161308050,beacon,AP01,broadcast,-70.0,False,6
301.263767958,beacon,AP01,broadcast,-70.0,False,6
301.366185904,beacon,AP01,broadcast,-70.0,False,6
301.468582869,beacon,AP01,broadcast,-70.0,False,6
301.570950985,beacon,AP01,broadcast,-70.0,False,6
301.673269987,beacon,AP01,broadcast,-69.0,False,6
301.725972891,ndpa,AP01,C01,-70.0,False,24
301.726078987,bfi,C01,AP01,-68.0,False,54
301.775754929,beacon,AP01,broadcast,-69.0,False,6
301.878087044,beacon,AP01,broadcast,-70.0,False,6
301.980581999,beacon,AP01,broadcast,-69.0,False,6
302.082973003,beacon,AP01,broadcast,-69.0,False,6
302.185251951,beacon,AP01,broadcast,-69.0,False,6
302.287759066,beacon,AP01,broadcast,-70.0,False,6
302.390125990,beacon,AP01,broadcast,-70.0,False,6
302.492555857,beacon,AP01,broadcast,-70.0,False,6
302.594979048,beacon,AP01,broadcast,-70.0,False,6
302.697397947,beacon,AP01,broadcast,-71.0,False,6
302.799728870,beacon,AP01,broadcast,-70.0,False,6
302.902183056,beacon,AP01,broadcast,-70.0,False,6
303.004508972,beacon,AP01,broadcast,-70.0,False,6
303.053689957,ndpa,AP01,C01,-69.0,False,24
303.053797960,bfi,C01,AP01,-68.0,False,54
303.106900930,beacon,AP01,broadcast,-68.0,False,6
303.209316969,beacon,AP01,broadcast,-70.0,False,6
303.311701059,beacon,AP01,broadcast,-69.0,False,6
303.414062023,beacon,AP01,broadcast,-69.0,False,6
303.516510963,beacon,AP01,broadcast,-70.0,False,6
303.618957996,beacon,AP01,broadcast,-70.0,False,6
303.721271038,beacon,AP01,broadcast,-70.0,False,6
303.823658943,beacon,AP01,broadcast,-70.0,False,6
303.926081896,beacon,AP01,broadcast,-70.0,False,6
304.028485060,beacon,AP01,broadcast,-70.0,False,6
304.130905867,beacon,AP01,broadcast,-71.0,False,6
304.233319998,beacon,AP01,broadcast,-71.0,False,6
304.335689068,beacon,AP01,broadcast,-72.0,False,6
304.385232925,ndpa,AP01,C01,-70.0,False,24
304.385336876,bfi,C01,AP01,-68.0,False,54
304.438086987,beacon,AP01,broadcast,-71.0,False,6
304.556634903,beacon,AP01,broadcast,-71.0,False,6
304.642915964,beacon,AP01,broadcast,-72.0,False,6
304.745270967,beacon,AP01,broadcast,-71.0,False,6
304.847689867,beacon,AP01,broadcast,-71.0,False,6
304.950100899,beacon,AP01,broadcast,-72.0,False,6
305.052511930,beacon,AP01,broadcast,-71.0,False,6
305.154906034,beacon,AP01,broadcast,-70.0,False,6
305.257305861,beacon,AP01,broadcast,-70.0,False,6
305.359688044,beacon,AP01,broadcast,-70.0,False,6
305.462133884,beacon,AP01,broadcast,-71.0,False,6
305.564617872,beacon,AP01,broadcast,-71.0,False,6
305.667000055,beacon,AP01,broadcast,-71.0,False,6
305.721086979,ndpa,AP01,C01,-70.0,False,24
305.721168041,bfi,C01,AP01,-68.0,False,54
305.769387960,beacon,AP01,broadcast,-71.0,False,6
305.871782064,beacon,AP01,broadcast,-71.0,False,6
305.974184990,beacon,AP01,broadcast,-71.0,False,6
306.076624870,beacon,AP01,broadcast,-71.0,False,6
306.178974867,beacon,AP01,broadcast,-71.0,False,6
306.281414032,beacon,AP01,broadcast,-72.0,False,6
306.383728981,beacon,AP01,broadcast,-71.0,False,6
306.486207008,beacon,AP01,broadcast,-71.0,False,6
306.588511944,beacon,AP01,broadcast,-71.0,False,6
306.690975904,beacon,AP01,broadcast,-71.0,False,6
306.793422937,beacon,AP01,broadcast,-71.0,False,6
306.895792961,beacon,AP01,broadcast,-71.0,False,6
306.998202085,beacon,AP01,broadcast,-71.0,False,6
307.053292990,ndpa,AP01,C01,-70.0,False,24
307.053313971,bfi,C01,AP01,-68.0,False,54
307.100609064,beacon,AP01,broadcast,-71.0,False,6
307.202996016,beacon,AP01,broadcast,-71.0,False,6
307.305461884,beacon,AP01,broadcast,-71.0,False,6
307.407804966,beacon,AP01,broadcast,-71.0,False,6
307.510241032,beacon,AP01,broadcast,-71.0,False,6
307.612608910,beacon,AP01,broadcast,-71.0,False,6
307.715025902,beacon,AP01,broadcast,-72.0,False,6
307.817415953,beacon,AP01,broadcast,-72.0,False,6
307.919815063,beacon,AP01,broadcast,-72.0,False,6
308.023882866,beacon,AP01,broadcast,-72.0,False,6
308.124626875,beacon,AP01,broadcast,-72.0,False,6
308.228471994,beacon,AP01,broadcast,-72.0,False,6
308.329419851,beacon,AP01,broadcast,-72.0,False,6
308.385228872,ndpa,AP01,C01,-71.0,False,24
308.385259867,bfi,C01,AP01,-68.0,False,54
308.431813002,beacon,AP01,broadcast,-72.0,False,6
308.534236908,beacon,AP01,broadcast,-72.0,False,6
308.636610031,beacon,AP01,broadcast,-72.0,False,6
308.739001989,beacon,AP01,broadcast,-72.0,False,6
308.841403008,beacon,AP01,broadcast,-72.0,False,6
308.943755865,beacon,AP01,broadcast,-72.0,False,6
309.046237946,beacon,AP01,broadcast,-71.0,False,6
309.148566008,beacon,AP01,broadcast,-72.0,False,6
309.251043081,beacon,AP01,broadcast,-72.0,False,6
309.355850935,beacon,AP01,broadcast,-71.0,False,6
309.455816031,beacon,AP01,broadcast,-72.0,False,6
309.576737881,beacon,AP01,broadcast,-72.0,False,6
309.660636902,beacon,AP01,broadcast,-72.0,False,6
309.720857859,ndpa,AP01,C01,-71.0,False,24
309.720875025,bfi,C01,AP01,-68.0,False,54
309.763047934,beacon,AP01,broadcast,-72.0,False,6
309.865428925,beacon,AP01,broadcast,-72.0,False,6
309.967828989,beacon,AP01,broadcast,-72.0,False,6
310.070255995,beacon,AP01,broadcast,-72.0,False,6
310.172616959,beacon,AP01,broadcast,-72.0,False,6
310.275032043,beacon,AP01,broadcast,-72.0,False,6
310.377444983,beacon,AP01,broadcast,-72.0,False,6
310.479840994,beacon,AP01,broadcast,-72.0,False,6
310.582254887,beacon,AP01,broadcast,-72.0,False,6
310.684642076,beacon,AP01,broadcast,-72.0,False,6
310.787111998,beacon,AP01,broadcast,-72.0,False,6
310.889371872,beacon,AP01,broadcast,-72.0,False,6
310.991865873,beacon,AP01,broadcast,-72.0,False,6
311.053529024,ndpa,AP01,C01,-70.0,False,24
311.053628922,bfi,C01,AP01,-68.0,False,54
311.094141960,beacon,AP01,broadcast,-72.0,False,6
311.196619034,beacon,AP01,broadcast,-72.0,False,6
311.298970938,beacon,AP01,broadcast,-72.0,False,6
311.401388884,beacon,AP01,broadcast,-72.0,False,6
311.503800869,beacon,AP01,broadcast,-72.0,False,6
311.633332968,beacon,AP01,broadcast,-72.0,False,6
311.708591938,beacon,AP01,broadcast,-72.0,False,6
311.811020851,beacon,AP01,broadcast,-72.0,False,6
311.913383961,beacon,AP01,broadcast,-72.0,False,6
312.016126871,beacon,AP01,broadcast,-72.0,False,6
312.118218899,beacon,AP01,broadcast,-72.0,False,6
312.220545053,beacon,AP01,broadcast,-72.0,False,6
312.322998047,beacon,AP01,broadcast,-72.0,False,6
312.385536909,ndpa,AP01,C01,-71.0,False,24
312.385623932,bfi,C01,AP01,-68.0,False,54
312.425395012,beacon,AP01,broadcast,-72.0,False,6
312.527800083,beacon,AP01,broadcast,-72.0,False,6
312.630177975,beacon,AP01,broadcast,-72.0,False,6
312.732553959,beacon,AP01,broadcast,-72.0,False,6
312.834969044,beacon,AP01,broadcast,-72.0,False,6
312.937409878,beacon,AP01,broadcast,-72.0,False,6
313.039805889,beacon,AP01,broadcast,-72.0,False,6
313.142215014,beacon,AP01,broadcast,-72.0,False,6
313.244620085,beacon,AP01,broadcast,-71.0,False,6
313.347082853,beacon,AP01,broadcast,-72.0,False,6
313.449472904,beacon,AP01,broadcast,-72.0,False,6
313.551961899,beacon,AP01,broadcast,-71.0,False,6
313.654268026,beacon,AP01,broadcast,-71.0,False,6
313.721201897,ndpa,AP01,C01,-70.0,False,24
313.721224070,bfi,C01,AP01,-68.0,False,54
313.756672859,beacon,AP01,broadcast,-72.0,False,6
313.858996868,beacon,AP01,broadcast,-72.0,False,6
313.961504936,beacon,AP01,broadcast,-72.0,False,6
314.063811064,beacon,AP01,broadcast,-72.0,False,6
314.166184902,beacon,AP01,broadcast,-72.0,False,6
314.268679857,beacon,AP01,broadcast,-72.0,False,6
314.375782013,beacon,AP01,broadcast,-72.0,False,6
314.473454952,beacon,AP01,broadcast,-72.0,False,6
314.596915007,beacon,AP01,broadcast,-72.0,False,6
314.678690910,beacon,AP01,broadcast,-72.0,False,6
314.780825853,beacon,AP01,broadcast,-72.0,False,6
314.883095980,beacon,AP01,broadcast,-72.0,False,6
314.985719919,beacon,AP01,broadcast,-72.0,False,6
315.052974939,ndpa,AP01,C01,-70.0,False,24
315.052999973,bfi,C01,AP01,-68.0,False,54
315.087918043,beacon,AP01,broadcast,-71.0,False,6
315.190307856,beacon,AP01,broadcast,-72.0,False,6
315.292689085,beacon,AP01,broadcast,-71.0,False,6
315.395102024,beacon,AP01,broadcast,-72.0,False,6
315.497510910,beacon,AP01,broadcast,-72.0,False,6
315.599909067,beacon,AP01,broadcast,-72.0,False,6
315.702287912,beacon,AP01,broadcast,-72.0,False,6
315.804697990,beacon,AP01,broadcast,-72.0,False,6
315.907101870,beacon,AP01,broadcast,-72.0,False,6
316.009469986,beacon,AP01,broadcast,-72.0,False,6
316.111895084,beacon,AP01,broadcast,-72.0,False,6
316.214297056,beacon,AP01,broadcast,-72.0,False,6
316.316736937,beacon,AP01,broadcast,-72.0,False,6
316.384870052,ndpa,AP01,C01,-71.0,False,24
316.384948015,bfi,C01,AP01,-68.0,False,54
316.419030905,beacon,AP01,broadcast,-72.0,False,6
316.521502018,beacon,AP01,broadcast,-72.0,False,6
316.623844862,beacon,AP01,broadcast,-72.0,False,6
316.726337910,beacon,AP01,broadcast,-72.0,False,6
316.828698874,beacon,AP01,broadcast,-72.0,False,6
316.931097031,beacon,AP01,broadcast,-72.0,False,6
317.033488035,beacon,AP01,broadcast,-72.0,False,6
317.135923862,beacon,AP01,broadcast,-72.0,False,6
317.238261938,beacon,AP01,broadcast,-72.0,False,6
317.340724945,beacon,AP01,broadcast,-72.0,False,6
317.443036079,beacon,AP01,broadcast,-72.0,False,6
317.545472860,beacon,AP01,broadcast,-72.0,False,6
317.647918940,beacon,AP01,broadcast,-72.0,False,6
317.720983982,ndpa,AP01,C01,-71.0,False,24
317.721061945,bfi,C01,AP01,-68.0,False,54
317.750267982,beacon,AP01,broadcast,-72.0,False,6
317.852702856,beacon,AP01,broadcast,-72.0,False,6
317.955142975,beacon,AP01,broadcast,-72.0,False,6
318.057502031,beacon,AP01,broadcast,-72.0,False,6
318.160108089,beacon,AP01,broadcast,-72.0,False,6
318.262336969,beacon,AP01,broadcast,-72.0,False,6
318.364709854,beacon,AP01,broadcast,-72.0,False,6
318.467043877,beacon,AP01,broadcast,-72.0,False,6
318.569418907,beacon,AP01,broadcast,-72.0,False,6
318.671849012,beacon,AP01,broadcast,-72.0,False,6
318.774249077,beacon,AP01,broadcast,-72.0,False,6
318.876631021,beacon,AP01,broadcast,-72.0,False,6
318.979104996,beacon,AP01,broadcast,-72.0,False,6
319.053071022,ndpa,AP01,C01,-70.0,False,24
319.053175926,bfi,C01,AP01,-68.0,False,54
319.081457853,beacon,AP01,broadcast,-72.0,False,6
319.183809042,beacon,AP01,broadcast,-72.0,False,6
319.286254883,beacon,AP01,broadcast,-72.0,False,6
319.407449961,beacon,AP01,broadcast,-72.0,False,6
319.491015911,beacon,AP01,broadcast,-72.0,False,6
319.616893053,beacon,AP01,broadcast,-72.0,False,6
319.695867062,beacon,AP01,broadcast,-71.0,False,6
319.798269033,beacon,AP01,broadcast,-72.0,False,6
319.900662899,beacon,AP01,broadcast,-72.0,False,6
320.003100872,beacon,AP01,broadcast,-72.0,False,6
320.105506897,beacon,AP01,broadcast,-72.0,False,6
320.207925081,beacon,AP01,broadcast,-72.0,False,6
320.310352087,beacon,AP01,broadcast,-72.0,False,6
320.384832859,ndpa,AP01,C01,-71.0,False,24
320.384921074,bfi,C01,AP01,-68.0,False,54
320.412657976,beacon,AP01,broadcast,-72.0,False,6
320.515074968,beacon,AP01,broadcast,-72.0,False,6
320.617457867,beacon,AP01,broadcast,-72.0,False,6
320.719831944,beacon,AP01,broadcast,-72.0,False,6
320.822253942,beacon,AP01,broadcast,-72.0,False,6
320.924676895,beacon,AP01,broadcast,-72.0,False,6
321.027052879,beacon,AP01,broadcast,-72.0,False,6
321.129523039,beacon,AP01,broadcast,-72.0,False,6
321.231936932,beacon,AP01,broadcast,-72.0,False,6
321.334285975,beacon,AP01,broadcast,-72.0,False,6
321.436667919,beacon,AP01,broadcast,-72.0,False,6
321.539167881,beacon,AP01,broadcast,-72.0,False,6
321.641582012,beacon,AP01,broadcast,-72.0,False,6
321.720920086,ndpa,AP01,C01,-70.0,False,24
321.720942020,bfi,C01,AP01,-68.0,False,54
321.743953943,beacon,AP01,broadcast,-72.0,False,6
321.846391916,beacon,AP01,broadcast,-72.0,False,6
321.948762894,beacon,AP01,broadcast,-72.0,False,6
322.051164865,beacon,AP01,broadcast,-72.0,False,6
322.153548002,beacon,AP01,broadcast,-72.0,False,6
322.255977869,beacon,AP01,broadcast,-72.0,False,6
322.358341932,beacon,AP01,broadcast,-72.0,False,6
322.460737944,beacon,AP01,broadcast,-72.0,False,6
322.563169003,beacon,AP01,broadcast,-72.0,False,6
322.665565968,beacon,AP01,broadcast,-72.0,False,6
322.767919064,beacon,AP01,broadcast,-72.0,False,6
322.870383978,beacon,AP01,broadcast,-72.0,False,6
322.972761869,beacon,AP01,broadcast,-72.0,False,6
323.053766966,ndpa,AP01,C01,-70.0,False,24
323.053772926,bfi,C01,AP01,-68.0,False,54
323.075171947,beacon,AP01,broadcast,-72.0,False,6
323.177546024,beacon,AP01,broadcast,-72.0,False,6
323.279978037,beacon,AP01,broadcast,-72.0,False,6
323.382323027,beacon,AP01,broadcast,-72.0,False,6
323.484763861,beacon,AP01,broadcast,-72.0,False,6
323.587167025,beacon,AP01,broadcast,-72.0,False,6
323.689579964,beacon,AP01,broadcast,-72.0,False,6
323.792238951,beacon,AP01,broadcast,-72.0,False,6
323.894262075,beacon,AP01,broadcast,-72.0,False,6
323.996747971,beacon,AP01,broadcast,-72.0,False,6
324.099091053,beacon,AP01,broadcast,-72.0,False,6
324.201603889,beacon,AP01,broadcast,-72.0,False,6
324.303977966,beacon,AP01,broadcast,-72.0,False,6
324.385289907,ndpa,AP01,C01,-71.0,False,24
324.385319948,bfi,C01,AP01,-68.0,False,54
324.416013002,beacon,AP01,broadcast,-72.0,False,6
324.508777857,beacon,AP01,broadcast,-72.0,False,6
324.637037992,beacon,AP01,broadcast,-72.0,False,6
324.713603020,beacon,AP01,broadcast,-72.0,False,6
324.815980911,beacon,AP01,broadcast,-72.0,False,6
324.918406010,beacon,AP01,broadcast,-72.0,False,6
325.020730972,beacon,AP01,broadcast,-72.0,False,6
325.124166012,beacon,AP01,broadcast,-72.0,False,6
325.225610971,beacon,AP01,broadcast,-72.0,False,6
325.328015089,beacon,AP01,broadcast,-72.0,False,6
325.430427074,beacon,AP01,broadcast,-72.0,False,6
325.532784939,beacon,AP01,broadcast,-72.0,False,6
325.635192871,beacon,AP01,broadcast,-72.0,False,6
325.722172022,ndpa,AP01,C01,-71.0,False,24
325.722193956,bfi,C01,AP01,-68.0,False,54
325.737523079,beacon,AP01,broadcast,-72.0,False,6
325.839918852,beacon,AP01,broadcast,-72.0,False,6
325.942311049,beacon,AP01,broadcast,-72.0,False,6
326.044785023,beacon,AP01,broadcast,-72.0,False,6
326.147212982,beacon,AP01,broadcast,-71.0,False,6
326.249510050,beacon,AP01,broadcast,-72.0,False,6
326.351952076,beacon,AP01,broadcast,-72.0,False,6
326.454267025,beacon,AP01,broadcast,-72.0,False,6
326.556705952,beacon,AP01,broadcast,-72.0,False,6
326.659147024,beacon,AP01,broadcast,-72.0,False,6
326.761554956,beacon,AP01,broadcast,-72.0,False,6
326.863965988,beacon,AP01,broadcast,-72.0,False,6
326.966368914,beacon,AP01,broadcast,-72.0,False,6
327.052954912,ndpa,AP01,C01,-71.0,False,24
327.053036928,bfi,C01,AP01,-68.0,False,54
327.068744898,beacon,AP01,broadcast,-72.0,False,6
327.171136856,beacon,AP01,broadcast,-72.0,False,6
327.273561001,beacon,AP01,broadcast,-72.0,False,6
327.375956059,beacon,AP01,broadcast,-72.0,False,6
327.478369951,beacon,AP01,broadcast,-72.0,False,6
327.580770969,beacon,AP01,broadcast,-72.0,False,6
327.683119059,beacon,AP01,broadcast,-72.0,False,6
327.785537004,beacon,AP01,broadcast,-72.0,False,6
327.887934923,beacon,AP01,broadcast,-72.0,False,6
327.990375042,beacon,AP01,broadcast,-72.0,False,6
328.092725039,beacon,AP01,broadcast,-72.0,False,6
328.195137024,beacon,AP01,broadcast,-72.0,False,6
328.297543049,beacon,AP01,broadcast,-72.0,False,6
328.384785891,ndpa,AP01,C01,-71.0,False,24
328.384887934,bfi,C01,AP01,-68.0,False,54
328.399940968,beacon,AP01,broadcast,-72.0,False,6
328.502421856,beacon,AP01,broadcast,-72.0,False,6
328.604712963,beacon,AP01,broadcast,-72.0,False,6
328.707134962,beacon,AP01,broadcast,-72.0,False,6
328.809560061,beacon,AP01,broadcast,-72.0,False,6
328.912050962,beacon,AP01,broadcast,-72.0,False,6
329.014321089,beacon,AP01,broadcast,-72.0,False,6
329.116879940,beacon,AP01,broadcast,-72.0,False,6
329.219218016,beacon,AP01,broadcast,-71.0,False,6
329.321650028,beacon,AP01,broadcast,-72.0,False,6
329.436030865,beacon,AP01,broadcast,-72.0,False,6
329.526386976,beacon,AP01,broadcast,-72.0,False,6
329.657692909,beacon,AP01,broadcast,-72.0,False,6
329.720938921,ndpa,AP01,C01,-70.0,False,24
329.720944881,bfi,C01,AP01,-68.0,False,54
329.731224060,beacon,AP01,broadcast,-72.0,False,6
329.833618879,beacon,AP01,broadcast,-72.0,False,6
330.038436890,beacon,AP01,broadcast,-71.0,False,6
330.140734911,beacon,AP01,broadcast,-72.0,False,6
330.243248940,beacon,AP01,broadcast,-72.0,False,6
330.345640898,beacon,AP01,broadcast,-72.0,False,6
330.448004007,beacon,AP01,broadcast,-72.0,False,6
330.550421953,beacon,AP01,broadcast,-72.0,False,6
330.652867079,beacon,AP01,broadcast,-72.0,False,6
330.755250931,beacon,AP01,broadcast,-72.0,False,6
330.857635021,beacon,AP01,broadcast,-72.0,False,6
330.960038900,beacon,AP01,broadcast,-72.0,False,6
331.048199892,ndpa,AP01,C01,-70.0,False,24
331.048232079,bfi,C01,AP01,-68.0,False,54
331.062447071,beacon,AP01,broadcast,-72.0,False,6
331.164799929,beacon,AP01,broadcast,-72.0,False,6
331.267271996,beacon,AP01,broadcast,-72.0,False,6
331.369596004,beacon,AP01,broadcast,-72.0,False,6
331.472087860,beacon,AP01,broadcast,-72.0,False,6
331.574363947,beacon,AP01,broadcast,-72.0,False,6
331.676845074,beacon,AP01,broadcast,-72.0,False,6
331.779156923,beacon,AP01,broadcast,-72.0,False,6
331.881659031,beacon,AP01,broadcast,-72.0,False,6
331.984025955,beacon,AP01,broadcast,-72.0,False,6
332.086493015,beacon,AP01,broadcast,-72.0,False,6
332.188850880,beacon,AP01,broadcast,-72.0,False,6
332.291276932,beacon,AP01,broadcast,-72.0,False,6
332.376482964,ndpa,AP01,C01,-70.0,False,24
332.376493931,bfi,C01,AP01,-68.0,False,54
332.393658876,beacon,AP01,broadcast,-72.0,False,6
332.496067047,beacon,AP01,broadcast,-72.0,False,6
332.598358870,beacon,AP01,broadcast,-72.0,False,6
332.700876951,beacon,AP01,broadcast,-72.0,False,6
332.803291082,beacon,AP01,broadcast,-72.0,False,6
332.905657053,beacon,AP01,broadcast,-72.0,False,6
333.008018970,beacon,AP01,broadcast,-72.0,False,6
333.110437870,beacon,AP01,broadcast,-72.0,False,6
333.212884903,beacon,AP01,broadcast,-72.0,False,6
333.315278053,beacon,AP01,broadcast,-71.0,False,6
333.417656898,beacon,AP01,broadcast,-72.0,False,6
333.520035028,beacon,AP01,broadcast,-72.0,False,6
333.622401953,beacon,AP01,broadcast,-72.0,False,6
333.710684061,ndpa,AP01,C01,-70.0,False,24
333.710811853,bfi,C01,AP01,-68.0,False,54
333.724895954,beacon,AP01,broadcast,-72.0,False,6
333.827516079,beacon,AP01,broadcast,-72.0,False,6
333.929630041,beacon,AP01,broadcast,-72.0,False,6
334.031949997,beacon,AP01,broadcast,-72.0,False,6
334.134389877,beacon,AP01,broadcast,-72.0,False,6
334.236788988,beacon,AP01,broadcast,-72.0,False,6
334.339185953,beacon,AP01,broadcast,-72.0,False,6
334.456075907,beacon,AP01,broadcast,-72.0,False,6
334.544013023,beacon,AP01,broadcast,-72.0,False,6
334.646399021,beacon,AP01,broadcast,-72.0,False,6
334.748810053,beacon,AP01,broadcast,-72.0,False,6
334.851214886,beacon,AP01,broadcast,-72.0,False,6
334.953582048,beacon,AP01,broadcast,-72.0,False,6
335.042922020,ndpa,AP01,C01,-71.0,False,24
335.042947054,bfi,C01,AP01,-68.0,False,54
335.056029081,beacon,AP01,broadcast,-72.0,False,6
335.158433914,beacon,AP01,broadcast,-72.0,False,6
335.260797024,beacon,AP01,broadcast,-72.0,False,6
335.363245010,beacon,AP01,broadcast,-71.0,False,6
335.465605974,beacon,AP01,broadcast,-72.0,False,6
335.568063021,beacon,AP01,broadcast,-72.0,False,6
335.670413017,beacon,AP01,broadcast,-72.0,False,6
335.772778988,beacon,AP01,broadcast,-72.0,False,6
335.875222921,beacon,AP01,broadcast,-72.0,False,6
335.977617025,beacon,AP01,broadcast,-72.0,False,6
336.079998970,beacon,AP01,broadcast,-72.0,False,6
336.182394981,beacon,AP01,broadcast,-72.0,False,6
336.284782887,beacon,AP01,broadcast,-72.0,False,6
336.375040054,ndpa,AP01,C01,-71.0,False,24
336.375153065,bfi,C01,AP01,-68.0,False,54
336.387203932,beacon,AP01,broadcast,-72.0,False,6
336.489619017,beacon,AP01,broadcast,-72.0,False,6
336.592092991,beacon,AP01,broadcast,-72.0,False,6
336.694524050,beacon,AP01,broadcast,-72.0,False,6
336.796797991,beacon,AP01,broadcast,-72.0,False,6
336.899291039,beacon,AP01,broadcast,-72.0,False,6
337.003223896,beacon,AP01,broadcast,-72.0,False,6
337.104192019,beacon,AP01,broadcast,-71.0,False,6
337.206548929,beacon,AP01,broadcast,-71.0,False,6
337.308920860,beacon,AP01,broadcast,-71.0,False,6
337.411334991,beacon,AP01,broadcast,-72.0,False,6
337.513700962,beacon,AP01,broadcast,-72.0,False,6
337.616128922,beacon,AP01,broadcast,-70.0,False,6
337.710926056,ndpa,AP01,C01,-68.0,False,24
337.710950851,bfi,C01,AP01,-68.0,False,54
337.718479872,beacon,AP01,broadcast,-70.0,False,6
337.820970058,beacon,AP01,broadcast,-70.0,False,6
337.923269033,beacon,AP01,broadcast,-70.0,False,6
338.025677919,beacon,AP01,broadcast,-70.0,False,6
338.128126860,beacon,AP01,broadcast,-70.0,False,6
338.235382080,beacon,AP01,broadcast,-72.0,False,6
338.332910061,beacon,AP01,broadcast,-72.0,False,6
338.435301065,beacon,AP01,broadcast,-72.0,False,6
338.537700891,beacon,AP01,broadcast,-72.0,False,6
338.640109062,beacon,AP01,broadcast,-72.0,False,6
338.742480040,beacon,AP01,broadcast,-72.0,False,6
338.844810009,beacon,AP01,broadcast,-71.0,False,6
338.947294950,beacon,AP01,broadcast,-72.0,False,6
339.042608976,ndpa,AP01,C01,-70.0,False,24
339.042687893,bfi,C01,AP01,-68.0,False,54
339.049754858,beacon,AP01,broadcast,-72.0,False,6
339.152078867,beacon,AP01,broadcast,-72.0,False,6
339.255267859,beacon,AP01,broadcast,-72.0,False,6
339.356937885,beacon,AP01,broadcast,-72.0,False,6
339.476271868,beacon,AP01,broadcast,-72.0,False,6
339.561733961,beacon,AP01,broadcast,-72.0,False,6
339.664093018,beacon,AP01,broadcast,-72.0,False,6
339.766579866,beacon,AP01,broadcast,-72.0,False,6
339.868957043,beacon,AP01,broadcast,-72.0,False,6
339.971313953,beacon,AP01,broadcast,-72.0,False,6
340.073747873,beacon,AP01,broadcast,-72.0,False,6
340.176159859,beacon,AP01,broadcast,-72.0,False,6
340.278517008,beacon,AP01,broadcast,-72.0,False,6
340.375315905,ndpa,AP01,C01,-71.0,False,24
340.375329971,bfi,C01,AP01,-68.0,False,54
340.380948067,beacon,AP01,broadcast,-72.0,False,6
340.483325005,beacon,AP01,broadcast,-72.0,False,6
340.688138008,beacon,AP01,broadcast,-72.0,False,6
340.790555000,beacon,AP01,broadcast,-72.0,False,6
340.892963886,beacon,AP01,broadcast,-72.0,False,6
340.995317936,beacon,AP01,broadcast,-72.0,False,6
341.097750902,beacon,AP01,broadcast,-72.0,False,6
341.200063944,beacon,AP01,broadcast,-71.0,False,6
341.302607059,beacon,AP01,broadcast,-72.0,False,6
341.404888868,beacon,AP01,broadcast,-72.0,False,6
341.507390976,beacon,AP01,broadcast,-72.0,False,6
341.609706879,beacon,AP01,broadcast,-72.0,False,6
341.711127996,ndpa,AP01,C01,-70.0,False,24
341.711216927,bfi,C01,AP01,-68.0,False,54
341.712034941,beacon,AP01,broadcast,-72.0,False,6
341.814483881,beacon,AP01,broadcast,-72.0,False,6
341.916874886,beacon,AP01,broadcast,-72.0,False,6
342.019248962,beacon,AP01,broadcast,-72.0,False,6
342.121659040,beacon,AP01,broadcast,-72.0,False,6
342.224056005,beacon,AP01,broadcast,-72.0,False,6
342.326458931,beacon,AP01,broadcast,-72.0,False,6
342.428879023,beacon,AP01,broadcast,-72.0,False,6
342.531280041,beacon,AP01,broadcast,-72.0,False,6
342.633668900,beacon,AP01,broadcast,-72.0,False,6
342.736057043,beacon,AP01,broadcast,-72.0,False,6
342.838465929,beacon,AP01,broadcast,-72.0,False,6
342.940900087,beacon,AP01,broadcast,-72.0,False,6
343.043277025,beacon,AP01,broadcast,-72.0,False,6
343.043350935,ndpa,AP01,C01,-71.0,False,24
343.043505907,bfi,C01,AP01,-68.0,False,54
343.145703077,beacon,AP01,broadcast,-72.0,False,6
343.248100996,beacon,AP01,broadcast,-72.0,False,6
343.350483894,beacon,AP01,broadcast,-72.0,False,6
343.452852011,beacon,AP01,broadcast,-72.0,False,6
343.555310011,beacon,AP01,broadcast,-72.0,False,6
343.657721043,beacon,AP01,broadcast,-72.0,False,6
343.760087967,beacon,AP01,broadcast,-72.0,False,6
343.862474918,beacon,AP01,broadcast,-72.0,False,6
343.964920998,beacon,AP01,broadcast,-72.0,False,6
344.067317963,beacon,AP01,broadcast,-72.0,False,6
344.169724941,beacon,AP01,broadcast,-72.0,False,6
344.275326014,beacon,AP01,broadcast,-72.0,False,6
344.374583006,beacon,AP01,broadcast,-72.0,False,6
344.375074863,ndpa,AP01,C01,-71.0,False,24
344.375097036,bfi,C01,AP01,-68.0,False,54
344.496355057,beacon,AP01,broadcast,-72.0,False,6
344.579386950,beacon,AP01,broadcast,-73.0,False,6
344.681792021,beacon,AP01,broadcast,-72.0,False,6
344.784168005,beacon,AP01,broadcast,-72.0,False,6
344.886497974,beacon,AP01,broadcast,-72.0,False,6
344.988962889,beacon,AP01,broadcast,-72.0,False,6
345.091392040,beacon,AP01,broadcast,-72.0,False,6
345.193800926,beacon,AP01,broadcast,-72.0,False,6
345.296144009,beacon,AP01,broadcast,-72.0,False,6
345.398613930,beacon,AP01,broadcast,-72.0,False,6
345.500954866,beacon,AP01,broadcast,-72.0,False,6
345.603395939,beacon,AP01,broadcast,-72.0,False,6
345.705817938,beacon,AP01,broadcast,-72.0,False,6
345.710881948,ndpa,AP01,C01,-70.0,False,24
345.710886002,bfi,C01,AP01,-68.0,False,54
345.808188915,beacon,AP01,broadcast,-72.0,False,6
345.910583973,beacon,AP01,broadcast,-72.0,False,6
346.012991905,beacon,AP01,broadcast,-72.0,False,6
346.115323067,beacon,AP01,broadcast,-72.0,False,6
346.217792034,beacon,AP01,broadcast,-72.0,False,6
346.320083857,beacon,AP01,broadcast,-72.0,False,6
346.422519922,beacon,AP01,broadcast,-72.0,False,6
346.525004864,beacon,AP01,broadcast,-72.0,False,6
346.627397060,beacon,AP01,broadcast,-72.0,False,6
346.729804039,beacon,AP01,broadcast,-72.0,False,6
346.832236052,beacon,AP01,broadcast,-72.0,False,6
346.934622049,beacon,AP01,broadcast,-72.0,False,6
347.037034035,beacon,AP01,broadcast,-72.0,False,6
347.042679071,ndpa,AP01,C01,-70.0,False,24
347.042718887,bfi,C01,AP01,-68.0,False,54
347.139431000,beacon,AP01,broadcast,-72.0,False,6
347.241843939,beacon,AP01,broadcast,-72.0,False,6
347.344207048,beacon,AP01,broadcast,-72.0,False,6
347.446610928,beacon,AP01,broadcast,-72.0,False,6
347.549046040,beacon,AP01,broadcast,-72.0,False,6
347.651435852,beacon,AP01,broadcast,-72.0,False,6
347.753990889,beacon,AP01,broadcast,-71.0,False,6
347.856119871,beacon,AP01,broadcast,-72.0,False,6
347.958527088,beacon,AP01,broadcast,-72.0,False,6
348.061001062,beacon,AP01,broadcast,-72.0,False,6
348.163425922,beacon,AP01,broadcast,-72.0,False,6
348.265810966,beacon,AP01,broadcast,-72.0,False,6
348.368221045,beacon,AP01,broadcast,-72.0,False,6
348.374928951,ndpa,AP01,C01,-71.0,False,24
348.375010967,bfi,C01,AP01,-68.0,False,54
348.470613956,beacon,AP01,broadcast,-72.0,False,6
348.573031902,beacon,AP01,broadcast,-72.0,False,6
348.675457954,beacon,AP01,broadcast,-72.0,False,6
348.777752876,beacon,AP01,broadcast,-72.0,False,6
348.880115986,beacon,AP01,broadcast,-72.0,False,6
348.982655048,beacon,AP01,broadcast,-72.0,False,6
349.085027933,beacon,AP01,broadcast,-72.0,False,6
349.187458038,beacon,AP01,broadcast,-72.0,False,6
349.295394897,beacon,AP01,broadcast,-72.0,False,6
349.392225027,beacon,AP01,broadcast,-71.0,False,6
349.516365051,beacon,AP01,broadcast,-71.0,False,6
349.596971035,beacon,AP01,broadcast,-71.0,False,6
349.699364901,beacon,AP01,broadcast,-71.0,False,6
349.736955881,ndpa,AP01,C01,-70.0,False,24
349.737027884,bfi,C01,AP01,-68.0,False,54
349.801778078,beacon,AP01,broadcast,-71.0,False,6
349.904149055,beacon,AP01,broadcast,-71.0,False,6
350.006566048,beacon,AP01,broadcast,-71.0,False,6
350.108979940,beacon,AP01,broadcast,-71.0,False,6
350.211380959,beacon,AP01,broadcast,-71.0,False,6
350.313786030,beacon,AP01,broadcast,-70.0,False,6
350.416166067,beacon,AP01,broadcast,-72.0,False,6
350.518567085,beacon,AP01,broadcast,-71.0,False,6
350.620928049,beacon,AP01,broadcast,-71.0,False,6
350.723355055,beacon,AP01,broadcast,-71.0,False,6
350.825741053,beacon,AP01,broadcast,-71.0,False,6
350.928161860,beacon,AP01,broadcast,-71.0,False,6
351.030535936,beacon,AP01,broadcast,-70.0,False,6
351.043042898,ndpa,AP01,C01,-70.0,False,24
351.043140888,bfi,C01,AP01,-68.0,False,54
351.132946014,beacon,AP01,broadcast,-70.0,False,6
351.235364914,beacon,AP01,broadcast,-69.0,False,6
351.337753057,beacon,AP01,broadcast,-69.0,False,6
351.440177917,beacon,AP01,broadcast,-69.0,False,6
351.542548895,beacon,AP01,broadcast,-69.0,False,6
351.644969940,beacon,AP01,broadcast,-69.0,False,6
351.747359991,beacon,AP01,broadcast,-70.0,False,6
351.849730968,beacon,AP01,broadcast,-71.0,False,6
351.952159882,beacon,AP01,broadcast,-68.0,False,6
352.054667950,beacon,AP01,broadcast,-69.0,False,6
352.157072067,beacon,AP01,broadcast,-69.0,False,6
352.259458065,beacon,AP01,broadcast,-70.0,False,6
352.361850977,beacon,AP01,broadcast,-71.0,False,6
352.375014067,ndpa,AP01,C01,-70.0,False,24
352.375088930,bfi,C01,AP01,-68.0,False,54
352.464264870,beacon,AP01,broadcast,-71.0,False,6
352.566653967,beacon,AP01,broadcast,-71.0,False,6
352.668976068,beacon,AP01,broadcast,-70.0,False,6
352.771447897,beacon,AP01,broadcast,-69.0,False,6
352.873864889,beacon,AP01,broadcast,-70.0,False,6
352.976249933,beacon,AP01,broadcast,-70.0,False,6
353.078666925,beacon,AP01,broadcast,-69.0,False,6
353.180999041,beacon,AP01,broadcast,-68.0,False,6
353.283444881,beacon,AP01,broadcast,-69.0,False,6
353.385878086,beacon,AP01,broadcast,-69.0,False,6
353.488234997,beacon,AP01,broadcast,-70.0,False,6
353.590574026,beacon,AP01,broadcast,-70.0,False,6
353.693085909,beacon,AP01,broadcast,-70.0,False,6
353.711145878,ndpa,AP01,C01,-70.0,False,24
353.711225033,bfi,C01,AP01,-68.0,False,54
353.795449972,beacon,AP01,broadcast,-70.0,False,6
353.897927999,beacon,AP01,broadcast,-70.0,False,6
354.000190020,beacon,AP01,broadcast,-70.0,False,6
354.102571964,beacon,AP01,broadcast,-70.0,False,6
354.205091000,beacon,AP01,broadcast,-71.0,False,6
354.315417051,beacon,AP01,broadcast,-71.0,False,6
354.410305023,beacon,AP01,broadcast,-70.0,False,6
354.536519051,beacon,AP01,broadcast,-71.0,False,6
354.614693880,beacon,AP01,broadcast,-71.0,False,6
354.717076063,beacon,AP01,broadcast,-71.0,False,6
354.819474936,beacon,AP01,broadcast,-70.0,False,6
354.921978951,beacon,AP01,broadcast,-71.0,False,6
355.024282932,beacon,AP01,broadcast,-70.0,False,6
355.042471886,ndpa,AP01,C01,-70.0,False,24
355.042514086,bfi,C01,AP01,-68.0,False,54
355.126723051,beacon,AP01,broadcast,-70.0,False,6
355.229090929,beacon,AP01,broadcast,-70.0,False,6
355.331480026,beacon,AP01,broadcast,-70.0,False,6
355.433897018,beacon,AP01,broadcast,-70.0,False,6
355.536314964,beacon,AP01,broadcast,-70.0,False,6
355.638694048,beacon,AP01,broadcast,-71.0,False,6
355.741092920,beacon,AP01,broadcast,-71.0,False,6
355.843487978,beacon,AP01,broadcast,-70.0,False,6
355.945901871,beacon,AP01,broadcast,-70.0,False,6
356.048248053,beacon,AP01,broadcast,-71.0,False,6
356.150588036,beacon,AP01,broadcast,-70.0,False,6
356.253083944,beacon,AP01,broadcast,-70.0,False,6
356.355421066,beacon,AP01,broadcast,-70.0,False,6
356.374886036,ndpa,AP01,C01,-70.0,False,24
356.374906063,bfi,C01,AP01,-68.0,False,54
356.457917929,beacon,AP01,broadcast,-70.0,False,6
356.560282946,beacon,AP01,broadcast,-70.0,False,6
356.662705898,beacon,AP01,broadcast,-70.0,False,6
356.765012980,beacon,AP01,broadcast,-71.0,False,6
356.867407084,beacon,AP01,broadcast,-70.0,False,6
356.969913006,beacon,AP01,broadcast,-71.0,False,6
357.072201967,beacon,AP01,broadcast,-70.0,False,6
357.174603939,beacon,AP01,broadcast,-70.0,False,6
357.277060032,beacon,AP01,broadcast,-70.0,False,6
357.379459858,beacon,AP01,broadcast,-70.0,False,6
357.482281923,beacon,AP01,broadcast,-70.0,False,6
357.584204912,beacon,AP01,broadcast,-70.0,False,6
357.686640978,beacon,AP01,broadcast,-70.0,False,6
357.710676908,ndpa,AP01,C01,-70.0,False,24
357.710738897,bfi,C01,AP01,-67.0,False,54
357.789058924,beacon,AP01,broadcast,-70.0,False,6
357.891550064,beacon,AP01,broadcast,-70.0,False,6
357.993880033,beacon,AP01,broadcast,-70.0,False,6
358.096344948,beacon,AP01,broadcast,-70.0,False,6
358.198617935,beacon,AP01,broadcast,-70.0,False,6
358.301228046,beacon,AP01,broadcast,-71.0,False,6
358.403423071,beacon,AP01,broadcast,-71.0,False,6
358.506248951,beacon,AP01,broadcast,-70.0,False,6
358.608234882,beacon,AP01,broadcast,-70.0,False,6
358.710658073,beacon,AP01,broadcast,-70.0,False,6
358.813087940,beacon,AP01,broadcast,-70.0,False,6
358.915476084,beacon,AP01,broadcast,-71.0,False,6
359.017798901,beacon,AP01,broadcast,-71.0,False,6
359.042429924,ndpa,AP01,C01,-70.0,False,24
359.042515039,bfi,C01,AP01,-68.0,False,54
359.120249033,beacon,AP01,broadcast,-70.0,False,6
359.222675085,beacon,AP01,broadcast,-70.0,False,6
359.337316990,beacon,AP01,broadcast,-71.0,False,6
359.427480936,beacon,AP01,broadcast,-71.0,False,6
359.556523085,beacon,AP01,broadcast,-70.0,False,6
359.632267952,beacon,AP01,broadcast,-70.0,False,6
359.734698057,beacon,AP01,broadcast,-71.0,False,6
359.837162971,beacon,AP01,broadcast,-71.0,False,6
359.939522982,beacon,AP01,broadcast,-71.0,False,6
360.041985035,beacon,AP01,broadcast,-70.0,False,6
360.144316912,beacon,AP01,broadcast,-70.0,False,6
360.246670961,beacon,AP01,broadcast,-70.0,False,6
360.349159002,beacon,AP01,broadcast,-70.0,False,6
360.375609875,ndpa,AP01,C01,-70.0,False,24
360.375664949,bfi,C01,AP01,-68.0,False,54
360.451525927,beacon,AP01,broadcast,-70.0,False,6
360.553928852,beacon,AP01,broadcast,-71.0,False,6
360.656343937,beacon,AP01,broadcast,-71.0,False,6
360.758769989,beacon,AP01,broadcast,-70.0,False,6
360.861064911,beacon,AP01,broadcast,-70.0,False,6
360.963547945,beacon,AP01,broadcast,-70.0,False,6
361.065824032,beacon,AP01,broadcast,-70.0,False,6
361.168350935,beacon,AP01,broadcast,-70.0,False,6
361.270727873,beacon,AP01,broadcast,-70.0,False,6
361.373172998,beacon,AP01,broadcast,-70.0,False,6
361.475533962,beacon,AP01,broadcast,-70.0,False,6
361.577982903,beacon,AP01,broadcast,-70.0,False,6
361.680310011,beacon,AP01,broadcast,-70.0,False,6
361.710783958,ndpa,AP01,C01,-70.0,False,24
361.710898876,bfi,C01,AP01,-68.0,False,54
361.782769918,beacon,AP01,broadcast,-70.0,False,6
361.885097980,beacon,AP01,broadcast,-71.0,False,6
361.987473965,beacon,AP01,broadcast,-70.0,False,6
362.089962959,beacon,AP01,broadcast,-71.0,False,6
362.192503929,beacon,AP01,broadcast,-70.0,False,6
362.294740915,beacon,AP01,broadcast,-71.0,False,6
362.397144079,beacon,AP01,broadcast,-70.0,False,6
362.499549866,beacon,AP01,broadcast,-71.0,False,6
362.601991892,beacon,AP01,broadcast,-70.0,False,6
362.704324007,beacon,AP01,broadcast,-70.0,False,6
362.806747913,beacon,AP01,broadcast,-70.0,False,6
362.909183979,beacon,AP01,broadcast,-70.0,False,6
363.011579990,beacon,AP01,broadcast,-70.0,False,6
363.043298006,ndpa,AP01,C01,-70.0,False,24
363.043309927,bfi,C01,AP01,-68.0,False,54
363.113955021,beacon,AP01,broadcast,-70.0,False,6
363.216358900,beacon,AP01,broadcast,-69.0,False,6
363.318660975,beacon,AP01,broadcast,-70.0,False,6
363.421087980,beacon,AP01,broadcast,-70.0,False,6
363.523556948,beacon,AP01,broadcast,-70.0,False,6
363.625855923,beacon,AP01,broadcast,-70.0,False,6
363.728378057,beacon,AP01,broadcast,-70.0,False,6
363.830770969,beacon,AP01,broadcast,-70.0,False,6
363.933619976,beacon,AP01,broadcast,-70.0,False,6
364.035578012,beacon,AP01,broadcast,-70.0,False,6
364.137984037,beacon,AP01,broadcast,-70.0,False,6
364.240333080,beacon,AP01,broadcast,-70.0,False,6
364.355695009,beacon,AP01,broadcast,-70.0,False,6
364.374538898,ndpa,AP01,C01,-70.0,False,24
364.374619007,bfi,C01,AP01,-68.0,False,54
364.445177078,beacon,AP01,broadcast,-71.0,False,6
364.576935053,beacon,AP01,broadcast,-70.0,False,6
364.649955988,beacon,AP01,broadcast,-70.0,False,6
364.752385855,beacon,AP01,broadcast,-70.0,False,6
364.854807854,beacon,AP01,broadcast,-70.0,False,6
364.957184076,beacon,AP01,broadcast,-70.0,False,6
365.059534073,beacon,AP01,broadcast,-70.0,False,6
365.161921978,beacon,AP01,broadcast,-70.0,False,6
365.264294863,beacon,AP01,broadcast,-70.0,False,6
365.366672993,beacon,AP01,broadcast,-70.0,False,6
365.469142914,beacon,AP01,broadcast,-70.0,False,6
365.571503878,beacon,AP01,broadcast,-70.0,False,6
365.673928022,beacon,AP01,broadcast,-70.0,False,6
365.711117983,ndpa,AP01,C01,-70.0,False,24
365.711194992,bfi,C01,AP01,-68.0,False,54
365.776309967,beacon,AP01,broadcast,-70.0,False,6
365.878651857,beacon,AP01,broadcast,-70.0,False,6
365.981080055,beacon,AP01,broadcast,-71.0,False,6
366.083507061,beacon,AP01,broadcast,-70.0,False,6
366.185886860,beacon,AP01,broadcast,-70.0,False,6
366.288331985,beacon,AP01,broadcast,-70.0,False,6
366.390723944,beacon,AP01,broadcast,-70.0,False,6
366.493150949,beacon,AP01,broadcast,-71.0,False,6
366.595623970,beacon,AP01,broadcast,-71.0,False,6
366.698529005,beacon,AP01,broadcast,-71.0,False,6
366.800303936,beacon,AP01,broadcast,-70.0,False,6
366.902718067,beacon,AP01,broadcast,-70.0,False,6
367.005117893,beacon,AP01,broadcast,-70.0,False,6
367.043058872,ndpa,AP01,C01,-70.0,False,24
367.043154001,bfi,C01,AP01,-68.0,False,54
367.107487917,beacon,AP01,broadcast,-71.0,False,6
367.209933043,beacon,AP01,broadcast,-70.0,False,6
367.312321901,beacon,AP01,broadcast,-70.0,False,6
367.414700031,beacon,AP01,broadcast,-70.0,False,6
367.517215014,beacon,AP01,broadcast,-70.0,False,6
367.619613886,beacon,AP01,broadcast,-70.0,False,6
367.721958876,beacon,AP01,broadcast,-70.0,False,6
367.824406862,beacon,AP01,broadcast,-71.0,False,6
367.926811934,beacon,AP01,broadcast,-70.0,False,6
368.029237986,beacon,AP01,broadcast,-70.0,False,6
368.131574869,beacon,AP01,broadcast,-71.0,False,6
368.234060049,beacon,AP01,broadcast,-70.0,False,6
368.336333990,beacon,AP01,broadcast,-70.0,False,6
368.376180887,ndpa,AP01,C01,-70.0,False,24
368.376203060,bfi,C01,AP01,-67.0,False,54
368.438837051,beacon,AP01,broadcast,-70.0,False,6
368.541256905,beacon,AP01,broadcast,-70.0,False,6
368.643604040,beacon,AP01,broadcast,-70.0,False,6
368.746016979,beacon,AP01,broadcast,-70.0,False,6
368.848445892,beacon,AP01,broadcast,-70.0,False,6
368.950824976,beacon,AP01,broadcast,-70.0,False,6
369.053248882,beacon,AP01,broadcast,-70.0,False,6
369.155637980,beacon,AP01,broadcast,-70.0,False,6
369.257940054,beacon,AP01,broadcast,-70.0,False,6
369.375750065,beacon,AP01,broadcast,-70.0,False,6
369.462727070,beacon,AP01,broadcast,-70.0,False,6
369.565217972,beacon,AP01,broadcast,-70.0,False,6
369.667644024,beacon,AP01,broadcast,-70.0,False,6
369.711288929,ndpa,AP01,C01,-70.0,False,24
369.711368084,bfi,C01,AP01,-68.0,False,54
369.770030022,beacon,AP01,broadcast,-70.0,False,6
369.872421980,beacon,AP01,broadcast,-70.0,False,6
369.974819899,beacon,AP01,broadcast,-70.0,False,6
370.077207088,beacon,AP01,broadcast,-70.0,False,6
370.179611921,beacon,AP01,broadcast,-70.0,False,6
370.282006979,beacon,AP01,broadcast,-70.0,False,6
370.384404898,beacon,AP01,broadcast,-70.0,False,6
370.486831903,beacon,AP01,broadcast,-70.0,False,6
370.589238882,beacon,AP01,broadcast,-70.0,False,6
370.691658020,beacon,AP01,broadcast,-70.0,False,6
370.794018984,beacon,AP01,broadcast,-71.0,False,6
370.896338940,beacon,AP01,broadcast,-70.0,False,6
370.998858929,beacon,AP01,broadcast,-71.0,False,6
371.043887854,ndpa,AP01,C01,-70.0,False,24
371.043915987,bfi,C01,AP01,-68.0,False,54
371.101146936,beacon,AP01,broadcast,-70.0,False,6
371.203635931,beacon,AP01,broadcast,-70.0,False,6
371.306045055,beacon,AP01,broadcast,-70.0,False,6
371.408475876,beacon,AP01,broadcast,-70.0,False,6
371.510879040,beacon,AP01,broadcast,-69.0,False,6
371.613265038,beacon,AP01,broadcast,-70.0,False,6
371.715669870,beacon,AP01,broadcast,-70.0,False,6
371.818099976,beacon,AP01,broadcast,-70.0,False,6
371.920429945,beacon,AP01,broadcast,-70.0,False,6
372.022868872,beacon,AP01,broadcast,-70.0,False,6
372.125175953,beacon,AP01,broadcast,-70.0,False,6
372.227678061,beacon,AP01,broadcast,-70.0,False,6
372.330034971,beacon,AP01,broadcast,-70.0,False,6
372.375439882,ndpa,AP01,C01,-70.0,False,24
372.375519037,bfi,C01,AP01,-68.0,False,54
372.432470083,beacon,AP01,broadcast,-70.0,False,6
372.534782887,beacon,AP01,broadcast,-71.0,False,6
372.637274981,beacon,AP01,broadcast,-71.0,False,6
372.739585876,beacon,AP01,broadcast,-70.0,False,6
372.842002869,beacon,AP01,broadcast,-70.0,False,6
372.944390059,beacon,AP01,broadcast,-70.0,False,6
373.046752930,beacon,AP01,broadcast,-70.0,False,6
373.149183035,beacon,AP01,broadcast,-70.0,False,6
373.251582861,beacon,AP01,broadcast,-70.0,False,6
373.353982925,beacon,AP01,broadcast,-70.0,False,6
373.456371069,beacon,AP01,broadcast,-70.0,False,6
373.558812857,beacon,AP01,broadcast,-70.0,False,6
373.661226988,beacon,AP01,broadcast,-70.0,False,6
373.732186079,ndpa,AP01,C01,-70.0,False,24
373.732295036,bfi,C01,AP01,-68.0,False,54
373.763620853,beacon,AP01,broadcast,-70.0,False,6
373.866014957,beacon,AP01,broadcast,-70.0,False,6
373.968419075,beacon,AP01,broadcast,-70.0,False,6
374.070807934,beacon,AP01,broadcast,-70.0,False,6
374.174944878,beacon,AP01,broadcast,-70.0,False,6
374.275604010,beacon,AP01,broadcast,-70.0,False,6
374.395752907,beacon,AP01,broadcast,-71.0,False,6
374.480354071,beacon,AP01,broadcast,-70.0,False,6
374.582835913,beacon,AP01,broadcast,-70.0,False,6
374.685240030,beacon,AP01,broadcast,-70.0,False,6
374.787591934,beacon,AP01,broadcast,-71.0,False,6
374.889999866,beacon,AP01,broadcast,-70.0,False,6
374.992433071,beacon,AP01,broadcast,-70.0,False,6
375.043376923,ndpa,AP01,C01,-70.0,False,24
375.043459892,bfi,C01,AP01,-68.0,False,54
375.094815016,beacon,AP01,broadcast,-70.0,False,6
375.197213888,beacon,AP01,broadcast,-70.0,False,6
375.299699068,beacon,AP01,broadcast,-70.0,False,6
375.402065992,beacon,AP01,broadcast,-70.0,False,6
375.504467964,beacon,AP01,broadcast,-70.0,False,6
375.606878996,beacon,AP01,broadcast,-70.0,False,6
375.709307909,beacon,AP01,broadcast,-70.0,False,6
375.811634064,beacon,AP01,broadcast,-70.0,False,6
375.914062023,beacon,AP01,broadcast,-70.0,False,6
376.016466856,beacon,AP01,broadcast,-70.0,False,6
376.118901968,beacon,AP01,broadcast,-70.0,False,6
376.221294880,beacon,AP01,broadcast,-71.0,False,6
376.323700905,beacon,AP01,broadcast,-70.0,False,6
376.375701904,ndpa,AP01,C01,-70.0,False,24
376.375782013,bfi,C01,AP01,-68.0,False,54
376.426130056,beacon,AP01,broadcast,-71.0,False,6
376.528486013,beacon,AP01,broadcast,-70.0,False,6
376.630903959,beacon,AP01,broadcast,-70.0,False,6
376.733310938,beacon,AP01,broadcast,-70.0,False,6
376.835690975,beacon,AP01,broadcast,-70.0,False,6
376.938094854,beacon,AP01,broadcast,-70.0,False,6
377.040478945,beacon,AP01,broadcast,-70.0,False,6
377.142863989,beacon,AP01,broadcast,-70.0,False,6
377.245317936,beacon,AP01,broadcast,-70.0,False,6
377.347692013,beacon,AP01,broadcast,-70.0,False,6
377.450116873,beacon,AP01,broadcast,-70.0,False,6
377.552489996,beacon,AP01,broadcast,-70.0,False,6
377.654883862,beacon,AP01,broadcast,-70.0,False,6
377.711338043,ndpa,AP01,C01,-70.0,False,24
377.711394072,bfi,C01,AP01,-68.0,False,54
377.757319927,beacon,AP01,broadcast,-70.0,False,6
377.859722853,beacon,AP01,broadcast,-70.0,False,6
377.961987019,beacon,AP01,broadcast,-70.0,False,6
378.064602852,beacon,AP01,broadcast,-70.0,False,6
378.167275906,beacon,AP01,broadcast,-71.0,False,6
378.269315004,beacon,AP01,broadcast,-70.0,False,6
378.371618986,beacon,AP01,broadcast,-71.0,False,6
378.474114895,beacon,AP01,broadcast,-70.0,False,6
378.576482058,beacon,AP01,broadcast,-70.0,False,6
378.678829908,beacon,AP01,broadcast,-71.0,False,6
378.781291962,beacon,AP01,broadcast,-71.0,False,6
378.883733988,beacon,AP01,broadcast,-70.0,False,6
378.986125946,beacon,AP01,broadcast,-70.0,False,6
379.043473959,ndpa,AP01,C01,-70.0,False,24
379.043503046,bfi,C01,AP01,-68.0,False,54
379.088484049,beacon,AP01,broadcast,-70.0,False,6
379.194905043,beacon,AP01,broadcast,-70.0,False,6
379.293323040,beacon,AP01,broadcast,-70.0,False,6
379.417171001,beacon,AP01,broadcast,-70.0,False,6
379.498117924,beacon,AP01,broadcast,-70.0,False,6
379.600436926,beacon,AP01,broadcast,-70.0,False,6
379.702929974,beacon,AP01,broadcast,-70.0,False,6
379.805294991,beacon,AP01,broadcast,-70.0,False,6
379.907754898,beacon,AP01,broadcast,-70.0,False,6
380.010149956,beacon,AP01,broadcast,-70.0,False,6
380.112504959,beacon,AP01,broadcast,-70.0,False,6
380.214938879,beacon,AP01,broadcast,-70.0,False,6
380.317328930,beacon,AP01,broadcast,-71.0,False,6
380.375276089,ndpa,AP01,C01,-70.0,False,24
380.375292063,bfi,C01,AP01,-67.0,False,54
380.419739008,beacon,AP01,broadcast,-70.0,False,6
380.522041082,beacon,AP01,broadcast,-70.0,False,6
380.624454021,beacon,AP01,broadcast,-70.0,False,6
380.726818085,beacon,AP01,broadcast,-71.0,False,6
380.829247952,beacon,AP01,broadcast,-70.0,False,6
380.931659937,beacon,AP01,broadcast,-71.0,False,6
381.034059048,beacon,AP01,broadcast,-71.0,False,6
381.136462927,beacon,AP01,broadcast,-70.0,False,6
381.238915920,beacon,AP01,broadcast,-70.0,False,6
381.341301918,beacon,AP01,broadcast,-71.0,False,6
381.443630934,beacon,AP01,broadcast,-70.0,False,6
381.546103954,beacon,AP01,broadcast,-70.0,False,6
381.648491859,beacon,AP01,broadcast,-70.0,False,6
381.711127996,ndpa,AP01,C01,-70.0,False,24
381.711204052,bfi,C01,AP01,-68.0,False,54
381.750845909,beacon,AP01,broadcast,-70.0,False,6
381.853267908,beacon,AP01,broadcast,-70.0,False,6
381.955690861,beacon,AP01,broadcast,-70.0,False,6
382.058106899,beacon,AP01,broadcast,-70.0,False,6
382.160507917,beacon,AP01,broadcast,-70.0,False,6
382.262825966,beacon,AP01,broadcast,-70.0,False,6
382.365300894,beacon,AP01,broadcast,-71.0,False,6
382.467700005,beacon,AP01,broadcast,-70.0,False,6
382.570112944,beacon,AP01,broadcast,-70.0,False,6
382.672494888,beacon,AP01,broadcast,-70.0,False,6
382.774908066,beacon,AP01,broadcast,-70.0,False,6
382.877297878,beacon,AP01,broadcast,-71.0,False,6
382.979673862,beacon,AP01,broadcast,-70.0,False,6
383.038052082,ndpa,AP01,C01,-70.0,False,24
383.038136959,bfi,C01,AP01,-68.0,False,54
383.082144976,beacon,AP01,broadcast,-70.0,False,6
383.184545994,beacon,AP01,broadcast,-70.0,False,6
383.286978960,beacon,AP01,broadcast,-70.0,False,6
383.389379025,beacon,AP01,broadcast,-70.0,False,6
383.491750002,beacon,AP01,broadcast,-70.0,False,6
383.594166040,beacon,AP01,broadcast,-70.0,False,6
383.798968077,beacon,AP01,broadcast,-70.0,False,6
383.901381969,beacon,AP01,broadcast,-70.0,False,6
384.003980875,beacon,AP01,broadcast,-71.0,False,6
384.106148005,beacon,AP01,broadcast,-70.0,False,6
384.214981079,beacon,AP01,broadcast,-71.0,False,6
384.310955048,beacon,AP01,broadcast,-70.0,False,6
384.366990089,ndpa,AP01,C01,-70.0,False,24
384.367107868,bfi,C01,AP01,-68.0,False,54
384.435973883,beacon,AP01,broadcast,-71.0,False,6
384.515793085,beacon,AP01,broadcast,-70.0,False,6
384.618066072,beacon,AP01,broadcast,-71.0,False,6
384.720581055,beacon,AP01,broadcast,-71.0,False,6
384.822992086,beacon,AP01,broadcast,-70.0,False,6
384.925303936,beacon,AP01,broadcast,-71.0,False,6
385.027812004,beacon,AP01,broadcast,-71.0,False,6
385.130182028,beacon,AP01,broadcast,-70.0,False,6
385.232575893,beacon,AP01,broadcast,-70.0,False,6
385.334995031,beacon,AP01,broadcast,-70.0,False,6
385.437280893,beacon,AP01,broadcast,-70.0,False,6
385.539761066,beacon,AP01,broadcast,-71.0,False,6
385.642320871,beacon,AP01,broadcast,-70.0,False,6
385.701252937,ndpa,AP01,C01,-70.0,False,24
385.701267004,bfi,C01,AP01,-68.0,False,54
385.744593859,beacon,AP01,broadcast,-70.0,False,6
385.846972942,beacon,AP01,broadcast,-70.0,False,6
385.949392080,beacon,AP01,broadcast,-70.0,False,6
386.051768064,beacon,AP01,broadcast,-70.0,False,6
386.154198885,beacon,AP01,broadcast,-70.0,False,6
386.256603003,beacon,AP01,broadcast,-70.0,False,6
386.359024048,beacon,AP01,broadcast,-70.0,False,6
386.461370945,beacon,AP01,broadcast,-71.0,False,6
386.563802004,beacon,AP01,broadcast,-70.0,False,6
386.666125059,beacon,AP01,broadcast,-70.0,False,6
386.768629074,beacon,AP01,broadcast,-71.0,False,6
386.870991945,beacon,AP01,broadcast,-71.0,False,6
386.973531008,beacon,AP01,broadcast,-70.0,False,6
387.033355951,ndpa,AP01,C01,-70.0,False,24
387.033398867,bfi,C01,AP01,-68.0,False,54
387.075802088,beacon,AP01,broadcast,-71.0,False,6
387.178199053,beacon,AP01,broadcast,-70.0,False,6
387.280605078,beacon,AP01,broadcast,-70.0,False,6
387.384085894,beacon,AP01,broadcast,-70.0,False,6
387.485408068,beacon,AP01,broadcast,-71.0,False,6
387.587789059,beacon,AP01,broadcast,-71.0,False,6
387.690208912,beacon,AP01,broadcast,-71.0,False,6
387.792499065,beacon,AP01,broadcast,-70.0,False,6
387.894947052,beacon,AP01,broadcast,-70.0,False,6
387.997327089,beacon,AP01,broadcast,-70.0,False,6
388.099835873,beacon,AP01,broadcast,-70.0,False,6
388.202234030,beacon,AP01,broadcast,-71.0,False,6
388.304558992,beacon,AP01,broadcast,-71.0,False,6
388.365702868,ndpa,AP01,C01,-70.0,False,24
388.365787983,bfi,C01,AP01,-68.0,False,54
388.406944036,beacon,AP01,broadcast,-70.0,False,6
388.509654999,beacon,AP01,broadcast,-70.0,False,6
388.612267017,beacon,AP01,broadcast,-70.0,False,6
388.714176893,beacon,AP01,broadcast,-70.0,False,6
388.816528082,beacon,AP01,broadcast,-71.0,False,6
388.918978930,beacon,AP01,broadcast,-70.0,False,6
389.021352053,beacon,AP01,broadcast,-71.0,False,6
389.123763084,beacon,AP01,broadcast,-71.0,False,6
389.234986067,beacon,AP01,broadcast,-70.0,False,6
389.328522921,beacon,AP01,broadcast,-71.0,False,6
389.455971003,beacon,AP01,broadcast,-70.0,False,6
389.533345938,beacon,AP01,broadcast,-71.0,False,6
389.635757923,beacon,AP01,broadcast,-70.0,False,6
389.701315880,ndpa,AP01,C01,-70.0,False,24
389.701397896,bfi,C01,AP01,-68.0,False,54
389.738141060,beacon,AP01,broadcast,-70.0,False,6
389.840533972,beacon,AP01,broadcast,-70.0,False,6
389.942914963,beacon,AP01,broadcast,-70.0,False,6
390.045343876,beacon,AP01,broadcast,-71.0,False,6
390.147743940,beacon,AP01,broadcast,-70.0,False,6
390.250133038,beacon,AP01,broadcast,-71.0,False,6
390.352515936,beacon,AP01,broadcast,-70.0,False,6
390.454945087,beacon,AP01,broadcast,-70.0,False,6
390.557362080,beacon,AP01,broadcast,-70.0,False,6
390.659770966,beacon,AP01,broadcast,-70.0,False,6
390.762175083,beacon,AP01,broadcast,-71.0,False,6
390.864641905,beacon,AP01,broadcast,-70.0,False,6
390.966961861,beacon,AP01,broadcast,-71.0,False,6
391.033281088,ndpa,AP01,C01,-70.0,False,24
391.033290863,bfi,C01,AP01,-68.0,False,54
391.069468021,beacon,AP01,broadcast,-71.0,False,6
391.171829939,beacon,AP01,broadcast,-70.0,False,6
391.274255037,beacon,AP01,broadcast,-70.0,False,6
391.376636028,beacon,AP01,broadcast,-70.0,False,6
391.479034901,beacon,AP01,broadcast,-70.0,False,6
391.581465006,beacon,AP01,broadcast,-70.0,False,6
391.683845043,beacon,AP01,broadcast,-70.0,False,6
391.786241055,beacon,AP01,broadcast,-70.0,False,6
391.888658047,beacon,AP01,broadcast,-70.0,False,6
391.991049051,beacon,AP01,broadcast,-70.0,False,6
392.093463898,beacon,AP01,broadcast,-70.0,False,6
392.195829868,beacon,AP01,broadcast,-70.0,False,6
392.298249960,beacon,AP01,broadcast,-71.0,False,6
392.366445065,ndpa,AP01,C01,-70.0,False,24
392.366464853,bfi,C01,AP01,-68.0,False,54
392.400534868,beacon,AP01,broadcast,-70.0,False,6
392.502974987,beacon,AP01,broadcast,-69.0,False,6
392.605448961,beacon,AP01,broadcast,-70.0,False,6
392.707737923,beacon,AP01,broadcast,-70.0,False,6
392.810252905,beacon,AP01,broadcast,-70.0,False,6
392.912652969,beacon,AP01,broadcast,-70.0,False,6
393.015043974,beacon,AP01,broadcast,-70.0,False,6
393.117377043,beacon,AP01,broadcast,-70.0,False,6
393.219866037,beacon,AP01,broadcast,-70.0,False,6
393.322273016,beacon,AP01,broadcast,-70.0,False,6
393.424665928,beacon,AP01,broadcast,-70.0,False,6
393.527056932,beacon,AP01,broadcast,-70.0,False,6
393.629456043,beacon,AP01,broadcast,-70.0,False,6
393.702051878,ndpa,AP01,C01,-70.0,False,24
393.702130079,bfi,C01,AP01,-67.0,False,54
393.731884003,beacon,AP01,broadcast,-70.0,False,6
393.834249973,beacon,AP01,broadcast,-70.0,False,6
393.936655998,beacon,AP01,broadcast,-70.0,False,6
394.039022923,beacon,AP01,broadcast,-70.0,False,6
394.141491890,beacon,AP01,broadcast,-70.0,False,6
394.255104065,beacon,AP01,broadcast,-71.0,False,6
394.346304893,beacon,AP01,broadcast,-70.0,False,6
394.476109982,beacon,AP01,broadcast,-70.0,False,6
394.551071882,beacon,AP01,broadcast,-70.0,False,6
394.653455019,beacon,AP01,broadcast,-71.0,False,6
394.755789995,beacon,AP01,broadcast,-70.0,False,6
394.858388901,beacon,AP01,broadcast,-70.0,False,6
394.960661888,beacon,AP01,broadcast,-70.0,False,6
395.033582926,ndpa,AP01,C01,-70.0,False,24
395.033608913,bfi,C01,AP01,-68.0,False,54
395.063036919,beacon,AP01,broadcast,-70.0,False,6
395.165493965,beacon,AP01,broadcast,-70.0,False,6
395.267781973,beacon,AP01,broadcast,-70.0,False,6
395.370279074,beacon,AP01,broadcast,-70.0,False,6
395.472682953,beacon,AP01,broadcast,-70.0,False,6
395.575087070,beacon,AP01,broadcast,-70.0,False,6
395.677490950,beacon,AP01,broadcast,-70.0,False,6
395.779902935,beacon,AP01,broadcast,-70.0,False,6
395.882277012,beacon,AP01,broadcast,-71.0,False,6
395.984601974,beacon,AP01,broadcast,-70.0,False,6
396.087023020,beacon,AP01,broadcast,-70.0,False,6
396.189406872,beacon,AP01,broadcast,-71.0,False,6
396.291790962,beacon,AP01,broadcast,-70.0,False,6
396.365478039,ndpa,AP01,C01,-70.0,False,24
396.365572929,bfi,C01,AP01,-68.0,False,54
396.394183874,beacon,AP01,broadcast,-70.0,False,6
396.496572971,beacon,AP01,broadcast,-70.0,False,6
396.598999023,beacon,AP01,broadcast,-70.0,False,6
396.701396942,beacon,AP01,broadcast,-70.0,False,6
396.803788900,beacon,AP01,broadcast,-71.0,False,6
396.906215906,beacon,AP01,broadcast,-71.0,False,6
397.008620977,beacon,AP01,broadcast,-70.0,False,6
397.110991001,beacon,AP01,broadcast,-70.0,False,6
397.213383913,beacon,AP01,broadcast,-70.0,False,6
397.315819979,beacon,AP01,broadcast,-71.0,False,6
397.419467926,beacon,AP01,broadcast,-70.0,False,6
397.520607948,beacon,AP01,broadcast,-70.0,False,6
397.623000860,beacon,AP01,broadcast,-70.0,False,6
397.701233864,ndpa,AP01,C01,-70.0,False,24
397.701313019,bfi,C01,AP01,-68.0,False,54
397.725383043,beacon,AP01,broadcast,-70.0,False,6
397.827878952,beacon,AP01,broadcast,-70.0,False,6
397.930249929,beacon,AP01,broadcast,-70.0,False,6
398.032646894,beacon,AP01,broadcast,-70.0,False,6
398.134989977,beacon,AP01,broadcast,-70.0,False,6
398.237417936,beacon,AP01,broadcast,-70.0,False,6
398.339823008,beacon,AP01,broadcast,-70.0,False,6
398.442197084,beacon,AP01,broadcast,-70.0,False,6
398.544610977,beacon,AP01,broadcast,-70.0,False,6
398.647105932,beacon,AP01,broadcast,-70.0,False,6
398.749505043,beacon,AP01,broadcast,-70.0,False,6
398.851897955,beacon,AP01,broadcast,-70.0,False,6
398.954658985,beacon,AP01,broadcast,-70.0,False,6
399.053786039,ndpa,AP01,C01,-70.0,False,24
399.053842068,bfi,C01,AP01,-68.0,False,54
399.056702852,beacon,AP01,broadcast,-70.0,False,6
399.159079075,beacon,AP01,broadcast,-70.0,False,6
399.275182962,beacon,AP01,broadcast,-70.0,False,6
399.363935947,beacon,AP01,broadcast,-70.0,False,6
399.466219902,beacon,AP01,broadcast,-70.0,False,6
399.568903923,beacon,AP01,broadcast,-70.0,False,6
399.671096087,beacon,AP01,broadcast,-70.0,False,6
399.773515940,beacon,AP01,broadcast,-70.0,False,6
399.978239059,beacon,AP01,broadcast,-71.0,False,6
400.080705881,beacon,AP01,broadcast,-70.0,False,6
400.183045864,beacon,AP01,broadcast,-70.0,False,6
400.285548925,beacon,AP01,broadcast,-71.0,False,6
400.366363049,ndpa,AP01,C01,-70.0,False,24
400.366389036,bfi,C01,AP01,-67.0,False,54
400.387943029,beacon,AP01,broadcast,-70.0,False,6
400.490374088,beacon,AP01,broadcast,-70.0,False,6
400.592684984,beacon,AP01,broadcast,-70.0,False,6
400.695153952,beacon,AP01,broadcast,-71.0,False,6
400.797554970,beacon,AP01,broadcast,-70.0,False,6
400.899940014,beacon,AP01,broadcast,-70.0,False,6
401.002305984,beacon,AP01,broadcast,-71.0,False,6
401.104651928,beacon,AP01,broadcast,-70.0,False,6
401.207022905,beacon,AP01,broadcast,-70.0,False,6
401.309584856,beacon,AP01,broadcast,-70.0,False,6
401.412142038,beacon,AP01,broadcast,-70.0,False,6
401.514376879,beacon,AP01,broadcast,-70.0,False,6
401.616740942,beacon,AP01,broadcast,-70.0,False,6
401.701087952,ndpa,AP01,C01,-70.0,False,24
401.701109886,bfi,C01,AP01,-68.0,False,54
401.719131947,beacon,AP01,broadcast,-70.0,False,6
401.821570873,beacon,AP01,broadcast,-71.0,False,6
401.923984051,beacon,AP01,broadcast,-70.0,False,6
402.026345015,beacon,AP01,broadcast,-70.0,False,6
402.128730059,beacon,AP01,broadcast,-71.0,False,6
402.231132030,beacon,AP01,broadcast,-70.0,False,6
402.333566904,beacon,AP01,broadcast,-70.0,False,6
402.435936928,beacon,AP01,broadcast,-70.0,False,6
402.538258076,beacon,AP01,broadcast,-71.0,False,6
402.640773058,beacon,AP01,broadcast,-70.0,False,6
402.743079901,beacon,AP01,broadcast,-71.0,False,6
402.845557928,beacon,AP01,broadcast,-71.0,False,6
402.947938919,beacon,AP01,broadcast,-70.0,False,6
403.033175945,ndpa,AP01,C01,-70.0,False,24
403.033196926,bfi,C01,AP01,-68.0,False,54
403.050380945,beacon,AP01,broadcast,-70.0,False,6
403.152750015,beacon,AP01,broadcast,-70.0,False,6
403.255146027,beacon,AP01,broadcast,-70.0,False,6
403.357537985,beacon,AP01,broadcast,-70.0,False,6
403.459934950,beacon,AP01,broadcast,-70.0,False,6
403.562342882,beacon,AP01,broadcast,-70.0,False,6
403.664752007,beacon,AP01,broadcast,-70.0,False,6
403.767093897,beacon,AP01,broadcast,-71.0,False,6
403.869477987,beacon,AP01,broadcast,-70.0,False,6
403.971893072,beacon,AP01,broadcast,-70.0,False,6
404.074441910,beacon,AP01,broadcast,-70.0,False,6
404.176663876,beacon,AP01,broadcast,-70.0,False,6
404.295377016,beacon,AP01,broadcast,-70.0,False,6
404.366555929,ndpa,AP01,C01,-70.0,False,24
404.366638899,bfi,C01,AP01,-68.0,False,54
404.381480932,beacon,AP01,broadcast,-70.0,False,6
404.483864069,beacon,AP01,broadcast,-71.0,False,6
404.586313009,beacon,AP01,broadcast,-70.0,False,6
404.688714027,beacon,AP01,broadcast,-70.0,False,6
404.791127920,beacon,AP01,broadcast,-71.0,False,6
404.893519878,beacon,AP01,broadcast,-70.0,False,6
404.995910883,beacon,AP01,broadcast,-71.0,False,6
405.098335028,beacon,AP01,broadcast,-70.0,False,6
405.200710058,beacon,AP01,broadcast,-70.0,False,6
405.303125858,beacon,AP01,broadcast,-71.0,False,6
405.405520916,beacon,AP01,broadcast,-70.0,False,6
405.507951975,beacon,AP01,broadcast,-70.0,False,6
405.610341072,beacon,AP01,broadcast,-70.0,False,6
405.701088905,ndpa,AP01,C01,-70.0,False,24
405.701169014,bfi,C01,AP01,-68.0,False,54
405.712718010,beacon,AP01,broadcast,-70.0,False,6
405.815093040,beacon,AP01,broadcast,-70.0,False,6
405.917496920,beacon,AP01,broadcast,-70.0,False,6
406.019906998,beacon,AP01,broadcast,-70.0,False,6
406.122327089,beacon,AP01,broadcast,-70.0,False,6
406.224696875,beacon,AP01,broadcast,-70.0,False,6
406.327281952,beacon,AP01,broadcast,-70.0,False,6
406.429620981,beacon,AP01,broadcast,-70.0,False,6
406.531926870,beacon,AP01,broadcast,-70.0,False,6
406.634382010,beacon,AP01,broadcast,-70.0,False,6
406.736774921,beacon,AP01,broadcast,-70.0,False,6
406.839186907,beacon,AP01,broadcast,-70.0,False,6
406.941601992,beacon,AP01,broadcast,-71.0,False,6
407.034323931,ndpa,AP01,C01,-70.0,False,24
407.034373999,bfi,C01,AP01,-68.0,False,54
407.043971062,beacon,AP01,broadcast,-70.0,False,6
407.146379948,beacon,AP01,broadcast,-70.0,False,6
407.248758078,beacon,AP01,broadcast,-71.0,False,6
407.351235867,beacon,AP01,broadcast,-70.0,False,6
407.453481913,beacon,AP01,broadcast,-70.0,False,6
407.555990934,beacon,AP01,broadcast,-70.0,False,6
407.658351898,beacon,AP01,broadcast,-70.0,False,6
407.760792017,beacon,AP01,broadcast,-70.0,False,6
407.863193989,beacon,AP01,broadcast,-70.0,False,6
407.965597868,beacon,AP01,broadcast,-70.0,False,6
408.067900896,beacon,AP01,broadcast,-71.0,False,6
408.170820951,beacon,AP01,broadcast,-70.0,False,6
408.273788929,beacon,AP01,broadcast,-70.0,False,6
408.366249084,ndpa,AP01,C01,-70.0,False,24
408.366261005,bfi,C01,AP01,-68.0,False,54
408.375113010,beacon,AP01,broadcast,-71.0,False,6
408.477626085,beacon,AP01,broadcast,-70.0,False,6
408.579998016,beacon,AP01,broadcast,-70.0,False,6
408.682420969,beacon,AP01,broadcast,-71.0,False,6
408.784847975,beacon,AP01,broadcast,-70.0,False,6
408.887223959,beacon,AP01,broadcast,-70.0,False,6
408.989623070,beacon,AP01,broadcast,-70.0,False,6
409.094337940,beacon,AP01,broadcast,-71.0,False,6
409.194417953,beacon,AP01,broadcast,-70.0,False,6
409.315289974,beacon,AP01,broadcast,-70.0,False,6
409.399196863,beacon,AP01,broadcast,-70.0,False,6
409.501621962,beacon,AP01,broadcast,-70.0,False,6
409.603982925,beacon,AP01,broadcast,-70.0,False,6
409.701906919,ndpa,AP01,C01,-70.0,False,24
409.701961994,bfi,C01,AP01,-68.0,False,54
409.706397057,beacon,AP01,broadcast,-70.0,False,6
409.808804035,beacon,AP01,broadcast,-70.0,False,6
409.911175013,beacon,AP01,broadcast,-70.0,False,6
410.013542891,beacon,AP01,broadcast,-70.0,False,6
410.116008997,beacon,AP01,broadcast,-71.0,False,6
410.218440056,beacon,AP01,broadcast,-70.0,False,6
410.320822954,beacon,AP01,broadcast,-70.0,False,6
410.423184872,beacon,AP01,broadcast,-70.0,False,6
410.525524855,beacon,AP01,broadcast,-70.0,False,6
410.628041983,beacon,AP01,broadcast,-70.0,False,6
410.730428934,beacon,AP01,broadcast,-70.0,False,6
410.832838058,beacon,AP01,broadcast,-71.0,False,6
410.935375929,beacon,AP01,broadcast,-70.0,False,6
411.034286976,ndpa,AP01,C01,-70.0,False,24
411.034331083,bfi,C01,AP01,-68.0,False,54
411.037613869,beacon,AP01,broadcast,-70.0,False,6
411.140030861,beacon,AP01,broadcast,-71.0,False,6
411.242460012,beacon,AP01,broadcast,-70.0,False,6
411.344812870,beacon,AP01,broadcast,-70.0,False,6
411.447270870,beacon,AP01,broadcast,-70.0,False,6
411.549598932,beacon,AP01,broadcast,-70.0,False,6
411.651968002,beacon,AP01,broadcast,-70.0,False,6
411.754390955,beacon,AP01,broadcast,-70.0,False,6
411.856770039,beacon,AP01,broadcast,-71.0,False,6
411.959151983,beacon,AP01,broadcast,-70.0,False,6
412.061516047,beacon,AP01,broadcast,-70.0,False,6
412.163979053,beacon,AP01,broadcast,-70.0,False,6
412.266381979,beacon,AP01,broadcast,-71.0,False,6
412.366755009,ndpa,AP01,C01,-70.0,False,24
412.366852999,bfi,C01,AP01,-68.0,False,54
412.368746996,beacon,AP01,broadcast,-71.0,False,6
412.471205950,beacon,AP01,broadcast,-70.0,False,6
412.573571920,beacon,AP01,broadcast,-70.0,False,6
412.675924063,beacon,AP01,broadcast,-70.0,False,6
412.778414965,beacon,AP01,broadcast,-71.0,False,6
412.880811930,beacon,AP01,broadcast,-70.0,False,6
412.983186960,beacon,AP01,broadcast,-70.0,False,6
413.085603952,beacon,AP01,broadcast,-70.0,False,6
413.187988997,beacon,AP01,broadcast,-71.0,False,6
413.290410995,beacon,AP01,broadcast,-70.0,False,6
413.392761946,beacon,AP01,broadcast,-70.0,False,6
413.495199919,beacon,AP01,broadcast,-70.0,False,6
413.597594976,beacon,AP01,broadcast,-70.0,False,6
413.700007915,beacon,AP01,broadcast,-70.0,False,6
413.701475859,ndpa,AP01,C01,-70.0,False,24
413.701578856,bfi,C01,AP01,-68.0,False,54
413.802380085,beacon,AP01,broadcast,-70.0,False,6
413.904772043,beacon,AP01,broadcast,-70.0,False,6
414.007191896,beacon,AP01,broadcast,-70.0,False,6
414.114450932,beacon,AP01,broadcast,-71.0,False,6
414.212064981,beacon,AP01,broadcast,-71.0,False,6
414.335876942,beacon,AP01,broadcast,-70.0,False,6
414.416888952,beacon,AP01,broadcast,-70.0,False,6
414.519250870,beacon,AP01,broadcast,-71.0,False,6
414.621680021,beacon,AP01,broadcast,-70.0,False,6
414.724003077,beacon,AP01,broadcast,-71.0,False,6
414.826493025,beacon,AP01,broadcast,-70.0,False,6
414.928750992,beacon,AP01,broadcast,-70.0,False,6
415.031182051,beacon,AP01,broadcast,-70.0,False,6
415.034195900,ndpa,AP01,C01,-70.0,False,24
415.034398079,bfi,C01,AP01,-68.0,False,54
415.133679867,beacon,AP01,broadcast,-70.0,False,6
415.235992908,beacon,AP01,broadcast,-70.0,False,6
415.338482857,beacon,AP01,broadcast,-70.0,False,6
415.440813065,beacon,AP01,broadcast,-70.0,False,6
415.543276072,beacon,AP01,broadcast,-70.0,False,6
415.645674944,beacon,AP01,broadcast,-70.0,False,6
415.748071909,beacon,AP01,broadcast,-71.0,False,6
415.850496054,beacon,AP01,broadcast,-70.0,False,6
415.952890873,beacon,AP01,broadcast,-70.0,False,6
416.055310965,beacon,AP01,broadcast,-70.0,False,6
416.157700062,beacon,AP01,broadcast,-71.0,False,6
416.260079861,beacon,AP01,broadcast,-71.0,False,6
416.362604856,beacon,AP01,broadcast,-70.0,False,6
416.366954088,ndpa,AP01,C01,-70.0,False,24
416.367007017,bfi,C01,AP01,-68.0,False,54
416.464917898,beacon,AP01,broadcast,-70.0,False,6
416.567260981,beacon,AP01,broadcast,-70.0,False,6
416.669704914,beacon,AP01,broadcast,-70.0,False,6
416.772059917,beacon,AP01,broadcast,-71.0,False,6
416.874491930,beacon,AP01,broadcast,-71.0,False,6
416.976902008,beacon,AP01,broadcast,-71.0,False,6
417.079307079,beacon,AP01,broadcast,-70.0,False,6
417.181660891,beacon,AP01,broadcast,-70.0,False,6
417.284019947,beacon,AP01,broadcast,-71.0,False,6
417.386498928,beacon,AP01,broadcast,-70.0,False,6
417.488802910,beacon,AP01,broadcast,-70.0,False,6
417.591271877,beacon,AP01,broadcast,-70.0,False,6
417.693687916,beacon,AP01,broadcast,-70.0,False,6
417.701385975,ndpa,AP01,C01,-70.0,False,24
417.701484919,bfi,C01,AP01,-68.0,False,54
417.796009064,beacon,AP01,broadcast,-70.0,False,6
417.898524046,beacon,AP01,broadcast,-71.0,False,6
418.000797033,beacon,AP01,broadcast,-71.0,False,6
418.103281021,beacon,AP01,broadcast,-70.0,False,6
418.205718040,beacon,AP01,broadcast,-71.0,False,6
418.308084011,beacon,AP01,broadcast,-70.0,False,6
418.410537004,beacon,AP01,broadcast,-70.0,False,6
418.512804031,beacon,AP01,broadcast,-71.0,False,6
418.615303040,beacon,AP01,broadcast,-70.0,False,6
418.717603922,beacon,AP01,broadcast,-70.0,False,6
418.820070028,beacon,AP01,broadcast,-70.0,False,6
418.922648907,beacon,AP01,broadcast,-70.0,False,6
419.024936914,beacon,AP01,broadcast,-70.0,False,6
419.033969879,ndpa,AP01,C01,-70.0,False,24
419.034071922,bfi,C01,AP01,-68.0,False,54
419.134530067,beacon,AP01,broadcast,-70.0,False,6
419.229735851,beacon,AP01,broadcast,-70.0,False,6
419.434424877,beacon,AP01,broadcast,-70.0,False,6
419.536848068,beacon,AP01,broadcast,-70.0,False,6
419.639236927,beacon,AP01,broadcast,-70.0,False,6
419.741621017,beacon,AP01,broadcast,-70.0,False,6
419.844076872,beacon,AP01,broadcast,-70.0,False,6
