t_rel_s,kind,transmitter,receiver,rssi_dbm,retry,rate_mbps
0.000000000,beacon,AP01,broadcast,-69.0,False,6
0.102318048,beacon,AP01,broadcast,-69.0,False,6
0.204778194,beacon,AP01,broadcast,-69.0,False,6
0.307088137,beacon,AP01,broadcast,-70.0,False,6
0.409583092,beacon,AP01,broadcast,-70.0,False,6
0.511978149,beacon,AP01,broadcast,-70.0,False,6
0.592702150,ndpa,AP01,C01,-67.0,False,24
0.592740059,bfi,C01,AP01,-60.0,False,54
0.614410162,beacon,AP01,broadcast,-70.0,False,6
0.716664076,beacon,AP01,broadcast,-70.0,False,6
0.819180012,beacon,AP01,broadcast,-69.0,False,6
0.921499014,beacon,AP01,broadcast,-69.0,False,6
1.023979187,beacon,AP01,broadcast,-69.0,False,6
1.126331091,beacon,AP01,broadcast,-69.0,False,6
1.228694201,beacon,AP01,broadcast,-69.0,False,6
1.331186056,beacon,AP01,broadcast,-69.0,False,6
1.433600187,beacon,AP01,broadcast,-69.0,False,6
1.535973072,beacon,AP01,broadcast,-70.0,False,6
1.638357162,beacon,AP01,broadcast,-69.0,False,6
1.740770102,beacon,AP01,broadcast,-69.0,False,6
1.843072176,beacon,AP01,broadcast,-69.0,False,6
1.924673080,ndpa,AP01,C01,-68.0,False,24
1.924692154,bfi,C01,AP01,-60.0,False,54
1.945562124,beacon,AP01,broadcast,-70.0,False,6
2.047962189,beacon,AP01,broadcast,-70.0,False,6
2.150381088,beacon,AP01,broadcast,-70.0,False,6
2.252690077,beacon,AP01,broadcast,-70.0,False,6
2.355201006,beacon,AP01,broadcast,-70.0,False,6
2.457505226,beacon,AP01,broadcast,-69.0,False,6
2.559998035,beacon,AP01,broadcast,-70.0,False,6
2.662350178,beacon,AP01,broadcast,-69.0,False,6
2.764778137,beacon,AP01,broadcast,-70.0,False,6
2.867207050,beacon,AP01,broadcast,-69.0,False,6
2.969574213,beacon,AP01,broadcast,-69.0,False,6
3.071998119,beacon,AP01,broadcast,-69.0,False,6
3.174320221,beacon,AP01,broadcast,-69.0,False,6
3.260481119,ndpa,AP01,C01,-67.0,False,24
3.260506153,bfi,C01,AP01,-60.0,False,54
3.276675224,beacon,AP01,broadcast,-69.0,False,6
3.379207134,beacon,AP01,broadcast,-69.0,False,6
3.481535196,beacon,AP01,broadcast,-69.0,False,6
3.583996058,beacon,AP01,broadcast,-69.0,False,6
3.686399221,beacon,AP01,broadcast,-69.0,False,6
3.788801193,beacon,AP01,broadcast,-70.0,False,6
3.891214132,beacon,AP01,broadcast,-69.0,False,6
3.993526220,beacon,AP01,broadcast,-69.0,False,6
4.095902205,beacon,AP01,broadcast,-70.0,False,6
4.198310137,beacon,AP01,broadcast,-69.0,False,6
4.300703049,beacon,AP01,broadcast,-70.0,False,6
4.403124094,beacon,AP01,broadcast,-70.0,False,6
4.505514145,beacon,AP01,broadcast,-70.0,False,6
4.592351198,ndpa,AP01,C01,-67.0,False,24
4.592444181,bfi,C01,AP01,-60.0,False,54
4.607908010,beacon,AP01,broadcast,-70.0,False,6
4.710338116,beacon,AP01,broadcast,-69.0,False,6
4.812716007,beacon,AP01,broadcast,-69.0,False,6
4.915130138,beacon,AP01,broadcast,-69.0,False,6
5.017510176,beacon,AP01,broadcast,-69.0,False,6
5.119934082,beacon,AP01,broadcast,-69.0,False,6
5.222324133,beacon,AP01,broadcast,-69.0,False,6
5.324740171,beacon,AP01,broadcast,-69.0,False,6
5.427152157,beacon,AP01,broadcast,-69.0,False,6
5.529536009,beacon,AP01,broadcast,-70.0,False,6
5.631917000,beacon,AP01,broadcast,-69.0,False,6
5.734345198,beacon,AP01,broadcast,-69.0,False,6
5.836783171,beacon,AP01,broadcast,-69.0,False,6
5.924653053,ndpa,AP01,C01,-68.0,False,24
5.924763203,bfi,C01,AP01,-60.0,False,54
5.939190149,beacon,AP01,broadcast,-69.0,False,6
6.041568995,beacon,AP01,broadcast,-69.0,False,6
6.143959999,beacon,AP01,broadcast,-69.0,False,6
6.246337175,beacon,AP01,broadcast,-69.0,False,6
6.348794222,beacon,AP01,broadcast,-69.0,False,6
6.451153040,beacon,AP01,broadcast,-69.0,False,6
6.553611040,beacon,AP01,broadcast,-69.0,False,6
6.656066179,beacon,AP01,broadcast,-69.0,False,6
6.758465052,beacon,AP01,broadcast,-69.0,False,6
6.860864162,beacon,AP01,broadcast,-69.0,False,6
6.963237047,beacon,AP01,broadcast,-69.0,False,6
7.065661192,beacon,AP01,broadcast,-69.0,False,6
7.168054104,beacon,AP01,broadcast,-69.0,False,6
7.260703087,ndpa,AP01,C01,-67.0,False,24
7.260758162,bfi,C01,AP01,-60.0,False,54
7.270437002,beacon,AP01,broadcast,-69.0,False,6
7.372843027,beacon,AP01,broadcast,-69.0,False,6
7.475262165,beacon,AP01,broadcast,-69.0,False,6
7.577641010,beacon,AP01,broadcast,-69.0,False,6
7.680052996,beacon,AP01,broadcast,-69.0,False,6
7.782430172,beacon,AP01,broadcast,-69.0,False,6
7.884848118,beacon,AP01,broadcast,-69.0,False,6
7.987132072,beacon,AP01,broadcast,-70.0,False,6
8.089640141,beacon,AP01,broadcast,-69.0,False,6
8.192025185,beacon,AP01,broadcast,-69.0,False,6
8.294444084,beacon,AP01,broadcast,-69.0,False,6
8.396811008,beacon,AP01,broadcast,-69.0,False,6
8.499284029,beacon,AP01,broadcast,-70.0,False,6
8.592315197,ndpa,AP01,C01,-68.0,False,24
8.592424154,bfi,C01,AP01,-60.0,False,54
8.601529121,beacon,AP01,broadcast,-69.0,False,6
8.704042196,beacon,AP01,broadcast,-69.0,False,6
8.806430101,beacon,AP01,broadcast,-70.0,False,6
8.908867121,beacon,AP01,broadcast,-70.0,False,6
9.011276007,beacon,AP01,broadcast,-69.0,False,6
9.113648176,beacon,AP01,broadcast,-69.0,False,6
9.216050148,beacon,AP01,broadcast,-69.0,False,6
9.318462133,beacon,AP01,broadcast,-69.0,False,6
9.420850039,beacon,AP01,broadcast,-69.0,False,6
9.523277044,beacon,AP01,broadcast,-69.0,False,6
9.625681162,beacon,AP01,broadcast,-69.0,False,6
9.728057146,beacon,AP01,broadcast,-70.0,False,6
9.830445051,beacon,AP01,broadcast,-69.0,False,6
9.924654007,ndpa,AP01,C01,-67.0,False,24
9.924673080,bfi,C01,AP01,-60.0,False,54
9.932844162,beacon,AP01,broadcast,-69.0,False,6
10.035242081,beacon,AP01,broadcast,-70.0,False,6
10.137665033,beacon,AP01,broadcast,-69.0,False,6
10.240044117,beacon,AP01,broadcast,-69.0,False,6
10.342429161,beacon,AP01,broadcast,-69.0,False,6
10.444848061,beacon,AP01,broadcast,-69.0,False,6
10.547154188,beacon,AP01,broadcast,-69.0,False,6
10.649655104,beacon,AP01,broadcast,-69.0,False,6
10.752072096,beacon,AP01,broadcast,-70.0,False,6
10.854495049,beacon,AP01,broadcast,-69.0,False,6
10.956881046,beacon,AP01,broadcast,-69.0,False,6
11.059297085,beacon,AP01,broadcast,-69.0,False,6
11.161704063,beacon,AP01,broadcast,-69.0,False,6
11.260511160,ndpa,AP01,C01,-67.0,False,24
11.260524035,bfi,C01,AP01,-60.0,False,54
11.264063120,beacon,AP01,broadcast,-69.0,False,6
11.366486073,beacon,AP01,broadcast,-69.0,False,6
11.468933105,beacon,AP01,broadcast,-69.0,False,6
11.571183205,beacon,AP01,broadcast,-69.0,False,6
11.673584223,beacon,AP01,broadcast,-69.0,False,6
11.776030064,beacon,AP01,broadcast,-69.0,False,6
11.878439188,beacon,AP01,broadcast,-69.0,False,6
11.980819225,beacon,AP01,broadcast,-69.0,False,6
12.083230019,beacon,AP01,broadcast,-69.0,False,6
12.185630083,beacon,AP01,broadcast,-69.0,False,6
12.287996054,beacon,AP01,broadcast,-69.0,False,6
12.390411139,beacon,AP01,broadcast,-69.0,False,6
12.492809057,beacon,AP01,broadcast,-69.0,False,6
12.592707157,ndpa,AP01,C01,-67.0,False,24
12.592810154,bfi,C01,AP01,-60.0,False,54
12.595167160,beacon,AP01,broadcast,-69.0,False,6
12.697579145,beacon,AP01,broadcast,-70.0,False,6
12.800019026,beacon,AP01,broadcast,-69.0,False,6
12.902375221,beacon,AP01,broadcast,-69.0,False,6
13.004842997,beacon,AP01,broadcast,-69.0,False,6
13.107183218,beacon,AP01,broadcast,-69.0,False,6
13.209643126,beacon,AP01,broadcast,-69.0,False,6
13.312043190,beacon,AP01,broadcast,-69.0,False,6
13.414408207,beacon,AP01,broadcast,-69.0,False,6
13.516867161,beacon,AP01,broadcast,-69.0,False,6
13.619233131,beacon,AP01,broadcast,-69.0,False,6
13.721639156,beacon,AP01,broadcast,-69.0,False,6
13.824016094,beacon,AP01,broadcast,-69.0,False,6
13.924930096,ndpa,AP01,C01,-67.0,False,24
13.924982071,bfi,C01,AP01,-60.0,False,54
13.926408052,beacon,AP01,broadcast,-69.0,False,6
14.028829098,beacon,AP01,broadcast,-69.0,False,6
14.131220102,beacon,AP01,broadcast,-70.0,False,6
14.233646154,beacon,AP01,broadcast,-70.0,False,6
14.336125135,beacon,AP01,broadcast,-69.0,False,6
14.438437223,beacon,AP01,broadcast,-69.0,False,6
14.540925026,beacon,AP01,broadcast,-69.0,False,6
14.643290043,beacon,AP01,broadcast,-69.0,False,6
14.745579004,beacon,AP01,broadcast,-69.0,False,6
14.848129034,beacon,AP01,broadcast,-69.0,False,6
14.950508118,beacon,AP01,broadcast,-69.0,False,6
15.052942038,beacon,AP01,broadcast,-69.0,False,6
15.155330181,beacon,AP01,broadcast,-69.0,False,6
15.257662058,beacon,AP01,broadcast,-69.0,False,6
15.260525227,ndpa,AP01,C01,-67.0,False,24
15.260583162,bfi,C01,AP01,-60.0,False,54
15.360155106,beacon,AP01,broadcast,-69.0,False,6
15.462405205,beacon,AP01,broadcast,-69.0,False,6
15.564926147,beacon,AP01,broadcast,-69.0,False,6
15.667320013,beacon,AP01,broadcast,-69.0,False,6
15.769731998,beacon,AP01,broadcast,-69.0,False,6
15.872122049,beacon,AP01,broadcast,-69.0,False,6
15.974543095,beacon,AP01,broadcast,-69.0,False,6
16.076939106,beacon,AP01,broadcast,-69.0,False,6
16.179352999,beacon,AP01,broadcast,-70.0,False,6
16.281734228,beacon,AP01,broadcast,-69.0,False,6
16.384015083,beacon,AP01,broadcast,-69.0,False,6
16.486543179,beacon,AP01,broadcast,-69.0,False,6
16.588980198,beacon,AP01,broadcast,-70.0,False,6
16.592394114,ndpa,AP01,C01,-68.0,False,24
16.592452049,bfi,C01,AP01,-60.0,False,54
16.691310167,beacon,AP01,broadcast,-69.0,False,6
16.793731213,beacon,AP01,broadcast,-69.0,False,6
16.896157026,beacon,AP01,broadcast,-69.0,False,6
16.998562098,beacon,AP01,broadcast,-69.0,False,6
17.100961208,beacon,AP01,broadcast,-69.0,False,6
17.203340054,beacon,AP01,broadcast,-69.0,False,6
17.305747032,beacon,AP01,broadcast,-69.0,False,6
17.408147097,beacon,AP01,broadcast,-69.0,False,6
17.510450125,beacon,AP01,broadcast,-69.0,False,6
17.612942219,beacon,AP01,broadcast,-69.0,False,6
17.715342999,beacon,AP01,broadcast,-69.0,False,6
17.817659140,beacon,AP01,broadcast,-69.0,False,6
17.920157194,beacon,AP01,broadcast,-69.0,False,6
17.924905062,ndpa,AP01,C01,-67.0,False,24
17.924985170,bfi,C01,AP01,-60.0,False,54
18.022455215,beacon,AP01,broadcast,-69.0,False,6
18.124939203,beacon,AP01,broadcast,-70.0,False,6
18.227335215,beacon,AP01,broadcast,-69.0,False,6
18.329757214,beacon,AP01,broadcast,-69.0,False,6
18.432155132,beacon,AP01,broadcast,-70.0,False,6
18.534470081,beacon,AP01,broadcast,-69.0,False,6
18.636953115,beacon,AP01,broadcast,-70.0,False,6
18.739382029,beacon,AP01,broadcast,-69.0,False,6
18.841736078,beacon,AP01,broadcast,-69.0,False,6
18.944183111,beacon,AP01,broadcast,-70.0,False,6
19.046574116,beacon,AP01,broadcast,-69.0,False,6
19.148957014,beacon,AP01,broadcast,-69.0,False,6
19.251387119,beacon,AP01,broadcast,-69.0,False,6
19.260755062,ndpa,AP01,C01,-67.0,False,24
19.260792017,bfi,C01,AP01,-60.0,False,54
19.353772163,beacon,AP01,broadcast,-69.0,False,6
19.456185102,beacon,AP01,broadcast,-69.0,False,6
19.558499098,beacon,AP01,broadcast,-69.0,False,6
19.660909176,beacon,AP01,broadcast,-69.0,False,6
19.763284206,beacon,AP01,broadcast,-69.0,False,6
19.865689039,beacon,AP01,broadcast,-69.0,False,6
19.968083143,beacon,AP01,broadcast,-69.0,False,6
20.070522070,beacon,AP01,broadcast,-69.0,False,6
20.172906160,beacon,AP01,broadcast,-70.0,False,6
20.275322199,beacon,AP01,broadcast,-70.0,False,6
20.377704144,beacon,AP01,broadcast,-70.0,False,6
20.480081081,beacon,AP01,broadcast,-70.0,False,6
20.582507133,beacon,AP01,broadcast,-69.0,False,6
20.591884136,ndpa,AP01,C01,-67.0,False,24
20.592003107,bfi,C01,AP01,-60.0,False,54
20.684906006,beacon,AP01,broadcast,-70.0,False,6
20.787267208,beacon,AP01,broadcast,-70.0,False,6
20.889659166,beacon,AP01,broadcast,-69.0,False,6
20.992061138,beacon,AP01,broadcast,-69.0,False,6
21.094541073,beacon,AP01,broadcast,-69.0,False,6
21.196933031,beacon,AP01,broadcast,-69.0,False,6
21.299282074,beacon,AP01,broadcast,-69.0,False,6
21.401709080,beacon,AP01,broadcast,-69.0,False,6
21.504133224,beacon,AP01,broadcast,-69.0,False,6
21.606543064,beacon,AP01,broadcast,-69.0,False,6
21.708947182,beacon,AP01,broadcast,-69.0,False,6
21.811329126,beacon,AP01,broadcast,-69.0,False,6
21.913770199,beacon,AP01,broadcast,-70.0,False,6
21.925347090,ndpa,AP01,C01,-68.0,False,24
21.925431013,bfi,C01,AP01,-60.0,False,54
22.016146183,beacon,AP01,broadcast,-70.0,False,6
22.118609190,beacon,AP01,broadcast,-70.0,False,6
22.221011162,beacon,AP01,broadcast,-69.0,False,6
22.323343039,beacon,AP01,broadcast,-69.0,False,6
22.425796032,beacon,AP01,broadcast,-70.0,False,6
22.528118134,beacon,AP01,broadcast,-70.0,False,6
22.630622149,beacon,AP01,broadcast,-69.0,False,6
22.732886076,beacon,AP01,broadcast,-69.0,False,6
22.835405111,beacon,AP01,broadcast,-69.0,False,6
22.937795162,beacon,AP01,broadcast,-69.0,False,6
23.040219069,beacon,AP01,broadcast,-69.0,False,6
23.142606020,beacon,AP01,broadcast,-69.0,False,6
23.245025158,beacon,AP01,broadcast,-69.0,False,6
23.260980129,ndpa,AP01,C01,-67.0,False,24
23.261037111,bfi,C01,AP01,-60.0,False,54
23.347365141,beacon,AP01,broadcast,-69.0,False,6
23.449812174,beacon,AP01,broadcast,-69.0,False,6
23.552220106,beacon,AP01,broadcast,-69.0,False,6
23.654587030,beacon,AP01,broadcast,-69.0,False,6
23.756999016,beacon,AP01,broadcast,-69.0,False,6
23.859426022,beacon,AP01,broadcast,-69.0,False,6
23.961798191,beacon,AP01,broadcast,-69.0,False,6
24.064214230,beacon,AP01,broadcast,-69.0,False,6
24.166604996,beacon,AP01,broadcast,-70.0,False,6
24.268992186,beacon,AP01,broadcast,-69.0,False,6
24.371413231,beacon,AP01,broadcast,-70.0,False,6
24.473807096,beacon,AP01,broadcast,-70.0,False,6
24.576119184,beacon,AP01,broadcast,-69.0,False,6
24.592306137,ndpa,AP01,C01,-68.0,False,24
24.592326164,bfi,C01,AP01,-60.0,False,54
24.678589106,beacon,AP01,broadcast,-69.0,False,6
24.781028032,beacon,AP01,broadcast,-69.0,False,6
24.883384228,beacon,AP01,broadcast,-69.0,False,6
24.985808134,beacon,AP01,broadcast,-69.0,False,6
25.088261127,beacon,AP01,broadcast,-69.0,False,6
25.190602064,beacon,AP01,broadcast,-69.0,False,6
25.292920113,beacon,AP01,broadcast,-68.0,False,6
25.395444155,beacon,AP01,broadcast,-69.0,False,6
25.497815132,beacon,AP01,broadcast,-69.0,False,6
25.600229025,beacon,AP01,broadcast,-69.0,False,6
25.702612162,beacon,AP01,broadcast,-69.0,False,6
25.805076122,beacon,AP01,broadcast,-69.0,False,6
25.907437086,beacon,AP01,broadcast,-70.0,False,6
25.923797131,ndpa,AP01,C01,-67.0,False,24
25.923879147,bfi,C01,AP01,-60.0,False,54
26.009867191,beacon,AP01,broadcast,-69.0,False,6
26.112262011,beacon,AP01,broadcast,-70.0,False,6
26.214650154,beacon,AP01,broadcast,-69.0,False,6
26.317048073,beacon,AP01,broadcast,-70.0,False,6
26.419463158,beacon,AP01,broadcast,-69.0,False,6
26.521833181,beacon,AP01,broadcast,-70.0,False,6
26.624140024,beacon,AP01,broadcast,-69.0,False,6
26.726636171,beacon,AP01,broadcast,-69.0,False,6
26.829053164,beacon,AP01,broadcast,-70.0,False,6
26.931438208,beacon,AP01,broadcast,-69.0,False,6
27.033716202,beacon,AP01,broadcast,-69.0,False,6
27.136241198,beacon,AP01,broadcast,-69.0,False,6
27.238569021,beacon,AP01,broadcast,-69.0,False,6
27.260814190,ndpa,AP01,C01,-67.0,False,24
27.260936022,bfi,C01,AP01,-60.0,False,54
27.340977192,beacon,AP01,broadcast,-70.0,False,6
27.443382025,beacon,AP01,broadcast,-69.0,False,6
27.545747042,beacon,AP01,broadcast,-69.0,False,6
27.648139000,beacon,AP01,broadcast,-70.0,False,6
27.750576019,beacon,AP01,broadcast,-70.0,False,6
27.852948189,beacon,AP01,broadcast,-69.0,False,6
27.955354214,beacon,AP01,broadcast,-70.0,False,6
28.057752132,beacon,AP01,broadcast,-69.0,False,6
28.160202026,beacon,AP01,broadcast,-69.0,False,6
28.262579203,beacon,AP01,broadcast,-69.0,False,6
28.365003109,beacon,AP01,broadcast,-69.0,False,6
28.467388153,beacon,AP01,broadcast,-69.0,False,6
28.569815159,beacon,AP01,broadcast,-70.0,False,6
28.592511177,ndpa,AP01,C01,-68.0,False,24
28.592614174,bfi,C01,AP01,-60.0,False,54
28.672152042,beacon,AP01,broadcast,-69.0,False,6
28.774585009,beacon,AP01,broadcast,-69.0,False,6
28.876992226,beacon,AP01,broadcast,-69.0,False,6
28.979376078,beacon,AP01,broadcast,-69.0,False,6
29.081779003,beacon,AP01,broadcast,-69.0,False,6
29.184138060,beacon,AP01,broadcast,-69.0,False,6
29.286592007,beacon,AP01,broadcast,-69.0,False,6
29.388989210,beacon,AP01,broadcast,-69.0,False,6
29.491378069,beacon,AP01,broadcast,-69.0,False,6
29.593768120,beacon,AP01,broadcast,-69.0,False,6
29.696171999,beacon,AP01,broadcast,-69.0,False,6
29.798640013,beacon,AP01,broadcast,-69.0,False,6
29.901081085,beacon,AP01,broadcast,-69.0,False,6
29.924904108,ndpa,AP01,C01,-68.0,False,24
29.924983025,bfi,C01,AP01,-60.0,False,54
30.003443003,beacon,AP01,broadcast,-69.0,False,6
30.105785131,beacon,AP01,broadcast,-69.0,False,6
30.208234072,beacon,AP01,broadcast,-69.0,False,6
30.310670137,beacon,AP01,broadcast,-70.0,False,6
30.413083076,beacon,AP01,broadcast,-69.0,False,6
30.515492201,beacon,AP01,broadcast,-69.0,False,6
30.617892027,beacon,AP01,broadcast,-69.0,False,6
30.720303059,beacon,AP01,broadcast,-69.0,False,6
30.822691202,beacon,AP01,broadcast,-69.0,False,6
30.925063133,beacon,AP01,broadcast,-69.0,False,6
31.027482033,beacon,AP01,broadcast,-69.0,False,6
31.129908085,beacon,AP01,broadcast,-69.0,False,6
31.232291222,beacon,AP01,broadcast,-69.0,False,6
31.260763168,ndpa,AP01,C01,-67.0,False,24
31.260805130,bfi,C01,AP01,-60.0,False,54
31.334699154,beacon,AP01,broadcast,-69.0,False,6
31.437103033,beacon,AP01,broadcast,-69.0,False,6
31.539394140,beacon,AP01,broadcast,-69.0,False,6
31.641893148,beacon,AP01,broadcast,-69.0,False,6
31.744295120,beacon,AP01,broadcast,-69.0,False,6
31.846701145,beacon,AP01,broadcast,-69.0,False,6
31.949039221,beacon,AP01,broadcast,-69.0,False,6
32.051496029,beacon,AP01,broadcast,-69.0,False,6
32.153891087,beacon,AP01,broadcast,-69.0,False,6
32.256310225,beacon,AP01,broadcast,-70.0,False,6
32.358692169,beacon,AP01,broadcast,-70.0,False,6
32.461091995,beacon,AP01,broadcast,-69.0,False,6
32.563453197,beacon,AP01,broadcast,-69.0,False,6
32.592088223,ndpa,AP01,C01,-68.0,False,24
32.592123032,bfi,C01,AP01,-60.0,False,54
32.665931225,beacon,AP01,broadcast,-69.0,False,6
32.768220186,beacon,AP01,broadcast,-69.0,False,6
32.870705128,beacon,AP01,broadcast,-69.0,False,6
32.973091125,beacon,AP01,broadcast,-69.0,False,6
33.075528145,beacon,AP01,broadcast,-69.0,False,6
33.177782059,beacon,AP01,broadcast,-68.0,False,6
33.280311108,beacon,AP01,broadcast,-68.0,False,6
33.382708073,beacon,AP01,broadcast,-69.0,False,6
33.485132217,beacon,AP01,broadcast,-69.0,False,6
33.587508202,beacon,AP01,broadcast,-69.0,False,6
33.689927101,beacon,AP01,broadcast,-69.0,False,6
33.792291164,beacon,AP01,broadcast,-69.0,False,6
33.894599199,beacon,AP01,broadcast,-69.0,False,6
33.925189018,ndpa,AP01,C01,-67.0,False,24
33.925195217,bfi,C01,AP01,-60.0,False,54
33.997164011,beacon,AP01,broadcast,-69.0,False,6
34.099521160,beacon,AP01,broadcast,-69.0,False,6
34.201925039,beacon,AP01,broadcast,-69.0,False,6
34.304318190,beacon,AP01,broadcast,-69.0,False,6
34.406734228,beacon,AP01,broadcast,-69.0,False,6
34.509144068,beacon,AP01,broadcast,-69.0,False,6
34.611503124,beacon,AP01,broadcast,-69.0,False,6
34.713920116,beacon,AP01,broadcast,-69.0,False,6
34.816220045,beacon,AP01,broadcast,-69.0,False,6
34.918714046,beacon,AP01,broadcast,-69.0,False,6
35.021040201,beacon,AP01,broadcast,-69.0,False,6
35.123429060,beacon,AP01,broadcast,-69.0,False,6
35.225841999,beacon,AP01,broadcast,-69.0,False,6
35.260616064,ndpa,AP01,C01,-67.0,False,24
35.260716200,bfi,C01,AP01,-60.0,False,54
35.328244209,beacon,AP01,broadcast,-69.0,False,6
35.430631161,beacon,AP01,broadcast,-69.0,False,6
35.533027172,beacon,AP01,broadcast,-69.0,False,6
35.635431051,beacon,AP01,broadcast,-69.0,False,6
35.737844229,beacon,AP01,broadcast,-69.0,False,6
35.840262175,beacon,AP01,broadcast,-69.0,False,6
35.942611217,beacon,AP01,broadcast,-69.0,False,6
36.045058012,beacon,AP01,broadcast,-69.0,False,6
36.147460222,beacon,AP01,broadcast,-69.0,False,6
36.249834061,beacon,AP01,broadcast,-70.0,False,6
36.352239132,beacon,AP01,broadcast,-69.0,False,6
36.454679012,beacon,AP01,broadcast,-69.0,False,6
36.557054043,beacon,AP01,broadcast,-69.0,False,6
36.592956066,ndpa,AP01,C01,-68.0,False,24
36.593051195,bfi,C01,AP01,-60.0,False,54
36.659447193,beacon,AP01,broadcast,-69.0,False,6
36.761853218,beacon,AP01,broadcast,-69.0,False,6
36.864225149,beacon,AP01,broadcast,-69.0,False,6
36.966629028,beacon,AP01,broadcast,-69.0,False,6
37.069033146,beacon,AP01,broadcast,-69.0,False,6
37.171461105,beacon,AP01,broadcast,-69.0,False,6
37.273855209,beacon,AP01,broadcast,-69.0,False,6
37.376236200,beacon,AP01,broadcast,-69.0,False,6
37.478654146,beacon,AP01,broadcast,-69.0,False,6
37.581048012,beacon,AP01,broadcast,-69.0,False,6
37.683493137,beacon,AP01,broadcast,-69.0,False,6
37.785839081,beacon,AP01,broadcast,-69.0,False,6
37.888233185,beacon,AP01,broadcast,-69.0,False,6
37.924355030,ndpa,AP01,C01,-67.0,False,24
37.924444199,bfi,C01,AP01,-60.0,False,54
37.990672112,beacon,AP01,broadcast,-69.0,False,6
38.093047142,beacon,AP01,broadcast,-69.0,False,6
38.195493221,beacon,AP01,broadcast,-69.0,False,6
38.297901154,beacon,AP01,broadcast,-69.0,False,6
38.400256157,beacon,AP01,broadcast,-69.0,False,6
38.502696037,beacon,AP01,broadcast,-69.0,False,6
38.605068207,beacon,AP01,broadcast,-69.0,False,6
38.707504034,beacon,AP01,broadcast,-69.0,False,6
38.809879065,beacon,AP01,broadcast,-69.0,False,6
38.912278175,beacon,AP01,broadcast,-69.0,False,6
39.014688015,beacon,AP01,broadcast,-69.0,False,6
39.117094040,beacon,AP01,broadcast,-69.0,False,6
39.219506025,beacon,AP01,broadcast,-68.0,False,6
39.261036158,ndpa,AP01,C01,-67.0,False,24
39.261088133,bfi,C01,AP01,-60.0,False,54
39.321842194,beacon,AP01,broadcast,-69.0,False,6
39.424292088,beacon,AP01,broadcast,-69.0,False,6
39.526713133,beacon,AP01,broadcast,-69.0,False,6
39.629083157,beacon,AP01,broadcast,-69.0,False,6
39.731496096,beacon,AP01,broadcast,-69.0,False,6
39.833884001,beacon,AP01,broadcast,-69.0,False,6
39.936291218,beacon,AP01,broadcast,-69.0,False,6
40.038676023,beacon,AP01,broadcast,-69.0,False,6
40.141079187,beacon,AP01,broadcast,-69.0,False,6
40.243506193,beacon,AP01,broadcast,-69.0,False,6
40.345919132,beacon,AP01,broadcast,-69.0,False,6
40.448324203,beacon,AP01,broadcast,-69.0,False,6
40.550723076,beacon,AP01,broadcast,-69.0,False,6
40.592854023,ndpa,AP01,C01,-67.0,False,24
40.592911005,bfi,C01,AP01,-60.0,False,54
40.653091192,beacon,AP01,broadcast,-69.0,False,6
40.755492210,beacon,AP01,broadcast,-69.0,False,6
40.858041048,beacon,AP01,broadcast,-69.0,False,6
40.960299015,beacon,AP01,broadcast,-69.0,False,6
41.062722206,beacon,AP01,broadcast,-69.0,False,6
41.165096998,beacon,AP01,broadcast,-69.0,False,6
41.267527103,beacon,AP01,broadcast,-69.0,False,6
41.369909048,beacon,AP01,broadcast,-69.0,False,6
41.472312212,beacon,AP01,broadcast,-69.0,False,6
41.574714184,beacon,AP01,broadcast,-69.0,False,6
41.677116156,beacon,AP01,broadcast,-69.0,False,6
41.779518127,beacon,AP01,broadcast,-69.0,False,6
41.881891012,beacon,AP01,broadcast,-69.0,False,6
41.924946070,ndpa,AP01,C01,-67.0,False,24
41.925039053,bfi,C01,AP01,-60.0,False,54
41.984343052,beacon,AP01,broadcast,-69.0,False,6
42.086726189,beacon,AP01,broadcast,-69.0,False,6
42.189110041,beacon,AP01,broadcast,-69.0,False,6
42.291528225,beacon,AP01,broadcast,-69.0,False,6
42.393890142,beacon,AP01,broadcast,-69.0,False,6
42.496309042,beacon,AP01,broadcast,-69.0,False,6
42.598740101,beacon,AP01,broadcast,-69.0,False,6
42.701146126,beacon,AP01,broadcast,-69.0,False,6
42.803519011,beacon,AP01,broadcast,-69.0,False,6
42.905909061,beacon,AP01,broadcast,-69.0,False,6
43.008317232,beacon,AP01,broadcast,-69.0,False,6
43.110733032,beacon,AP01,broadcast,-69.0,False,6
43.213124037,beacon,AP01,broadcast,-69.0,False,6
43.260842085,ndpa,AP01,C01,-67.0,False,24
43.260946035,bfi,C01,AP01,-60.0,False,54
43.315505028,beacon,AP01,broadcast,-69.0,False,6
43.417897224,beacon,AP01,broadcast,-69.0,False,6
43.520299196,beacon,AP01,broadcast,-69.0,False,6
43.622720003,beacon,AP01,broadcast,-69.0,False,6
43.725100040,beacon,AP01,broadcast,-69.0,False,6
43.827505112,beacon,AP01,broadcast,-69.0,False,6
43.929931164,beacon,AP01,broadcast,-69.0,False,6
44.032310009,beacon,AP01,broadcast,-69.0,False,6
44.134766102,beacon,AP01,broadcast,-69.0,False,6
44.237099171,beacon,AP01,broadcast,-69.0,False,6
44.339519024,beacon,AP01,broadcast,-69.0,False,6
44.441937208,beacon,AP01,broadcast,-69.0,False,6
44.544416189,beacon,AP01,broadcast,-69.0,False,6
44.592700005,ndpa,AP01,C01,-67.0,False,24
44.592787027,bfi,C01,AP01,-60.0,False,54
44.646725178,beacon,AP01,broadcast,-69.0,False,6
44.749124050,beacon,AP01,broadcast,-69.0,False,6
44.851512194,beacon,AP01,broadcast,-69.0,False,6
44.953918219,beacon,AP01,broadcast,-69.0,False,6
45.056351185,beacon,AP01,broadcast,-68.0,False,6
45.158745050,beacon,AP01,broadcast,-68.0,False,6
45.261139154,beacon,AP01,broadcast,-68.0,False,6
45.363523006,beacon,AP01,broadcast,-69.0,False,6
45.465939045,beacon,AP01,broadcast,-69.0,False,6
45.568325996,beacon,AP01,broadcast,-69.0,False,6
45.670757055,beacon,AP01,broadcast,-69.0,False,6
45.773137093,beacon,AP01,broadcast,-69.0,False,6
45.875532150,beacon,AP01,broadcast,-69.0,False,6
45.924923182,ndpa,AP01,C01,-68.0,False,24
45.925013065,bfi,C01,AP01,-60.0,False,54
45.977945089,beacon,AP01,broadcast,-69.0,False,6
46.080321074,beacon,AP01,broadcast,-69.0,False,6
46.182725191,beacon,AP01,broadcast,-69.0,False,6
46.285130024,beacon,AP01,broadcast,-69.0,False,6
46.387539148,beacon,AP01,broadcast,-69.0,False,6
46.489933014,beacon,AP01,broadcast,-69.0,False,6
46.592360020,beacon,AP01,broadcast,-69.0,False,6
46.694757223,beacon,AP01,broadcast,-69.0,False,6
46.797119141,beacon,AP01,broadcast,-69.0,False,6
46.899564028,beacon,AP01,broadcast,-69.0,False,6
47.001981020,beacon,AP01,broadcast,-69.0,False,6
47.104381084,beacon,AP01,broadcast,-69.0,False,6
47.206811190,beacon,AP01,broadcast,-69.0,False,6
47.260908127,ndpa,AP01,C01,-67.0,False,24
47.261004210,bfi,C01,AP01,-60.0,False,54
47.309172153,beacon,AP01,broadcast,-69.0,False,6
47.411589146,beacon,AP01,broadcast,-68.0,False,6
47.514003038,beacon,AP01,broadcast,-68.0,False,6
47.616396189,beacon,AP01,broadcast,-69.0,False,6
47.718790054,beacon,AP01,broadcast,-69.0,False,6
47.821206093,beacon,AP01,broadcast,-69.0,False,6
47.923616171,beacon,AP01,broadcast,-69.0,False,6
48.025991201,beacon,AP01,broadcast,-69.0,False,6
48.128416061,beacon,AP01,broadcast,-69.0,False,6
48.230796099,beacon,AP01,broadcast,-69.0,False,6
48.333205223,beacon,AP01,broadcast,-69.0,False,6
48.435573101,beacon,AP01,broadcast,-69.0,False,6
48.537985086,beacon,AP01,broadcast,-69.0,False,6
48.592741013,ndpa,AP01,C01,-68.0,False,24
48.592843056,bfi,C01,AP01,-60.0,False,54
48.640351057,beacon,AP01,broadcast,-69.0,False,6
48.742755175,beacon,AP01,broadcast,-69.0,False,6
48.845192194,beacon,AP01,broadcast,-69.0,False,6
48.947538137,beacon,AP01,broadcast,-69.0,False,6
49.049966097,beacon,AP01,broadcast,-69.0,False,6
49.152422190,beacon,AP01,broadcast,-68.0,False,6
49.254782200,beacon,AP01,broadcast,-69.0,False,6
49.357212067,beacon,AP01,broadcast,-68.0,False,6
49.459607124,beacon,AP01,broadcast,-69.0,False,6
49.561973095,beacon,AP01,broadcast,-69.0,False,6
49.664393187,beacon,AP01,broadcast,-69.0,False,6
49.766806126,beacon,AP01,broadcast,-69.0,False,6
49.869203091,beacon,AP01,broadcast,-69.0,False,6
49.925323009,ndpa,AP01,C01,-68.0,False,24
49.925407171,bfi,C01,AP01,-60.0,False,54
49.971635103,beacon,AP01,broadcast,-69.0,False,6
50.074003220,beacon,AP01,broadcast,-69.0,False,6
50.176393032,beacon,AP01,broadcast,-69.0,False,6
50.278819084,beacon,AP01,broadcast,-69.0,False,6
50.381218195,beacon,AP01,broadcast,-69.0,False,6
50.483635187,beacon,AP01,broadcast,-69.0,False,6
50.586040020,beacon,AP01,broadcast,-69.0,False,6
50.688380003,beacon,AP01,broadcast,-69.0,False,6
50.790828228,beacon,AP01,broadcast,-69.0,False,6
50.893207073,beacon,AP01,broadcast,-69.0,False,6
50.995602131,beacon,AP01,broadcast,-69.0,False,6
51.097994089,beacon,AP01,broadcast,-69.0,False,6
51.200423002,beacon,AP01,broadcast,-69.0,False,6
51.260955095,ndpa,AP01,C01,-68.0,False,24
51.261020184,bfi,C01,AP01,-60.0,False,54
51.302834034,beacon,AP01,broadcast,-69.0,False,6
51.405243158,beacon,AP01,broadcast,-68.0,False,6
51.507589102,beacon,AP01,broadcast,-69.0,False,6
51.609981060,beacon,AP01,broadcast,-69.0,False,6
51.712405205,beacon,AP01,broadcast,-69.0,False,6
51.814785004,beacon,AP01,broadcast,-69.0,False,6
51.917211056,beacon,AP01,broadcast,-69.0,False,6
52.019596100,beacon,AP01,broadcast,-69.0,False,6
52.121987104,beacon,AP01,broadcast,-69.0,False,6
52.224421024,beacon,AP01,broadcast,-69.0,False,6
52.326794147,beacon,AP01,broadcast,-69.0,False,6
52.429188013,beacon,AP01,broadcast,-69.0,False,6
52.531627178,beacon,AP01,broadcast,-69.0,False,6
52.592937231,ndpa,AP01,C01,-68.0,False,24
52.593019009,bfi,C01,AP01,-60.0,False,54
52.634023190,beacon,AP01,broadcast,-69.0,False,6
52.736412048,beacon,AP01,broadcast,-69.0,False,6
52.838797092,beacon,AP01,broadcast,-69.0,False,6
52.941223145,beacon,AP01,broadcast,-69.0,False,6
53.043608189,beacon,AP01,broadcast,-69.0,False,6
53.146041155,beacon,AP01,broadcast,-69.0,False,6
53.248420000,beacon,AP01,broadcast,-69.0,False,6
53.350808144,beacon,AP01,broadcast,-69.0,False,6
53.453246117,beacon,AP01,broadcast,-69.0,False,6
53.555642128,beacon,AP01,broadcast,-69.0,False,6
53.657997131,beacon,AP01,broadcast,-68.0,False,6
53.760425091,beacon,AP01,broadcast,-69.0,False,6
53.862808228,beacon,AP01,broadcast,-69.0,False,6
53.925509214,ndpa,AP01,C01,-68.0,False,24
53.925611019,bfi,C01,AP01,-60.0,False,54
53.965225220,beacon,AP01,broadcast,-69.0,False,6
54.067601204,beacon,AP01,broadcast,-69.0,False,6
54.170013189,beacon,AP01,broadcast,-69.0,False,6
54.272447109,beacon,AP01,broadcast,-68.0,False,6
54.374881029,beacon,AP01,broadcast,-69.0,False,6
54.477256060,beacon,AP01,broadcast,-69.0,False,6
54.579653025,beacon,AP01,broadcast,-69.0,False,6
54.682011127,beacon,AP01,broadcast,-69.0,False,6
54.784471035,beacon,AP01,broadcast,-69.0,False,6
54.886833191,beacon,AP01,broadcast,-69.0,False,6
54.989271164,beacon,AP01,broadcast,-69.0,False,6
55.091681004,beacon,AP01,broadcast,-68.0,False,6
55.194074154,beacon,AP01,broadcast,-68.0,False,6
55.260925055,ndpa,AP01,C01,-67.0,False,24
55.260991096,bfi,C01,AP01,-60.0,False,54
55.296503067,beacon,AP01,broadcast,-68.0,False,6
55.398896217,beacon,AP01,broadcast,-68.0,False,6
55.501240015,beacon,AP01,broadcast,-69.0,False,6
55.603682995,beacon,AP01,broadcast,-69.0,False,6
55.706031084,beacon,AP01,broadcast,-69.0,False,6
55.808501005,beacon,AP01,broadcast,-68.0,False,6
55.910845995,beacon,AP01,broadcast,-69.0,False,6
56.013259172,beacon,AP01,broadcast,-69.0,False,6
56.115699053,beacon,AP01,broadcast,-69.0,False,6
56.218067169,beacon,AP01,broadcast,-69.0,False,6
56.320480108,beacon,AP01,broadcast,-68.0,False,6
56.422899008,beacon,AP01,broadcast,-68.0,False,6
56.525262117,beacon,AP01,broadcast,-69.0,False,6
56.593205214,ndpa,AP01,C01,-67.0,False,24
56.593265057,bfi,C01,AP01,-60.0,False,54
56.627687216,beacon,AP01,broadcast,-69.0,False,6
56.730068207,beacon,AP01,broadcast,-69.0,False,6
56.832523108,beacon,AP01,broadcast,-69.0,False,6
56.934909105,beacon,AP01,broadcast,-69.0,False,6
57.037285089,beacon,AP01,broadcast,-68.0,False,6
57.139695168,beacon,AP01,broadcast,-68.0,False,6
57.242087126,beacon,AP01,broadcast,-68.0,False,6
57.344516039,beacon,AP01,broadcast,-68.0,False,6
57.446902037,beacon,AP01,broadcast,-68.0,False,6
57.549263000,beacon,AP01,broadcast,-68.0,False,6
57.651703119,beacon,AP01,broadcast,-68.0,False,6
57.754118204,beacon,AP01,broadcast,-68.0,False,6
57.856456041,beacon,AP01,broadcast,-68.0,False,6
57.925301075,ndpa,AP01,C01,-67.0,False,24
57.925398111,bfi,C01,AP01,-60.0,False,54
57.958909035,beacon,AP01,broadcast,-69.0,False,6
58.061298132,beacon,AP01,broadcast,-69.0,False,6
58.163703203,beacon,AP01,broadcast,-69.0,False,6
58.266108036,beacon,AP01,broadcast,-69.0,False,6
58.368522167,beacon,AP01,broadcast,-68.0,False,6
58.470932007,beacon,AP01,broadcast,-69.0,False,6
58.573335171,beacon,AP01,broadcast,-69.0,False,6
58.675751209,beacon,AP01,broadcast,-69.0,False,6
58.778095007,beacon,AP01,broadcast,-69.0,False,6
58.880544186,beacon,AP01,broadcast,-69.0,False,6
58.982940197,beacon,AP01,broadcast,-69.0,False,6
59.085286140,beacon,AP01,broadcast,-68.0,False,6
59.187699080,beacon,AP01,broadcast,-68.0,False,6
59.260896206,ndpa,AP01,C01,-67.0,False,24
59.261009216,bfi,C01,AP01,-60.0,False,54
59.290101051,beacon,AP01,broadcast,-68.0,False,6
59.392471075,beacon,AP01,broadcast,-68.0,False,6
59.494877100,beacon,AP01,broadcast,-69.0,False,6
59.597290039,beacon,AP01,broadcast,-68.0,False,6
59.699706078,beacon,AP01,broadcast,-68.0,False,6
59.802089214,beacon,AP01,broadcast,-69.0,False,6
59.904478073,beacon,AP01,broadcast,-68.0,False,6
60.006890059,beacon,AP01,broadcast,-69.0,False,6
60.109266043,beacon,AP01,broadcast,-69.0,False,6
60.211693048,beacon,AP01,broadcast,-69.0,False,6
60.314118147,beacon,AP01,broadcast,-69.0,False,6
60.416461229,beacon,AP01,broadcast,-69.0,False,6
60.518903017,beacon,AP01,broadcast,-69.0,False,6
60.588189125,ndpa,AP01,C01,-67.0,False,24
60.588282108,bfi,C01,AP01,-60.0,False,54
60.621285200,beacon,AP01,broadcast,-69.0,False,6
60.723708153,beacon,AP01,broadcast,-69.0,False,6
60.826103210,beacon,AP01,broadcast,-69.0,False,6
60.928481102,beacon,AP01,broadcast,-69.0,False,6
61.030886173,beacon,AP01,broadcast,-69.0,False,6
61.133302212,beacon,AP01,broadcast,-68.0,False,6
61.235693216,beacon,AP01,broadcast,-69.0,False,6
61.338117123,beacon,AP01,broadcast,-68.0,False,6
61.440499067,beacon,AP01,broadcast,-68.0,False,6
61.542895079,beacon,AP01,broadcast,-68.0,False,6
61.645324230,beacon,AP01,broadcast,-68.0,False,6
61.747698069,beacon,AP01,broadcast,-68.0,False,6
61.850080013,beacon,AP01,broadcast,-68.0,False,6
61.917233229,ndpa,AP01,C01,-68.0,False,24
61.917287111,bfi,C01,AP01,-60.0,False,54
61.952495098,beacon,AP01,broadcast,-68.0,False,6
62.054881096,beacon,AP01,broadcast,-69.0,False,6
62.157286167,beacon,AP01,broadcast,-69.0,False,6
62.259737015,beacon,AP01,broadcast,-69.0,False,6
62.362118006,beacon,AP01,broadcast,-69.0,False,6
62.464506149,beacon,AP01,broadcast,-69.0,False,6
62.566907167,beacon,AP01,broadcast,-69.0,False,6
62.669341087,beacon,AP01,broadcast,-69.0,False,6
62.771699190,beacon,AP01,broadcast,-69.0,False,6
62.874103069,beacon,AP01,broadcast,-70.0,False,6
62.976541042,beacon,AP01,broadcast,-69.0,False,6
63.078920126,beacon,AP01,broadcast,-69.0,False,6
63.181338072,beacon,AP01,broadcast,-69.0,False,6
63.250750065,ndpa,AP01,C01,-68.0,False,24
63.250842094,bfi,C01,AP01,-60.0,False,54
63.283723116,beacon,AP01,broadcast,-69.0,False,6
63.386117220,beacon,AP01,broadcast,-69.0,False,6
63.488502026,beacon,AP01,broadcast,-69.0,False,6
63.590916157,beacon,AP01,broadcast,-69.0,False,6
63.693307161,beacon,AP01,broadcast,-69.0,False,6
63.795716047,beacon,AP01,broadcast,-69.0,False,6
63.898121119,beacon,AP01,broadcast,-69.0,False,6
64.000522137,beacon,AP01,broadcast,-69.0,False,6
64.102914095,beacon,AP01,broadcast,-69.0,False,6
64.205305099,beacon,AP01,broadcast,-69.0,False,6
64.307742119,beacon,AP01,broadcast,-69.0,False,6
64.410145998,beacon,AP01,broadcast,-69.0,False,6
64.512531042,beacon,AP01,broadcast,-69.0,False,6
64.582194090,ndpa,AP01,C01,-68.0,False,24
64.582292080,bfi,C01,AP01,-60.0,False,54
64.614941120,beacon,AP01,broadcast,-69.0,False,6
64.717340231,beacon,AP01,broadcast,-69.0,False,6
64.819761038,beacon,AP01,broadcast,-69.0,False,6
64.922178030,beacon,AP01,broadcast,-69.0,False,6
65.024530172,beacon,AP01,broadcast,-69.0,False,6
65.126929045,beacon,AP01,broadcast,-69.0,False,6
65.229360104,beacon,AP01,broadcast,-69.0,False,6
65.331778049,beacon,AP01,broadcast,-69.0,False,6
65.434167147,beacon,AP01,broadcast,-68.0,False,6
65.536606073,beacon,AP01,broadcast,-69.0,False,6
65.638978004,beacon,AP01,broadcast,-68.0,False,6
65.741361141,beacon,AP01,broadcast,-69.0,False,6
65.843753099,beacon,AP01,broadcast,-69.0,False,6
65.915316105,ndpa,AP01,C01,-68.0,False,24
65.915372133,bfi,C01,AP01,-60.0,False,54
65.946168184,beacon,AP01,broadcast,-69.0,False,6
66.048563004,beacon,AP01,broadcast,-69.0,False,6
66.150973082,beacon,AP01,broadcast,-68.0,False,6
66.253336191,beacon,AP01,broadcast,-69.0,False,6
66.355779171,beacon,AP01,broadcast,-69.0,False,6
66.458170176,beacon,AP01,broadcast,-69.0,False,6
66.560557127,beacon,AP01,broadcast,-69.0,False,6
66.662970066,beacon,AP01,broadcast,-69.0,False,6
66.765348196,beacon,AP01,broadcast,-69.0,False,6
66.867784023,beacon,AP01,broadcast,-69.0,False,6
66.970170021,beacon,AP01,broadcast,-69.0,False,6
67.072551012,beacon,AP01,broadcast,-69.0,False,6
67.174966097,beacon,AP01,broadcast,-69.0,False,6
67.250817060,ndpa,AP01,C01,-67.0,False,24
67.250907183,bfi,C01,AP01,-60.0,False,54
67.277353048,beacon,AP01,broadcast,-69.0,False,6
67.379758120,beacon,AP01,broadcast,-69.0,False,6
67.482241154,beacon,AP01,broadcast,-69.0,False,6
67.584648132,beacon,AP01,broadcast,-69.0,False,6
67.686997175,beacon,AP01,broadcast,-68.0,False,6
67.789601088,beacon,AP01,broadcast,-69.0,False,6
67.891769171,beacon,AP01,broadcast,-69.0,False,6
67.994181156,beacon,AP01,broadcast,-69.0,False,6
68.096587181,beacon,AP01,broadcast,-69.0,False,6
68.198988199,beacon,AP01,broadcast,-69.0,False,6
68.301374197,beacon,AP01,broadcast,-69.0,False,6
68.403789997,beacon,AP01,broadcast,-69.0,False,6
68.506164074,beacon,AP01,broadcast,-69.0,False,6
68.582259178,ndpa,AP01,C01,-68.0,False,24
68.582360029,bfi,C01,AP01,-60.0,False,54
68.608574152,beacon,AP01,broadcast,-69.0,False,6
68.710985184,beacon,AP01,broadcast,-69.0,False,6
68.813357115,beacon,AP01,broadcast,-69.0,False,6
68.915788174,beacon,AP01,broadcast,-69.0,False,6
69.018183231,beacon,AP01,broadcast,-69.0,False,6
69.120581150,beacon,AP01,broadcast,-69.0,False,6
69.222970009,beacon,AP01,broadcast,-69.0,False,6
69.325370073,beacon,AP01,broadcast,-69.0,False,6
69.427779198,beacon,AP01,broadcast,-69.0,False,6
69.530181170,beacon,AP01,broadcast,-69.0,False,6
69.632580996,beacon,AP01,broadcast,-68.0,False,6
69.734997034,beacon,AP01,broadcast,-68.0,False,6
69.837385178,beacon,AP01,broadcast,-68.0,False,6
69.914734125,ndpa,AP01,C01,-68.0,False,24
69.914830208,bfi,C01,AP01,-60.0,False,54
69.939790010,beacon,AP01,broadcast,-69.0,False,6
70.042193174,beacon,AP01,broadcast,-69.0,False,6
70.144588232,beacon,AP01,broadcast,-69.0,False,6
70.246998072,beacon,AP01,broadcast,-69.0,False,6
70.349388123,beacon,AP01,broadcast,-69.0,False,6
70.451795101,beacon,AP01,broadcast,-69.0,False,6
70.554204226,beacon,AP01,broadcast,-69.0,False,6
70.656572104,beacon,AP01,broadcast,-69.0,False,6
70.758991003,beacon,AP01,broadcast,-69.0,False,6
70.861384153,beacon,AP01,broadcast,-69.0,False,6
70.963821173,beacon,AP01,broadcast,-69.0,False,6
71.066241026,beacon,AP01,broadcast,-69.0,False,6
71.168585062,beacon,AP01,broadcast,-68.0,False,6
71.250760078,ndpa,AP01,C01,-67.0,False,24
71.250855207,bfi,C01,AP01,-60.0,False,54
71.270990133,beacon,AP01,broadcast,-69.0,False,6
71.373408079,beacon,AP01,broadcast,-68.0,False,6
71.475812197,beacon,AP01,broadcast,-68.0,False,6
71.578202009,beacon,AP01,broadcast,-68.0,False,6
71.680612087,beacon,AP01,broadcast,-69.0,False,6
71.783000231,beacon,AP01,broadcast,-69.0,False,6
71.885395050,beacon,AP01,broadcast,-68.0,False,6
71.987833023,beacon,AP01,broadcast,-68.0,False,6
72.090208054,beacon,AP01,broadcast,-69.0,False,6
72.192632198,beacon,AP01,broadcast,-69.0,False,6
72.295014143,beacon,AP01,broadcast,-69.0,False,6
72.397402048,beacon,AP01,broadcast,-68.0,False,6
72.499818087,beacon,AP01,broadcast,-69.0,False,6
72.583326101,ndpa,AP01,C01,-67.0,False,24
72.583385229,bfi,C01,AP01,-60.0,False,54
72.602249146,beacon,AP01,broadcast,-69.0,False,6
72.704598188,beacon,AP01,broadcast,-69.0,False,6
72.807062149,beacon,AP01,broadcast,-68.0,False,6
72.909455061,beacon,AP01,broadcast,-69.0,False,6
73.011860132,beacon,AP01,broadcast,-69.0,False,6
73.114244223,beacon,AP01,broadcast,-68.0,False,6
73.216639042,beacon,AP01,broadcast,-69.0,False,6
73.319021225,beacon,AP01,broadcast,-68.0,False,6
73.421433210,beacon,AP01,broadcast,-68.0,False,6
73.523836136,beacon,AP01,broadcast,-68.0,False,6
73.626224995,beacon,AP01,broadcast,-68.0,False,6
73.728662014,beacon,AP01,broadcast,-69.0,False,6
73.831073046,beacon,AP01,broadcast,-69.0,False,6
73.914798021,ndpa,AP01,C01,-67.0,False,24
73.914898157,bfi,C01,AP01,-60.0,False,54
73.933446169,beacon,AP01,broadcast,-69.0,False,6
74.035869122,beacon,AP01,broadcast,-69.0,False,6
74.138245106,beacon,AP01,broadcast,-69.0,False,6
74.240631104,beacon,AP01,broadcast,-69.0,False,6
74.343039036,beacon,AP01,broadcast,-69.0,False,6
74.445459127,beacon,AP01,broadcast,-69.0,False,6
74.547840118,beacon,AP01,broadcast,-69.0,False,6
74.650268078,beacon,AP01,broadcast,-69.0,False,6
74.752646208,beacon,AP01,broadcast,-69.0,False,6
74.855047226,beacon,AP01,broadcast,-69.0,False,6
74.957461119,beacon,AP01,broadcast,-69.0,False,6
75.059864998,beacon,AP01,broadcast,-69.0,False,6
75.162263155,beacon,AP01,broadcast,-69.0,False,6
75.250792027,ndpa,AP01,C01,-68.0,False,24
75.250860214,bfi,C01,AP01,-60.0,False,54
75.264657021,beacon,AP01,broadcast,-69.0,False,6
75.367061138,beacon,AP01,broadcast,-69.0,False,6
75.469441175,beacon,AP01,broadcast,-69.0,False,6
75.571861029,beacon,AP01,broadcast,-69.0,False,6
75.674240112,beacon,AP01,broadcast,-69.0,False,6
75.776653051,beacon,AP01,broadcast,-69.0,False,6
75.879069090,beacon,AP01,broadcast,-69.0,False,6
75.981444120,beacon,AP01,broadcast,-69.0,False,6
76.083864212,beacon,AP01,broadcast,-69.0,False,6
76.186265230,beacon,AP01,broadcast,-69.0,False,6
76.288665056,beacon,AP01,broadcast,-69.0,False,6
76.391039133,beacon,AP01,broadcast,-69.0,False,6
76.493458033,beacon,AP01,broadcast,-69.0,False,6
76.582899094,ndpa,AP01,C01,-68.0,False,24
76.582972050,bfi,C01,AP01,-60.0,False,54
76.595869064,beacon,AP01,broadcast,-69.0,False,6
76.698251009,beacon,AP01,broadcast,-69.0,False,6
76.800684214,beacon,AP01,broadcast,-69.0,False,6
76.903072119,beacon,AP01,broadcast,-69.0,False,6
77.005461216,beacon,AP01,broadcast,-69.0,False,6
77.107902050,beacon,AP01,broadcast,-69.0,False,6
77.210255146,beacon,AP01,broadcast,-69.0,False,6
77.312670231,beacon,AP01,broadcast,-69.0,False,6
77.415077209,beacon,AP01,broadcast,-69.0,False,6
77.517454147,beacon,AP01,broadcast,-69.0,False,6
77.619907141,beacon,AP01,broadcast,-69.0,False,6
77.722258091,beacon,AP01,broadcast,-69.0,False,6
77.824661016,beacon,AP01,broadcast,-69.0,False,6
77.909962177,ndpa,AP01,C01,-68.0,False,24
77.910053015,bfi,C01,AP01,-60.0,False,54
77.927075148,beacon,AP01,broadcast,-69.0,False,6
78.029512167,beacon,AP01,broadcast,-69.0,False,6
78.131889105,beacon,AP01,broadcast,-69.0,False,6
78.234301090,beacon,AP01,broadcast,-69.0,False,6
78.336699009,beacon,AP01,broadcast,-69.0,False,6
78.439095020,beacon,AP01,broadcast,-69.0,False,6
78.541500092,beacon,AP01,broadcast,-69.0,False,6
78.643886089,beacon,AP01,broadcast,-69.0,False,6
78.746283054,beacon,AP01,broadcast,-69.0,False,6
78.848745108,beacon,AP01,broadcast,-69.0,False,6
78.951122046,beacon,AP01,broadcast,-69.0,False,6
79.053464174,beacon,AP01,broadcast,-69.0,False,6
79.155858040,beacon,AP01,broadcast,-69.0,False,6
79.240631104,ndpa,AP01,C01,-68.0,False,24
79.240721226,bfi,C01,AP01,-60.0,False,54
79.258268118,beacon,AP01,broadcast,-69.0,False,6
79.360686064,beacon,AP01,broadcast,-69.0,False,6
79.463109016,beacon,AP01,broadcast,-69.0,False,6
79.565502167,beacon,AP01,broadcast,-68.0,False,6
79.667950153,beacon,AP01,broadcast,-69.0,False,6
79.770335197,beacon,AP01,broadcast,-69.0,False,6
79.872684002,beacon,AP01,broadcast,-69.0,False,6
79.975093126,beacon,AP01,broadcast,-69.0,False,6
80.077509165,beacon,AP01,broadcast,-69.0,False,6
80.179876089,beacon,AP01,broadcast,-69.0,False,6
80.282265186,beacon,AP01,broadcast,-69.0,False,6
80.384753227,beacon,AP01,broadcast,-69.0,False,6
80.487111092,beacon,AP01,broadcast,-69.0,False,6
80.572441101,ndpa,AP01,C01,-68.0,False,24
80.572513103,bfi,C01,AP01,-60.0,False,54
80.589512110,beacon,AP01,broadcast,-69.0,False,6
80.691927195,beacon,AP01,broadcast,-69.0,False,6
80.794318199,beacon,AP01,broadcast,-69.0,False,6
80.896749020,beacon,AP01,broadcast,-68.0,False,6
80.999131203,beacon,AP01,broadcast,-69.0,False,6
81.101549149,beacon,AP01,broadcast,-69.0,False,6
81.203926086,beacon,AP01,broadcast,-69.0,False,6
81.306332111,beacon,AP01,broadcast,-68.0,False,6
81.408728123,beacon,AP01,broadcast,-69.0,False,6
81.511143208,beacon,AP01,broadcast,-68.0,False,6
81.613550186,beacon,AP01,broadcast,-68.0,False,6
81.715967178,beacon,AP01,broadcast,-69.0,False,6
81.818343163,beacon,AP01,broadcast,-69.0,False,6
81.904456139,bfi,C01,AP01,-60.0,False,54
81.920725107,beacon,AP01,broadcast,-69.0,False,6
82.023117065,beacon,AP01,broadcast,-69.0,False,6
82.125491142,beacon,AP01,broadcast,-69.0,False,6
82.227938175,beacon,AP01,broadcast,-68.0,False,6
82.330353022,beacon,AP01,broadcast,-69.0,False,6
82.432752132,beacon,AP01,broadcast,-69.0,False,6
82.535116196,beacon,AP01,broadcast,-69.0,False,6
82.637501001,beacon,AP01,broadcast,-69.0,False,6
82.739920139,beacon,AP01,broadcast,-69.0,False,6
82.842302084,beacon,AP01,broadcast,-69.0,False,6
82.944747210,beacon,AP01,broadcast,-69.0,False,6
83.047140121,beacon,AP01,broadcast,-69.0,False,6
83.152747154,beacon,AP01,broadcast,-69.0,False,6
83.240579128,ndpa,AP01,C01,-67.0,False,24
83.240648031,bfi,C01,AP01,-60.0,False,54
83.252009153,beacon,AP01,broadcast,-69.0,False,6
83.354342222,beacon,AP01,broadcast,-69.0,False,6
83.456745148,beacon,AP01,broadcast,-69.0,False,6
83.559171200,beacon,AP01,broadcast,-69.0,False,6
83.663012028,beacon,AP01,broadcast,-69.0,False,6
83.763949156,beacon,AP01,broadcast,-69.0,False,6
83.866354227,beacon,AP01,broadcast,-69.0,False,6
83.968745232,beacon,AP01,broadcast,-69.0,False,6
84.073238134,beacon,AP01,broadcast,-69.0,False,6
84.173546076,beacon,AP01,broadcast,-69.0,False,6
84.275967121,beacon,AP01,broadcast,-69.0,False,6
84.378341198,beacon,AP01,broadcast,-69.0,False,6
84.480741024,beacon,AP01,broadcast,-69.0,False,6
84.572617054,ndpa,AP01,C01,-68.0,False,24
84.572719097,bfi,C01,AP01,-60.0,False,54
84.583124161,beacon,AP01,broadcast,-69.0,False,6
84.685567141,beacon,AP01,broadcast,-69.0,False,6
84.787983179,beacon,AP01,broadcast,-69.0,False,6
84.890372038,beacon,AP01,broadcast,-69.0,False,6
84.992851019,beacon,AP01,broadcast,-69.0,False,6
85.095229149,beacon,AP01,broadcast,-69.0,False,6
85.197614193,beacon,AP01,broadcast,-69.0,False,6
85.300003052,beacon,AP01,broadcast,-69.0,False,6
85.402467012,beacon,AP01,broadcast,-69.0,False,6
85.504779100,beacon,AP01,broadcast,-69.0,False,6
85.607208014,beacon,AP01,broadcast,-69.0,False,6
85.709581137,beacon,AP01,broadcast,-69.0,False,6
85.811950207,beacon,AP01,broadcast,-69.0,False,6
85.904198170,ndpa,AP01,C01,-68.0,False,24
85.904293060,bfi,C01,AP01,-60.0,False,54
85.914349079,beacon,AP01,broadcast,-69.0,False,6
86.016772032,beacon,AP01,broadcast,-69.0,False,6
86.119172096,beacon,AP01,broadcast,-69.0,False,6
86.221575022,beacon,AP01,broadcast,-70.0,False,6
86.323964119,beacon,AP01,broadcast,-69.0,False,6
86.426339149,beacon,AP01,broadcast,-69.0,False,6
86.528814077,beacon,AP01,broadcast,-69.0,False,6
86.631211042,beacon,AP01,broadcast,-69.0,False,6
86.733590126,beacon,AP01,broadcast,-69.0,False,6
86.835962057,beacon,AP01,broadcast,-69.0,False,6
86.938387156,beacon,AP01,broadcast,-69.0,False,6
87.040774107,beacon,AP01,broadcast,-69.0,False,6
87.143200159,beacon,AP01,broadcast,-69.0,False,6
87.240650177,ndpa,AP01,C01,-67.0,False,24
87.240747213,bfi,C01,AP01,-60.0,False,54
87.245560169,beacon,AP01,broadcast,-69.0,False,6
87.347965002,beacon,AP01,broadcast,-69.0,False,6
87.450374126,beacon,AP01,broadcast,-69.0,False,6
87.552736044,beacon,AP01,broadcast,-69.0,False,6
87.655200005,beacon,AP01,broadcast,-69.0,False,6
87.757548094,beacon,AP01,broadcast,-69.0,False,6
87.859988213,beacon,AP01,broadcast,-69.0,False,6
87.962375164,beacon,AP01,broadcast,-69.0,False,6
88.064881086,beacon,AP01,broadcast,-69.0,False,6
88.167276144,beacon,AP01,broadcast,-69.0,False,6
88.269602060,beacon,AP01,broadcast,-69.0,False,6
88.372100115,beacon,AP01,broadcast,-69.0,False,6
88.474499226,beacon,AP01,broadcast,-69.0,False,6
88.572293043,ndpa,AP01,C01,-68.0,False,24
88.572389126,bfi,C01,AP01,-60.0,False,54
88.576794147,beacon,AP01,broadcast,-69.0,False,6
88.679267168,beacon,AP01,broadcast,-69.0,False,6
88.781574011,beacon,AP01,broadcast,-69.0,False,6
88.884063005,beacon,AP01,broadcast,-69.0,False,6
88.986462116,beacon,AP01,broadcast,-69.0,False,6
89.088813066,beacon,AP01,broadcast,-69.0,False,6
89.191273212,beacon,AP01,broadcast,-69.0,False,6
89.293665171,beacon,AP01,broadcast,-69.0,False,6
89.396054029,beacon,AP01,broadcast,-69.0,False,6
89.498497009,beacon,AP01,broadcast,-69.0,False,6
89.600874186,beacon,AP01,broadcast,-69.0,False,6
89.703252077,beacon,AP01,broadcast,-69.0,False,6
89.805673122,beacon,AP01,broadcast,-69.0,False,6
89.899767160,ndpa,AP01,C01,-68.0,False,24
89.899780035,bfi,C01,AP01,-60.0,False,54
89.908094168,beacon,AP01,broadcast,-69.0,False,6
90.010501146,beacon,AP01,broadcast,-69.0,False,6
90.112916231,beacon,AP01,broadcast,-69.0,False,6
90.215286016,beacon,AP01,broadcast,-69.0,False,6
90.317690134,beacon,AP01,broadcast,-69.0,False,6
90.420114040,beacon,AP01,broadcast,-70.0,False,6
90.522462130,beacon,AP01,broadcast,-69.0,False,6
90.624916077,beacon,AP01,broadcast,-69.0,False,6
90.727274179,beacon,AP01,broadcast,-69.0,False,6
90.829632044,beacon,AP01,broadcast,-69.0,False,6
90.932112217,beacon,AP01,broadcast,-69.0,False,6
91.034492016,beacon,AP01,broadcast,-69.0,False,6
91.136836052,beacon,AP01,broadcast,-69.0,False,6
91.228484154,ndpa,AP01,C01,-68.0,False,24
91.228542089,bfi,C01,AP01,-60.0,False,54
91.239294052,beacon,AP01,broadcast,-69.0,False,6
91.341652155,beacon,AP01,broadcast,-69.0,False,6
91.444116116,beacon,AP01,broadcast,-69.0,False,6
91.546492100,beacon,AP01,broadcast,-69.0,False,6
91.648926020,beacon,AP01,broadcast,-69.0,False,6
91.751306057,beacon,AP01,broadcast,-69.0,False,6
91.853658199,beacon,AP01,broadcast,-69.0,False,6
91.956100225,beacon,AP01,broadcast,-69.0,False,6
92.058544159,beacon,AP01,broadcast,-69.0,False,6
92.160904169,beacon,AP01,broadcast,-69.0,False,6
92.263309002,beacon,AP01,broadcast,-69.0,False,6
92.367136002,beacon,AP01,broadcast,-69.0,False,6
92.468122005,beacon,AP01,broadcast,-69.0,False,6
92.562019110,ndpa,AP01,C01,-68.0,False,24
92.562048197,bfi,C01,AP01,-60.0,False,54
92.570500135,beacon,AP01,broadcast,-69.0,False,6
92.672931194,beacon,AP01,broadcast,-70.0,False,6
92.777267218,beacon,AP01,broadcast,-70.0,False,6
92.877711058,beacon,AP01,broadcast,-69.0,False,6
92.980134010,beacon,AP01,broadcast,-69.0,False,6
93.082547188,beacon,AP01,broadcast,-69.0,False,6
93.184895039,beacon,AP01,broadcast,-70.0,False,6
93.287298203,beacon,AP01,broadcast,-69.0,False,6
93.389656067,beacon,AP01,broadcast,-69.0,False,6
93.492063046,beacon,AP01,broadcast,-69.0,False,6
93.594449043,beacon,AP01,broadcast,-69.0,False,6
93.696839094,beacon,AP01,broadcast,-69.0,False,6
93.799273014,beacon,AP01,broadcast,-69.0,False,6
93.893977165,ndpa,AP01,C01,-68.0,False,24
93.894048214,bfi,C01,AP01,-60.0,False,54
93.901657104,beacon,AP01,broadcast,-69.0,False,6
94.004438162,beacon,AP01,broadcast,-69.0,False,6
94.106446028,beacon,AP01,broadcast,-69.0,False,6
94.208818197,beacon,AP01,broadcast,-69.0,False,6
94.311261177,beacon,AP01,broadcast,-69.0,False,6
94.413663149,beacon,AP01,broadcast,-69.0,False,6
94.516052008,beacon,AP01,broadcast,-69.0,False,6
94.618441105,beacon,AP01,broadcast,-69.0,False,6
94.720902205,beacon,AP01,broadcast,-69.0,False,6
94.823285103,beacon,AP01,broadcast,-69.0,False,6
94.925647020,beacon,AP01,broadcast,-69.0,False,6
95.028046131,beacon,AP01,broadcast,-69.0,False,6
95.130489111,beacon,AP01,broadcast,-69.0,False,6
95.225780010,ndpa,AP01,C01,-68.0,False,24
95.225881100,bfi,C01,AP01,-60.0,False,54
95.232852221,beacon,AP01,broadcast,-69.0,False,6
95.335300207,beacon,AP01,broadcast,-69.0,False,6
95.437699080,beacon,AP01,broadcast,-69.0,False,6
95.540099144,beacon,AP01,broadcast,-69.0,False,6
95.642500162,beacon,AP01,broadcast,-69.0,False,6
95.744889021,beacon,AP01,broadcast,-69.0,False,6
95.847253084,beacon,AP01,broadcast,-69.0,False,6
95.949765205,beacon,AP01,broadcast,-69.0,False,6
96.052090168,beacon,AP01,broadcast,-69.0,False,6
96.154509068,beacon,AP01,broadcast,-69.0,False,6
96.256873131,beacon,AP01,broadcast,-69.0,False,6
96.359363079,beacon,AP01,broadcast,-69.0,False,6
96.461748123,beacon,AP01,broadcast,-69.0,False,6
96.562326193,ndpa,AP01,C01,-67.0,False,24
96.562397003,bfi,C01,AP01,-60.0,False,54
96.564142227,beacon,AP01,broadcast,-69.0,False,6
96.666547060,beacon,AP01,broadcast,-69.0,False,6
96.768954039,beacon,AP01,broadcast,-69.0,False,6
96.871377230,beacon,AP01,broadcast,-69.0,False,6
96.973762035,beacon,AP01,broadcast,-70.0,False,6
97.076148033,beacon,AP01,broadcast,-69.0,False,6
97.178560019,beacon,AP01,broadcast,-69.0,False,6
97.280951023,beacon,AP01,broadcast,-69.0,False,6
97.383382082,beacon,AP01,broadcast,-69.0,False,6
97.485790014,beacon,AP01,broadcast,-69.0,False,6
97.588168144,beacon,AP01,broadcast,-69.0,False,6
97.690595150,beacon,AP01,broadcast,-69.0,False,6
97.792966127,beacon,AP01,broadcast,-69.0,False,6
97.894115210,ndpa,AP01,C01,-68.0,False,24
97.894127131,bfi,C01,AP01,-60.0,False,54
97.895385027,beacon,AP01,broadcast,-69.0,False,6
97.997681141,beacon,AP01,broadcast,-69.0,False,6
98.100148201,beacon,AP01,broadcast,-69.0,False,6
98.202583075,beacon,AP01,broadcast,-69.0,False,6
98.304967165,beacon,AP01,broadcast,-69.0,False,6
98.407289028,beacon,AP01,broadcast,-69.0,False,6
98.509801149,beacon,AP01,broadcast,-69.0,False,6
98.612083197,beacon,AP01,broadcast,-69.0,False,6
98.714544058,beacon,AP01,broadcast,-69.0,False,6
98.816987038,beacon,AP01,broadcast,-69.0,False,6
98.919378042,beacon,AP01,broadcast,-69.0,False,6
99.021812201,beacon,AP01,broadcast,-69.0,False,6
99.124238014,beacon,AP01,broadcast,-70.0,False,6
99.226552010,beacon,AP01,broadcast,-69.0,False,6
99.226577044,ndpa,AP01,C01,-68.0,False,24
99.226777077,bfi,C01,AP01,-60.0,False,54
99.328986168,beacon,AP01,broadcast,-69.0,False,6
99.431380033,beacon,AP01,broadcast,-69.0,False,6
99.533747196,beacon,AP01,broadcast,-69.0,False,6
99.636203051,beacon,AP01,broadcast,-69.0,False,6
99.738594055,beacon,AP01,broadcast,-69.0,False,6
99.840935230,beacon,AP01,broadcast,-69.0,False,6
99.943264008,beacon,AP01,broadcast,-69.0,False,6
100.045788050,beacon,AP01,broadcast,-69.0,False,6
100.148196220,beacon,AP01,broadcast,-69.0,False,6
100.250598192,beacon,AP01,broadcast,-69.0,False,6
100.353010178,beacon,AP01,broadcast,-70.0,False,6
100.455412149,beacon,AP01,broadcast,-69.0,False,6
100.557829142,beacon,AP01,broadcast,-70.0,False,6
100.562849045,ndpa,AP01,C01,-68.0,False,24
100.562977076,bfi,C01,AP01,-60.0,False,54
100.660208225,beacon,AP01,broadcast,-69.0,False,6
100.762612104,beacon,AP01,broadcast,-69.0,False,6
100.864978075,beacon,AP01,broadcast,-69.0,False,6
100.967432022,beacon,AP01,broadcast,-69.0,False,6
101.069712162,beacon,AP01,broadcast,-69.0,False,6
101.172148228,beacon,AP01,broadcast,-69.0,False,6
101.274521112,beacon,AP01,broadcast,-69.0,False,6
101.376950026,beacon,AP01,broadcast,-69.0,False,6
101.479345083,beacon,AP01,broadcast,-69.0,False,6
101.581748009,beacon,AP01,broadcast,-69.0,False,6
101.684153080,beacon,AP01,broadcast,-69.0,False,6
101.786543131,beacon,AP01,broadcast,-69.0,False,6
101.888968229,beacon,AP01,broadcast,-69.0,False,6
101.894516230,ndpa,AP01,C01,-68.0,False,24
101.894649029,bfi,C01,AP01,-60.0,False,54
101.991382122,beacon,AP01,broadcast,-69.0,False,6
102.093740225,beacon,AP01,broadcast,-69.0,False,6
102.196158171,beacon,AP01,broadcast,-69.0,False,6
102.298548222,beacon,AP01,broadcast,-69.0,False,6
102.400938034,beacon,AP01,broadcast,-69.0,False,6
102.503353119,beacon,AP01,broadcast,-69.0,False,6
102.605773211,beacon,AP01,broadcast,-69.0,False,6
102.708165169,beacon,AP01,broadcast,-69.0,False,6
102.810524225,beacon,AP01,broadcast,-69.0,False,6
102.912926197,beacon,AP01,broadcast,-69.0,False,6
103.015327215,beacon,AP01,broadcast,-69.0,False,6
103.117715120,beacon,AP01,broadcast,-69.0,False,6
103.220154047,beacon,AP01,broadcast,-69.0,False,6
103.226219177,ndpa,AP01,C01,-68.0,False,24
103.226349115,bfi,C01,AP01,-60.0,False,54
103.322512150,beacon,AP01,broadcast,-69.0,False,6
103.424941063,beacon,AP01,broadcast,-69.0,False,6
103.527332067,beacon,AP01,broadcast,-69.0,False,6
103.629821062,beacon,AP01,broadcast,-68.0,False,6
103.732214212,beacon,AP01,broadcast,-68.0,False,6
103.834636211,beacon,AP01,broadcast,-69.0,False,6
103.937080145,beacon,AP01,broadcast,-69.0,False,6
104.039454222,beacon,AP01,broadcast,-69.0,False,6
104.141719103,beacon,AP01,broadcast,-69.0,False,6
104.244200230,beacon,AP01,broadcast,-69.0,False,6
104.346669197,beacon,AP01,broadcast,-69.0,False,6
104.449057102,beacon,AP01,broadcast,-69.0,False,6
104.551430225,beacon,AP01,broadcast,-69.0,False,6
104.562278032,ndpa,AP01,C01,-67.0,False,24
104.562427998,bfi,C01,AP01,-60.0,False,54
104.653866053,beacon,AP01,broadcast,-69.0,False,6
104.756227016,beacon,AP01,broadcast,-69.0,False,6
104.858666182,beacon,AP01,broadcast,-69.0,False,6
104.961059093,beacon,AP01,broadcast,-69.0,False,6
105.063472033,beacon,AP01,broadcast,-69.0,False,6
105.165855169,beacon,AP01,broadcast,-69.0,False,6
105.268218994,beacon,AP01,broadcast,-69.0,False,6
105.370655060,beacon,AP01,broadcast,-68.0,False,6
105.473073006,beacon,AP01,broadcast,-69.0,False,6
105.575475216,beacon,AP01,broadcast,-68.0,False,6
105.677844048,beacon,AP01,broadcast,-69.0,False,6
105.780221224,beacon,AP01,broadcast,-68.0,False,6
105.882603168,beacon,AP01,broadcast,-69.0,False,6
105.895452023,ndpa,AP01,C01,-68.0,False,24
105.895515203,bfi,C01,AP01,-60.0,False,54
105.985032082,beacon,AP01,broadcast,-69.0,False,6
106.087798119,beacon,AP01,broadcast,-69.0,False,6
106.189859152,beacon,AP01,broadcast,-69.0,False,6
106.292235136,beacon,AP01,broadcast,-69.0,False,6
106.394695044,beacon,AP01,broadcast,-69.0,False,6
106.497069120,beacon,AP01,broadcast,-69.0,False,6
106.599475145,beacon,AP01,broadcast,-69.0,False,6
106.701842070,beacon,AP01,broadcast,-69.0,False,6
106.804240227,beacon,AP01,broadcast,-69.0,False,6
106.906669140,beacon,AP01,broadcast,-69.0,False,6
107.009074211,beacon,AP01,broadcast,-69.0,False,6
107.111479044,beacon,AP01,broadcast,-69.0,False,6
107.213814020,beacon,AP01,broadcast,-69.0,False,6
107.225713015,ndpa,AP01,C01,-68.0,False,24
107.225805044,bfi,C01,AP01,-60.0,False,54
107.316268206,beacon,AP01,broadcast,-69.0,False,6
107.418677092,beacon,AP01,broadcast,-69.0,False,6
107.520960093,beacon,AP01,broadcast,-68.0,False,6
107.623493195,beacon,AP01,broadcast,-68.0,False,6
107.725877047,beacon,AP01,broadcast,-68.0,False,6
107.828278065,beacon,AP01,broadcast,-68.0,False,6
107.930703163,beacon,AP01,broadcast,-68.0,False,6
108.033074141,beacon,AP01,broadcast,-69.0,False,6
108.135428190,beacon,AP01,broadcast,-68.0,False,6
108.237767220,beacon,AP01,broadcast,-69.0,False,6
108.340299129,beacon,AP01,broadcast,-69.0,False,6
108.442646027,beacon,AP01,broadcast,-69.0,False,6
108.545094013,beacon,AP01,broadcast,-69.0,False,6
108.562333107,ndpa,AP01,C01,-67.0,False,24
108.562360048,bfi,C01,AP01,-60.0,False,54
108.647413015,beacon,AP01,broadcast,-69.0,False,6
108.749830008,beacon,AP01,broadcast,-69.0,False,6
108.852259159,beacon,AP01,broadcast,-69.0,False,6
108.954608202,beacon,AP01,broadcast,-69.0,False,6
109.057005167,beacon,AP01,broadcast,-69.0,False,6
109.159390211,beacon,AP01,broadcast,-69.0,False,6
109.261814117,beacon,AP01,broadcast,-69.0,False,6
109.364220142,beacon,AP01,broadcast,-69.0,False,6
109.466635227,beacon,AP01,broadcast,-69.0,False,6
109.568991184,beacon,AP01,broadcast,-69.0,False,6
109.671459198,beacon,AP01,broadcast,-69.0,False,6
109.773853064,beacon,AP01,broadcast,-68.0,False,6
109.876233101,beacon,AP01,broadcast,-69.0,False,6
109.894642115,ndpa,AP01,C01,-67.0,False,24
109.894752026,bfi,C01,AP01,-60.0,False,54
109.978598118,beacon,AP01,broadcast,-69.0,False,6
110.081071138,beacon,AP01,broadcast,-69.0,False,6
110.183387041,beacon,AP01,broadcast,-69.0,False,6
110.285808086,beacon,AP01,broadcast,-69.0,False,6
110.388210058,beacon,AP01,broadcast,-69.0,False,6
110.490591049,beacon,AP01,broadcast,-69.0,False,6
110.593049049,beacon,AP01,broadcast,-69.0,False,6
110.695437193,beacon,AP01,broadcast,-69.0,False,6
110.797807217,beacon,AP01,broadcast,-69.0,False,6
110.900226116,beacon,AP01,broadcast,-69.0,False,6
111.002668142,beacon,AP01,broadcast,-69.0,False,6
111.105044127,beacon,AP01,broadcast,-69.0,False,6
111.207461119,beacon,AP01,broadcast,-69.0,False,6
111.225546122,ndpa,AP01,C01,-68.0,False,24
111.225651026,bfi,C01,AP01,-60.0,False,54
111.309873104,beacon,AP01,broadcast,-69.0,False,6
111.412320137,beacon,AP01,broadcast,-69.0,False,6
111.514728069,beacon,AP01,broadcast,-69.0,False,6
111.617126226,beacon,AP01,broadcast,-69.0,False,6
111.719552040,beacon,AP01,broadcast,-69.0,False,6
111.821927071,beacon,AP01,broadcast,-69.0,False,6
111.924342155,beacon,AP01,broadcast,-69.0,False,6
112.026735067,beacon,AP01,broadcast,-69.0,False,6
112.128994226,beacon,AP01,broadcast,-69.0,False,6
112.231490135,beacon,AP01,broadcast,-69.0,False,6
112.333939075,beacon,AP01,broadcast,-69.0,False,6
112.436287165,beacon,AP01,broadcast,-69.0,False,6
112.538722038,beacon,AP01,broadcast,-69.0,False,6
112.554267168,ndpa,AP01,C01,-67.0,False,24
112.554327011,bfi,C01,AP01,-60.0,False,54
112.641058207,beacon,AP01,broadcast,-69.0,False,6
112.743508101,beacon,AP01,broadcast,-69.0,False,6
112.845953226,beacon,AP01,broadcast,-69.0,False,6
112.948292017,beacon,AP01,broadcast,-69.0,False,6
113.050668001,beacon,AP01,broadcast,-69.0,False,6
113.153048038,beacon,AP01,broadcast,-69.0,False,6
113.255523205,beacon,AP01,broadcast,-69.0,False,6
113.357866049,beacon,AP01,broadcast,-69.0,False,6
113.460368156,beacon,AP01,broadcast,-69.0,False,6
113.562741995,beacon,AP01,broadcast,-69.0,False,6
113.665164232,beacon,AP01,broadcast,-69.0,False,6
113.767459154,beacon,AP01,broadcast,-69.0,False,6
113.869863033,beacon,AP01,broadcast,-69.0,False,6
113.884176016,ndpa,AP01,C01,-67.0,False,24
113.884282112,bfi,C01,AP01,-60.0,False,54
113.972284079,beacon,AP01,broadcast,-69.0,False,6
114.074777126,beacon,AP01,broadcast,-69.0,False,6
114.177125216,beacon,AP01,broadcast,-69.0,False,6
114.279561043,beacon,AP01,broadcast,-69.0,False,6
114.381880045,beacon,AP01,broadcast,-69.0,False,6
114.484359026,beacon,AP01,broadcast,-69.0,False,6
114.586758137,beacon,AP01,broadcast,-69.0,False,6
114.689172029,beacon,AP01,broadcast,-69.0,False,6
114.791549206,beacon,AP01,broadcast,-69.0,False,6
114.893942118,beacon,AP01,broadcast,-69.0,False,6
114.996354103,beacon,AP01,broadcast,-69.0,False,6
115.098675013,beacon,AP01,broadcast,-69.0,False,6
115.201078176,beacon,AP01,broadcast,-69.0,False,6
115.216419220,ndpa,AP01,C01,-68.0,False,24
115.216534138,bfi,C01,AP01,-60.0,False,54
115.303548098,beacon,AP01,broadcast,-69.0,False,6
115.405913115,beacon,AP01,broadcast,-69.0,False,6
115.508321047,beacon,AP01,broadcast,-69.0,False,6
115.610765219,beacon,AP01,broadcast,-69.0,False,6
115.713099003,beacon,AP01,broadcast,-69.0,False,6
115.815471172,beacon,AP01,broadcast,-69.0,False,6
115.917903185,beacon,AP01,broadcast,-69.0,False,6
116.020284176,beacon,AP01,broadcast,-69.0,False,6
116.122746229,beacon,AP01,broadcast,-69.0,False,6
116.225197077,beacon,AP01,broadcast,-69.0,False,6
116.327550173,beacon,AP01,broadcast,-69.0,False,6
116.429869175,beacon,AP01,broadcast,-69.0,False,6
116.532296181,beacon,AP01,broadcast,-69.0,False,6
116.552206039,ndpa,AP01,C01,-68.0,False,24
116.552290201,bfi,C01,AP01,-60.0,False,54
116.634682178,beacon,AP01,broadcast,-69.0,False,6
116.737083197,beacon,AP01,broadcast,-69.0,False,6
116.839491129,beacon,AP01,broadcast,-69.0,False,6
116.941901207,beacon,AP01,broadcast,-69.0,False,6
117.044322014,beacon,AP01,broadcast,-69.0,False,6
117.146744013,beacon,AP01,broadcast,-69.0,False,6
117.249085188,beacon,AP01,broadcast,-69.0,False,6
117.351498127,beacon,AP01,broadcast,-69.0,False,6
117.453921080,beacon,AP01,broadcast,-69.0,False,6
117.556263208,beacon,AP01,broadcast,-69.0,False,6
117.658687115,beacon,AP01,broadcast,-68.0,False,6
117.761130095,beacon,AP01,broadcast,-69.0,False,6
117.863542080,beacon,AP01,broadcast,-68.0,False,6
117.884620190,ndpa,AP01,C01,-68.0,False,24
117.884701014,bfi,C01,AP01,-60.0,False,54
117.965935230,beacon,AP01,broadcast,-69.0,False,6
118.068332195,beacon,AP01,broadcast,-69.0,False,6
118.170714140,beacon,AP01,broadcast,-69.0,False,6
118.273062229,beacon,AP01,broadcast,-69.0,False,6
118.375548124,beacon,AP01,broadcast,-69.0,False,6
118.477935076,beacon,AP01,broadcast,-69.0,False,6
118.580332041,beacon,AP01,broadcast,-69.0,False,6
118.682736158,beacon,AP01,broadcast,-69.0,False,6
118.785121202,beacon,AP01,broadcast,-69.0,False,6
118.887535095,beacon,AP01,broadcast,-69.0,False,6
118.989910126,beacon,AP01,broadcast,-69.0,False,6
119.092416048,beacon,AP01,broadcast,-69.0,False,6
119.194696188,beacon,AP01,broadcast,-69.0,False,6
119.216217041,ndpa,AP01,C01,-68.0,False,24
119.216271162,bfi,C01,AP01,-60.0,False,54
119.297103167,beacon,AP01,broadcast,-69.0,False,6
119.399614096,beacon,AP01,broadcast,-69.0,False,6
119.501914024,beacon,AP01,broadcast,-69.0,False,6
119.604325056,beacon,AP01,broadcast,-69.0,False,6
119.706811190,beacon,AP01,broadcast,-69.0,False,6
119.809216022,beacon,AP01,broadcast,-69.0,False,6
119.911595106,beacon,AP01,broadcast,-69.0,False,6
120.013994217,beacon,AP01,broadcast,-69.0,False,6
120.116322994,beacon,AP01,broadcast,-68.0,False,6
120.218791008,beacon,AP01,broadcast,-69.0,False,6
120.321213007,beacon,AP01,broadcast,-69.0,False,6
120.423554182,beacon,AP01,broadcast,-69.0,False,6
120.525985003,beacon,AP01,broadcast,-68.0,False,6
120.552280188,ndpa,AP01,C01,-68.0,False,24
120.552425146,bfi,C01,AP01,-60.0,False,54
120.628338099,beacon,AP01,broadcast,-69.0,False,6
120.730822086,beacon,AP01,broadcast,-69.0,False,6
120.833216190,beacon,AP01,broadcast,-69.0,False,6
120.935671091,beacon,AP01,broadcast,-69.0,False,6
121.038025141,beacon,AP01,broadcast,-69.0,False,6
121.140439034,beacon,AP01,broadcast,-69.0,False,6
121.242672205,beacon,AP01,broadcast,-69.0,False,6
121.345234156,beacon,AP01,broadcast,-69.0,False,6
121.447653055,beacon,AP01,broadcast,-69.0,False,6
121.550000191,beacon,AP01,broadcast,-69.0,False,6
121.652406216,beacon,AP01,broadcast,-69.0,False,6
121.754842043,beacon,AP01,broadcast,-69.0,False,6
121.857235193,beacon,AP01,broadcast,-69.0,False,6
121.884567022,ndpa,AP01,C01,-67.0,False,24
121.884659052,bfi,C01,AP01,-60.0,False,54
121.959637165,beacon,AP01,broadcast,-69.0,False,6
122.062026024,beacon,AP01,broadcast,-69.0,False,6
122.164362192,beacon,AP01,broadcast,-69.0,False,6
122.266817093,beacon,AP01,broadcast,-69.0,False,6
122.369255066,beacon,AP01,broadcast,-69.0,False,6
122.471646070,beacon,AP01,broadcast,-69.0,False,6
122.573932171,beacon,AP01,broadcast,-69.0,False,6
122.676341057,beacon,AP01,broadcast,-69.0,False,6
122.778830051,beacon,AP01,broadcast,-69.0,False,6
122.881216049,beacon,AP01,broadcast,-69.0,False,6
122.983547211,beacon,AP01,broadcast,-69.0,False,6
123.086037159,beacon,AP01,broadcast,-69.0,False,6
123.188355207,beacon,AP01,broadcast,-69.0,False,6
123.216602087,ndpa,AP01,C01,-68.0,False,24
123.216675997,bfi,C01,AP01,-60.0,False,54
123.290794134,beacon,AP01,broadcast,-69.0,False,6
123.393244028,beacon,AP01,broadcast,-69.0,False,6
123.495634079,beacon,AP01,broadcast,-69.0,False,6
123.598062038,beacon,AP01,broadcast,-69.0,False,6
123.700444221,beacon,AP01,broadcast,-69.0,False,6
123.802843094,beacon,AP01,broadcast,-69.0,False,6
123.905265093,beacon,AP01,broadcast,-69.0,False,6
124.007647038,beacon,AP01,broadcast,-69.0,False,6
124.109938145,beacon,AP01,broadcast,-69.0,False,6
124.212383032,beacon,AP01,broadcast,-69.0,False,6
124.314749002,beacon,AP01,broadcast,-69.0,False,6
124.417205095,beacon,AP01,broadcast,-69.0,False,6
124.519548178,beacon,AP01,broadcast,-69.0,False,6
124.551947117,ndpa,AP01,C01,-67.0,False,24
124.552024126,bfi,C01,AP01,-60.0,False,54
124.621941090,beacon,AP01,broadcast,-69.0,False,6
124.724363089,beacon,AP01,broadcast,-69.0,False,6
124.826778173,beacon,AP01,broadcast,-69.0,False,6
124.929153204,beacon,AP01,broadcast,-69.0,False,6
125.031578064,beacon,AP01,broadcast,-70.0,False,6
125.133969069,beacon,AP01,broadcast,-69.0,False,6
125.236404181,beacon,AP01,broadcast,-69.0,False,6
125.338784218,beacon,AP01,broadcast,-69.0,False,6
125.441215038,beacon,AP01,broadcast,-69.0,False,6
125.543578148,beacon,AP01,broadcast,-69.0,False,6
125.645973206,beacon,AP01,broadcast,-69.0,False,6
125.748400211,beacon,AP01,broadcast,-69.0,False,6
125.850805998,beacon,AP01,broadcast,-69.0,False,6
125.883226156,ndpa,AP01,C01,-68.0,False,24
125.883306026,bfi,C01,AP01,-60.0,False,54
125.953215122,beacon,AP01,broadcast,-69.0,False,6
126.055546045,beacon,AP01,broadcast,-69.0,False,6
126.158022165,beacon,AP01,broadcast,-69.0,False,6
126.260382175,beacon,AP01,broadcast,-69.0,False,6
126.362768173,beacon,AP01,broadcast,-69.0,False,6
126.465199232,beacon,AP01,broadcast,-69.0,False,6
126.567599058,beacon,AP01,broadcast,-69.0,False,6
126.669975042,beacon,AP01,broadcast,-69.0,False,6
126.772399187,beacon,AP01,broadcast,-69.0,False,6
126.874909163,beacon,AP01,broadcast,-69.0,False,6
126.977237225,beacon,AP01,broadcast,-69.0,False,6
127.079699039,beacon,AP01,broadcast,-69.0,False,6
127.181982040,beacon,AP01,broadcast,-69.0,False,6
127.211426020,ndpa,AP01,C01,-67.0,False,24
127.211482048,bfi,C01,AP01,-60.0,False,54
127.284487009,beacon,AP01,broadcast,-69.0,False,6
127.386926174,beacon,AP01,broadcast,-69.0,False,6
127.489289999,beacon,AP01,broadcast,-69.0,False,6
127.591666222,beacon,AP01,broadcast,-69.0,False,6
127.693991184,beacon,AP01,broadcast,-69.0,False,6
127.796452045,beacon,AP01,broadcast,-69.0,False,6
127.898793221,beacon,AP01,broadcast,-69.0,False,6
128.001280069,beacon,AP01,broadcast,-69.0,False,6
128.103689194,beacon,AP01,broadcast,-69.0,False,6
128.206030130,beacon,AP01,broadcast,-69.0,False,6
128.308473110,beacon,AP01,broadcast,-69.0,False,6
128.410898209,beacon,AP01,broadcast,-69.0,False,6
128.513302088,beacon,AP01,broadcast,-69.0,False,6
128.541745186,ndpa,AP01,C01,-68.0,False,24
128.541841030,bfi,C01,AP01,-60.0,False,54
128.615732193,beacon,AP01,broadcast,-69.0,False,6
128.718035221,beacon,AP01,broadcast,-69.0,False,6
128.820455074,beacon,AP01,broadcast,-69.0,False,6
128.922897100,beacon,AP01,broadcast,-69.0,False,6
129.025296211,beacon,AP01,broadcast,-69.0,False,6
129.127713203,beacon,AP01,broadcast,-69.0,False,6
129.230101109,beacon,AP01,broadcast,-69.0,False,6
129.332477093,beacon,AP01,broadcast,-69.0,False,6
129.434877157,beacon,AP01,broadcast,-68.0,False,6
129.537328005,beacon,AP01,broadcast,-68.0,False,6
129.639713049,beacon,AP01,broadcast,-69.0,False,6
129.742071152,beacon,AP01,broadcast,-69.0,False,6
129.844500065,beacon,AP01,broadcast,-69.0,False,6
129.874910116,ndpa,AP01,C01,-68.0,False,24
129.874966145,bfi,C01,AP01,-60.0,False,54
129.946906090,beacon,AP01,broadcast,-69.0,False,6
130.049285173,beacon,AP01,broadcast,-69.0,False,6
130.151693106,beacon,AP01,broadcast,-69.0,False,6
130.254010201,beacon,AP01,broadcast,-69.0,False,6
130.356538057,beacon,AP01,broadcast,-69.0,False,6
130.458815098,beacon,AP01,broadcast,-69.0,False,6
130.561308146,beacon,AP01,broadcast,-69.0,False,6
130.663699150,beacon,AP01,broadcast,-69.0,False,6
130.766117096,beacon,AP01,broadcast,-69.0,False,6
130.868489027,beacon,AP01,broadcast,-69.0,False,6
130.970922232,beacon,AP01,broadcast,-69.0,False,6
131.073306084,beacon,AP01,broadcast,-69.0,False,6
131.175712109,beacon,AP01,broadcast,-69.0,False,6
131.206315994,ndpa,AP01,C01,-68.0,False,24
131.206381083,bfi,C01,AP01,-60.0,False,54
131.278085232,beacon,AP01,broadcast,-69.0,False,6
131.380445004,beacon,AP01,broadcast,-69.0,False,6
131.482819080,beacon,AP01,broadcast,-69.0,False,6
131.585319042,beacon,AP01,broadcast,-69.0,False,6
131.687734127,beacon,AP01,broadcast,-69.0,False,6
131.790045023,beacon,AP01,broadcast,-69.0,False,6
131.892548084,beacon,AP01,broadcast,-69.0,False,6
131.994847059,beacon,AP01,broadcast,-69.0,False,6
132.097264051,beacon,AP01,broadcast,-69.0,False,6
132.199643135,beacon,AP01,broadcast,-69.0,False,6
132.302050114,beacon,AP01,broadcast,-69.0,False,6
132.404412031,beacon,AP01,broadcast,-69.0,False,6
132.506830215,beacon,AP01,broadcast,-69.0,False,6
132.541938066,ndpa,AP01,C01,-68.0,False,24
132.542037010,bfi,C01,AP01,-60.0,False,54
132.609235048,beacon,AP01,broadcast,-69.0,False,6
132.711667061,beacon,AP01,broadcast,-69.0,False,6
132.814040184,beacon,AP01,broadcast,-69.0,False,6
132.916449070,beacon,AP01,broadcast,-69.0,False,6
133.018823147,beacon,AP01,broadcast,-69.0,False,6
133.121269226,beacon,AP01,broadcast,-69.0,False,6
133.223667145,beacon,AP01,broadcast,-69.0,False,6
133.326055050,beacon,AP01,broadcast,-69.0,False,6
133.428447008,beacon,AP01,broadcast,-69.0,False,6
133.530855179,beacon,AP01,broadcast,-69.0,False,6
133.633249044,beacon,AP01,broadcast,-69.0,False,6
133.735648155,beacon,AP01,broadcast,-68.0,False,6
133.838095188,beacon,AP01,broadcast,-69.0,False,6
133.873138189,ndpa,AP01,C01,-68.0,False,24
133.873219013,bfi,C01,AP01,-60.0,False,54
133.940482140,beacon,AP01,broadcast,-69.0,False,6
134.042857170,beacon,AP01,broadcast,-69.0,False,6
134.145244122,beacon,AP01,broadcast,-69.0,False,6
134.247700214,beacon,AP01,broadcast,-69.0,False,6
134.350110054,beacon,AP01,broadcast,-69.0,False,6
134.452450037,beacon,AP01,broadcast,-69.0,False,6
134.554955006,beacon,AP01,broadcast,-69.0,False,6
134.657363176,beacon,AP01,broadcast,-69.0,False,6
134.759764194,beacon,AP01,broadcast,-69.0,False,6
134.862045050,beacon,AP01,broadcast,-69.0,False,6
134.964470148,beacon,AP01,broadcast,-69.0,False,6
135.066982031,beacon,AP01,broadcast,-69.0,False,6
135.169282198,beacon,AP01,broadcast,-69.0,False,6
135.202105045,ndpa,AP01,C01,-68.0,False,24
135.202127218,bfi,C01,AP01,-60.0,False,54
135.271748066,beacon,AP01,broadcast,-69.0,False,6
135.374149084,beacon,AP01,broadcast,-69.0,False,6
135.476550102,beacon,AP01,broadcast,-68.0,False,6
135.578950167,beacon,AP01,broadcast,-68.0,False,6
135.681376219,beacon,AP01,broadcast,-69.0,False,6
135.783759117,beacon,AP01,broadcast,-69.0,False,6
135.886149168,beacon,AP01,broadcast,-69.0,False,6
135.988573074,beacon,AP01,broadcast,-69.0,False,6
136.090953112,beacon,AP01,broadcast,-69.0,False,6
136.193347216,beacon,AP01,broadcast,-69.0,False,6
136.295797110,beacon,AP01,broadcast,-69.0,False,6
136.398145199,beacon,AP01,broadcast,-69.0,False,6
136.500570059,beacon,AP01,broadcast,-69.0,False,6
136.532167196,ndpa,AP01,C01,-68.0,False,24
136.532263994,bfi,C01,AP01,-60.0,False,54
136.602973223,beacon,AP01,broadcast,-69.0,False,6
136.705386162,beacon,AP01,broadcast,-69.0,False,6
136.807776213,beacon,AP01,broadcast,-69.0,False,6
136.910178185,beacon,AP01,broadcast,-69.0,False,6
137.012561083,beacon,AP01,broadcast,-69.0,False,6
137.114988089,beacon,AP01,broadcast,-69.0,False,6
137.217373133,beacon,AP01,broadcast,-69.0,False,6
137.319777012,beacon,AP01,broadcast,-69.0,False,6
137.422215223,beacon,AP01,broadcast,-69.0,False,6
137.524568081,beacon,AP01,broadcast,-69.0,False,6
137.626972198,beacon,AP01,broadcast,-69.0,False,6
137.729298115,beacon,AP01,broadcast,-69.0,False,6
137.831814051,beacon,AP01,broadcast,-69.0,False,6
137.863441229,ndpa,AP01,C01,-67.0,False,24
137.863568068,bfi,C01,AP01,-60.0,False,54
137.934109211,beacon,AP01,broadcast,-69.0,False,6
138.036585093,beacon,AP01,broadcast,-69.0,False,6
138.139001131,beacon,AP01,broadcast,-69.0,False,6
138.241381168,beacon,AP01,broadcast,-69.0,False,6
138.343826056,beacon,AP01,broadcast,-69.0,False,6
138.446221113,beacon,AP01,broadcast,-69.0,False,6
138.548599005,beacon,AP01,broadcast,-69.0,False,6
138.650986195,beacon,AP01,broadcast,-69.0,False,6
138.753397226,beacon,AP01,broadcast,-69.0,False,6
138.855821133,beacon,AP01,broadcast,-69.0,False,6
138.958197117,beacon,AP01,broadcast,-69.0,False,6
139.060626030,beacon,AP01,broadcast,-69.0,False,6
139.163014174,beacon,AP01,broadcast,-69.0,False,6
139.195472002,ndpa,AP01,C01,-68.0,False,24
139.195528030,bfi,C01,AP01,-60.0,False,54
139.265424013,beacon,AP01,broadcast,-69.0,False,6
139.367705107,beacon,AP01,broadcast,-69.0,False,6
139.470123053,beacon,AP01,broadcast,-69.0,False,6
139.572523117,beacon,AP01,broadcast,-69.0,False,6
139.675005198,beacon,AP01,broadcast,-68.0,False,6
139.777314186,beacon,AP01,broadcast,-69.0,False,6
139.879710197,beacon,AP01,broadcast,-69.0,False,6
139.982133150,beacon,AP01,broadcast,-69.0,False,6
140.084525108,beacon,AP01,broadcast,-69.0,False,6
140.186942101,beacon,AP01,broadcast,-69.0,False,6
140.289339066,beacon,AP01,broadcast,-69.0,False,6
140.391732216,beacon,AP01,broadcast,-69.0,False,6
140.494195223,beacon,AP01,broadcast,-69.0,False,6
140.531526089,ndpa,AP01,C01,-68.0,False,24
140.531612158,bfi,C01,AP01,-60.0,False,54
140.596514225,beacon,AP01,broadcast,-69.0,False,6
140.698940039,beacon,AP01,broadcast,-69.0,False,6
140.801327229,beacon,AP01,broadcast,-69.0,False,6
140.903748035,beacon,AP01,broadcast,-69.0,False,6
141.006122112,beacon,AP01,broadcast,-69.0,False,6
141.108552217,beacon,AP01,broadcast,-69.0,False,6
141.211054087,beacon,AP01,broadcast,-69.0,False,6
141.313333035,beacon,AP01,broadcast,-69.0,False,6
141.415736198,beacon,AP01,broadcast,-69.0,False,6
141.518127203,beacon,AP01,broadcast,-69.0,False,6
141.620550156,beacon,AP01,broadcast,-69.0,False,6
141.722921133,beacon,AP01,broadcast,-69.0,False,6
141.825357199,beacon,AP01,broadcast,-68.0,False,6
141.864042997,ndpa,AP01,C01,-67.0,False,24
141.864118099,bfi,C01,AP01,-60.0,False,54
141.927760124,beacon,AP01,broadcast,-69.0,False,6
142.030158043,beacon,AP01,broadcast,-69.0,False,6
142.132574081,beacon,AP01,broadcast,-69.0,False,6
142.234982014,beacon,AP01,broadcast,-69.0,False,6
142.337453127,beacon,AP01,broadcast,-69.0,False,6
142.439844131,beacon,AP01,broadcast,-69.0,False,6
142.542239189,beacon,AP01,broadcast,-69.0,False,6
142.644516230,beacon,AP01,broadcast,-69.0,False,6
142.747045040,beacon,AP01,broadcast,-69.0,False,6
142.849422216,beacon,AP01,broadcast,-69.0,False,6
142.951732159,beacon,AP01,broadcast,-69.0,False,6
143.054284096,beacon,AP01,broadcast,-69.0,False,6
143.156653166,beacon,AP01,broadcast,-69.0,False,6
143.195383072,ndpa,AP01,C01,-68.0,False,24
143.195413113,bfi,C01,AP01,-60.0,False,54
143.259052038,beacon,AP01,broadcast,-69.0,False,6
143.361423016,beacon,AP01,broadcast,-69.0,False,6
143.463844061,beacon,AP01,broadcast,-69.0,False,6
143.566272020,beacon,AP01,broadcast,-69.0,False,6
143.668636084,beacon,AP01,broadcast,-68.0,False,6
143.771041155,beacon,AP01,broadcast,-69.0,False,6
143.873458147,beacon,AP01,broadcast,-69.0,False,6
143.975850105,beacon,AP01,broadcast,-69.0,False,6
144.078212023,beacon,AP01,broadcast,-69.0,False,6
144.180653095,beacon,AP01,broadcast,-69.0,False,6
144.282993078,beacon,AP01,broadcast,-69.0,False,6
144.385448217,beacon,AP01,broadcast,-69.0,False,6
144.488503218,beacon,AP01,broadcast,-69.0,False,6
144.531741142,ndpa,AP01,C01,-67.0,False,24
144.531764030,bfi,C01,AP01,-60.0,False,54
144.590395212,beacon,AP01,broadcast,-69.0,False,6
144.692843199,beacon,AP01,broadcast,-69.0,False,6
144.795001030,beacon,AP01,broadcast,-69.0,False,6
144.897413015,beacon,AP01,broadcast,-69.0,False,6
144.999854088,beacon,AP01,broadcast,-69.0,False,6
145.102256060,beacon,AP01,broadcast,-69.0,False,6
145.204579115,beacon,AP01,broadcast,-69.0,False,6
145.307063103,beacon,AP01,broadcast,-69.0,False,6
145.409451008,beacon,AP01,broadcast,-69.0,False,6
145.511878014,beacon,AP01,broadcast,-69.0,False,6
145.614261150,beacon,AP01,broadcast,-69.0,False,6
145.716667175,beacon,AP01,broadcast,-69.0,False,6
145.819043159,beacon,AP01,broadcast,-69.0,False,6
145.864061117,ndpa,AP01,C01,-67.0,False,24
145.864089012,bfi,C01,AP01,-60.0,False,54
145.921499014,beacon,AP01,broadcast,-68.0,False,6
146.023848057,beacon,AP01,broadcast,-69.0,False,6
146.126207113,beacon,AP01,broadcast,-69.0,False,6
146.228652000,beacon,AP01,broadcast,-69.0,False,6
146.331104040,beacon,AP01,broadcast,-69.0,False,6
146.433491230,beacon,AP01,broadcast,-69.0,False,6
146.535911083,beacon,AP01,broadcast,-69.0,False,6
146.638220072,beacon,AP01,broadcast,-69.0,False,6
146.740663052,beacon,AP01,broadcast,-69.0,False,6
146.843069077,beacon,AP01,broadcast,-69.0,False,6
146.945470095,beacon,AP01,broadcast,-69.0,False,6
147.047820091,beacon,AP01,broadcast,-69.0,False,6
147.150305033,beacon,AP01,broadcast,-69.0,False,6
147.195809126,ndpa,AP01,C01,-68.0,False,24
147.195890188,bfi,C01,AP01,-60.0,False,54
147.252691031,beacon,AP01,broadcast,-69.0,False,6
147.355117083,beacon,AP01,broadcast,-69.0,False,6
147.457501173,beacon,AP01,broadcast,-69.0,False,6
147.559788227,beacon,AP01,broadcast,-69.0,False,6
147.662201166,beacon,AP01,broadcast,-68.0,False,6
147.764579058,beacon,AP01,broadcast,-69.0,False,6
147.866989136,beacon,AP01,broadcast,-69.0,False,6
147.969417095,beacon,AP01,broadcast,-69.0,False,6
148.071826220,beacon,AP01,broadcast,-69.0,False,6
148.174237013,beacon,AP01,broadcast,-69.0,False,6
148.276647091,beacon,AP01,broadcast,-69.0,False,6
148.379027128,beacon,AP01,broadcast,-69.0,False,6
148.481409073,beacon,AP01,broadcast,-69.0,False,6
148.531816006,ndpa,AP01,C01,-68.0,False,24
148.531939030,bfi,C01,AP01,-60.0,False,54
148.583830118,beacon,AP01,broadcast,-69.0,False,6
148.686235189,beacon,AP01,broadcast,-69.0,False,6
148.788655043,beacon,AP01,broadcast,-69.0,False,6
148.891051054,beacon,AP01,broadcast,-69.0,False,6
148.993465185,beacon,AP01,broadcast,-69.0,False,6
149.095840216,beacon,AP01,broadcast,-69.0,False,6
149.198259115,beacon,AP01,broadcast,-69.0,False,6
149.300610065,beacon,AP01,broadcast,-69.0,False,6
149.403034210,beacon,AP01,broadcast,-69.0,False,6
149.505439043,beacon,AP01,broadcast,-69.0,False,6
149.607820034,beacon,AP01,broadcast,-69.0,False,6
149.710231066,beacon,AP01,broadcast,-69.0,False,6
149.812624216,beacon,AP01,broadcast,-69.0,False,6
149.864560127,ndpa,AP01,C01,-68.0,False,24
149.864674091,bfi,C01,AP01,-60.0,False,54
149.915005207,beacon,AP01,broadcast,-69.0,False,6
150.017453194,beacon,AP01,broadcast,-69.0,False,6
150.119943142,beacon,AP01,broadcast,-69.0,False,6
150.222257137,beacon,AP01,broadcast,-69.0,False,6
150.324705124,beacon,AP01,broadcast,-69.0,False,6
150.427118063,beacon,AP01,broadcast,-69.0,False,6
150.529454231,beacon,AP01,broadcast,-69.0,False,6
150.631944180,beacon,AP01,broadcast,-69.0,False,6
150.734311104,beacon,AP01,broadcast,-69.0,False,6
150.837380171,beacon,AP01,broadcast,-69.0,False,6
150.939133167,beacon,AP01,broadcast,-69.0,False,6
151.041557074,beacon,AP01,broadcast,-69.0,False,6
151.143920183,beacon,AP01,broadcast,-69.0,False,6
151.195894003,ndpa,AP01,C01,-68.0,False,24
151.196007013,bfi,C01,AP01,-60.0,False,54
151.246300220,beacon,AP01,broadcast,-69.0,False,6
151.348706007,beacon,AP01,broadcast,-69.0,False,6
151.451068163,beacon,AP01,broadcast,-69.0,False,6
151.553527117,beacon,AP01,broadcast,-69.0,False,6
151.655917168,beacon,AP01,broadcast,-69.0,False,6
151.758264065,beacon,AP01,broadcast,-69.0,False,6
151.860727072,beacon,AP01,broadcast,-69.0,False,6
151.963142157,beacon,AP01,broadcast,-69.0,False,6
152.065519094,beacon,AP01,broadcast,-69.0,False,6
152.167935133,beacon,AP01,broadcast,-69.0,False,6
152.270241022,beacon,AP01,broadcast,-69.0,False,6
152.372703075,beacon,AP01,broadcast,-69.0,False,6
152.475050211,beacon,AP01,broadcast,-69.0,False,6
152.531854153,ndpa,AP01,C01,-68.0,False,24
152.531873226,bfi,C01,AP01,-60.0,False,54
152.577549219,beacon,AP01,broadcast,-69.0,False,6
152.679926157,beacon,AP01,broadcast,-69.0,False,6
152.782375097,beacon,AP01,broadcast,-69.0,False,6
152.884721041,beacon,AP01,broadcast,-69.0,False,6
152.987140179,beacon,AP01,broadcast,-69.0,False,6
153.089553118,beacon,AP01,broadcast,-69.0,False,6
153.191958189,beacon,AP01,broadcast,-69.0,False,6
153.294368029,beacon,AP01,broadcast,-69.0,False,6
153.397405148,beacon,AP01,broadcast,-69.0,False,6
153.499155045,beacon,AP01,broadcast,-69.0,False,6
153.601559162,beacon,AP01,broadcast,-69.0,False,6
153.703933001,beacon,AP01,broadcast,-69.0,False,6
153.806374073,beacon,AP01,broadcast,-69.0,False,6
153.863326073,ndpa,AP01,C01,-68.0,False,24
153.863353014,bfi,C01,AP01,-60.0,False,54
153.908733130,beacon,AP01,broadcast,-69.0,False,6
154.011182070,beacon,AP01,broadcast,-69.0,False,6
154.113582134,beacon,AP01,broadcast,-69.0,False,6
154.215963125,beacon,AP01,broadcast,-69.0,False,6
154.318377018,beacon,AP01,broadcast,-69.0,False,6
154.420797110,beacon,AP01,broadcast,-69.0,False,6
154.523155212,beacon,AP01,broadcast,-69.0,False,6
154.625574112,beacon,AP01,broadcast,-69.0,False,6
154.727958202,beacon,AP01,broadcast,-69.0,False,6
154.830258131,beacon,AP01,broadcast,-69.0,False,6
154.932738066,beacon,AP01,broadcast,-69.0,False,6
155.035071135,beacon,AP01,broadcast,-69.0,False,6
155.137609005,beacon,AP01,broadcast,-69.0,False,6
155.195443153,ndpa,AP01,C01,-67.0,False,24
155.195500135,bfi,C01,AP01,-60.0,False,54
155.239885092,beacon,AP01,broadcast,-69.0,False,6
155.342301130,beacon,AP01,broadcast,-69.0,False,6
155.444678068,beacon,AP01,broadcast,-69.0,False,6
155.547075033,beacon,AP01,broadcast,-69.0,False,6
155.649473190,beacon,AP01,broadcast,-69.0,False,6
155.751875162,beacon,AP01,broadcast,-69.0,False,6
155.854295015,beacon,AP01,broadcast,-69.0,False,6
155.956699133,beacon,AP01,broadcast,-69.0,False,6
156.059112072,beacon,AP01,broadcast,-69.0,False,6
156.161510229,beacon,AP01,broadcast,-69.0,False,6
156.263913155,beacon,AP01,broadcast,-69.0,False,6
156.366330147,beacon,AP01,broadcast,-69.0,False,6
156.468719006,beacon,AP01,broadcast,-69.0,False,6
156.530922174,ndpa,AP01,C01,-68.0,False,24
156.531009197,bfi,C01,AP01,-60.0,False,54
156.571114063,beacon,AP01,broadcast,-70.0,False,6
156.673483133,beacon,AP01,broadcast,-69.0,False,6
156.775928020,beacon,AP01,broadcast,-69.0,False,6
156.878343105,beacon,AP01,broadcast,-69.0,False,6
156.980699062,beacon,AP01,broadcast,-69.0,False,6
157.083131075,beacon,AP01,broadcast,-69.0,False,6
157.185514212,beacon,AP01,broadcast,-69.0,False,6
157.287918091,beacon,AP01,broadcast,-69.0,False,6
157.390466213,beacon,AP01,broadcast,-69.0,False,6
157.492729187,beacon,AP01,broadcast,-69.0,False,6
157.595149040,beacon,AP01,broadcast,-69.0,False,6
157.697524071,beacon,AP01,broadcast,-69.0,False,6
157.799967051,beacon,AP01,broadcast,-69.0,False,6
157.863950014,ndpa,AP01,C01,-68.0,False,24
157.863992214,bfi,C01,AP01,-60.0,False,54
157.902375221,beacon,AP01,broadcast,-69.0,False,6
158.004829168,beacon,AP01,broadcast,-69.0,False,6
158.107689142,beacon,AP01,broadcast,-69.0,False,6
158.209596157,beacon,AP01,broadcast,-69.0,False,6
158.311922073,beacon,AP01,broadcast,-69.0,False,6
158.414377213,beacon,AP01,broadcast,-69.0,False,6
158.516813040,beacon,AP01,broadcast,-69.0,False,6
158.619800091,beacon,AP01,broadcast,-69.0,False,6
158.721651077,beacon,AP01,broadcast,-69.0,False,6
158.824015141,beacon,AP01,broadcast,-69.0,False,6
158.926376104,beacon,AP01,broadcast,-69.0,False,6
159.028800011,beacon,AP01,broadcast,-69.0,False,6
159.131252050,beacon,AP01,broadcast,-69.0,False,6
159.196583033,ndpa,AP01,C01,-68.0,False,24
159.196687222,bfi,C01,AP01,-60.0,False,54
159.233618021,beacon,AP01,broadcast,-69.0,False,6
159.335981131,beacon,AP01,broadcast,-69.0,False,6
159.438374996,beacon,AP01,broadcast,-69.0,False,6
159.540819168,beacon,AP01,broadcast,-69.0,False,6
159.643223047,beacon,AP01,broadcast,-69.0,False,6
159.745569229,beacon,AP01,broadcast,-69.0,False,6
159.848014116,beacon,AP01,broadcast,-69.0,False,6
159.950419188,beacon,AP01,broadcast,-69.0,False,6
160.052830219,beacon,AP01,broadcast,-69.0,False,6
160.155212164,beacon,AP01,broadcast,-69.0,False,6
160.257638216,beacon,AP01,broadcast,-69.0,False,6
160.360019207,beacon,AP01,broadcast,-69.0,False,6
160.462414026,beacon,AP01,broadcast,-69.0,False,6
160.531274080,ndpa,AP01,C01,-68.0,False,24
160.531354189,bfi,C01,AP01,-60.0,False,54
160.564832211,beacon,AP01,broadcast,-69.0,False,6
160.667165041,beacon,AP01,broadcast,-69.0,False,6
160.769638062,beacon,AP01,broadcast,-69.0,False,6
160.872064114,beacon,AP01,broadcast,-70.0,False,6
160.974424124,beacon,AP01,broadcast,-69.0,False,6
161.076825142,beacon,AP01,broadcast,-69.0,False,6
161.179222107,beacon,AP01,broadcast,-69.0,False,6
161.282225132,beacon,AP01,broadcast,-69.0,False,6
161.384599209,beacon,AP01,broadcast,-69.0,False,6
161.486406088,beacon,AP01,broadcast,-69.0,False,6
161.588815212,beacon,AP01,broadcast,-69.0,False,6
161.691231012,beacon,AP01,broadcast,-69.0,False,6
161.793645144,beacon,AP01,broadcast,-69.0,False,6
161.863181114,ndpa,AP01,C01,-68.0,False,24
161.863238096,bfi,C01,AP01,-60.0,False,54
161.896035194,beacon,AP01,broadcast,-69.0,False,6
161.998420000,beacon,AP01,broadcast,-69.0,False,6
162.100847006,beacon,AP01,broadcast,-69.0,False,6
162.203213215,beacon,AP01,broadcast,-69.0,False,6
162.305567026,beacon,AP01,broadcast,-69.0,False,6
162.408052206,beacon,AP01,broadcast,-69.0,False,6
162.510367155,beacon,AP01,broadcast,-69.0,False,6
162.613425016,beacon,AP01,broadcast,-69.0,False,6
162.715164185,beacon,AP01,broadcast,-69.0,False,6
162.817547083,beacon,AP01,broadcast,-69.0,False,6
162.919934034,beacon,AP01,broadcast,-69.0,False,6
163.022374153,beacon,AP01,broadcast,-69.0,False,6
163.124761105,beacon,AP01,broadcast,-69.0,False,6
163.190515995,ndpa,AP01,C01,-67.0,False,24
163.190630198,bfi,C01,AP01,-60.0,False,54
163.227251053,beacon,AP01,broadcast,-69.0,False,6
163.329578161,beacon,AP01,broadcast,-69.0,False,6
163.431947231,beacon,AP01,broadcast,-69.0,False,6
163.534318209,beacon,AP01,broadcast,-69.0,False,6
163.636779070,beacon,AP01,broadcast,-69.0,False,6
163.739212036,beacon,AP01,broadcast,-69.0,False,6
163.841581106,beacon,AP01,broadcast,-69.0,False,6
163.943925142,beacon,AP01,broadcast,-69.0,False,6
164.046351194,beacon,AP01,broadcast,-69.0,False,6
164.148792028,beacon,AP01,broadcast,-68.0,False,6
164.251754999,beacon,AP01,broadcast,-69.0,False,6
164.353586197,beacon,AP01,broadcast,-69.0,False,6
164.456001997,beacon,AP01,broadcast,-69.0,False,6
164.521238089,ndpa,AP01,C01,-68.0,False,24
164.521352053,bfi,C01,AP01,-60.0,False,54
164.558428049,beacon,AP01,broadcast,-69.0,False,6
164.660767078,beacon,AP01,broadcast,-69.0,False,6
164.763448000,beacon,AP01,broadcast,-69.0,False,6
164.865602016,beacon,AP01,broadcast,-69.0,False,6
164.968021154,beacon,AP01,broadcast,-69.0,False,6
165.070399046,beacon,AP01,broadcast,-68.0,False,6
165.172809124,beacon,AP01,broadcast,-69.0,False,6
165.275210142,beacon,AP01,broadcast,-69.0,False,6
165.378215075,beacon,AP01,broadcast,-69.0,False,6
165.479969025,beacon,AP01,broadcast,-69.0,False,6
165.582411051,beacon,AP01,broadcast,-68.0,False,6
165.684866190,beacon,AP01,broadcast,-68.0,False,6
165.787164211,beacon,AP01,broadcast,-69.0,False,6
165.853641033,ndpa,AP01,C01,-67.0,False,24
165.853705168,bfi,C01,AP01,-60.0,False,54
165.889651060,beacon,AP01,broadcast,-68.0,False,6
165.992084026,beacon,AP01,broadcast,-69.0,False,6
166.094469070,beacon,AP01,broadcast,-69.0,False,6
166.196880102,beacon,AP01,broadcast,-69.0,False,6
166.299180031,beacon,AP01,broadcast,-69.0,False,6
166.401672125,beacon,AP01,broadcast,-69.0,False,6
166.504070044,beacon,AP01,broadcast,-68.0,False,6
166.606486082,beacon,AP01,broadcast,-69.0,False,6
166.708874226,beacon,AP01,broadcast,-69.0,False,6
166.811284065,beacon,AP01,broadcast,-69.0,False,6
166.913678169,beacon,AP01,broadcast,-69.0,False,6
167.015978098,beacon,AP01,broadcast,-68.0,False,6
167.118477106,beacon,AP01,broadcast,-69.0,False,6
167.184672117,ndpa,AP01,C01,-68.0,False,24
167.184750080,bfi,C01,AP01,-60.0,False,54
167.220873117,beacon,AP01,broadcast,-69.0,False,6
167.323260069,beacon,AP01,broadcast,-69.0,False,6
167.425687075,beacon,AP01,broadcast,-68.0,False,6
167.528085232,beacon,AP01,broadcast,-68.0,False,6
167.630526066,beacon,AP01,broadcast,-69.0,False,6
167.732889175,beacon,AP01,broadcast,-68.0,False,6
167.835309029,beacon,AP01,broadcast,-68.0,False,6
167.937724113,beacon,AP01,broadcast,-68.0,False,6
168.040091038,beacon,AP01,broadcast,-69.0,False,6
168.142464161,beacon,AP01,broadcast,-69.0,False,6
168.244889021,beacon,AP01,broadcast,-68.0,False,6
168.347261190,beacon,AP01,broadcast,-69.0,False,6
168.450217009,beacon,AP01,broadcast,-69.0,False,6
168.513274193,ndpa,AP01,C01,-68.0,False,24
168.513383150,bfi,C01,AP01,-60.0,False,54
168.552097082,beacon,AP01,broadcast,-69.0,False,6
168.654492140,beacon,AP01,broadcast,-69.0,False,6
168.756892204,beacon,AP01,broadcast,-69.0,False,6
168.859284163,beacon,AP01,broadcast,-69.0,False,6
168.961720228,beacon,AP01,broadcast,-68.0,False,6
169.064091206,beacon,AP01,broadcast,-69.0,False,6
169.166508198,beacon,AP01,broadcast,-69.0,False,6
169.268882036,beacon,AP01,broadcast,-69.0,False,6
169.371276140,beacon,AP01,broadcast,-69.0,False,6
169.473587036,beacon,AP01,broadcast,-69.0,False,6
169.575992107,beacon,AP01,broadcast,-69.0,False,6
169.678510189,beacon,AP01,broadcast,-69.0,False,6
169.780827999,beacon,AP01,broadcast,-68.0,False,6
169.843411207,ndpa,AP01,C01,-68.0,False,24
169.843417168,bfi,C01,AP01,-60.0,False,54
169.883297205,beacon,AP01,broadcast,-69.0,False,6
169.985748053,beacon,AP01,broadcast,-69.0,False,6
170.088117123,beacon,AP01,broadcast,-69.0,False,6
170.190446138,beacon,AP01,broadcast,-69.0,False,6
170.292898178,beacon,AP01,broadcast,-69.0,False,6
170.395240068,beacon,AP01,broadcast,-70.0,False,6
170.497652054,beacon,AP01,broadcast,-69.0,False,6
170.600071192,beacon,AP01,broadcast,-69.0,False,6
170.702470064,beacon,AP01,broadcast,-70.0,False,6
170.804853201,beacon,AP01,broadcast,-70.0,False,6
170.907245159,beacon,AP01,broadcast,-70.0,False,6
171.009621143,beacon,AP01,broadcast,-70.0,False,6
171.112018108,beacon,AP01,broadcast,-70.0,False,6
171.174693108,ndpa,AP01,C01,-68.0,False,24
171.174784184,bfi,C01,AP01,-60.0,False,54
171.214465141,beacon,AP01,broadcast,-70.0,False,6
171.316824198,beacon,AP01,broadcast,-69.0,False,6
171.419216156,beacon,AP01,broadcast,-69.0,False,6
171.521663189,beacon,AP01,broadcast,-69.0,False,6
171.624019146,beacon,AP01,broadcast,-69.0,False,6
171.726468086,beacon,AP01,broadcast,-69.0,False,6
171.828837156,beacon,AP01,broadcast,-69.0,False,6
171.931223154,beacon,AP01,broadcast,-69.0,False,6
172.033650160,beacon,AP01,broadcast,-69.0,False,6
172.136074066,beacon,AP01,broadcast,-69.0,False,6
172.238480091,beacon,AP01,broadcast,-69.0,False,6
172.340852022,beacon,AP01,broadcast,-69.0,False,6
172.443238020,beacon,AP01,broadcast,-69.0,False,6
172.511077166,ndpa,AP01,C01,-68.0,False,24
172.511162996,bfi,C01,AP01,-60.0,False,54
172.545642138,beacon,AP01,broadcast,-70.0,False,6
172.648028135,beacon,AP01,broadcast,-69.0,False,6
172.750456095,beacon,AP01,broadcast,-69.0,False,6
172.852856159,beacon,AP01,broadcast,-69.0,False,6
172.955853224,beacon,AP01,broadcast,-70.0,False,6
173.057626009,beacon,AP01,broadcast,-69.0,False,6
173.160046101,beacon,AP01,broadcast,-69.0,False,6
173.262440205,beacon,AP01,broadcast,-69.0,False,6
173.364868164,beacon,AP01,broadcast,-69.0,False,6
173.467258215,beacon,AP01,broadcast,-69.0,False,6
173.570194006,beacon,AP01,broadcast,-69.0,False,6
173.672061205,beacon,AP01,broadcast,-69.0,False,6
173.774443150,beacon,AP01,broadcast,-69.0,False,6
173.842963219,ndpa,AP01,C01,-68.0,False,24
173.843021154,bfi,C01,AP01,-60.0,False,54
173.876867056,beacon,AP01,broadcast,-69.0,False,6
173.979265213,beacon,AP01,broadcast,-69.0,False,6
174.081682205,beacon,AP01,broadcast,-69.0,False,6
174.184054136,beacon,AP01,broadcast,-69.0,False,6
174.286469221,beacon,AP01,broadcast,-69.0,False,6
174.388884068,beacon,AP01,broadcast,-69.0,False,6
174.491267204,beacon,AP01,broadcast,-69.0,False,6
174.594201088,beacon,AP01,broadcast,-69.0,False,6
174.696089029,beacon,AP01,broadcast,-69.0,False,6
174.798461199,beacon,AP01,broadcast,-69.0,False,6
174.900904179,beacon,AP01,broadcast,-69.0,False,6
175.003272057,beacon,AP01,broadcast,-69.0,False,6
175.105711222,beacon,AP01,broadcast,-69.0,False,6
175.175257206,ndpa,AP01,C01,-67.0,False,24
175.175379038,bfi,C01,AP01,-60.0,False,54
175.208066225,beacon,AP01,broadcast,-69.0,False,6
175.310702085,beacon,AP01,broadcast,-69.0,False,6
175.412885189,beacon,AP01,broadcast,-69.0,False,6
175.515286207,beacon,AP01,broadcast,-69.0,False,6
175.617712021,beacon,AP01,broadcast,-69.0,False,6
175.720085144,beacon,AP01,broadcast,-69.0,False,6
175.822474003,beacon,AP01,broadcast,-69.0,False,6
175.925415039,beacon,AP01,broadcast,-69.0,False,6
176.027270079,beacon,AP01,broadcast,-69.0,False,6
176.129677057,beacon,AP01,broadcast,-69.0,False,6
176.232117176,beacon,AP01,broadcast,-69.0,False,6
176.334479094,beacon,AP01,broadcast,-69.0,False,6
176.436965227,beacon,AP01,broadcast,-70.0,False,6
176.510737181,ndpa,AP01,C01,-68.0,False,24
176.510846138,bfi,C01,AP01,-60.0,False,54
176.539315224,beacon,AP01,broadcast,-69.0,False,6
176.641692162,beacon,AP01,broadcast,-69.0,False,6
176.744119167,beacon,AP01,broadcast,-69.0,False,6
176.846487999,beacon,AP01,broadcast,-69.0,False,6
176.948900223,beacon,AP01,broadcast,-69.0,False,6
177.051823139,beacon,AP01,broadcast,-69.0,False,6
177.153669119,beacon,AP01,broadcast,-69.0,False,6
177.256114006,beacon,AP01,broadcast,-69.0,False,6
177.358493090,beacon,AP01,broadcast,-70.0,False,6
177.460916042,beacon,AP01,broadcast,-70.0,False,6
177.563300133,beacon,AP01,broadcast,-69.0,False,6
177.665721178,beacon,AP01,broadcast,-69.0,False,6
177.768125057,beacon,AP01,broadcast,-69.0,False,6
177.843777180,ndpa,AP01,C01,-68.0,False,24
177.843877077,bfi,C01,AP01,-60.0,False,54
177.870499134,beacon,AP01,broadcast,-69.0,False,6
177.972936153,beacon,AP01,broadcast,-69.0,False,6
178.088923216,beacon,AP01,broadcast,-69.0,False,6
178.177710056,beacon,AP01,broadcast,-69.0,False,6
178.280112028,beacon,AP01,broadcast,-69.0,False,6
178.382532120,beacon,AP01,broadcast,-69.0,False,6
178.484923124,beacon,AP01,broadcast,-69.0,False,6
178.587320089,beacon,AP01,broadcast,-69.0,False,6
178.689733028,beacon,AP01,broadcast,-69.0,False,6
178.792152166,beacon,AP01,broadcast,-69.0,False,6
178.894519091,beacon,AP01,broadcast,-69.0,False,6
178.996912003,beacon,AP01,broadcast,-69.0,False,6
179.099320173,beacon,AP01,broadcast,-69.0,False,6
179.175001144,ndpa,AP01,C01,-68.0,False,24
179.175056219,bfi,C01,AP01,-60.0,False,54
179.201729059,beacon,AP01,broadcast,-70.0,False,6
179.304109097,beacon,AP01,broadcast,-70.0,False,6
179.406498194,beacon,AP01,broadcast,-69.0,False,6
179.508900166,beacon,AP01,broadcast,-69.0,False,6
179.611329079,beacon,AP01,broadcast,-69.0,False,6
179.713718176,beacon,AP01,broadcast,-69.0,False,6
179.816152096,beacon,AP01,broadcast,-69.0,False,6
179.918510199,beacon,AP01,broadcast,-69.0,False,6
180.020918131,beacon,AP01,broadcast,-69.0,False,6
180.123369217,beacon,AP01,broadcast,-69.0,False,6
180.225771189,beacon,AP01,broadcast,-69.0,False,6
180.328114033,beacon,AP01,broadcast,-69.0,False,6
180.430542231,beacon,AP01,broadcast,-69.0,False,6
180.511292219,ndpa,AP01,C01,-67.0,False,24
180.511390209,bfi,C01,AP01,-60.0,False,54
180.532937050,beacon,AP01,broadcast,-69.0,False,6
180.635345221,beacon,AP01,broadcast,-69.0,False,6
180.737760067,beacon,AP01,broadcast,-69.0,False,6
180.840130091,beacon,AP01,broadcast,-69.0,False,6
180.942514181,beacon,AP01,broadcast,-69.0,False,6
181.044975042,beacon,AP01,broadcast,-69.0,False,6
181.147369146,beacon,AP01,broadcast,-69.0,False,6
181.249766111,beacon,AP01,broadcast,-69.0,False,6
181.352150202,beacon,AP01,broadcast,-69.0,False,6
181.454530001,beacon,AP01,broadcast,-69.0,False,6
181.556941032,beacon,AP01,broadcast,-69.0,False,6
181.659328222,beacon,AP01,broadcast,-69.0,False,6
181.761789083,beacon,AP01,broadcast,-69.0,False,6
181.842335224,ndpa,AP01,C01,-67.0,False,24
181.842453003,bfi,C01,AP01,-60.0,False,54
181.864139080,beacon,AP01,broadcast,-69.0,False,6
181.966545105,beacon,AP01,broadcast,-69.0,False,6
182.068956137,beacon,AP01,broadcast,-69.0,False,6
182.171378136,beacon,AP01,broadcast,-69.0,False,6
182.273746014,beacon,AP01,broadcast,-69.0,False,6
182.376218081,beacon,AP01,broadcast,-69.0,False,6
182.478554010,beacon,AP01,broadcast,-69.0,False,6
182.581455231,beacon,AP01,broadcast,-69.0,False,6
182.683349133,beacon,AP01,broadcast,-69.0,False,6
182.785778999,beacon,AP01,broadcast,-70.0,False,6
182.888210058,beacon,AP01,broadcast,-70.0,False,6
182.990578175,beacon,AP01,broadcast,-70.0,False,6
183.092980146,beacon,AP01,broadcast,-69.0,False,6
183.169954062,ndpa,AP01,C01,-68.0,False,24
183.170037031,bfi,C01,AP01,-60.0,False,54
183.195377111,beacon,AP01,broadcast,-69.0,False,6
183.297787189,beacon,AP01,broadcast,-69.0,False,6
183.400178194,beacon,AP01,broadcast,-69.0,False,6
183.502558231,beacon,AP01,broadcast,-69.0,False,6
183.604967117,beacon,AP01,broadcast,-69.0,False,6
183.707376003,beacon,AP01,broadcast,-69.0,False,6
183.809775114,beacon,AP01,broadcast,-69.0,False,6
183.912186146,beacon,AP01,broadcast,-69.0,False,6
184.014539003,beacon,AP01,broadcast,-69.0,False,6
184.116955042,beacon,AP01,broadcast,-69.0,False,6
184.219391108,beacon,AP01,broadcast,-69.0,False,6
184.321745157,beacon,AP01,broadcast,-69.0,False,6
184.424170017,beacon,AP01,broadcast,-69.0,False,6
184.501226187,ndpa,AP01,C01,-68.0,False,24
184.501294136,bfi,C01,AP01,-60.0,False,54
184.526611090,beacon,AP01,broadcast,-69.0,False,6
184.628982067,beacon,AP01,broadcast,-69.0,False,6
184.731364012,beacon,AP01,broadcast,-69.0,False,6
184.833780050,beacon,AP01,broadcast,-69.0,False,6
184.936203003,beacon,AP01,broadcast,-69.0,False,6
185.038579226,beacon,AP01,broadcast,-69.0,False,6
185.140982151,beacon,AP01,broadcast,-69.0,False,6
185.243400097,beacon,AP01,broadcast,-69.0,False,6
185.345785141,beacon,AP01,broadcast,-69.0,False,6
185.448216200,beacon,AP01,broadcast,-69.0,False,6
185.550599098,beacon,AP01,broadcast,-69.0,False,6
185.652991056,beacon,AP01,broadcast,-69.0,False,6
185.755394220,beacon,AP01,broadcast,-69.0,False,6
185.833998203,ndpa,AP01,C01,-67.0,False,24
185.834102154,bfi,C01,AP01,-60.0,False,54
185.857798100,beacon,AP01,broadcast,-69.0,False,6
185.960194111,beacon,AP01,broadcast,-69.0,False,6
186.062599182,beacon,AP01,broadcast,-69.0,False,6
186.164981127,beacon,AP01,broadcast,-69.0,False,6
186.267398119,beacon,AP01,broadcast,-69.0,False,6
186.369810104,beacon,AP01,broadcast,-69.0,False,6
186.472184181,beacon,AP01,broadcast,-69.0,False,6
186.574609995,beacon,AP01,broadcast,-69.0,False,6
186.677022219,beacon,AP01,broadcast,-69.0,False,6
186.779416084,beacon,AP01,broadcast,-69.0,False,6
186.881801128,beacon,AP01,broadcast,-69.0,False,6
186.984259129,beacon,AP01,broadcast,-69.0,False,6
187.086598158,beacon,AP01,broadcast,-69.0,False,6
187.165208101,ndpa,AP01,C01,-68.0,False,24
187.165271044,bfi,C01,AP01,-60.0,False,54
187.189024210,beacon,AP01,broadcast,-69.0,False,6
187.291393042,beacon,AP01,broadcast,-69.0,False,6
187.393891096,beacon,AP01,broadcast,-69.0,False,6
187.496248007,beacon,AP01,broadcast,-69.0,False,6
187.598614216,beacon,AP01,broadcast,-69.0,False,6
187.701033115,beacon,AP01,broadcast,-68.0,False,6
187.803399086,beacon,AP01,broadcast,-68.0,False,6
187.905831099,beacon,AP01,broadcast,-69.0,False,6
188.008235216,beacon,AP01,broadcast,-69.0,False,6
188.110598087,beacon,AP01,broadcast,-69.0,False,6
188.213036060,beacon,AP01,broadcast,-69.0,False,6
188.315409184,beacon,AP01,broadcast,-69.0,False,6
188.417803049,beacon,AP01,broadcast,-69.0,False,6
188.500974178,ndpa,AP01,C01,-67.0,False,24
188.501069069,bfi,C01,AP01,-60.0,False,54
188.520222187,beacon,AP01,broadcast,-69.0,False,6
188.622608185,beacon,AP01,broadcast,-69.0,False,6
188.724992037,beacon,AP01,broadcast,-69.0,False,6
188.827416182,beacon,AP01,broadcast,-69.0,False,6
188.929843187,beacon,AP01,broadcast,-69.0,False,6
189.032231092,beacon,AP01,broadcast,-69.0,False,6
189.134639025,beacon,AP01,broadcast,-69.0,False,6
189.237042189,beacon,AP01,broadcast,-69.0,False,6
189.339445114,beacon,AP01,broadcast,-69.0,False,6
189.441819191,beacon,AP01,broadcast,-69.0,False,6
189.544221163,beacon,AP01,broadcast,-69.0,False,6
189.646633148,beacon,AP01,broadcast,-69.0,False,6
189.749042034,beacon,AP01,broadcast,-69.0,False,6
189.827860117,ndpa,AP01,C01,-67.0,False,24
189.827939034,bfi,C01,AP01,-60.0,False,54
189.851453066,beacon,AP01,broadcast,-68.0,False,6
189.953806162,beacon,AP01,broadcast,-69.0,False,6
190.056234121,beacon,AP01,broadcast,-69.0,False,6
190.158622026,beacon,AP01,broadcast,-69.0,False,6
190.261048079,beacon,AP01,broadcast,-69.0,False,6
190.363416195,beacon,AP01,broadcast,-69.0,False,6
190.465870142,beacon,AP01,broadcast,-69.0,False,6
190.568266153,beacon,AP01,broadcast,-69.0,False,6
190.670596123,beacon,AP01,broadcast,-69.0,False,6
190.773041010,beacon,AP01,broadcast,-69.0,False,6
190.875456095,beacon,AP01,broadcast,-69.0,False,6
190.977869034,beacon,AP01,broadcast,-69.0,False,6
191.080251217,beacon,AP01,broadcast,-69.0,False,6
191.155842066,ndpa,AP01,C01,-68.0,False,24
191.155935049,bfi,C01,AP01,-60.0,False,54
191.183114052,beacon,AP01,broadcast,-69.0,False,6
191.285063028,beacon,AP01,broadcast,-69.0,False,6
191.387451172,beacon,AP01,broadcast,-69.0,False,6
191.489874125,beacon,AP01,broadcast,-69.0,False,6
191.592271090,beacon,AP01,broadcast,-69.0,False,6
191.694632053,beacon,AP01,broadcast,-69.0,False,6
191.797078133,beacon,AP01,broadcast,-69.0,False,6
191.899454117,beacon,AP01,broadcast,-69.0,False,6
192.001844168,beacon,AP01,broadcast,-69.0,False,6
192.104256153,beacon,AP01,broadcast,-69.0,False,6
192.206634045,beacon,AP01,broadcast,-69.0,False,6
192.309072018,beacon,AP01,broadcast,-69.0,False,6
192.411476135,beacon,AP01,broadcast,-69.0,False,6
192.491308212,ndpa,AP01,C01,-67.0,False,24
192.491387129,bfi,C01,AP01,-60.0,False,54
192.513894081,beacon,AP01,broadcast,-69.0,False,6
192.616270065,beacon,AP01,broadcast,-69.0,False,6
192.718691111,beacon,AP01,broadcast,-69.0,False,6
192.821075201,beacon,AP01,broadcast,-69.0,False,6
192.923479080,beacon,AP01,broadcast,-69.0,False,6
193.025886059,beacon,AP01,broadcast,-69.0,False,6
193.128256083,beacon,AP01,broadcast,-69.0,False,6
193.230659008,beacon,AP01,broadcast,-69.0,False,6
193.333056211,beacon,AP01,broadcast,-69.0,False,6
193.435467005,beacon,AP01,broadcast,-69.0,False,6
193.537862062,beacon,AP01,broadcast,-69.0,False,6
193.640259027,beacon,AP01,broadcast,-69.0,False,6
193.742716074,beacon,AP01,broadcast,-69.0,False,6
193.822293997,ndpa,AP01,C01,-67.0,False,24
193.822382212,bfi,C01,AP01,-60.0,False,54
193.845058203,beacon,AP01,broadcast,-69.0,False,6
193.947517157,beacon,AP01,broadcast,-69.0,False,6
194.049867153,beacon,AP01,broadcast,-69.0,False,6
194.152270079,beacon,AP01,broadcast,-69.0,False,6
194.254725218,beacon,AP01,broadcast,-69.0,False,6
194.357089996,beacon,AP01,broadcast,-69.0,False,6
194.459477186,beacon,AP01,broadcast,-69.0,False,6
194.562474012,beacon,AP01,broadcast,-69.0,False,6
194.664291143,beacon,AP01,broadcast,-69.0,False,6
194.766686201,beacon,AP01,broadcast,-69.0,False,6
194.869093180,beacon,AP01,broadcast,-69.0,False,6
194.971492052,beacon,AP01,broadcast,-69.0,False,6
195.073890209,beacon,AP01,broadcast,-69.0,False,6
195.154687166,ndpa,AP01,C01,-68.0,False,24
195.154780149,bfi,C01,AP01,-60.0,False,54
195.176295996,beacon,AP01,broadcast,-69.0,False,6
195.278701067,beacon,AP01,broadcast,-69.0,False,6
195.381091118,beacon,AP01,broadcast,-69.0,False,6
195.483506203,beacon,AP01,broadcast,-69.0,False,6
195.585913181,beacon,AP01,broadcast,-69.0,False,6
195.688287020,beacon,AP01,broadcast,-69.0,False,6
195.790683031,beacon,AP01,broadcast,-69.0,False,6
195.893101215,beacon,AP01,broadcast,-69.0,False,6
195.995489120,beacon,AP01,broadcast,-69.0,False,6
196.098351002,beacon,AP01,broadcast,-69.0,False,6
196.200264215,beacon,AP01,broadcast,-69.0,False,6
196.302694082,beacon,AP01,broadcast,-69.0,False,6
196.405096054,beacon,AP01,broadcast,-69.0,False,6
196.491131067,ndpa,AP01,C01,-68.0,False,24
196.491223097,bfi,C01,AP01,-60.0,False,54
196.507515192,beacon,AP01,broadcast,-69.0,False,6
196.610372066,beacon,AP01,broadcast,-69.0,False,6
196.712294102,beacon,AP01,broadcast,-69.0,False,6
196.814703226,beacon,AP01,broadcast,-69.0,False,6
196.917100191,beacon,AP01,broadcast,-69.0,False,6
197.019500017,beacon,AP01,broadcast,-69.0,False,6
197.121915102,beacon,AP01,broadcast,-69.0,False,6
197.224301100,beacon,AP01,broadcast,-69.0,False,6
197.326726198,beacon,AP01,broadcast,-69.0,False,6
197.429096222,beacon,AP01,broadcast,-69.0,False,6
197.531483173,beacon,AP01,broadcast,-69.0,False,6
197.633886099,beacon,AP01,broadcast,-69.0,False,6
197.736280203,beacon,AP01,broadcast,-69.0,False,6
197.822729111,ndpa,AP01,C01,-67.0,False,24
197.822794199,bfi,C01,AP01,-60.0,False,54
197.838751078,beacon,AP01,broadcast,-69.0,False,6
197.941096067,beacon,AP01,broadcast,-69.0,False,6
198.043521166,beacon,AP01,broadcast,-69.0,False,6
198.145941019,beacon,AP01,broadcast,-69.0,False,6
198.248327017,beacon,AP01,broadcast,-69.0,False,6
198.350747108,beacon,AP01,broadcast,-69.0,False,6
198.453154087,beacon,AP01,broadcast,-69.0,False,6
198.555521011,beacon,AP01,broadcast,-69.0,False,6
198.657913208,beacon,AP01,broadcast,-69.0,False,6
198.760323048,beacon,AP01,broadcast,-69.0,False,6
198.862736225,beacon,AP01,broadcast,-69.0,False,6
198.965130091,beacon,AP01,broadcast,-69.0,False,6
199.067506075,beacon,AP01,broadcast,-69.0,False,6
199.154894114,ndpa,AP01,C01,-67.0,False,24
199.154976130,bfi,C01,AP01,-60.0,False,54
199.169919014,beacon,AP01,broadcast,-69.0,False,6
199.272367001,beacon,AP01,broadcast,-69.0,False,6
199.374784231,beacon,AP01,broadcast,-69.0,False,6
199.477133036,beacon,AP01,broadcast,-69.0,False,6
199.579552174,beacon,AP01,broadcast,-69.0,False,6
199.681957006,beacon,AP01,broadcast,-69.0,False,6
199.784363031,beacon,AP01,broadcast,-69.0,False,6
199.886744022,beacon,AP01,broadcast,-69.0,False,6
199.989154100,beacon,AP01,broadcast,-69.0,False,6
200.091561079,beacon,AP01,broadcast,-69.0,False,6
200.193958044,beacon,AP01,broadcast,-69.0,False,6
200.296356201,beacon,AP01,broadcast,-69.0,False,6
200.398763180,beacon,AP01,broadcast,-69.0,False,6
200.485510111,ndpa,AP01,C01,-67.0,False,24
200.485590219,bfi,C01,AP01,-60.0,False,54
200.501157999,beacon,AP01,broadcast,-69.0,False,6
200.603559017,beacon,AP01,broadcast,-69.0,False,6
200.705945015,beacon,AP01,broadcast,-69.0,False,6
200.808374166,beacon,AP01,broadcast,-69.0,False,6
200.910716057,beacon,AP01,broadcast,-69.0,False,6
201.013148069,beacon,AP01,broadcast,-69.0,False,6
201.116002083,beacon,AP01,broadcast,-69.0,False,6
201.217987061,beacon,AP01,broadcast,-69.0,False,6
201.320384026,beacon,AP01,broadcast,-69.0,False,6
201.422747135,beacon,AP01,broadcast,-69.0,False,6
201.525187016,beacon,AP01,broadcast,-69.0,False,6
201.627530098,beacon,AP01,broadcast,-69.0,False,6
201.729968071,beacon,AP01,broadcast,-68.0,False,6
201.813049078,ndpa,AP01,C01,-67.0,False,24
201.813121080,bfi,C01,AP01,-60.0,False,54
201.832362175,beacon,AP01,broadcast,-69.0,False,6
201.934779167,beacon,AP01,broadcast,-69.0,False,6
202.037191153,beacon,AP01,broadcast,-69.0,False,6
202.139575005,beacon,AP01,broadcast,-69.0,False,6
202.241982222,beacon,AP01,broadcast,-69.0,False,6
202.344400167,beacon,AP01,broadcast,-69.0,False,6
202.447223186,beacon,AP01,broadcast,-69.0,False,6
202.549154043,beacon,AP01,broadcast,-69.0,False,6
202.651570082,beacon,AP01,broadcast,-69.0,False,6
202.753986120,beacon,AP01,broadcast,-69.0,False,6
202.856397152,beacon,AP01,broadcast,-69.0,False,6
202.958793163,beacon,AP01,broadcast,-68.0,False,6
203.061183214,beacon,AP01,broadcast,-69.0,False,6
203.144821167,ndpa,AP01,C01,-67.0,False,24
203.144937038,bfi,C01,AP01,-60.0,False,54
203.163581133,beacon,AP01,broadcast,-69.0,False,6
203.265988111,beacon,AP01,broadcast,-69.0,False,6
203.368399143,beacon,AP01,broadcast,-69.0,False,6
203.470777035,beacon,AP01,broadcast,-69.0,False,6
203.573145151,beacon,AP01,broadcast,-69.0,False,6
203.675550222,beacon,AP01,broadcast,-69.0,False,6
203.777957201,beacon,AP01,broadcast,-69.0,False,6
203.880363226,beacon,AP01,broadcast,-69.0,False,6
203.982753038,beacon,AP01,broadcast,-69.0,False,6
204.085205078,beacon,AP01,broadcast,-69.0,False,6
204.187553167,beacon,AP01,broadcast,-69.0,False,6
204.289969206,beacon,AP01,broadcast,-69.0,False,6
204.392357111,beacon,AP01,broadcast,-69.0,False,6
204.480366230,ndpa,AP01,C01,-67.0,False,24
204.480459213,bfi,C01,AP01,-60.0,False,54
204.494760036,beacon,AP01,broadcast,-69.0,False,6
204.597157001,beacon,AP01,broadcast,-69.0,False,6
204.699584007,beacon,AP01,broadcast,-69.0,False,6
204.801999092,beacon,AP01,broadcast,-69.0,False,6
204.904370070,beacon,AP01,broadcast,-69.0,False,6
205.006779194,beacon,AP01,broadcast,-69.0,False,6
205.109208107,beacon,AP01,broadcast,-69.0,False,6
205.211577177,beacon,AP01,broadcast,-69.0,False,6
205.314401150,beacon,AP01,broadcast,-69.0,False,6
205.416375160,beacon,AP01,broadcast,-69.0,False,6
205.518765211,beacon,AP01,broadcast,-69.0,False,6
205.621194124,beacon,AP01,broadcast,-69.0,False,6
205.723598003,beacon,AP01,broadcast,-69.0,False,6
205.812488079,ndpa,AP01,C01,-68.0,False,24
205.812584162,bfi,C01,AP01,-60.0,False,54
205.825975180,beacon,AP01,broadcast,-68.0,False,6
205.928389072,beacon,AP01,broadcast,-69.0,False,6
206.030786037,beacon,AP01,broadcast,-68.0,False,6
206.133210182,beacon,AP01,broadcast,-69.0,False,6
206.235596180,beacon,AP01,broadcast,-69.0,False,6
206.337984085,beacon,AP01,broadcast,-69.0,False,6
206.440398216,beacon,AP01,broadcast,-69.0,False,6
206.542788029,beacon,AP01,broadcast,-69.0,False,6
206.645223141,beacon,AP01,broadcast,-68.0,False,6
206.747603178,beacon,AP01,broadcast,-69.0,False,6
206.849994183,beacon,AP01,broadcast,-69.0,False,6
206.952407122,beacon,AP01,broadcast,-69.0,False,6
207.054799080,beacon,AP01,broadcast,-69.0,False,6
207.144363165,ndpa,AP01,C01,-67.0,False,24
207.144458055,bfi,C01,AP01,-60.0,False,54
207.157613039,beacon,AP01,broadcast,-69.0,False,6
207.259622097,beacon,AP01,broadcast,-69.0,False,6
207.365507126,beacon,AP01,broadcast,-69.0,False,6
207.464383125,beacon,AP01,broadcast,-69.0,False,6
207.566811085,beacon,AP01,broadcast,-69.0,False,6
207.669225216,beacon,AP01,broadcast,-69.0,False,6
207.771582127,beacon,AP01,broadcast,-68.0,False,6
207.874016047,beacon,AP01,broadcast,-69.0,False,6
207.976386070,beacon,AP01,broadcast,-69.0,False,6
208.078799009,beacon,AP01,broadcast,-69.0,False,6
208.181206226,beacon,AP01,broadcast,-69.0,False,6
208.283597231,beacon,AP01,broadcast,-69.0,False,6
208.386026144,beacon,AP01,broadcast,-68.0,False,6
208.475701094,ndpa,AP01,C01,-67.0,False,24
208.475809097,bfi,C01,AP01,-60.0,False,54
208.488409042,beacon,AP01,broadcast,-69.0,False,6
208.590800047,beacon,AP01,broadcast,-69.0,False,6
208.693208218,beacon,AP01,broadcast,-68.0,False,6
208.795638084,beacon,AP01,broadcast,-69.0,False,6
208.898024082,beacon,AP01,broadcast,-69.0,False,6
209.000408173,beacon,AP01,broadcast,-69.0,False,6
209.102820158,beacon,AP01,broadcast,-69.0,False,6
209.205247164,beacon,AP01,broadcast,-69.0,False,6
209.307635069,beacon,AP01,broadcast,-69.0,False,6
209.410052061,beacon,AP01,broadcast,-69.0,False,6
209.512410164,beacon,AP01,broadcast,-68.0,False,6
209.614839077,beacon,AP01,broadcast,-69.0,False,6
209.717258215,beacon,AP01,broadcast,-69.0,False,6
209.803265095,ndpa,AP01,C01,-67.0,False,24
209.803366184,bfi,C01,AP01,-60.0,False,54
209.819614172,beacon,AP01,broadcast,-68.0,False,6
209.922045231,beacon,AP01,broadcast,-68.0,False,6
210.024417162,beacon,AP01,broadcast,-69.0,False,6
210.126836061,beacon,AP01,broadcast,-69.0,False,6
210.229253054,beacon,AP01,broadcast,-69.0,False,6
210.331677198,beacon,AP01,broadcast,-69.0,False,6
210.434049129,beacon,AP01,broadcast,-69.0,False,6
210.536477089,beacon,AP01,broadcast,-69.0,False,6
210.638805151,beacon,AP01,broadcast,-69.0,False,6
210.741275072,beacon,AP01,broadcast,-69.0,False,6
210.843654156,beacon,AP01,broadcast,-69.0,False,6
210.946053028,beacon,AP01,broadcast,-69.0,False,6
211.048459053,beacon,AP01,broadcast,-69.0,False,6
211.135245085,ndpa,AP01,C01,-67.0,False,24
211.135352135,bfi,C01,AP01,-60.0,False,54
211.150840998,beacon,AP01,broadcast,-69.0,False,6
211.253260136,beacon,AP01,broadcast,-69.0,False,6
211.355662107,beacon,AP01,broadcast,-69.0,False,6
211.458077192,beacon,AP01,broadcast,-69.0,False,6
211.560469151,beacon,AP01,broadcast,-69.0,False,6
211.662867069,beacon,AP01,broadcast,-69.0,False,6
211.765263081,beacon,AP01,broadcast,-69.0,False,6
211.867672205,beacon,AP01,broadcast,-69.0,False,6
211.970068216,beacon,AP01,broadcast,-69.0,False,6
212.072455168,beacon,AP01,broadcast,-69.0,False,6
212.174900055,beacon,AP01,broadcast,-69.0,False,6
212.277291059,beacon,AP01,broadcast,-69.0,False,6
212.379680157,beacon,AP01,broadcast,-69.0,False,6
212.470517159,ndpa,AP01,C01,-67.0,False,24
212.470624208,bfi,C01,AP01,-60.0,False,54
212.482079029,beacon,AP01,broadcast,-69.0,False,6
212.585404158,beacon,AP01,broadcast,-69.0,False,6
212.686869144,beacon,AP01,broadcast,-69.0,False,6
212.789284229,beacon,AP01,broadcast,-69.0,False,6
212.891688108,beacon,AP01,broadcast,-69.0,False,6
212.994056225,beacon,AP01,broadcast,-69.0,False,6
213.100898027,beacon,AP01,broadcast,-69.0,False,6
213.198848009,beacon,AP01,broadcast,-69.0,False,6
213.301258087,beacon,AP01,broadcast,-69.0,False,6
213.403707027,beacon,AP01,broadcast,-69.0,False,6
213.506083012,beacon,AP01,broadcast,-69.0,False,6
213.608432055,beacon,AP01,broadcast,-69.0,False,6
213.710888147,beacon,AP01,broadcast,-69.0,False,6
213.802270174,ndpa,AP01,C01,-67.0,False,24
213.802338123,bfi,C01,AP01,-60.0,False,54
213.813639164,beacon,AP01,broadcast,-69.0,False,6
213.915684223,beacon,AP01,broadcast,-69.0,False,6
214.018120050,beacon,AP01,broadcast,-69.0,False,6
214.120467186,beacon,AP01,broadcast,-69.0,False,6
214.222909212,beacon,AP01,broadcast,-69.0,False,6
214.325298071,beacon,AP01,broadcast,-69.0,False,6
214.427689075,beacon,AP01,broadcast,-69.0,False,6
214.530113220,beacon,AP01,broadcast,-69.0,False,6
214.632494211,beacon,AP01,broadcast,-69.0,False,6
214.734918118,beacon,AP01,broadcast,-69.0,False,6
214.837283134,beacon,AP01,broadcast,-69.0,False,6
214.939673185,beacon,AP01,broadcast,-69.0,False,6
215.042149067,beacon,AP01,broadcast,-69.0,False,6
215.134128094,ndpa,AP01,C01,-68.0,False,24
215.134184122,bfi,C01,AP01,-60.0,False,54
215.144500017,beacon,AP01,broadcast,-69.0,False,6
215.246912003,beacon,AP01,broadcast,-69.0,False,6
215.349711180,beacon,AP01,broadcast,-69.0,False,6
215.451703072,beacon,AP01,broadcast,-69.0,False,6
215.554078102,beacon,AP01,broadcast,-69.0,False,6
215.656501055,beacon,AP01,broadcast,-69.0,False,6
215.758898020,beacon,AP01,broadcast,-69.0,False,6
215.861300230,beacon,AP01,broadcast,-69.0,False,6
215.963694096,beacon,AP01,broadcast,-69.0,False,6
216.066120148,beacon,AP01,broadcast,-69.0,False,6
216.168525219,beacon,AP01,broadcast,-69.0,False,6
216.270904064,beacon,AP01,broadcast,-69.0,False,6
216.373333216,beacon,AP01,broadcast,-69.0,False,6
216.470090151,ndpa,AP01,C01,-68.0,False,24
216.470184088,bfi,C01,AP01,-60.0,False,54
216.475721121,beacon,AP01,broadcast,-69.0,False,6
216.578110218,beacon,AP01,broadcast,-69.0,False,6
216.680512190,beacon,AP01,broadcast,-69.0,False,6
216.782924175,beacon,AP01,broadcast,-69.0,False,6
216.885317087,beacon,AP01,broadcast,-69.0,False,6
216.987724066,beacon,AP01,broadcast,-69.0,False,6
217.090131998,beacon,AP01,broadcast,-69.0,False,6
217.192516088,beacon,AP01,broadcast,-69.0,False,6
217.294913054,beacon,AP01,broadcast,-69.0,False,6
217.397342205,beacon,AP01,broadcast,-69.0,False,6
217.499727011,beacon,AP01,broadcast,-69.0,False,6
217.602133036,beacon,AP01,broadcast,-69.0,False,6
217.704474211,beacon,AP01,broadcast,-69.0,False,6
217.802222013,ndpa,AP01,C01,-67.0,False,24
217.802285194,bfi,C01,AP01,-60.0,False,54
217.806978226,beacon,AP01,broadcast,-69.0,False,6
217.909342051,beacon,AP01,broadcast,-69.0,False,6
218.011736155,beacon,AP01,broadcast,-69.0,False,6
218.114151001,beacon,AP01,broadcast,-69.0,False,6
218.216548204,beacon,AP01,broadcast,-69.0,False,6
218.318939209,beacon,AP01,broadcast,-69.0,False,6
218.421329021,beacon,AP01,broadcast,-69.0,False,6
218.523729086,beacon,AP01,broadcast,-69.0,False,6
218.626132011,beacon,AP01,broadcast,-69.0,False,6
218.728530169,beacon,AP01,broadcast,-69.0,False,6
218.830961227,beacon,AP01,broadcast,-69.0,False,6
218.933342218,beacon,AP01,broadcast,-69.0,False,6
219.035750151,beacon,AP01,broadcast,-69.0,False,6
219.134539127,ndpa,AP01,C01,-67.0,False,24
219.134609222,bfi,C01,AP01,-60.0,False,54
219.138139009,beacon,AP01,broadcast,-69.0,False,6
219.240541220,beacon,AP01,broadcast,-69.0,False,6
219.342910051,beacon,AP01,broadcast,-69.0,False,6
219.445346117,beacon,AP01,broadcast,-69.0,False,6
219.547734022,beacon,AP01,broadcast,-69.0,False,6
219.650149107,beacon,AP01,broadcast,-69.0,False,6
219.752572060,beacon,AP01,broadcast,-69.0,False,6
219.854976177,beacon,AP01,broadcast,-69.0,False,6
219.957362175,beacon,AP01,broadcast,-69.0,False,6
220.059737206,beacon,AP01,broadcast,-69.0,False,6
220.162110090,beacon,AP01,broadcast,-69.0,False,6
220.264549017,beacon,AP01,broadcast,-69.0,False,6
220.366917133,beacon,AP01,broadcast,-69.0,False,6
220.469347000,beacon,AP01,broadcast,-69.0,False,6
220.470318079,ndpa,AP01,C01,-68.0,False,24
220.470423222,bfi,C01,AP01,-60.0,False,54
220.571762085,beacon,AP01,broadcast,-69.0,False,6
220.674126148,beacon,AP01,broadcast,-69.0,False,6
220.776565075,beacon,AP01,broadcast,-69.0,False,6
220.878949165,beacon,AP01,broadcast,-69.0,False,6
220.981389999,beacon,AP01,broadcast,-69.0,False,6
221.083739996,beacon,AP01,broadcast,-69.0,False,6
221.186148167,beacon,AP01,broadcast,-69.0,False,6
221.288557053,beacon,AP01,broadcast,-69.0,False,6
221.390933037,beacon,AP01,broadcast,-69.0,False,6
221.493386030,beacon,AP01,broadcast,-69.0,False,6
221.595773220,beacon,AP01,broadcast,-69.0,False,6
221.698124170,beacon,AP01,broadcast,-69.0,False,6
221.800533056,beacon,AP01,broadcast,-69.0,False,6
221.801882029,ndpa,AP01,C01,-67.0,False,24
221.802007198,bfi,C01,AP01,-60.0,False,54
221.902956009,beacon,AP01,broadcast,-69.0,False,6
222.005375147,beacon,AP01,broadcast,-69.0,False,6
222.107760191,beacon,AP01,broadcast,-69.0,False,6
222.210158110,beacon,AP01,broadcast,-69.0,False,6
222.312608004,beacon,AP01,broadcast,-69.0,False,6
222.414988041,beacon,AP01,broadcast,-69.0,False,6
222.517702103,beacon,AP01,broadcast,-69.0,False,6
222.619761229,beacon,AP01,broadcast,-69.0,False,6
222.722192049,beacon,AP01,broadcast,-69.0,False,6
222.824602127,beacon,AP01,broadcast,-69.0,False,6
222.926982164,beacon,AP01,broadcast,-69.0,False,6
223.029376030,beacon,AP01,broadcast,-69.0,False,6
223.131802082,beacon,AP01,broadcast,-69.0,False,6
223.133455038,ndpa,AP01,C01,-68.0,False,24
223.133547068,bfi,C01,AP01,-60.0,False,54
223.234153032,beacon,AP01,broadcast,-69.0,False,6
223.336598158,beacon,AP01,broadcast,-69.0,False,6
223.439010143,beacon,AP01,broadcast,-69.0,False,6
223.541386127,beacon,AP01,broadcast,-69.0,False,6
223.643804073,beacon,AP01,broadcast,-69.0,False,6
223.746154070,beacon,AP01,broadcast,-69.0,False,6
223.848553181,beacon,AP01,broadcast,-69.0,False,6
223.950972080,beacon,AP01,broadcast,-69.0,False,6
224.053350210,beacon,AP01,broadcast,-69.0,False,6
224.155833006,beacon,AP01,broadcast,-69.0,False,6
224.258190155,beacon,AP01,broadcast,-69.0,False,6
224.360584021,beacon,AP01,broadcast,-69.0,False,6
224.461121082,ndpa,AP01,C01,-67.0,False,24
224.461202145,bfi,C01,AP01,-60.0,False,54
224.463319063,beacon,AP01,broadcast,-69.0,False,6
224.565399170,beacon,AP01,broadcast,-69.0,False,6
224.667803049,beacon,AP01,broadcast,-69.0,False,6
224.770248175,beacon,AP01,broadcast,-69.0,False,6
224.872597218,beacon,AP01,broadcast,-69.0,False,6
224.975020170,beacon,AP01,broadcast,-69.0,False,6
225.077426195,beacon,AP01,broadcast,-69.0,False,6
225.179823160,beacon,AP01,broadcast,-69.0,False,6
225.282207012,beacon,AP01,broadcast,-69.0,False,6
225.384611130,beacon,AP01,broadcast,-69.0,False,6
225.486998081,beacon,AP01,broadcast,-69.0,False,6
225.589411020,beacon,AP01,broadcast,-69.0,False,6
225.691821098,beacon,AP01,broadcast,-69.0,False,6
225.791916132,ndpa,AP01,C01,-67.0,False,24
225.791983128,bfi,C01,AP01,-60.0,False,54
225.794208050,beacon,AP01,broadcast,-69.0,False,6
225.896623135,beacon,AP01,broadcast,-69.0,False,6
225.999017000,beacon,AP01,broadcast,-69.0,False,6
226.101411104,beacon,AP01,broadcast,-69.0,False,6
226.203833103,beacon,AP01,broadcast,-69.0,False,6
226.306230068,beacon,AP01,broadcast,-69.0,False,6
226.408631086,beacon,AP01,broadcast,-69.0,False,6
226.510993004,beacon,AP01,broadcast,-69.0,False,6
226.613441229,beacon,AP01,broadcast,-69.0,False,6
226.715794086,beacon,AP01,broadcast,-69.0,False,6
226.818218231,beacon,AP01,broadcast,-69.0,False,6
226.920638084,beacon,AP01,broadcast,-69.0,False,6
227.023052216,beacon,AP01,broadcast,-69.0,False,6
227.123942137,ndpa,AP01,C01,-68.0,False,24
227.124035120,bfi,C01,AP01,-60.0,False,54
227.125403166,beacon,AP01,broadcast,-69.0,False,6
227.227810144,beacon,AP01,broadcast,-69.0,False,6
227.330258131,beacon,AP01,broadcast,-69.0,False,6
227.432636023,beacon,AP01,broadcast,-69.0,False,6
227.535042048,beacon,AP01,broadcast,-69.0,False,6
227.637440205,beacon,AP01,broadcast,-69.0,False,6
227.739810228,beacon,AP01,broadcast,-69.0,False,6
227.842224121,beacon,AP01,broadcast,-69.0,False,6
227.944625139,beacon,AP01,broadcast,-69.0,False,6
228.047047138,beacon,AP01,broadcast,-69.0,False,6
228.149444103,beacon,AP01,broadcast,-69.0,False,6
228.251847029,beacon,AP01,broadcast,-69.0,False,6
228.354263067,beacon,AP01,broadcast,-69.0,False,6
228.456613064,beacon,AP01,broadcast,-69.0,False,6
228.459477186,ndpa,AP01,C01,-67.0,False,24
228.459560156,bfi,C01,AP01,-60.0,False,54
228.559033155,beacon,AP01,broadcast,-69.0,False,6
228.661408186,beacon,AP01,broadcast,-69.0,False,6
228.763877153,beacon,AP01,broadcast,-69.0,False,6
228.866254091,beacon,AP01,broadcast,-69.0,False,6
228.968656063,beacon,AP01,broadcast,-69.0,False,6
229.071027040,beacon,AP01,broadcast,-69.0,False,6
229.173440218,beacon,AP01,broadcast,-69.0,False,6
229.275897026,beacon,AP01,broadcast,-69.0,False,6
229.378252029,beacon,AP01,broadcast,-69.0,False,6
229.480648994,beacon,AP01,broadcast,-69.0,False,6
229.583071232,beacon,AP01,broadcast,-69.0,False,6
229.689630032,beacon,AP01,broadcast,-69.0,False,6
229.787834167,beacon,AP01,broadcast,-69.0,False,6
229.792021036,ndpa,AP01,C01,-67.0,False,24
229.792155027,bfi,C01,AP01,-60.0,False,54
229.890251160,beacon,AP01,broadcast,-69.0,False,6
229.992674112,beacon,AP01,broadcast,-69.0,False,6
230.095052004,beacon,AP01,broadcast,-69.0,False,6
230.197475195,beacon,AP01,broadcast,-69.0,False,6
230.299823046,beacon,AP01,broadcast,-69.0,False,6
230.402278185,beacon,AP01,broadcast,-69.0,False,6
230.504688025,beacon,AP01,broadcast,-69.0,False,6
230.607066154,beacon,AP01,broadcast,-69.0,False,6
230.709799051,beacon,AP01,broadcast,-69.0,False,6
230.811857224,beacon,AP01,broadcast,-69.0,False,6
230.914552212,beacon,AP01,broadcast,-69.0,False,6
231.016651154,beacon,AP01,broadcast,-69.0,False,6
231.119059086,beacon,AP01,broadcast,-69.0,False,6
231.123727083,ndpa,AP01,C01,-68.0,False,24
231.123810053,bfi,C01,AP01,-60.0,False,54
231.221473217,beacon,AP01,broadcast,-69.0,False,6
231.323882103,beacon,AP01,broadcast,-69.0,False,6
231.426291227,beacon,AP01,broadcast,-69.0,False,6
231.528669119,beacon,AP01,broadcast,-69.0,False,6
231.631393194,beacon,AP01,broadcast,-69.0,False,6
231.733765125,beacon,AP01,broadcast,-69.0,False,6
231.835849047,beacon,AP01,broadcast,-69.0,False,6
231.938238144,beacon,AP01,broadcast,-69.0,False,6
232.040693045,beacon,AP01,broadcast,-69.0,False,6
232.143085003,beacon,AP01,broadcast,-69.0,False,6
232.245493174,beacon,AP01,broadcast,-69.0,False,6
232.347885132,beacon,AP01,broadcast,-69.0,False,6
232.450302124,beacon,AP01,broadcast,-69.0,False,6
232.455311060,ndpa,AP01,C01,-67.0,False,24
232.455407143,bfi,C01,AP01,-60.0,False,54
232.552672148,beacon,AP01,broadcast,-69.0,False,6
232.655065060,beacon,AP01,broadcast,-69.0,False,6
232.757462025,beacon,AP01,broadcast,-69.0,False,6
232.859877110,beacon,AP01,broadcast,-69.0,False,6
232.962275028,beacon,AP01,broadcast,-69.0,False,6
233.064674139,beacon,AP01,broadcast,-69.0,False,6
233.167076111,beacon,AP01,broadcast,-69.0,False,6
233.269494057,beacon,AP01,broadcast,-69.0,False,6
233.371881008,beacon,AP01,broadcast,-69.0,False,6
233.474255085,beacon,AP01,broadcast,-69.0,False,6
233.576685190,beacon,AP01,broadcast,-69.0,False,6
233.679090023,beacon,AP01,broadcast,-69.0,False,6
233.781515121,beacon,AP01,broadcast,-69.0,False,6
233.783904076,ndpa,AP01,C01,-68.0,False,24
233.784016132,bfi,C01,AP01,-60.0,False,54
233.883912086,beacon,AP01,broadcast,-69.0,False,6
233.986338139,beacon,AP01,broadcast,-69.0,False,6
234.088734150,beacon,AP01,broadcast,-69.0,False,6
234.191088200,beacon,AP01,broadcast,-68.0,False,6
234.293487072,beacon,AP01,broadcast,-69.0,False,6
234.395933151,beacon,AP01,broadcast,-68.0,False,6
234.498311043,beacon,AP01,broadcast,-69.0,False,6
234.600712061,beacon,AP01,broadcast,-69.0,False,6
234.703132153,beacon,AP01,broadcast,-69.0,False,6
234.805543184,beacon,AP01,broadcast,-69.0,False,6
234.908243179,beacon,AP01,broadcast,-69.0,False,6
235.010336161,beacon,AP01,broadcast,-69.0,False,6
235.112742186,beacon,AP01,broadcast,-69.0,False,6
235.114542007,ndpa,AP01,C01,-68.0,False,24
235.114639997,bfi,C01,AP01,-60.0,False,54
235.215138197,beacon,AP01,broadcast,-69.0,False,6
235.317523003,beacon,AP01,broadcast,-69.0,False,6
235.419947147,beacon,AP01,broadcast,-69.0,False,6
235.522354126,beacon,AP01,broadcast,-69.0,False,6
235.624763012,beacon,AP01,broadcast,-69.0,False,6
235.727177143,beacon,AP01,broadcast,-69.0,False,6
235.829503059,beacon,AP01,broadcast,-69.0,False,6
235.931937218,beacon,AP01,broadcast,-69.0,False,6
236.034319162,beacon,AP01,broadcast,-69.0,False,6
236.136759043,beacon,AP01,broadcast,-69.0,False,6
236.239131212,beacon,AP01,broadcast,-69.0,False,6
236.341536045,beacon,AP01,broadcast,-69.0,False,6
236.443994045,beacon,AP01,broadcast,-69.0,False,6
236.449669123,ndpa,AP01,C01,-68.0,False,24
236.449731112,bfi,C01,AP01,-60.0,False,54
236.546361208,beacon,AP01,broadcast,-69.0,False,6
236.648738146,beacon,AP01,broadcast,-69.0,False,6
236.751115084,beacon,AP01,broadcast,-69.0,False,6
236.853548050,beacon,AP01,broadcast,-69.0,False,6
236.955979109,beacon,AP01,broadcast,-69.0,False,6
237.058317184,beacon,AP01,broadcast,-69.0,False,6
237.160744190,beacon,AP01,broadcast,-69.0,False,6
237.263185024,beacon,AP01,broadcast,-69.0,False,6
237.365531206,beacon,AP01,broadcast,-69.0,False,6
237.467970133,beacon,AP01,broadcast,-69.0,False,6
237.570366144,beacon,AP01,broadcast,-69.0,False,6
237.672765017,beacon,AP01,broadcast,-70.0,False,6
237.775095224,beacon,AP01,broadcast,-69.0,False,6
237.782603025,ndpa,AP01,C01,-68.0,False,24
237.782636166,bfi,C01,AP01,-60.0,False,54
237.877575159,beacon,AP01,broadcast,-69.0,False,6
237.980207205,beacon,AP01,broadcast,-69.0,False,6
238.082382202,beacon,AP01,broadcast,-69.0,False,6
238.184752226,beacon,AP01,broadcast,-69.0,False,6
238.287144184,beacon,AP01,broadcast,-69.0,False,6
238.389549017,beacon,AP01,broadcast,-69.0,False,6
238.491923094,beacon,AP01,broadcast,-69.0,False,6
238.594329119,beacon,AP01,broadcast,-69.0,False,6
238.696722031,beacon,AP01,broadcast,-69.0,False,6
238.799187183,beacon,AP01,broadcast,-69.0,False,6
238.901840210,beacon,AP01,broadcast,-69.0,False,6
239.003945112,beacon,AP01,broadcast,-69.0,False,6
239.106336117,beacon,AP01,broadcast,-69.0,False,6
239.113626003,ndpa,AP01,C01,-68.0,False,24
239.113681078,bfi,C01,AP01,-60.0,False,54
239.208727121,beacon,AP01,broadcast,-69.0,False,6
239.311142206,beacon,AP01,broadcast,-69.0,False,6
239.413516998,beacon,AP01,broadcast,-69.0,False,6
239.515928030,beacon,AP01,broadcast,-69.0,False,6
239.618339062,beacon,AP01,broadcast,-69.0,False,6
239.720718145,beacon,AP01,broadcast,-69.0,False,6
239.823119164,beacon,AP01,broadcast,-69.0,False,6
239.925512075,beacon,AP01,broadcast,-69.0,False,6
240.027939081,beacon,AP01,broadcast,-69.0,False,6
240.130346060,beacon,AP01,broadcast,-69.0,False,6
240.232780218,beacon,AP01,broadcast,-69.0,False,6
240.335135221,beacon,AP01,broadcast,-69.0,False,6
240.437528133,beacon,AP01,broadcast,-69.0,False,6
240.449586153,ndpa,AP01,C01,-68.0,False,24
240.449685097,bfi,C01,AP01,-60.0,False,54
240.539969206,beacon,AP01,broadcast,-69.0,False,6
240.642367125,beacon,AP01,broadcast,-69.0,False,6
240.744746208,beacon,AP01,broadcast,-69.0,False,6
240.847237110,beacon,AP01,broadcast,-69.0,False,6
240.949552059,beacon,AP01,broadcast,-69.0,False,6
241.052237034,beacon,AP01,broadcast,-69.0,False,6
241.154381037,beacon,AP01,broadcast,-69.0,False,6
241.256756067,beacon,AP01,broadcast,-69.0,False,6
241.359179020,beacon,AP01,broadcast,-69.0,False,6
241.461562157,beacon,AP01,broadcast,-69.0,False,6
241.564305067,beacon,AP01,broadcast,-69.0,False,6
241.666401148,beacon,AP01,broadcast,-70.0,False,6
241.769077063,beacon,AP01,broadcast,-69.0,False,6
241.782119036,ndpa,AP01,C01,-68.0,False,24
241.782181025,bfi,C01,AP01,-60.0,False,54
241.871211052,beacon,AP01,broadcast,-69.0,False,6
241.973631144,beacon,AP01,broadcast,-69.0,False,6
242.075939178,beacon,AP01,broadcast,-69.0,False,6
242.178395033,beacon,AP01,broadcast,-69.0,False,6
242.280811071,beacon,AP01,broadcast,-69.0,False,6
242.383210182,beacon,AP01,broadcast,-69.0,False,6
242.485627174,beacon,AP01,broadcast,-69.0,False,6
242.587979078,beacon,AP01,broadcast,-69.0,False,6
242.690394163,beacon,AP01,broadcast,-69.0,False,6
242.792805195,beacon,AP01,broadcast,-69.0,False,6
242.895169020,beacon,AP01,broadcast,-69.0,False,6
242.997604132,beacon,AP01,broadcast,-69.0,False,6
243.100013018,beacon,AP01,broadcast,-69.0,False,6
243.114049196,ndpa,AP01,C01,-68.0,False,24
243.114112139,bfi,C01,AP01,-60.0,False,54
243.202397108,beacon,AP01,broadcast,-69.0,False,6
243.304811001,beacon,AP01,broadcast,-69.0,False,6
243.407214165,beacon,AP01,broadcast,-69.0,False,6
243.509596109,beacon,AP01,broadcast,-70.0,False,6
243.612035036,beacon,AP01,broadcast,-69.0,False,6
243.714401007,beacon,AP01,broadcast,-69.0,False,6
243.816799164,beacon,AP01,broadcast,-69.0,False,6
243.919221163,beacon,AP01,broadcast,-69.0,False,6
244.021657228,beacon,AP01,broadcast,-69.0,False,6
244.124303102,beacon,AP01,broadcast,-69.0,False,6
244.226418018,beacon,AP01,broadcast,-69.0,False,6
244.328844070,beacon,AP01,broadcast,-69.0,False,6
244.431219101,beacon,AP01,broadcast,-69.0,False,6
244.449777126,ndpa,AP01,C01,-67.0,False,24
244.449836016,bfi,C01,AP01,-60.0,False,54
244.533629179,beacon,AP01,broadcast,-69.0,False,6
244.636029005,beacon,AP01,broadcast,-69.0,False,6
244.738419056,beacon,AP01,broadcast,-69.0,False,6
244.840824127,beacon,AP01,broadcast,-69.0,False,6
244.943281174,beacon,AP01,broadcast,-69.0,False,6
245.045667171,beacon,AP01,broadcast,-69.0,False,6
245.148038149,beacon,AP01,broadcast,-69.0,False,6
245.250434160,beacon,AP01,broadcast,-69.0,False,6
245.352792025,beacon,AP01,broadcast,-69.0,False,6
245.455277205,beacon,AP01,broadcast,-69.0,False,6
245.557635069,beacon,AP01,broadcast,-69.0,False,6
245.660036087,beacon,AP01,broadcast,-69.0,False,6
245.762427092,beacon,AP01,broadcast,-69.0,False,6
245.780974150,ndpa,AP01,C01,-68.0,False,24
245.781054020,bfi,C01,AP01,-60.0,False,54
245.864863157,beacon,AP01,broadcast,-69.0,False,6
245.967262030,beacon,AP01,broadcast,-69.0,False,6
246.069647074,beacon,AP01,broadcast,-69.0,False,6
246.172313213,beacon,AP01,broadcast,-69.0,False,6
246.274454117,beacon,AP01,broadcast,-69.0,False,6
246.376863003,beacon,AP01,broadcast,-69.0,False,6
246.479273081,beacon,AP01,broadcast,-69.0,False,6
246.581592083,beacon,AP01,broadcast,-69.0,False,6
246.684034109,beacon,AP01,broadcast,-69.0,False,6
246.786457062,beacon,AP01,broadcast,-69.0,False,6
246.888797045,beacon,AP01,broadcast,-69.0,False,6
246.991221189,beacon,AP01,broadcast,-69.0,False,6
247.093612194,beacon,AP01,broadcast,-69.0,False,6
247.113321066,ndpa,AP01,C01,-68.0,False,24
247.113424063,bfi,C01,AP01,-60.0,False,54
247.196019173,beacon,AP01,broadcast,-69.0,False,6
247.298422098,beacon,AP01,broadcast,-69.0,False,6
247.400828123,beacon,AP01,broadcast,-69.0,False,6
247.503214121,beacon,AP01,broadcast,-69.0,False,6
247.605622053,beacon,AP01,broadcast,-69.0,False,6
247.708028078,beacon,AP01,broadcast,-69.0,False,6
247.810411215,beacon,AP01,broadcast,-69.0,False,6
247.912794113,beacon,AP01,broadcast,-69.0,False,6
248.015228033,beacon,AP01,broadcast,-69.0,False,6
248.117600203,beacon,AP01,broadcast,-69.0,False,6
248.220006227,beacon,AP01,broadcast,-69.0,False,6
248.322437048,beacon,AP01,broadcast,-69.0,False,6
248.424836159,beacon,AP01,broadcast,-69.0,False,6
248.449697018,ndpa,AP01,C01,-67.0,False,24
248.449790001,bfi,C01,AP01,-60.0,False,54
248.527225018,beacon,AP01,broadcast,-69.0,False,6
248.629620075,beacon,AP01,broadcast,-69.0,False,6
248.732023001,beacon,AP01,broadcast,-69.0,False,6
248.834421158,beacon,AP01,broadcast,-69.0,False,6
248.936905146,beacon,AP01,broadcast,-69.0,False,6
249.039240122,beacon,AP01,broadcast,-69.0,False,6
249.141659021,beacon,AP01,broadcast,-69.0,False,6
249.244063139,beacon,AP01,broadcast,-69.0,False,6
249.346439123,beacon,AP01,broadcast,-69.0,False,6
249.448849201,beacon,AP01,broadcast,-69.0,False,6
249.551237106,beacon,AP01,broadcast,-69.0,False,6
249.653697014,beacon,AP01,broadcast,-69.0,False,6
249.755995035,beacon,AP01,broadcast,-69.0,False,6
249.782387018,ndpa,AP01,C01,-68.0,False,24
249.782496214,bfi,C01,AP01,-60.0,False,54
249.858430147,beacon,AP01,broadcast,-69.0,False,6
249.960831165,beacon,AP01,broadcast,-69.0,False,6
250.063234091,beacon,AP01,broadcast,-69.0,False,6
250.165634155,beacon,AP01,broadcast,-69.0,False,6
250.268065214,beacon,AP01,broadcast,-69.0,False,6
250.370438099,beacon,AP01,broadcast,-69.0,False,6
250.472889185,beacon,AP01,broadcast,-69.0,False,6
250.575227022,beacon,AP01,broadcast,-69.0,False,6
250.677749157,beacon,AP01,broadcast,-69.0,False,6
250.780071020,beacon,AP01,broadcast,-69.0,False,6
250.882475138,beacon,AP01,broadcast,-69.0,False,6
250.984879017,beacon,AP01,broadcast,-69.0,False,6
251.087231159,beacon,AP01,broadcast,-69.0,False,6
251.112684011,ndpa,AP01,C01,-68.0,False,24
251.112754107,bfi,C01,AP01,-60.0,False,54
251.189679146,beacon,AP01,broadcast,-69.0,False,6
251.292070150,beacon,AP01,broadcast,-69.0,False,6
251.394496202,beacon,AP01,broadcast,-69.0,False,6
251.496873140,beacon,AP01,broadcast,-69.0,False,6
251.599277020,beacon,AP01,broadcast,-69.0,False,6
251.701661110,beacon,AP01,broadcast,-69.0,False,6
251.804080009,beacon,AP01,broadcast,-69.0,False,6
251.906480074,beacon,AP01,broadcast,-69.0,False,6
252.008861065,beacon,AP01,broadcast,-69.0,False,6
252.111335039,beacon,AP01,broadcast,-69.0,False,6
252.213716030,beacon,AP01,broadcast,-69.0,False,6
252.316086054,beacon,AP01,broadcast,-69.0,False,6
252.418509007,beacon,AP01,broadcast,-69.0,False,6
252.440342188,ndpa,AP01,C01,-68.0,False,24
252.440430164,bfi,C01,AP01,-60.0,False,54
252.520853996,beacon,AP01,broadcast,-69.0,False,6
252.623304129,beacon,AP01,broadcast,-69.0,False,6
252.725719213,beacon,AP01,broadcast,-69.0,False,6
252.828116179,beacon,AP01,broadcast,-69.0,False,6
252.930503130,beacon,AP01,broadcast,-69.0,False,6
253.032942057,beacon,AP01,broadcast,-70.0,False,6
253.135333061,beacon,AP01,broadcast,-69.0,False,6
253.237727165,beacon,AP01,broadcast,-69.0,False,6
253.340113163,beacon,AP01,broadcast,-69.0,False,6
253.442541122,beacon,AP01,broadcast,-69.0,False,6
253.544921160,beacon,AP01,broadcast,-69.0,False,6
253.647313118,beacon,AP01,broadcast,-69.0,False,6
253.749750137,beacon,AP01,broadcast,-69.0,False,6
253.770542145,ndpa,AP01,C01,-68.0,False,24
253.770624161,bfi,C01,AP01,-60.0,False,54
253.852118015,beacon,AP01,broadcast,-69.0,False,6
253.954547167,beacon,AP01,broadcast,-69.0,False,6
254.056965113,beacon,AP01,broadcast,-69.0,False,6
254.159312010,beacon,AP01,broadcast,-69.0,False,6
254.261704206,beacon,AP01,broadcast,-69.0,False,6
254.364122152,beacon,AP01,broadcast,-69.0,False,6
254.466468096,beacon,AP01,broadcast,-69.0,False,6
254.568927050,beacon,AP01,broadcast,-69.0,False,6
254.671339035,beacon,AP01,broadcast,-69.0,False,6
254.773713112,beacon,AP01,broadcast,-69.0,False,6
254.876134157,beacon,AP01,broadcast,-69.0,False,6
254.978539228,beacon,AP01,broadcast,-69.0,False,6
255.080907106,beacon,AP01,broadcast,-69.0,False,6
255.102654219,ndpa,AP01,C01,-68.0,False,24
255.102724075,bfi,C01,AP01,-60.0,False,54
255.183317184,beacon,AP01,broadcast,-69.0,False,6
255.285762072,beacon,AP01,broadcast,-69.0,False,6
255.388151169,beacon,AP01,broadcast,-69.0,False,6
255.490511179,beacon,AP01,broadcast,-69.0,False,6
255.592916012,beacon,AP01,broadcast,-69.0,False,6
255.695284128,beacon,AP01,broadcast,-69.0,False,6
255.797728062,beacon,AP01,broadcast,-69.0,False,6
255.900141001,beacon,AP01,broadcast,-69.0,False,6
256.002494097,beacon,AP01,broadcast,-69.0,False,6
256.104964018,beacon,AP01,broadcast,-69.0,False,6
256.207313061,beacon,AP01,broadcast,-69.0,False,6
256.309725046,beacon,AP01,broadcast,-69.0,False,6
256.412127018,beacon,AP01,broadcast,-69.0,False,6
256.430488110,ndpa,AP01,C01,-67.0,False,24
256.430582047,bfi,C01,AP01,-60.0,False,54
256.514537096,beacon,AP01,broadcast,-69.0,False,6
256.616936207,beacon,AP01,broadcast,-69.0,False,6
256.719288111,beacon,AP01,broadcast,-69.0,False,6
256.821726084,beacon,AP01,broadcast,-69.0,False,6
256.924135208,beacon,AP01,broadcast,-69.0,False,6
257.026558161,beacon,AP01,broadcast,-69.0,False,6
257.128955126,beacon,AP01,broadcast,-69.0,False,6
257.231345177,beacon,AP01,broadcast,-69.0,False,6
257.333760023,beacon,AP01,broadcast,-69.0,False,6
257.436131001,beacon,AP01,broadcast,-69.0,False,6
257.538557053,beacon,AP01,broadcast,-69.0,False,6
257.640955210,beacon,AP01,broadcast,-69.0,False,6
257.743310213,beacon,AP01,broadcast,-69.0,False,6
257.761319160,ndpa,AP01,C01,-68.0,False,24
257.761417150,bfi,C01,AP01,-60.0,False,54
257.845712185,beacon,AP01,broadcast,-69.0,False,6
257.948135138,beacon,AP01,broadcast,-69.0,False,6
258.050516129,beacon,AP01,broadcast,-69.0,False,6
258.152909040,beacon,AP01,broadcast,-69.0,False,6
258.255365133,beacon,AP01,broadcast,-69.0,False,6
258.357758999,beacon,AP01,broadcast,-69.0,False,6
258.460150003,beacon,AP01,broadcast,-69.0,False,6
258.562574148,beacon,AP01,broadcast,-69.0,False,6
258.664932013,beacon,AP01,broadcast,-69.0,False,6
258.767314196,beacon,AP01,broadcast,-69.0,False,6
258.869774103,beacon,AP01,broadcast,-69.0,False,6
258.972157001,beacon,AP01,broadcast,-69.0,False,6
259.074571133,beacon,AP01,broadcast,-69.0,False,6
259.093786001,ndpa,AP01,C01,-68.0,False,24
259.093870163,bfi,C01,AP01,-60.0,False,54
259.176978111,beacon,AP01,broadcast,-69.0,False,6
259.279367208,beacon,AP01,broadcast,-69.0,False,6
259.381736040,beacon,AP01,broadcast,-69.0,False,6
259.484144211,beacon,AP01,broadcast,-69.0,False,6
259.586568117,beacon,AP01,broadcast,-69.0,False,6
259.689096212,beacon,AP01,broadcast,-69.0,False,6
259.791379213,beacon,AP01,broadcast,-69.0,False,6
259.893752098,beacon,AP01,broadcast,-69.0,False,6
259.996197224,beacon,AP01,broadcast,-69.0,False,6
260.098544121,beacon,AP01,broadcast,-69.0,False,6
260.200978041,beacon,AP01,broadcast,-69.0,False,6
260.303373098,beacon,AP01,broadcast,-69.0,False,6
260.405795097,beacon,AP01,broadcast,-69.0,False,6
260.429278135,ndpa,AP01,C01,-68.0,False,24
260.429389000,bfi,C01,AP01,-60.0,False,54
260.508191109,beacon,AP01,broadcast,-69.0,False,6
260.610585213,beacon,AP01,broadcast,-69.0,False,6
260.712990046,beacon,AP01,broadcast,-69.0,False,6
260.815363169,beacon,AP01,broadcast,-69.0,False,6
260.917800188,beacon,AP01,broadcast,-69.0,False,6
261.020199060,beacon,AP01,broadcast,-69.0,False,6
261.122577190,beacon,AP01,broadcast,-69.0,False,6
261.224972010,beacon,AP01,broadcast,-69.0,False,6
261.327375174,beacon,AP01,broadcast,-69.0,False,6
261.429803133,beacon,AP01,broadcast,-69.0,False,6
261.532189131,beacon,AP01,broadcast,-69.0,False,6
261.634565115,beacon,AP01,broadcast,-69.0,False,6
261.736988068,beacon,AP01,broadcast,-69.0,False,6
261.761448145,ndpa,AP01,C01,-68.0,False,24
261.761485100,bfi,C01,AP01,-60.0,False,54
261.839355230,beacon,AP01,broadcast,-69.0,False,6
261.941812038,beacon,AP01,broadcast,-69.0,False,6
262.044193029,beacon,AP01,broadcast,-69.0,False,6
262.146610022,beacon,AP01,broadcast,-69.0,False,6
262.249001026,beacon,AP01,broadcast,-69.0,False,6
262.351364136,beacon,AP01,broadcast,-69.0,False,6
262.453794003,beacon,AP01,broadcast,-69.0,False,6
262.556193113,beacon,AP01,broadcast,-69.0,False,6
262.658624172,beacon,AP01,broadcast,-69.0,False,6
262.761003017,beacon,AP01,broadcast,-69.0,False,6
262.863400221,beacon,AP01,broadcast,-69.0,False,6
262.965801001,beacon,AP01,broadcast,-69.0,False,6
263.068196058,beacon,AP01,broadcast,-69.0,False,6
263.092809200,ndpa,AP01,C01,-68.0,False,24
263.092875004,bfi,C01,AP01,-60.0,False,54
263.170593023,beacon,AP01,broadcast,-69.0,False,6
263.272991180,beacon,AP01,broadcast,-69.0,False,6
263.375416040,beacon,AP01,broadcast,-69.0,False,6
263.477811098,beacon,AP01,broadcast,-69.0,False,6
263.580206156,beacon,AP01,broadcast,-69.0,False,6
263.682608128,beacon,AP01,broadcast,-69.0,False,6
263.784985065,beacon,AP01,broadcast,-69.0,False,6
263.887374163,beacon,AP01,broadcast,-69.0,False,6
263.989783049,beacon,AP01,broadcast,-69.0,False,6
264.092188120,beacon,AP01,broadcast,-69.0,False,6
264.194577217,beacon,AP01,broadcast,-69.0,False,6
264.296976089,beacon,AP01,broadcast,-69.0,False,6
264.399394035,beacon,AP01,broadcast,-69.0,False,6
264.429300070,ndpa,AP01,C01,-68.0,False,24
264.429400206,bfi,C01,AP01,-60.0,False,54
264.501770020,beacon,AP01,broadcast,-69.0,False,6
264.604200125,beacon,AP01,broadcast,-69.0,False,6
264.706578016,beacon,AP01,broadcast,-69.0,False,6
264.808998108,beacon,AP01,broadcast,-69.0,False,6
264.911379099,beacon,AP01,broadcast,-69.0,False,6
265.013828039,beacon,AP01,broadcast,-69.0,False,6
265.116208076,beacon,AP01,broadcast,-69.0,False,6
265.218596220,beacon,AP01,broadcast,-69.0,False,6
265.321012020,beacon,AP01,broadcast,-69.0,False,6
265.423375130,beacon,AP01,broadcast,-69.0,False,6
265.525801182,beacon,AP01,broadcast,-69.0,False,6
265.628215075,beacon,AP01,broadcast,-69.0,False,6
265.730772018,beacon,AP01,broadcast,-69.0,False,6
265.760717154,ndpa,AP01,C01,-67.0,False,24
265.760809183,bfi,C01,AP01,-60.0,False,54
265.833036184,beacon,AP01,broadcast,-69.0,False,6
265.935365200,beacon,AP01,broadcast,-69.0,False,6
266.037797213,beacon,AP01,broadcast,-69.0,False,6
266.140224218,beacon,AP01,broadcast,-69.0,False,6
266.242610216,beacon,AP01,broadcast,-69.0,False,6
266.345016003,beacon,AP01,broadcast,-69.0,False,6
266.447399139,beacon,AP01,broadcast,-69.0,False,6
266.549820185,beacon,AP01,broadcast,-69.0,False,6
266.652197123,beacon,AP01,broadcast,-69.0,False,6
266.754619122,beacon,AP01,broadcast,-69.0,False,6
266.857020140,beacon,AP01,broadcast,-69.0,False,6
266.959394217,beacon,AP01,broadcast,-69.0,False,6
267.061818123,beacon,AP01,broadcast,-69.0,False,6
267.093092203,ndpa,AP01,C01,-67.0,False,24
267.093207121,bfi,C01,AP01,-60.0,False,54
267.164368153,beacon,AP01,broadcast,-69.0,False,6
267.266643047,beacon,AP01,broadcast,-69.0,False,6
267.369259119,beacon,AP01,broadcast,-69.0,False,6
267.471428156,beacon,AP01,broadcast,-69.0,False,6
267.573797226,beacon,AP01,broadcast,-69.0,False,6
267.676203012,beacon,AP01,broadcast,-69.0,False,6
267.778620005,beacon,AP01,broadcast,-69.0,False,6
267.881025076,beacon,AP01,broadcast,-69.0,False,6
267.987626076,beacon,AP01,broadcast,-69.0,False,6
268.085812092,beacon,AP01,broadcast,-69.0,False,6
268.188229084,beacon,AP01,broadcast,-69.0,False,6
268.290611029,beacon,AP01,broadcast,-69.0,False,6
268.393014193,beacon,AP01,broadcast,-69.0,False,6
268.429300070,ndpa,AP01,C01,-67.0,False,24
268.429404020,bfi,C01,AP01,-60.0,False,54
268.495431185,beacon,AP01,broadcast,-69.0,False,6
268.597834110,beacon,AP01,broadcast,-69.0,False,6
268.700231075,beacon,AP01,broadcast,-69.0,False,6
268.802680016,beacon,AP01,broadcast,-69.0,False,6
268.905038118,beacon,AP01,broadcast,-69.0,False,6
269.007441998,beacon,AP01,broadcast,-69.0,False,6
269.109839201,beacon,AP01,broadcast,-69.0,False,6
269.212242126,beacon,AP01,broadcast,-69.0,False,6
269.314626217,beacon,AP01,broadcast,-69.0,False,6
269.417038202,beacon,AP01,broadcast,-69.0,False,6
269.519435167,beacon,AP01,broadcast,-69.0,False,6
269.621848106,beacon,AP01,broadcast,-69.0,False,6
269.724234104,beacon,AP01,broadcast,-69.0,False,6
269.761005163,ndpa,AP01,C01,-68.0,False,24
269.761096001,bfi,C01,AP01,-60.0,False,54
269.826617002,beacon,AP01,broadcast,-69.0,False,6
269.929026127,beacon,AP01,broadcast,-69.0,False,6
270.031432152,beacon,AP01,broadcast,-69.0,False,6
270.133830070,beacon,AP01,broadcast,-69.0,False,6
270.236253023,beacon,AP01,broadcast,-69.0,False,6
270.338657141,beacon,AP01,broadcast,-69.0,False,6
270.441037178,beacon,AP01,broadcast,-69.0,False,6
270.543431044,beacon,AP01,broadcast,-69.0,False,6
270.645826101,beacon,AP01,broadcast,-69.0,False,6
270.748253107,beacon,AP01,broadcast,-69.0,False,6
270.850634098,beacon,AP01,broadcast,-69.0,False,6
270.953044176,beacon,AP01,broadcast,-69.0,False,6
271.055435181,beacon,AP01,broadcast,-69.0,False,6
271.093372107,ndpa,AP01,C01,-67.0,False,24
271.093469143,bfi,C01,AP01,-60.0,False,54
271.157825232,beacon,AP01,broadcast,-69.0,False,6
271.260243177,beacon,AP01,broadcast,-69.0,False,6
271.362644196,beacon,AP01,broadcast,-69.0,False,6
271.465068102,beacon,AP01,broadcast,-69.0,False,6
271.567429066,beacon,AP01,broadcast,-69.0,False,6
271.669848204,beacon,AP01,broadcast,-69.0,False,6
271.772262096,beacon,AP01,broadcast,-69.0,False,6
271.874672174,beacon,AP01,broadcast,-69.0,False,6
271.977056026,beacon,AP01,broadcast,-69.0,False,6
272.079449177,beacon,AP01,broadcast,-69.0,False,6
272.181956053,beacon,AP01,broadcast,-69.0,False,6
272.284275055,beacon,AP01,broadcast,-69.0,False,6
272.386691093,beacon,AP01,broadcast,-69.0,False,6
272.429559231,ndpa,AP01,C01,-67.0,False,24
272.429657221,bfi,C01,AP01,-60.0,False,54
272.489065170,beacon,AP01,broadcast,-69.0,False,6
272.591463089,beacon,AP01,broadcast,-69.0,False,6
272.693849087,beacon,AP01,broadcast,-69.0,False,6
272.796280146,beacon,AP01,broadcast,-69.0,False,6
272.898698092,beacon,AP01,broadcast,-69.0,False,6
273.001089096,beacon,AP01,broadcast,-69.0,False,6
273.103466034,beacon,AP01,broadcast,-69.0,False,6
273.205856085,beacon,AP01,broadcast,-69.0,False,6
273.308280230,beacon,AP01,broadcast,-69.0,False,6
273.410677195,beacon,AP01,broadcast,-69.0,False,6
273.513067007,beacon,AP01,broadcast,-69.0,False,6
273.615483046,beacon,AP01,broadcast,-69.0,False,6
273.717922211,beacon,AP01,broadcast,-69.0,False,6
273.761551142,ndpa,AP01,C01,-68.0,False,24
273.761645079,bfi,C01,AP01,-60.0,False,54
273.820298195,beacon,AP01,broadcast,-69.0,False,6
273.922773123,beacon,AP01,broadcast,-69.0,False,6
274.025096178,beacon,AP01,broadcast,-69.0,False,6
274.127469063,beacon,AP01,broadcast,-69.0,False,6
274.229894161,beacon,AP01,broadcast,-69.0,False,6
274.335057020,beacon,AP01,broadcast,-69.0,False,6
274.434680223,beacon,AP01,broadcast,-69.0,False,6
274.537157059,beacon,AP01,broadcast,-69.0,False,6
274.639505148,beacon,AP01,broadcast,-69.0,False,6
274.741904020,beacon,AP01,broadcast,-69.0,False,6
274.844282150,beacon,AP01,broadcast,-69.0,False,6
274.946735144,beacon,AP01,broadcast,-69.0,False,6
275.049086094,beacon,AP01,broadcast,-69.0,False,6
275.093136072,ndpa,AP01,C01,-68.0,False,24
275.093206167,bfi,C01,AP01,-60.0,False,54
275.151498079,beacon,AP01,broadcast,-69.0,False,6
275.253910065,beacon,AP01,broadcast,-69.0,False,6
275.356323004,beacon,AP01,broadcast,-69.0,False,6
275.458741188,beacon,AP01,broadcast,-69.0,False,6
275.561117172,beacon,AP01,broadcast,-69.0,False,6
275.663521051,beacon,AP01,broadcast,-69.0,False,6
275.765945196,beacon,AP01,broadcast,-69.0,False,6
275.868323088,beacon,AP01,broadcast,-69.0,False,6
275.970719099,beacon,AP01,broadcast,-69.0,False,6
276.073134184,beacon,AP01,broadcast,-69.0,False,6
276.175532103,beacon,AP01,broadcast,-69.0,False,6
276.277953148,beacon,AP01,broadcast,-69.0,False,6
276.380338192,beacon,AP01,broadcast,-69.0,False,6
276.429793119,ndpa,AP01,C01,-68.0,False,24
276.429849148,bfi,C01,AP01,-60.0,False,54
276.482715130,beacon,AP01,broadcast,-69.0,False,6
276.585149050,beacon,AP01,broadcast,-69.0,False,6
276.687535048,beacon,AP01,broadcast,-69.0,False,6
276.789935112,beacon,AP01,broadcast,-69.0,False,6
276.892329216,beacon,AP01,broadcast,-69.0,False,6
276.994726181,beacon,AP01,broadcast,-69.0,False,6
277.097126007,beacon,AP01,broadcast,-69.0,False,6
277.199530125,beacon,AP01,broadcast,-69.0,False,6
277.301952124,beacon,AP01,broadcast,-69.0,False,6
277.404331207,beacon,AP01,broadcast,-69.0,False,6
277.506748199,beacon,AP01,broadcast,-69.0,False,6
277.609127998,beacon,AP01,broadcast,-69.0,False,6
277.711553097,beacon,AP01,broadcast,-69.0,False,6
277.760561228,ndpa,AP01,C01,-67.0,False,24
277.760649204,bfi,C01,AP01,-60.0,False,54
277.813912153,beacon,AP01,broadcast,-69.0,False,6
277.916336060,beacon,AP01,broadcast,-69.0,False,6
278.018756151,beacon,AP01,broadcast,-69.0,False,6
278.121140003,beacon,AP01,broadcast,-69.0,False,6
278.223550081,beacon,AP01,broadcast,-69.0,False,6
278.325966120,beacon,AP01,broadcast,-69.0,False,6
278.428374052,beacon,AP01,broadcast,-69.0,False,6
278.530767202,beacon,AP01,broadcast,-69.0,False,6
278.633175135,beacon,AP01,broadcast,-69.0,False,6
278.735555172,beacon,AP01,broadcast,-69.0,False,6
278.837952137,beacon,AP01,broadcast,-69.0,False,6
278.940350056,beacon,AP01,broadcast,-69.0,False,6
279.042766094,beacon,AP01,broadcast,-69.0,False,6
279.092836142,ndpa,AP01,C01,-68.0,False,24
279.092918158,bfi,C01,AP01,-60.0,False,54
279.145137072,beacon,AP01,broadcast,-69.0,False,6
279.247562170,beacon,AP01,broadcast,-69.0,False,6
279.349966049,beacon,AP01,broadcast,-69.0,False,6
279.452350140,beacon,AP01,broadcast,-69.0,False,6
279.554733038,beacon,AP01,broadcast,-69.0,False,6
279.657199144,beacon,AP01,broadcast,-69.0,False,6
279.759557009,beacon,AP01,broadcast,-69.0,False,6
279.861929178,beacon,AP01,broadcast,-69.0,False,6
279.964430094,beacon,AP01,broadcast,-69.0,False,6
280.066808224,beacon,AP01,broadcast,-69.0,False,6
280.169143200,beacon,AP01,broadcast,-69.0,False,6
280.271564007,beacon,AP01,broadcast,-69.0,False,6
280.374026060,beacon,AP01,broadcast,-69.0,False,6
280.429310083,ndpa,AP01,C01,-68.0,False,24
280.429399014,bfi,C01,AP01,-60.0,False,54
280.476383209,beacon,AP01,broadcast,-69.0,False,6
280.578984022,beacon,AP01,broadcast,-69.0,False,6
280.681179047,beacon,AP01,broadcast,-69.0,False,6
280.783622026,beacon,AP01,broadcast,-69.0,False,6
280.885940075,beacon,AP01,broadcast,-69.0,False,6
280.988338232,beacon,AP01,broadcast,-69.0,False,6
281.090760231,beacon,AP01,broadcast,-69.0,False,6
281.193201065,beacon,AP01,broadcast,-69.0,False,6
281.295575142,beacon,AP01,broadcast,-69.0,False,6
281.397944212,beacon,AP01,broadcast,-69.0,False,6
281.500381231,beacon,AP01,broadcast,-69.0,False,6
281.602801085,beacon,AP01,broadcast,-69.0,False,6
281.705205202,beacon,AP01,broadcast,-69.0,False,6
281.761395216,ndpa,AP01,C01,-68.0,False,24
281.761491060,bfi,C01,AP01,-60.0,False,54
281.807626009,beacon,AP01,broadcast,-69.0,False,6
281.909993172,beacon,AP01,broadcast,-69.0,False,6
282.012389183,beacon,AP01,broadcast,-69.0,False,6
282.114819050,beacon,AP01,broadcast,-69.0,False,6
282.217187166,beacon,AP01,broadcast,-69.0,False,6
282.319594145,beacon,AP01,broadcast,-69.0,False,6
282.421998024,beacon,AP01,broadcast,-69.0,False,6
282.524414062,beacon,AP01,broadcast,-69.0,False,6
282.626761198,beacon,AP01,broadcast,-68.0,False,6
282.729200125,beacon,AP01,broadcast,-69.0,False,6
282.831561089,beacon,AP01,broadcast,-69.0,False,6
282.933969021,beacon,AP01,broadcast,-69.0,False,6
283.036413193,beacon,AP01,broadcast,-69.0,False,6
283.093898058,ndpa,AP01,C01,-67.0,False,24
283.093968153,bfi,C01,AP01,-60.0,False,54
283.138796091,beacon,AP01,broadcast,-69.0,False,6
283.241183043,beacon,AP01,broadcast,-69.0,False,6
283.343566179,beacon,AP01,broadcast,-69.0,False,6
283.446010113,beacon,AP01,broadcast,-69.0,False,6
283.548374176,beacon,AP01,broadcast,-69.0,False,6
283.650783062,beacon,AP01,broadcast,-69.0,False,6
283.753220081,beacon,AP01,broadcast,-69.0,False,6
283.855581045,beacon,AP01,broadcast,-69.0,False,6
283.958003998,beacon,AP01,broadcast,-69.0,False,6
284.060389042,beacon,AP01,broadcast,-69.0,False,6
284.162799120,beacon,AP01,broadcast,-69.0,False,6
284.265229225,beacon,AP01,broadcast,-69.0,False,6
284.367622137,beacon,AP01,broadcast,-69.0,False,6
284.429506063,ndpa,AP01,C01,-67.0,False,24
284.429575205,bfi,C01,AP01,-60.0,False,54
284.470115185,beacon,AP01,broadcast,-69.0,False,6
284.572430134,beacon,AP01,broadcast,-69.0,False,6
284.674799204,beacon,AP01,broadcast,-69.0,False,6
284.777221203,beacon,AP01,broadcast,-69.0,False,6
284.879586220,beacon,AP01,broadcast,-69.0,False,6
284.982032061,beacon,AP01,broadcast,-69.0,False,6
285.084410191,beacon,AP01,broadcast,-69.0,False,6
285.186834097,beacon,AP01,broadcast,-69.0,False,6
285.289281130,beacon,AP01,broadcast,-69.0,False,6
285.391637087,beacon,AP01,broadcast,-69.0,False,6
285.494008064,beacon,AP01,broadcast,-69.0,False,6
285.596407175,beacon,AP01,broadcast,-69.0,False,6
285.698813200,beacon,AP01,broadcast,-69.0,False,6
285.761949062,ndpa,AP01,C01,-68.0,False,24
285.762026072,bfi,C01,AP01,-60.0,False,54
285.801255226,beacon,AP01,broadcast,-69.0,False,6
285.903602123,beacon,AP01,broadcast,-69.0,False,6
286.006054163,beacon,AP01,broadcast,-69.0,False,6
286.108414173,beacon,AP01,broadcast,-69.0,False,6
286.210842133,beacon,AP01,broadcast,-69.0,False,6
286.313226223,beacon,AP01,broadcast,-69.0,False,6
286.415681124,beacon,AP01,broadcast,-69.0,False,6
286.518028021,beacon,AP01,broadcast,-69.0,False,6
286.620449066,beacon,AP01,broadcast,-69.0,False,6
286.722827196,beacon,AP01,broadcast,-69.0,False,6
286.825244188,beacon,AP01,broadcast,-69.0,False,6
286.927628994,beacon,AP01,broadcast,-69.0,False,6
287.030042171,beacon,AP01,broadcast,-69.0,False,6
287.094061136,ndpa,AP01,C01,-68.0,False,24
287.094130039,bfi,C01,AP01,-60.0,False,54
287.132430077,beacon,AP01,broadcast,-69.0,False,6
287.234857082,beacon,AP01,broadcast,-69.0,False,6
287.337246180,beacon,AP01,broadcast,-69.0,False,6
287.439667225,beacon,AP01,broadcast,-69.0,False,6
287.542028189,beacon,AP01,broadcast,-69.0,False,6
287.644437075,beacon,AP01,broadcast,-69.0,False,6
287.746924162,beacon,AP01,broadcast,-69.0,False,6
287.849252224,beacon,AP01,broadcast,-69.0,False,6
287.951630116,beacon,AP01,broadcast,-69.0,False,6
288.054047108,beacon,AP01,broadcast,-69.0,False,6
288.156442165,beacon,AP01,broadcast,-69.0,False,6
288.258849144,beacon,AP01,broadcast,-69.0,False,6
288.361265182,beacon,AP01,broadcast,-69.0,False,6
288.429581165,ndpa,AP01,C01,-67.0,False,24
288.429675102,bfi,C01,AP01,-60.0,False,54
288.463723183,beacon,AP01,broadcast,-69.0,False,6
288.566075087,beacon,AP01,broadcast,-69.0,False,6
288.668450117,beacon,AP01,broadcast,-69.0,False,6
288.770858049,beacon,AP01,broadcast,-69.0,False,6
288.873258114,beacon,AP01,broadcast,-69.0,False,6
288.975657225,beacon,AP01,broadcast,-69.0,False,6
289.078082085,beacon,AP01,broadcast,-69.0,False,6
289.180418015,beacon,AP01,broadcast,-69.0,False,6
289.282852173,beacon,AP01,broadcast,-69.0,False,6
289.385230064,beacon,AP01,broadcast,-69.0,False,6
289.487651110,beacon,AP01,broadcast,-69.0,False,6
289.590033054,beacon,AP01,broadcast,-69.0,False,6
289.692469120,beacon,AP01,broadcast,-69.0,False,6
289.761956215,ndpa,AP01,C01,-68.0,False,24
289.762039185,bfi,C01,AP01,-60.0,False,54
289.794867039,beacon,AP01,broadcast,-69.0,False,6
289.897245169,beacon,AP01,broadcast,-69.0,False,6
289.999654055,beacon,AP01,broadcast,-69.0,False,6
290.102085114,beacon,AP01,broadcast,-69.0,False,6
290.204460144,beacon,AP01,broadcast,-69.0,False,6
290.306866169,beacon,AP01,broadcast,-69.0,False,6
290.409281015,beacon,AP01,broadcast,-69.0,False,6
290.511679173,beacon,AP01,broadcast,-69.0,False,6
290.614085197,beacon,AP01,broadcast,-69.0,False,6
290.716457129,beacon,AP01,broadcast,-69.0,False,6
290.818856001,beacon,AP01,broadcast,-69.0,False,6
290.921255112,beacon,AP01,broadcast,-69.0,False,6
291.023665190,beacon,AP01,broadcast,-69.0,False,6
291.094641209,ndpa,AP01,C01,-67.0,False,24
291.094733000,bfi,C01,AP01,-60.0,False,54
291.126061201,beacon,AP01,broadcast,-69.0,False,6
291.228434086,beacon,AP01,broadcast,-69.0,False,6
291.330864191,beacon,AP01,broadcast,-69.0,False,6
291.433277130,beacon,AP01,broadcast,-69.0,False,6
291.535652161,beacon,AP01,broadcast,-69.0,False,6
291.638057232,beacon,AP01,broadcast,-69.0,False,6
291.740468025,beacon,AP01,broadcast,-69.0,False,6
291.842973232,beacon,AP01,broadcast,-69.0,False,6
291.945277214,beacon,AP01,broadcast,-69.0,False,6
292.047644138,beacon,AP01,broadcast,-69.0,False,6
292.150153160,beacon,AP01,broadcast,-69.0,False,6
292.252473116,beacon,AP01,broadcast,-69.0,False,6
292.355026007,beacon,AP01,broadcast,-69.0,False,6
292.429800034,ndpa,AP01,C01,-67.0,False,24
292.429874182,bfi,C01,AP01,-60.0,False,54
292.457252026,beacon,AP01,broadcast,-69.0,False,6
292.559679031,beacon,AP01,broadcast,-69.0,False,6
292.662072182,beacon,AP01,broadcast,-69.0,False,6
292.764470100,beacon,AP01,broadcast,-69.0,False,6
292.866857052,beacon,AP01,broadcast,-69.0,False,6
292.969322205,beacon,AP01,broadcast,-69.0,False,6
293.071700096,beacon,AP01,broadcast,-69.0,False,6
293.174107075,beacon,AP01,broadcast,-69.0,False,6
293.276478052,beacon,AP01,broadcast,-69.0,False,6
293.378892183,beacon,AP01,broadcast,-69.0,False,6
293.481389046,beacon,AP01,broadcast,-69.0,False,6
293.583708048,beacon,AP01,broadcast,-69.0,False,6
293.686090231,beacon,AP01,broadcast,-69.0,False,6
293.760987997,ndpa,AP01,C01,-67.0,False,24
293.761063099,bfi,C01,AP01,-60.0,False,54
293.788592100,beacon,AP01,broadcast,-69.0,False,6
293.890914202,beacon,AP01,broadcast,-69.0,False,6
293.993308067,beacon,AP01,broadcast,-69.0,False,6
294.095707178,beacon,AP01,broadcast,-69.0,False,6
294.198096037,beacon,AP01,broadcast,-69.0,False,6
294.300512075,beacon,AP01,broadcast,-69.0,False,6
294.402898073,beacon,AP01,broadcast,-69.0,False,6
294.505288124,beacon,AP01,broadcast,-69.0,False,6
294.607721090,beacon,AP01,broadcast,-69.0,False,6
294.710093021,beacon,AP01,broadcast,-69.0,False,6
294.812514067,beacon,AP01,broadcast,-69.0,False,6
294.914916039,beacon,AP01,broadcast,-69.0,False,6
295.017304182,beacon,AP01,broadcast,-69.0,False,6
295.093436003,ndpa,AP01,C01,-67.0,False,24
295.093475103,bfi,C01,AP01,-60.0,False,54
295.119723082,beacon,AP01,broadcast,-69.0,False,6
295.222103119,beacon,AP01,broadcast,-69.0,False,6
295.324491024,beacon,AP01,broadcast,-69.0,False,6
295.426919222,beacon,AP01,broadcast,-69.0,False,6
295.529306173,beacon,AP01,broadcast,-69.0,False,6
295.631697178,beacon,AP01,broadcast,-69.0,False,6
295.734131098,beacon,AP01,broadcast,-69.0,False,6
295.836528063,beacon,AP01,broadcast,-69.0,False,6
295.938899040,beacon,AP01,broadcast,-69.0,False,6
296.041341066,beacon,AP01,broadcast,-69.0,False,6
296.143744230,beacon,AP01,broadcast,-69.0,False,6
296.246147156,beacon,AP01,broadcast,-69.0,False,6
296.348511219,beacon,AP01,broadcast,-69.0,False,6
296.429581165,ndpa,AP01,C01,-68.0,False,24
296.429661036,bfi,C01,AP01,-60.0,False,54
296.450933218,beacon,AP01,broadcast,-69.0,False,6
296.553345203,beacon,AP01,broadcast,-69.0,False,6
296.655717134,beacon,AP01,broadcast,-69.0,False,6
296.758119106,beacon,AP01,broadcast,-69.0,False,6
296.860544205,beacon,AP01,broadcast,-69.0,False,6
296.962929010,beacon,AP01,broadcast,-69.0,False,6
297.065345049,beacon,AP01,broadcast,-69.0,False,6
297.167712212,beacon,AP01,broadcast,-69.0,False,6
297.270137072,beacon,AP01,broadcast,-69.0,False,6
297.372542143,beacon,AP01,broadcast,-69.0,False,6
297.474958181,beacon,AP01,broadcast,-69.0,False,6
297.577304125,beacon,AP01,broadcast,-69.0,False,6
297.679767132,beacon,AP01,broadcast,-69.0,False,6
297.761509180,ndpa,AP01,C01,-68.0,False,24
297.761606216,bfi,C01,AP01,-60.0,False,54
297.782112122,beacon,AP01,broadcast,-69.0,False,6
297.884507179,beacon,AP01,broadcast,-69.0,False,6
297.986967087,beacon,AP01,broadcast,-69.0,False,6
298.089328051,beacon,AP01,broadcast,-69.0,False,6
298.191749096,beacon,AP01,broadcast,-69.0,False,6
298.294142008,beacon,AP01,broadcast,-68.0,False,6
298.396521091,beacon,AP01,broadcast,-69.0,False,6
298.498949051,beacon,AP01,broadcast,-69.0,False,6
298.601327181,beacon,AP01,broadcast,-69.0,False,6
298.703723192,beacon,AP01,broadcast,-69.0,False,6
298.806187153,beacon,AP01,broadcast,-69.0,False,6
298.908560038,beacon,AP01,broadcast,-69.0,False,6
299.010973215,beacon,AP01,broadcast,-69.0,False,6
299.093818188,ndpa,AP01,C01,-68.0,False,24
299.093879223,bfi,C01,AP01,-60.0,False,54
299.113343000,beacon,AP01,broadcast,-69.0,False,6
299.215747118,beacon,AP01,broadcast,-69.0,False,6
299.318175077,beacon,AP01,broadcast,-69.0,False,6
299.420552015,beacon,AP01,broadcast,-69.0,False,6
299.522971153,beacon,AP01,broadcast,-69.0,False,6
299.625349045,beacon,AP01,broadcast,-69.0,False,6
299.727725029,beacon,AP01,broadcast,-69.0,False,6
299.830153227,beacon,AP01,broadcast,-69.0,False,6
299.932547092,beacon,AP01,broadcast,-69.0,False,6
300.034948111,beacon,AP01,broadcast,-69.0,False,6
300.137330055,beacon,AP01,broadcast,-69.0,False,6
300.239797115,beacon,AP01,broadcast,-69.0,False,6
300.342166185,beacon,AP01,broadcast,-69.0,False,6
300.429254055,ndpa,AP01,C01,-67.0,False,24
300.429330111,bfi,C01,AP01,-60.0,False,54
300.444552183,beacon,AP01,broadcast,-69.0,False,6
300.546936035,beacon,AP01,broadcast,-69.0,False,6
300.649368048,beacon,AP01,broadcast,-69.0,False,6
300.751794100,beacon,AP01,broadcast,-68.0,False,6
300.854158163,beacon,AP01,broadcast,-68.0,False,6
300.956559181,beacon,AP01,broadcast,-68.0,False,6
301.058965206,beacon,AP01,broadcast,-69.0,False,6
301.161384106,beacon,AP01,broadcast,-69.0,False,6
301.263829231,beacon,AP01,broadcast,-69.0,False,6
301.366185188,beacon,AP01,broadcast,-69.0,False,6
301.468581200,beacon,AP01,broadcast,-68.0,False,6
301.570978165,beacon,AP01,broadcast,-68.0,False,6
301.673345089,beacon,AP01,broadcast,-68.0,False,6
301.762212038,ndpa,AP01,C01,-67.0,False,24
301.762331009,bfi,C01,AP01,-60.0,False,54
301.775764227,beacon,AP01,broadcast,-68.0,False,6
301.878221035,beacon,AP01,broadcast,-68.0,False,6
301.980614185,beacon,AP01,broadcast,-68.0,False,6
302.082967997,beacon,AP01,broadcast,-69.0,False,6
302.185401201,beacon,AP01,broadcast,-68.0,False,6
302.287798166,beacon,AP01,broadcast,-68.0,False,6
302.390185118,beacon,AP01,broadcast,-68.0,False,6
302.492607117,beacon,AP01,broadcast,-69.0,False,6
302.595007181,beacon,AP01,broadcast,-68.0,False,6
302.697399139,beacon,AP01,broadcast,-69.0,False,6
302.799818039,beacon,AP01,broadcast,-68.0,False,6
302.902229071,beacon,AP01,broadcast,-69.0,False,6
303.004597187,beacon,AP01,broadcast,-69.0,False,6
303.092920065,ndpa,AP01,C01,-68.0,False,24
303.093002081,bfi,C01,AP01,-60.0,False,54
303.107002020,beacon,AP01,broadcast,-69.0,False,6
303.209377050,beacon,AP01,broadcast,-69.0,False,6
303.311779022,beacon,AP01,broadcast,-69.0,False,6
303.414245129,beacon,AP01,broadcast,-69.0,False,6
303.516603231,beacon,AP01,broadcast,-69.0,False,6
303.619021177,beacon,AP01,broadcast,-69.0,False,6
303.721437216,beacon,AP01,broadcast,-69.0,False,6
303.823806047,beacon,AP01,broadcast,-69.0,False,6
303.926215172,beacon,AP01,broadcast,-69.0,False,6
304.028587103,beacon,AP01,broadcast,-69.0,False,6
304.130991220,beacon,AP01,broadcast,-69.0,False,6
304.233416080,beacon,AP01,broadcast,-69.0,False,6
304.336247206,beacon,AP01,broadcast,-69.0,False,6
304.419924021,ndpa,AP01,C01,-67.0,False,24
304.419997215,bfi,C01,AP01,-60.0,False,54
304.438196182,beacon,AP01,broadcast,-68.0,False,6
304.540617228,beacon,AP01,broadcast,-68.0,False,6
304.643005133,beacon,AP01,broadcast,-68.0,False,6
304.745373011,beacon,AP01,broadcast,-68.0,False,6
304.847820044,beacon,AP01,broadcast,-68.0,False,6
304.950201035,beacon,AP01,broadcast,-69.0,False,6
305.052612066,beacon,AP01,broadcast,-68.0,False,6
305.154973030,beacon,AP01,broadcast,-69.0,False,6
305.257418156,beacon,AP01,broadcast,-68.0,False,6
305.359821081,beacon,AP01,broadcast,-69.0,False,6
305.462249994,beacon,AP01,broadcast,-69.0,False,6
305.564613104,beacon,AP01,broadcast,-69.0,False,6
305.667011023,beacon,AP01,broadcast,-69.0,False,6
305.751622200,ndpa,AP01,C01,-68.0,False,24
305.751734018,bfi,C01,AP01,-60.0,False,54
305.769440174,beacon,AP01,broadcast,-69.0,False,6
305.871826172,beacon,AP01,broadcast,-69.0,False,6
305.974234104,beacon,AP01,broadcast,-69.0,False,6
306.076586008,beacon,AP01,broadcast,-68.0,False,6
306.179020166,beacon,AP01,broadcast,-69.0,False,6
306.281426191,beacon,AP01,broadcast,-68.0,False,6
306.383825064,beacon,AP01,broadcast,-68.0,False,6
306.486221075,beacon,AP01,broadcast,-69.0,False,6
306.588598013,beacon,AP01,broadcast,-69.0,False,6
306.691016197,beacon,AP01,broadcast,-69.0,False,6
306.793398142,beacon,AP01,broadcast,-69.0,False,6
306.895822048,beacon,AP01,broadcast,-69.0,False,6
306.998211145,beacon,AP01,broadcast,-69.0,False,6
307.083203077,ndpa,AP01,C01,-68.0,False,24
307.083292007,bfi,C01,AP01,-60.0,False,54
307.100597143,beacon,AP01,broadcast,-69.0,False,6
307.203015089,beacon,AP01,broadcast,-69.0,False,6
307.305413008,beacon,AP01,broadcast,-69.0,False,6
307.407813072,beacon,AP01,broadcast,-69.0,False,6
307.510208130,beacon,AP01,broadcast,-69.0,False,6
307.612610102,beacon,AP01,broadcast,-69.0,False,6
307.715012074,beacon,AP01,broadcast,-69.0,False,6
307.817443132,beacon,AP01,broadcast,-69.0,False,6
307.919880152,beacon,AP01,broadcast,-69.0,False,6
308.022283077,beacon,AP01,broadcast,-69.0,False,6
308.124662161,beacon,AP01,broadcast,-69.0,False,6
308.227049112,beacon,AP01,broadcast,-69.0,False,6
308.329429150,beacon,AP01,broadcast,-69.0,False,6
308.419323206,ndpa,AP01,C01,-68.0,False,24
308.419423103,bfi,C01,AP01,-60.0,False,54
308.431843996,beacon,AP01,broadcast,-68.0,False,6
308.534244061,beacon,AP01,broadcast,-69.0,False,6
308.636649132,beacon,AP01,broadcast,-69.0,False,6
308.739077091,beacon,AP01,broadcast,-69.0,False,6
308.841425180,beacon,AP01,broadcast,-68.0,False,6
308.943864107,beacon,AP01,broadcast,-69.0,False,6
309.046249151,beacon,AP01,broadcast,-69.0,False,6
309.148659229,beacon,AP01,broadcast,-69.0,False,6
309.251087189,beacon,AP01,broadcast,-69.0,False,6
309.353479147,beacon,AP01,broadcast,-69.0,False,6
309.455915213,beacon,AP01,broadcast,-69.0,False,6
309.558224201,beacon,AP01,broadcast,-69.0,False,6
309.660738230,beacon,AP01,broadcast,-69.0,False,6
309.751494169,ndpa,AP01,C01,-68.0,False,24
309.751599073,bfi,C01,AP01,-60.0,False,54
309.763064146,beacon,AP01,broadcast,-69.0,False,6
309.865553141,beacon,AP01,broadcast,-69.0,False,6
309.967858076,beacon,AP01,broadcast,-69.0,False,6
310.070345163,beacon,AP01,broadcast,-69.0,False,6
310.172689199,beacon,AP01,broadcast,-69.0,False,6
310.275176048,beacon,AP01,broadcast,-69.0,False,6
310.377559185,beacon,AP01,broadcast,-68.0,False,6
310.479939222,beacon,AP01,broadcast,-69.0,False,6
310.582367182,beacon,AP01,broadcast,-69.0,False,6
310.684785128,beacon,AP01,broadcast,-68.0,False,6
310.787038088,beacon,AP01,broadcast,-69.0,False,6
310.889562130,beacon,AP01,broadcast,-69.0,False,6
310.991969109,beacon,AP01,broadcast,-69.0,False,6
311.083408117,ndpa,AP01,C01,-67.0,False,24
311.083420038,bfi,C01,AP01,-60.0,False,54
311.094384193,beacon,AP01,broadcast,-69.0,False,6
311.196762085,beacon,AP01,broadcast,-69.0,False,6
311.299163103,beacon,AP01,broadcast,-69.0,False,6
311.401554108,beacon,AP01,broadcast,-69.0,False,6
311.503986120,beacon,AP01,broadcast,-69.0,False,6
311.606377125,beacon,AP01,broadcast,-69.0,False,6
311.708672047,beacon,AP01,broadcast,-69.0,False,6
311.811214209,beacon,AP01,broadcast,-69.0,False,6
311.913572073,beacon,AP01,broadcast,-69.0,False,6
312.015940189,beacon,AP01,broadcast,-69.0,False,6
312.118314028,beacon,AP01,broadcast,-69.0,False,6
312.220796108,beacon,AP01,broadcast,-68.0,False,6
312.323201180,beacon,AP01,broadcast,-69.0,False,6
312.419387102,ndpa,AP01,C01,-67.0,False,24
312.419469118,bfi,C01,AP01,-60.0,False,54
312.425561190,beacon,AP01,broadcast,-69.0,False,6
312.527865171,beacon,AP01,broadcast,-68.0,False,6
312.630390167,beacon,AP01,broadcast,-69.0,False,6
312.732775211,beacon,AP01,broadcast,-68.0,False,6
312.835235119,beacon,AP01,broadcast,-69.0,False,6
312.937459230,beacon,AP01,broadcast,-69.0,False,6
313.039982080,beacon,AP01,broadcast,-69.0,False,6
313.142370224,beacon,AP01,broadcast,-69.0,False,6
313.244785070,beacon,AP01,broadcast,-69.0,False,6
313.347178221,beacon,AP01,broadcast,-69.0,False,6
313.449577093,beacon,AP01,broadcast,-68.0,False,6
313.552003145,beacon,AP01,broadcast,-69.0,False,6
313.654403210,beacon,AP01,broadcast,-69.0,False,6
313.751807213,ndpa,AP01,C01,-67.0,False,24
313.751830101,bfi,C01,AP01,-60.0,False,54
313.756790161,beacon,AP01,broadcast,-69.0,False,6
313.859095097,beacon,AP01,broadcast,-69.0,False,6
313.961599112,beacon,AP01,broadcast,-69.0,False,6
314.063955069,beacon,AP01,broadcast,-69.0,False,6
314.166393995,beacon,AP01,broadcast,-69.0,False,6
314.268789053,beacon,AP01,broadcast,-69.0,False,6
314.371205091,beacon,AP01,broadcast,-69.0,False,6
314.473579168,beacon,AP01,broadcast,-69.0,False,6
314.575928211,beacon,AP01,broadcast,-68.0,False,6
314.678328037,beacon,AP01,broadcast,-69.0,False,6
314.780752182,beacon,AP01,broadcast,-69.0,False,6
314.883121014,beacon,AP01,broadcast,-69.0,False,6
314.985507011,beacon,AP01,broadcast,-69.0,False,6
315.083944082,ndpa,AP01,C01,-68.0,False,24
315.084040165,bfi,C01,AP01,-60.0,False,54
315.087892056,beacon,AP01,broadcast,-69.0,False,6
315.190303087,beacon,AP01,broadcast,-69.0,False,6
315.292698145,beacon,AP01,broadcast,-69.0,False,6
315.395144224,beacon,AP01,broadcast,-69.0,False,6
315.497555017,beacon,AP01,broadcast,-69.0,False,6
315.599966049,beacon,AP01,broadcast,-69.0,False,6
315.702359200,beacon,AP01,broadcast,-69.0,False,6
315.804728031,beacon,AP01,broadcast,-69.0,False,6
315.907156229,beacon,AP01,broadcast,-69.0,False,6
316.009558201,beacon,AP01,broadcast,-69.0,False,6
316.111947060,beacon,AP01,broadcast,-69.0,False,6
316.214306116,beacon,AP01,broadcast,-69.0,False,6
316.316749096,beacon,AP01,broadcast,-69.0,False,6
316.419170141,beacon,AP01,broadcast,-68.0,False,6
316.419296026,ndpa,AP01,C01,-68.0,False,24
316.419424057,bfi,C01,AP01,-60.0,False,54
316.521548033,beacon,AP01,broadcast,-69.0,False,6
316.623937130,beacon,AP01,broadcast,-68.0,False,6
316.726382017,beacon,AP01,broadcast,-68.0,False,6
316.828758001,beacon,AP01,broadcast,-69.0,False,6
316.931121111,beacon,AP01,broadcast,-68.0,False,6
317.033611059,beacon,AP01,broadcast,-68.0,False,6
317.136027098,beacon,AP01,broadcast,-68.0,False,6
317.238358021,beacon,AP01,broadcast,-69.0,False,6
317.340826035,beacon,AP01,broadcast,-69.0,False,6
317.443188190,beacon,AP01,broadcast,-69.0,False,6
317.545628071,beacon,AP01,broadcast,-69.0,False,6
317.648007154,beacon,AP01,broadcast,-69.0,False,6
317.750429153,beacon,AP01,broadcast,-69.0,False,6
317.751376152,ndpa,AP01,C01,-68.0,False,24
317.751431227,bfi,C01,AP01,-60.0,False,54
317.852812052,beacon,AP01,broadcast,-69.0,False,6
317.955138206,beacon,AP01,broadcast,-69.0,False,6
318.057640076,beacon,AP01,broadcast,-68.0,False,6
318.160031080,beacon,AP01,broadcast,-68.0,False,6
318.262416124,beacon,AP01,broadcast,-68.0,False,6
318.364864111,beacon,AP01,broadcast,-69.0,False,6
318.467234135,beacon,AP01,broadcast,-68.0,False,6
318.569567204,beacon,AP01,broadcast,-68.0,False,6
318.672048092,beacon,AP01,broadcast,-68.0,False,6
318.774445057,beacon,AP01,broadcast,-68.0,False,6
318.876844168,beacon,AP01,broadcast,-68.0,False,6
318.979245186,beacon,AP01,broadcast,-68.0,False,6
319.081655025,beacon,AP01,broadcast,-68.0,False,6
319.083957195,ndpa,AP01,C01,-68.0,False,24
319.084010124,bfi,C01,AP01,-60.0,False,54
319.184053183,beacon,AP01,broadcast,-69.0,False,6
319.286350012,beacon,AP01,broadcast,-69.0,False,6
319.388855219,beacon,AP01,broadcast,-69.0,False,6
319.491263151,beacon,AP01,broadcast,-69.0,False,6
319.593661070,beacon,AP01,broadcast,-69.0,False,6
319.696085215,beacon,AP01,broadcast,-69.0,False,6
319.798401117,beacon,AP01,broadcast,-69.0,False,6
319.900728226,beacon,AP01,broadcast,-69.0,False,6
320.003148079,beacon,AP01,broadcast,-69.0,False,6
320.105595112,beacon,AP01,broadcast,-69.0,False,6
320.208011150,beacon,AP01,broadcast,-68.0,False,6
320.310369015,beacon,AP01,broadcast,-68.0,False,6
320.412871122,beacon,AP01,broadcast,-68.0,False,6
320.419670105,ndpa,AP01,C01,-68.0,False,24
320.419712067,bfi,C01,AP01,-60.0,False,54
320.515261173,beacon,AP01,broadcast,-68.0,False,6
320.617674112,beacon,AP01,broadcast,-68.0,False,6
320.720080137,beacon,AP01,broadcast,-69.0,False,6
320.822500229,beacon,AP01,broadcast,-68.0,False,6
320.924854040,beacon,AP01,broadcast,-69.0,False,6
321.027209044,beacon,AP01,broadcast,-69.0,False,6
321.129685163,beacon,AP01,broadcast,-69.0,False,6
321.232089043,beacon,AP01,broadcast,-69.0,False,6
321.334479094,beacon,AP01,broadcast,-69.0,False,6
321.436865091,beacon,AP01,broadcast,-69.0,False,6
321.539256096,beacon,AP01,broadcast,-69.0,False,6
321.641682148,beacon,AP01,broadcast,-69.0,False,6
321.744082212,beacon,AP01,broadcast,-69.0,False,6
321.751604080,ndpa,AP01,C01,-68.0,False,24
321.751670122,bfi,C01,AP01,-60.0,False,54
321.846506119,beacon,AP01,broadcast,-69.0,False,6
321.948861122,beacon,AP01,broadcast,-69.0,False,6
322.051191092,beacon,AP01,broadcast,-69.0,False,6
322.153690100,beacon,AP01,broadcast,-68.0,False,6
322.255992174,beacon,AP01,broadcast,-69.0,False,6
322.358403206,beacon,AP01,broadcast,-69.0,False,6
322.460784197,beacon,AP01,broadcast,-68.0,False,6
322.563169003,beacon,AP01,broadcast,-68.0,False,6
322.665609121,beacon,AP01,broadcast,-68.0,False,6
322.768018007,beacon,AP01,broadcast,-69.0,False,6
322.870403051,beacon,AP01,broadcast,-69.0,False,6
322.972810030,beacon,AP01,broadcast,-69.0,False,6
323.075190067,beacon,AP01,broadcast,-69.0,False,6
323.083615065,ndpa,AP01,C01,-67.0,False,24
323.083719015,bfi,C01,AP01,-60.0,False,54
323.177612066,beacon,AP01,broadcast,-69.0,False,6
323.280005217,beacon,AP01,broadcast,-69.0,False,6
323.382404089,beacon,AP01,broadcast,-69.0,False,6
323.484826088,beacon,AP01,broadcast,-69.0,False,6
323.587209225,beacon,AP01,broadcast,-69.0,False,6
323.689582109,beacon,AP01,broadcast,-69.0,False,6
323.792034149,beacon,AP01,broadcast,-69.0,False,6
323.894456148,beacon,AP01,broadcast,-68.0,False,6
323.996792078,beacon,AP01,broadcast,-69.0,False,6
324.099219084,beacon,AP01,broadcast,-69.0,False,6
324.201598167,beacon,AP01,broadcast,-69.0,False,6
324.303990126,beacon,AP01,broadcast,-69.0,False,6
324.406413078,beacon,AP01,broadcast,-68.0,False,6
324.414430141,ndpa,AP01,C01,-67.0,False,24
324.414522171,bfi,C01,AP01,-60.0,False,54
324.508816004,beacon,AP01,broadcast,-68.0,False,6
324.611222029,beacon,AP01,broadcast,-68.0,False,6
324.713610172,beacon,AP01,broadcast,-69.0,False,6
324.816120148,beacon,AP01,broadcast,-69.0,False,6
324.918524027,beacon,AP01,broadcast,-68.0,False,6
325.020879030,beacon,AP01,broadcast,-69.0,False,6
325.123321056,beacon,AP01,broadcast,-69.0,False,6
325.225727081,beacon,AP01,broadcast,-69.0,False,6
325.328096151,beacon,AP01,broadcast,-69.0,False,6
325.430429220,beacon,AP01,broadcast,-69.0,False,6
325.532940149,beacon,AP01,broadcast,-69.0,False,6
325.635354042,beacon,AP01,broadcast,-69.0,False,6
325.737713099,beacon,AP01,broadcast,-69.0,False,6
325.742385149,ndpa,AP01,C01,-67.0,False,24
325.742419004,bfi,C01,AP01,-60.0,False,54
325.840124130,beacon,AP01,broadcast,-69.0,False,6
325.942525148,beacon,AP01,broadcast,-69.0,False,6
326.044885159,beacon,AP01,broadcast,-68.0,False,6
326.147227049,beacon,AP01,broadcast,-69.0,False,6
326.254465103,beacon,AP01,broadcast,-69.0,False,6
326.352093220,beacon,AP01,broadcast,-68.0,False,6
326.454516172,beacon,AP01,broadcast,-69.0,False,6
326.556953192,beacon,AP01,broadcast,-69.0,False,6
326.659325123,beacon,AP01,broadcast,-68.0,False,6
326.761736155,beacon,AP01,broadcast,-69.0,False,6
326.864127159,beacon,AP01,broadcast,-69.0,False,6
326.966512203,beacon,AP01,broadcast,-69.0,False,6
327.068939209,beacon,AP01,broadcast,-69.0,False,6
327.072828054,ndpa,AP01,C01,-67.0,False,24
327.072868109,bfi,C01,AP01,-60.0,False,54
327.171329021,beacon,AP01,broadcast,-69.0,False,6
327.273617029,beacon,AP01,broadcast,-69.0,False,6
327.376141071,beacon,AP01,broadcast,-70.0,False,6
327.478599072,beacon,AP01,broadcast,-69.0,False,6
327.580881119,beacon,AP01,broadcast,-69.0,False,6
327.683338165,beacon,AP01,broadcast,-69.0,False,6
327.785721064,beacon,AP01,broadcast,-69.0,False,6
327.888115168,beacon,AP01,broadcast,-69.0,False,6
327.990507126,beacon,AP01,broadcast,-69.0,False,6
328.092922211,beacon,AP01,broadcast,-69.0,False,6
328.195331097,beacon,AP01,broadcast,-69.0,False,6
328.297718048,beacon,AP01,broadcast,-69.0,False,6
328.400186062,beacon,AP01,broadcast,-69.0,False,6
328.409181118,ndpa,AP01,C01,-68.0,False,24
328.409210205,bfi,C01,AP01,-60.0,False,54
328.502523184,beacon,AP01,broadcast,-69.0,False,6
328.604956150,beacon,AP01,broadcast,-69.0,False,6
328.707261086,beacon,AP01,broadcast,-69.0,False,6
328.809733152,beacon,AP01,broadcast,-69.0,False,6
328.912036180,beacon,AP01,broadcast,-69.0,False,6
329.014548063,beacon,AP01,broadcast,-69.0,False,6
329.116866112,beacon,AP01,broadcast,-69.0,False,6
329.219233036,beacon,AP01,broadcast,-69.0,False,6
329.321768045,beacon,AP01,broadcast,-69.0,False,6
329.424019098,beacon,AP01,broadcast,-69.0,False,6
329.526568174,beacon,AP01,broadcast,-69.0,False,6
329.628938198,beacon,AP01,broadcast,-69.0,False,6
329.731353998,beacon,AP01,broadcast,-69.0,False,6
329.741099119,ndpa,AP01,C01,-68.0,False,24
329.741156101,bfi,C01,AP01,-60.0,False,54
329.833701134,beacon,AP01,broadcast,-69.0,False,6
329.936185122,beacon,AP01,broadcast,-69.0,False,6
330.038441181,beacon,AP01,broadcast,-70.0,False,6
330.140847206,beacon,AP01,broadcast,-69.0,False,6
330.243242025,beacon,AP01,broadcast,-69.0,False,6
330.345630169,beacon,AP01,broadcast,-69.0,False,6
330.448027134,beacon,AP01,broadcast,-69.0,False,6
330.550464153,beacon,AP01,broadcast,-69.0,False,6
330.652867079,beacon,AP01,broadcast,-69.0,False,6
330.755257130,beacon,AP01,broadcast,-69.0,False,6
330.857668161,beacon,AP01,broadcast,-69.0,False,6
330.960036039,beacon,AP01,broadcast,-69.0,False,6
331.062532187,beacon,AP01,broadcast,-70.0,False,6
331.073235035,ndpa,AP01,C01,-68.0,False,24
331.073347092,bfi,C01,AP01,-60.0,False,54
331.164905071,beacon,AP01,broadcast,-69.0,False,6
331.267331123,beacon,AP01,broadcast,-69.0,False,6
331.369701147,beacon,AP01,broadcast,-69.0,False,6
331.472083092,beacon,AP01,broadcast,-69.0,False,6
331.574490070,beacon,AP01,broadcast,-69.0,False,6
331.676896095,beacon,AP01,broadcast,-69.0,False,6
331.779332161,beacon,AP01,broadcast,-69.0,False,6
331.881716013,beacon,AP01,broadcast,-69.0,False,6
331.985009193,beacon,AP01,broadcast,-70.0,False,6
332.086518049,beacon,AP01,broadcast,-69.0,False,6
332.188868999,beacon,AP01,broadcast,-69.0,False,6
332.291284084,beacon,AP01,broadcast,-69.0,False,6
332.393736124,beacon,AP01,broadcast,-69.0,False,6
332.409147024,ndpa,AP01,C01,-68.0,False,24
332.409226179,bfi,C01,AP01,-60.0,False,54
332.496131182,beacon,AP01,broadcast,-69.0,False,6
332.598616123,beacon,AP01,broadcast,-69.0,False,6
332.700998068,beacon,AP01,broadcast,-69.0,False,6
332.803388119,beacon,AP01,broadcast,-69.0,False,6
332.905717134,beacon,AP01,broadcast,-69.0,False,6
333.008220196,beacon,AP01,broadcast,-69.0,False,6
333.110586166,beacon,AP01,broadcast,-69.0,False,6
333.212989092,beacon,AP01,broadcast,-69.0,False,6
333.315412998,beacon,AP01,broadcast,-69.0,False,6
333.417795181,beacon,AP01,broadcast,-69.0,False,6
333.520225048,beacon,AP01,broadcast,-69.0,False,6
333.622487068,beacon,AP01,broadcast,-69.0,False,6
333.725013018,beacon,AP01,broadcast,-69.0,False,6
333.740956068,ndpa,AP01,C01,-68.0,False,24
333.741010189,bfi,C01,AP01,-60.0,False,54
333.827396154,beacon,AP01,broadcast,-69.0,False,6
333.929800034,beacon,AP01,broadcast,-69.0,False,6
334.032193184,beacon,AP01,broadcast,-69.0,False,6
334.134597063,beacon,AP01,broadcast,-69.0,False,6
334.237002134,beacon,AP01,broadcast,-69.0,False,6
334.339411020,beacon,AP01,broadcast,-69.0,False,6
334.441816092,beacon,AP01,broadcast,-69.0,False,6
334.544487000,beacon,AP01,broadcast,-69.0,False,6
334.646593094,beacon,AP01,broadcast,-69.0,False,6
334.748940229,beacon,AP01,broadcast,-69.0,False,6
334.851415157,beacon,AP01,broadcast,-69.0,False,6
334.953808069,beacon,AP01,broadcast,-69.0,False,6
335.056205034,beacon,AP01,broadcast,-69.0,False,6
335.073947191,ndpa,AP01,C01,-68.0,False,24
335.073982000,bfi,C01,AP01,-60.0,False,54
335.158618212,beacon,AP01,broadcast,-69.0,False,6
335.261002064,beacon,AP01,broadcast,-69.0,False,6
335.363365173,beacon,AP01,broadcast,-69.0,False,6
335.465804100,beacon,AP01,broadcast,-69.0,False,6
335.568238020,beacon,AP01,broadcast,-69.0,False,6
335.670520067,beacon,AP01,broadcast,-69.0,False,6
335.772989035,beacon,AP01,broadcast,-69.0,False,6
335.875409126,beacon,AP01,broadcast,-69.0,False,6
335.977809191,beacon,AP01,broadcast,-69.0,False,6
336.080216169,beacon,AP01,broadcast,-69.0,False,6
336.182602167,beacon,AP01,broadcast,-69.0,False,6
336.285005093,beacon,AP01,broadcast,-69.0,False,6
336.387430191,beacon,AP01,broadcast,-69.0,False,6
336.409391165,ndpa,AP01,C01,-67.0,False,24
336.409428120,bfi,C01,AP01,-60.0,False,54
336.489811182,beacon,AP01,broadcast,-69.0,False,6
336.592200994,beacon,AP01,broadcast,-69.0,False,6
336.694603205,beacon,AP01,broadcast,-69.0,False,6
336.797022104,beacon,AP01,broadcast,-69.0,False,6
336.899345160,beacon,AP01,broadcast,-69.0,False,6
337.001833200,beacon,AP01,broadcast,-69.0,False,6
337.104144096,beacon,AP01,broadcast,-69.0,False,6
337.206640005,beacon,AP01,broadcast,-69.0,False,6
337.308940172,beacon,AP01,broadcast,-69.0,False,6
337.411478043,beacon,AP01,broadcast,-69.0,False,6
337.513723135,beacon,AP01,broadcast,-69.0,False,6
337.616217136,beacon,AP01,broadcast,-69.0,False,6
337.718531132,beacon,AP01,broadcast,-69.0,False,6
337.741353035,ndpa,AP01,C01,-68.0,False,24
337.741463184,bfi,C01,AP01,-60.0,False,54
337.820956230,beacon,AP01,broadcast,-69.0,False,6
337.923340082,beacon,AP01,broadcast,-69.0,False,6
338.025755167,beacon,AP01,broadcast,-69.0,False,6
338.128174067,beacon,AP01,broadcast,-69.0,False,6
338.230535030,beacon,AP01,broadcast,-69.0,False,6
338.332943201,beacon,AP01,broadcast,-69.0,False,6
338.435324192,beacon,AP01,broadcast,-69.0,False,6
338.537742138,beacon,AP01,broadcast,-69.0,False,6
338.640152216,beacon,AP01,broadcast,-69.0,False,6
338.742540121,beacon,AP01,broadcast,-69.0,False,6
338.844956160,beacon,AP01,broadcast,-69.0,False,6
338.947374105,beacon,AP01,broadcast,-69.0,False,6
339.049775124,beacon,AP01,broadcast,-69.0,False,6
339.073000193,ndpa,AP01,C01,-67.0,False,24
339.073080063,bfi,C01,AP01,-60.0,False,54
339.152171135,beacon,AP01,broadcast,-69.0,False,6
339.254559040,beacon,AP01,broadcast,-70.0,False,6
339.356957197,beacon,AP01,broadcast,-69.0,False,6
339.459434032,beacon,AP01,broadcast,-69.0,False,6
339.561754227,beacon,AP01,broadcast,-69.0,False,6
339.664142132,beacon,AP01,broadcast,-69.0,False,6
339.766569138,beacon,AP01,broadcast,-69.0,False,6
339.868952036,beacon,AP01,broadcast,-69.0,False,6
339.971360207,beacon,AP01,broadcast,-69.0,False,6
340.073791027,beacon,AP01,broadcast,-69.0,False,6
340.176148176,beacon,AP01,broadcast,-69.0,False,6
340.278551102,beacon,AP01,broadcast,-69.0,False,6
340.381075144,beacon,AP01,broadcast,-69.0,False,6
340.409541130,ndpa,AP01,C01,-67.0,False,24
340.409570217,bfi,C01,AP01,-60.0,False,54
340.483458042,beacon,AP01,broadcast,-69.0,False,6
340.585771084,beacon,AP01,broadcast,-69.0,False,6
340.688276052,beacon,AP01,broadcast,-69.0,False,6
340.790589094,beacon,AP01,broadcast,-69.0,False,6
340.893060207,beacon,AP01,broadcast,-69.0,False,6
340.995467186,beacon,AP01,broadcast,-68.0,False,6
341.097863197,beacon,AP01,broadcast,-69.0,False,6
341.200132132,beacon,AP01,broadcast,-69.0,False,6
341.302585125,beacon,AP01,broadcast,-69.0,False,6
341.405073166,beacon,AP01,broadcast,-69.0,False,6
341.507414103,beacon,AP01,broadcast,-69.0,False,6
341.609870195,beacon,AP01,broadcast,-69.0,False,6
341.712285995,beacon,AP01,broadcast,-69.0,False,6
341.741475105,ndpa,AP01,C01,-68.0,False,24
341.741533995,bfi,C01,AP01,-60.0,False,54
341.814679146,beacon,AP01,broadcast,-70.0,False,6
341.917051077,beacon,AP01,broadcast,-69.0,False,6
342.019436121,beacon,AP01,broadcast,-69.0,False,6
342.121876001,beacon,AP01,broadcast,-70.0,False,6
342.224198103,beacon,AP01,broadcast,-69.0,False,6
342.326661110,beacon,AP01,broadcast,-69.0,False,6
342.428983212,beacon,AP01,broadcast,-69.0,False,6
342.531494141,beacon,AP01,broadcast,-69.0,False,6
342.633871078,beacon,AP01,broadcast,-69.0,False,6
342.736287117,beacon,AP01,broadcast,-69.0,False,6
342.838697195,beacon,AP01,broadcast,-69.0,False,6
342.941088200,beacon,AP01,broadcast,-69.0,False,6
343.043435097,beacon,AP01,broadcast,-69.0,False,6
343.072837114,ndpa,AP01,C01,-68.0,False,24
343.072957039,bfi,C01,AP01,-60.0,False,54
343.145896196,beacon,AP01,broadcast,-69.0,False,6
343.248268127,beacon,AP01,broadcast,-69.0,False,6
343.350722075,beacon,AP01,broadcast,-69.0,False,6
343.453093052,beacon,AP01,broadcast,-69.0,False,6
343.555503130,beacon,AP01,broadcast,-69.0,False,6
343.657896042,beacon,AP01,broadcast,-69.0,False,6
343.760284185,beacon,AP01,broadcast,-69.0,False,6
343.862678051,beacon,AP01,broadcast,-69.0,False,6
343.965098143,beacon,AP01,broadcast,-69.0,False,6
344.067504168,beacon,AP01,broadcast,-69.0,False,6
344.169910192,beacon,AP01,broadcast,-69.0,False,6
344.272260189,beacon,AP01,broadcast,-69.0,False,6
344.374586105,beacon,AP01,broadcast,-69.0,False,6
344.409746170,ndpa,AP01,C01,-68.0,False,24
344.409796000,bfi,C01,AP01,-60.0,False,54
344.477148056,beacon,AP01,broadcast,-69.0,False,6
344.579387188,beacon,AP01,broadcast,-69.0,False,6
344.681902170,beacon,AP01,broadcast,-69.0,False,6
344.784203053,beacon,AP01,broadcast,-69.0,False,6
344.886727095,beacon,AP01,broadcast,-69.0,False,6
344.989018202,beacon,AP01,broadcast,-69.0,False,6
345.091521025,beacon,AP01,broadcast,-69.0,False,6
345.193922997,beacon,AP01,broadcast,-69.0,False,6
345.296318054,beacon,AP01,broadcast,-69.0,False,6
345.398704052,beacon,AP01,broadcast,-69.0,False,6
345.501031160,beacon,AP01,broadcast,-69.0,False,6
345.603423119,beacon,AP01,broadcast,-69.0,False,6
345.705859184,beacon,AP01,broadcast,-69.0,False,6
345.741586208,ndpa,AP01,C01,-68.0,False,24
345.741619110,bfi,C01,AP01,-60.0,False,54
345.808253050,beacon,AP01,broadcast,-69.0,False,6
345.910642147,beacon,AP01,broadcast,-69.0,False,6
346.013076067,beacon,AP01,broadcast,-69.0,False,6
346.115446091,beacon,AP01,broadcast,-69.0,False,6
346.217857122,beacon,AP01,broadcast,-69.0,False,6
346.320249081,beacon,AP01,broadcast,-69.0,False,6
346.422676086,beacon,AP01,broadcast,-69.0,False,6
346.525037050,beacon,AP01,broadcast,-69.0,False,6
346.627475023,beacon,AP01,broadcast,-69.0,False,6
346.729817152,beacon,AP01,broadcast,-69.0,False,6
346.832286119,beacon,AP01,broadcast,-69.0,False,6
346.934625149,beacon,AP01,broadcast,-69.0,False,6
347.037033081,beacon,AP01,broadcast,-69.0,False,6
347.072774172,ndpa,AP01,C01,-68.0,False,24
347.072900057,bfi,C01,AP01,-60.0,False,54
347.139453173,beacon,AP01,broadcast,-69.0,False,6
347.241851091,beacon,AP01,broadcast,-69.0,False,6
347.344213009,beacon,AP01,broadcast,-69.0,False,6
347.446621180,beacon,AP01,broadcast,-69.0,False,6
347.549048185,beacon,AP01,broadcast,-69.0,False,6
347.651436090,beacon,AP01,broadcast,-69.0,False,6
347.753880024,beacon,AP01,broadcast,-69.0,False,6
347.856273174,beacon,AP01,broadcast,-69.0,False,6
347.958699226,beacon,AP01,broadcast,-69.0,False,6
348.061119080,beacon,AP01,broadcast,-69.0,False,6
348.163536072,beacon,AP01,broadcast,-69.0,False,6
348.265968084,beacon,AP01,broadcast,-69.0,False,6
348.368323088,beacon,AP01,broadcast,-69.0,False,6
348.409762144,ndpa,AP01,C01,-67.0,False,24
348.409781218,bfi,C01,AP01,-60.0,False,54
348.470743179,beacon,AP01,broadcast,-69.0,False,6
348.573142052,beacon,AP01,broadcast,-69.0,False,6
348.675564051,beacon,AP01,broadcast,-69.0,False,6
348.777941227,beacon,AP01,broadcast,-69.0,False,6
348.880337000,beacon,AP01,broadcast,-69.0,False,6
348.982648134,beacon,AP01,broadcast,-69.0,False,6
349.085123062,beacon,AP01,broadcast,-69.0,False,6
349.187560081,beacon,AP01,broadcast,-69.0,False,6
349.289952040,beacon,AP01,broadcast,-69.0,False,6
349.392352104,beacon,AP01,broadcast,-69.0,False,6
349.494747162,beacon,AP01,broadcast,-69.0,False,6
349.597108126,beacon,AP01,broadcast,-69.0,False,6
349.699466228,beacon,AP01,broadcast,-69.0,False,6
349.741710186,ndpa,AP01,C01,-67.0,False,24
349.741723061,bfi,C01,AP01,-60.0,False,54
349.801948071,beacon,AP01,broadcast,-69.0,False,6
349.904448032,beacon,AP01,broadcast,-69.0,False,6
350.006789207,beacon,AP01,broadcast,-69.0,False,6
350.109119177,beacon,AP01,broadcast,-69.0,False,6
350.211551189,beacon,AP01,broadcast,-69.0,False,6
350.313963175,beacon,AP01,broadcast,-69.0,False,6
350.416397095,beacon,AP01,broadcast,-69.0,False,6
350.518880129,beacon,AP01,broadcast,-69.0,False,6
350.621183157,beacon,AP01,broadcast,-69.0,False,6
350.723453045,beacon,AP01,broadcast,-69.0,False,6
350.825967073,beacon,AP01,broadcast,-69.0,False,6
350.928332090,beacon,AP01,broadcast,-69.0,False,6
351.030803204,beacon,AP01,broadcast,-69.0,False,6
351.073871136,ndpa,AP01,C01,-67.0,False,24
351.073958158,bfi,C01,AP01,-60.0,False,54
351.133164167,beacon,AP01,broadcast,-69.0,False,6
351.235583067,beacon,AP01,broadcast,-69.0,False,6
351.337997198,beacon,AP01,broadcast,-69.0,False,6
351.440393209,beacon,AP01,broadcast,-69.0,False,6
351.542791128,beacon,AP01,broadcast,-69.0,False,6
351.645170212,beacon,AP01,broadcast,-69.0,False,6
351.747580051,beacon,AP01,broadcast,-69.0,False,6
351.849966049,beacon,AP01,broadcast,-69.0,False,6
351.952376127,beacon,AP01,broadcast,-69.0,False,6
352.054761171,beacon,AP01,broadcast,-69.0,False,6
352.157193184,beacon,AP01,broadcast,-69.0,False,6
352.259544134,beacon,AP01,broadcast,-69.0,False,6
352.361970186,beacon,AP01,broadcast,-69.0,False,6
352.409195185,ndpa,AP01,C01,-67.0,False,24
352.409253120,bfi,C01,AP01,-60.0,False,54
352.464306116,beacon,AP01,broadcast,-69.0,False,6
352.566819191,beacon,AP01,broadcast,-69.0,False,6
352.669185162,beacon,AP01,broadcast,-69.0,False,6
352.771583080,beacon,AP01,broadcast,-69.0,False,6
352.873999119,beacon,AP01,broadcast,-69.0,False,6
352.976414204,beacon,AP01,broadcast,-69.0,False,6
353.078788996,beacon,AP01,broadcast,-69.0,False,6
353.181208134,beacon,AP01,broadcast,-69.0,False,6
353.283531189,beacon,AP01,broadcast,-69.0,False,6
353.385934114,beacon,AP01,broadcast,-69.0,False,6
353.488263130,beacon,AP01,broadcast,-69.0,False,6
353.590754032,beacon,AP01,broadcast,-69.0,False,6
353.693106174,beacon,AP01,broadcast,-69.0,False,6
353.741612196,ndpa,AP01,C01,-68.0,False,24
353.741702080,bfi,C01,AP01,-60.0,False,54
353.795517206,beacon,AP01,broadcast,-69.0,False,6
353.897936106,beacon,AP01,broadcast,-69.0,False,6
354.000331163,beacon,AP01,broadcast,-69.0,False,6
354.102719069,beacon,AP01,broadcast,-69.0,False,6
354.205154181,beacon,AP01,broadcast,-69.0,False,6
354.307534218,beacon,AP01,broadcast,-68.0,False,6
354.409931183,beacon,AP01,broadcast,-69.0,False,6
354.512332201,beacon,AP01,broadcast,-68.0,False,6
354.614729166,beacon,AP01,broadcast,-69.0,False,6
354.717111111,beacon,AP01,broadcast,-69.0,False,6
354.819519043,beacon,AP01,broadcast,-69.0,False,6
354.921940088,beacon,AP01,broadcast,-69.0,False,6
355.024342060,beacon,AP01,broadcast,-69.0,False,6
355.073240042,ndpa,AP01,C01,-67.0,False,24
355.073318005,bfi,C01,AP01,-60.0,False,54
355.126732111,beacon,AP01,broadcast,-69.0,False,6
355.229116201,beacon,AP01,broadcast,-69.0,False,6
355.331496000,beacon,AP01,broadcast,-69.0,False,6
355.433908224,beacon,AP01,broadcast,-69.0,False,6
355.536335230,beacon,AP01,broadcast,-69.0,False,6
355.638728142,beacon,AP01,broadcast,-69.0,False,6
355.741106033,beacon,AP01,broadcast,-69.0,False,6
355.843621016,beacon,AP01,broadcast,-69.0,False,6
355.946043015,beacon,AP01,broadcast,-69.0,False,6
356.048393011,beacon,AP01,broadcast,-69.0,False,6
356.150815010,beacon,AP01,broadcast,-69.0,False,6
356.253213167,beacon,AP01,broadcast,-69.0,False,6
356.355619192,beacon,AP01,broadcast,-69.0,False,6
356.409433126,ndpa,AP01,C01,-67.0,False,24
356.409469128,bfi,C01,AP01,-60.0,False,54
356.458024025,beacon,AP01,broadcast,-69.0,False,6
356.560344219,beacon,AP01,broadcast,-68.0,False,6
356.662826061,beacon,AP01,broadcast,-69.0,False,6
356.765199184,beacon,AP01,broadcast,-68.0,False,6
356.867528200,beacon,AP01,broadcast,-69.0,False,6
356.970061064,beacon,AP01,broadcast,-69.0,False,6
357.072410107,beacon,AP01,broadcast,-69.0,False,6
357.174770117,beacon,AP01,broadcast,-69.0,False,6
357.277245045,beacon,AP01,broadcast,-69.0,False,6
357.379539013,beacon,AP01,broadcast,-69.0,False,6
357.482053041,beacon,AP01,broadcast,-69.0,False,6
357.584453106,beacon,AP01,broadcast,-69.0,False,6
357.686846018,beacon,AP01,broadcast,-69.0,False,6
357.741219044,ndpa,AP01,C01,-67.0,False,24
357.741340160,bfi,C01,AP01,-60.0,False,54
357.789256096,beacon,AP01,broadcast,-69.0,False,6
357.891574144,beacon,AP01,broadcast,-69.0,False,6
357.994041204,beacon,AP01,broadcast,-69.0,False,6
358.096433163,beacon,AP01,broadcast,-69.0,False,6
358.198852062,beacon,AP01,broadcast,-69.0,False,6
358.302584171,beacon,AP01,broadcast,-69.0,False,6
358.403621197,beacon,AP01,broadcast,-69.0,False,6
358.506055117,beacon,AP01,broadcast,-69.0,False,6
358.608393192,beacon,AP01,broadcast,-68.0,False,6
358.710846186,beacon,AP01,broadcast,-69.0,False,6
358.813220024,beacon,AP01,broadcast,-69.0,False,6
358.915677071,beacon,AP01,broadcast,-69.0,False,6
359.018018007,beacon,AP01,broadcast,-69.0,False,6
359.072873116,ndpa,AP01,C01,-67.0,False,24
359.072937012,bfi,C01,AP01,-60.0,False,54
359.120362043,beacon,AP01,broadcast,-69.0,False,6
359.222876072,beacon,AP01,broadcast,-69.0,False,6
359.325238228,beacon,AP01,broadcast,-69.0,False,6
359.427666187,beacon,AP01,broadcast,-69.0,False,6
359.530042171,beacon,AP01,broadcast,-69.0,False,6
359.632375002,beacon,AP01,broadcast,-69.0,False,6
359.734832048,beacon,AP01,broadcast,-69.0,False,6
359.837249994,beacon,AP01,broadcast,-69.0,False,6
359.939568996,beacon,AP01,broadcast,-69.0,False,6
360.042055130,beacon,AP01,broadcast,-69.0,False,6
360.144457102,beacon,AP01,broadcast,-69.0,False,6
360.246884108,beacon,AP01,broadcast,-69.0,False,6
360.349250078,beacon,AP01,broadcast,-69.0,False,6
360.401150227,ndpa,AP01,C01,-67.0,False,24
360.401156187,bfi,C01,AP01,-60.0,False,54
360.451668024,beacon,AP01,broadcast,-69.0,False,6
360.554071188,beacon,AP01,broadcast,-69.0,False,6
360.656435013,beacon,AP01,broadcast,-69.0,False,6
360.758892059,beacon,AP01,broadcast,-69.0,False,6
360.861261129,beacon,AP01,broadcast,-69.0,False,6
360.963668108,beacon,AP01,broadcast,-68.0,False,6
361.065992117,beacon,AP01,broadcast,-69.0,False,6
361.168390036,beacon,AP01,broadcast,-69.0,False,6
361.270804167,beacon,AP01,broadcast,-68.0,False,6
361.373153210,beacon,AP01,broadcast,-69.0,False,6
361.476242065,beacon,AP01,broadcast,-69.0,False,6
361.578032017,beacon,AP01,broadcast,-69.0,False,6
361.680394173,beacon,AP01,broadcast,-69.0,False,6
361.730718136,ndpa,AP01,C01,-68.0,False,24
361.730812073,bfi,C01,AP01,-60.0,False,54
361.782817125,beacon,AP01,broadcast,-69.0,False,6
361.885193110,beacon,AP01,broadcast,-69.0,False,6
361.987609148,beacon,AP01,broadcast,-69.0,False,6
362.089968204,beacon,AP01,broadcast,-69.0,False,6
362.192391157,beacon,AP01,broadcast,-69.0,False,6
362.294792175,beacon,AP01,broadcast,-69.0,False,6
362.397224188,beacon,AP01,broadcast,-68.0,False,6
362.499613047,beacon,AP01,broadcast,-68.0,False,6
362.602009058,beacon,AP01,broadcast,-69.0,False,6
362.704388142,beacon,AP01,broadcast,-69.0,False,6
362.806836128,beacon,AP01,broadcast,-69.0,False,6
362.909233093,beacon,AP01,broadcast,-69.0,False,6
363.011564016,beacon,AP01,broadcast,-69.0,False,6
363.063261032,ndpa,AP01,C01,-68.0,False,24
363.063346148,bfi,C01,AP01,-60.0,False,54
363.113998175,beacon,AP01,broadcast,-69.0,False,6
363.216395140,beacon,AP01,broadcast,-69.0,False,6
363.318795204,beacon,AP01,broadcast,-69.0,False,6
363.421198130,beacon,AP01,broadcast,-69.0,False,6
363.523626089,beacon,AP01,broadcast,-69.0,False,6
363.626067162,beacon,AP01,broadcast,-69.0,False,6
363.728484154,beacon,AP01,broadcast,-69.0,False,6
363.830896139,beacon,AP01,broadcast,-69.0,False,6
363.933300018,beacon,AP01,broadcast,-69.0,False,6
364.035692215,beacon,AP01,broadcast,-69.0,False,6
364.138070107,beacon,AP01,broadcast,-69.0,False,6
364.240528107,beacon,AP01,broadcast,-69.0,False,6
364.342897177,beacon,AP01,broadcast,-69.0,False,6
364.399240017,ndpa,AP01,C01,-68.0,False,24
364.399341106,bfi,C01,AP01,-60.0,False,54
364.445232153,beacon,AP01,broadcast,-69.0,False,6
364.547699213,beacon,AP01,broadcast,-68.0,False,6
364.650016069,beacon,AP01,broadcast,-69.0,False,6
364.752540112,beacon,AP01,broadcast,-69.0,False,6
364.854901075,beacon,AP01,broadcast,-69.0,False,6
364.957309008,beacon,AP01,broadcast,-69.0,False,6
365.059698105,beacon,AP01,broadcast,-69.0,False,6
365.162102222,beacon,AP01,broadcast,-69.0,False,6
365.264535189,beacon,AP01,broadcast,-69.0,False,6
365.366922140,beacon,AP01,broadcast,-69.0,False,6
365.469330072,beacon,AP01,broadcast,-69.0,False,6
365.571726084,beacon,AP01,broadcast,-69.0,False,6
365.673998117,beacon,AP01,broadcast,-69.0,False,6
365.731275082,ndpa,AP01,C01,-67.0,False,24
365.731346130,bfi,C01,AP01,-60.0,False,54
365.776518106,beacon,AP01,broadcast,-69.0,False,6
365.878818035,beacon,AP01,broadcast,-69.0,False,6
365.981323004,beacon,AP01,broadcast,-69.0,False,6
366.083645105,beacon,AP01,broadcast,-69.0,False,6
366.186060190,beacon,AP01,broadcast,-69.0,False,6
366.288523197,beacon,AP01,broadcast,-69.0,False,6
366.390927076,beacon,AP01,broadcast,-69.0,False,6
366.493309021,beacon,AP01,broadcast,-69.0,False,6
366.595704079,beacon,AP01,broadcast,-69.0,False,6
366.698084116,beacon,AP01,broadcast,-69.0,False,6
366.800495148,beacon,AP01,broadcast,-69.0,False,6
366.902901173,beacon,AP01,broadcast,-69.0,False,6
367.005244017,beacon,AP01,broadcast,-69.0,False,6
367.063920021,ndpa,AP01,C01,-67.0,False,24
367.063944101,bfi,C01,AP01,-60.0,False,54
367.107755184,beacon,AP01,broadcast,-69.0,False,6
367.210051060,beacon,AP01,broadcast,-69.0,False,6
367.312529087,beacon,AP01,broadcast,-69.0,False,6
367.414967060,beacon,AP01,broadcast,-69.0,False,6
367.517323017,beacon,AP01,broadcast,-69.0,False,6
367.619718075,beacon,AP01,broadcast,-69.0,False,6
367.722157001,beacon,AP01,broadcast,-69.0,False,6
367.824506044,beacon,AP01,broadcast,-69.0,False,6
367.926931143,beacon,AP01,broadcast,-69.0,False,6
368.029344082,beacon,AP01,broadcast,-69.0,False,6
368.131724119,beacon,AP01,broadcast,-69.0,False,6
368.234144211,beacon,AP01,broadcast,-69.0,False,6
368.336637020,beacon,AP01,broadcast,-69.0,False,6
368.399107218,ndpa,AP01,C01,-67.0,False,24
368.399111032,bfi,C01,AP01,-60.0,False,54
368.438942194,beacon,AP01,broadcast,-69.0,False,6
368.541317225,beacon,AP01,broadcast,-69.0,False,6
368.646488190,beacon,AP01,broadcast,-69.0,False,6
368.746038198,beacon,AP01,broadcast,-68.0,False,6
368.848434210,beacon,AP01,broadcast,-69.0,False,6
368.950875998,beacon,AP01,broadcast,-69.0,False,6
369.053247213,beacon,AP01,broadcast,-69.0,False,6
369.155645132,beacon,AP01,broadcast,-69.0,False,6
369.258036137,beacon,AP01,broadcast,-69.0,False,6
369.360444069,beacon,AP01,broadcast,-69.0,False,6
369.462872028,beacon,AP01,broadcast,-69.0,False,6
369.565220118,beacon,AP01,broadcast,-69.0,False,6
369.667680025,beacon,AP01,broadcast,-69.0,False,6
369.731256008,ndpa,AP01,C01,-68.0,False,24
369.731363058,bfi,C01,AP01,-60.0,False,54
369.770059109,beacon,AP01,broadcast,-69.0,False,6
369.872465134,beacon,AP01,broadcast,-69.0,False,6
369.974876165,beacon,AP01,broadcast,-69.0,False,6
370.077278137,beacon,AP01,broadcast,-69.0,False,6
370.179666042,beacon,AP01,broadcast,-69.0,False,6
370.282083035,beacon,AP01,broadcast,-69.0,False,6
370.384469032,beacon,AP01,broadcast,-69.0,False,6
370.486862183,beacon,AP01,broadcast,-69.0,False,6
370.589269161,beacon,AP01,broadcast,-69.0,False,6
370.691673040,beacon,AP01,broadcast,-69.0,False,6
370.794067144,beacon,AP01,broadcast,-69.0,False,6
370.896472216,beacon,AP01,broadcast,-69.0,False,6
370.998903036,beacon,AP01,broadcast,-69.0,False,6
371.063568115,ndpa,AP01,C01,-67.0,False,24
371.063628197,bfi,C01,AP01,-60.0,False,54
371.101279020,beacon,AP01,broadcast,-69.0,False,6
371.203708172,beacon,AP01,broadcast,-69.0,False,6
371.306084156,beacon,AP01,broadcast,-69.0,False,6
371.408629179,beacon,AP01,broadcast,-69.0,False,6
371.510963202,beacon,AP01,broadcast,-69.0,False,6
371.613375187,beacon,AP01,broadcast,-69.0,False,6
371.715732098,beacon,AP01,broadcast,-69.0,False,6
371.818180084,beacon,AP01,broadcast,-69.0,False,6
371.920511007,beacon,AP01,broadcast,-69.0,False,6
372.022970200,beacon,AP01,broadcast,-69.0,False,6
372.125342131,beacon,AP01,broadcast,-69.0,False,6
372.227683067,beacon,AP01,broadcast,-69.0,False,6
372.330181122,beacon,AP01,broadcast,-69.0,False,6
372.399376154,ndpa,AP01,C01,-68.0,False,24
372.399404049,bfi,C01,AP01,-60.0,False,54
372.432572126,beacon,AP01,broadcast,-69.0,False,6
372.535000086,beacon,AP01,broadcast,-68.0,False,6
372.637274027,beacon,AP01,broadcast,-69.0,False,6
372.739758015,beacon,AP01,broadcast,-69.0,False,6
372.842194080,beacon,AP01,broadcast,-69.0,False,6
372.944594145,beacon,AP01,broadcast,-69.0,False,6
373.047007084,beacon,AP01,broadcast,-69.0,False,6
373.149410009,beacon,AP01,broadcast,-69.0,False,6
373.251812220,beacon,AP01,broadcast,-69.0,False,6
373.253993034,ndpa,AP01,C01,-68.0,False,24
373.254056215,bfi,C01,AP01,-60.0,False,54
373.354223013,beacon,AP01,broadcast,-69.0,False,6
373.456618071,beacon,AP01,broadcast,-69.0,False,6
373.558980227,beacon,AP01,broadcast,-69.0,False,6
373.661384106,beacon,AP01,broadcast,-69.0,False,6
373.763783216,beacon,AP01,broadcast,-69.0,False,6
373.866236210,beacon,AP01,broadcast,-69.0,False,6
373.968572140,beacon,AP01,broadcast,-69.0,False,6
374.070999146,beacon,AP01,broadcast,-69.0,False,6
374.173334122,beacon,AP01,broadcast,-69.0,False,6
374.275725126,beacon,AP01,broadcast,-69.0,False,6
374.378246069,beacon,AP01,broadcast,-69.0,False,6
374.480549097,beacon,AP01,broadcast,-69.0,False,6
374.583006144,beacon,AP01,broadcast,-69.0,False,6
374.585909128,ndpa,AP01,C01,-67.0,False,24
374.585965157,bfi,C01,AP01,-60.0,False,54
374.685359001,beacon,AP01,broadcast,-69.0,False,6
374.787804127,beacon,AP01,broadcast,-69.0,False,6
374.890226126,beacon,AP01,broadcast,-69.0,False,6
374.992614031,beacon,AP01,broadcast,-69.0,False,6
375.094980001,beacon,AP01,broadcast,-69.0,False,6
375.197365999,beacon,AP01,broadcast,-69.0,False,6
375.299736023,beacon,AP01,broadcast,-69.0,False,6
375.402216196,beacon,AP01,broadcast,-69.0,False,6
375.504593134,beacon,AP01,broadcast,-69.0,False,6
375.607007027,beacon,AP01,broadcast,-69.0,False,6
375.709398031,beacon,AP01,broadcast,-69.0,False,6
375.811827183,beacon,AP01,broadcast,-69.0,False,6
375.914236069,beacon,AP01,broadcast,-69.0,False,6
375.917619228,ndpa,AP01,C01,-68.0,False,24
375.917693138,bfi,C01,AP01,-60.0,False,54
376.016571045,beacon,AP01,broadcast,-69.0,False,6
376.119015217,beacon,AP01,broadcast,-69.0,False,6
376.221355200,beacon,AP01,broadcast,-69.0,False,6
376.323805094,beacon,AP01,broadcast,-69.0,False,6
376.426208019,beacon,AP01,broadcast,-69.0,False,6
376.528551102,beacon,AP01,broadcast,-69.0,False,6
376.630954027,beacon,AP01,broadcast,-69.0,False,6
376.733338118,beacon,AP01,broadcast,-69.0,False,6
376.835723162,beacon,AP01,broadcast,-69.0,False,6
376.938172102,beacon,AP01,broadcast,-69.0,False,6
377.040581226,beacon,AP01,broadcast,-69.0,False,6
377.142966032,beacon,AP01,broadcast,-68.0,False,6
377.245348215,beacon,AP01,broadcast,-69.0,False,6
377.253931046,ndpa,AP01,C01,-68.0,False,24
377.254034042,bfi,C01,AP01,-60.0,False,54
377.347758055,beacon,AP01,broadcast,-69.0,False,6
377.450142145,beacon,AP01,broadcast,-69.0,False,6
377.552564144,beacon,AP01,broadcast,-69.0,False,6
377.655069113,beacon,AP01,broadcast,-69.0,False,6
377.757384062,beacon,AP01,broadcast,-69.0,False,6
377.859742165,beacon,AP01,broadcast,-69.0,False,6
377.962166071,beacon,AP01,broadcast,-69.0,False,6
378.064560175,beacon,AP01,broadcast,-69.0,False,6
378.166951180,beacon,AP01,broadcast,-68.0,False,6
378.269344091,beacon,AP01,broadcast,-69.0,False,6
378.371762037,beacon,AP01,broadcast,-69.0,False,6
378.474173069,beacon,AP01,broadcast,-69.0,False,6
378.576559067,beacon,AP01,broadcast,-69.0,False,6
378.586581230,ndpa,AP01,C01,-67.0,False,24
378.586688995,bfi,C01,AP01,-60.0,False,54
378.678943157,beacon,AP01,broadcast,-69.0,False,6
378.781352043,beacon,AP01,broadcast,-69.0,False,6
378.883760214,beacon,AP01,broadcast,-69.0,False,6
378.986146212,beacon,AP01,broadcast,-69.0,False,6
379.088689089,beacon,AP01,broadcast,-69.0,False,6
379.191001177,beacon,AP01,broadcast,-69.0,False,6
379.293444157,beacon,AP01,broadcast,-69.0,False,6
379.395769119,beacon,AP01,broadcast,-69.0,False,6
379.498288155,beacon,AP01,broadcast,-69.0,False,6
379.600645065,beacon,AP01,broadcast,-69.0,False,6
379.703054190,beacon,AP01,broadcast,-69.0,False,6
379.805406094,beacon,AP01,broadcast,-69.0,False,6
379.907865047,beacon,AP01,broadcast,-69.0,False,6
379.918248177,ndpa,AP01,C01,-68.0,False,24
379.918317080,bfi,C01,AP01,-60.0,False,54
380.010282040,beacon,AP01,broadcast,-69.0,False,6
380.112688065,beacon,AP01,broadcast,-69.0,False,6
380.215073109,beacon,AP01,broadcast,-69.0,False,6
380.317485094,beacon,AP01,broadcast,-69.0,False,6
380.419876099,beacon,AP01,broadcast,-69.0,False,6
380.522272110,beacon,AP01,broadcast,-69.0,False,6
380.624667168,beacon,AP01,broadcast,-69.0,False,6
380.727102995,beacon,AP01,broadcast,-69.0,False,6
380.829456091,beacon,AP01,broadcast,-69.0,False,6
380.931761026,beacon,AP01,broadcast,-69.0,False,6
381.034190178,beacon,AP01,broadcast,-69.0,False,6
381.136660099,beacon,AP01,broadcast,-68.0,False,6
381.239069223,beacon,AP01,broadcast,-69.0,False,6
381.254093170,ndpa,AP01,C01,-68.0,False,24
381.254109144,bfi,C01,AP01,-60.0,False,54
381.341432095,beacon,AP01,broadcast,-69.0,False,6
381.443811178,beacon,AP01,broadcast,-69.0,False,6
381.546234131,beacon,AP01,broadcast,-69.0,False,6
381.648681164,beacon,AP01,broadcast,-69.0,False,6
381.750996113,beacon,AP01,broadcast,-69.0,False,6
381.853442192,beacon,AP01,broadcast,-69.0,False,6
381.955812216,beacon,AP01,broadcast,-69.0,False,6
382.058262110,beacon,AP01,broadcast,-69.0,False,6
382.160649061,beacon,AP01,broadcast,-69.0,False,6
382.263104200,beacon,AP01,broadcast,-69.0,False,6
382.365473032,beacon,AP01,broadcast,-69.0,False,6
382.467812061,beacon,AP01,broadcast,-69.0,False,6
382.570309162,beacon,AP01,broadcast,-69.0,False,6
382.586306095,ndpa,AP01,C01,-67.0,False,24
382.586364031,bfi,C01,AP01,-60.0,False,54
382.672707081,beacon,AP01,broadcast,-69.0,False,6
382.775101185,beacon,AP01,broadcast,-69.0,False,6
382.877499104,beacon,AP01,broadcast,-69.0,False,6
382.979879141,beacon,AP01,broadcast,-69.0,False,6
383.082278013,beacon,AP01,broadcast,-69.0,False,6
383.184711218,beacon,AP01,broadcast,-69.0,False,6
383.287102222,beacon,AP01,broadcast,-68.0,False,6
383.389487028,beacon,AP01,broadcast,-69.0,False,6
383.491887093,beacon,AP01,broadcast,-69.0,False,6
383.594303131,beacon,AP01,broadcast,-69.0,False,6
383.696856022,beacon,AP01,broadcast,-69.0,False,6
383.799101114,beacon,AP01,broadcast,-69.0,False,6
383.901505232,beacon,AP01,broadcast,-69.0,False,6
383.917725086,ndpa,AP01,C01,-68.0,False,24
383.917789221,bfi,C01,AP01,-60.0,False,54
384.003895998,beacon,AP01,broadcast,-69.0,False,6
384.106279135,beacon,AP01,broadcast,-69.0,False,6
384.208693027,beacon,AP01,broadcast,-69.0,False,6
384.311011076,beacon,AP01,broadcast,-69.0,False,6
384.413379192,beacon,AP01,broadcast,-69.0,False,6
384.515773058,beacon,AP01,broadcast,-69.0,False,6
384.618211031,beacon,AP01,broadcast,-69.0,False,6
384.720661163,beacon,AP01,broadcast,-68.0,False,6
384.823047161,beacon,AP01,broadcast,-69.0,False,6
384.925445080,beacon,AP01,broadcast,-69.0,False,6
385.027831078,beacon,AP01,broadcast,-69.0,False,6
385.130249023,beacon,AP01,broadcast,-69.0,False,6
385.232654095,beacon,AP01,broadcast,-69.0,False,6
385.254242182,ndpa,AP01,C01,-67.0,False,24
385.254304171,bfi,C01,AP01,-60.0,False,54
385.335056067,beacon,AP01,broadcast,-69.0,False,6
385.438099146,beacon,AP01,broadcast,-69.0,False,6
385.539860010,beacon,AP01,broadcast,-69.0,False,6
385.642210007,beacon,AP01,broadcast,-69.0,False,6
385.744635105,beacon,AP01,broadcast,-69.0,False,6
385.847051144,beacon,AP01,broadcast,-69.0,False,6
385.949416161,beacon,AP01,broadcast,-69.0,False,6
386.051867008,beacon,AP01,broadcast,-69.0,False,6
386.154239178,beacon,AP01,broadcast,-69.0,False,6
386.256645203,beacon,AP01,broadcast,-69.0,False,6
386.359041214,beacon,AP01,broadcast,-69.0,False,6
386.461423159,beacon,AP01,broadcast,-69.0,False,6
386.563856125,beacon,AP01,broadcast,-68.0,False,6
386.585766077,ndpa,AP01,C01,-67.0,False,24
386.585852146,bfi,C01,AP01,-60.0,False,54
386.666249037,beacon,AP01,broadcast,-69.0,False,6
386.768777132,beacon,AP01,broadcast,-68.0,False,6
386.871142149,beacon,AP01,broadcast,-69.0,False,6
386.973522186,beacon,AP01,broadcast,-69.0,False,6
387.075982094,beacon,AP01,broadcast,-69.0,False,6
387.178373098,beacon,AP01,broadcast,-69.0,False,6
387.280770063,beacon,AP01,broadcast,-69.0,False,6
387.383172035,beacon,AP01,broadcast,-69.0,False,6
387.485509157,beacon,AP01,broadcast,-69.0,False,6
387.587842226,beacon,AP01,broadcast,-69.0,False,6
387.690342188,beacon,AP01,broadcast,-69.0,False,6
387.792749166,beacon,AP01,broadcast,-69.0,False,6
387.895141125,beacon,AP01,broadcast,-69.0,False,6
387.917948008,ndpa,AP01,C01,-68.0,False,24
387.918006182,bfi,C01,AP01,-60.0,False,54
387.997528076,beacon,AP01,broadcast,-69.0,False,6
388.099938154,beacon,AP01,broadcast,-69.0,False,6
388.202273130,beacon,AP01,broadcast,-69.0,False,6
388.304738045,beacon,AP01,broadcast,-69.0,False,6
388.407175064,beacon,AP01,broadcast,-68.0,False,6
388.509516001,beacon,AP01,broadcast,-69.0,False,6
388.611953020,beacon,AP01,broadcast,-69.0,False,6
388.714348078,beacon,AP01,broadcast,-69.0,False,6
388.816744089,beacon,AP01,broadcast,-68.0,False,6
388.919129133,beacon,AP01,broadcast,-69.0,False,6
389.021489143,beacon,AP01,broadcast,-69.0,False,6
389.123949051,beacon,AP01,broadcast,-69.0,False,6
389.226267099,beacon,AP01,broadcast,-69.0,False,6
389.254356146,ndpa,AP01,C01,-68.0,False,24
389.254448175,bfi,C01,AP01,-60.0,False,54
389.328653097,beacon,AP01,broadcast,-68.0,False,6
389.431132078,beacon,AP01,broadcast,-69.0,False,6
389.533441067,beacon,AP01,broadcast,-69.0,False,6
389.635913134,beacon,AP01,broadcast,-69.0,False,6
389.738352060,beacon,AP01,broadcast,-69.0,False,6
389.840783119,beacon,AP01,broadcast,-69.0,False,6
389.943177223,beacon,AP01,broadcast,-69.0,False,6
390.045505047,beacon,AP01,broadcast,-69.0,False,6
390.147979021,beacon,AP01,broadcast,-69.0,False,6
390.250321150,beacon,AP01,broadcast,-69.0,False,6
390.352783203,beacon,AP01,broadcast,-69.0,False,6
390.455148220,beacon,AP01,broadcast,-69.0,False,6
390.557554007,beacon,AP01,broadcast,-69.0,False,6
390.586352110,ndpa,AP01,C01,-68.0,False,24
390.586416006,bfi,C01,AP01,-60.0,False,54
390.659841061,beacon,AP01,broadcast,-69.0,False,6
390.762356997,beacon,AP01,broadcast,-69.0,False,6
390.864781141,beacon,AP01,broadcast,-69.0,False,6
390.967212200,beacon,AP01,broadcast,-69.0,False,6
391.070662022,beacon,AP01,broadcast,-69.0,False,6
391.171890020,beacon,AP01,broadcast,-69.0,False,6
391.274341106,beacon,AP01,broadcast,-69.0,False,6
391.376905203,beacon,AP01,broadcast,-69.0,False,6
391.479179144,beacon,AP01,broadcast,-69.0,False,6
391.581469059,beacon,AP01,broadcast,-69.0,False,6
391.683971167,beacon,AP01,broadcast,-69.0,False,6
391.786288023,beacon,AP01,broadcast,-69.0,False,6
391.888654232,beacon,AP01,broadcast,-69.0,False,6
391.922005177,ndpa,AP01,C01,-68.0,False,24
391.922090054,bfi,C01,AP01,-60.0,False,54
391.991080046,beacon,AP01,broadcast,-69.0,False,6
392.093486071,beacon,AP01,broadcast,-69.0,False,6
392.195905209,beacon,AP01,broadcast,-69.0,False,6
392.298298120,beacon,AP01,broadcast,-69.0,False,6
392.400672197,beacon,AP01,broadcast,-69.0,False,6
392.503079176,beacon,AP01,broadcast,-68.0,False,6
392.605509043,beacon,AP01,broadcast,-69.0,False,6
392.707888126,beacon,AP01,broadcast,-68.0,False,6
392.810296059,beacon,AP01,broadcast,-69.0,False,6
392.912706137,beacon,AP01,broadcast,-69.0,False,6
393.015089035,beacon,AP01,broadcast,-69.0,False,6
393.117478132,beacon,AP01,broadcast,-69.0,False,6
393.219941139,beacon,AP01,broadcast,-69.0,False,6
393.254192114,ndpa,AP01,C01,-67.0,False,24
393.254269123,bfi,C01,AP01,-60.0,False,54
393.322329998,beacon,AP01,broadcast,-69.0,False,6
393.424719095,beacon,AP01,broadcast,-69.0,False,6
393.527113199,beacon,AP01,broadcast,-69.0,False,6
393.629498005,beacon,AP01,broadcast,-69.0,False,6
393.731888056,beacon,AP01,broadcast,-69.0,False,6
393.834347010,beacon,AP01,broadcast,-69.0,False,6
393.936706066,beacon,AP01,broadcast,-69.0,False,6
394.039208174,beacon,AP01,broadcast,-69.0,False,6
394.141552210,beacon,AP01,broadcast,-69.0,False,6
394.243932009,beacon,AP01,broadcast,-69.0,False,6
394.346343040,beacon,AP01,broadcast,-68.0,False,6
394.448683023,beacon,AP01,broadcast,-69.0,False,6
394.551233053,beacon,AP01,broadcast,-69.0,False,6
394.586334229,ndpa,AP01,C01,-67.0,False,24
394.586414099,bfi,C01,AP01,-60.0,False,54
394.653525114,beacon,AP01,broadcast,-68.0,False,6
394.756017208,beacon,AP01,broadcast,-69.0,False,6
394.858439207,beacon,AP01,broadcast,-69.0,False,6
394.960813999,beacon,AP01,broadcast,-69.0,False,6
395.063223124,beacon,AP01,broadcast,-69.0,False,6
395.165574074,beacon,AP01,broadcast,-69.0,False,6
395.268011093,beacon,AP01,broadcast,-69.0,False,6
395.370436192,beacon,AP01,broadcast,-69.0,False,6
395.472803116,beacon,AP01,broadcast,-69.0,False,6
395.575223207,beacon,AP01,broadcast,-69.0,False,6
395.677590132,beacon,AP01,broadcast,-69.0,False,6
395.780009031,beacon,AP01,broadcast,-69.0,False,6
395.882390022,beacon,AP01,broadcast,-69.0,False,6
395.918676138,ndpa,AP01,C01,-68.0,False,24
395.918704033,bfi,C01,AP01,-60.0,False,54
395.984817028,beacon,AP01,broadcast,-69.0,False,6
396.087268114,beacon,AP01,broadcast,-69.0,False,6
396.189548016,beacon,AP01,broadcast,-69.0,False,6
396.291931152,beacon,AP01,broadcast,-69.0,False,6
396.394383192,beacon,AP01,broadcast,-69.0,False,6
396.496735096,beacon,AP01,broadcast,-69.0,False,6
396.599257231,beacon,AP01,broadcast,-69.0,False,6
396.701607227,beacon,AP01,broadcast,-69.0,False,6
396.803927183,beacon,AP01,broadcast,-69.0,False,6
396.906429052,beacon,AP01,broadcast,-69.0,False,6
397.008851051,beacon,AP01,broadcast,-69.0,False,6
397.111220121,beacon,AP01,broadcast,-69.0,False,6
397.213619232,beacon,AP01,broadcast,-69.0,False,6
397.254451036,ndpa,AP01,C01,-68.0,False,24
397.254511118,bfi,C01,AP01,-60.0,False,54
397.316062212,beacon,AP01,broadcast,-69.0,False,6
397.418461084,beacon,AP01,broadcast,-69.0,False,6
397.520840168,beacon,AP01,broadcast,-69.0,False,6
397.623130083,beacon,AP01,broadcast,-69.0,False,6
397.725620031,beacon,AP01,broadcast,-69.0,False,6
397.828074217,beacon,AP01,broadcast,-69.0,False,6
397.930438995,beacon,AP01,broadcast,-69.0,False,6
398.032855034,beacon,AP01,broadcast,-69.0,False,6
398.135250092,beacon,AP01,broadcast,-69.0,False,6
398.237636089,beacon,AP01,broadcast,-69.0,False,6
398.340032101,beacon,AP01,broadcast,-69.0,False,6
398.442426205,beacon,AP01,broadcast,-69.0,False,6
398.544863224,beacon,AP01,broadcast,-69.0,False,6
398.586965084,ndpa,AP01,C01,-67.0,False,24
398.586997032,bfi,C01,AP01,-60.0,False,54
398.647252083,beacon,AP01,broadcast,-69.0,False,6
398.749593019,beacon,AP01,broadcast,-69.0,False,6
398.852057219,beacon,AP01,broadcast,-69.0,False,6
398.954478025,beacon,AP01,broadcast,-69.0,False,6
399.056794167,beacon,AP01,broadcast,-69.0,False,6
399.159244061,beacon,AP01,broadcast,-69.0,False,6
399.261604071,beacon,AP01,broadcast,-69.0,False,6
399.364100218,beacon,AP01,broadcast,-69.0,False,6
399.466461182,beacon,AP01,broadcast,-69.0,False,6
399.568847179,beacon,AP01,broadcast,-69.0,False,6
399.671161175,beacon,AP01,broadcast,-69.0,False,6
399.773573160,beacon,AP01,broadcast,-69.0,False,6
399.875954151,beacon,AP01,broadcast,-69.0,False,6
399.918488026,ndpa,AP01,C01,-68.0,False,24
399.918590069,bfi,C01,AP01,-60.0,False,54
399.978366137,beacon,AP01,broadcast,-69.0,False,6
400.080770016,beacon,AP01,broadcast,-69.0,False,6
400.183155060,beacon,AP01,broadcast,-69.0,False,6
400.285574198,beacon,AP01,broadcast,-69.0,False,6
400.387992144,beacon,AP01,broadcast,-69.0,False,6
400.490350008,beacon,AP01,broadcast,-69.0,False,6
400.592743158,beacon,AP01,broadcast,-69.0,False,6
400.695173025,beacon,AP01,broadcast,-69.0,False,6
400.797618151,beacon,AP01,broadcast,-68.0,False,6
400.900008202,beacon,AP01,broadcast,-69.0,False,6
401.002405167,beacon,AP01,broadcast,-69.0,False,6
401.110557079,beacon,AP01,broadcast,-69.0,False,6
401.217745066,beacon,AP01,broadcast,-69.0,False,6
401.254140139,ndpa,AP01,C01,-68.0,False,24
401.254234076,bfi,C01,AP01,-60.0,False,54
401.309620142,beacon,AP01,broadcast,-69.0,False,6
401.411999226,beacon,AP01,broadcast,-69.0,False,6
401.514352083,beacon,AP01,broadcast,-69.0,False,6
401.616807222,beacon,AP01,broadcast,-69.0,False,6
401.719219208,beacon,AP01,broadcast,-69.0,False,6
401.821577072,beacon,AP01,broadcast,-69.0,False,6
401.924013138,beacon,AP01,broadcast,-69.0,False,6
402.026386023,beacon,AP01,broadcast,-69.0,False,6
402.128793001,beacon,AP01,broadcast,-69.0,False,6
402.231167078,beacon,AP01,broadcast,-69.0,False,6
402.333718061,beacon,AP01,broadcast,-69.0,False,6
402.436084032,beacon,AP01,broadcast,-69.0,False,6
402.538461208,beacon,AP01,broadcast,-69.0,False,6
402.587182045,ndpa,AP01,C01,-68.0,False,24
402.587211132,bfi,C01,AP01,-60.0,False,54
402.640912056,beacon,AP01,broadcast,-69.0,False,6
402.743279219,beacon,AP01,broadcast,-69.0,False,6
402.845651150,beacon,AP01,broadcast,-69.0,False,6
402.947996140,beacon,AP01,broadcast,-68.0,False,6
403.050512075,beacon,AP01,broadcast,-69.0,False,6
403.152894020,beacon,AP01,broadcast,-69.0,False,6
403.255275011,beacon,AP01,broadcast,-69.0,False,6
403.357692003,beacon,AP01,broadcast,-69.0,False,6
403.460074186,beacon,AP01,broadcast,-69.0,False,6
403.562495232,beacon,AP01,broadcast,-69.0,False,6
403.664882183,beacon,AP01,broadcast,-69.0,False,6
403.767298222,beacon,AP01,broadcast,-69.0,False,6
403.869691133,beacon,AP01,broadcast,-69.0,False,6
403.918343067,ndpa,AP01,C01,-68.0,False,24
403.918381214,bfi,C01,AP01,-60.0,False,54
403.972015142,beacon,AP01,broadcast,-69.0,False,6
404.074520111,beacon,AP01,broadcast,-69.0,False,6
404.176905155,beacon,AP01,broadcast,-69.0,False,6
404.279299021,beacon,AP01,broadcast,-69.0,False,6
404.381655216,beacon,AP01,broadcast,-69.0,False,6
404.484126091,beacon,AP01,broadcast,-69.0,False,6
404.586504221,beacon,AP01,broadcast,-69.0,False,6
404.688914061,beacon,AP01,broadcast,-68.0,False,6
404.791278124,beacon,AP01,broadcast,-69.0,False,6
404.893715143,beacon,AP01,broadcast,-69.0,False,6
404.996109009,beacon,AP01,broadcast,-69.0,False,6
405.098444223,beacon,AP01,broadcast,-69.0,False,6
405.200923204,beacon,AP01,broadcast,-69.0,False,6
405.254455090,ndpa,AP01,C01,-68.0,False,24
405.254569054,bfi,C01,AP01,-60.0,False,54
405.303229094,beacon,AP01,broadcast,-69.0,False,6
405.405741215,beacon,AP01,broadcast,-69.0,False,6
405.508152008,beacon,AP01,broadcast,-69.0,False,6
405.610498190,beacon,AP01,broadcast,-69.0,False,6
405.712949038,beacon,AP01,broadcast,-69.0,False,6
405.815340996,beacon,AP01,broadcast,-69.0,False,6
405.917726040,beacon,AP01,broadcast,-69.0,False,6
406.020027161,beacon,AP01,broadcast,-69.0,False,6
406.122546196,beacon,AP01,broadcast,-69.0,False,6
406.224916220,beacon,AP01,broadcast,-69.0,False,6
406.327222109,beacon,AP01,broadcast,-69.0,False,6
406.429741144,beacon,AP01,broadcast,-69.0,False,6
406.532043219,beacon,AP01,broadcast,-69.0,False,6
406.586137056,ndpa,AP01,C01,-67.0,False,24
406.586150169,bfi,C01,AP01,-60.0,False,54
406.634537220,beacon,AP01,broadcast,-69.0,False,6
406.736940145,beacon,AP01,broadcast,-69.0,False,6
406.839337111,beacon,AP01,broadcast,-69.0,False,6
406.941714048,beacon,AP01,broadcast,-69.0,False,6
407.044145107,beacon,AP01,broadcast,-69.0,False,6
407.146902084,beacon,AP01,broadcast,-69.0,False,6
407.248849154,beacon,AP01,broadcast,-69.0,False,6
407.351334095,beacon,AP01,broadcast,-69.0,False,6
407.453741074,beacon,AP01,broadcast,-69.0,False,6
407.556035995,beacon,AP01,broadcast,-69.0,False,6
407.658452034,beacon,AP01,broadcast,-69.0,False,6
407.760860205,beacon,AP01,broadcast,-69.0,False,6
407.863223076,beacon,AP01,broadcast,-69.0,False,6
407.916963100,ndpa,AP01,C01,-68.0,False,24
407.917035103,bfi,C01,AP01,-60.0,False,54
407.965665102,beacon,AP01,broadcast,-69.0,False,6
408.068095207,beacon,AP01,broadcast,-69.0,False,6
408.170487165,beacon,AP01,broadcast,-69.0,False,6
408.272897005,beacon,AP01,broadcast,-69.0,False,6
408.375275135,beacon,AP01,broadcast,-69.0,False,6
408.477682114,beacon,AP01,broadcast,-69.0,False,6
408.580100060,beacon,AP01,broadcast,-69.0,False,6
408.682470083,beacon,AP01,broadcast,-69.0,False,6
408.784862041,beacon,AP01,broadcast,-69.0,False,6
408.887272120,beacon,AP01,broadcast,-69.0,False,6
408.989696026,beacon,AP01,broadcast,-69.0,False,6
409.092038155,beacon,AP01,broadcast,-69.0,False,6
409.194503069,beacon,AP01,broadcast,-69.0,False,6
409.245277166,ndpa,AP01,C01,-68.0,False,24
409.245367050,bfi,C01,AP01,-60.0,False,54
409.296870232,beacon,AP01,broadcast,-69.0,False,6
409.399262190,beacon,AP01,broadcast,-69.0,False,6
409.501674175,beacon,AP01,broadcast,-69.0,False,6
409.604093075,beacon,AP01,broadcast,-69.0,False,6
409.706468105,beacon,AP01,broadcast,-69.0,False,6
409.808849096,beacon,AP01,broadcast,-69.0,False,6
409.911293030,beacon,AP01,broadcast,-69.0,False,6
410.013668060,beacon,AP01,broadcast,-69.0,False,6
410.116186142,beacon,AP01,broadcast,-69.0,False,6
410.218475103,beacon,AP01,broadcast,-69.0,False,6
410.320976019,beacon,AP01,broadcast,-69.0,False,6
410.423381090,beacon,AP01,broadcast,-69.0,False,6
410.525743008,beacon,AP01,broadcast,-69.0,False,6
410.575916052,ndpa,AP01,C01,-67.0,False,24
410.575978994,bfi,C01,AP01,-60.0,False,54
410.628170013,beacon,AP01,broadcast,-69.0,False,6
410.730565071,beacon,AP01,broadcast,-68.0,False,6
410.832979202,beacon,AP01,broadcast,-69.0,False,6
410.935359001,beacon,AP01,broadcast,-69.0,False,6
411.037756205,beacon,AP01,broadcast,-68.0,False,6
411.140180111,beacon,AP01,broadcast,-69.0,False,6
411.242510080,beacon,AP01,broadcast,-69.0,False,6
411.344852209,beacon,AP01,broadcast,-69.0,False,6
411.447308064,beacon,AP01,broadcast,-69.0,False,6
411.549789190,beacon,AP01,broadcast,-69.0,False,6
411.652084112,beacon,AP01,broadcast,-69.0,False,6
411.754610062,beacon,AP01,broadcast,-69.0,False,6
411.856987000,beacon,AP01,broadcast,-69.0,False,6
411.908317089,ndpa,AP01,C01,-68.0,False,24
411.908339024,bfi,C01,AP01,-60.0,False,54
411.959378004,beacon,AP01,broadcast,-69.0,False,6
412.061771154,beacon,AP01,broadcast,-69.0,False,6
412.164113045,beacon,AP01,broadcast,-69.0,False,6
412.266573191,beacon,AP01,broadcast,-69.0,False,6
412.369033098,beacon,AP01,broadcast,-69.0,False,6
412.471386194,beacon,AP01,broadcast,-69.0,False,6
412.573758125,beacon,AP01,broadcast,-69.0,False,6
412.676202059,beacon,AP01,broadcast,-69.0,False,6
412.778593063,beacon,AP01,broadcast,-69.0,False,6
412.880999088,beacon,AP01,broadcast,-69.0,False,6
412.983401060,beacon,AP01,broadcast,-69.0,False,6
413.085786104,beacon,AP01,broadcast,-69.0,False,6
413.188130140,beacon,AP01,broadcast,-69.0,False,6
413.244243145,ndpa,AP01,C01,-68.0,False,24
413.244307041,bfi,C01,AP01,-60.0,False,54
413.290571213,beacon,AP01,broadcast,-68.0,False,6
413.393035173,beacon,AP01,broadcast,-68.0,False,6
413.495393038,beacon,AP01,broadcast,-69.0,False,6
413.597810030,beacon,AP01,broadcast,-69.0,False,6
413.700213194,beacon,AP01,broadcast,-69.0,False,6
413.802645206,beacon,AP01,broadcast,-69.0,False,6
413.905011177,beacon,AP01,broadcast,-69.0,False,6
414.007360220,beacon,AP01,broadcast,-69.0,False,6
414.109796047,beacon,AP01,broadcast,-69.0,False,6
414.212101221,beacon,AP01,broadcast,-69.0,False,6
414.314619064,beacon,AP01,broadcast,-69.0,False,6
414.416895151,beacon,AP01,broadcast,-69.0,False,6
414.519406080,beacon,AP01,broadcast,-69.0,False,6
414.575731039,ndpa,AP01,C01,-68.0,False,24
414.575794220,bfi,C01,AP01,-60.0,False,54
414.621798038,beacon,AP01,broadcast,-69.0,False,6
414.724251032,beacon,AP01,broadcast,-69.0,False,6
414.826605082,beacon,AP01,broadcast,-69.0,False,6
414.928918123,beacon,AP01,broadcast,-69.0,False,6
415.031394005,beacon,AP01,broadcast,-69.0,False,6
415.133809090,beacon,AP01,broadcast,-69.0,False,6
415.236144066,beacon,AP01,broadcast,-69.0,False,6
415.338581085,beacon,AP01,broadcast,-69.0,False,6
415.440950155,beacon,AP01,broadcast,-69.0,False,6
415.543319225,beacon,AP01,broadcast,-69.0,False,6
415.645743132,beacon,AP01,broadcast,-69.0,False,6
415.748146057,beacon,AP01,broadcast,-69.0,False,6
415.850564003,beacon,AP01,broadcast,-69.0,False,6
415.903461218,ndpa,AP01,C01,-68.0,False,24
415.903545141,bfi,C01,AP01,-60.0,False,54
415.952962160,beacon,AP01,broadcast,-69.0,False,6
416.055380106,beacon,AP01,broadcast,-69.0,False,6
416.157744169,beacon,AP01,broadcast,-69.0,False,6
416.260230064,beacon,AP01,broadcast,-69.0,False,6
416.362536192,beacon,AP01,broadcast,-69.0,False,6
416.464974165,beacon,AP01,broadcast,-69.0,False,6
416.567322016,beacon,AP01,broadcast,-69.0,False,6
416.669770002,beacon,AP01,broadcast,-69.0,False,6
416.772155046,beacon,AP01,broadcast,-69.0,False,6
416.874575138,beacon,AP01,broadcast,-69.0,False,6
416.976975203,beacon,AP01,broadcast,-69.0,False,6
417.079381227,beacon,AP01,broadcast,-69.0,False,6
417.181762218,beacon,AP01,broadcast,-69.0,False,6
417.232747078,ndpa,AP01,C01,-67.0,False,24
417.232865095,bfi,C01,AP01,-60.0,False,54
417.284156084,beacon,AP01,broadcast,-69.0,False,6
417.386537075,beacon,AP01,broadcast,-69.0,False,6
417.488936186,beacon,AP01,broadcast,-69.0,False,6
417.591387033,beacon,AP01,broadcast,-69.0,False,6
417.693769217,beacon,AP01,broadcast,-69.0,False,6
417.796215057,beacon,AP01,broadcast,-69.0,False,6
417.898640156,beacon,AP01,broadcast,-69.0,False,6
418.001039028,beacon,AP01,broadcast,-69.0,False,6
418.103414059,beacon,AP01,broadcast,-70.0,False,6
418.205808163,beacon,AP01,broadcast,-69.0,False,6
418.308276176,beacon,AP01,broadcast,-69.0,False,6
418.410650015,beacon,AP01,broadcast,-69.0,False,6
418.513063192,beacon,AP01,broadcast,-69.0,False,6
418.565479040,ndpa,AP01,C01,-68.0,False,24
418.565550089,bfi,C01,AP01,-60.0,False,54
418.615421057,beacon,AP01,broadcast,-69.0,False,6
418.717796087,beacon,AP01,broadcast,-69.0,False,6
418.820260048,beacon,AP01,broadcast,-68.0,False,6
418.922541142,beacon,AP01,broadcast,-68.0,False,6
419.025083065,beacon,AP01,broadcast,-69.0,False,6
419.127435207,beacon,AP01,broadcast,-69.0,False,6
419.229823112,beacon,AP01,broadcast,-69.0,False,6
419.332227230,beacon,AP01,broadcast,-69.0,False,6
419.434669018,beacon,AP01,broadcast,-69.0,False,6
419.537064075,beacon,AP01,broadcast,-69.0,False,6
419.639464140,beacon,AP01,broadcast,-69.0,False,6
419.741847038,beacon,AP01,broadcast,-69.0,False,6
419.844272137,beacon,AP01,broadcast,-69.0,False,6
419.897065163,ndpa,AP01,C01,-67.0,False,24
419.897135019,bfi,C01,AP01,-60.0,False,54
