t_rel_s,kind,transmitter,receiver,rssi_dbm,retry,rate_mbps
0.000000000,beacon,AP01,broadcast,-72.0,False,6
0.100568056,ndpa,AP01,C01,-73.0,False,24
0.100649118,bfi,C01,AP01,-58.0,False,54
0.102406025,beacon,AP01,broadcast,-72.0,False,6
0.204761982,beacon,AP01,broadcast,-71.0,False,6
0.307187080,beacon,AP01,broadcast,-71.0,False,6
0.409575939,beacon,AP01,broadcast,-71.0,False,6
0.511996031,beacon,AP01,broadcast,-71.0,False,6
0.614385128,beacon,AP01,broadcast,-71.0,False,6
0.716771126,beacon,AP01,broadcast,-71.0,False,6
0.819190979,beacon,AP01,broadcast,-71.0,False,6
0.921572924,beacon,AP01,broadcast,-72.0,False,6
1.024004936,beacon,AP01,broadcast,-72.0,False,6
1.126312017,beacon,AP01,broadcast,-72.0,False,6
1.228780985,beacon,AP01,broadcast,-72.0,False,6
1.331180096,beacon,AP01,broadcast,-72.0,False,6
1.433491945,beacon,AP01,broadcast,-72.0,False,6
1.436130047,ndpa,AP01,C01,-73.0,False,24
1.436178923,bfi,C01,AP01,-59.0,False,54
1.535861969,beacon,AP01,broadcast,-72.0,False,6
1.638413906,beacon,AP01,broadcast,-72.0,False,6
1.740811110,beacon,AP01,broadcast,-72.0,False,6
1.843228102,beacon,AP01,broadcast,-72.0,False,6
1.945501089,beacon,AP01,broadcast,-72.0,False,6
2.047945976,beacon,AP01,broadcast,-72.0,False,6
2.150412083,beacon,AP01,broadcast,-72.0,False,6
2.252821922,beacon,AP01,broadcast,-72.0,False,6
2.355226994,beacon,AP01,broadcast,-72.0,False,6
2.457576036,beacon,AP01,broadcast,-72.0,False,6
2.559994936,beacon,AP01,broadcast,-72.0,False,6
2.662431955,beacon,AP01,broadcast,-72.0,False,6
2.764765024,beacon,AP01,broadcast,-72.0,False,6
2.768293142,ndpa,AP01,C01,-73.0,False,24
2.768383026,bfi,C01,AP01,-59.0,False,54
2.867232084,beacon,AP01,broadcast,-72.0,False,6
2.969640017,beacon,AP01,broadcast,-72.0,False,6
3.072016954,beacon,AP01,broadcast,-72.0,False,6
3.174310923,beacon,AP01,broadcast,-72.0,False,6
3.292436123,beacon,AP01,broadcast,-72.0,False,6
3.379205942,beacon,AP01,broadcast,-72.0,False,6
3.481570005,beacon,AP01,broadcast,-72.0,False,6
3.583956957,beacon,AP01,broadcast,-72.0,False,6
3.686300039,beacon,AP01,broadcast,-72.0,False,6
3.788680077,beacon,AP01,broadcast,-71.0,False,6
3.891142130,beacon,AP01,broadcast,-72.0,False,6
3.993530989,beacon,AP01,broadcast,-72.0,False,6
4.095931053,beacon,AP01,broadcast,-72.0,False,6
4.100496054,ndpa,AP01,C01,-72.0,False,24
4.100621939,bfi,C01,AP01,-58.0,False,54
4.198328972,beacon,AP01,broadcast,-72.0,False,6
4.300697088,beacon,AP01,broadcast,-72.0,False,6
4.403121948,beacon,AP01,broadcast,-72.0,False,6
4.505530119,beacon,AP01,broadcast,-72.0,False,6
4.607943058,beacon,AP01,broadcast,-72.0,False,6
4.710351944,beacon,AP01,broadcast,-71.0,False,6
4.812772989,beacon,AP01,broadcast,-72.0,False,6
4.915147066,beacon,AP01,broadcast,-72.0,False,6
5.017549992,beacon,AP01,broadcast,-72.0,False,6
5.119949102,beacon,AP01,broadcast,-72.0,False,6
5.222340107,beacon,AP01,broadcast,-72.0,False,6
5.324747086,beacon,AP01,broadcast,-72.0,False,6
5.427171946,beacon,AP01,broadcast,-72.0,False,6
5.436170101,ndpa,AP01,C01,-73.0,False,24
5.436286926,bfi,C01,AP01,-58.0,False,54
5.529557943,beacon,AP01,broadcast,-73.0,False,6
5.631967068,beacon,AP01,broadcast,-72.0,False,6
5.734365940,beacon,AP01,broadcast,-72.0,False,6
5.836767912,beacon,AP01,broadcast,-72.0,False,6
5.939162970,beacon,AP01,broadcast,-72.0,False,6
6.041541100,beacon,AP01,broadcast,-72.0,False,6
6.144073009,beacon,AP01,broadcast,-72.0,False,6
6.246433973,beacon,AP01,broadcast,-72.0,False,6
6.348954916,beacon,AP01,broadcast,-72.0,False,6
6.451169968,beacon,AP01,broadcast,-72.0,False,6
6.553650141,beacon,AP01,broadcast,-72.0,False,6
6.656070948,beacon,AP01,broadcast,-72.0,False,6
6.758433104,beacon,AP01,broadcast,-72.0,False,6
6.768557072,ndpa,AP01,C01,-73.0,False,24
6.768593073,bfi,C01,AP01,-59.0,False,54
6.860846043,beacon,AP01,broadcast,-72.0,False,6
6.963285923,beacon,AP01,broadcast,-72.0,False,6
7.065660954,beacon,AP01,broadcast,-72.0,False,6
7.168076992,beacon,AP01,broadcast,-72.0,False,6
7.270437002,beacon,AP01,broadcast,-72.0,False,6
7.372832060,beacon,AP01,broadcast,-72.0,False,6
7.475269079,beacon,AP01,broadcast,-72.0,False,6
7.577656984,beacon,AP01,broadcast,-72.0,False,6
7.680050135,beacon,AP01,broadcast,-72.0,False,6
7.782452106,beacon,AP01,broadcast,-72.0,False,6
7.884853125,beacon,AP01,broadcast,-73.0,False,6
7.987222910,beacon,AP01,broadcast,-72.0,False,6
8.089620113,beacon,AP01,broadcast,-72.0,False,6
8.099605083,ndpa,AP01,C01,-73.0,False,24
8.099685907,bfi,C01,AP01,-59.0,False,54
8.192142010,beacon,AP01,broadcast,-72.0,False,6
8.312556028,beacon,AP01,broadcast,-72.0,False,6
8.396795988,beacon,AP01,broadcast,-72.0,False,6
8.499244928,beacon,AP01,broadcast,-72.0,False,6
8.601593018,beacon,AP01,broadcast,-72.0,False,6
8.704004049,beacon,AP01,broadcast,-72.0,False,6
8.806487083,beacon,AP01,broadcast,-72.0,False,6
8.908869982,beacon,AP01,broadcast,-72.0,False,6
9.011260033,beacon,AP01,broadcast,-72.0,False,6
9.113682985,beacon,AP01,broadcast,-72.0,False,6
9.216054916,beacon,AP01,broadcast,-72.0,False,6
9.318511963,beacon,AP01,broadcast,-72.0,False,6
9.420828104,beacon,AP01,broadcast,-72.0,False,6
9.436614037,ndpa,AP01,C01,-73.0,False,24
9.436707973,bfi,C01,AP01,-59.0,False,54
9.523288965,beacon,AP01,broadcast,-72.0,False,6
9.625692129,beacon,AP01,broadcast,-72.0,False,6
9.728070021,beacon,AP01,broadcast,-72.0,False,6
9.830465078,beacon,AP01,broadcast,-72.0,False,6
9.932878971,beacon,AP01,broadcast,-72.0,False,6
10.035284042,beacon,AP01,broadcast,-72.0,False,6
10.137691021,beacon,AP01,broadcast,-72.0,False,6
10.240078926,beacon,AP01,broadcast,-72.0,False,6
10.342474937,beacon,AP01,broadcast,-72.0,False,6
10.444864988,beacon,AP01,broadcast,-72.0,False,6
10.547265053,beacon,AP01,broadcast,-72.0,False,6
10.649595022,beacon,AP01,broadcast,-72.0,False,6
10.752130985,beacon,AP01,broadcast,-72.0,False,6
10.767931938,ndpa,AP01,C01,-73.0,False,24
10.767981052,bfi,C01,AP01,-59.0,False,54
10.854496956,beacon,AP01,broadcast,-72.0,False,6
10.956839085,beacon,AP01,broadcast,-72.0,False,6
11.059303045,beacon,AP01,broadcast,-72.0,False,6
11.161617041,beacon,AP01,broadcast,-72.0,False,6
11.264018059,beacon,AP01,broadcast,-72.0,False,6
11.366378069,beacon,AP01,broadcast,-72.0,False,6
11.468804121,beacon,AP01,broadcast,-71.0,False,6
11.571188927,beacon,AP01,broadcast,-72.0,False,6
11.673636913,beacon,AP01,broadcast,-72.0,False,6
11.775990963,beacon,AP01,broadcast,-72.0,False,6
11.878392935,beacon,AP01,broadcast,-72.0,False,6
11.980813026,beacon,AP01,broadcast,-72.0,False,6
12.083199024,beacon,AP01,broadcast,-72.0,False,6
12.100134134,ndpa,AP01,C01,-73.0,False,24
12.100230932,bfi,C01,AP01,-59.0,False,54
12.185642004,beacon,AP01,broadcast,-72.0,False,6
12.288010120,beacon,AP01,broadcast,-72.0,False,6
12.390429020,beacon,AP01,broadcast,-72.0,False,6
12.492811918,beacon,AP01,broadcast,-72.0,False,6
12.595224142,beacon,AP01,broadcast,-72.0,False,6
12.697638988,beacon,AP01,broadcast,-72.0,False,6
12.800000906,beacon,AP01,broadcast,-72.0,False,6
12.902421951,beacon,AP01,broadcast,-72.0,False,6
13.004840136,beacon,AP01,broadcast,-72.0,False,6
13.107270002,beacon,AP01,broadcast,-72.0,False,6
13.209653139,beacon,AP01,broadcast,-72.0,False,6
13.332531929,beacon,AP01,broadcast,-72.0,False,6
13.414467096,beacon,AP01,broadcast,-71.0,False,6
13.436038971,ndpa,AP01,C01,-72.0,False,24
13.436146021,bfi,C01,AP01,-59.0,False,54
13.516858101,beacon,AP01,broadcast,-72.0,False,6
13.619264126,beacon,AP01,broadcast,-72.0,False,6
13.721616030,beacon,AP01,broadcast,-72.0,False,6
13.824134111,beacon,AP01,broadcast,-72.0,False,6
13.926497936,beacon,AP01,broadcast,-72.0,False,6
14.028885126,beacon,AP01,broadcast,-72.0,False,6
14.131325006,beacon,AP01,broadcast,-72.0,False,6
14.233629942,beacon,AP01,broadcast,-72.0,False,6
14.336164951,beacon,AP01,broadcast,-72.0,False,6
14.438534975,beacon,AP01,broadcast,-71.0,False,6
14.540899038,beacon,AP01,broadcast,-72.0,False,6
14.643275976,beacon,AP01,broadcast,-71.0,False,6
14.745640993,beacon,AP01,broadcast,-71.0,False,6
14.767431974,ndpa,AP01,C01,-73.0,False,24
14.767538071,bfi,C01,AP01,-59.0,False,54
14.848134995,beacon,AP01,broadcast,-72.0,False,6
14.950544119,beacon,AP01,broadcast,-72.0,False,6
15.052947044,beacon,AP01,broadcast,-72.0,False,6
15.155328035,beacon,AP01,broadcast,-72.0,False,6
15.257730961,beacon,AP01,broadcast,-72.0,False,6
15.360141039,beacon,AP01,broadcast,-71.0,False,6
15.462548971,beacon,AP01,broadcast,-72.0,False,6
15.564893007,beacon,AP01,broadcast,-72.0,False,6
15.667287111,beacon,AP01,broadcast,-72.0,False,6
15.769710064,beacon,AP01,broadcast,-72.0,False,6
15.872054100,beacon,AP01,broadcast,-72.0,False,6
15.974534988,beacon,AP01,broadcast,-71.0,False,6
16.076838970,beacon,AP01,broadcast,-72.0,False,6
16.100650072,ndpa,AP01,C01,-72.0,False,24
16.100671053,bfi,C01,AP01,-59.0,False,54
16.179340124,beacon,AP01,broadcast,-72.0,False,6
16.281732082,beacon,AP01,broadcast,-72.0,False,6
16.384156942,beacon,AP01,broadcast,-72.0,False,6
16.486535072,beacon,AP01,broadcast,-71.0,False,6
16.588866949,beacon,AP01,broadcast,-72.0,False,6
16.691344976,beacon,AP01,broadcast,-72.0,False,6
16.793731928,beacon,AP01,broadcast,-71.0,False,6
16.896137953,beacon,AP01,broadcast,-71.0,False,6
16.998528957,beacon,AP01,broadcast,-71.0,False,6
17.100928068,beacon,AP01,broadcast,-71.0,False,6
17.203365088,beacon,AP01,broadcast,-71.0,False,6
17.305629015,beacon,AP01,broadcast,-71.0,False,6
17.408163071,beacon,AP01,broadcast,-71.0,False,6
17.435945034,ndpa,AP01,C01,-72.0,False,24
17.436000109,bfi,C01,AP01,-58.0,False,54
17.510564089,beacon,AP01,broadcast,-71.0,False,6
17.612929106,beacon,AP01,broadcast,-71.0,False,6
17.715347052,beacon,AP01,broadcast,-72.0,False,6
17.817763090,beacon,AP01,broadcast,-71.0,False,6
17.920167923,beacon,AP01,broadcast,-71.0,False,6
18.022567987,beacon,AP01,broadcast,-72.0,False,6
18.124933004,beacon,AP01,broadcast,-72.0,False,6
18.227375984,beacon,AP01,broadcast,-72.0,False,6
18.353811026,beacon,AP01,broadcast,-72.0,False,6
18.432070971,beacon,AP01,broadcast,-72.0,False,6
18.534574032,beacon,AP01,broadcast,-71.0,False,6
18.636894941,beacon,AP01,broadcast,-72.0,False,6
18.739238977,beacon,AP01,broadcast,-72.0,False,6
18.795140028,ndpa,AP01,C01,-72.0,False,24
18.795215130,bfi,C01,AP01,-59.0,False,54
18.841778040,beacon,AP01,broadcast,-72.0,False,6
18.944175959,beacon,AP01,broadcast,-71.0,False,6
19.046524048,beacon,AP01,broadcast,-71.0,False,6
19.148899078,beacon,AP01,broadcast,-71.0,False,6
19.251300097,beacon,AP01,broadcast,-71.0,False,6
19.353686094,beacon,AP01,broadcast,-71.0,False,6
19.458668947,beacon,AP01,broadcast,-71.0,False,6
19.558506012,beacon,AP01,broadcast,-71.0,False,6
19.660917997,beacon,AP01,broadcast,-71.0,False,6
19.763333082,beacon,AP01,broadcast,-71.0,False,6
19.865734100,beacon,AP01,broadcast,-72.0,False,6
19.968132019,beacon,AP01,broadcast,-72.0,False,6
20.070536137,beacon,AP01,broadcast,-72.0,False,6
20.100610018,ndpa,AP01,C01,-73.0,False,24
20.100688934,bfi,C01,AP01,-59.0,False,54
20.172930956,beacon,AP01,broadcast,-72.0,False,6
20.275331974,beacon,AP01,broadcast,-72.0,False,6
20.377691031,beacon,AP01,broadcast,-72.0,False,6
20.480123043,beacon,AP01,broadcast,-72.0,False,6
20.582502127,beacon,AP01,broadcast,-72.0,False,6
20.684916973,beacon,AP01,broadcast,-72.0,False,6
20.787290096,beacon,AP01,broadcast,-72.0,False,6
20.889683962,beacon,AP01,broadcast,-72.0,False,6
20.992115021,beacon,AP01,broadcast,-72.0,False,6
21.094517946,beacon,AP01,broadcast,-72.0,False,6
21.196934938,beacon,AP01,broadcast,-72.0,False,6
21.299304008,beacon,AP01,broadcast,-72.0,False,6
21.401714087,beacon,AP01,broadcast,-72.0,False,6
21.436244965,ndpa,AP01,C01,-72.0,False,24
21.436332941,bfi,C01,AP01,-59.0,False,54
21.504125118,beacon,AP01,broadcast,-72.0,False,6
21.606616020,beacon,AP01,broadcast,-73.0,False,6
21.708909988,beacon,AP01,broadcast,-72.0,False,6
21.811399937,beacon,AP01,broadcast,-72.0,False,6
21.913816929,beacon,AP01,broadcast,-72.0,False,6
22.016191006,beacon,AP01,broadcast,-72.0,False,6
22.118596077,beacon,AP01,broadcast,-72.0,False,6
22.220866919,beacon,AP01,broadcast,-72.0,False,6
22.323313951,beacon,AP01,broadcast,-72.0,False,6
22.425805092,beacon,AP01,broadcast,-72.0,False,6
22.528219938,beacon,AP01,broadcast,-72.0,False,6
22.630589962,beacon,AP01,broadcast,-72.0,False,6
22.732995987,beacon,AP01,broadcast,-72.0,False,6
22.767771006,ndpa,AP01,C01,-72.0,False,24
22.767822981,bfi,C01,AP01,-59.0,False,54
22.835410118,beacon,AP01,broadcast,-72.0,False,6
22.937802076,beacon,AP01,broadcast,-72.0,False,6
23.040187120,beacon,AP01,broadcast,-72.0,False,6
23.142522097,beacon,AP01,broadcast,-72.0,False,6
23.244997025,beacon,AP01,broadcast,-72.0,False,6
23.372801065,beacon,AP01,broadcast,-72.0,False,6
23.449713945,beacon,AP01,broadcast,-72.0,False,6
23.552211046,beacon,AP01,broadcast,-72.0,False,6
23.654631138,beacon,AP01,broadcast,-72.0,False,6
23.757005930,beacon,AP01,broadcast,-72.0,False,6
23.859432936,beacon,AP01,broadcast,-72.0,False,6
23.961820126,beacon,AP01,broadcast,-72.0,False,6
24.064212084,beacon,AP01,broadcast,-72.0,False,6
24.100717068,ndpa,AP01,C01,-73.0,False,24
24.100743055,bfi,C01,AP01,-59.0,False,54
24.166594982,beacon,AP01,broadcast,-72.0,False,6
24.268995047,beacon,AP01,broadcast,-72.0,False,6
24.371340036,beacon,AP01,broadcast,-72.0,False,6
24.477972984,beacon,AP01,broadcast,-72.0,False,6
24.576230049,beacon,AP01,broadcast,-72.0,False,6
24.678648949,beacon,AP01,broadcast,-72.0,False,6
24.781021118,beacon,AP01,broadcast,-72.0,False,6
24.883332014,beacon,AP01,broadcast,-72.0,False,6
24.985850096,beacon,AP01,broadcast,-72.0,False,6
25.088201046,beacon,AP01,broadcast,-72.0,False,6
25.190609932,beacon,AP01,broadcast,-72.0,False,6
25.293041945,beacon,AP01,broadcast,-72.0,False,6
25.395415068,beacon,AP01,broadcast,-72.0,False,6
25.436868906,ndpa,AP01,C01,-72.0,False,24
25.436947107,bfi,C01,AP01,-59.0,False,54
25.497842073,beacon,AP01,broadcast,-72.0,False,6
25.600254059,beacon,AP01,broadcast,-72.0,False,6
25.702569962,beacon,AP01,broadcast,-72.0,False,6
25.805035114,beacon,AP01,broadcast,-72.0,False,6
25.907346010,beacon,AP01,broadcast,-72.0,False,6
26.009869099,beacon,AP01,broadcast,-72.0,False,6
26.112260103,beacon,AP01,broadcast,-72.0,False,6
26.214668989,beacon,AP01,broadcast,-73.0,False,6
26.317027092,beacon,AP01,broadcast,-72.0,False,6
26.419423103,beacon,AP01,broadcast,-72.0,False,6
26.521860123,beacon,AP01,broadcast,-72.0,False,6
26.624256134,beacon,AP01,broadcast,-72.0,False,6
26.726530075,beacon,AP01,broadcast,-72.0,False,6
26.768198013,ndpa,AP01,C01,-72.0,False,24
26.768284082,bfi,C01,AP01,-59.0,False,54
26.828990936,beacon,AP01,broadcast,-72.0,False,6
26.931386948,beacon,AP01,broadcast,-72.0,False,6
27.033743143,beacon,AP01,broadcast,-72.0,False,6
27.136192083,beacon,AP01,broadcast,-72.0,False,6
27.238584995,beacon,AP01,broadcast,-72.0,False,6
27.341000080,beacon,AP01,broadcast,-72.0,False,6
27.443408012,beacon,AP01,broadcast,-72.0,False,6
27.545814037,beacon,AP01,broadcast,-72.0,False,6
27.648195028,beacon,AP01,broadcast,-72.0,False,6
27.750606060,beacon,AP01,broadcast,-72.0,False,6
27.852977037,beacon,AP01,broadcast,-72.0,False,6
27.955390930,beacon,AP01,broadcast,-72.0,False,6
28.057748079,beacon,AP01,broadcast,-72.0,False,6
28.100213051,ndpa,AP01,C01,-73.0,False,24
28.100322962,bfi,C01,AP01,-59.0,False,54
28.160161018,beacon,AP01,broadcast,-72.0,False,6
28.262576103,beacon,AP01,broadcast,-72.0,False,6
28.392799139,beacon,AP01,broadcast,-72.0,False,6
28.467360020,beacon,AP01,broadcast,-72.0,False,6
28.569792986,beacon,AP01,broadcast,-72.0,False,6
28.672219992,beacon,AP01,broadcast,-72.0,False,6
28.774624109,beacon,AP01,broadcast,-72.0,False,6
28.876995087,beacon,AP01,broadcast,-72.0,False,6
28.979347944,beacon,AP01,broadcast,-72.0,False,6
29.081763983,beacon,AP01,broadcast,-72.0,False,6
29.184154987,beacon,AP01,broadcast,-72.0,False,6
29.286675930,beacon,AP01,broadcast,-72.0,False,6
29.389055014,beacon,AP01,broadcast,-72.0,False,6
29.436264038,ndpa,AP01,C01,-72.0,False,24
29.436300993,bfi,C01,AP01,-59.0,False,54
29.497889996,beacon,AP01,broadcast,-72.0,False,6
29.593869925,beacon,AP01,broadcast,-72.0,False,6
29.696273088,beacon,AP01,broadcast,-72.0,False,6
29.798694134,beacon,AP01,broadcast,-72.0,False,6
29.900949955,beacon,AP01,broadcast,-72.0,False,6
30.003492117,beacon,AP01,broadcast,-72.0,False,6
30.105898142,beacon,AP01,broadcast,-72.0,False,6
30.208215952,beacon,AP01,broadcast,-72.0,False,6
30.310696125,beacon,AP01,broadcast,-72.0,False,6
30.413016081,beacon,AP01,broadcast,-72.0,False,6
30.515465021,beacon,AP01,broadcast,-72.0,False,6
30.617833138,beacon,AP01,broadcast,-72.0,False,6
30.720300913,beacon,AP01,broadcast,-71.0,False,6
30.767297029,ndpa,AP01,C01,-72.0,False,24
30.767399073,bfi,C01,AP01,-59.0,False,54
30.822677135,beacon,AP01,broadcast,-72.0,False,6
30.925111055,beacon,AP01,broadcast,-72.0,False,6
31.027472019,beacon,AP01,broadcast,-72.0,False,6
31.129904985,beacon,AP01,broadcast,-72.0,False,6
31.232269049,beacon,AP01,broadcast,-72.0,False,6
31.334725142,beacon,AP01,broadcast,-72.0,False,6
31.437062025,beacon,AP01,broadcast,-72.0,False,6
31.539500952,beacon,AP01,broadcast,-73.0,False,6
31.641901970,beacon,AP01,broadcast,-72.0,False,6
31.744350910,beacon,AP01,broadcast,-72.0,False,6
31.846574068,beacon,AP01,broadcast,-73.0,False,6
31.949124098,beacon,AP01,broadcast,-72.0,False,6
32.051507950,beacon,AP01,broadcast,-72.0,False,6
32.099753141,ndpa,AP01,C01,-73.0,False,24
32.099831104,bfi,C01,AP01,-59.0,False,54
32.153931141,beacon,AP01,broadcast,-72.0,False,6
32.256319046,beacon,AP01,broadcast,-72.0,False,6
32.358731985,beacon,AP01,broadcast,-72.0,False,6
32.461060047,beacon,AP01,broadcast,-72.0,False,6
32.563523054,beacon,AP01,broadcast,-72.0,False,6
32.665914059,beacon,AP01,broadcast,-72.0,False,6
32.768237114,beacon,AP01,broadcast,-72.0,False,6
32.870712996,beacon,AP01,broadcast,-72.0,False,6
32.973041058,beacon,AP01,broadcast,-72.0,False,6
33.075520039,beacon,AP01,broadcast,-72.0,False,6
33.177849054,beacon,AP01,broadcast,-72.0,False,6
33.280327082,beacon,AP01,broadcast,-72.0,False,6
33.382707119,beacon,AP01,broadcast,-73.0,False,6
33.436430931,ndpa,AP01,C01,-73.0,False,24
33.436460972,bfi,C01,AP01,-59.0,False,54
33.485065937,beacon,AP01,broadcast,-72.0,False,6
33.587538004,beacon,AP01,broadcast,-72.0,False,6
33.689913988,beacon,AP01,broadcast,-72.0,False,6
33.792307138,beacon,AP01,broadcast,-72.0,False,6
33.894743919,beacon,AP01,broadcast,-73.0,False,6
33.997103930,beacon,AP01,broadcast,-72.0,False,6
34.099484921,beacon,AP01,broadcast,-72.0,False,6
34.201941013,beacon,AP01,broadcast,-72.0,False,6
34.304336071,beacon,AP01,broadcast,-72.0,False,6
34.406727076,beacon,AP01,broadcast,-72.0,False,6
34.518038988,beacon,AP01,broadcast,-72.0,False,6
34.611434937,beacon,AP01,broadcast,-72.0,False,6
34.713809967,beacon,AP01,broadcast,-72.0,False,6
34.767916918,ndpa,AP01,C01,-72.0,False,24
34.768013954,bfi,C01,AP01,-59.0,False,54
34.816210985,beacon,AP01,broadcast,-72.0,False,6
34.918648005,beacon,AP01,broadcast,-72.0,False,6
35.021028996,beacon,AP01,broadcast,-72.0,False,6
35.123440981,beacon,AP01,broadcast,-72.0,False,6
35.225835085,beacon,AP01,broadcast,-72.0,False,6
35.328222036,beacon,AP01,broadcast,-72.0,False,6
35.430635929,beacon,AP01,broadcast,-72.0,False,6
35.533025980,beacon,AP01,broadcast,-72.0,False,6
35.635415077,beacon,AP01,broadcast,-72.0,False,6
35.737841129,beacon,AP01,broadcast,-72.0,False,6
35.840245008,beacon,AP01,broadcast,-72.0,False,6
35.942640066,beacon,AP01,broadcast,-72.0,False,6
36.045074940,beacon,AP01,broadcast,-72.0,False,6
36.100129128,ndpa,AP01,C01,-73.0,False,24
36.100228071,bfi,C01,AP01,-59.0,False,54
36.147465944,beacon,AP01,broadcast,-72.0,False,6
36.249894142,beacon,AP01,broadcast,-73.0,False,6
36.352291107,beacon,AP01,broadcast,-72.0,False,6
36.454684973,beacon,AP01,broadcast,-72.0,False,6
36.557074070,beacon,AP01,broadcast,-72.0,False,6
36.659460068,beacon,AP01,broadcast,-72.0,False,6
36.761871099,beacon,AP01,broadcast,-72.0,False,6
36.864274025,beacon,AP01,broadcast,-72.0,False,6
36.966644049,beacon,AP01,broadcast,-73.0,False,6
37.069160938,beacon,AP01,broadcast,-72.0,False,6
37.171544075,beacon,AP01,broadcast,-72.0,False,6
37.273961067,beacon,AP01,broadcast,-72.0,False,6
37.376356125,beacon,AP01,broadcast,-72.0,False,6
37.435977936,ndpa,AP01,C01,-72.0,False,24
37.436060905,bfi,C01,AP01,-59.0,False,54
37.478759050,beacon,AP01,broadcast,-72.0,False,6
37.581115007,beacon,AP01,broadcast,-71.0,False,6
37.683562040,beacon,AP01,broadcast,-71.0,False,6
37.785948992,beacon,AP01,broadcast,-71.0,False,6
37.888273001,beacon,AP01,broadcast,-72.0,False,6
37.990751028,beacon,AP01,broadcast,-71.0,False,6
38.093043089,beacon,AP01,broadcast,-71.0,False,6
38.195539951,beacon,AP01,broadcast,-71.0,False,6
38.297955036,beacon,AP01,broadcast,-71.0,False,6
38.400347948,beacon,AP01,broadcast,-71.0,False,6
38.502782106,beacon,AP01,broadcast,-71.0,False,6
38.605122089,beacon,AP01,broadcast,-71.0,False,6
38.707514048,beacon,AP01,broadcast,-71.0,False,6
38.768618107,ndpa,AP01,C01,-72.0,False,24
38.768703938,bfi,C01,AP01,-59.0,False,54
38.809971094,beacon,AP01,broadcast,-71.0,False,6
38.912360907,beacon,AP01,broadcast,-71.0,False,6
39.014753103,beacon,AP01,broadcast,-71.0,False,6
39.117141008,beacon,AP01,broadcast,-71.0,False,6
39.219609022,beacon,AP01,broadcast,-71.0,False,6
39.321973085,beacon,AP01,broadcast,-71.0,False,6
39.424377918,beacon,AP01,broadcast,-71.0,False,6
39.538053036,beacon,AP01,broadcast,-71.0,False,6
39.629199028,beacon,AP01,broadcast,-71.0,False,6
39.731575012,beacon,AP01,broadcast,-71.0,False,6
39.833993912,beacon,AP01,broadcast,-71.0,False,6
39.936366081,beacon,AP01,broadcast,-72.0,False,6
40.038667917,beacon,AP01,broadcast,-71.0,False,6
40.100590944,ndpa,AP01,C01,-72.0,False,24
40.100605965,bfi,C01,AP01,-58.0,False,54
40.141137123,beacon,AP01,broadcast,-71.0,False,6
40.243576050,beacon,AP01,broadcast,-71.0,False,6
40.346004963,beacon,AP01,broadcast,-71.0,False,6
40.448317051,beacon,AP01,broadcast,-71.0,False,6
40.550687075,beacon,AP01,broadcast,-71.0,False,6
40.653111935,beacon,AP01,broadcast,-71.0,False,6
40.755578041,beacon,AP01,broadcast,-71.0,False,6
40.858009100,beacon,AP01,broadcast,-71.0,False,6
40.960386992,beacon,AP01,broadcast,-71.0,False,6
41.062798023,beacon,AP01,broadcast,-71.0,False,6
41.165086031,beacon,AP01,broadcast,-71.0,False,6
41.267583132,beacon,AP01,broadcast,-71.0,False,6
41.370002985,beacon,AP01,broadcast,-72.0,False,6
41.436453104,ndpa,AP01,C01,-72.0,False,24
41.436506033,bfi,C01,AP01,-59.0,False,54
41.472409964,beacon,AP01,broadcast,-72.0,False,6
41.574790955,beacon,AP01,broadcast,-71.0,False,6
41.677187920,beacon,AP01,broadcast,-72.0,False,6
41.779609919,beacon,AP01,broadcast,-71.0,False,6
41.882014990,beacon,AP01,broadcast,-72.0,False,6
41.984306097,beacon,AP01,broadcast,-71.0,False,6
42.086801052,beacon,AP01,broadcast,-71.0,False,6
42.189202070,beacon,AP01,broadcast,-72.0,False,6
42.291538954,beacon,AP01,broadcast,-72.0,False,6
42.393957138,beacon,AP01,broadcast,-72.0,False,6
42.496330023,beacon,AP01,broadcast,-72.0,False,6
42.598721027,beacon,AP01,broadcast,-72.0,False,6
42.701174974,beacon,AP01,broadcast,-71.0,False,6
42.768959999,ndpa,AP01,C01,-72.0,False,24
42.769041061,bfi,C01,AP01,-59.0,False,54
42.803533077,beacon,AP01,broadcast,-71.0,False,6
42.905956030,beacon,AP01,broadcast,-71.0,False,6
43.008342028,beacon,AP01,broadcast,-71.0,False,6
43.110733986,beacon,AP01,broadcast,-71.0,False,6
43.213113070,beacon,AP01,broadcast,-71.0,False,6
43.315541029,beacon,AP01,broadcast,-71.0,False,6
43.417907953,beacon,AP01,broadcast,-71.0,False,6
43.520301104,beacon,AP01,broadcast,-71.0,False,6
43.622749090,beacon,AP01,broadcast,-71.0,False,6
43.725124121,beacon,AP01,broadcast,-72.0,False,6
43.827498913,beacon,AP01,broadcast,-71.0,False,6
43.929916143,beacon,AP01,broadcast,-72.0,False,6
44.032344103,beacon,AP01,broadcast,-72.0,False,6
44.115467072,ndpa,AP01,C01,-72.0,False,24
44.115592003,bfi,C01,AP01,-59.0,False,54
44.134724140,beacon,AP01,broadcast,-72.0,False,6
44.237167120,beacon,AP01,broadcast,-72.0,False,6
44.339558125,beacon,AP01,broadcast,-72.0,False,6
44.441970110,beacon,AP01,broadcast,-72.0,False,6
44.558134079,beacon,AP01,broadcast,-71.0,False,6
44.646764994,beacon,AP01,broadcast,-71.0,False,6
44.749197960,beacon,AP01,broadcast,-71.0,False,6
44.851624012,beacon,AP01,broadcast,-72.0,False,6
44.954049110,beacon,AP01,broadcast,-71.0,False,6
45.056277037,beacon,AP01,broadcast,-71.0,False,6
45.158822060,beacon,AP01,broadcast,-71.0,False,6
45.261204958,beacon,AP01,broadcast,-71.0,False,6
45.363533020,beacon,AP01,broadcast,-71.0,False,6
45.436644077,ndpa,AP01,C01,-73.0,False,24
45.436650038,bfi,C01,AP01,-59.0,False,54
45.466048956,beacon,AP01,broadcast,-72.0,False,6
45.568414927,beacon,AP01,broadcast,-71.0,False,6
45.670835018,beacon,AP01,broadcast,-71.0,False,6
45.773242950,beacon,AP01,broadcast,-71.0,False,6
45.875622034,beacon,AP01,broadcast,-71.0,False,6
45.978045940,beacon,AP01,broadcast,-71.0,False,6
46.080464125,beacon,AP01,broadcast,-71.0,False,6
46.182843924,beacon,AP01,broadcast,-72.0,False,6
46.285201073,beacon,AP01,broadcast,-72.0,False,6
46.387624979,beacon,AP01,broadcast,-71.0,False,6
46.490062952,beacon,AP01,broadcast,-72.0,False,6
46.592452049,beacon,AP01,broadcast,-71.0,False,6
46.694839954,beacon,AP01,broadcast,-71.0,False,6
46.768717051,ndpa,AP01,C01,-72.0,False,24
46.768774033,bfi,C01,AP01,-59.0,False,54
46.797229052,beacon,AP01,broadcast,-71.0,False,6
46.899667025,beacon,AP01,broadcast,-72.0,False,6
47.001946926,beacon,AP01,broadcast,-71.0,False,6
47.104424000,beacon,AP01,broadcast,-72.0,False,6
47.206870079,beacon,AP01,broadcast,-71.0,False,6
47.309200048,beacon,AP01,broadcast,-72.0,False,6
47.411660910,beacon,AP01,broadcast,-71.0,False,6
47.514046907,beacon,AP01,broadcast,-72.0,False,6
47.616456985,beacon,AP01,broadcast,-72.0,False,6
47.718843937,beacon,AP01,broadcast,-72.0,False,6
47.821264982,beacon,AP01,broadcast,-72.0,False,6
47.923560143,beacon,AP01,broadcast,-72.0,False,6
48.026010036,beacon,AP01,broadcast,-72.0,False,6
48.100840092,ndpa,AP01,C01,-72.0,False,24
48.100882053,bfi,C01,AP01,-59.0,False,54
48.128350973,beacon,AP01,broadcast,-71.0,False,6
48.230848074,beacon,AP01,broadcast,-71.0,False,6
48.333276987,beacon,AP01,broadcast,-72.0,False,6
48.435647011,beacon,AP01,broadcast,-72.0,False,6
48.538088083,beacon,AP01,broadcast,-71.0,False,6
48.640474081,beacon,AP01,broadcast,-71.0,False,6
48.742883921,beacon,AP01,broadcast,-71.0,False,6
48.845283031,beacon,AP01,broadcast,-71.0,False,6
48.947669983,beacon,AP01,broadcast,-71.0,False,6
49.049962044,beacon,AP01,broadcast,-71.0,False,6
49.152480125,beacon,AP01,broadcast,-71.0,False,6
49.254861116,beacon,AP01,broadcast,-71.0,False,6
49.357264042,beacon,AP01,broadcast,-71.0,False,6
49.436816931,ndpa,AP01,C01,-72.0,False,24
49.436844110,bfi,C01,AP01,-59.0,False,54
49.459676027,beacon,AP01,broadcast,-72.0,False,6
49.578211069,beacon,AP01,broadcast,-71.0,False,6
49.664467096,beacon,AP01,broadcast,-71.0,False,6
49.766876936,beacon,AP01,broadcast,-71.0,False,6
49.869208097,beacon,AP01,broadcast,-71.0,False,6
49.971580029,beacon,AP01,broadcast,-72.0,False,6
50.073980093,beacon,AP01,broadcast,-71.0,False,6
50.176373959,beacon,AP01,broadcast,-71.0,False,6
50.278768063,beacon,AP01,broadcast,-72.0,False,6
50.381206989,beacon,AP01,broadcast,-72.0,False,6
50.483611107,beacon,AP01,broadcast,-72.0,False,6
50.585978985,beacon,AP01,broadcast,-72.0,False,6
50.688370943,beacon,AP01,broadcast,-71.0,False,6
50.770165920,ndpa,AP01,C01,-72.0,False,24
50.770251989,bfi,C01,AP01,-59.0,False,54
50.790784121,beacon,AP01,broadcast,-71.0,False,6
50.893225908,beacon,AP01,broadcast,-71.0,False,6
50.995567083,beacon,AP01,broadcast,-71.0,False,6
51.098006964,beacon,AP01,broadcast,-71.0,False,6
51.200437069,beacon,AP01,broadcast,-71.0,False,6
51.302829981,beacon,AP01,broadcast,-71.0,False,6
51.405198097,beacon,AP01,broadcast,-71.0,False,6
51.507632971,beacon,AP01,broadcast,-71.0,False,6
51.610029936,beacon,AP01,broadcast,-71.0,False,6
51.712384939,beacon,AP01,broadcast,-71.0,False,6
51.814841032,beacon,AP01,broadcast,-72.0,False,6
51.917253971,beacon,AP01,broadcast,-71.0,False,6
52.019655943,beacon,AP01,broadcast,-71.0,False,6
52.101135969,ndpa,AP01,C01,-72.0,False,24
52.101239920,bfi,C01,AP01,-59.0,False,54
52.121978998,beacon,AP01,broadcast,-71.0,False,6
52.224414110,beacon,AP01,broadcast,-71.0,False,6
52.326808929,beacon,AP01,broadcast,-71.0,False,6
52.429197073,beacon,AP01,broadcast,-71.0,False,6
52.531709909,beacon,AP01,broadcast,-71.0,False,6
52.634006977,beacon,AP01,broadcast,-71.0,False,6
52.736549139,beacon,AP01,broadcast,-71.0,False,6
52.838810921,beacon,AP01,broadcast,-71.0,False,6
52.941260099,beacon,AP01,broadcast,-71.0,False,6
53.043689966,beacon,AP01,broadcast,-71.0,False,6
53.146106005,beacon,AP01,broadcast,-71.0,False,6
53.248497009,beacon,AP01,broadcast,-71.0,False,6
53.350785017,beacon,AP01,broadcast,-71.0,False,6
53.436516047,ndpa,AP01,C01,-72.0,False,24
53.436536074,bfi,C01,AP01,-59.0,False,54
53.453274965,beacon,AP01,broadcast,-72.0,False,6
53.555701971,beacon,AP01,broadcast,-71.0,False,6
53.658114910,beacon,AP01,broadcast,-71.0,False,6
53.760496140,beacon,AP01,broadcast,-72.0,False,6
53.862914085,beacon,AP01,broadcast,-71.0,False,6
53.965343952,beacon,AP01,broadcast,-71.0,False,6
54.067594051,beacon,AP01,broadcast,-71.0,False,6
54.170136929,beacon,AP01,broadcast,-72.0,False,6
54.272514105,beacon,AP01,broadcast,-71.0,False,6
54.377278090,beacon,AP01,broadcast,-72.0,False,6
54.477308989,beacon,AP01,broadcast,-71.0,False,6
54.598283052,beacon,AP01,broadcast,-71.0,False,6
54.682132006,beacon,AP01,broadcast,-71.0,False,6
54.768882990,ndpa,AP01,C01,-72.0,False,24
54.768932104,bfi,C01,AP01,-58.0,False,54
54.784541130,beacon,AP01,broadcast,-71.0,False,6
54.886922121,beacon,AP01,broadcast,-71.0,False,6
54.989295006,beacon,AP01,broadcast,-71.0,False,6
55.091643095,beacon,AP01,broadcast,-71.0,False,6
55.194059134,beacon,AP01,broadcast,-71.0,False,6
55.296538115,beacon,AP01,broadcast,-71.0,False,6
55.398805141,beacon,AP01,broadcast,-71.0,False,6
55.501308918,beacon,AP01,broadcast,-71.0,False,6
55.603704929,beacon,AP01,broadcast,-72.0,False,6
55.706110001,beacon,AP01,broadcast,-71.0,False,6
55.808519125,beacon,AP01,broadcast,-72.0,False,6
55.910942078,beacon,AP01,broadcast,-72.0,False,6
56.013319016,beacon,AP01,broadcast,-71.0,False,6
56.101068974,ndpa,AP01,C01,-72.0,False,24
56.101095915,bfi,C01,AP01,-58.0,False,54
56.115734100,beacon,AP01,broadcast,-72.0,False,6
56.218142033,beacon,AP01,broadcast,-72.0,False,6
56.320543051,beacon,AP01,broadcast,-71.0,False,6
56.422918081,beacon,AP01,broadcast,-71.0,False,6
56.525355101,beacon,AP01,broadcast,-71.0,False,6
56.627756119,beacon,AP01,broadcast,-71.0,False,6
56.730122089,beacon,AP01,broadcast,-71.0,False,6
56.832520008,beacon,AP01,broadcast,-71.0,False,6
56.934956074,beacon,AP01,broadcast,-71.0,False,6
57.037250996,beacon,AP01,broadcast,-72.0,False,6
57.139627934,beacon,AP01,broadcast,-71.0,False,6
57.242145061,beacon,AP01,broadcast,-71.0,False,6
57.344557047,beacon,AP01,broadcast,-72.0,False,6
57.436334133,ndpa,AP01,C01,-72.0,False,24
57.436376095,bfi,C01,AP01,-59.0,False,54
57.446933031,beacon,AP01,broadcast,-72.0,False,6
57.549322128,beacon,AP01,broadcast,-71.0,False,6
57.651746035,beacon,AP01,broadcast,-71.0,False,6
57.754053116,beacon,AP01,broadcast,-71.0,False,6
57.856498957,beacon,AP01,broadcast,-71.0,False,6
57.958863020,beacon,AP01,broadcast,-72.0,False,6
58.061250925,beacon,AP01,broadcast,-71.0,False,6
58.163658142,beacon,AP01,broadcast,-71.0,False,6
58.266070127,beacon,AP01,broadcast,-71.0,False,6
58.368461132,beacon,AP01,broadcast,-71.0,False,6
58.470897913,beacon,AP01,broadcast,-72.0,False,6
58.573281050,beacon,AP01,broadcast,-72.0,False,6
58.675627947,beacon,AP01,broadcast,-71.0,False,6
58.769016981,ndpa,AP01,C01,-72.0,False,24
58.769125938,bfi,C01,AP01,-59.0,False,54
58.778059006,beacon,AP01,broadcast,-71.0,False,6
58.880501986,beacon,AP01,broadcast,-71.0,False,6
58.982923985,beacon,AP01,broadcast,-72.0,False,6
59.085310936,beacon,AP01,broadcast,-71.0,False,6
59.187672138,beacon,AP01,broadcast,-71.0,False,6
59.290101051,beacon,AP01,broadcast,-71.0,False,6
59.397252083,beacon,AP01,broadcast,-71.0,False,6
59.494868040,beacon,AP01,broadcast,-71.0,False,6
59.618288040,beacon,AP01,broadcast,-71.0,False,6
59.699669123,beacon,AP01,broadcast,-71.0,False,6
59.802052021,beacon,AP01,broadcast,-71.0,False,6
59.904480934,beacon,AP01,broadcast,-71.0,False,6
60.006880045,beacon,AP01,broadcast,-71.0,False,6
60.101001978,ndpa,AP01,C01,-72.0,False,24
60.101068020,bfi,C01,AP01,-59.0,False,54
60.109287024,beacon,AP01,broadcast,-71.0,False,6
60.211652040,beacon,AP01,broadcast,-71.0,False,6
60.314155102,beacon,AP01,broadcast,-71.0,False,6
60.416453123,beacon,AP01,broadcast,-71.0,False,6
60.518993139,beacon,AP01,broadcast,-71.0,False,6
60.621374130,beacon,AP01,broadcast,-71.0,False,6
60.723767996,beacon,AP01,broadcast,-71.0,False,6
60.826178074,beacon,AP01,broadcast,-71.0,False,6
60.928566933,beacon,AP01,broadcast,-71.0,False,6
61.030960083,beacon,AP01,broadcast,-71.0,False,6
61.133464098,beacon,AP01,broadcast,-71.0,False,6
61.235779047,beacon,AP01,broadcast,-71.0,False,6
61.338172913,beacon,AP01,broadcast,-71.0,False,6
61.436240911,ndpa,AP01,C01,-72.0,False,24
61.436298132,bfi,C01,AP01,-59.0,False,54
61.440563917,beacon,AP01,broadcast,-71.0,False,6
61.542977095,beacon,AP01,broadcast,-71.0,False,6
61.645797014,beacon,AP01,broadcast,-72.0,False,6
61.747779131,beacon,AP01,broadcast,-72.0,False,6
61.850148916,beacon,AP01,broadcast,-71.0,False,6
61.952575922,beacon,AP01,broadcast,-71.0,False,6
62.054927111,beacon,AP01,broadcast,-71.0,False,6
62.157377005,beacon,AP01,broadcast,-71.0,False,6
62.259705067,beacon,AP01,broadcast,-71.0,False,6
62.362211943,beacon,AP01,broadcast,-71.0,False,6
62.464512110,beacon,AP01,broadcast,-71.0,False,6
62.566980124,beacon,AP01,broadcast,-72.0,False,6
62.669310093,beacon,AP01,broadcast,-71.0,False,6
62.768811941,ndpa,AP01,C01,-73.0,False,24
62.768826008,bfi,C01,AP01,-59.0,False,54
62.771795988,beacon,AP01,broadcast,-71.0,False,6
62.874180079,beacon,AP01,broadcast,-71.0,False,6
62.976612091,beacon,AP01,broadcast,-72.0,False,6
63.078992128,beacon,AP01,broadcast,-72.0,False,6
63.181399107,beacon,AP01,broadcast,-71.0,False,6
63.283723116,beacon,AP01,broadcast,-71.0,False,6
63.386141062,beacon,AP01,broadcast,-71.0,False,6
63.488590002,beacon,AP01,broadcast,-71.0,False,6
63.590992928,beacon,AP01,broadcast,-71.0,False,6
63.693413019,beacon,AP01,broadcast,-72.0,False,6
63.795803070,beacon,AP01,broadcast,-71.0,False,6
63.898221016,beacon,AP01,broadcast,-71.0,False,6
64.000622988,beacon,AP01,broadcast,-71.0,False,6
64.101215124,ndpa,AP01,C01,-72.0,False,24
64.101287127,bfi,C01,AP01,-59.0,False,54
64.102999926,beacon,AP01,broadcast,-72.0,False,6
64.205433130,beacon,AP01,broadcast,-71.0,False,6
64.307788134,beacon,AP01,broadcast,-71.0,False,6
64.417439938,beacon,AP01,broadcast,-72.0,False,6
64.512623072,beacon,AP01,broadcast,-72.0,False,6
64.638452053,beacon,AP01,broadcast,-72.0,False,6
64.717378139,beacon,AP01,broadcast,-71.0,False,6
64.819839954,beacon,AP01,broadcast,-71.0,False,6
64.922238111,beacon,AP01,broadcast,-72.0,False,6
65.024604082,beacon,AP01,broadcast,-71.0,False,6
65.127015114,beacon,AP01,broadcast,-71.0,False,6
65.229362965,beacon,AP01,broadcast,-71.0,False,6
65.331711054,beacon,AP01,broadcast,-71.0,False,6
65.434235096,beacon,AP01,broadcast,-71.0,False,6
65.437340021,ndpa,AP01,C01,-72.0,False,24
65.437438965,bfi,C01,AP01,-59.0,False,54
65.536503077,beacon,AP01,broadcast,-71.0,False,6
65.638988972,beacon,AP01,broadcast,-72.0,False,6
65.741364956,beacon,AP01,broadcast,-72.0,False,6
65.843742132,beacon,AP01,broadcast,-72.0,False,6
65.946188927,beacon,AP01,broadcast,-72.0,False,6
66.048532009,beacon,AP01,broadcast,-72.0,False,6
66.150969028,beacon,AP01,broadcast,-72.0,False,6
66.253345013,beacon,AP01,broadcast,-72.0,False,6
66.355740070,beacon,AP01,broadcast,-71.0,False,6
66.458156109,beacon,AP01,broadcast,-71.0,False,6
66.560570002,beacon,AP01,broadcast,-71.0,False,6
66.662951946,beacon,AP01,broadcast,-71.0,False,6
66.765331984,beacon,AP01,broadcast,-72.0,False,6
66.768677950,ndpa,AP01,C01,-72.0,False,24
66.768801928,bfi,C01,AP01,-58.0,False,54
66.867717028,beacon,AP01,broadcast,-72.0,False,6
66.970156908,beacon,AP01,broadcast,-71.0,False,6
67.072556973,beacon,AP01,broadcast,-71.0,False,6
67.174973011,beacon,AP01,broadcast,-71.0,False,6
67.277349949,beacon,AP01,broadcast,-71.0,False,6
67.379768133,beacon,AP01,broadcast,-72.0,False,6
67.482162952,beacon,AP01,broadcast,-71.0,False,6
67.584532976,beacon,AP01,broadcast,-71.0,False,6
67.686943054,beacon,AP01,broadcast,-71.0,False,6
67.789391994,beacon,AP01,broadcast,-71.0,False,6
67.891773939,beacon,AP01,broadcast,-72.0,False,6
67.994151115,beacon,AP01,broadcast,-71.0,False,6
68.096640110,beacon,AP01,broadcast,-71.0,False,6
68.100548029,ndpa,AP01,C01,-72.0,False,24
68.100588083,bfi,C01,AP01,-59.0,False,54
68.198934078,beacon,AP01,broadcast,-71.0,False,6
68.301450968,beacon,AP01,broadcast,-71.0,False,6
68.403856039,beacon,AP01,broadcast,-71.0,False,6
68.506247044,beacon,AP01,broadcast,-71.0,False,6
68.608627081,beacon,AP01,broadcast,-72.0,False,6
68.711069107,beacon,AP01,broadcast,-72.0,False,6
68.813462019,beacon,AP01,broadcast,-71.0,False,6
68.915858030,beacon,AP01,broadcast,-71.0,False,6
69.018254042,beacon,AP01,broadcast,-71.0,False,6
69.120615959,beacon,AP01,broadcast,-71.0,False,6
69.223035097,beacon,AP01,broadcast,-72.0,False,6
69.325480938,beacon,AP01,broadcast,-71.0,False,6
69.437442064,beacon,AP01,broadcast,-71.0,False,6
69.437469959,ndpa,AP01,C01,-72.0,False,24
69.437619925,bfi,C01,AP01,-59.0,False,54
69.530200958,beacon,AP01,broadcast,-72.0,False,6
69.658492088,beacon,AP01,broadcast,-72.0,False,6
69.735146046,beacon,AP01,broadcast,-72.0,False,6
69.837471008,beacon,AP01,broadcast,-72.0,False,6
69.939799070,beacon,AP01,broadcast,-72.0,False,6
70.042289019,beacon,AP01,broadcast,-72.0,False,6
70.144558907,beacon,AP01,broadcast,-71.0,False,6
70.247071028,beacon,AP01,broadcast,-71.0,False,6
70.349396944,beacon,AP01,broadcast,-71.0,False,6
70.451910019,beacon,AP01,broadcast,-72.0,False,6
70.554255009,beacon,AP01,broadcast,-71.0,False,6
70.656687021,beacon,AP01,broadcast,-72.0,False,6
70.759094954,beacon,AP01,broadcast,-71.0,False,6
70.768367052,ndpa,AP01,C01,-72.0,False,24
70.768399000,bfi,C01,AP01,-59.0,False,54
70.861482143,beacon,AP01,broadcast,-71.0,False,6
70.963885069,beacon,AP01,broadcast,-71.0,False,6
71.066287994,beacon,AP01,broadcast,-72.0,False,6
71.168690920,beacon,AP01,broadcast,-71.0,False,6
71.271129131,beacon,AP01,broadcast,-71.0,False,6
71.373490095,beacon,AP01,broadcast,-71.0,False,6
71.475914001,beacon,AP01,broadcast,-72.0,False,6
71.578292131,beacon,AP01,broadcast,-71.0,False,6
71.680715084,beacon,AP01,broadcast,-72.0,False,6
71.783134937,beacon,AP01,broadcast,-72.0,False,6
71.885487080,beacon,AP01,broadcast,-71.0,False,6
71.987899065,beacon,AP01,broadcast,-72.0,False,6
72.090249062,beacon,AP01,broadcast,-72.0,False,6
72.100136995,ndpa,AP01,C01,-72.0,False,24
72.100141048,bfi,C01,AP01,-59.0,False,54
72.192668915,beacon,AP01,broadcast,-71.0,False,6
72.295130014,beacon,AP01,broadcast,-72.0,False,6
72.397395134,beacon,AP01,broadcast,-72.0,False,6
72.499819994,beacon,AP01,broadcast,-72.0,False,6
72.602319002,beacon,AP01,broadcast,-72.0,False,6
72.704627991,beacon,AP01,broadcast,-71.0,False,6
72.807157040,beacon,AP01,broadcast,-71.0,False,6
72.909526110,beacon,AP01,broadcast,-71.0,False,6
73.011945963,beacon,AP01,broadcast,-71.0,False,6
73.114294052,beacon,AP01,broadcast,-71.0,False,6
73.216602087,beacon,AP01,broadcast,-71.0,False,6
73.319008112,beacon,AP01,broadcast,-71.0,False,6
73.421410084,beacon,AP01,broadcast,-71.0,False,6
73.436635971,ndpa,AP01,C01,-73.0,False,24
73.436748981,bfi,C01,AP01,-59.0,False,54
73.523844957,beacon,AP01,broadcast,-71.0,False,6
73.626267910,beacon,AP01,broadcast,-72.0,False,6
73.728641033,beacon,AP01,broadcast,-72.0,False,6
73.831032038,beacon,AP01,broadcast,-72.0,False,6
73.933459997,beacon,AP01,broadcast,-72.0,False,6
74.035818100,beacon,AP01,broadcast,-71.0,False,6
74.138301134,beacon,AP01,broadcast,-71.0,False,6
74.240668058,beacon,AP01,broadcast,-71.0,False,6
74.343075991,beacon,AP01,broadcast,-71.0,False,6
74.461544991,beacon,AP01,broadcast,-71.0,False,6
74.547878027,beacon,AP01,broadcast,-72.0,False,6
74.650229931,beacon,AP01,broadcast,-71.0,False,6
74.752609968,beacon,AP01,broadcast,-72.0,False,6
74.768311977,ndpa,AP01,C01,-73.0,False,24
74.768404961,bfi,C01,AP01,-59.0,False,54
74.855046034,beacon,AP01,broadcast,-71.0,False,6
74.957435131,beacon,AP01,broadcast,-71.0,False,6
75.059802055,beacon,AP01,broadcast,-71.0,False,6
75.162218094,beacon,AP01,broadcast,-72.0,False,6
75.264616013,beacon,AP01,broadcast,-72.0,False,6
75.367046118,beacon,AP01,broadcast,-71.0,False,6
75.469428062,beacon,AP01,broadcast,-72.0,False,6
75.571831942,beacon,AP01,broadcast,-71.0,False,6
75.674243927,beacon,AP01,broadcast,-71.0,False,6
75.776741028,beacon,AP01,broadcast,-72.0,False,6
75.879148960,beacon,AP01,broadcast,-71.0,False,6
75.981523991,beacon,AP01,broadcast,-72.0,False,6
76.083919048,beacon,AP01,broadcast,-71.0,False,6
76.100508928,ndpa,AP01,C01,-72.0,False,24
76.100587130,bfi,C01,AP01,-59.0,False,54
76.186347961,beacon,AP01,broadcast,-71.0,False,6
76.288753033,beacon,AP01,broadcast,-71.0,False,6
76.391152143,beacon,AP01,broadcast,-71.0,False,6
76.493515015,beacon,AP01,broadcast,-71.0,False,6
76.595947981,beacon,AP01,broadcast,-71.0,False,6
76.698324919,beacon,AP01,broadcast,-71.0,False,6
76.800750017,beacon,AP01,broadcast,-71.0,False,6
76.903119087,beacon,AP01,broadcast,-71.0,False,6
77.005532026,beacon,AP01,broadcast,-71.0,False,6
77.107955933,beacon,AP01,broadcast,-71.0,False,6
77.210253954,beacon,AP01,broadcast,-72.0,False,6
77.312700987,beacon,AP01,broadcast,-71.0,False,6
77.415034056,beacon,AP01,broadcast,-71.0,False,6
77.436880112,ndpa,AP01,C01,-72.0,False,24
77.436959028,bfi,C01,AP01,-59.0,False,54
77.517556906,beacon,AP01,broadcast,-71.0,False,6
77.619952917,beacon,AP01,broadcast,-71.0,False,6
77.722254992,beacon,AP01,broadcast,-71.0,False,6
77.824760914,beacon,AP01,broadcast,-71.0,False,6
77.927177906,beacon,AP01,broadcast,-71.0,False,6
78.029540062,beacon,AP01,broadcast,-71.0,False,6
78.131958961,beacon,AP01,broadcast,-71.0,False,6
78.234353065,beacon,AP01,broadcast,-71.0,False,6
78.336753130,beacon,AP01,broadcast,-71.0,False,6
78.439147949,beacon,AP01,broadcast,-71.0,False,6
78.541567087,beacon,AP01,broadcast,-71.0,False,6
78.643897057,beacon,AP01,broadcast,-71.0,False,6
78.746359110,beacon,AP01,broadcast,-71.0,False,6
78.768574953,ndpa,AP01,C01,-72.0,False,24
78.768629074,bfi,C01,AP01,-58.0,False,54
78.848671913,beacon,AP01,broadcast,-71.0,False,6
78.951200962,beacon,AP01,broadcast,-72.0,False,6
79.053556919,beacon,AP01,broadcast,-71.0,False,6
79.155964136,beacon,AP01,broadcast,-71.0,False,6
79.258353949,beacon,AP01,broadcast,-71.0,False,6
79.360788107,beacon,AP01,broadcast,-71.0,False,6
79.477664948,beacon,AP01,broadcast,-71.0,False,6
79.565555096,beacon,AP01,broadcast,-71.0,False,6
79.667979956,beacon,AP01,broadcast,-72.0,False,6
79.770306110,beacon,AP01,broadcast,-71.0,False,6
79.872761011,beacon,AP01,broadcast,-71.0,False,6
79.975065947,beacon,AP01,broadcast,-71.0,False,6
80.077594042,beacon,AP01,broadcast,-72.0,False,6
80.101952076,ndpa,AP01,C01,-73.0,False,24
80.101987123,bfi,C01,AP01,-59.0,False,54
80.179983139,beacon,AP01,broadcast,-71.0,False,6
80.282315016,beacon,AP01,broadcast,-72.0,False,6
80.384778976,beacon,AP01,broadcast,-72.0,False,6
80.487121105,beacon,AP01,broadcast,-71.0,False,6
80.589560032,beacon,AP01,broadcast,-72.0,False,6
80.691985130,beacon,AP01,broadcast,-71.0,False,6
80.794378042,beacon,AP01,broadcast,-72.0,False,6
80.896786928,beacon,AP01,broadcast,-72.0,False,6
80.999135017,beacon,AP01,broadcast,-72.0,False,6
81.101480007,beacon,AP01,broadcast,-72.0,False,6
81.203902960,beacon,AP01,broadcast,-72.0,False,6
81.306313038,beacon,AP01,broadcast,-72.0,False,6
81.408679962,beacon,AP01,broadcast,-72.0,False,6
81.437184095,ndpa,AP01,C01,-72.0,False,24
81.437262058,bfi,C01,AP01,-59.0,False,54
81.511137962,beacon,AP01,broadcast,-72.0,False,6
81.613506079,beacon,AP01,broadcast,-72.0,False,6
81.715914965,beacon,AP01,broadcast,-72.0,False,6
81.818304062,beacon,AP01,broadcast,-72.0,False,6
81.920702934,beacon,AP01,broadcast,-72.0,False,6
82.023100138,beacon,AP01,broadcast,-72.0,False,6
82.125512123,beacon,AP01,broadcast,-72.0,False,6
82.227930069,beacon,AP01,broadcast,-72.0,False,6
82.330326080,beacon,AP01,broadcast,-72.0,False,6
82.432707071,beacon,AP01,broadcast,-72.0,False,6
82.535146952,beacon,AP01,broadcast,-72.0,False,6
82.637501001,beacon,AP01,broadcast,-73.0,False,6
82.739907980,beacon,AP01,broadcast,-72.0,False,6
82.769112110,ndpa,AP01,C01,-72.0,False,24
82.769206047,bfi,C01,AP01,-58.0,False,54
82.842306137,beacon,AP01,broadcast,-72.0,False,6
82.944705009,beacon,AP01,broadcast,-72.0,False,6
83.047119141,beacon,AP01,broadcast,-72.0,False,6
83.149513960,beacon,AP01,broadcast,-72.0,False,6
83.251908064,beacon,AP01,broadcast,-72.0,False,6
83.354326963,beacon,AP01,broadcast,-72.0,False,6
83.456713915,beacon,AP01,broadcast,-72.0,False,6
83.559215069,beacon,AP01,broadcast,-72.0,False,6
83.661648035,beacon,AP01,broadcast,-72.0,False,6
83.763903141,beacon,AP01,broadcast,-72.0,False,6
83.866425037,beacon,AP01,broadcast,-72.0,False,6
83.968790054,beacon,AP01,broadcast,-72.0,False,6
84.071207047,beacon,AP01,broadcast,-72.0,False,6
84.101383924,ndpa,AP01,C01,-73.0,False,24
84.101413012,bfi,C01,AP01,-59.0,False,54
84.173593044,beacon,AP01,broadcast,-72.0,False,6
84.276735067,beacon,AP01,broadcast,-72.0,False,6
84.378401041,beacon,AP01,broadcast,-73.0,False,6
84.497717142,beacon,AP01,broadcast,-72.0,False,6
84.583216906,beacon,AP01,broadcast,-72.0,False,6
84.685539007,beacon,AP01,broadcast,-72.0,False,6
84.787913084,beacon,AP01,broadcast,-72.0,False,6
84.890360117,beacon,AP01,broadcast,-72.0,False,6
84.992834091,beacon,AP01,broadcast,-72.0,False,6
85.095228910,beacon,AP01,broadcast,-72.0,False,6
85.197631121,beacon,AP01,broadcast,-72.0,False,6
85.300020933,beacon,AP01,broadcast,-72.0,False,6
85.402457952,beacon,AP01,broadcast,-72.0,False,6
85.437035084,ndpa,AP01,C01,-73.0,False,24
85.437062025,bfi,C01,AP01,-59.0,False,54
85.504825115,beacon,AP01,broadcast,-72.0,False,6
85.607244015,beacon,AP01,broadcast,-72.0,False,6
85.709614992,beacon,AP01,broadcast,-72.0,False,6
85.812026024,beacon,AP01,broadcast,-72.0,False,6
85.914518118,beacon,AP01,broadcast,-72.0,False,6
86.016832113,beacon,AP01,broadcast,-72.0,False,6
86.119220018,beacon,AP01,broadcast,-72.0,False,6
86.221645117,beacon,AP01,broadcast,-72.0,False,6
86.324065924,beacon,AP01,broadcast,-72.0,False,6
86.426451921,beacon,AP01,broadcast,-72.0,False,6
86.528827906,beacon,AP01,broadcast,-72.0,False,6
86.631215096,beacon,AP01,broadcast,-72.0,False,6
86.733612061,beacon,AP01,broadcast,-72.0,False,6
86.768400908,ndpa,AP01,C01,-72.0,False,24
86.768455982,bfi,C01,AP01,-58.0,False,54
86.835962057,beacon,AP01,broadcast,-72.0,False,6
86.938447952,beacon,AP01,broadcast,-72.0,False,6
87.040920019,beacon,AP01,broadcast,-72.0,False,6
87.143259048,beacon,AP01,broadcast,-71.0,False,6
87.245551109,beacon,AP01,broadcast,-72.0,False,6
87.348036051,beacon,AP01,broadcast,-72.0,False,6
87.450365067,beacon,AP01,broadcast,-72.0,False,6
87.552822113,beacon,AP01,broadcast,-72.0,False,6
87.655205011,beacon,AP01,broadcast,-72.0,False,6
87.757659912,beacon,AP01,broadcast,-72.0,False,6
87.859941006,beacon,AP01,broadcast,-72.0,False,6
87.962454081,beacon,AP01,broadcast,-72.0,False,6
88.064857960,beacon,AP01,broadcast,-72.0,False,6
88.101449966,ndpa,AP01,C01,-72.0,False,24
88.101464033,bfi,C01,AP01,-58.0,False,54
88.167238951,beacon,AP01,broadcast,-72.0,False,6
88.269662142,beacon,AP01,broadcast,-72.0,False,6
88.372060061,beacon,AP01,broadcast,-72.0,False,6
88.474445105,beacon,AP01,broadcast,-72.0,False,6
88.576833010,beacon,AP01,broadcast,-72.0,False,6
88.679280043,beacon,AP01,broadcast,-72.0,False,6
88.781603098,beacon,AP01,broadcast,-72.0,False,6
88.883991957,beacon,AP01,broadcast,-72.0,False,6
88.986392021,beacon,AP01,broadcast,-72.0,False,6
89.088768959,beacon,AP01,broadcast,-72.0,False,6
89.191178083,beacon,AP01,broadcast,-72.0,False,6
89.296728134,beacon,AP01,broadcast,-72.0,False,6
89.395967007,beacon,AP01,broadcast,-72.0,False,6
89.436712027,ndpa,AP01,C01,-72.0,False,24
89.436794996,bfi,C01,AP01,-58.0,False,54
89.517745018,beacon,AP01,broadcast,-72.0,False,6
89.600769043,beacon,AP01,broadcast,-72.0,False,6
89.703186989,beacon,AP01,broadcast,-72.0,False,6
89.805580139,beacon,AP01,broadcast,-72.0,False,6
89.907964945,beacon,AP01,broadcast,-72.0,False,6
90.010432959,beacon,AP01,broadcast,-72.0,False,6
90.112808943,beacon,AP01,broadcast,-72.0,False,6
90.215184927,beacon,AP01,broadcast,-72.0,False,6
90.317596912,beacon,AP01,broadcast,-73.0,False,6
90.419984102,beacon,AP01,broadcast,-72.0,False,6
90.522376060,beacon,AP01,broadcast,-72.0,False,6
90.624762058,beacon,AP01,broadcast,-72.0,False,6
90.727178097,beacon,AP01,broadcast,-72.0,False,6
90.768357038,ndpa,AP01,C01,-72.0,False,24
90.768480062,bfi,C01,AP01,-59.0,False,54
90.829594135,beacon,AP01,broadcast,-72.0,False,6
90.931967020,beacon,AP01,broadcast,-72.0,False,6
91.034399986,beacon,AP01,broadcast,-72.0,False,6
91.136807919,beacon,AP01,broadcast,-72.0,False,6
91.239192009,beacon,AP01,broadcast,-72.0,False,6
91.341687918,beacon,AP01,broadcast,-72.0,False,6
91.444076061,beacon,AP01,broadcast,-72.0,False,6
91.546463013,beacon,AP01,broadcast,-72.0,False,6
91.648903131,beacon,AP01,broadcast,-72.0,False,6
91.751209974,beacon,AP01,broadcast,-72.0,False,6
91.853688955,beacon,AP01,broadcast,-72.0,False,6
91.956001997,beacon,AP01,broadcast,-72.0,False,6
92.058491945,beacon,AP01,broadcast,-72.0,False,6
92.100922108,ndpa,AP01,C01,-72.0,False,24
92.100978136,bfi,C01,AP01,-59.0,False,54
92.160870075,beacon,AP01,broadcast,-72.0,False,6
92.263319016,beacon,AP01,broadcast,-72.0,False,6
92.365677118,beacon,AP01,broadcast,-72.0,False,6
92.468099117,beacon,AP01,broadcast,-72.0,False,6
92.570500135,beacon,AP01,broadcast,-72.0,False,6
92.672730923,beacon,AP01,broadcast,-72.0,False,6
92.775317907,beacon,AP01,broadcast,-72.0,False,6
92.877684116,beacon,AP01,broadcast,-72.0,False,6
92.980108976,beacon,AP01,broadcast,-72.0,False,6
93.082526922,beacon,AP01,broadcast,-71.0,False,6
93.184890032,beacon,AP01,broadcast,-72.0,False,6
93.287311077,beacon,AP01,broadcast,-72.0,False,6
93.389688015,beacon,AP01,broadcast,-72.0,False,6
93.436764002,ndpa,AP01,C01,-72.0,False,24
93.436774969,bfi,C01,AP01,-59.0,False,54
93.492110968,beacon,AP01,broadcast,-72.0,False,6
93.594473124,beacon,AP01,broadcast,-72.0,False,6
93.696898937,beacon,AP01,broadcast,-72.0,False,6
93.799309015,beacon,AP01,broadcast,-72.0,False,6
93.901705980,beacon,AP01,broadcast,-71.0,False,6
94.004004955,beacon,AP01,broadcast,-72.0,False,6
94.106522083,beacon,AP01,broadcast,-72.0,False,6
94.208888054,beacon,AP01,broadcast,-72.0,False,6
94.317409992,beacon,AP01,broadcast,-72.0,False,6
94.413721085,beacon,AP01,broadcast,-72.0,False,6
94.537895918,beacon,AP01,broadcast,-72.0,False,6
94.618494034,beacon,AP01,broadcast,-71.0,False,6
94.720917940,beacon,AP01,broadcast,-72.0,False,6
94.768651009,ndpa,AP01,C01,-72.0,False,24
94.768706083,bfi,C01,AP01,-59.0,False,54
94.823343992,beacon,AP01,broadcast,-72.0,False,6
94.925714016,beacon,AP01,broadcast,-72.0,False,6
95.028111935,beacon,AP01,broadcast,-71.0,False,6
95.130518913,beacon,AP01,broadcast,-72.0,False,6
95.232928038,beacon,AP01,broadcast,-72.0,False,6
95.335320950,beacon,AP01,broadcast,-72.0,False,6
95.437721968,beacon,AP01,broadcast,-72.0,False,6
95.540133953,beacon,AP01,broadcast,-72.0,False,6
95.642463923,beacon,AP01,broadcast,-72.0,False,6
95.744940042,beacon,AP01,broadcast,-72.0,False,6
95.847331047,beacon,AP01,broadcast,-72.0,False,6
95.949721098,beacon,AP01,broadcast,-72.0,False,6
96.052142143,beacon,AP01,broadcast,-72.0,False,6
96.101786137,ndpa,AP01,C01,-72.0,False,24
96.101814032,bfi,C01,AP01,-59.0,False,54
96.154524088,beacon,AP01,broadcast,-72.0,False,6
96.256922007,beacon,AP01,broadcast,-72.0,False,6
96.359213114,beacon,AP01,broadcast,-72.0,False,6
96.461663008,beacon,AP01,broadcast,-72.0,False,6
96.564075947,beacon,AP01,broadcast,-72.0,False,6
96.666495085,beacon,AP01,broadcast,-72.0,False,6
96.768821001,beacon,AP01,broadcast,-72.0,False,6
96.871262074,beacon,AP01,broadcast,-72.0,False,6
96.973659039,beacon,AP01,broadcast,-72.0,False,6
97.076041937,beacon,AP01,broadcast,-72.0,False,6
97.178484917,beacon,AP01,broadcast,-72.0,False,6
97.280878067,beacon,AP01,broadcast,-72.0,False,6
97.383285046,beacon,AP01,broadcast,-72.0,False,6
97.437155962,ndpa,AP01,C01,-73.0,False,24
97.437237024,bfi,C01,AP01,-59.0,False,54
97.485697985,beacon,AP01,broadcast,-72.0,False,6
97.588099003,beacon,AP01,broadcast,-72.0,False,6
97.690519094,beacon,AP01,broadcast,-72.0,False,6
97.792905092,beacon,AP01,broadcast,-72.0,False,6
97.895249128,beacon,AP01,broadcast,-72.0,False,6
97.997669935,beacon,AP01,broadcast,-73.0,False,6
98.100075960,beacon,AP01,broadcast,-72.0,False,6
98.202445030,beacon,AP01,broadcast,-72.0,False,6
98.304911137,beacon,AP01,broadcast,-72.0,False,6
98.407320023,beacon,AP01,broadcast,-72.0,False,6
98.509656906,beacon,AP01,broadcast,-72.0,False,6
98.612116098,beacon,AP01,broadcast,-72.0,False,6
98.714467049,beacon,AP01,broadcast,-72.0,False,6
98.768938065,ndpa,AP01,C01,-72.0,False,24
98.769022942,bfi,C01,AP01,-59.0,False,54
98.816874027,beacon,AP01,broadcast,-72.0,False,6
98.919264078,beacon,AP01,broadcast,-72.0,False,6
99.021666050,beacon,AP01,broadcast,-72.0,False,6
99.124166012,beacon,AP01,broadcast,-72.0,False,6
99.226473093,beacon,AP01,broadcast,-72.0,False,6
99.336985111,beacon,AP01,broadcast,-72.0,False,6
99.431370020,beacon,AP01,broadcast,-72.0,False,6
99.558018923,beacon,AP01,broadcast,-72.0,False,6
99.636160135,beacon,AP01,broadcast,-72.0,False,6
99.738523960,beacon,AP01,broadcast,-72.0,False,6
99.840948105,beacon,AP01,broadcast,-72.0,False,6
99.943365097,beacon,AP01,broadcast,-72.0,False,6
100.045757055,beacon,AP01,broadcast,-72.0,False,6
100.101331949,ndpa,AP01,C01,-73.0,False,24
100.101436138,bfi,C01,AP01,-59.0,False,54
100.148060083,beacon,AP01,broadcast,-72.0,False,6
100.250612020,beacon,AP01,broadcast,-72.0,False,6
100.352962971,beacon,AP01,broadcast,-72.0,False,6
100.455404043,beacon,AP01,broadcast,-72.0,False,6
100.557779074,beacon,AP01,broadcast,-72.0,False,6
100.660165071,beacon,AP01,broadcast,-72.0,False,6
100.762454033,beacon,AP01,broadcast,-72.0,False,6
100.864952087,beacon,AP01,broadcast,-72.0,False,6
100.967373133,beacon,AP01,broadcast,-72.0,False,6
101.069787025,beacon,AP01,broadcast,-72.0,False,6
101.172191143,beacon,AP01,broadcast,-72.0,False,6
101.274563074,beacon,AP01,broadcast,-71.0,False,6
101.376976013,beacon,AP01,broadcast,-71.0,False,6
101.437233925,ndpa,AP01,C01,-72.0,False,24
101.437313080,bfi,C01,AP01,-59.0,False,54
101.479373932,beacon,AP01,broadcast,-72.0,False,6
101.581790924,beacon,AP01,broadcast,-72.0,False,6
101.684217930,beacon,AP01,broadcast,-72.0,False,6
101.786529064,beacon,AP01,broadcast,-71.0,False,6
101.889015913,beacon,AP01,broadcast,-71.0,False,6
101.991266012,beacon,AP01,broadcast,-71.0,False,6
102.093773127,beacon,AP01,broadcast,-72.0,False,6
102.196170092,beacon,AP01,broadcast,-72.0,False,6
102.298609972,beacon,AP01,broadcast,-72.0,False,6
102.400991917,beacon,AP01,broadcast,-71.0,False,6
102.503407955,beacon,AP01,broadcast,-72.0,False,6
102.605767965,beacon,AP01,broadcast,-72.0,False,6
102.708224058,beacon,AP01,broadcast,-72.0,False,6
102.768929958,ndpa,AP01,C01,-72.0,False,24
102.768961906,bfi,C01,AP01,-59.0,False,54
102.810467958,beacon,AP01,broadcast,-72.0,False,6
102.913002968,beacon,AP01,broadcast,-71.0,False,6
103.015420914,beacon,AP01,broadcast,-71.0,False,6
103.117692947,beacon,AP01,broadcast,-72.0,False,6
103.220117092,beacon,AP01,broadcast,-71.0,False,6
103.322603941,beacon,AP01,broadcast,-72.0,False,6
103.424996138,beacon,AP01,broadcast,-71.0,False,6
103.527410984,beacon,AP01,broadcast,-72.0,False,6
103.629780054,beacon,AP01,broadcast,-71.0,False,6
103.732203960,beacon,AP01,broadcast,-72.0,False,6
103.834614038,beacon,AP01,broadcast,-72.0,False,6
103.937008142,beacon,AP01,broadcast,-72.0,False,6
104.039420128,beacon,AP01,broadcast,-71.0,False,6
104.101324081,ndpa,AP01,C01,-72.0,False,24
104.101403952,bfi,C01,AP01,-59.0,False,54
104.141791105,beacon,AP01,broadcast,-72.0,False,6
104.244151115,beacon,AP01,broadcast,-72.0,False,6
104.356996059,beacon,AP01,broadcast,-72.0,False,6
104.448935032,beacon,AP01,broadcast,-72.0,False,6
104.578135967,beacon,AP01,broadcast,-72.0,False,6
104.653718948,beacon,AP01,broadcast,-72.0,False,6
104.756134033,beacon,AP01,broadcast,-71.0,False,6
104.858509064,beacon,AP01,broadcast,-71.0,False,6
104.960919142,beacon,AP01,broadcast,-71.0,False,6
105.063331127,beacon,AP01,broadcast,-72.0,False,6
105.165760994,beacon,AP01,broadcast,-72.0,False,6
105.268172026,beacon,AP01,broadcast,-71.0,False,6
105.370567083,beacon,AP01,broadcast,-72.0,False,6
105.436762094,ndpa,AP01,C01,-72.0,False,24
105.436881065,bfi,C01,AP01,-59.0,False,54
105.472969055,beacon,AP01,broadcast,-72.0,False,6
105.575335979,beacon,AP01,broadcast,-72.0,False,6
105.677784920,beacon,AP01,broadcast,-72.0,False,6
105.780133963,beacon,AP01,broadcast,-72.0,False,6
105.882570028,beacon,AP01,broadcast,-72.0,False,6
105.984935999,beacon,AP01,broadcast,-71.0,False,6
106.087356091,beacon,AP01,broadcast,-72.0,False,6
106.189712048,beacon,AP01,broadcast,-71.0,False,6
106.292150021,beacon,AP01,broadcast,-72.0,False,6
106.394572020,beacon,AP01,broadcast,-71.0,False,6
106.496952057,beacon,AP01,broadcast,-71.0,False,6
106.599365950,beacon,AP01,broadcast,-71.0,False,6
106.701723099,beacon,AP01,broadcast,-71.0,False,6
106.769441128,ndpa,AP01,C01,-72.0,False,24
106.769460917,bfi,C01,AP01,-59.0,False,54
106.804225922,beacon,AP01,broadcast,-71.0,False,6
106.906615973,beacon,AP01,broadcast,-71.0,False,6
107.009020090,beacon,AP01,broadcast,-71.0,False,6
107.111407995,beacon,AP01,broadcast,-71.0,False,6
107.213834047,beacon,AP01,broadcast,-71.0,False,6
107.316226959,beacon,AP01,broadcast,-71.0,False,6
107.418645144,beacon,AP01,broadcast,-71.0,False,6
107.521044016,beacon,AP01,broadcast,-71.0,False,6
107.623445988,beacon,AP01,broadcast,-71.0,False,6
107.725824118,beacon,AP01,broadcast,-71.0,False,6
107.828263998,beacon,AP01,broadcast,-71.0,False,6
107.930675983,beacon,AP01,broadcast,-71.0,False,6
108.033047915,beacon,AP01,broadcast,-71.0,False,6
108.101521015,ndpa,AP01,C01,-72.0,False,24
108.101540089,bfi,C01,AP01,-59.0,False,54
108.135337114,beacon,AP01,broadcast,-71.0,False,6
108.237829924,beacon,AP01,broadcast,-71.0,False,6
108.340233088,beacon,AP01,broadcast,-71.0,False,6
108.442641020,beacon,AP01,broadcast,-71.0,False,6
108.545053005,beacon,AP01,broadcast,-71.0,False,6
108.647455931,beacon,AP01,broadcast,-71.0,False,6
108.749890089,beacon,AP01,broadcast,-71.0,False,6
108.852133989,beacon,AP01,broadcast,-71.0,False,6
108.954653025,beacon,AP01,broadcast,-71.0,False,6
109.057091951,beacon,AP01,broadcast,-71.0,False,6
109.159446955,beacon,AP01,broadcast,-71.0,False,6
109.261764050,beacon,AP01,broadcast,-71.0,False,6
109.377031088,beacon,AP01,broadcast,-71.0,False,6
109.437123060,ndpa,AP01,C01,-72.0,False,24
109.437169075,bfi,C01,AP01,-59.0,False,54
109.466663122,beacon,AP01,broadcast,-71.0,False,6
109.598123074,beacon,AP01,broadcast,-72.0,False,6
109.671425104,beacon,AP01,broadcast,-71.0,False,6
109.773786068,beacon,AP01,broadcast,-71.0,False,6
109.876266003,beacon,AP01,broadcast,-71.0,False,6
109.978677034,beacon,AP01,broadcast,-72.0,False,6
110.081098080,beacon,AP01,broadcast,-71.0,False,6
110.183521032,beacon,AP01,broadcast,-72.0,False,6
110.285877943,beacon,AP01,broadcast,-71.0,False,6
110.388303995,beacon,AP01,broadcast,-71.0,False,6
110.490675926,beacon,AP01,broadcast,-72.0,False,6
110.593068123,beacon,AP01,broadcast,-72.0,False,6
110.695466995,beacon,AP01,broadcast,-71.0,False,6
110.769228935,ndpa,AP01,C01,-72.0,False,24
110.769241095,bfi,C01,AP01,-59.0,False,54
110.797773123,beacon,AP01,broadcast,-71.0,False,6
110.900320053,beacon,AP01,broadcast,-71.0,False,6
111.002669096,beacon,AP01,broadcast,-71.0,False,6
111.105072021,beacon,AP01,broadcast,-71.0,False,6
111.207437038,beacon,AP01,broadcast,-71.0,False,6
111.309870958,beacon,AP01,broadcast,-71.0,False,6
111.412261963,beacon,AP01,broadcast,-71.0,False,6
111.514672041,beacon,AP01,broadcast,-71.0,False,6
111.617094040,beacon,AP01,broadcast,-72.0,False,6
111.719476938,beacon,AP01,broadcast,-71.0,False,6
111.821787119,beacon,AP01,broadcast,-71.0,False,6
111.924305916,beacon,AP01,broadcast,-71.0,False,6
112.026627064,beacon,AP01,broadcast,-71.0,False,6
112.101020098,ndpa,AP01,C01,-72.0,False,24
112.101113081,bfi,C01,AP01,-59.0,False,54
112.128997087,beacon,AP01,broadcast,-72.0,False,6
112.231403112,beacon,AP01,broadcast,-71.0,False,6
112.333792925,beacon,AP01,broadcast,-71.0,False,6
112.436197996,beacon,AP01,broadcast,-71.0,False,6
112.538582087,beacon,AP01,broadcast,-71.0,False,6
112.641022921,beacon,AP01,broadcast,-71.0,False,6
112.743432045,beacon,AP01,broadcast,-71.0,False,6
112.845788956,beacon,AP01,broadcast,-71.0,False,6
112.948220015,beacon,AP01,broadcast,-71.0,False,6
113.050597906,beacon,AP01,broadcast,-71.0,False,6
113.153007030,beacon,AP01,broadcast,-71.0,False,6
113.255398989,beacon,AP01,broadcast,-71.0,False,6
113.357800007,beacon,AP01,broadcast,-71.0,False,6
113.436816931,ndpa,AP01,C01,-73.0,False,24
113.436882973,bfi,C01,AP01,-59.0,False,54
113.460258961,beacon,AP01,broadcast,-71.0,False,6
113.562608004,beacon,AP01,broadcast,-71.0,False,6
113.665039062,beacon,AP01,broadcast,-71.0,False,6
113.767427921,beacon,AP01,broadcast,-71.0,False,6
113.869825125,beacon,AP01,broadcast,-71.0,False,6
113.972197056,beacon,AP01,broadcast,-72.0,False,6
114.074600935,beacon,AP01,broadcast,-71.0,False,6
114.177042007,beacon,AP01,broadcast,-71.0,False,6
114.279443026,beacon,AP01,broadcast,-71.0,False,6
114.397114992,beacon,AP01,broadcast,-71.0,False,6
114.484230995,beacon,AP01,broadcast,-72.0,False,6
114.586724043,beacon,AP01,broadcast,-71.0,False,6
114.689145088,beacon,AP01,broadcast,-72.0,False,6
114.769104004,ndpa,AP01,C01,-72.0,False,24
114.769160032,bfi,C01,AP01,-59.0,False,54
114.791512012,beacon,AP01,broadcast,-71.0,False,6
114.893919945,beacon,AP01,broadcast,-71.0,False,6
114.996326923,beacon,AP01,broadcast,-71.0,False,6
115.098731995,beacon,AP01,broadcast,-71.0,False,6
115.201117992,beacon,AP01,broadcast,-71.0,False,6
115.303524971,beacon,AP01,broadcast,-71.0,False,6
115.405931950,beacon,AP01,broadcast,-72.0,False,6
115.508218050,beacon,AP01,broadcast,-72.0,False,6
115.610729933,beacon,AP01,broadcast,-72.0,False,6
115.713118076,beacon,AP01,broadcast,-72.0,False,6
115.815552950,beacon,AP01,broadcast,-71.0,False,6
115.917890072,beacon,AP01,broadcast,-72.0,False,6
116.020340919,beacon,AP01,broadcast,-72.0,False,6
116.100733995,ndpa,AP01,C01,-72.0,False,24
116.100847960,bfi,C01,AP01,-59.0,False,54
116.122715950,beacon,AP01,broadcast,-71.0,False,6
116.225140095,beacon,AP01,broadcast,-71.0,False,6
116.327503920,beacon,AP01,broadcast,-72.0,False,6
116.429933071,beacon,AP01,broadcast,-71.0,False,6
116.532216072,beacon,AP01,broadcast,-71.0,False,6
116.634760141,beacon,AP01,broadcast,-71.0,False,6
116.737168074,beacon,AP01,broadcast,-71.0,False,6
116.839513063,beacon,AP01,broadcast,-71.0,False,6
116.941932917,beacon,AP01,broadcast,-71.0,False,6
117.044353962,beacon,AP01,broadcast,-71.0,False,6
117.146711111,beacon,AP01,broadcast,-71.0,False,6
117.249141932,beacon,AP01,broadcast,-71.0,False,6
117.351563931,beacon,AP01,broadcast,-71.0,False,6
117.437173128,ndpa,AP01,C01,-73.0,False,24
117.437186956,bfi,C01,AP01,-59.0,False,54
117.453947067,beacon,AP01,broadcast,-71.0,False,6
117.556366920,beacon,AP01,broadcast,-71.0,False,6
117.658761978,beacon,AP01,broadcast,-71.0,False,6
117.761124134,beacon,AP01,broadcast,-72.0,False,6
117.863565922,beacon,AP01,broadcast,-71.0,False,6
117.965939999,beacon,AP01,broadcast,-71.0,False,6
118.068305969,beacon,AP01,broadcast,-72.0,False,6
118.170740128,beacon,AP01,broadcast,-71.0,False,6
118.273140907,beacon,AP01,broadcast,-71.0,False,6
118.375530958,beacon,AP01,broadcast,-71.0,False,6
118.477975130,beacon,AP01,broadcast,-71.0,False,6
118.580292940,beacon,AP01,broadcast,-71.0,False,6
118.682740927,beacon,AP01,broadcast,-72.0,False,6
118.769444942,ndpa,AP01,C01,-73.0,False,24
118.769505024,bfi,C01,AP01,-59.0,False,54
118.785152912,beacon,AP01,broadcast,-72.0,False,6
118.887540102,beacon,AP01,broadcast,-71.0,False,6
118.989965916,beacon,AP01,broadcast,-71.0,False,6
119.092281103,beacon,AP01,broadcast,-71.0,False,6
119.196300030,beacon,AP01,broadcast,-71.0,False,6
119.297080040,beacon,AP01,broadcast,-72.0,False,6
119.417324066,beacon,AP01,broadcast,-71.0,False,6
119.501944065,beacon,AP01,broadcast,-71.0,False,6
119.604389906,beacon,AP01,broadcast,-71.0,False,6
119.706735134,beacon,AP01,broadcast,-71.0,False,6
119.809071064,beacon,AP01,broadcast,-71.0,False,6
119.911477089,beacon,AP01,broadcast,-71.0,False,6
120.013885021,beacon,AP01,broadcast,-72.0,False,6
120.101525068,ndpa,AP01,C01,-73.0,False,24
120.101638079,bfi,C01,AP01,-59.0,False,54
120.116297007,beacon,AP01,broadcast,-72.0,False,6
120.218671083,beacon,AP01,broadcast,-72.0,False,6
120.321064949,beacon,AP01,broadcast,-71.0,False,6
120.423491001,beacon,AP01,broadcast,-72.0,False,6
120.525928974,beacon,AP01,broadcast,-72.0,False,6
120.628334045,beacon,AP01,broadcast,-72.0,False,6
120.730721951,beacon,AP01,broadcast,-71.0,False,6
120.833106041,beacon,AP01,broadcast,-72.0,False,6
120.935513973,beacon,AP01,broadcast,-71.0,False,6
121.037888050,beacon,AP01,broadcast,-71.0,False,6
121.140284061,beacon,AP01,broadcast,-71.0,False,6
121.242701054,beacon,AP01,broadcast,-71.0,False,6
121.345071077,beacon,AP01,broadcast,-71.0,False,6
121.436712980,ndpa,AP01,C01,-72.0,False,24
121.436816931,bfi,C01,AP01,-59.0,False,54
121.447478056,beacon,AP01,broadcast,-71.0,False,6
121.549942017,beacon,AP01,broadcast,-72.0,False,6
121.652283907,beacon,AP01,broadcast,-71.0,False,6
121.754741907,beacon,AP01,broadcast,-71.0,False,6
121.857131958,beacon,AP01,broadcast,-72.0,False,6
121.961195946,beacon,AP01,broadcast,-71.0,False,6
122.061892986,beacon,AP01,broadcast,-72.0,False,6
122.164341927,beacon,AP01,broadcast,-71.0,False,6
122.266710043,beacon,AP01,broadcast,-71.0,False,6
122.369197130,beacon,AP01,broadcast,-71.0,False,6
122.471601963,beacon,AP01,broadcast,-72.0,False,6
122.573988914,beacon,AP01,broadcast,-72.0,False,6
122.676414967,beacon,AP01,broadcast,-71.0,False,6
122.769732952,ndpa,AP01,C01,-72.0,False,24
122.769747019,bfi,C01,AP01,-59.0,False,54
122.778777122,beacon,AP01,broadcast,-71.0,False,6
122.881175995,beacon,AP01,broadcast,-71.0,False,6
122.983593941,beacon,AP01,broadcast,-71.0,False,6
123.085886955,beacon,AP01,broadcast,-71.0,False,6
123.188385963,beacon,AP01,broadcast,-71.0,False,6
123.290787935,beacon,AP01,broadcast,-71.0,False,6
123.393098116,beacon,AP01,broadcast,-72.0,False,6
123.495594978,beacon,AP01,broadcast,-71.0,False,6
123.598006010,beacon,AP01,broadcast,-72.0,False,6
123.700407982,beacon,AP01,broadcast,-72.0,False,6
123.802788973,beacon,AP01,broadcast,-72.0,False,6
123.905216932,beacon,AP01,broadcast,-72.0,False,6
124.007517099,beacon,AP01,broadcast,-72.0,False,6
124.101861954,ndpa,AP01,C01,-72.0,False,24
124.101875067,bfi,C01,AP01,-59.0,False,54
124.110013962,beacon,AP01,broadcast,-72.0,False,6
124.216315985,beacon,AP01,broadcast,-72.0,False,6
124.314827919,beacon,AP01,broadcast,-72.0,False,6
124.437269926,beacon,AP01,broadcast,-71.0,False,6
124.519590139,beacon,AP01,broadcast,-72.0,False,6
124.622020960,beacon,AP01,broadcast,-71.0,False,6
124.724354029,beacon,AP01,broadcast,-71.0,False,6
124.826817036,beacon,AP01,broadcast,-71.0,False,6
124.929172039,beacon,AP01,broadcast,-72.0,False,6
125.031594992,beacon,AP01,broadcast,-71.0,False,6
125.134017944,beacon,AP01,broadcast,-71.0,False,6
125.236450911,beacon,AP01,broadcast,-71.0,False,6
125.338844061,beacon,AP01,broadcast,-71.0,False,6
125.437479973,ndpa,AP01,C01,-71.0,False,24
125.437516928,bfi,C01,AP01,-59.0,False,54
125.441204071,beacon,AP01,broadcast,-71.0,False,6
125.543630123,beacon,AP01,broadcast,-71.0,False,6
125.646032095,beacon,AP01,broadcast,-72.0,False,6
125.748433113,beacon,AP01,broadcast,-72.0,False,6
125.850852966,beacon,AP01,broadcast,-72.0,False,6
125.953222036,beacon,AP01,broadcast,-71.0,False,6
126.055655003,beacon,AP01,broadcast,-72.0,False,6
126.158035040,beacon,AP01,broadcast,-71.0,False,6
126.260412931,beacon,AP01,broadcast,-71.0,False,6
126.362792969,beacon,AP01,broadcast,-71.0,False,6
126.465209961,beacon,AP01,broadcast,-72.0,False,6
126.567549944,beacon,AP01,broadcast,-71.0,False,6
126.670022011,beacon,AP01,broadcast,-71.0,False,6
126.769145966,ndpa,AP01,C01,-72.0,False,24
126.769223928,bfi,C01,AP01,-59.0,False,54
126.772335052,beacon,AP01,broadcast,-71.0,False,6
126.874732018,beacon,AP01,broadcast,-71.0,False,6
126.977261066,beacon,AP01,broadcast,-71.0,False,6
127.079653978,beacon,AP01,broadcast,-71.0,False,6
127.182049036,beacon,AP01,broadcast,-71.0,False,6
127.284430027,beacon,AP01,broadcast,-71.0,False,6
127.386865139,beacon,AP01,broadcast,-71.0,False,6
127.489166975,beacon,AP01,broadcast,-71.0,False,6
127.591545105,beacon,AP01,broadcast,-72.0,False,6
127.693969965,beacon,AP01,broadcast,-71.0,False,6
127.796329975,beacon,AP01,broadcast,-71.0,False,6
127.898746014,beacon,AP01,broadcast,-72.0,False,6
128.001147985,beacon,AP01,broadcast,-72.0,False,6
128.100655079,ndpa,AP01,C01,-72.0,False,24
128.100763083,bfi,C01,AP01,-59.0,False,54
128.103516102,beacon,AP01,broadcast,-72.0,False,6
128.205945015,beacon,AP01,broadcast,-72.0,False,6
128.308367968,beacon,AP01,broadcast,-72.0,False,6
128.410748005,beacon,AP01,broadcast,-72.0,False,6
128.513179064,beacon,AP01,broadcast,-72.0,False,6
128.615577936,beacon,AP01,broadcast,-71.0,False,6
128.717966080,beacon,AP01,broadcast,-72.0,False,6
128.820364952,beacon,AP01,broadcast,-71.0,False,6
128.922775030,beacon,AP01,broadcast,-72.0,False,6
129.025212049,beacon,AP01,broadcast,-72.0,False,6
129.127578974,beacon,AP01,broadcast,-71.0,False,6
129.236500978,beacon,AP01,broadcast,-72.0,False,6
129.332375050,beacon,AP01,broadcast,-71.0,False,6
129.457359076,beacon,AP01,broadcast,-71.0,False,6
129.457382917,ndpa,AP01,C01,-72.0,False,24
129.457518101,bfi,C01,AP01,-59.0,False,54
129.537162066,beacon,AP01,broadcast,-71.0,False,6
129.639595985,beacon,AP01,broadcast,-71.0,False,6
129.741992950,beacon,AP01,broadcast,-71.0,False,6
129.844367981,beacon,AP01,broadcast,-71.0,False,6
129.946775913,beacon,AP01,broadcast,-71.0,False,6
130.049192905,beacon,AP01,broadcast,-71.0,False,6
130.151669025,beacon,AP01,broadcast,-72.0,False,6
130.254071951,beacon,AP01,broadcast,-71.0,False,6
130.356455088,beacon,AP01,broadcast,-71.0,False,6
130.458905935,beacon,AP01,broadcast,-71.0,False,6
130.561249971,beacon,AP01,broadcast,-72.0,False,6
130.663702965,beacon,AP01,broadcast,-72.0,False,6
130.766093016,beacon,AP01,broadcast,-72.0,False,6
130.769794941,ndpa,AP01,C01,-72.0,False,24
130.769875050,bfi,C01,AP01,-59.0,False,54
130.868376017,beacon,AP01,broadcast,-72.0,False,6
130.970891953,beacon,AP01,broadcast,-71.0,False,6
131.073189020,beacon,AP01,broadcast,-71.0,False,6
131.175677061,beacon,AP01,broadcast,-71.0,False,6
131.278090000,beacon,AP01,broadcast,-71.0,False,6
131.380496979,beacon,AP01,broadcast,-71.0,False,6
131.482804060,beacon,AP01,broadcast,-71.0,False,6
131.585317135,beacon,AP01,broadcast,-71.0,False,6
131.687609911,beacon,AP01,broadcast,-71.0,False,6
131.790071964,beacon,AP01,broadcast,-72.0,False,6
131.892496109,beacon,AP01,broadcast,-72.0,False,6
131.994931936,beacon,AP01,broadcast,-72.0,False,6
132.097294092,beacon,AP01,broadcast,-72.0,False,6
132.101557016,ndpa,AP01,C01,-72.0,False,24
132.101653099,bfi,C01,AP01,-59.0,False,54
132.199695110,beacon,AP01,broadcast,-72.0,False,6
132.302068949,beacon,AP01,broadcast,-72.0,False,6
132.404459000,beacon,AP01,broadcast,-72.0,False,6
132.506786108,beacon,AP01,broadcast,-72.0,False,6
132.609321117,beacon,AP01,broadcast,-71.0,False,6
132.711615086,beacon,AP01,broadcast,-72.0,False,6
132.814094067,beacon,AP01,broadcast,-72.0,False,6
132.916516066,beacon,AP01,broadcast,-72.0,False,6
133.018891096,beacon,AP01,broadcast,-72.0,False,6
133.121266127,beacon,AP01,broadcast,-72.0,False,6
133.223609924,beacon,AP01,broadcast,-72.0,False,6
133.326118946,beacon,AP01,broadcast,-71.0,False,6
133.428509951,beacon,AP01,broadcast,-71.0,False,6
133.437209129,ndpa,AP01,C01,-72.0,False,24
133.437330961,bfi,C01,AP01,-59.0,False,54
133.530879974,beacon,AP01,broadcast,-71.0,False,6
133.633254051,beacon,AP01,broadcast,-71.0,False,6
133.735724926,beacon,AP01,broadcast,-71.0,False,6
133.838066101,beacon,AP01,broadcast,-71.0,False,6
133.940397024,beacon,AP01,broadcast,-71.0,False,6
134.042791128,beacon,AP01,broadcast,-72.0,False,6
134.145321131,beacon,AP01,broadcast,-72.0,False,6
134.256464005,beacon,AP01,broadcast,-72.0,False,6
134.350116014,beacon,AP01,broadcast,-72.0,False,6
134.477546930,beacon,AP01,broadcast,-71.0,False,6
134.554903984,beacon,AP01,broadcast,-72.0,False,6
134.657319069,beacon,AP01,broadcast,-72.0,False,6
134.759709120,beacon,AP01,broadcast,-71.0,False,6
134.768597126,ndpa,AP01,C01,-72.0,False,24
134.768717051,bfi,C01,AP01,-59.0,False,54
134.862114906,beacon,AP01,broadcast,-72.0,False,6
134.964545965,beacon,AP01,broadcast,-71.0,False,6
135.066940069,beacon,AP01,broadcast,-71.0,False,6
135.169291973,beacon,AP01,broadcast,-71.0,False,6
135.271654129,beacon,AP01,broadcast,-72.0,False,6
135.374023914,beacon,AP01,broadcast,-71.0,False,6
135.476433992,beacon,AP01,broadcast,-71.0,False,6
135.578808069,beacon,AP01,broadcast,-71.0,False,6
135.681219101,beacon,AP01,broadcast,-72.0,False,6
135.783659935,beacon,AP01,broadcast,-72.0,False,6
135.886057138,beacon,AP01,broadcast,-72.0,False,6
135.988485098,beacon,AP01,broadcast,-71.0,False,6
136.090863943,beacon,AP01,broadcast,-72.0,False,6
136.101473093,ndpa,AP01,C01,-73.0,False,24
136.101573944,bfi,C01,AP01,-59.0,False,54
136.193247080,beacon,AP01,broadcast,-71.0,False,6
136.295671940,beacon,AP01,broadcast,-72.0,False,6
136.398031950,beacon,AP01,broadcast,-72.0,False,6
136.500463009,beacon,AP01,broadcast,-71.0,False,6
136.602852106,beacon,AP01,broadcast,-71.0,False,6
136.705227137,beacon,AP01,broadcast,-71.0,False,6
136.807677984,beacon,AP01,broadcast,-71.0,False,6
136.910071135,beacon,AP01,broadcast,-72.0,False,6
137.012428045,beacon,AP01,broadcast,-72.0,False,6
137.114881992,beacon,AP01,broadcast,-71.0,False,6
137.217287064,beacon,AP01,broadcast,-71.0,False,6
137.319653034,beacon,AP01,broadcast,-71.0,False,6
137.422086000,beacon,AP01,broadcast,-71.0,False,6
137.437245131,ndpa,AP01,C01,-72.0,False,24
137.437355042,bfi,C01,AP01,-59.0,False,54
137.524451017,beacon,AP01,broadcast,-72.0,False,6
137.626852036,beacon,AP01,broadcast,-72.0,False,6
137.729232073,beacon,AP01,broadcast,-72.0,False,6
137.831730127,beacon,AP01,broadcast,-72.0,False,6
137.934144974,beacon,AP01,broadcast,-71.0,False,6
138.036541939,beacon,AP01,broadcast,-72.0,False,6
138.138935089,beacon,AP01,broadcast,-71.0,False,6
138.241328955,beacon,AP01,broadcast,-71.0,False,6
138.343728065,beacon,AP01,broadcast,-72.0,False,6
138.446138144,beacon,AP01,broadcast,-72.0,False,6
138.548485041,beacon,AP01,broadcast,-72.0,False,6
138.650969028,beacon,AP01,broadcast,-72.0,False,6
138.753255129,beacon,AP01,broadcast,-71.0,False,6
138.769385099,ndpa,AP01,C01,-72.0,False,24
138.769419909,bfi,C01,AP01,-59.0,False,54
138.855715036,beacon,AP01,broadcast,-71.0,False,6
138.958168030,beacon,AP01,broadcast,-71.0,False,6
139.060578108,beacon,AP01,broadcast,-71.0,False,6
139.162987947,beacon,AP01,broadcast,-71.0,False,6
139.367774010,beacon,AP01,broadcast,-71.0,False,6
139.497627974,beacon,AP01,broadcast,-71.0,False,6
139.572590113,beacon,AP01,broadcast,-71.0,False,6
139.674971104,beacon,AP01,broadcast,-71.0,False,6
139.777354002,beacon,AP01,broadcast,-71.0,False,6
139.879766941,beacon,AP01,broadcast,-72.0,False,6
139.982132912,beacon,AP01,broadcast,-72.0,False,6
140.084501028,beacon,AP01,broadcast,-72.0,False,6
140.100409985,ndpa,AP01,C01,-72.0,False,24
140.100501060,bfi,C01,AP01,-59.0,False,54
140.186975002,beacon,AP01,broadcast,-72.0,False,6
140.289359093,beacon,AP01,broadcast,-71.0,False,6
140.391766071,beacon,AP01,broadcast,-71.0,False,6
140.494127989,beacon,AP01,broadcast,-72.0,False,6
140.596597910,beacon,AP01,broadcast,-72.0,False,6
140.698982954,beacon,AP01,broadcast,-72.0,False,6
140.801357985,beacon,AP01,broadcast,-71.0,False,6
140.903773069,beacon,AP01,broadcast,-71.0,False,6
141.006168127,beacon,AP01,broadcast,-71.0,False,6
141.108591080,beacon,AP01,broadcast,-71.0,False,6
141.210962057,beacon,AP01,broadcast,-71.0,False,6
141.313281059,beacon,AP01,broadcast,-71.0,False,6
141.415787935,beacon,AP01,broadcast,-71.0,False,6
141.430293083,ndpa,AP01,C01,-72.0,False,24
141.430372000,bfi,C01,AP01,-59.0,False,54
141.518157005,beacon,AP01,broadcast,-71.0,False,6
141.620620966,beacon,AP01,broadcast,-71.0,False,6
141.722965956,beacon,AP01,broadcast,-72.0,False,6
141.825375080,beacon,AP01,broadcast,-72.0,False,6
141.927773952,beacon,AP01,broadcast,-71.0,False,6
142.030203104,beacon,AP01,broadcast,-71.0,False,6
142.132584095,beacon,AP01,broadcast,-71.0,False,6
142.234973907,beacon,AP01,broadcast,-71.0,False,6
142.337357998,beacon,AP01,broadcast,-71.0,False,6
142.439810991,beacon,AP01,broadcast,-71.0,False,6
142.542206049,beacon,AP01,broadcast,-71.0,False,6
142.644578934,beacon,AP01,broadcast,-72.0,False,6
142.746977091,beacon,AP01,broadcast,-71.0,False,6
142.759495974,ndpa,AP01,C01,-72.0,False,24
142.759571075,bfi,C01,AP01,-59.0,False,54
142.849395990,beacon,AP01,broadcast,-72.0,False,6
142.951713085,beacon,AP01,broadcast,-71.0,False,6
143.054131985,beacon,AP01,broadcast,-71.0,False,6
143.156515121,beacon,AP01,broadcast,-71.0,False,6
143.258914948,beacon,AP01,broadcast,-71.0,False,6
143.361278057,beacon,AP01,broadcast,-71.0,False,6
143.463712931,beacon,AP01,broadcast,-71.0,False,6
143.566076040,beacon,AP01,broadcast,-71.0,False,6
143.668507099,beacon,AP01,broadcast,-71.0,False,6
143.770900965,beacon,AP01,broadcast,-71.0,False,6
143.873269081,beacon,AP01,broadcast,-71.0,False,6
143.975721121,beacon,AP01,broadcast,-71.0,False,6
144.078125000,beacon,AP01,broadcast,-72.0,False,6
144.090961933,ndpa,AP01,C01,-72.0,False,24
144.091064930,bfi,C01,AP01,-59.0,False,54
144.180514097,beacon,AP01,broadcast,-71.0,False,6
144.296610117,beacon,AP01,broadcast,-71.0,False,6
144.385307074,beacon,AP01,broadcast,-71.0,False,6
144.487730026,beacon,AP01,broadcast,-71.0,False,6
144.590152979,beacon,AP01,broadcast,-71.0,False,6
144.692500114,beacon,AP01,broadcast,-71.0,False,6
144.794927120,beacon,AP01,broadcast,-72.0,False,6
144.897366047,beacon,AP01,broadcast,-72.0,False,6
144.999753952,beacon,AP01,broadcast,-72.0,False,6
145.102191925,beacon,AP01,broadcast,-72.0,False,6
145.204571962,beacon,AP01,broadcast,-71.0,False,6
145.306952000,beacon,AP01,broadcast,-72.0,False,6
145.409363985,beacon,AP01,broadcast,-72.0,False,6
145.427170038,ndpa,AP01,C01,-72.0,False,24
145.427264929,bfi,C01,AP01,-59.0,False,54
145.511826992,beacon,AP01,broadcast,-71.0,False,6
145.614155054,beacon,AP01,broadcast,-71.0,False,6
145.716634989,beacon,AP01,broadcast,-71.0,False,6
145.818915129,beacon,AP01,broadcast,-71.0,False,6
145.921447992,beacon,AP01,broadcast,-72.0,False,6
146.023823023,beacon,AP01,broadcast,-72.0,False,6
146.126265049,beacon,AP01,broadcast,-71.0,False,6
146.228531122,beacon,AP01,broadcast,-71.0,False,6
146.331031084,beacon,AP01,broadcast,-72.0,False,6
146.433411121,beacon,AP01,broadcast,-72.0,False,6
146.535843134,beacon,AP01,broadcast,-71.0,False,6
146.638234138,beacon,AP01,broadcast,-72.0,False,6
146.740649939,beacon,AP01,broadcast,-71.0,False,6
146.759161949,ndpa,AP01,C01,-72.0,False,24
146.759207964,bfi,C01,AP01,-59.0,False,54
146.843014956,beacon,AP01,broadcast,-72.0,False,6
146.945349932,beacon,AP01,broadcast,-72.0,False,6
147.047753096,beacon,AP01,broadcast,-71.0,False,6
147.150259972,beacon,AP01,broadcast,-71.0,False,6
147.252665997,beacon,AP01,broadcast,-72.0,False,6
147.355019093,beacon,AP01,broadcast,-71.0,False,6
147.457453012,beacon,AP01,broadcast,-71.0,False,6
147.559834957,beacon,AP01,broadcast,-72.0,False,6
147.662260056,beacon,AP01,broadcast,-71.0,False,6
147.764569998,beacon,AP01,broadcast,-71.0,False,6
147.867011070,beacon,AP01,broadcast,-71.0,False,6
147.969425917,beacon,AP01,broadcast,-71.0,False,6
148.071833134,beacon,AP01,broadcast,-71.0,False,6
148.091511965,ndpa,AP01,C01,-72.0,False,24
148.091516972,bfi,C01,AP01,-59.0,False,54
148.174201965,beacon,AP01,broadcast,-71.0,False,6
148.276636124,beacon,AP01,broadcast,-71.0,False,6
148.378948927,beacon,AP01,broadcast,-71.0,False,6
148.481451035,beacon,AP01,broadcast,-71.0,False,6
148.583859921,beacon,AP01,broadcast,-71.0,False,6
148.686182976,beacon,AP01,broadcast,-71.0,False,6
148.788630962,beacon,AP01,broadcast,-71.0,False,6
148.891068935,beacon,AP01,broadcast,-71.0,False,6
148.993473053,beacon,AP01,broadcast,-71.0,False,6
149.095938921,beacon,AP01,broadcast,-71.0,False,6
149.198257923,beacon,AP01,broadcast,-71.0,False,6
149.403053045,beacon,AP01,broadcast,-71.0,False,6
149.426707029,ndpa,AP01,C01,-72.0,False,24
149.426763058,bfi,C01,AP01,-59.0,False,54
149.505481958,beacon,AP01,broadcast,-71.0,False,6
149.607839108,beacon,AP01,broadcast,-71.0,False,6
149.710258007,beacon,AP01,broadcast,-71.0,False,6
149.812654018,beacon,AP01,broadcast,-71.0,False,6
149.915054083,beacon,AP01,broadcast,-71.0,False,6
150.017472982,beacon,AP01,broadcast,-72.0,False,6
150.119866133,beacon,AP01,broadcast,-72.0,False,6
150.222293139,beacon,AP01,broadcast,-72.0,False,6
150.324651003,beacon,AP01,broadcast,-72.0,False,6
150.427122116,beacon,AP01,broadcast,-72.0,False,6
150.529456139,beacon,AP01,broadcast,-72.0,False,6
150.631869078,beacon,AP01,broadcast,-72.0,False,6
150.734220028,beacon,AP01,broadcast,-72.0,False,6
150.759691954,ndpa,AP01,C01,-72.0,False,24
150.759772062,bfi,C01,AP01,-59.0,False,54
150.836547136,beacon,AP01,broadcast,-72.0,False,6
150.939002991,beacon,AP01,broadcast,-72.0,False,6
151.041364908,beacon,AP01,broadcast,-71.0,False,6
151.143801928,beacon,AP01,broadcast,-71.0,False,6
151.246196032,beacon,AP01,broadcast,-71.0,False,6
151.348635912,beacon,AP01,broadcast,-71.0,False,6
151.451005936,beacon,AP01,broadcast,-71.0,False,6
151.553396940,beacon,AP01,broadcast,-71.0,False,6
151.655812025,beacon,AP01,broadcast,-71.0,False,6
151.758228064,beacon,AP01,broadcast,-72.0,False,6
151.860618114,beacon,AP01,broadcast,-71.0,False,6
151.963025093,beacon,AP01,broadcast,-72.0,False,6
152.065405130,beacon,AP01,broadcast,-71.0,False,6
152.091144085,ndpa,AP01,C01,-72.0,False,24
152.091223955,bfi,C01,AP01,-59.0,False,54
152.167810917,beacon,AP01,broadcast,-72.0,False,6
152.270230055,beacon,AP01,broadcast,-71.0,False,6
152.372563124,beacon,AP01,broadcast,-72.0,False,6
152.474992990,beacon,AP01,broadcast,-71.0,False,6
152.577440977,beacon,AP01,broadcast,-71.0,False,6
152.679806948,beacon,AP01,broadcast,-71.0,False,6
152.782210112,beacon,AP01,broadcast,-71.0,False,6
152.884617090,beacon,AP01,broadcast,-71.0,False,6
152.986979008,beacon,AP01,broadcast,-71.0,False,6
153.089363098,beacon,AP01,broadcast,-71.0,False,6
153.191843033,beacon,AP01,broadcast,-71.0,False,6
153.294202089,beacon,AP01,broadcast,-71.0,False,6
153.396687984,beacon,AP01,broadcast,-71.0,False,6
153.427173138,ndpa,AP01,C01,-72.0,False,24
153.427251101,bfi,C01,AP01,-59.0,False,54
153.498971939,beacon,AP01,broadcast,-72.0,False,6
153.601527929,beacon,AP01,broadcast,-71.0,False,6
153.703918934,beacon,AP01,broadcast,-71.0,False,6
153.806299925,beacon,AP01,broadcast,-71.0,False,6
153.908682108,beacon,AP01,broadcast,-71.0,False,6
154.011142015,beacon,AP01,broadcast,-71.0,False,6
154.115796089,beacon,AP01,broadcast,-71.0,False,6
154.215950012,beacon,AP01,broadcast,-72.0,False,6
154.336843967,beacon,AP01,broadcast,-71.0,False,6
154.420701981,beacon,AP01,broadcast,-71.0,False,6
154.523154974,beacon,AP01,broadcast,-71.0,False,6
154.625432968,beacon,AP01,broadcast,-72.0,False,6
154.727884054,beacon,AP01,broadcast,-72.0,False,6
154.778299093,ndpa,AP01,C01,-72.0,False,24
154.778321028,bfi,C01,AP01,-59.0,False,54
154.830315113,beacon,AP01,broadcast,-71.0,False,6
154.932699919,beacon,AP01,broadcast,-72.0,False,6
155.035130978,beacon,AP01,broadcast,-71.0,False,6
155.137428999,beacon,AP01,broadcast,-71.0,False,6
155.239924908,beacon,AP01,broadcast,-71.0,False,6
155.342313051,beacon,AP01,broadcast,-71.0,False,6
155.444633007,beacon,AP01,broadcast,-71.0,False,6
155.547116041,beacon,AP01,broadcast,-71.0,False,6
155.649524927,beacon,AP01,broadcast,-71.0,False,6
155.751894951,beacon,AP01,broadcast,-72.0,False,6
155.854254007,beacon,AP01,broadcast,-71.0,False,6
155.956722021,beacon,AP01,broadcast,-71.0,False,6
156.059132099,beacon,AP01,broadcast,-72.0,False,6
156.091509104,ndpa,AP01,C01,-72.0,False,24
156.091531992,bfi,C01,AP01,-59.0,False,54
156.161497116,beacon,AP01,broadcast,-72.0,False,6
156.263904095,beacon,AP01,broadcast,-72.0,False,6
156.366259098,beacon,AP01,broadcast,-72.0,False,6
156.468745947,beacon,AP01,broadcast,-72.0,False,6
156.571120024,beacon,AP01,broadcast,-71.0,False,6
156.673521042,beacon,AP01,broadcast,-71.0,False,6
156.775957108,beacon,AP01,broadcast,-72.0,False,6
156.878293991,beacon,AP01,broadcast,-72.0,False,6
156.980749130,beacon,AP01,broadcast,-71.0,False,6
157.083132982,beacon,AP01,broadcast,-71.0,False,6
157.185524940,beacon,AP01,broadcast,-71.0,False,6
157.287944078,beacon,AP01,broadcast,-72.0,False,6
157.390331030,beacon,AP01,broadcast,-71.0,False,6
157.427187920,ndpa,AP01,C01,-72.0,False,24
157.427251101,bfi,C01,AP01,-59.0,False,54
157.492739916,beacon,AP01,broadcast,-71.0,False,6
157.595156908,beacon,AP01,broadcast,-71.0,False,6
157.697528124,beacon,AP01,broadcast,-72.0,False,6
157.799906015,beacon,AP01,broadcast,-71.0,False,6
157.902339935,beacon,AP01,broadcast,-71.0,False,6
158.004730940,beacon,AP01,broadcast,-71.0,False,6
158.107128143,beacon,AP01,broadcast,-71.0,False,6
158.209540129,beacon,AP01,broadcast,-71.0,False,6
158.311944008,beacon,AP01,broadcast,-71.0,False,6
158.414247036,beacon,AP01,broadcast,-71.0,False,6
158.516649008,beacon,AP01,broadcast,-71.0,False,6
158.619092941,beacon,AP01,broadcast,-72.0,False,6
158.721483946,beacon,AP01,broadcast,-71.0,False,6
158.759143114,ndpa,AP01,C01,-72.0,False,24
158.759171963,bfi,C01,AP01,-59.0,False,54
158.823848963,beacon,AP01,broadcast,-71.0,False,6
158.926265955,beacon,AP01,broadcast,-72.0,False,6
159.028706074,beacon,AP01,broadcast,-71.0,False,6
159.135885954,beacon,AP01,broadcast,-72.0,False,6
159.233499050,beacon,AP01,broadcast,-72.0,False,6
159.356873989,beacon,AP01,broadcast,-72.0,False,6
159.438285112,beacon,AP01,broadcast,-71.0,False,6
159.540687084,beacon,AP01,broadcast,-72.0,False,6
159.643089056,beacon,AP01,broadcast,-71.0,False,6
159.745496988,beacon,AP01,broadcast,-72.0,False,6
159.847894907,beacon,AP01,broadcast,-72.0,False,6
159.950273991,beacon,AP01,broadcast,-71.0,False,6
160.052648067,beacon,AP01,broadcast,-72.0,False,6
160.091227055,ndpa,AP01,C01,-72.0,False,24
160.091330051,bfi,C01,AP01,-59.0,False,54
160.155112982,beacon,AP01,broadcast,-72.0,False,6
160.257478952,beacon,AP01,broadcast,-71.0,False,6
160.359892130,beacon,AP01,broadcast,-72.0,False,6
160.462285995,beacon,AP01,broadcast,-71.0,False,6
160.564667940,beacon,AP01,broadcast,-72.0,False,6
160.667069912,beacon,AP01,broadcast,-72.0,False,6
160.769500971,beacon,AP01,broadcast,-71.0,False,6
160.871885061,beacon,AP01,broadcast,-71.0,False,6
160.974261999,beacon,AP01,broadcast,-72.0,False,6
161.076745033,beacon,AP01,broadcast,-72.0,False,6
161.179178953,beacon,AP01,broadcast,-72.0,False,6
161.281563044,beacon,AP01,broadcast,-72.0,False,6
161.383916140,beacon,AP01,broadcast,-71.0,False,6
161.427225113,ndpa,AP01,C01,-72.0,False,24
161.427320957,bfi,C01,AP01,-59.0,False,54
161.486386061,beacon,AP01,broadcast,-71.0,False,6
161.588721991,beacon,AP01,broadcast,-72.0,False,6
161.691204071,beacon,AP01,broadcast,-71.0,False,6
161.793565989,beacon,AP01,broadcast,-71.0,False,6
161.895996094,beacon,AP01,broadcast,-72.0,False,6
161.998383045,beacon,AP01,broadcast,-71.0,False,6
162.100795031,beacon,AP01,broadcast,-72.0,False,6
162.203198910,beacon,AP01,broadcast,-71.0,False,6
162.305576086,beacon,AP01,broadcast,-71.0,False,6
162.407956123,beacon,AP01,broadcast,-71.0,False,6
162.510390997,beacon,AP01,broadcast,-72.0,False,6
162.612776041,beacon,AP01,broadcast,-71.0,False,6
162.715213060,beacon,AP01,broadcast,-72.0,False,6
162.759315968,ndpa,AP01,C01,-72.0,False,24
162.759397984,bfi,C01,AP01,-59.0,False,54
162.817598104,beacon,AP01,broadcast,-72.0,False,6
162.919978142,beacon,AP01,broadcast,-71.0,False,6
163.022321939,beacon,AP01,broadcast,-72.0,False,6
163.124711037,beacon,AP01,broadcast,-71.0,False,6
163.227181911,beacon,AP01,broadcast,-71.0,False,6
163.329597950,beacon,AP01,broadcast,-71.0,False,6
163.432023048,beacon,AP01,broadcast,-71.0,False,6
163.534382105,beacon,AP01,broadcast,-71.0,False,6
163.636712074,beacon,AP01,broadcast,-72.0,False,6
163.739233017,beacon,AP01,broadcast,-71.0,False,6
163.841640949,beacon,AP01,broadcast,-72.0,False,6
163.944020987,beacon,AP01,broadcast,-71.0,False,6
164.046416044,beacon,AP01,broadcast,-71.0,False,6
164.091675043,ndpa,AP01,C01,-72.0,False,24
164.091754913,bfi,C01,AP01,-59.0,False,54
164.156151056,beacon,AP01,broadcast,-71.0,False,6
164.251225948,beacon,AP01,broadcast,-71.0,False,6
164.376970053,beacon,AP01,broadcast,-71.0,False,6
164.456043005,beacon,AP01,broadcast,-71.0,False,6
164.558398008,beacon,AP01,broadcast,-72.0,False,6
164.660732985,beacon,AP01,broadcast,-72.0,False,6
164.763224125,beacon,AP01,broadcast,-71.0,False,6
164.865591049,beacon,AP01,broadcast,-72.0,False,6
164.968004942,beacon,AP01,broadcast,-71.0,False,6
165.070431948,beacon,AP01,broadcast,-71.0,False,6
165.172841072,beacon,AP01,broadcast,-71.0,False,6
165.275219917,beacon,AP01,broadcast,-71.0,False,6
165.377609968,beacon,AP01,broadcast,-71.0,False,6
165.426937103,ndpa,AP01,C01,-72.0,False,24
165.426957130,bfi,C01,AP01,-59.0,False,54
165.480036974,beacon,AP01,broadcast,-71.0,False,6
165.582412958,beacon,AP01,broadcast,-71.0,False,6
165.684754133,beacon,AP01,broadcast,-71.0,False,6
165.787240028,beacon,AP01,broadcast,-72.0,False,6
165.889611006,beacon,AP01,broadcast,-71.0,False,6
165.992054939,beacon,AP01,broadcast,-71.0,False,6
166.094423056,beacon,AP01,broadcast,-71.0,False,6
166.196805954,beacon,AP01,broadcast,-71.0,False,6
166.299130917,beacon,AP01,broadcast,-71.0,False,6
166.401516914,beacon,AP01,broadcast,-71.0,False,6
166.503950119,beacon,AP01,broadcast,-71.0,False,6
166.606329918,beacon,AP01,broadcast,-71.0,False,6
166.708739042,beacon,AP01,broadcast,-72.0,False,6
166.758450031,ndpa,AP01,C01,-72.0,False,24
166.758568048,bfi,C01,AP01,-59.0,False,54
166.811126947,beacon,AP01,broadcast,-71.0,False,6
166.913536072,beacon,AP01,broadcast,-71.0,False,6
167.015939951,beacon,AP01,broadcast,-71.0,False,6
167.118358135,beacon,AP01,broadcast,-71.0,False,6
167.220780134,beacon,AP01,broadcast,-71.0,False,6
167.323171139,beacon,AP01,broadcast,-71.0,False,6
167.425559998,beacon,AP01,broadcast,-71.0,False,6
167.527972937,beacon,AP01,broadcast,-71.0,False,6
167.630338907,beacon,AP01,broadcast,-71.0,False,6
167.732800961,beacon,AP01,broadcast,-71.0,False,6
167.835201979,beacon,AP01,broadcast,-71.0,False,6
167.937577009,beacon,AP01,broadcast,-71.0,False,6
168.039989948,beacon,AP01,broadcast,-72.0,False,6
168.087281942,ndpa,AP01,C01,-72.0,False,24
168.087352037,bfi,C01,AP01,-59.0,False,54
168.142338991,beacon,AP01,broadcast,-71.0,False,6
168.244729042,beacon,AP01,broadcast,-72.0,False,6
168.347144127,beacon,AP01,broadcast,-72.0,False,6
168.449532032,beacon,AP01,broadcast,-72.0,False,6
168.551938057,beacon,AP01,broadcast,-71.0,False,6
168.654372931,beacon,AP01,broadcast,-72.0,False,6
168.756747961,beacon,AP01,broadcast,-71.0,False,6
168.859244108,beacon,AP01,broadcast,-71.0,False,6
168.961573124,beacon,AP01,broadcast,-71.0,False,6
169.064057112,beacon,AP01,broadcast,-71.0,False,6
169.176114082,beacon,AP01,broadcast,-71.0,False,6
169.268826008,beacon,AP01,broadcast,-71.0,False,6
169.397139072,beacon,AP01,broadcast,-71.0,False,6
169.417014122,ndpa,AP01,C01,-72.0,False,24
169.417100906,bfi,C01,AP01,-59.0,False,54
169.473653078,beacon,AP01,broadcast,-71.0,False,6
169.576076984,beacon,AP01,broadcast,-71.0,False,6
169.678434134,beacon,AP01,broadcast,-71.0,False,6
169.780848980,beacon,AP01,broadcast,-71.0,False,6
169.883254051,beacon,AP01,broadcast,-71.0,False,6
169.985661030,beacon,AP01,broadcast,-71.0,False,6
170.088073015,beacon,AP01,broadcast,-71.0,False,6
170.190454006,beacon,AP01,broadcast,-72.0,False,6
170.292860985,beacon,AP01,broadcast,-72.0,False,6
170.395146132,beacon,AP01,broadcast,-72.0,False,6
170.497678995,beacon,AP01,broadcast,-72.0,False,6
170.600073099,beacon,AP01,broadcast,-72.0,False,6
170.702490091,beacon,AP01,broadcast,-72.0,False,6
170.749650002,ndpa,AP01,C01,-73.0,False,24
170.749753952,bfi,C01,AP01,-59.0,False,54
170.804808140,beacon,AP01,broadcast,-72.0,False,6
170.907275915,beacon,AP01,broadcast,-71.0,False,6
171.009669065,beacon,AP01,broadcast,-71.0,False,6
171.112080097,beacon,AP01,broadcast,-71.0,False,6
171.214466095,beacon,AP01,broadcast,-71.0,False,6
171.316868067,beacon,AP01,broadcast,-71.0,False,6
171.419224024,beacon,AP01,broadcast,-71.0,False,6
171.521644115,beacon,AP01,broadcast,-71.0,False,6
171.624088049,beacon,AP01,broadcast,-71.0,False,6
171.726495028,beacon,AP01,broadcast,-71.0,False,6
171.828879118,beacon,AP01,broadcast,-72.0,False,6
171.931317091,beacon,AP01,broadcast,-71.0,False,6
172.033674002,beacon,AP01,broadcast,-71.0,False,6
172.081030130,ndpa,AP01,C01,-73.0,False,24
172.081110001,bfi,C01,AP01,-59.0,False,54
172.136030912,beacon,AP01,broadcast,-72.0,False,6
172.238512993,beacon,AP01,broadcast,-71.0,False,6
172.340867996,beacon,AP01,broadcast,-71.0,False,6
172.443310022,beacon,AP01,broadcast,-71.0,False,6
172.545695066,beacon,AP01,broadcast,-71.0,False,6
172.647954941,beacon,AP01,broadcast,-71.0,False,6
172.750478983,beacon,AP01,broadcast,-71.0,False,6
172.852884054,beacon,AP01,broadcast,-71.0,False,6
172.955173969,beacon,AP01,broadcast,-71.0,False,6
173.057675123,beacon,AP01,broadcast,-71.0,False,6
173.159996986,beacon,AP01,broadcast,-71.0,False,6
173.262480021,beacon,AP01,broadcast,-71.0,False,6
173.364884138,beacon,AP01,broadcast,-71.0,False,6
173.417483091,ndpa,AP01,C01,-72.0,False,24
173.417568922,bfi,C01,AP01,-59.0,False,54
173.467270136,beacon,AP01,broadcast,-71.0,False,6
173.569683075,beacon,AP01,broadcast,-71.0,False,6
173.672107935,beacon,AP01,broadcast,-71.0,False,6
173.774399042,beacon,AP01,broadcast,-72.0,False,6
173.876820087,beacon,AP01,broadcast,-72.0,False,6
173.979206085,beacon,AP01,broadcast,-72.0,False,6
174.081620932,beacon,AP01,broadcast,-72.0,False,6
174.196131945,beacon,AP01,broadcast,-71.0,False,6
174.286413908,beacon,AP01,broadcast,-71.0,False,6
174.417052984,beacon,AP01,broadcast,-72.0,False,6
174.491248131,beacon,AP01,broadcast,-72.0,False,6
174.593635082,beacon,AP01,broadcast,-71.0,False,6
174.696059942,beacon,AP01,broadcast,-72.0,False,6
174.749624014,ndpa,AP01,C01,-72.0,False,24
174.749685049,bfi,C01,AP01,-59.0,False,54
174.798450947,beacon,AP01,broadcast,-71.0,False,6
174.900839090,beacon,AP01,broadcast,-72.0,False,6
175.003247976,beacon,AP01,broadcast,-72.0,False,6
175.105610132,beacon,AP01,broadcast,-72.0,False,6
175.208010912,beacon,AP01,broadcast,-72.0,False,6
175.310425043,beacon,AP01,broadcast,-72.0,False,6
175.412806988,beacon,AP01,broadcast,-71.0,False,6
175.515253067,beacon,AP01,broadcast,-71.0,False,6
175.617662907,beacon,AP01,broadcast,-71.0,False,6
175.720019102,beacon,AP01,broadcast,-72.0,False,6
175.822471142,beacon,AP01,broadcast,-71.0,False,6
175.924860001,beacon,AP01,broadcast,-71.0,False,6
176.027207136,beacon,AP01,broadcast,-72.0,False,6
176.080681086,ndpa,AP01,C01,-72.0,False,24
176.080732107,bfi,C01,AP01,-59.0,False,54
176.129656076,beacon,AP01,broadcast,-71.0,False,6
176.232037067,beacon,AP01,broadcast,-72.0,False,6
176.334439993,beacon,AP01,broadcast,-72.0,False,6
176.436818123,beacon,AP01,broadcast,-72.0,False,6
176.539255142,beacon,AP01,broadcast,-71.0,False,6
176.641721964,beacon,AP01,broadcast,-71.0,False,6
176.744146109,beacon,AP01,broadcast,-72.0,False,6
176.846511126,beacon,AP01,broadcast,-72.0,False,6
176.948843002,beacon,AP01,broadcast,-71.0,False,6
177.051340103,beacon,AP01,broadcast,-72.0,False,6
177.153712034,beacon,AP01,broadcast,-71.0,False,6
177.256153107,beacon,AP01,broadcast,-71.0,False,6
177.358530998,beacon,AP01,broadcast,-72.0,False,6
177.416862965,ndpa,AP01,C01,-72.0,False,24
177.416930914,bfi,C01,AP01,-59.0,False,54
177.460886955,beacon,AP01,broadcast,-71.0,False,6
177.563348055,beacon,AP01,broadcast,-72.0,False,6
177.665620089,beacon,AP01,broadcast,-71.0,False,6
177.768157959,beacon,AP01,broadcast,-71.0,False,6
177.870523930,beacon,AP01,broadcast,-71.0,False,6
177.972970009,beacon,AP01,broadcast,-71.0,False,6
178.075253010,beacon,AP01,broadcast,-71.0,False,6
178.177747011,beacon,AP01,broadcast,-72.0,False,6
178.280172110,beacon,AP01,broadcast,-72.0,False,6
178.382570028,beacon,AP01,broadcast,-71.0,False,6
178.484925032,beacon,AP01,broadcast,-72.0,False,6
178.587359905,beacon,AP01,broadcast,-71.0,False,6
178.689865112,beacon,AP01,broadcast,-72.0,False,6
178.748492002,ndpa,AP01,C01,-72.0,False,24
178.748503923,bfi,C01,AP01,-59.0,False,54
178.792171001,beacon,AP01,broadcast,-71.0,False,6
178.894558907,beacon,AP01,broadcast,-71.0,False,6
178.996971130,beacon,AP01,broadcast,-71.0,False,6
179.099350929,beacon,AP01,broadcast,-71.0,False,6
179.216251135,beacon,AP01,broadcast,-71.0,False,6
179.304137945,beacon,AP01,broadcast,-71.0,False,6
179.406487942,beacon,AP01,broadcast,-71.0,False,6
179.508940935,beacon,AP01,broadcast,-71.0,False,6
179.611329079,beacon,AP01,broadcast,-72.0,False,6
179.713756084,beacon,AP01,broadcast,-72.0,False,6
179.816162109,beacon,AP01,broadcast,-71.0,False,6
179.918554068,beacon,AP01,broadcast,-72.0,False,6
180.020976067,beacon,AP01,broadcast,-71.0,False,6
180.099748135,ndpa,AP01,C01,-72.0,False,24
180.099756956,bfi,C01,AP01,-59.0,False,54
180.123358965,beacon,AP01,broadcast,-71.0,False,6
180.225641012,beacon,AP01,broadcast,-72.0,False,6
180.328179121,beacon,AP01,broadcast,-72.0,False,6
180.430474997,beacon,AP01,broadcast,-72.0,False,6
180.532984018,beacon,AP01,broadcast,-72.0,False,6
180.635400057,beacon,AP01,broadcast,-72.0,False,6
180.737785101,beacon,AP01,broadcast,-71.0,False,6
180.840179920,beacon,AP01,broadcast,-71.0,False,6
180.942562103,beacon,AP01,broadcast,-72.0,False,6
181.044955969,beacon,AP01,broadcast,-72.0,False,6
181.147350073,beacon,AP01,broadcast,-71.0,False,6
181.249794960,beacon,AP01,broadcast,-71.0,False,6
181.352177143,beacon,AP01,broadcast,-71.0,False,6
181.416800022,ndpa,AP01,C01,-72.0,False,24
181.416877031,bfi,C01,AP01,-59.0,False,54
181.454579115,beacon,AP01,broadcast,-72.0,False,6
181.556970119,beacon,AP01,broadcast,-71.0,False,6
181.659372091,beacon,AP01,broadcast,-71.0,False,6
181.761707067,beacon,AP01,broadcast,-71.0,False,6
181.864126921,beacon,AP01,broadcast,-71.0,False,6
181.966500044,beacon,AP01,broadcast,-71.0,False,6
182.068871021,beacon,AP01,broadcast,-71.0,False,6
182.171309948,beacon,AP01,broadcast,-71.0,False,6
182.273720026,beacon,AP01,broadcast,-72.0,False,6
182.376133919,beacon,AP01,broadcast,-71.0,False,6
182.478500128,beacon,AP01,broadcast,-71.0,False,6
182.580872059,beacon,AP01,broadcast,-72.0,False,6
182.683284998,beacon,AP01,broadcast,-72.0,False,6
182.749122143,ndpa,AP01,C01,-72.0,False,24
182.749228954,bfi,C01,AP01,-59.0,False,54
182.785691977,beacon,AP01,broadcast,-71.0,False,6
182.888134003,beacon,AP01,broadcast,-72.0,False,6
182.990538120,beacon,AP01,broadcast,-72.0,False,6
183.092927933,beacon,AP01,broadcast,-72.0,False,6
183.195328951,beacon,AP01,broadcast,-71.0,False,6
183.297729015,beacon,AP01,broadcast,-71.0,False,6
183.400139093,beacon,AP01,broadcast,-71.0,False,6
183.502538919,beacon,AP01,broadcast,-71.0,False,6
183.604926109,beacon,AP01,broadcast,-72.0,False,6
183.707339048,beacon,AP01,broadcast,-71.0,False,6
183.809727907,beacon,AP01,broadcast,-72.0,False,6
183.912158966,beacon,AP01,broadcast,-71.0,False,6
184.015372992,beacon,AP01,broadcast,-72.0,False,6
184.080667019,ndpa,AP01,C01,-72.0,False,24
184.080768108,bfi,C01,AP01,-59.0,False,54
184.116890907,beacon,AP01,broadcast,-72.0,False,6
184.236271143,beacon,AP01,broadcast,-72.0,False,6
184.321717024,beacon,AP01,broadcast,-72.0,False,6
184.424185991,beacon,AP01,broadcast,-72.0,False,6
184.526619911,beacon,AP01,broadcast,-72.0,False,6
184.629004002,beacon,AP01,broadcast,-72.0,False,6
184.731415033,beacon,AP01,broadcast,-72.0,False,6
184.833804131,beacon,AP01,broadcast,-72.0,False,6
184.936156988,beacon,AP01,broadcast,-72.0,False,6
185.038628101,beacon,AP01,broadcast,-72.0,False,6
185.140906096,beacon,AP01,broadcast,-72.0,False,6
185.243413925,beacon,AP01,broadcast,-71.0,False,6
185.345798016,beacon,AP01,broadcast,-72.0,False,6
185.417436123,ndpa,AP01,C01,-72.0,False,24
185.417546988,bfi,C01,AP01,-59.0,False,54
185.448153973,beacon,AP01,broadcast,-72.0,False,6
185.550609112,beacon,AP01,broadcast,-72.0,False,6
185.652976036,beacon,AP01,broadcast,-72.0,False,6
185.755442142,beacon,AP01,broadcast,-72.0,False,6
185.857831955,beacon,AP01,broadcast,-72.0,False,6
185.960226059,beacon,AP01,broadcast,-72.0,False,6
186.062638044,beacon,AP01,broadcast,-72.0,False,6
186.165019989,beacon,AP01,broadcast,-72.0,False,6
186.267419100,beacon,AP01,broadcast,-72.0,False,6
186.369822025,beacon,AP01,broadcast,-72.0,False,6
186.472206116,beacon,AP01,broadcast,-72.0,False,6
186.574584961,beacon,AP01,broadcast,-72.0,False,6
186.677071095,beacon,AP01,broadcast,-72.0,False,6
186.748868942,ndpa,AP01,C01,-72.0,False,24
186.748887062,bfi,C01,AP01,-59.0,False,54
186.779407024,beacon,AP01,broadcast,-72.0,False,6
186.881794930,beacon,AP01,broadcast,-72.0,False,6
186.984215975,beacon,AP01,broadcast,-72.0,False,6
187.086648941,beacon,AP01,broadcast,-72.0,False,6
187.189047098,beacon,AP01,broadcast,-72.0,False,6
187.291398048,beacon,AP01,broadcast,-72.0,False,6
187.393800974,beacon,AP01,broadcast,-71.0,False,6
187.496145964,beacon,AP01,broadcast,-72.0,False,6
187.598650932,beacon,AP01,broadcast,-72.0,False,6
187.700973034,beacon,AP01,broadcast,-72.0,False,6
187.803471088,beacon,AP01,broadcast,-72.0,False,6
187.905826092,beacon,AP01,broadcast,-72.0,False,6
188.008244991,beacon,AP01,broadcast,-72.0,False,6
188.082195997,ndpa,AP01,C01,-72.0,False,24
188.082307100,bfi,C01,AP01,-59.0,False,54
188.110641956,beacon,AP01,broadcast,-72.0,False,6
188.213047981,beacon,AP01,broadcast,-72.0,False,6
188.315426111,beacon,AP01,broadcast,-72.0,False,6
188.417801142,beacon,AP01,broadcast,-72.0,False,6
188.520254135,beacon,AP01,broadcast,-72.0,False,6
188.622648954,beacon,AP01,broadcast,-72.0,False,6
188.725070000,beacon,AP01,broadcast,-72.0,False,6
188.827405930,beacon,AP01,broadcast,-72.0,False,6
188.929830074,beacon,AP01,broadcast,-72.0,False,6
189.035387039,beacon,AP01,broadcast,-72.0,False,6
189.134650946,beacon,AP01,broadcast,-72.0,False,6
189.256405115,beacon,AP01,broadcast,-72.0,False,6
189.339435101,beacon,AP01,broadcast,-72.0,False,6
189.418199062,ndpa,AP01,C01,-72.0,False,24
189.418205023,bfi,C01,AP01,-59.0,False,54
189.441855907,beacon,AP01,broadcast,-72.0,False,6
189.544178009,beacon,AP01,broadcast,-72.0,False,6
189.646552086,beacon,AP01,broadcast,-72.0,False,6
189.748970032,beacon,AP01,broadcast,-72.0,False,6
189.851378918,beacon,AP01,broadcast,-72.0,False,6
189.953784943,beacon,AP01,broadcast,-72.0,False,6
190.056165934,beacon,AP01,broadcast,-72.0,False,6
190.158581972,beacon,AP01,broadcast,-72.0,False,6
190.260993958,beacon,AP01,broadcast,-72.0,False,6
190.363374949,beacon,AP01,broadcast,-72.0,False,6
190.465779066,beacon,AP01,broadcast,-71.0,False,6
190.568156004,beacon,AP01,broadcast,-72.0,False,6
190.670594931,beacon,AP01,broadcast,-72.0,False,6
190.749345064,ndpa,AP01,C01,-73.0,False,24
190.749459982,bfi,C01,AP01,-59.0,False,54
190.772980928,beacon,AP01,broadcast,-72.0,False,6
190.875359058,beacon,AP01,broadcast,-72.0,False,6
190.977777004,beacon,AP01,broadcast,-72.0,False,6
191.080196142,beacon,AP01,broadcast,-72.0,False,6
191.182564020,beacon,AP01,broadcast,-72.0,False,6
191.285005093,beacon,AP01,broadcast,-72.0,False,6
191.388695002,beacon,AP01,broadcast,-72.0,False,6
191.489833117,beacon,AP01,broadcast,-71.0,False,6
191.592173100,beacon,AP01,broadcast,-71.0,False,6
191.694586992,beacon,AP01,broadcast,-72.0,False,6
191.796980143,beacon,AP01,broadcast,-71.0,False,6
191.899399042,beacon,AP01,broadcast,-72.0,False,6
192.001796007,beacon,AP01,broadcast,-71.0,False,6
192.081186056,ndpa,AP01,C01,-71.0,False,24
192.081211090,bfi,C01,AP01,-59.0,False,54
192.104205132,beacon,AP01,broadcast,-71.0,False,6
192.206685066,beacon,AP01,broadcast,-72.0,False,6
192.309098959,beacon,AP01,broadcast,-71.0,False,6
192.411407948,beacon,AP01,broadcast,-72.0,False,6
192.513873100,beacon,AP01,broadcast,-72.0,False,6
192.616168976,beacon,AP01,broadcast,-72.0,False,6
192.718694925,beacon,AP01,broadcast,-72.0,False,6
192.821124077,beacon,AP01,broadcast,-72.0,False,6
192.923516035,beacon,AP01,broadcast,-72.0,False,6
193.025878906,beacon,AP01,broadcast,-72.0,False,6
193.128286123,beacon,AP01,broadcast,-71.0,False,6
193.230626106,beacon,AP01,broadcast,-72.0,False,6
193.333074093,beacon,AP01,broadcast,-72.0,False,6
193.417031050,ndpa,AP01,C01,-72.0,False,24
193.417154074,bfi,C01,AP01,-59.0,False,54
193.435497999,beacon,AP01,broadcast,-72.0,False,6
193.537878990,beacon,AP01,broadcast,-72.0,False,6
193.640311003,beacon,AP01,broadcast,-71.0,False,6
193.742701054,beacon,AP01,broadcast,-72.0,False,6
193.845106125,beacon,AP01,broadcast,-72.0,False,6
193.947502136,beacon,AP01,broadcast,-71.0,False,6
194.056297064,beacon,AP01,broadcast,-71.0,False,6
194.152333021,beacon,AP01,broadcast,-72.0,False,6
194.357115030,beacon,AP01,broadcast,-72.0,False,6
194.459497929,beacon,AP01,broadcast,-72.0,False,6
194.561873913,beacon,AP01,broadcast,-72.0,False,6
194.664317131,beacon,AP01,broadcast,-72.0,False,6
194.748600006,ndpa,AP01,C01,-72.0,False,24
194.748701096,bfi,C01,AP01,-58.0,False,54
194.766578913,beacon,AP01,broadcast,-72.0,False,6
194.869116068,beacon,AP01,broadcast,-72.0,False,6
194.971426010,beacon,AP01,broadcast,-72.0,False,6
195.073909044,beacon,AP01,broadcast,-72.0,False,6
195.176224947,beacon,AP01,broadcast,-71.0,False,6
195.278688908,beacon,AP01,broadcast,-72.0,False,6
195.381124973,beacon,AP01,broadcast,-71.0,False,6
195.483503103,beacon,AP01,broadcast,-72.0,False,6
195.585932016,beacon,AP01,broadcast,-72.0,False,6
195.688323021,beacon,AP01,broadcast,-72.0,False,6
195.790745974,beacon,AP01,broadcast,-72.0,False,6
195.893162966,beacon,AP01,broadcast,-72.0,False,6
195.995552063,beacon,AP01,broadcast,-72.0,False,6
196.081499100,ndpa,AP01,C01,-72.0,False,24
196.081512928,bfi,C01,AP01,-59.0,False,54
196.097933054,beacon,AP01,broadcast,-72.0,False,6
196.200320005,beacon,AP01,broadcast,-72.0,False,6
196.302691936,beacon,AP01,broadcast,-72.0,False,6
196.405122042,beacon,AP01,broadcast,-72.0,False,6
196.507467985,beacon,AP01,broadcast,-72.0,False,6
196.609897137,beacon,AP01,broadcast,-72.0,False,6
196.712281942,beacon,AP01,broadcast,-72.0,False,6
196.814724922,beacon,AP01,broadcast,-72.0,False,6
196.917130947,beacon,AP01,broadcast,-72.0,False,6
197.019546032,beacon,AP01,broadcast,-72.0,False,6
197.121925116,beacon,AP01,broadcast,-72.0,False,6
197.224252939,beacon,AP01,broadcast,-71.0,False,6
197.326683998,beacon,AP01,broadcast,-71.0,False,6
197.417139053,ndpa,AP01,C01,-72.0,False,24
197.417243004,bfi,C01,AP01,-59.0,False,54
197.429059982,beacon,AP01,broadcast,-72.0,False,6
197.531419992,beacon,AP01,broadcast,-72.0,False,6
197.633826017,beacon,AP01,broadcast,-71.0,False,6
197.736230135,beacon,AP01,broadcast,-71.0,False,6
197.838648081,beacon,AP01,broadcast,-71.0,False,6
197.941043139,beacon,AP01,broadcast,-72.0,False,6
198.043461084,beacon,AP01,broadcast,-72.0,False,6
198.145834923,beacon,AP01,broadcast,-72.0,False,6
198.248246908,beacon,AP01,broadcast,-72.0,False,6
198.350659132,beacon,AP01,broadcast,-72.0,False,6
198.453042030,beacon,AP01,broadcast,-72.0,False,6
198.555470943,beacon,AP01,broadcast,-72.0,False,6
198.657891989,beacon,AP01,broadcast,-72.0,False,6
198.748893023,ndpa,AP01,C01,-72.0,False,24
198.748965979,bfi,C01,AP01,-59.0,False,54
198.760227919,beacon,AP01,broadcast,-72.0,False,6
198.862673044,beacon,AP01,broadcast,-72.0,False,6
198.965039968,beacon,AP01,broadcast,-72.0,False,6
199.075521946,beacon,AP01,broadcast,-72.0,False,6
199.169882059,beacon,AP01,broadcast,-72.0,False,6
199.374663115,beacon,AP01,broadcast,-72.0,False,6
199.477097988,beacon,AP01,broadcast,-72.0,False,6
199.579459906,beacon,AP01,broadcast,-72.0,False,6
199.681828976,beacon,AP01,broadcast,-72.0,False,6
199.784337997,beacon,AP01,broadcast,-72.0,False,6
199.886719942,beacon,AP01,broadcast,-71.0,False,6
199.989197969,beacon,AP01,broadcast,-72.0,False,6
200.081334114,ndpa,AP01,C01,-72.0,False,24
200.081390142,bfi,C01,AP01,-59.0,False,54
200.091557980,beacon,AP01,broadcast,-72.0,False,6
200.193958044,beacon,AP01,broadcast,-72.0,False,6
200.296370029,beacon,AP01,broadcast,-72.0,False,6
200.398723125,beacon,AP01,broadcast,-72.0,False,6
200.501155138,beacon,AP01,broadcast,-72.0,False,6
200.603584051,beacon,AP01,broadcast,-72.0,False,6
200.705955982,beacon,AP01,broadcast,-72.0,False,6
200.808385134,beacon,AP01,broadcast,-72.0,False,6
200.910675049,beacon,AP01,broadcast,-72.0,False,6
201.013170958,beacon,AP01,broadcast,-71.0,False,6
201.115555048,beacon,AP01,broadcast,-72.0,False,6
201.217975140,beacon,AP01,broadcast,-72.0,False,6
201.320379019,beacon,AP01,broadcast,-72.0,False,6
201.417532921,ndpa,AP01,C01,-72.0,False,24
201.417546988,bfi,C01,AP01,-59.0,False,54
201.422780037,beacon,AP01,broadcast,-72.0,False,6
201.525146008,beacon,AP01,broadcast,-72.0,False,6
201.627566099,beacon,AP01,broadcast,-71.0,False,6
201.729991913,beacon,AP01,broadcast,-72.0,False,6
201.832258940,beacon,AP01,broadcast,-72.0,False,6
201.934798956,beacon,AP01,broadcast,-72.0,False,6
202.037204027,beacon,AP01,broadcast,-72.0,False,6
202.139579058,beacon,AP01,broadcast,-72.0,False,6
202.241882086,beacon,AP01,broadcast,-72.0,False,6
202.344397068,beacon,AP01,broadcast,-72.0,False,6
202.446706057,beacon,AP01,broadcast,-72.0,False,6
202.549216032,beacon,AP01,broadcast,-71.0,False,6
202.651612997,beacon,AP01,broadcast,-72.0,False,6
202.750004053,ndpa,AP01,C01,-72.0,False,24
202.750112057,bfi,C01,AP01,-59.0,False,54
202.753883123,beacon,AP01,broadcast,-72.0,False,6
202.856434107,beacon,AP01,broadcast,-72.0,False,6
202.958790064,beacon,AP01,broadcast,-72.0,False,6
203.061204910,beacon,AP01,broadcast,-72.0,False,6
203.163535118,beacon,AP01,broadcast,-71.0,False,6
203.265986919,beacon,AP01,broadcast,-71.0,False,6
203.368416071,beacon,AP01,broadcast,-71.0,False,6
203.470772982,beacon,AP01,broadcast,-71.0,False,6
203.573218107,beacon,AP01,broadcast,-71.0,False,6
203.675600052,beacon,AP01,broadcast,-72.0,False,6
203.778038979,beacon,AP01,broadcast,-72.0,False,6
203.880372047,beacon,AP01,broadcast,-71.0,False,6
203.982823133,beacon,AP01,broadcast,-72.0,False,6
204.095659971,beacon,AP01,broadcast,-72.0,False,6
204.095664978,ndpa,AP01,C01,-73.0,False,24
204.095808983,bfi,C01,AP01,-58.0,False,54
204.187540054,beacon,AP01,broadcast,-72.0,False,6
204.316661119,beacon,AP01,broadcast,-72.0,False,6
204.392369032,beacon,AP01,broadcast,-72.0,False,6
204.494704962,beacon,AP01,broadcast,-72.0,False,6
204.597157955,beacon,AP01,broadcast,-72.0,False,6
204.699517965,beacon,AP01,broadcast,-72.0,False,6
204.801993132,beacon,AP01,broadcast,-72.0,False,6
204.904441118,beacon,AP01,broadcast,-72.0,False,6
205.006732941,beacon,AP01,broadcast,-72.0,False,6
205.109116077,beacon,AP01,broadcast,-72.0,False,6
205.211522102,beacon,AP01,broadcast,-72.0,False,6
205.313905954,beacon,AP01,broadcast,-72.0,False,6
205.416336060,beacon,AP01,broadcast,-72.0,False,6
205.416836023,ndpa,AP01,C01,-72.0,False,24
205.416963100,bfi,C01,AP01,-59.0,False,54
205.518710136,beacon,AP01,broadcast,-72.0,False,6
205.621108055,beacon,AP01,broadcast,-72.0,False,6
205.723555088,beacon,AP01,broadcast,-72.0,False,6
205.825973034,beacon,AP01,broadcast,-72.0,False,6
205.928345919,beacon,AP01,broadcast,-72.0,False,6
206.030754089,beacon,AP01,broadcast,-72.0,False,6
206.133172035,beacon,AP01,broadcast,-72.0,False,6
206.235557079,beacon,AP01,broadcast,-72.0,False,6
206.337965012,beacon,AP01,broadcast,-72.0,False,6
206.440333128,beacon,AP01,broadcast,-72.0,False,6
206.542737961,beacon,AP01,broadcast,-72.0,False,6
206.645110130,beacon,AP01,broadcast,-72.0,False,6
206.747503996,beacon,AP01,broadcast,-72.0,False,6
206.749579906,ndpa,AP01,C01,-72.0,False,24
206.749686956,bfi,C01,AP01,-59.0,False,54
206.849952936,beacon,AP01,broadcast,-72.0,False,6
206.952321053,beacon,AP01,broadcast,-72.0,False,6
207.054733992,beacon,AP01,broadcast,-72.0,False,6
207.157149076,beacon,AP01,broadcast,-72.0,False,6
207.259545088,beacon,AP01,broadcast,-71.0,False,6
207.361915112,beacon,AP01,broadcast,-72.0,False,6
207.464344978,beacon,AP01,broadcast,-72.0,False,6
207.566730022,beacon,AP01,broadcast,-72.0,False,6
207.669152975,beacon,AP01,broadcast,-71.0,False,6
207.771642923,beacon,AP01,broadcast,-72.0,False,6
207.874027014,beacon,AP01,broadcast,-72.0,False,6
207.976444960,beacon,AP01,broadcast,-72.0,False,6
208.078850985,beacon,AP01,broadcast,-72.0,False,6
208.081223011,ndpa,AP01,C01,-72.0,False,24
208.081279993,bfi,C01,AP01,-59.0,False,54
208.181196928,beacon,AP01,broadcast,-72.0,False,6
208.283648968,beacon,AP01,broadcast,-72.0,False,6
208.386070967,beacon,AP01,broadcast,-72.0,False,6
208.488431931,beacon,AP01,broadcast,-72.0,False,6
208.590832949,beacon,AP01,broadcast,-72.0,False,6
208.693185091,beacon,AP01,broadcast,-71.0,False,6
208.795670033,beacon,AP01,broadcast,-72.0,False,6
208.898041964,beacon,AP01,broadcast,-72.0,False,6
209.000431061,beacon,AP01,broadcast,-71.0,False,6
209.115735054,beacon,AP01,broadcast,-72.0,False,6
209.205217123,beacon,AP01,broadcast,-72.0,False,6
209.336709023,beacon,AP01,broadcast,-72.0,False,6
209.410043001,beacon,AP01,broadcast,-72.0,False,6
209.417360067,ndpa,AP01,C01,-72.0,False,24
209.417428970,bfi,C01,AP01,-59.0,False,54
209.512459993,beacon,AP01,broadcast,-72.0,False,6
209.615039110,beacon,AP01,broadcast,-71.0,False,6
209.717157125,beacon,AP01,broadcast,-71.0,False,6
209.819664955,beacon,AP01,broadcast,-72.0,False,6
209.921929121,beacon,AP01,broadcast,-71.0,False,6
210.024445057,beacon,AP01,broadcast,-72.0,False,6
210.126860142,beacon,AP01,broadcast,-72.0,False,6
210.229257107,beacon,AP01,broadcast,-72.0,False,6
210.331656933,beacon,AP01,broadcast,-72.0,False,6
210.434065104,beacon,AP01,broadcast,-72.0,False,6
210.536477089,beacon,AP01,broadcast,-72.0,False,6
210.638755083,beacon,AP01,broadcast,-72.0,False,6
210.741220951,beacon,AP01,broadcast,-72.0,False,6
210.748980999,ndpa,AP01,C01,-72.0,False,24
210.749036074,bfi,C01,AP01,-58.0,False,54
210.843689919,beacon,AP01,broadcast,-72.0,False,6
210.946058035,beacon,AP01,broadcast,-72.0,False,6
211.048443079,beacon,AP01,broadcast,-72.0,False,6
211.150882959,beacon,AP01,broadcast,-72.0,False,6
211.253210068,beacon,AP01,broadcast,-72.0,False,6
211.355700016,beacon,AP01,broadcast,-72.0,False,6
211.458041906,beacon,AP01,broadcast,-71.0,False,6
211.560454130,beacon,AP01,broadcast,-72.0,False,6
211.662900925,beacon,AP01,broadcast,-72.0,False,6
211.765239000,beacon,AP01,broadcast,-71.0,False,6
211.867676973,beacon,AP01,broadcast,-72.0,False,6
211.970107079,beacon,AP01,broadcast,-72.0,False,6
212.072477102,beacon,AP01,broadcast,-72.0,False,6
212.081593990,ndpa,AP01,C01,-72.0,False,24
212.081671953,bfi,C01,AP01,-59.0,False,54
212.174865007,beacon,AP01,broadcast,-72.0,False,6
212.277233124,beacon,AP01,broadcast,-72.0,False,6
212.379691124,beacon,AP01,broadcast,-71.0,False,6
212.482020140,beacon,AP01,broadcast,-72.0,False,6
212.584486961,beacon,AP01,broadcast,-72.0,False,6
212.686867952,beacon,AP01,broadcast,-72.0,False,6
212.789237022,beacon,AP01,broadcast,-72.0,False,6
212.891637087,beacon,AP01,broadcast,-72.0,False,6
212.994029045,beacon,AP01,broadcast,-72.0,False,6
213.096411943,beacon,AP01,broadcast,-72.0,False,6
213.198851109,beacon,AP01,broadcast,-72.0,False,6
213.301235914,beacon,AP01,broadcast,-71.0,False,6
213.403614998,beacon,AP01,broadcast,-72.0,False,6
213.417752981,ndpa,AP01,C01,-72.0,False,24
213.417829990,bfi,C01,AP01,-59.0,False,54
213.506036043,beacon,AP01,broadcast,-71.0,False,6
213.608421087,beacon,AP01,broadcast,-71.0,False,6
213.710811138,beacon,AP01,broadcast,-71.0,False,6
213.813180923,beacon,AP01,broadcast,-72.0,False,6
213.915647984,beacon,AP01,broadcast,-72.0,False,6
214.018038034,beacon,AP01,broadcast,-72.0,False,6
214.135693073,beacon,AP01,broadcast,-71.0,False,6
214.222810030,beacon,AP01,broadcast,-72.0,False,6
214.325171947,beacon,AP01,broadcast,-72.0,False,6
214.427592993,beacon,AP01,broadcast,-72.0,False,6
214.530211926,beacon,AP01,broadcast,-72.0,False,6
214.632424116,beacon,AP01,broadcast,-71.0,False,6
214.734827042,beacon,AP01,broadcast,-72.0,False,6
214.750239134,ndpa,AP01,C01,-72.0,False,24
214.750369072,bfi,C01,AP01,-59.0,False,54
214.837180138,beacon,AP01,broadcast,-72.0,False,6
214.939615011,beacon,AP01,broadcast,-72.0,False,6
215.042024136,beacon,AP01,broadcast,-72.0,False,6
215.144433022,beacon,AP01,broadcast,-72.0,False,6
215.246850967,beacon,AP01,broadcast,-72.0,False,6
215.349241972,beacon,AP01,broadcast,-71.0,False,6
215.451724052,beacon,AP01,broadcast,-72.0,False,6
215.554117918,beacon,AP01,broadcast,-72.0,False,6
215.656513929,beacon,AP01,broadcast,-72.0,False,6
215.758909941,beacon,AP01,broadcast,-72.0,False,6
215.861253023,beacon,AP01,broadcast,-72.0,False,6
215.963730097,beacon,AP01,broadcast,-72.0,False,6
216.066102028,beacon,AP01,broadcast,-71.0,False,6
216.081779957,ndpa,AP01,C01,-72.0,False,24
216.081861973,bfi,C01,AP01,-59.0,False,54
216.168519974,beacon,AP01,broadcast,-71.0,False,6
216.270904064,beacon,AP01,broadcast,-70.0,False,6
216.373214960,beacon,AP01,broadcast,-71.0,False,6
216.475703955,beacon,AP01,broadcast,-71.0,False,6
216.578141928,beacon,AP01,broadcast,-71.0,False,6
216.680535078,beacon,AP01,broadcast,-70.0,False,6
216.782802105,beacon,AP01,broadcast,-70.0,False,6
216.885250092,beacon,AP01,broadcast,-70.0,False,6
216.987663031,beacon,AP01,broadcast,-71.0,False,6
217.090207100,beacon,AP01,broadcast,-70.0,False,6
217.192466974,beacon,AP01,broadcast,-71.0,False,6
217.294929981,beacon,AP01,broadcast,-70.0,False,6
217.397207022,beacon,AP01,broadcast,-70.0,False,6
217.417958021,ndpa,AP01,C01,-71.0,False,24
217.417990923,bfi,C01,AP01,-59.0,False,54
217.499737978,beacon,AP01,broadcast,-70.0,False,6
217.602137089,beacon,AP01,broadcast,-70.0,False,6
217.704570055,beacon,AP01,broadcast,-71.0,False,6
217.806833982,beacon,AP01,broadcast,-71.0,False,6
217.909223080,beacon,AP01,broadcast,-70.0,False,6
218.011747122,beacon,AP01,broadcast,-71.0,False,6
218.114151955,beacon,AP01,broadcast,-71.0,False,6
218.216530085,beacon,AP01,broadcast,-71.0,False,6
218.318922997,beacon,AP01,broadcast,-71.0,False,6
218.421256065,beacon,AP01,broadcast,-71.0,False,6
218.523728132,beacon,AP01,broadcast,-71.0,False,6
218.626111031,beacon,AP01,broadcast,-70.0,False,6
218.728559971,beacon,AP01,broadcast,-71.0,False,6
218.751101017,ndpa,AP01,C01,-71.0,False,24
218.751183987,bfi,C01,AP01,-59.0,False,54
218.830863953,beacon,AP01,broadcast,-71.0,False,6
218.933305025,beacon,AP01,broadcast,-70.0,False,6
219.035757065,beacon,AP01,broadcast,-70.0,False,6
219.155924082,beacon,AP01,broadcast,-71.0,False,6
219.240546942,beacon,AP01,broadcast,-71.0,False,6
219.342967033,beacon,AP01,broadcast,-71.0,False,6
219.445305109,beacon,AP01,broadcast,-71.0,False,6
219.547764063,beacon,AP01,broadcast,-71.0,False,6
219.650141954,beacon,AP01,broadcast,-71.0,False,6
219.752484083,beacon,AP01,broadcast,-71.0,False,6
219.854893923,beacon,AP01,broadcast,-71.0,False,6
219.957274914,beacon,AP01,broadcast,-71.0,False,6
220.059746027,beacon,AP01,broadcast,-71.0,False,6
220.082320929,ndpa,AP01,C01,-71.0,False,24
220.082339048,bfi,C01,AP01,-58.0,False,54
220.162158966,beacon,AP01,broadcast,-70.0,False,6
220.264558077,beacon,AP01,broadcast,-71.0,False,6
220.366967916,beacon,AP01,broadcast,-72.0,False,6
220.469309092,beacon,AP01,broadcast,-72.0,False,6
220.571712971,beacon,AP01,broadcast,-72.0,False,6
220.674072981,beacon,AP01,broadcast,-72.0,False,6
220.776480913,beacon,AP01,broadcast,-71.0,False,6
220.878907919,beacon,AP01,broadcast,-72.0,False,6
220.981308937,beacon,AP01,broadcast,-71.0,False,6
221.083722115,beacon,AP01,broadcast,-72.0,False,6
221.186120033,beacon,AP01,broadcast,-71.0,False,6
221.288501024,beacon,AP01,broadcast,-72.0,False,6
221.390912056,beacon,AP01,broadcast,-72.0,False,6
221.417771101,ndpa,AP01,C01,-72.0,False,24
221.417860031,bfi,C01,AP01,-59.0,False,54
221.493330956,beacon,AP01,broadcast,-71.0,False,6
221.595726967,beacon,AP01,broadcast,-72.0,False,6
221.698095083,beacon,AP01,broadcast,-72.0,False,6
221.800533056,beacon,AP01,broadcast,-72.0,False,6
221.902895927,beacon,AP01,broadcast,-72.0,False,6
222.005257130,beacon,AP01,broadcast,-72.0,False,6
222.107686996,beacon,AP01,broadcast,-72.0,False,6
222.210088015,beacon,AP01,broadcast,-72.0,False,6
222.312473059,beacon,AP01,broadcast,-73.0,False,6
222.414907932,beacon,AP01,broadcast,-72.0,False,6
222.517271042,beacon,AP01,broadcast,-72.0,False,6
222.619704008,beacon,AP01,broadcast,-72.0,False,6
222.722141027,beacon,AP01,broadcast,-72.0,False,6
222.749226093,ndpa,AP01,C01,-72.0,False,24
222.749316931,bfi,C01,AP01,-59.0,False,54
222.824531078,beacon,AP01,broadcast,-72.0,False,6
222.926912069,beacon,AP01,broadcast,-72.0,False,6
223.029402018,beacon,AP01,broadcast,-72.0,False,6
223.131815910,beacon,AP01,broadcast,-72.0,False,6
223.234180927,beacon,AP01,broadcast,-73.0,False,6
223.336563110,beacon,AP01,broadcast,-72.0,False,6
223.438972950,beacon,AP01,broadcast,-72.0,False,6
223.541327953,beacon,AP01,broadcast,-72.0,False,6
223.643813133,beacon,AP01,broadcast,-72.0,False,6
223.746180058,beacon,AP01,broadcast,-72.0,False,6
223.848601103,beacon,AP01,broadcast,-72.0,False,6
223.950993061,beacon,AP01,broadcast,-72.0,False,6
224.053390980,beacon,AP01,broadcast,-72.0,False,6
224.081586123,ndpa,AP01,C01,-72.0,False,24
224.081640959,bfi,C01,AP01,-59.0,False,54
224.175941944,beacon,AP01,broadcast,-72.0,False,6
224.258192062,beacon,AP01,broadcast,-72.0,False,6
224.360624075,beacon,AP01,broadcast,-72.0,False,6
224.462903023,beacon,AP01,broadcast,-72.0,False,6
224.565391064,beacon,AP01,broadcast,-72.0,False,6
224.667740107,beacon,AP01,broadcast,-72.0,False,6
224.770148039,beacon,AP01,broadcast,-72.0,False,6
224.872510910,beacon,AP01,broadcast,-72.0,False,6
224.975023985,beacon,AP01,broadcast,-72.0,False,6
225.077295065,beacon,AP01,broadcast,-72.0,False,6
225.179801941,beacon,AP01,broadcast,-72.0,False,6
225.282202005,beacon,AP01,broadcast,-73.0,False,6
225.384633064,beacon,AP01,broadcast,-72.0,False,6
225.417977095,ndpa,AP01,C01,-72.0,False,24
225.418033123,bfi,C01,AP01,-59.0,False,54
225.487003088,beacon,AP01,broadcast,-72.0,False,6
225.589307070,beacon,AP01,broadcast,-72.0,False,6
225.691806078,beacon,AP01,broadcast,-72.0,False,6
225.794147015,beacon,AP01,broadcast,-72.0,False,6
225.896619081,beacon,AP01,broadcast,-72.0,False,6
225.998955965,beacon,AP01,broadcast,-72.0,False,6
226.101350069,beacon,AP01,broadcast,-72.0,False,6
226.203843117,beacon,AP01,broadcast,-73.0,False,6
226.306216002,beacon,AP01,broadcast,-72.0,False,6
226.408613920,beacon,AP01,broadcast,-72.0,False,6
226.511027098,beacon,AP01,broadcast,-72.0,False,6
226.613371134,beacon,AP01,broadcast,-72.0,False,6
226.715806961,beacon,AP01,broadcast,-72.0,False,6
226.748914957,ndpa,AP01,C01,-72.0,False,24
226.748935938,bfi,C01,AP01,-59.0,False,54
226.818192005,beacon,AP01,broadcast,-72.0,False,6
226.920599937,beacon,AP01,broadcast,-72.0,False,6
227.023067951,beacon,AP01,broadcast,-72.0,False,6
227.125386000,beacon,AP01,broadcast,-72.0,False,6
227.227741003,beacon,AP01,broadcast,-72.0,False,6
227.330229998,beacon,AP01,broadcast,-71.0,False,6
227.432619095,beacon,AP01,broadcast,-72.0,False,6
227.535027027,beacon,AP01,broadcast,-72.0,False,6
227.637319088,beacon,AP01,broadcast,-72.0,False,6
227.739851952,beacon,AP01,broadcast,-72.0,False,6
227.842241049,beacon,AP01,broadcast,-72.0,False,6
227.944649935,beacon,AP01,broadcast,-72.0,False,6
228.046973944,beacon,AP01,broadcast,-72.0,False,6
228.082129955,ndpa,AP01,C01,-73.0,False,24
228.082219124,bfi,C01,AP01,-59.0,False,54
228.149425983,beacon,AP01,broadcast,-72.0,False,6
228.251765013,beacon,AP01,broadcast,-72.0,False,6
228.354156017,beacon,AP01,broadcast,-72.0,False,6
228.456569910,beacon,AP01,broadcast,-72.0,False,6
228.558944941,beacon,AP01,broadcast,-72.0,False,6
228.661343098,beacon,AP01,broadcast,-72.0,False,6
228.763751984,beacon,AP01,broadcast,-72.0,False,6
228.866157055,beacon,AP01,broadcast,-72.0,False,6
228.968553066,beacon,AP01,broadcast,-72.0,False,6
229.070933104,beacon,AP01,broadcast,-72.0,False,6
229.195984125,beacon,AP01,broadcast,-72.0,False,6
229.275785923,beacon,AP01,broadcast,-72.0,False,6
229.378190041,beacon,AP01,broadcast,-72.0,False,6
229.416456938,ndpa,AP01,C01,-72.0,False,24
229.416515112,bfi,C01,AP01,-59.0,False,54
229.480585098,beacon,AP01,broadcast,-72.0,False,6
229.582960129,beacon,AP01,broadcast,-72.0,False,6
229.685382128,beacon,AP01,broadcast,-72.0,False,6
229.787764072,beacon,AP01,broadcast,-72.0,False,6
229.890159130,beacon,AP01,broadcast,-72.0,False,6
229.992563009,beacon,AP01,broadcast,-72.0,False,6
230.094964981,beacon,AP01,broadcast,-72.0,False,6
230.197360992,beacon,AP01,broadcast,-72.0,False,6
230.300976992,beacon,AP01,broadcast,-72.0,False,6
230.402156115,beacon,AP01,broadcast,-72.0,False,6
230.504559040,beacon,AP01,broadcast,-72.0,False,6
230.606964111,beacon,AP01,broadcast,-72.0,False,6
230.709422112,beacon,AP01,broadcast,-72.0,False,6
230.741369963,ndpa,AP01,C01,-73.0,False,24
230.741446972,bfi,C01,AP01,-59.0,False,54
230.811887026,beacon,AP01,broadcast,-72.0,False,6
230.914268970,beacon,AP01,broadcast,-72.0,False,6
231.016655922,beacon,AP01,broadcast,-72.0,False,6
231.119100094,beacon,AP01,broadcast,-72.0,False,6
231.221336126,beacon,AP01,broadcast,-72.0,False,6
231.323843002,beacon,AP01,broadcast,-72.0,False,6
231.426254988,beacon,AP01,broadcast,-72.0,False,6
231.528676987,beacon,AP01,broadcast,-72.0,False,6
231.631103992,beacon,AP01,broadcast,-72.0,False,6
231.733400106,beacon,AP01,broadcast,-72.0,False,6
231.835868120,beacon,AP01,broadcast,-72.0,False,6
231.938187122,beacon,AP01,broadcast,-72.0,False,6
232.040699005,beacon,AP01,broadcast,-72.0,False,6
232.071677923,ndpa,AP01,C01,-72.0,False,24
232.071763992,bfi,C01,AP01,-59.0,False,54
232.142944098,beacon,AP01,broadcast,-72.0,False,6
232.245500088,beacon,AP01,broadcast,-72.0,False,6
232.347868919,beacon,AP01,broadcast,-72.0,False,6
232.450309038,beacon,AP01,broadcast,-72.0,False,6
232.552693129,beacon,AP01,broadcast,-72.0,False,6
232.655085087,beacon,AP01,broadcast,-72.0,False,6
232.757477999,beacon,AP01,broadcast,-72.0,False,6
232.859751940,beacon,AP01,broadcast,-72.0,False,6
232.962286949,beacon,AP01,broadcast,-72.0,False,6
233.064599991,beacon,AP01,broadcast,-72.0,False,6
233.167068958,beacon,AP01,broadcast,-72.0,False,6
233.269498110,beacon,AP01,broadcast,-72.0,False,6
233.371881008,beacon,AP01,broadcast,-71.0,False,6
233.407489061,ndpa,AP01,C01,-72.0,False,24
233.407576084,bfi,C01,AP01,-59.0,False,54
233.474323988,beacon,AP01,broadcast,-72.0,False,6
233.576673031,beacon,AP01,broadcast,-72.0,False,6
233.679095030,beacon,AP01,broadcast,-71.0,False,6
233.781482935,beacon,AP01,broadcast,-72.0,False,6
233.883916140,beacon,AP01,broadcast,-72.0,False,6
233.986269951,beacon,AP01,broadcast,-72.0,False,6
234.088685036,beacon,AP01,broadcast,-71.0,False,6
234.216144085,beacon,AP01,broadcast,-72.0,False,6
234.293501139,beacon,AP01,broadcast,-72.0,False,6
234.395899057,beacon,AP01,broadcast,-72.0,False,6
234.498237133,beacon,AP01,broadcast,-72.0,False,6
234.600590944,beacon,AP01,broadcast,-72.0,False,6
234.703050137,beacon,AP01,broadcast,-73.0,False,6
234.739622116,ndpa,AP01,C01,-73.0,False,24
234.739742041,bfi,C01,AP01,-59.0,False,54
234.805526018,beacon,AP01,broadcast,-72.0,False,6
234.907911062,beacon,AP01,broadcast,-72.0,False,6
235.010298967,beacon,AP01,broadcast,-72.0,False,6
235.112581968,beacon,AP01,broadcast,-72.0,False,6
235.215054035,beacon,AP01,broadcast,-72.0,False,6
235.321141005,beacon,AP01,broadcast,-72.0,False,6
235.419887066,beacon,AP01,broadcast,-72.0,False,6
235.522229910,beacon,AP01,broadcast,-72.0,False,6
235.624716997,beacon,AP01,broadcast,-72.0,False,6
235.727087021,beacon,AP01,broadcast,-73.0,False,6
235.829416990,beacon,AP01,broadcast,-72.0,False,6
235.931944132,beacon,AP01,broadcast,-72.0,False,6
236.034248114,beacon,AP01,broadcast,-72.0,False,6
236.071254969,ndpa,AP01,C01,-73.0,False,24
236.071339130,bfi,C01,AP01,-59.0,False,54
236.136630058,beacon,AP01,broadcast,-72.0,False,6
236.239042044,beacon,AP01,broadcast,-72.0,False,6
236.341424942,beacon,AP01,broadcast,-72.0,False,6
236.443829060,beacon,AP01,broadcast,-72.0,False,6
236.546234131,beacon,AP01,broadcast,-72.0,False,6
236.648622036,beacon,AP01,broadcast,-72.0,False,6
236.751037121,beacon,AP01,broadcast,-72.0,False,6
236.853410959,beacon,AP01,broadcast,-72.0,False,6
236.955819130,beacon,AP01,broadcast,-72.0,False,6
237.058239937,beacon,AP01,broadcast,-72.0,False,6
237.160622120,beacon,AP01,broadcast,-72.0,False,6
237.263087034,beacon,AP01,broadcast,-72.0,False,6
237.365440130,beacon,AP01,broadcast,-72.0,False,6
237.406834126,ndpa,AP01,C01,-73.0,False,24
237.406929970,bfi,C01,AP01,-59.0,False,54
237.467849016,beacon,AP01,broadcast,-72.0,False,6
237.570279121,beacon,AP01,broadcast,-72.0,False,6
237.672658920,beacon,AP01,broadcast,-72.0,False,6
237.775072098,beacon,AP01,broadcast,-72.0,False,6
237.877453089,beacon,AP01,broadcast,-72.0,False,6
237.979865074,beacon,AP01,broadcast,-72.0,False,6
238.082245111,beacon,AP01,broadcast,-71.0,False,6
238.184617996,beacon,AP01,broadcast,-72.0,False,6
238.287045956,beacon,AP01,broadcast,-72.0,False,6
238.389442921,beacon,AP01,broadcast,-72.0,False,6
238.491836071,beacon,AP01,broadcast,-72.0,False,6
238.594341040,beacon,AP01,broadcast,-71.0,False,6
238.696731091,beacon,AP01,broadcast,-72.0,False,6
238.739807129,ndpa,AP01,C01,-72.0,False,24
238.739843130,bfi,C01,AP01,-59.0,False,54
238.799180984,beacon,AP01,broadcast,-72.0,False,6
238.901556015,beacon,AP01,broadcast,-72.0,False,6
239.003957033,beacon,AP01,broadcast,-72.0,False,6
239.106382132,beacon,AP01,broadcast,-72.0,False,6
239.311111927,beacon,AP01,broadcast,-72.0,False,6
239.413448095,beacon,AP01,broadcast,-72.0,False,6
239.515964985,beacon,AP01,broadcast,-72.0,False,6
239.618331909,beacon,AP01,broadcast,-72.0,False,6
239.720739126,beacon,AP01,broadcast,-72.0,False,6
239.823161125,beacon,AP01,broadcast,-72.0,False,6
239.925535917,beacon,AP01,broadcast,-72.0,False,6
240.027930975,beacon,AP01,broadcast,-72.0,False,6
240.071161032,ndpa,AP01,C01,-73.0,False,24
240.071171045,bfi,C01,AP01,-59.0,False,54
240.130316973,beacon,AP01,broadcast,-72.0,False,6
240.232749939,beacon,AP01,broadcast,-72.0,False,6
240.341838121,beacon,AP01,broadcast,-72.0,False,6
240.437539101,beacon,AP01,broadcast,-72.0,False,6
240.539979935,beacon,AP01,broadcast,-72.0,False,6
240.642307997,beacon,AP01,broadcast,-72.0,False,6
240.744755983,beacon,AP01,broadcast,-72.0,False,6
240.847160101,beacon,AP01,broadcast,-72.0,False,6
240.949558020,beacon,AP01,broadcast,-72.0,False,6
241.051981926,beacon,AP01,broadcast,-72.0,False,6
241.154357910,beacon,AP01,broadcast,-72.0,False,6
241.256742954,beacon,AP01,broadcast,-72.0,False,6
241.359143972,beacon,AP01,broadcast,-72.0,False,6
241.407411098,ndpa,AP01,C01,-73.0,False,24
241.407489061,bfi,C01,AP01,-59.0,False,54
241.461566925,beacon,AP01,broadcast,-72.0,False,6
241.563971996,beacon,AP01,broadcast,-72.0,False,6
241.666388035,beacon,AP01,broadcast,-72.0,False,6
241.768759966,beacon,AP01,broadcast,-72.0,False,6
241.871206045,beacon,AP01,broadcast,-72.0,False,6
241.973472118,beacon,AP01,broadcast,-72.0,False,6
242.075978994,beacon,AP01,broadcast,-72.0,False,6
242.178236961,beacon,AP01,broadcast,-72.0,False,6
242.280697107,beacon,AP01,broadcast,-72.0,False,6
242.383167028,beacon,AP01,broadcast,-72.0,False,6
242.485513926,beacon,AP01,broadcast,-72.0,False,6
242.587861061,beacon,AP01,broadcast,-72.0,False,6
242.690411091,beacon,AP01,broadcast,-72.0,False,6
242.739968061,ndpa,AP01,C01,-72.0,False,24
242.740000010,bfi,C01,AP01,-59.0,False,54
242.792766094,beacon,AP01,broadcast,-72.0,False,6
242.895215034,beacon,AP01,broadcast,-72.0,False,6
242.997585058,beacon,AP01,broadcast,-73.0,False,6
243.100000143,beacon,AP01,broadcast,-72.0,False,6
243.202362061,beacon,AP01,broadcast,-72.0,False,6
243.304708004,beacon,AP01,broadcast,-72.0,False,6
243.407198906,beacon,AP01,broadcast,-72.0,False,6
243.509571075,beacon,AP01,broadcast,-72.0,False,6
243.611973047,beacon,AP01,broadcast,-72.0,False,6
243.714343071,beacon,AP01,broadcast,-72.0,False,6
243.816714048,beacon,AP01,broadcast,-72.0,False,6
243.919132948,beacon,AP01,broadcast,-72.0,False,6
244.021551132,beacon,AP01,broadcast,-72.0,False,6
244.072382927,ndpa,AP01,C01,-72.0,False,24
244.072475910,bfi,C01,AP01,-59.0,False,54
244.123943090,beacon,AP01,broadcast,-72.0,False,6
244.226293087,beacon,AP01,broadcast,-72.0,False,6
244.328665972,beacon,AP01,broadcast,-72.0,False,6
244.431145906,beacon,AP01,broadcast,-72.0,False,6
244.533478022,beacon,AP01,broadcast,-72.0,False,6
244.635924101,beacon,AP01,broadcast,-72.0,False,6
244.738312960,beacon,AP01,broadcast,-72.0,False,6
244.840724945,beacon,AP01,broadcast,-72.0,False,6
244.943145037,beacon,AP01,broadcast,-72.0,False,6
245.045547009,beacon,AP01,broadcast,-72.0,False,6
245.147886038,beacon,AP01,broadcast,-72.0,False,6
245.250309944,beacon,AP01,broadcast,-72.0,False,6
245.361212969,beacon,AP01,broadcast,-72.0,False,6
245.407207012,ndpa,AP01,C01,-72.0,False,24
245.407316923,bfi,C01,AP01,-59.0,False,54
245.455110073,beacon,AP01,broadcast,-72.0,False,6
245.557554960,beacon,AP01,broadcast,-72.0,False,6
245.659971952,beacon,AP01,broadcast,-72.0,False,6
245.762373924,beacon,AP01,broadcast,-72.0,False,6
245.864754915,beacon,AP01,broadcast,-72.0,False,6
245.967164040,beacon,AP01,broadcast,-72.0,False,6
246.069483995,beacon,AP01,broadcast,-72.0,False,6
246.171941042,beacon,AP01,broadcast,-72.0,False,6
246.274318933,beacon,AP01,broadcast,-72.0,False,6
246.376821041,beacon,AP01,broadcast,-72.0,False,6
246.479218960,beacon,AP01,broadcast,-72.0,False,6
246.581497908,beacon,AP01,broadcast,-72.0,False,6
246.683998108,beacon,AP01,broadcast,-72.0,False,6
246.739838123,ndpa,AP01,C01,-72.0,False,24
246.739912033,bfi,C01,AP01,-59.0,False,54
246.786418915,beacon,AP01,broadcast,-72.0,False,6
246.888731956,beacon,AP01,broadcast,-72.0,False,6
246.991255045,beacon,AP01,broadcast,-72.0,False,6
247.093539000,beacon,AP01,broadcast,-72.0,False,6
247.196038008,beacon,AP01,broadcast,-72.0,False,6
247.298305988,beacon,AP01,broadcast,-72.0,False,6
247.400803089,beacon,AP01,broadcast,-72.0,False,6
247.503180027,beacon,AP01,broadcast,-72.0,False,6
247.605544090,beacon,AP01,broadcast,-72.0,False,6
247.708020926,beacon,AP01,broadcast,-72.0,False,6
247.810424089,beacon,AP01,broadcast,-72.0,False,6
247.912830114,beacon,AP01,broadcast,-72.0,False,6
248.015228987,beacon,AP01,broadcast,-72.0,False,6
248.071281910,ndpa,AP01,C01,-72.0,False,24
248.071305990,bfi,C01,AP01,-59.0,False,54
248.117531061,beacon,AP01,broadcast,-73.0,False,6
248.220046043,beacon,AP01,broadcast,-72.0,False,6
248.322438002,beacon,AP01,broadcast,-72.0,False,6
248.424876928,beacon,AP01,broadcast,-73.0,False,6
248.527184963,beacon,AP01,broadcast,-72.0,False,6
248.629588127,beacon,AP01,broadcast,-73.0,False,6
248.732067108,beacon,AP01,broadcast,-72.0,False,6
248.834437132,beacon,AP01,broadcast,-72.0,False,6
248.936830044,beacon,AP01,broadcast,-73.0,False,6
249.039211988,beacon,AP01,broadcast,-72.0,False,6
249.141641140,beacon,AP01,broadcast,-72.0,False,6
249.244019032,beacon,AP01,broadcast,-73.0,False,6
249.346333981,beacon,AP01,broadcast,-72.0,False,6
249.407537937,ndpa,AP01,C01,-72.0,False,24
249.407563925,bfi,C01,AP01,-59.0,False,54
249.448740959,beacon,AP01,broadcast,-72.0,False,6
249.551257133,beacon,AP01,broadcast,-72.0,False,6
249.653616905,beacon,AP01,broadcast,-72.0,False,6
249.756063938,beacon,AP01,broadcast,-72.0,False,6
249.858465910,beacon,AP01,broadcast,-72.0,False,6
249.960874081,beacon,AP01,broadcast,-72.0,False,6
250.063254118,beacon,AP01,broadcast,-72.0,False,6
250.165642977,beacon,AP01,broadcast,-72.0,False,6
250.268074989,beacon,AP01,broadcast,-72.0,False,6
250.381407976,beacon,AP01,broadcast,-72.0,False,6
250.472870111,beacon,AP01,broadcast,-72.0,False,6
250.575163126,beacon,AP01,broadcast,-72.0,False,6
250.677644014,beacon,AP01,broadcast,-72.0,False,6
250.739077091,ndpa,AP01,C01,-72.0,False,24
250.739097118,bfi,C01,AP01,-59.0,False,54
250.780057907,beacon,AP01,broadcast,-72.0,False,6
250.882465124,beacon,AP01,broadcast,-72.0,False,6
250.984885931,beacon,AP01,broadcast,-72.0,False,6
251.087310076,beacon,AP01,broadcast,-72.0,False,6
251.189642906,beacon,AP01,broadcast,-73.0,False,6
251.292045116,beacon,AP01,broadcast,-72.0,False,6
251.394458055,beacon,AP01,broadcast,-72.0,False,6
251.496770144,beacon,AP01,broadcast,-72.0,False,6
251.599167109,beacon,AP01,broadcast,-72.0,False,6
251.701591969,beacon,AP01,broadcast,-72.0,False,6
251.803952932,beacon,AP01,broadcast,-72.0,False,6
251.906363010,beacon,AP01,broadcast,-72.0,False,6
252.008796930,beacon,AP01,broadcast,-72.0,False,6
252.071717024,ndpa,AP01,C01,-72.0,False,24
252.071823120,bfi,C01,AP01,-59.0,False,54
252.111172915,beacon,AP01,broadcast,-72.0,False,6
252.213577032,beacon,AP01,broadcast,-72.0,False,6
252.315976143,beacon,AP01,broadcast,-72.0,False,6
252.418371916,beacon,AP01,broadcast,-72.0,False,6
252.520817041,beacon,AP01,broadcast,-72.0,False,6
252.623202085,beacon,AP01,broadcast,-72.0,False,6
252.725640059,beacon,AP01,broadcast,-72.0,False,6
252.828007936,beacon,AP01,broadcast,-73.0,False,6
252.930433989,beacon,AP01,broadcast,-72.0,False,6
253.032831907,beacon,AP01,broadcast,-72.0,False,6
253.135209084,beacon,AP01,broadcast,-72.0,False,6
253.237622023,beacon,AP01,broadcast,-72.0,False,6
253.340004921,beacon,AP01,broadcast,-72.0,False,6
253.406825066,ndpa,AP01,C01,-73.0,False,24
253.406929970,bfi,C01,AP01,-59.0,False,54
253.442438126,beacon,AP01,broadcast,-73.0,False,6
253.544836998,beacon,AP01,broadcast,-72.0,False,6
253.647191048,beacon,AP01,broadcast,-72.0,False,6
253.749645948,beacon,AP01,broadcast,-72.0,False,6
253.852015972,beacon,AP01,broadcast,-72.0,False,6
253.954414129,beacon,AP01,broadcast,-72.0,False,6
254.056890011,beacon,AP01,broadcast,-72.0,False,6
254.159261942,beacon,AP01,broadcast,-72.0,False,6
254.261698008,beacon,AP01,broadcast,-72.0,False,6
254.363995075,beacon,AP01,broadcast,-72.0,False,6
254.466489077,beacon,AP01,broadcast,-72.0,False,6
254.568896055,beacon,AP01,broadcast,-72.0,False,6
254.671315908,beacon,AP01,broadcast,-72.0,False,6
254.739511967,ndpa,AP01,C01,-72.0,False,24
254.739567041,bfi,C01,AP01,-59.0,False,54
254.773700953,beacon,AP01,broadcast,-72.0,False,6
254.876016140,beacon,AP01,broadcast,-72.0,False,6
254.978532076,beacon,AP01,broadcast,-72.0,False,6
255.080940008,beacon,AP01,broadcast,-72.0,False,6
255.183381081,beacon,AP01,broadcast,-72.0,False,6
255.285706043,beacon,AP01,broadcast,-72.0,False,6
255.401467085,beacon,AP01,broadcast,-72.0,False,6
255.490534067,beacon,AP01,broadcast,-72.0,False,6
255.592930079,beacon,AP01,broadcast,-72.0,False,6
255.695322990,beacon,AP01,broadcast,-72.0,False,6
255.797667980,beacon,AP01,broadcast,-71.0,False,6
255.900124073,beacon,AP01,broadcast,-71.0,False,6
256.002507925,beacon,AP01,broadcast,-72.0,False,6
256.071093082,ndpa,AP01,C01,-72.0,False,24
256.071205139,bfi,C01,AP01,-59.0,False,54
256.104918957,beacon,AP01,broadcast,-71.0,False,6
256.207335949,beacon,AP01,broadcast,-72.0,False,6
256.309706926,beacon,AP01,broadcast,-72.0,False,6
256.412111998,beacon,AP01,broadcast,-72.0,False,6
256.514398098,beacon,AP01,broadcast,-72.0,False,6
256.616941929,beacon,AP01,broadcast,-72.0,False,6
256.719207048,beacon,AP01,broadcast,-72.0,False,6
256.821726084,beacon,AP01,broadcast,-71.0,False,6
256.924013138,beacon,AP01,broadcast,-72.0,False,6
257.026555061,beacon,AP01,broadcast,-72.0,False,6
257.128912926,beacon,AP01,broadcast,-72.0,False,6
257.231352091,beacon,AP01,broadcast,-71.0,False,6
257.333722115,beacon,AP01,broadcast,-72.0,False,6
257.407470942,ndpa,AP01,C01,-72.0,False,24
257.407572031,bfi,C01,AP01,-59.0,False,54
257.436025143,beacon,AP01,broadcast,-71.0,False,6
257.538509130,beacon,AP01,broadcast,-72.0,False,6
257.640931129,beacon,AP01,broadcast,-71.0,False,6
257.743330956,beacon,AP01,broadcast,-71.0,False,6
257.845726013,beacon,AP01,broadcast,-72.0,False,6
257.948122025,beacon,AP01,broadcast,-72.0,False,6
258.050450087,beacon,AP01,broadcast,-72.0,False,6
258.152920008,beacon,AP01,broadcast,-72.0,False,6
258.255305052,beacon,AP01,broadcast,-72.0,False,6
258.357738018,beacon,AP01,broadcast,-72.0,False,6
258.460128069,beacon,AP01,broadcast,-72.0,False,6
258.562545061,beacon,AP01,broadcast,-72.0,False,6
258.664952040,beacon,AP01,broadcast,-73.0,False,6
258.739558935,ndpa,AP01,C01,-73.0,False,24
258.739594936,bfi,C01,AP01,-59.0,False,54
258.767328978,beacon,AP01,broadcast,-73.0,False,6
258.869626045,beacon,AP01,broadcast,-72.0,False,6
258.972129107,beacon,AP01,broadcast,-72.0,False,6
259.074530125,beacon,AP01,broadcast,-72.0,False,6
259.176932096,beacon,AP01,broadcast,-72.0,False,6
259.279294014,beacon,AP01,broadcast,-72.0,False,6
259.381685972,beacon,AP01,broadcast,-72.0,False,6
259.484080076,beacon,AP01,broadcast,-72.0,False,6
259.586457968,beacon,AP01,broadcast,-72.0,False,6
259.688828945,beacon,AP01,broadcast,-72.0,False,6
259.791271925,beacon,AP01,broadcast,-71.0,False,6
259.893680096,beacon,AP01,broadcast,-72.0,False,6
259.996048927,beacon,AP01,broadcast,-72.0,False,6
260.071504116,ndpa,AP01,C01,-72.0,False,24
260.071597099,bfi,C01,AP01,-59.0,False,54
260.098505020,beacon,AP01,broadcast,-72.0,False,6
260.200892925,beacon,AP01,broadcast,-72.0,False,6
260.303312063,beacon,AP01,broadcast,-72.0,False,6
260.421494007,beacon,AP01,broadcast,-72.0,False,6
260.508096933,beacon,AP01,broadcast,-72.0,False,6
260.610464096,beacon,AP01,broadcast,-72.0,False,6
260.712918997,beacon,AP01,broadcast,-71.0,False,6
260.815275908,beacon,AP01,broadcast,-71.0,False,6
260.917655945,beacon,AP01,broadcast,-72.0,False,6
261.020107031,beacon,AP01,broadcast,-71.0,False,6
261.122487068,beacon,AP01,broadcast,-72.0,False,6
261.224852085,beacon,AP01,broadcast,-72.0,False,6
261.327291965,beacon,AP01,broadcast,-72.0,False,6
261.407438993,ndpa,AP01,C01,-72.0,False,24
261.407535076,bfi,C01,AP01,-59.0,False,54
261.429654121,beacon,AP01,broadcast,-72.0,False,6
261.532092094,beacon,AP01,broadcast,-72.0,False,6
261.634485006,beacon,AP01,broadcast,-72.0,False,6
261.736907005,beacon,AP01,broadcast,-71.0,False,6
261.839262962,beacon,AP01,broadcast,-71.0,False,6
261.941764116,beacon,AP01,broadcast,-72.0,False,6
262.044135094,beacon,AP01,broadcast,-71.0,False,6
262.146574974,beacon,AP01,broadcast,-71.0,False,6
262.248975992,beacon,AP01,broadcast,-72.0,False,6
262.351356983,beacon,AP01,broadcast,-72.0,False,6
262.453647137,beacon,AP01,broadcast,-72.0,False,6
262.556186914,beacon,AP01,broadcast,-72.0,False,6
262.658558130,beacon,AP01,broadcast,-72.0,False,6
262.739587069,ndpa,AP01,C01,-72.0,False,24
262.739599943,bfi,C01,AP01,-59.0,False,54
262.760982990,beacon,AP01,broadcast,-72.0,False,6
262.863301039,beacon,AP01,broadcast,-72.0,False,6
262.965776920,beacon,AP01,broadcast,-72.0,False,6
263.068182945,beacon,AP01,broadcast,-72.0,False,6
263.170555115,beacon,AP01,broadcast,-72.0,False,6
263.272961140,beacon,AP01,broadcast,-72.0,False,6
263.375375032,beacon,AP01,broadcast,-72.0,False,6
263.477651119,beacon,AP01,broadcast,-72.0,False,6
263.580197096,beacon,AP01,broadcast,-72.0,False,6
263.682595968,beacon,AP01,broadcast,-71.0,False,6
263.784982920,beacon,AP01,broadcast,-72.0,False,6
263.887409925,beacon,AP01,broadcast,-72.0,False,6
263.989785910,beacon,AP01,broadcast,-72.0,False,6
264.071255922,ndpa,AP01,C01,-72.0,False,24
264.071310997,bfi,C01,AP01,-59.0,False,54
264.092180967,beacon,AP01,broadcast,-72.0,False,6
264.194535971,beacon,AP01,broadcast,-72.0,False,6
264.296978951,beacon,AP01,broadcast,-72.0,False,6
264.399313927,beacon,AP01,broadcast,-72.0,False,6
264.501810074,beacon,AP01,broadcast,-72.0,False,6
264.604186058,beacon,AP01,broadcast,-72.0,False,6
264.706551075,beacon,AP01,broadcast,-72.0,False,6
264.809000015,beacon,AP01,broadcast,-72.0,False,6
264.911427021,beacon,AP01,broadcast,-72.0,False,6
265.013736010,beacon,AP01,broadcast,-72.0,False,6
265.116229057,beacon,AP01,broadcast,-72.0,False,6
265.220590115,beacon,AP01,broadcast,-72.0,False,6
265.321016073,beacon,AP01,broadcast,-72.0,False,6
265.407769918,ndpa,AP01,C01,-73.0,False,24
265.407830000,bfi,C01,AP01,-59.0,False,54
265.441633940,beacon,AP01,broadcast,-72.0,False,6
265.525799036,beacon,AP01,broadcast,-72.0,False,6
265.628216982,beacon,AP01,broadcast,-72.0,False,6
265.730657101,beacon,AP01,broadcast,-72.0,False,6
265.833012104,beacon,AP01,broadcast,-72.0,False,6
265.935338974,beacon,AP01,broadcast,-72.0,False,6
266.037806988,beacon,AP01,broadcast,-71.0,False,6
266.140136957,beacon,AP01,broadcast,-72.0,False,6
266.242581129,beacon,AP01,broadcast,-71.0,False,6
266.345014095,beacon,AP01,broadcast,-72.0,False,6
266.447422981,beacon,AP01,broadcast,-72.0,False,6
266.549689054,beacon,AP01,broadcast,-72.0,False,6
266.652200937,beacon,AP01,broadcast,-72.0,False,6
266.740214109,ndpa,AP01,C01,-72.0,False,24
266.740267038,bfi,C01,AP01,-59.0,False,54
266.754506111,beacon,AP01,broadcast,-72.0,False,6
266.856997967,beacon,AP01,broadcast,-72.0,False,6
266.959324121,beacon,AP01,broadcast,-72.0,False,6
267.061705112,beacon,AP01,broadcast,-72.0,False,6
267.164119959,beacon,AP01,broadcast,-72.0,False,6
267.266509056,beacon,AP01,broadcast,-72.0,False,6
267.368920088,beacon,AP01,broadcast,-72.0,False,6
267.471350908,beacon,AP01,broadcast,-72.0,False,6
267.573763132,beacon,AP01,broadcast,-72.0,False,6
267.676120996,beacon,AP01,broadcast,-72.0,False,6
267.778496981,beacon,AP01,broadcast,-72.0,False,6
267.880949020,beacon,AP01,broadcast,-72.0,False,6
267.983339071,beacon,AP01,broadcast,-72.0,False,6
268.071665049,ndpa,AP01,C01,-72.0,False,24
268.071773052,bfi,C01,AP01,-59.0,False,54
268.085747957,beacon,AP01,broadcast,-72.0,False,6
268.188162088,beacon,AP01,broadcast,-72.0,False,6
268.290532112,beacon,AP01,broadcast,-72.0,False,6
268.392951965,beacon,AP01,broadcast,-72.0,False,6
268.495396137,beacon,AP01,broadcast,-72.0,False,6
268.597763062,beacon,AP01,broadcast,-72.0,False,6
268.700133085,beacon,AP01,broadcast,-72.0,False,6
268.802536011,beacon,AP01,broadcast,-72.0,False,6
268.904943943,beacon,AP01,broadcast,-72.0,False,6
269.007359028,beacon,AP01,broadcast,-72.0,False,6
269.109748125,beacon,AP01,broadcast,-72.0,False,6
269.212147951,beacon,AP01,broadcast,-72.0,False,6
269.314539909,beacon,AP01,broadcast,-72.0,False,6
269.407302141,ndpa,AP01,C01,-72.0,False,24
269.407427073,bfi,C01,AP01,-59.0,False,54
269.416952133,beacon,AP01,broadcast,-72.0,False,6
269.519386053,beacon,AP01,broadcast,-72.0,False,6
269.621763945,beacon,AP01,broadcast,-71.0,False,6
269.724237919,beacon,AP01,broadcast,-72.0,False,6
269.826610088,beacon,AP01,broadcast,-72.0,False,6
269.929054022,beacon,AP01,broadcast,-72.0,False,6
270.031465054,beacon,AP01,broadcast,-72.0,False,6
270.133774042,beacon,AP01,broadcast,-71.0,False,6
270.240725040,beacon,AP01,broadcast,-72.0,False,6
270.338653088,beacon,AP01,broadcast,-72.0,False,6
270.461678028,beacon,AP01,broadcast,-72.0,False,6
270.543349028,beacon,AP01,broadcast,-72.0,False,6
270.645869017,beacon,AP01,broadcast,-72.0,False,6
270.739774942,ndpa,AP01,C01,-72.0,False,24
270.739793062,bfi,C01,AP01,-59.0,False,54
270.748246908,beacon,AP01,broadcast,-72.0,False,6
270.850606918,beacon,AP01,broadcast,-72.0,False,6
270.953092098,beacon,AP01,broadcast,-72.0,False,6
271.055449963,beacon,AP01,broadcast,-72.0,False,6
271.157858133,beacon,AP01,broadcast,-72.0,False,6
271.260265112,beacon,AP01,broadcast,-72.0,False,6
271.362668991,beacon,AP01,broadcast,-72.0,False,6
271.465059996,beacon,AP01,broadcast,-72.0,False,6
271.567440033,beacon,AP01,broadcast,-72.0,False,6
271.669800043,beacon,AP01,broadcast,-72.0,False,6
271.772294044,beacon,AP01,broadcast,-72.0,False,6
271.874588013,beacon,AP01,broadcast,-72.0,False,6
271.977091074,beacon,AP01,broadcast,-72.0,False,6
272.071921110,ndpa,AP01,C01,-72.0,False,24
272.071964979,bfi,C01,AP01,-59.0,False,54
272.079376936,beacon,AP01,broadcast,-72.0,False,6
272.181886911,beacon,AP01,broadcast,-72.0,False,6
272.284302950,beacon,AP01,broadcast,-71.0,False,6
272.386698961,beacon,AP01,broadcast,-72.0,False,6
272.489110947,beacon,AP01,broadcast,-72.0,False,6
272.591347933,beacon,AP01,broadcast,-72.0,False,6
272.693785906,beacon,AP01,broadcast,-72.0,False,6
272.796273947,beacon,AP01,broadcast,-72.0,False,6
272.898692131,beacon,AP01,broadcast,-72.0,False,6
273.001080036,beacon,AP01,broadcast,-72.0,False,6
273.103483915,beacon,AP01,broadcast,-72.0,False,6
273.205873966,beacon,AP01,broadcast,-72.0,False,6
273.308252096,beacon,AP01,broadcast,-72.0,False,6
273.407974958,ndpa,AP01,C01,-72.0,False,24
273.407994986,bfi,C01,AP01,-59.0,False,54
273.410705090,beacon,AP01,broadcast,-72.0,False,6
273.513108969,beacon,AP01,broadcast,-72.0,False,6
273.615478039,beacon,AP01,broadcast,-72.0,False,6
273.717857122,beacon,AP01,broadcast,-72.0,False,6
273.820262909,beacon,AP01,broadcast,-72.0,False,6
273.922691107,beacon,AP01,broadcast,-72.0,False,6
274.025123119,beacon,AP01,broadcast,-72.0,False,6
274.127484083,beacon,AP01,broadcast,-72.0,False,6
274.229790926,beacon,AP01,broadcast,-71.0,False,6
274.332284927,beacon,AP01,broadcast,-72.0,False,6
274.434576988,beacon,AP01,broadcast,-72.0,False,6
274.537070036,beacon,AP01,broadcast,-72.0,False,6
274.639492035,beacon,AP01,broadcast,-72.0,False,6
274.740266085,ndpa,AP01,C01,-72.0,False,24
274.740353107,bfi,C01,AP01,-59.0,False,54
274.741768122,beacon,AP01,broadcast,-72.0,False,6
274.844211102,beacon,AP01,broadcast,-72.0,False,6
274.946597099,beacon,AP01,broadcast,-72.0,False,6
275.049025059,beacon,AP01,broadcast,-72.0,False,6
275.151376963,beacon,AP01,broadcast,-72.0,False,6
275.260693073,beacon,AP01,broadcast,-72.0,False,6
275.356215954,beacon,AP01,broadcast,-72.0,False,6
275.481717110,beacon,AP01,broadcast,-72.0,False,6
275.561028957,beacon,AP01,broadcast,-72.0,False,6
275.663411140,beacon,AP01,broadcast,-72.0,False,6
275.765815020,beacon,AP01,broadcast,-72.0,False,6
275.868206024,beacon,AP01,broadcast,-72.0,False,6
275.970606089,beacon,AP01,broadcast,-72.0,False,6
276.071594000,ndpa,AP01,C01,-72.0,False,24
276.071696997,bfi,C01,AP01,-59.0,False,54
276.072977066,beacon,AP01,broadcast,-72.0,False,6
276.175445080,beacon,AP01,broadcast,-72.0,False,6
276.277853012,beacon,AP01,broadcast,-72.0,False,6
276.380239010,beacon,AP01,broadcast,-72.0,False,6
276.482635021,beacon,AP01,broadcast,-72.0,False,6
276.585024118,beacon,AP01,broadcast,-72.0,False,6
276.687413931,beacon,AP01,broadcast,-72.0,False,6
276.789819002,beacon,AP01,broadcast,-72.0,False,6
276.892255068,beacon,AP01,broadcast,-72.0,False,6
276.994614124,beacon,AP01,broadcast,-72.0,False,6
277.097059965,beacon,AP01,broadcast,-72.0,False,6
277.199412107,beacon,AP01,broadcast,-72.0,False,6
277.301942110,beacon,AP01,broadcast,-72.0,False,6
277.404310942,beacon,AP01,broadcast,-72.0,False,6
277.407932997,ndpa,AP01,C01,-72.0,False,24
277.408014059,bfi,C01,AP01,-59.0,False,54
277.506726980,beacon,AP01,broadcast,-71.0,False,6
277.609069109,beacon,AP01,broadcast,-72.0,False,6
277.711511135,beacon,AP01,broadcast,-71.0,False,6
277.813854933,beacon,AP01,broadcast,-72.0,False,6
277.916310072,beacon,AP01,broadcast,-72.0,False,6
278.018728971,beacon,AP01,broadcast,-72.0,False,6
278.121150970,beacon,AP01,broadcast,-72.0,False,6
278.223463058,beacon,AP01,broadcast,-72.0,False,6
278.325901031,beacon,AP01,broadcast,-72.0,False,6
278.428349972,beacon,AP01,broadcast,-72.0,False,6
278.530724049,beacon,AP01,broadcast,-71.0,False,6
278.633153915,beacon,AP01,broadcast,-72.0,False,6
278.735461950,beacon,AP01,broadcast,-72.0,False,6
278.739603996,ndpa,AP01,C01,-72.0,False,24
278.739677906,bfi,C01,AP01,-59.0,False,54
278.837912083,beacon,AP01,broadcast,-72.0,False,6
278.940279007,beacon,AP01,broadcast,-72.0,False,6
279.042733908,beacon,AP01,broadcast,-72.0,False,6
279.145033121,beacon,AP01,broadcast,-72.0,False,6
279.247576952,beacon,AP01,broadcast,-72.0,False,6
279.349873066,beacon,AP01,broadcast,-72.0,False,6
279.452373028,beacon,AP01,broadcast,-72.0,False,6
279.554773092,beacon,AP01,broadcast,-72.0,False,6
279.657124996,beacon,AP01,broadcast,-71.0,False,6
279.759567976,beacon,AP01,broadcast,-71.0,False,6
279.861935139,beacon,AP01,broadcast,-72.0,False,6
279.964379072,beacon,AP01,broadcast,-72.0,False,6
280.066729069,beacon,AP01,broadcast,-72.0,False,6
280.071825027,ndpa,AP01,C01,-72.0,False,24
280.071861029,bfi,C01,AP01,-59.0,False,54
280.169152021,beacon,AP01,broadcast,-72.0,False,6
280.280779123,beacon,AP01,broadcast,-72.0,False,6
280.373922110,beacon,AP01,broadcast,-72.0,False,6
280.501893044,beacon,AP01,broadcast,-72.0,False,6
280.578779936,beacon,AP01,broadcast,-72.0,False,6
280.681158066,beacon,AP01,broadcast,-72.0,False,6
280.783556938,beacon,AP01,broadcast,-72.0,False,6
280.885935068,beacon,AP01,broadcast,-71.0,False,6
280.988336086,beacon,AP01,broadcast,-72.0,False,6
281.090745926,beacon,AP01,broadcast,-72.0,False,6
281.193181992,beacon,AP01,broadcast,-72.0,False,6
281.295501947,beacon,AP01,broadcast,-72.0,False,6
281.397968054,beacon,AP01,broadcast,-72.0,False,6
281.407978058,ndpa,AP01,C01,-72.0,False,24
281.408056974,bfi,C01,AP01,-59.0,False,54
281.500276089,beacon,AP01,broadcast,-71.0,False,6
281.602792025,beacon,AP01,broadcast,-72.0,False,6
281.705075026,beacon,AP01,broadcast,-72.0,False,6
281.807492971,beacon,AP01,broadcast,-71.0,False,6
281.909976959,beacon,AP01,broadcast,-72.0,False,6
282.012356043,beacon,AP01,broadcast,-71.0,False,6
282.114752054,beacon,AP01,broadcast,-72.0,False,6
282.217164993,beacon,AP01,broadcast,-72.0,False,6
282.319581032,beacon,AP01,broadcast,-72.0,False,6
282.422003984,beacon,AP01,broadcast,-72.0,False,6
282.524297953,beacon,AP01,broadcast,-72.0,False,6
282.628422022,beacon,AP01,broadcast,-72.0,False,6
282.729093075,beacon,AP01,broadcast,-72.0,False,6
282.739789963,ndpa,AP01,C01,-72.0,False,24
282.739897013,bfi,C01,AP01,-59.0,False,54
282.831459045,beacon,AP01,broadcast,-72.0,False,6
282.933928967,beacon,AP01,broadcast,-72.0,False,6
283.036315918,beacon,AP01,broadcast,-72.0,False,6
283.138698101,beacon,AP01,broadcast,-72.0,False,6
283.241130114,beacon,AP01,broadcast,-72.0,False,6
283.343502998,beacon,AP01,broadcast,-72.0,False,6
283.445897102,beacon,AP01,broadcast,-72.0,False,6
283.548306942,beacon,AP01,broadcast,-72.0,False,6
283.650699139,beacon,AP01,broadcast,-72.0,False,6
283.753145933,beacon,AP01,broadcast,-72.0,False,6
283.855518103,beacon,AP01,broadcast,-72.0,False,6
283.957879066,beacon,AP01,broadcast,-72.0,False,6
284.060290098,beacon,AP01,broadcast,-72.0,False,6
284.072354078,ndpa,AP01,C01,-72.0,False,24
284.072463036,bfi,C01,AP01,-59.0,False,54
284.162679911,beacon,AP01,broadcast,-71.0,False,6
284.265268087,beacon,AP01,broadcast,-72.0,False,6
284.367509127,beacon,AP01,broadcast,-72.0,False,6
284.469938040,beacon,AP01,broadcast,-72.0,False,6
284.572353125,beacon,AP01,broadcast,-72.0,False,6
284.674739122,beacon,AP01,broadcast,-72.0,False,6
284.777153969,beacon,AP01,broadcast,-71.0,False,6
284.879487991,beacon,AP01,broadcast,-72.0,False,6
284.981903076,beacon,AP01,broadcast,-72.0,False,6
285.084406137,beacon,AP01,broadcast,-72.0,False,6
285.186761141,beacon,AP01,broadcast,-72.0,False,6
285.300866127,beacon,AP01,broadcast,-72.0,False,6
285.391607046,beacon,AP01,broadcast,-72.0,False,6
285.408049107,ndpa,AP01,C01,-72.0,False,24
285.408106089,bfi,C01,AP01,-59.0,False,54
285.521934986,beacon,AP01,broadcast,-72.0,False,6
285.596415997,beacon,AP01,broadcast,-71.0,False,6
285.698734045,beacon,AP01,broadcast,-71.0,False,6
285.801170111,beacon,AP01,broadcast,-71.0,False,6
285.903644085,beacon,AP01,broadcast,-71.0,False,6
286.005988121,beacon,AP01,broadcast,-72.0,False,6
286.108371019,beacon,AP01,broadcast,-72.0,False,6
286.210804939,beacon,AP01,broadcast,-72.0,False,6
286.313209057,beacon,AP01,broadcast,-72.0,False,6
286.419728041,beacon,AP01,broadcast,-72.0,False,6
286.518013954,beacon,AP01,broadcast,-72.0,False,6
286.620391130,beacon,AP01,broadcast,-72.0,False,6
286.722830057,beacon,AP01,broadcast,-72.0,False,6
286.739941120,ndpa,AP01,C01,-72.0,False,24
286.739975929,bfi,C01,AP01,-59.0,False,54
286.825241089,beacon,AP01,broadcast,-72.0,False,6
286.927629948,beacon,AP01,broadcast,-72.0,False,6
287.030013084,beacon,AP01,broadcast,-72.0,False,6
287.132422924,beacon,AP01,broadcast,-72.0,False,6
287.234821081,beacon,AP01,broadcast,-72.0,False,6
287.337230921,beacon,AP01,broadcast,-72.0,False,6
287.439527988,beacon,AP01,broadcast,-72.0,False,6
287.542014122,beacon,AP01,broadcast,-72.0,False,6
287.644446135,beacon,AP01,broadcast,-72.0,False,6
287.746735096,beacon,AP01,broadcast,-72.0,False,6
287.849235058,beacon,AP01,broadcast,-72.0,False,6
287.951612949,beacon,AP01,broadcast,-71.0,False,6
288.054027081,beacon,AP01,broadcast,-72.0,False,6
288.072351933,ndpa,AP01,C01,-72.0,False,24
288.072432995,bfi,C01,AP01,-59.0,False,54
288.156407118,beacon,AP01,broadcast,-72.0,False,6
288.258836985,beacon,AP01,broadcast,-72.0,False,6
288.361217022,beacon,AP01,broadcast,-72.0,False,6
288.463633060,beacon,AP01,broadcast,-72.0,False,6
288.566018105,beacon,AP01,broadcast,-72.0,False,6
288.668467045,beacon,AP01,broadcast,-71.0,False,6
288.770838976,beacon,AP01,broadcast,-72.0,False,6
288.873254061,beacon,AP01,broadcast,-72.0,False,6
288.975584984,beacon,AP01,broadcast,-71.0,False,6
289.078028917,beacon,AP01,broadcast,-72.0,False,6
289.180300951,beacon,AP01,broadcast,-72.0,False,6
289.282830954,beacon,AP01,broadcast,-72.0,False,6
289.385267973,beacon,AP01,broadcast,-72.0,False,6
289.436439991,ndpa,AP01,C01,-72.0,False,24
289.436461926,bfi,C01,AP01,-59.0,False,54
289.487633944,beacon,AP01,broadcast,-72.0,False,6
289.590026140,beacon,AP01,broadcast,-72.0,False,6
289.692457914,beacon,AP01,broadcast,-72.0,False,6
289.794876099,beacon,AP01,broadcast,-72.0,False,6
289.897247076,beacon,AP01,broadcast,-72.0,False,6
289.999656916,beacon,AP01,broadcast,-72.0,False,6
290.101942062,beacon,AP01,broadcast,-72.0,False,6
290.204411030,beacon,AP01,broadcast,-72.0,False,6
290.320967913,beacon,AP01,broadcast,-72.0,False,6
290.409148932,beacon,AP01,broadcast,-72.0,False,6
290.511538982,beacon,AP01,broadcast,-72.0,False,6
290.613981962,beacon,AP01,broadcast,-72.0,False,6
290.716365099,beacon,AP01,broadcast,-72.0,False,6
290.739403963,ndpa,AP01,C01,-71.0,False,24
290.739527941,bfi,C01,AP01,-59.0,False,54
290.818762064,beacon,AP01,broadcast,-72.0,False,6
290.921143055,beacon,AP01,broadcast,-72.0,False,6
291.023638010,beacon,AP01,broadcast,-72.0,False,6
291.125994921,beacon,AP01,broadcast,-72.0,False,6
291.228398085,beacon,AP01,broadcast,-72.0,False,6
291.330765963,beacon,AP01,broadcast,-72.0,False,6
291.433172941,beacon,AP01,broadcast,-72.0,False,6
291.535567045,beacon,AP01,broadcast,-72.0,False,6
291.637998104,beacon,AP01,broadcast,-71.0,False,6
291.740422010,beacon,AP01,broadcast,-72.0,False,6
291.842800140,beacon,AP01,broadcast,-72.0,False,6
291.945192099,beacon,AP01,broadcast,-72.0,False,6
292.048208952,beacon,AP01,broadcast,-72.0,False,6
292.073736906,ndpa,AP01,C01,-72.0,False,24
292.073822975,bfi,C01,AP01,-59.0,False,54
292.150005102,beacon,AP01,broadcast,-72.0,False,6
292.252399921,beacon,AP01,broadcast,-72.0,False,6
292.354814053,beacon,AP01,broadcast,-72.0,False,6
292.457238913,beacon,AP01,broadcast,-72.0,False,6
292.559618950,beacon,AP01,broadcast,-72.0,False,6
292.662006140,beacon,AP01,broadcast,-72.0,False,6
292.764365911,beacon,AP01,broadcast,-72.0,False,6
292.866878033,beacon,AP01,broadcast,-72.0,False,6
292.969218969,beacon,AP01,broadcast,-72.0,False,6
293.094908953,beacon,AP01,broadcast,-72.0,False,6
293.174063921,beacon,AP01,broadcast,-72.0,False,6
293.276462078,beacon,AP01,broadcast,-72.0,False,6
293.378875017,beacon,AP01,broadcast,-72.0,False,6
293.408215046,ndpa,AP01,C01,-72.0,False,24
293.408239126,bfi,C01,AP01,-59.0,False,54
293.481266975,beacon,AP01,broadcast,-72.0,False,6
293.583677053,beacon,AP01,broadcast,-72.0,False,6
293.686101913,beacon,AP01,broadcast,-72.0,False,6
293.788496017,beacon,AP01,broadcast,-72.0,False,6
293.890790939,beacon,AP01,broadcast,-72.0,False,6
293.993205070,beacon,AP01,broadcast,-72.0,False,6
294.095713139,beacon,AP01,broadcast,-72.0,False,6
294.198058128,beacon,AP01,broadcast,-72.0,False,6
294.300468922,beacon,AP01,broadcast,-72.0,False,6
294.402889967,beacon,AP01,broadcast,-72.0,False,6
294.505276918,beacon,AP01,broadcast,-72.0,False,6
294.607666969,beacon,AP01,broadcast,-72.0,False,6
294.710108042,beacon,AP01,broadcast,-72.0,False,6
294.740339994,ndpa,AP01,C01,-72.0,False,24
294.740435123,bfi,C01,AP01,-59.0,False,54
294.812501907,beacon,AP01,broadcast,-72.0,False,6
294.914881945,beacon,AP01,broadcast,-72.0,False,6
295.017302990,beacon,AP01,broadcast,-72.0,False,6
295.119668961,beacon,AP01,broadcast,-72.0,False,6
295.222005129,beacon,AP01,broadcast,-72.0,False,6
295.337764978,beacon,AP01,broadcast,-71.0,False,6
295.426787138,beacon,AP01,broadcast,-72.0,False,6
295.529278040,beacon,AP01,broadcast,-72.0,False,6
295.631676912,beacon,AP01,broadcast,-72.0,False,6
295.734115124,beacon,AP01,broadcast,-72.0,False,6
295.836519957,beacon,AP01,broadcast,-72.0,False,6
295.942076921,beacon,AP01,broadcast,-72.0,False,6
296.041279078,beacon,AP01,broadcast,-72.0,False,6
296.072736025,ndpa,AP01,C01,-72.0,False,24
296.072792053,bfi,C01,AP01,-59.0,False,54
296.143707037,beacon,AP01,broadcast,-72.0,False,6
296.246128082,beacon,AP01,broadcast,-72.0,False,6
296.348514080,beacon,AP01,broadcast,-72.0,False,6
296.450788975,beacon,AP01,broadcast,-72.0,False,6
296.553338051,beacon,AP01,broadcast,-72.0,False,6
296.655663013,beacon,AP01,broadcast,-72.0,False,6
296.758120060,beacon,AP01,broadcast,-72.0,False,6
296.860490084,beacon,AP01,broadcast,-72.0,False,6
296.962950945,beacon,AP01,broadcast,-72.0,False,6
297.065292120,beacon,AP01,broadcast,-72.0,False,6
297.167772055,beacon,AP01,broadcast,-72.0,False,6
297.270638943,beacon,AP01,broadcast,-72.0,False,6
297.374691963,beacon,AP01,broadcast,-72.0,False,6
297.407450914,ndpa,AP01,C01,-73.0,False,24
297.407510042,bfi,C01,AP01,-59.0,False,54
297.474900007,beacon,AP01,broadcast,-72.0,False,6
297.577354908,beacon,AP01,broadcast,-72.0,False,6
297.679731131,beacon,AP01,broadcast,-72.0,False,6
297.782114029,beacon,AP01,broadcast,-72.0,False,6
297.884388924,beacon,AP01,broadcast,-72.0,False,6
297.986829996,beacon,AP01,broadcast,-72.0,False,6
298.089231968,beacon,AP01,broadcast,-72.0,False,6
298.191633940,beacon,AP01,broadcast,-71.0,False,6
298.294060946,beacon,AP01,broadcast,-72.0,False,6
298.396425009,beacon,AP01,broadcast,-72.0,False,6
298.498845100,beacon,AP01,broadcast,-72.0,False,6
298.601228952,beacon,AP01,broadcast,-72.0,False,6
298.703643084,beacon,AP01,broadcast,-72.0,False,6
298.739908934,ndpa,AP01,C01,-72.0,False,24
298.739985943,bfi,C01,AP01,-59.0,False,54
298.806036949,beacon,AP01,broadcast,-72.0,False,6
298.908447027,beacon,AP01,broadcast,-72.0,False,6
299.010827065,beacon,AP01,broadcast,-72.0,False,6
299.113269091,beacon,AP01,broadcast,-72.0,False,6
299.215677977,beacon,AP01,broadcast,-72.0,False,6
299.318011999,beacon,AP01,broadcast,-72.0,False,6
299.420469999,beacon,AP01,broadcast,-72.0,False,6
299.523003101,beacon,AP01,broadcast,-72.0,False,6
299.625248909,beacon,AP01,broadcast,-72.0,False,6
299.727646112,beacon,AP01,broadcast,-72.0,False,6
299.830106020,beacon,AP01,broadcast,-72.0,False,6
299.932491064,beacon,AP01,broadcast,-72.0,False,6
300.034888983,beacon,AP01,broadcast,-72.0,False,6
300.072502136,ndpa,AP01,C01,-72.0,False,24
300.072593927,bfi,C01,AP01,-59.0,False,54
300.140099049,beacon,AP01,broadcast,-72.0,False,6
300.239673138,beacon,AP01,broadcast,-72.0,False,6
300.361100912,beacon,AP01,broadcast,-72.0,False,6
300.444446087,beacon,AP01,broadcast,-72.0,False,6
300.546859980,beacon,AP01,broadcast,-72.0,False,6
300.649354935,beacon,AP01,broadcast,-72.0,False,6
300.751713037,beacon,AP01,broadcast,-72.0,False,6
300.854042053,beacon,AP01,broadcast,-72.0,False,6
300.956540108,beacon,AP01,broadcast,-72.0,False,6
301.058968067,beacon,AP01,broadcast,-72.0,False,6
301.161356926,beacon,AP01,broadcast,-72.0,False,6
301.263734102,beacon,AP01,broadcast,-72.0,False,6
301.366058111,beacon,AP01,broadcast,-72.0,False,6
301.407851934,ndpa,AP01,C01,-72.0,False,24
301.407866001,bfi,C01,AP01,-59.0,False,54
301.468559027,beacon,AP01,broadcast,-72.0,False,6
301.570954084,beacon,AP01,broadcast,-72.0,False,6
301.673363924,beacon,AP01,broadcast,-72.0,False,6
301.775780916,beacon,AP01,broadcast,-71.0,False,6
301.878139973,beacon,AP01,broadcast,-72.0,False,6
301.980583906,beacon,AP01,broadcast,-72.0,False,6
302.082970142,beacon,AP01,broadcast,-72.0,False,6
302.185367107,beacon,AP01,broadcast,-72.0,False,6
302.287785053,beacon,AP01,broadcast,-72.0,False,6
302.390133142,beacon,AP01,broadcast,-72.0,False,6
302.492559910,beacon,AP01,broadcast,-72.0,False,6
302.594960928,beacon,AP01,broadcast,-72.0,False,6
302.697343111,beacon,AP01,broadcast,-72.0,False,6
302.739584923,ndpa,AP01,C01,-72.0,False,24
302.739694118,bfi,C01,AP01,-59.0,False,54
302.799785137,beacon,AP01,broadcast,-72.0,False,6
302.902043104,beacon,AP01,broadcast,-72.0,False,6
303.004580021,beacon,AP01,broadcast,-72.0,False,6
303.106853008,beacon,AP01,broadcast,-72.0,False,6
303.209376097,beacon,AP01,broadcast,-72.0,False,6
303.311768055,beacon,AP01,broadcast,-72.0,False,6
303.414050102,beacon,AP01,broadcast,-72.0,False,6
303.516601086,beacon,AP01,broadcast,-72.0,False,6
303.618974924,beacon,AP01,broadcast,-72.0,False,6
303.721404076,beacon,AP01,broadcast,-72.0,False,6
303.823818922,beacon,AP01,broadcast,-72.0,False,6
303.926146030,beacon,AP01,broadcast,-72.0,False,6
304.028578043,beacon,AP01,broadcast,-72.0,False,6
304.076334953,ndpa,AP01,C01,-72.0,False,24
304.076426029,bfi,C01,AP01,-59.0,False,54
304.130916119,beacon,AP01,broadcast,-72.0,False,6
304.237886906,beacon,AP01,broadcast,-72.0,False,6
304.335804939,beacon,AP01,broadcast,-72.0,False,6
304.442698956,beacon,AP01,broadcast,-72.0,False,6
304.540534973,beacon,AP01,broadcast,-72.0,False,6
304.642993927,beacon,AP01,broadcast,-72.0,False,6
304.745378017,beacon,AP01,broadcast,-72.0,False,6
304.847826004,beacon,AP01,broadcast,-72.0,False,6
304.950201988,beacon,AP01,broadcast,-72.0,False,6
305.052598000,beacon,AP01,broadcast,-72.0,False,6
305.160259008,beacon,AP01,broadcast,-72.0,False,6
305.257422924,beacon,AP01,broadcast,-72.0,False,6
305.381253004,beacon,AP01,broadcast,-72.0,False,6
305.408277035,ndpa,AP01,C01,-72.0,False,24
305.408416033,bfi,C01,AP01,-59.0,False,54
305.462173939,beacon,AP01,broadcast,-72.0,False,6
305.564512968,beacon,AP01,broadcast,-72.0,False,6
305.671487093,beacon,AP01,broadcast,-72.0,False,6
305.769333124,beacon,AP01,broadcast,-72.0,False,6
305.871740103,beacon,AP01,broadcast,-72.0,False,6
305.974137068,beacon,AP01,broadcast,-72.0,False,6
306.076574087,beacon,AP01,broadcast,-72.0,False,6
306.178898096,beacon,AP01,broadcast,-72.0,False,6
306.283833981,beacon,AP01,broadcast,-72.0,False,6
306.383717060,beacon,AP01,broadcast,-72.0,False,6
306.486118078,beacon,AP01,broadcast,-72.0,False,6
306.588529110,beacon,AP01,broadcast,-72.0,False,6
306.690901041,beacon,AP01,broadcast,-72.0,False,6
306.740237951,ndpa,AP01,C01,-72.0,False,24
306.740334988,bfi,C01,AP01,-59.0,False,54
306.793334007,beacon,AP01,broadcast,-72.0,False,6
306.899804115,beacon,AP01,broadcast,-72.0,False,6
306.998146057,beacon,AP01,broadcast,-72.0,False,6
307.100533962,beacon,AP01,broadcast,-72.0,False,6
307.202924967,beacon,AP01,broadcast,-72.0,False,6
307.305356979,beacon,AP01,broadcast,-72.0,False,6
307.407769918,beacon,AP01,broadcast,-72.0,False,6
307.510147095,beacon,AP01,broadcast,-72.0,False,6
307.612560034,beacon,AP01,broadcast,-72.0,False,6
307.715110064,beacon,AP01,broadcast,-72.0,False,6
307.817348957,beacon,AP01,broadcast,-72.0,False,6
307.919729948,beacon,AP01,broadcast,-72.0,False,6
308.022540092,beacon,AP01,broadcast,-72.0,False,6
308.072268009,ndpa,AP01,C01,-72.0,False,24
308.072377920,bfi,C01,AP01,-59.0,False,54
308.124517918,beacon,AP01,broadcast,-72.0,False,6
308.226916075,beacon,AP01,broadcast,-72.0,False,6
308.329431057,beacon,AP01,broadcast,-72.0,False,6
308.431839943,beacon,AP01,broadcast,-72.0,False,6
308.534230947,beacon,AP01,broadcast,-72.0,False,6
308.636627913,beacon,AP01,broadcast,-72.0,False,6
308.739025116,beacon,AP01,broadcast,-73.0,False,6
308.841383934,beacon,AP01,broadcast,-72.0,False,6
308.943831921,beacon,AP01,broadcast,-72.0,False,6
309.046194077,beacon,AP01,broadcast,-72.0,False,6
309.148653030,beacon,AP01,broadcast,-72.0,False,6
309.250921965,beacon,AP01,broadcast,-72.0,False,6
309.353457928,beacon,AP01,broadcast,-72.0,False,6
309.408177137,ndpa,AP01,C01,-72.0,False,24
309.408189058,bfi,C01,AP01,-59.0,False,54
309.455857992,beacon,AP01,broadcast,-72.0,False,6
309.558078051,beacon,AP01,broadcast,-72.0,False,6
309.660670996,beacon,AP01,broadcast,-72.0,False,6
309.763025999,beacon,AP01,broadcast,-72.0,False,6
309.865468025,beacon,AP01,broadcast,-72.0,False,6
309.967859030,beacon,AP01,broadcast,-72.0,False,6
310.071653128,beacon,AP01,broadcast,-72.0,False,6
310.180305958,beacon,AP01,broadcast,-72.0,False,6
310.275041103,beacon,AP01,broadcast,-72.0,False,6
310.401911020,beacon,AP01,broadcast,-72.0,False,6
310.479844093,beacon,AP01,broadcast,-72.0,False,6
310.582263947,beacon,AP01,broadcast,-72.0,False,6
310.684590101,beacon,AP01,broadcast,-72.0,False,6
310.740515947,ndpa,AP01,C01,-73.0,False,24
310.740534067,bfi,C01,AP01,-59.0,False,54
310.789981127,beacon,AP01,broadcast,-72.0,False,6
310.889471054,beacon,AP01,broadcast,-72.0,False,6
310.991861105,beacon,AP01,broadcast,-72.0,False,6
311.094279051,beacon,AP01,broadcast,-72.0,False,6
311.196722984,beacon,AP01,broadcast,-72.0,False,6
311.299065113,beacon,AP01,broadcast,-72.0,False,6
311.401375055,beacon,AP01,broadcast,-72.0,False,6
311.503874063,beacon,AP01,broadcast,-72.0,False,6
311.607213020,beacon,AP01,broadcast,-72.0,False,6
311.708650112,beacon,AP01,broadcast,-72.0,False,6
311.811051130,beacon,AP01,broadcast,-72.0,False,6
311.913470984,beacon,AP01,broadcast,-72.0,False,6
312.015877962,beacon,AP01,broadcast,-71.0,False,6
312.073312998,ndpa,AP01,C01,-72.0,False,24
312.073373079,bfi,C01,AP01,-59.0,False,54
312.118288994,beacon,AP01,broadcast,-72.0,False,6
312.224235058,beacon,AP01,broadcast,-72.0,False,6
312.323104143,beacon,AP01,broadcast,-72.0,False,6
312.425454140,beacon,AP01,broadcast,-72.0,False,6
312.527920961,beacon,AP01,broadcast,-72.0,False,6
312.630254030,beacon,AP01,broadcast,-72.0,False,6
312.732653141,beacon,AP01,broadcast,-72.0,False,6
312.834995031,beacon,AP01,broadcast,-72.0,False,6
312.937488079,beacon,AP01,broadcast,-72.0,False,6
313.039809942,beacon,AP01,broadcast,-72.0,False,6
313.146516085,beacon,AP01,broadcast,-72.0,False,6
313.245436907,beacon,AP01,broadcast,-72.0,False,6
313.347099066,beacon,AP01,broadcast,-72.0,False,6
313.408057928,ndpa,AP01,C01,-73.0,False,24
313.408110142,bfi,C01,AP01,-59.0,False,54
313.449469090,beacon,AP01,broadcast,-72.0,False,6
313.551832914,beacon,AP01,broadcast,-72.0,False,6
313.654168129,beacon,AP01,broadcast,-72.0,False,6
313.758798122,beacon,AP01,broadcast,-72.0,False,6
313.859017134,beacon,AP01,broadcast,-72.0,False,6
313.961386919,beacon,AP01,broadcast,-72.0,False,6
314.063795090,beacon,AP01,broadcast,-72.0,False,6
314.166214943,beacon,AP01,broadcast,-72.0,False,6
314.268633127,beacon,AP01,broadcast,-72.0,False,6
314.371016979,beacon,AP01,broadcast,-72.0,False,6
314.475873947,beacon,AP01,broadcast,-72.0,False,6
314.575818062,beacon,AP01,broadcast,-72.0,False,6
314.678208113,beacon,AP01,broadcast,-72.0,False,6
314.757791042,ndpa,AP01,C01,-73.0,False,24
314.757903099,bfi,C01,AP01,-59.0,False,54
314.780574083,beacon,AP01,broadcast,-72.0,False,6
314.882997036,beacon,AP01,broadcast,-72.0,False,6
314.987541914,beacon,AP01,broadcast,-72.0,False,6
315.087824106,beacon,AP01,broadcast,-72.0,False,6
315.195743084,beacon,AP01,broadcast,-72.0,False,6
315.292612076,beacon,AP01,broadcast,-72.0,False,6
315.418625116,beacon,AP01,broadcast,-72.0,False,6
315.497416973,beacon,AP01,broadcast,-72.0,False,6
315.599853039,beacon,AP01,broadcast,-72.0,False,6
315.702187061,beacon,AP01,broadcast,-72.0,False,6
315.804652929,beacon,AP01,broadcast,-72.0,False,6
315.907035112,beacon,AP01,broadcast,-72.0,False,6
316.009411097,beacon,AP01,broadcast,-72.0,False,6
316.072049141,ndpa,AP01,C01,-72.0,False,24
316.072062969,bfi,C01,AP01,-59.0,False,54
316.111794949,beacon,AP01,broadcast,-72.0,False,6
316.214267969,beacon,AP01,broadcast,-72.0,False,6
316.316606998,beacon,AP01,broadcast,-72.0,False,6
316.419122934,beacon,AP01,broadcast,-72.0,False,6
316.521506071,beacon,AP01,broadcast,-72.0,False,6
316.627665997,beacon,AP01,broadcast,-72.0,False,6
316.726310968,beacon,AP01,broadcast,-72.0,False,6
316.828701973,beacon,AP01,broadcast,-72.0,False,6
316.931102037,beacon,AP01,broadcast,-72.0,False,6
317.035147905,beacon,AP01,broadcast,-72.0,False,6
317.135915995,beacon,AP01,broadcast,-72.0,False,6
317.238240957,beacon,AP01,broadcast,-72.0,False,6
317.340687990,beacon,AP01,broadcast,-72.0,False,6
317.410901070,ndpa,AP01,C01,-72.0,False,24
317.410922050,bfi,C01,AP01,-59.0,False,54
317.443104982,beacon,AP01,broadcast,-72.0,False,6
317.545509100,beacon,AP01,broadcast,-72.0,False,6
317.647928953,beacon,AP01,broadcast,-72.0,False,6
317.750283957,beacon,AP01,broadcast,-71.0,False,6
317.852713108,beacon,AP01,broadcast,-72.0,False,6
317.955121040,beacon,AP01,broadcast,-72.0,False,6
318.057390928,beacon,AP01,broadcast,-71.0,False,6
318.159909964,beacon,AP01,broadcast,-72.0,False,6
318.262304068,beacon,AP01,broadcast,-72.0,False,6
318.364648104,beacon,AP01,broadcast,-71.0,False,6
318.467143059,beacon,AP01,broadcast,-72.0,False,6
318.569665909,beacon,AP01,broadcast,-72.0,False,6
318.671879053,beacon,AP01,broadcast,-72.0,False,6
318.739849091,ndpa,AP01,C01,-72.0,False,24
318.739891052,bfi,C01,AP01,-59.0,False,54
318.774217129,beacon,AP01,broadcast,-72.0,False,6
318.876626015,beacon,AP01,broadcast,-72.0,False,6
318.979160070,beacon,AP01,broadcast,-72.0,False,6
319.081705093,beacon,AP01,broadcast,-72.0,False,6
319.185455084,beacon,AP01,broadcast,-72.0,False,6
319.286318064,beacon,AP01,broadcast,-72.0,False,6
319.388732910,beacon,AP01,broadcast,-72.0,False,6
319.491133928,beacon,AP01,broadcast,-72.0,False,6
319.593557119,beacon,AP01,broadcast,-71.0,False,6
319.695930958,beacon,AP01,broadcast,-72.0,False,6
319.798310041,beacon,AP01,broadcast,-72.0,False,6
319.900753021,beacon,AP01,broadcast,-71.0,False,6
320.003108978,beacon,AP01,broadcast,-71.0,False,6
320.072968006,ndpa,AP01,C01,-71.0,False,24
320.073049068,bfi,C01,AP01,-59.0,False,54
320.105530977,beacon,AP01,broadcast,-71.0,False,6
320.217062950,beacon,AP01,broadcast,-71.0,False,6
320.310318947,beacon,AP01,broadcast,-71.0,False,6
320.441561937,beacon,AP01,broadcast,-71.0,False,6
320.515156984,beacon,AP01,broadcast,-71.0,False,6
320.659492970,beacon,AP01,broadcast,-71.0,False,6
320.719948053,beacon,AP01,broadcast,-71.0,False,6
320.822225094,beacon,AP01,broadcast,-71.0,False,6
320.924763918,beacon,AP01,broadcast,-71.0,False,6
321.027166128,beacon,AP01,broadcast,-71.0,False,6
321.129543066,beacon,AP01,broadcast,-71.0,False,6
321.231857061,beacon,AP01,broadcast,-71.0,False,6
321.334269047,beacon,AP01,broadcast,-71.0,False,6
321.408567905,ndpa,AP01,C01,-72.0,False,24
321.408679008,bfi,C01,AP01,-59.0,False,54
321.436649084,beacon,AP01,broadcast,-71.0,False,6
321.539070129,beacon,AP01,broadcast,-71.0,False,6
321.641439915,beacon,AP01,broadcast,-71.0,False,6
321.743886948,beacon,AP01,broadcast,-71.0,False,6
321.846322060,beacon,AP01,broadcast,-71.0,False,6
321.948688030,beacon,AP01,broadcast,-70.0,False,6
322.051072121,beacon,AP01,broadcast,-71.0,False,6
322.154840946,beacon,AP01,broadcast,-71.0,False,6
322.259570122,beacon,AP01,broadcast,-71.0,False,6
322.358319998,beacon,AP01,broadcast,-71.0,False,6
322.460694075,beacon,AP01,broadcast,-71.0,False,6
322.563071012,beacon,AP01,broadcast,-72.0,False,6
322.665524960,beacon,AP01,broadcast,-72.0,False,6
322.744955063,ndpa,AP01,C01,-73.0,False,24
322.745028973,bfi,C01,AP01,-59.0,False,54
322.771623135,beacon,AP01,broadcast,-72.0,False,6
322.870329142,beacon,AP01,broadcast,-72.0,False,6
322.972671032,beacon,AP01,broadcast,-72.0,False,6
323.075292110,beacon,AP01,broadcast,-71.0,False,6
323.177525043,beacon,AP01,broadcast,-71.0,False,6
323.279917002,beacon,AP01,broadcast,-71.0,False,6
323.382251978,beacon,AP01,broadcast,-71.0,False,6
323.484722137,beacon,AP01,broadcast,-71.0,False,6
323.587104082,beacon,AP01,broadcast,-71.0,False,6
323.689602137,beacon,AP01,broadcast,-71.0,False,6
323.791971922,beacon,AP01,broadcast,-72.0,False,6
323.894410133,beacon,AP01,broadcast,-72.0,False,6
323.996807098,beacon,AP01,broadcast,-71.0,False,6
324.071949959,ndpa,AP01,C01,-71.0,False,24
324.071963072,bfi,C01,AP01,-59.0,False,54
324.099174976,beacon,AP01,broadcast,-72.0,False,6
324.202608109,beacon,AP01,broadcast,-71.0,False,6
324.303931952,beacon,AP01,broadcast,-71.0,False,6
324.406363010,beacon,AP01,broadcast,-71.0,False,6
324.508836031,beacon,AP01,broadcast,-72.0,False,6
324.611177921,beacon,AP01,broadcast,-71.0,False,6
324.713591099,beacon,AP01,broadcast,-71.0,False,6
324.815988064,beacon,AP01,broadcast,-72.0,False,6
324.918360949,beacon,AP01,broadcast,-72.0,False,6
325.020781040,beacon,AP01,broadcast,-72.0,False,6
325.123187065,beacon,AP01,broadcast,-72.0,False,6
325.240365028,beacon,AP01,broadcast,-72.0,False,6
325.327999115,beacon,AP01,broadcast,-72.0,False,6
325.430409908,beacon,AP01,broadcast,-72.0,False,6
325.532799006,beacon,AP01,broadcast,-72.0,False,6
325.635246038,beacon,AP01,broadcast,-71.0,False,6
325.737586975,beacon,AP01,broadcast,-72.0,False,6
325.839883089,beacon,AP01,broadcast,-71.0,False,6
325.942328930,beacon,AP01,broadcast,-72.0,False,6
326.044812918,beacon,AP01,broadcast,-72.0,False,6
326.147113085,beacon,AP01,broadcast,-71.0,False,6
326.254976034,beacon,AP01,broadcast,-72.0,False,6
326.351997137,beacon,AP01,broadcast,-72.0,False,6
326.454333067,beacon,AP01,broadcast,-72.0,False,6
326.556790113,beacon,AP01,broadcast,-72.0,False,6
326.659183025,beacon,AP01,broadcast,-72.0,False,6
326.740394115,ndpa,AP01,C01,-72.0,False,24
326.740426064,bfi,C01,AP01,-59.0,False,54
326.761600018,beacon,AP01,broadcast,-71.0,False,6
326.863997936,beacon,AP01,broadcast,-72.0,False,6
326.966377974,beacon,AP01,broadcast,-71.0,False,6
327.068840981,beacon,AP01,broadcast,-72.0,False,6
327.171214104,beacon,AP01,broadcast,-72.0,False,6
327.278868914,beacon,AP01,broadcast,-72.0,False,6
327.376043081,beacon,AP01,broadcast,-72.0,False,6
327.478299141,beacon,AP01,broadcast,-71.0,False,6
327.580835104,beacon,AP01,broadcast,-71.0,False,6
327.683247089,beacon,AP01,broadcast,-72.0,False,6
327.786339998,beacon,AP01,broadcast,-71.0,False,6
327.888025045,beacon,AP01,broadcast,-71.0,False,6
327.990373135,beacon,AP01,broadcast,-71.0,False,6
328.072911978,ndpa,AP01,C01,-72.0,False,24
328.073009968,bfi,C01,AP01,-59.0,False,54
328.092796087,beacon,AP01,broadcast,-71.0,False,6
328.195130110,beacon,AP01,broadcast,-71.0,False,6
328.297631025,beacon,AP01,broadcast,-71.0,False,6
328.400030136,beacon,AP01,broadcast,-71.0,False,6
328.502563953,beacon,AP01,broadcast,-71.0,False,6
328.604811907,beacon,AP01,broadcast,-72.0,False,6
328.707147121,beacon,AP01,broadcast,-72.0,False,6
328.809626102,beacon,AP01,broadcast,-72.0,False,6
328.912003994,beacon,AP01,broadcast,-71.0,False,6
329.014352083,beacon,AP01,broadcast,-71.0,False,6
329.116738081,beacon,AP01,broadcast,-72.0,False,6
329.219155073,beacon,AP01,broadcast,-72.0,False,6
329.321550131,beacon,AP01,broadcast,-71.0,False,6
329.407968998,ndpa,AP01,C01,-72.0,False,24
329.408064127,bfi,C01,AP01,-59.0,False,54
329.423979998,beacon,AP01,broadcast,-71.0,False,6
329.526376009,beacon,AP01,broadcast,-72.0,False,6
329.628797054,beacon,AP01,broadcast,-72.0,False,6
329.731187105,beacon,AP01,broadcast,-72.0,False,6
329.833550930,beacon,AP01,broadcast,-72.0,False,6
329.935981989,beacon,AP01,broadcast,-72.0,False,6
330.038377047,beacon,AP01,broadcast,-72.0,False,6
330.140769005,beacon,AP01,broadcast,-72.0,False,6
330.257173061,beacon,AP01,broadcast,-72.0,False,6
330.345556021,beacon,AP01,broadcast,-72.0,False,6
330.450046062,beacon,AP01,broadcast,-72.0,False,6
330.550348997,beacon,AP01,broadcast,-72.0,False,6
330.652786970,beacon,AP01,broadcast,-72.0,False,6
330.740653992,ndpa,AP01,C01,-72.0,False,24
330.740742922,bfi,C01,AP01,-59.0,False,54
330.755151987,beacon,AP01,broadcast,-72.0,False,6
330.857607126,beacon,AP01,broadcast,-72.0,False,6
330.959980965,beacon,AP01,broadcast,-72.0,False,6
331.062379122,beacon,AP01,broadcast,-72.0,False,6
331.164753914,beacon,AP01,broadcast,-72.0,False,6
331.267154932,beacon,AP01,broadcast,-72.0,False,6
331.369554996,beacon,AP01,broadcast,-71.0,False,6
331.474488020,beacon,AP01,broadcast,-72.0,False,6
331.574507952,beacon,AP01,broadcast,-72.0,False,6
331.676867962,beacon,AP01,broadcast,-73.0,False,6
331.779258013,beacon,AP01,broadcast,-72.0,False,6
331.881663084,beacon,AP01,broadcast,-72.0,False,6
331.986231089,beacon,AP01,broadcast,-72.0,False,6
332.071949959,ndpa,AP01,C01,-72.0,False,24
332.072030067,bfi,C01,AP01,-59.0,False,54
332.086457968,beacon,AP01,broadcast,-72.0,False,6
332.188903093,beacon,AP01,broadcast,-72.0,False,6
332.291247129,beacon,AP01,broadcast,-72.0,False,6
332.393691063,beacon,AP01,broadcast,-72.0,False,6
332.496052027,beacon,AP01,broadcast,-72.0,False,6
332.598459005,beacon,AP01,broadcast,-72.0,False,6
332.700882912,beacon,AP01,broadcast,-72.0,False,6
332.803205013,beacon,AP01,broadcast,-72.0,False,6
332.905682087,beacon,AP01,broadcast,-72.0,False,6
333.008095980,beacon,AP01,broadcast,-73.0,False,6
333.110606909,beacon,AP01,broadcast,-72.0,False,6
333.212872028,beacon,AP01,broadcast,-72.0,False,6
333.315290928,beacon,AP01,broadcast,-73.0,False,6
333.408620119,ndpa,AP01,C01,-73.0,False,24
333.408736944,bfi,C01,AP01,-58.0,False,54
333.419425011,beacon,AP01,broadcast,-72.0,False,6
333.520067930,beacon,AP01,broadcast,-72.0,False,6
333.622375011,beacon,AP01,broadcast,-72.0,False,6
333.724884033,beacon,AP01,broadcast,-72.0,False,6
333.827166080,beacon,AP01,broadcast,-72.0,False,6
333.929657936,beacon,AP01,broadcast,-72.0,False,6
334.032094955,beacon,AP01,broadcast,-72.0,False,6
334.134470940,beacon,AP01,broadcast,-72.0,False,6
334.236881971,beacon,AP01,broadcast,-72.0,False,6
334.339319944,beacon,AP01,broadcast,-72.0,False,6
334.441698074,beacon,AP01,broadcast,-72.0,False,6
334.544101000,beacon,AP01,broadcast,-72.0,False,6
334.646469116,beacon,AP01,broadcast,-72.0,False,6
334.740487099,ndpa,AP01,C01,-72.0,False,24
334.740517139,bfi,C01,AP01,-58.0,False,54
334.748879910,beacon,AP01,broadcast,-72.0,False,6
334.851248980,beacon,AP01,broadcast,-72.0,False,6
334.953668118,beacon,AP01,broadcast,-72.0,False,6
335.056074142,beacon,AP01,broadcast,-72.0,False,6
335.158503056,beacon,AP01,broadcast,-72.0,False,6
335.278602123,beacon,AP01,broadcast,-73.0,False,6
335.363215923,beacon,AP01,broadcast,-72.0,False,6
335.465708017,beacon,AP01,broadcast,-72.0,False,6
335.568109989,beacon,AP01,broadcast,-72.0,False,6
335.670468092,beacon,AP01,broadcast,-72.0,False,6
335.772885084,beacon,AP01,broadcast,-72.0,False,6
335.875317097,beacon,AP01,broadcast,-72.0,False,6
335.977585077,beacon,AP01,broadcast,-72.0,False,6
336.072310925,ndpa,AP01,C01,-73.0,False,24
336.072340965,bfi,C01,AP01,-58.0,False,54
336.080099106,beacon,AP01,broadcast,-72.0,False,6
336.182404995,beacon,AP01,broadcast,-72.0,False,6
336.284878016,beacon,AP01,broadcast,-72.0,False,6
336.392049074,beacon,AP01,broadcast,-72.0,False,6
336.489728928,beacon,AP01,broadcast,-72.0,False,6
336.592190027,beacon,AP01,broadcast,-72.0,False,6
336.694510937,beacon,AP01,broadcast,-72.0,False,6
336.796834946,beacon,AP01,broadcast,-72.0,False,6
336.899230003,beacon,AP01,broadcast,-72.0,False,6
337.001610994,beacon,AP01,broadcast,-73.0,False,6
337.104022980,beacon,AP01,broadcast,-73.0,False,6
337.206416130,beacon,AP01,broadcast,-72.0,False,6
337.308831930,beacon,AP01,broadcast,-72.0,False,6
337.408543110,ndpa,AP01,C01,-72.0,False,24
337.408653975,bfi,C01,AP01,-58.0,False,54
337.411195040,beacon,AP01,broadcast,-72.0,False,6
337.513624907,beacon,AP01,broadcast,-72.0,False,6
337.616046906,beacon,AP01,broadcast,-72.0,False,6
337.718414068,beacon,AP01,broadcast,-72.0,False,6
337.820841074,beacon,AP01,broadcast,-72.0,False,6
337.923350096,beacon,AP01,broadcast,-72.0,False,6
338.025644064,beacon,AP01,broadcast,-72.0,False,6
338.128051043,beacon,AP01,broadcast,-72.0,False,6
338.230432034,beacon,AP01,broadcast,-72.0,False,6
338.332828045,beacon,AP01,broadcast,-72.0,False,6
338.429098129,ndpa,AP01,C01,-72.0,False,24
338.429202080,bfi,C01,AP01,-58.0,False,54
338.435220957,beacon,AP01,broadcast,-72.0,False,6
338.537662029,beacon,AP01,broadcast,-72.0,False,6
338.640290022,beacon,AP01,broadcast,-72.0,False,6
338.742455006,beacon,AP01,broadcast,-72.0,False,6
338.844866991,beacon,AP01,broadcast,-73.0,False,6
338.947253942,beacon,AP01,broadcast,-72.0,False,6
339.049626112,beacon,AP01,broadcast,-73.0,False,6
339.093477011,ndpa,AP01,C01,-73.0,False,24
339.093578100,bfi,C01,AP01,-58.0,False,54
339.152065039,beacon,AP01,broadcast,-72.0,False,6
339.255912066,beacon,AP01,broadcast,-72.0,False,6
339.358181953,beacon,AP01,broadcast,-72.0,False,6
339.459330082,beacon,AP01,broadcast,-72.0,False,6
339.561613083,beacon,AP01,broadcast,-72.0,False,6
339.664009094,beacon,AP01,broadcast,-72.0,False,6
339.761101007,ndpa,AP01,C01,-72.0,False,24
339.761126995,bfi,C01,AP01,-58.0,False,54
339.766535044,beacon,AP01,broadcast,-72.0,False,6
339.868914127,beacon,AP01,broadcast,-72.0,False,6
339.971354008,beacon,AP01,broadcast,-72.0,False,6
340.078025103,beacon,AP01,broadcast,-72.0,False,6
340.176127911,beacon,AP01,broadcast,-72.0,False,6
340.299454927,beacon,AP01,broadcast,-72.0,False,6
340.380928993,beacon,AP01,broadcast,-72.0,False,6
340.429345131,ndpa,AP01,C01,-73.0,False,24
340.429387093,bfi,C01,AP01,-58.0,False,54
340.483300924,beacon,AP01,broadcast,-73.0,False,6
340.585746050,beacon,AP01,broadcast,-72.0,False,6
340.688070059,beacon,AP01,broadcast,-72.0,False,6
340.790529966,beacon,AP01,broadcast,-72.0,False,6
340.892871141,beacon,AP01,broadcast,-72.0,False,6
340.995343924,beacon,AP01,broadcast,-72.0,False,6
341.092407942,ndpa,AP01,C01,-72.0,False,24
341.092514992,bfi,C01,AP01,-58.0,False,54
341.097635031,beacon,AP01,broadcast,-72.0,False,6
341.200151920,beacon,AP01,broadcast,-72.0,False,6
341.302510023,beacon,AP01,broadcast,-72.0,False,6
341.404981136,beacon,AP01,broadcast,-72.0,False,6
341.507354021,beacon,AP01,broadcast,-72.0,False,6
341.609751940,beacon,AP01,broadcast,-72.0,False,6
341.712162971,beacon,AP01,broadcast,-72.0,False,6
341.760931969,ndpa,AP01,C01,-72.0,False,24
341.760968924,bfi,C01,AP01,-58.0,False,54
341.814542055,beacon,AP01,broadcast,-72.0,False,6
341.916893005,beacon,AP01,broadcast,-72.0,False,6
342.019381046,beacon,AP01,broadcast,-72.0,False,6
342.121777058,beacon,AP01,broadcast,-72.0,False,6
342.224185944,beacon,AP01,broadcast,-72.0,False,6
342.326570988,beacon,AP01,broadcast,-72.0,False,6
342.428942919,beacon,AP01,broadcast,-72.0,False,6
342.429203033,ndpa,AP01,C01,-72.0,False,24
342.429270983,bfi,C01,AP01,-58.0,False,54
342.531340122,beacon,AP01,broadcast,-72.0,False,6
342.633667946,beacon,AP01,broadcast,-72.0,False,6
342.736035109,beacon,AP01,broadcast,-72.0,False,6
342.838541031,beacon,AP01,broadcast,-72.0,False,6
342.940943003,beacon,AP01,broadcast,-72.0,False,6
343.043368101,beacon,AP01,broadcast,-72.0,False,6
343.093534946,ndpa,AP01,C01,-72.0,False,24
343.093605995,bfi,C01,AP01,-59.0,False,54
343.145761013,beacon,AP01,broadcast,-73.0,False,6
343.248071909,beacon,AP01,broadcast,-72.0,False,6
343.350471973,beacon,AP01,broadcast,-72.0,False,6
343.452911139,beacon,AP01,broadcast,-72.0,False,6
343.555387974,beacon,AP01,broadcast,-72.0,False,6
343.657756090,beacon,AP01,broadcast,-72.0,False,6
343.760159969,beacon,AP01,broadcast,-73.0,False,6
343.761120081,ndpa,AP01,C01,-72.0,False,24
343.761191130,bfi,C01,AP01,-58.0,False,54
343.862560987,beacon,AP01,broadcast,-72.0,False,6
343.964962959,beacon,AP01,broadcast,-72.0,False,6
344.067414045,beacon,AP01,broadcast,-72.0,False,6
344.169806957,beacon,AP01,broadcast,-72.0,False,6
344.272186995,beacon,AP01,broadcast,-72.0,False,6
344.374560118,beacon,AP01,broadcast,-72.0,False,6
344.429131985,ndpa,AP01,C01,-72.0,False,24
344.429179907,bfi,C01,AP01,-59.0,False,54
344.476915121,beacon,AP01,broadcast,-72.0,False,6
344.579294920,beacon,AP01,broadcast,-72.0,False,6
344.681710958,beacon,AP01,broadcast,-72.0,False,6
344.784080029,beacon,AP01,broadcast,-72.0,False,6
344.886465073,beacon,AP01,broadcast,-72.0,False,6
344.988914967,beacon,AP01,broadcast,-72.0,False,6
345.104711056,beacon,AP01,broadcast,-73.0,False,6
345.104778051,ndpa,AP01,C01,-72.0,False,24
345.104906082,bfi,C01,AP01,-58.0,False,54
345.193717957,beacon,AP01,broadcast,-72.0,False,6
345.296106100,beacon,AP01,broadcast,-72.0,False,6
345.398510933,beacon,AP01,broadcast,-72.0,False,6
345.500945091,beacon,AP01,broadcast,-72.0,False,6
345.603271008,beacon,AP01,broadcast,-72.0,False,6
345.705685139,beacon,AP01,broadcast,-72.0,False,6
345.809442997,beacon,AP01,broadcast,-73.0,False,6
345.910548925,beacon,AP01,broadcast,-72.0,False,6
346.013953924,beacon,AP01,broadcast,-72.0,False,6
346.117332935,beacon,AP01,broadcast,-72.0,False,6
346.218351126,beacon,AP01,broadcast,-72.0,False,6
346.320151091,beacon,AP01,broadcast,-72.0,False,6
346.422544956,beacon,AP01,broadcast,-72.0,False,6
346.429186106,ndpa,AP01,C01,-73.0,False,24
346.429234982,bfi,C01,AP01,-59.0,False,54
346.527558088,beacon,AP01,broadcast,-72.0,False,6
346.627320051,beacon,AP01,broadcast,-72.0,False,6
346.729735136,beacon,AP01,broadcast,-72.0,False,6
346.832139015,beacon,AP01,broadcast,-72.0,False,6
346.934503078,beacon,AP01,broadcast,-72.0,False,6
347.037042141,beacon,AP01,broadcast,-72.0,False,6
347.139446020,beacon,AP01,broadcast,-72.0,False,6
347.241816998,beacon,AP01,broadcast,-72.0,False,6
347.344187021,beacon,AP01,broadcast,-72.0,False,6
347.446578979,beacon,AP01,broadcast,-73.0,False,6
347.549026012,beacon,AP01,broadcast,-72.0,False,6
347.651391983,beacon,AP01,broadcast,-72.0,False,6
347.753803015,beacon,AP01,broadcast,-73.0,False,6
347.761054039,ndpa,AP01,C01,-72.0,False,24
347.761111021,bfi,C01,AP01,-58.0,False,54
347.856230021,beacon,AP01,broadcast,-72.0,False,6
347.958594084,beacon,AP01,broadcast,-72.0,False,6
348.060975075,beacon,AP01,broadcast,-72.0,False,6
348.163331032,beacon,AP01,broadcast,-72.0,False,6
348.265841007,beacon,AP01,broadcast,-72.0,False,6
348.368228912,beacon,AP01,broadcast,-72.0,False,6
348.470631123,beacon,AP01,broadcast,-73.0,False,6
348.573009968,beacon,AP01,broadcast,-72.0,False,6
348.675421953,beacon,AP01,broadcast,-72.0,False,6
348.777703047,beacon,AP01,broadcast,-72.0,False,6
348.880162001,beacon,AP01,broadcast,-72.0,False,6
348.982623100,beacon,AP01,broadcast,-73.0,False,6
349.085047007,beacon,AP01,broadcast,-72.0,False,6
349.093415976,ndpa,AP01,C01,-72.0,False,24
349.093472958,bfi,C01,AP01,-58.0,False,54
349.187421083,beacon,AP01,broadcast,-72.0,False,6
349.289801121,beacon,AP01,broadcast,-72.0,False,6
349.392234087,beacon,AP01,broadcast,-73.0,False,6
349.494635105,beacon,AP01,broadcast,-72.0,False,6
349.597017050,beacon,AP01,broadcast,-72.0,False,6
349.699437141,beacon,AP01,broadcast,-72.0,False,6
349.801851034,beacon,AP01,broadcast,-72.0,False,6
349.904231071,beacon,AP01,broadcast,-72.0,False,6
350.006611109,beacon,AP01,broadcast,-72.0,False,6
350.119949102,beacon,AP01,broadcast,-72.0,False,6
350.211450100,beacon,AP01,broadcast,-72.0,False,6
350.340958118,beacon,AP01,broadcast,-72.0,False,6
350.416252136,beacon,AP01,broadcast,-72.0,False,6
350.429440975,ndpa,AP01,C01,-72.0,False,24
350.429464102,bfi,C01,AP01,-58.0,False,54
350.518610954,beacon,AP01,broadcast,-72.0,False,6
350.621055126,beacon,AP01,broadcast,-72.0,False,6
350.723376036,beacon,AP01,broadcast,-72.0,False,6
350.825865984,beacon,AP01,broadcast,-72.0,False,6
350.928261995,beacon,AP01,broadcast,-72.0,False,6
351.030658007,beacon,AP01,broadcast,-72.0,False,6
351.133079052,beacon,AP01,broadcast,-72.0,False,6
351.235407114,beacon,AP01,broadcast,-72.0,False,6
351.337857962,beacon,AP01,broadcast,-72.0,False,6
351.440263987,beacon,AP01,broadcast,-72.0,False,6
351.542645931,beacon,AP01,broadcast,-72.0,False,6
351.645066023,beacon,AP01,broadcast,-72.0,False,6
351.747478962,beacon,AP01,broadcast,-72.0,False,6
351.761868954,ndpa,AP01,C01,-73.0,False,24
351.761920929,bfi,C01,AP01,-59.0,False,54
351.849761963,beacon,AP01,broadcast,-72.0,False,6
351.952286005,beacon,AP01,broadcast,-72.0,False,6
352.054527044,beacon,AP01,broadcast,-72.0,False,6
352.157059908,beacon,AP01,broadcast,-72.0,False,6
352.259383917,beacon,AP01,broadcast,-72.0,False,6
352.361807108,beacon,AP01,broadcast,-72.0,False,6
352.464167118,beacon,AP01,broadcast,-72.0,False,6
352.566574097,beacon,AP01,broadcast,-72.0,False,6
352.668999910,beacon,AP01,broadcast,-72.0,False,6
352.771378994,beacon,AP01,broadcast,-72.0,False,6
352.873793125,beacon,AP01,broadcast,-72.0,False,6
352.976207972,beacon,AP01,broadcast,-72.0,False,6
353.078576088,beacon,AP01,broadcast,-72.0,False,6
353.093837023,ndpa,AP01,C01,-73.0,False,24
353.093925953,bfi,C01,AP01,-58.0,False,54
353.180999041,beacon,AP01,broadcast,-72.0,False,6
353.283425093,beacon,AP01,broadcast,-72.0,False,6
353.385821104,beacon,AP01,broadcast,-72.0,False,6
353.488198996,beacon,AP01,broadcast,-72.0,False,6
353.590601921,beacon,AP01,broadcast,-72.0,False,6
353.692986965,beacon,AP01,broadcast,-72.0,False,6
353.795409918,beacon,AP01,broadcast,-72.0,False,6
353.897810936,beacon,AP01,broadcast,-72.0,False,6
354.000185966,beacon,AP01,broadcast,-73.0,False,6
354.102575064,beacon,AP01,broadcast,-72.0,False,6
354.204988956,beacon,AP01,broadcast,-72.0,False,6
354.307394028,beacon,AP01,broadcast,-72.0,False,6
354.409783125,beacon,AP01,broadcast,-72.0,False,6
354.428972960,ndpa,AP01,C01,-73.0,False,24
354.429090023,bfi,C01,AP01,-58.0,False,54
354.512190104,beacon,AP01,broadcast,-72.0,False,6
354.614588976,beacon,AP01,broadcast,-72.0,False,6
354.717000008,beacon,AP01,broadcast,-72.0,False,6
354.819478035,beacon,AP01,broadcast,-72.0,False,6
354.921771049,beacon,AP01,broadcast,-72.0,False,6
355.024266005,beacon,AP01,broadcast,-72.0,False,6
355.139938116,beacon,AP01,broadcast,-72.0,False,6
355.229013920,beacon,AP01,broadcast,-72.0,False,6
355.361053944,beacon,AP01,broadcast,-72.0,False,6
355.433783054,beacon,AP01,broadcast,-72.0,False,6
355.536266088,beacon,AP01,broadcast,-72.0,False,6
355.638680935,beacon,AP01,broadcast,-72.0,False,6
355.741111994,beacon,AP01,broadcast,-72.0,False,6
355.760561943,ndpa,AP01,C01,-72.0,False,24
355.760587931,bfi,C01,AP01,-58.0,False,54
355.843498945,beacon,AP01,broadcast,-72.0,False,6
355.945905924,beacon,AP01,broadcast,-72.0,False,6
356.048238039,beacon,AP01,broadcast,-72.0,False,6
356.150726080,beacon,AP01,broadcast,-72.0,False,6
356.253021955,beacon,AP01,broadcast,-72.0,False,6
356.355479002,beacon,AP01,broadcast,-72.0,False,6
356.457921982,beacon,AP01,broadcast,-72.0,False,6
356.560244083,beacon,AP01,broadcast,-72.0,False,6
356.662703037,beacon,AP01,broadcast,-72.0,False,6
356.765119076,beacon,AP01,broadcast,-72.0,False,6
356.867458105,beacon,AP01,broadcast,-72.0,False,6
356.969922066,beacon,AP01,broadcast,-72.0,False,6
357.072299004,beacon,AP01,broadcast,-72.0,False,6
357.093791008,ndpa,AP01,C01,-72.0,False,24
357.093816042,bfi,C01,AP01,-59.0,False,54
357.174693108,beacon,AP01,broadcast,-72.0,False,6
357.277107000,beacon,AP01,broadcast,-72.0,False,6
357.379483938,beacon,AP01,broadcast,-72.0,False,6
357.481940985,beacon,AP01,broadcast,-72.0,False,6
357.584257126,beacon,AP01,broadcast,-72.0,False,6
357.686721087,beacon,AP01,broadcast,-72.0,False,6
357.789041042,beacon,AP01,broadcast,-73.0,False,6
357.891477108,beacon,AP01,broadcast,-72.0,False,6
357.993803024,beacon,AP01,broadcast,-72.0,False,6
358.096324921,beacon,AP01,broadcast,-72.0,False,6
358.198684931,beacon,AP01,broadcast,-72.0,False,6
358.301135063,beacon,AP01,broadcast,-72.0,False,6
358.403561115,beacon,AP01,broadcast,-72.0,False,6
358.429187059,ndpa,AP01,C01,-72.0,False,24
358.429250956,bfi,C01,AP01,-59.0,False,54
358.505831957,beacon,AP01,broadcast,-72.0,False,6
358.608322144,beacon,AP01,broadcast,-73.0,False,6
358.710732937,beacon,AP01,broadcast,-72.0,False,6
358.813138008,beacon,AP01,broadcast,-73.0,False,6
358.915524960,beacon,AP01,broadcast,-73.0,False,6
359.017915964,beacon,AP01,broadcast,-73.0,False,6
359.120365143,beacon,AP01,broadcast,-72.0,False,6
359.222656012,beacon,AP01,broadcast,-72.0,False,6
359.325154066,beacon,AP01,broadcast,-72.0,False,6
359.427536964,beacon,AP01,broadcast,-72.0,False,6
359.529923916,beacon,AP01,broadcast,-72.0,False,6
359.632353067,beacon,AP01,broadcast,-72.0,False,6
359.734720945,beacon,AP01,broadcast,-72.0,False,6
359.761811972,ndpa,AP01,C01,-73.0,False,24
359.761835098,bfi,C01,AP01,-59.0,False,54
359.837119102,beacon,AP01,broadcast,-72.0,False,6
359.939521074,beacon,AP01,broadcast,-72.0,False,6
360.041868925,beacon,AP01,broadcast,-72.0,False,6
360.160047054,beacon,AP01,broadcast,-72.0,False,6
360.246639967,beacon,AP01,broadcast,-72.0,False,6
360.349066973,beacon,AP01,broadcast,-73.0,False,6
360.451448917,beacon,AP01,broadcast,-72.0,False,6
360.553836107,beacon,AP01,broadcast,-72.0,False,6
360.656266928,beacon,AP01,broadcast,-73.0,False,6
360.758665085,beacon,AP01,broadcast,-73.0,False,6
360.861069918,beacon,AP01,broadcast,-73.0,False,6
360.963433981,beacon,AP01,broadcast,-72.0,False,6
361.065823078,beacon,AP01,broadcast,-72.0,False,6
361.092890024,ndpa,AP01,C01,-72.0,False,24
361.092993021,bfi,C01,AP01,-58.0,False,54
361.168263912,beacon,AP01,broadcast,-72.0,False,6
361.270668030,beacon,AP01,broadcast,-72.0,False,6
361.373069048,beacon,AP01,broadcast,-72.0,False,6
361.475474119,beacon,AP01,broadcast,-72.0,False,6
361.577863932,beacon,AP01,broadcast,-72.0,False,6
361.680243969,beacon,AP01,broadcast,-72.0,False,6
361.782688141,beacon,AP01,broadcast,-72.0,False,6
361.885071993,beacon,AP01,broadcast,-72.0,False,6
361.987462044,beacon,AP01,broadcast,-72.0,False,6
362.089868069,beacon,AP01,broadcast,-72.0,False,6
362.192274094,beacon,AP01,broadcast,-72.0,False,6
362.294657946,beacon,AP01,broadcast,-72.0,False,6
362.397095919,beacon,AP01,broadcast,-72.0,False,6
362.429347992,ndpa,AP01,C01,-72.0,False,24
362.429456949,bfi,C01,AP01,-58.0,False,54
362.499460936,beacon,AP01,broadcast,-72.0,False,6
362.601951122,beacon,AP01,broadcast,-72.0,False,6
362.704281092,beacon,AP01,broadcast,-72.0,False,6
362.806756973,beacon,AP01,broadcast,-71.0,False,6
362.909127951,beacon,AP01,broadcast,-72.0,False,6
363.011531115,beacon,AP01,broadcast,-72.0,False,6
363.113954067,beacon,AP01,broadcast,-72.0,False,6
363.216385126,beacon,AP01,broadcast,-72.0,False,6
363.318776131,beacon,AP01,broadcast,-72.0,False,6
363.421181917,beacon,AP01,broadcast,-72.0,False,6
363.523555040,beacon,AP01,broadcast,-72.0,False,6
363.625978947,beacon,AP01,broadcast,-72.0,False,6
363.728388071,beacon,AP01,broadcast,-72.0,False,6
363.761577129,ndpa,AP01,C01,-73.0,False,24
363.761600018,bfi,C01,AP01,-58.0,False,54
363.830770969,beacon,AP01,broadcast,-72.0,False,6
363.933160067,beacon,AP01,broadcast,-72.0,False,6
364.035469055,beacon,AP01,broadcast,-72.0,False,6
364.137886047,beacon,AP01,broadcast,-72.0,False,6
364.240426064,beacon,AP01,broadcast,-72.0,False,6
364.342800140,beacon,AP01,broadcast,-72.0,False,6
364.445153952,beacon,AP01,broadcast,-72.0,False,6
364.547574043,beacon,AP01,broadcast,-72.0,False,6
364.649963140,beacon,AP01,broadcast,-72.0,False,6
364.752350092,beacon,AP01,broadcast,-72.0,False,6
364.854798079,beacon,AP01,broadcast,-72.0,False,6
364.959213018,beacon,AP01,broadcast,-72.0,False,6
365.059531927,beacon,AP01,broadcast,-72.0,False,6
365.093348026,ndpa,AP01,C01,-72.0,False,24
365.093428135,bfi,C01,AP01,-58.0,False,54
365.180207014,beacon,AP01,broadcast,-73.0,False,6
365.264295101,beacon,AP01,broadcast,-72.0,False,6
365.366801023,beacon,AP01,broadcast,-73.0,False,6
365.469120026,beacon,AP01,broadcast,-72.0,False,6
365.571617126,beacon,AP01,broadcast,-73.0,False,6
365.673984051,beacon,AP01,broadcast,-72.0,False,6
365.776426077,beacon,AP01,broadcast,-72.0,False,6
365.878803968,beacon,AP01,broadcast,-72.0,False,6
365.981172085,beacon,AP01,broadcast,-72.0,False,6
366.083609104,beacon,AP01,broadcast,-72.0,False,6
366.186020136,beacon,AP01,broadcast,-72.0,False,6
366.288422108,beacon,AP01,broadcast,-72.0,False,6
366.390661001,beacon,AP01,broadcast,-72.0,False,6
366.429605961,ndpa,AP01,C01,-72.0,False,24
366.429681063,bfi,C01,AP01,-59.0,False,54
366.493206024,beacon,AP01,broadcast,-72.0,False,6
366.595597029,beacon,AP01,broadcast,-72.0,False,6
366.697991133,beacon,AP01,broadcast,-73.0,False,6
366.800403118,beacon,AP01,broadcast,-73.0,False,6
366.902805090,beacon,AP01,broadcast,-73.0,False,6
367.005218983,beacon,AP01,broadcast,-73.0,False,6
367.107526064,beacon,AP01,broadcast,-72.0,False,6
367.209918976,beacon,AP01,broadcast,-72.0,False,6
367.312401056,beacon,AP01,broadcast,-72.0,False,6
367.414736032,beacon,AP01,broadcast,-72.0,False,6
367.517174006,beacon,AP01,broadcast,-72.0,False,6
367.619624138,beacon,AP01,broadcast,-72.0,False,6
367.721941948,beacon,AP01,broadcast,-72.0,False,6
367.761595011,ndpa,AP01,C01,-73.0,False,24
367.761699915,bfi,C01,AP01,-58.0,False,54
367.824299097,beacon,AP01,broadcast,-72.0,False,6
367.926727057,beacon,AP01,broadcast,-71.0,False,6
368.029125929,beacon,AP01,broadcast,-72.0,False,6
368.131505966,beacon,AP01,broadcast,-72.0,False,6
368.233938932,beacon,AP01,broadcast,-72.0,False,6
368.336333036,beacon,AP01,broadcast,-72.0,False,6
368.438736916,beacon,AP01,broadcast,-72.0,False,6
368.541122913,beacon,AP01,broadcast,-72.0,False,6
368.643501043,beacon,AP01,broadcast,-72.0,False,6
368.745932102,beacon,AP01,broadcast,-71.0,False,6
368.848328114,beacon,AP01,broadcast,-72.0,False,6
368.950725079,beacon,AP01,broadcast,-72.0,False,6
369.053129911,beacon,AP01,broadcast,-71.0,False,6
369.093615055,ndpa,AP01,C01,-73.0,False,24
369.093723059,bfi,C01,AP01,-58.0,False,54
369.155528069,beacon,AP01,broadcast,-72.0,False,6
369.257935047,beacon,AP01,broadcast,-72.0,False,6
369.360341072,beacon,AP01,broadcast,-72.0,False,6
369.462731123,beacon,AP01,broadcast,-72.0,False,6
369.565130949,beacon,AP01,broadcast,-72.0,False,6
369.667551994,beacon,AP01,broadcast,-71.0,False,6
369.770133018,beacon,AP01,broadcast,-72.0,False,6
369.872311115,beacon,AP01,broadcast,-72.0,False,6
369.978208065,beacon,AP01,broadcast,-71.0,False,6
370.077171087,beacon,AP01,broadcast,-72.0,False,6
370.199202061,beacon,AP01,broadcast,-72.0,False,6
370.281937122,beacon,AP01,broadcast,-72.0,False,6
370.384483099,beacon,AP01,broadcast,-72.0,False,6
370.429413080,ndpa,AP01,C01,-72.0,False,24
370.429474115,bfi,C01,AP01,-59.0,False,54
370.486824989,beacon,AP01,broadcast,-72.0,False,6
370.589232922,beacon,AP01,broadcast,-72.0,False,6
370.691637993,beacon,AP01,broadcast,-72.0,False,6
370.794045925,beacon,AP01,broadcast,-72.0,False,6
370.896457911,beacon,AP01,broadcast,-72.0,False,6
370.998835087,beacon,AP01,broadcast,-72.0,False,6
371.101215124,beacon,AP01,broadcast,-72.0,False,6
371.203628063,beacon,AP01,broadcast,-72.0,False,6
371.306100130,beacon,AP01,broadcast,-72.0,False,6
371.408452988,beacon,AP01,broadcast,-72.0,False,6
371.510796070,beacon,AP01,broadcast,-72.0,False,6
371.613286018,beacon,AP01,broadcast,-73.0,False,6
371.715660095,beacon,AP01,broadcast,-72.0,False,6
371.761835098,ndpa,AP01,C01,-72.0,False,24
371.761888981,bfi,C01,AP01,-59.0,False,54
371.818051100,beacon,AP01,broadcast,-72.0,False,6
371.920323133,beacon,AP01,broadcast,-72.0,False,6
372.022856951,beacon,AP01,broadcast,-71.0,False,6
372.125245094,beacon,AP01,broadcast,-72.0,False,6
372.227693081,beacon,AP01,broadcast,-71.0,False,6
372.330074072,beacon,AP01,broadcast,-71.0,False,6
372.432444096,beacon,AP01,broadcast,-72.0,False,6
372.534809113,beacon,AP01,broadcast,-72.0,False,6
372.637211084,beacon,AP01,broadcast,-72.0,False,6
372.739594936,beacon,AP01,broadcast,-72.0,False,6
372.842055082,beacon,AP01,broadcast,-72.0,False,6
372.944477081,beacon,AP01,broadcast,-72.0,False,6
373.046787024,beacon,AP01,broadcast,-71.0,False,6
373.093657017,ndpa,AP01,C01,-72.0,False,24
373.093712091,bfi,C01,AP01,-58.0,False,54
373.149296045,beacon,AP01,broadcast,-71.0,False,6
373.251657963,beacon,AP01,broadcast,-71.0,False,6
373.353996992,beacon,AP01,broadcast,-72.0,False,6
373.456490040,beacon,AP01,broadcast,-71.0,False,6
373.558869123,beacon,AP01,broadcast,-72.0,False,6
373.661163092,beacon,AP01,broadcast,-71.0,False,6
373.763695955,beacon,AP01,broadcast,-71.0,False,6
373.866097927,beacon,AP01,broadcast,-71.0,False,6
373.968495131,beacon,AP01,broadcast,-72.0,False,6
374.070851088,beacon,AP01,broadcast,-71.0,False,6
374.173274994,beacon,AP01,broadcast,-71.0,False,6
374.275680065,beacon,AP01,broadcast,-71.0,False,6
374.378054142,beacon,AP01,broadcast,-71.0,False,6
374.429567099,ndpa,AP01,C01,-72.0,False,24
374.429628134,bfi,C01,AP01,-58.0,False,54
374.480391026,beacon,AP01,broadcast,-71.0,False,6
374.582880020,beacon,AP01,broadcast,-71.0,False,6
374.685240030,beacon,AP01,broadcast,-72.0,False,6
374.787667036,beacon,AP01,broadcast,-71.0,False,6
374.890108109,beacon,AP01,broadcast,-71.0,False,6
374.998341084,beacon,AP01,broadcast,-71.0,False,6
375.094787121,beacon,AP01,broadcast,-72.0,False,6
375.219352007,beacon,AP01,broadcast,-71.0,False,6
375.299602032,beacon,AP01,broadcast,-72.0,False,6
375.402070999,beacon,AP01,broadcast,-71.0,False,6
375.504398108,beacon,AP01,broadcast,-72.0,False,6
375.606822968,beacon,AP01,broadcast,-71.0,False,6
375.709249973,beacon,AP01,broadcast,-71.0,False,6
375.761538029,ndpa,AP01,C01,-72.0,False,24
375.761646986,bfi,C01,AP01,-59.0,False,54
375.811640978,beacon,AP01,broadcast,-71.0,False,6
375.914012909,beacon,AP01,broadcast,-72.0,False,6
376.016428947,beacon,AP01,broadcast,-71.0,False,6
376.118817091,beacon,AP01,broadcast,-71.0,False,6
376.221204996,beacon,AP01,broadcast,-71.0,False,6
376.323605061,beacon,AP01,broadcast,-71.0,False,6
376.426037073,beacon,AP01,broadcast,-71.0,False,6
376.528373003,beacon,AP01,broadcast,-71.0,False,6
376.630845070,beacon,AP01,broadcast,-72.0,False,6
376.733242035,beacon,AP01,broadcast,-72.0,False,6
376.835628986,beacon,AP01,broadcast,-72.0,False,6
376.938064098,beacon,AP01,broadcast,-72.0,False,6
377.040416956,beacon,AP01,broadcast,-71.0,False,6
377.093698025,ndpa,AP01,C01,-72.0,False,24
377.093778133,bfi,C01,AP01,-58.0,False,54
377.142842054,beacon,AP01,broadcast,-71.0,False,6
377.245208025,beacon,AP01,broadcast,-71.0,False,6
377.347647905,beacon,AP01,broadcast,-71.0,False,6
377.450048923,beacon,AP01,broadcast,-71.0,False,6
377.552469015,beacon,AP01,broadcast,-71.0,False,6
377.654849052,beacon,AP01,broadcast,-72.0,False,6
377.757265091,beacon,AP01,broadcast,-71.0,False,6
377.859642982,beacon,AP01,broadcast,-71.0,False,6
377.962028980,beacon,AP01,broadcast,-71.0,False,6
378.064512014,beacon,AP01,broadcast,-71.0,False,6
378.166902065,beacon,AP01,broadcast,-71.0,False,6
378.269329071,beacon,AP01,broadcast,-71.0,False,6
378.371725082,beacon,AP01,broadcast,-72.0,False,6
378.429793119,ndpa,AP01,C01,-72.0,False,24
378.429919004,bfi,C01,AP01,-58.0,False,54
378.474069118,beacon,AP01,broadcast,-72.0,False,6
378.576522112,beacon,AP01,broadcast,-71.0,False,6
378.678914070,beacon,AP01,broadcast,-71.0,False,6
378.781327963,beacon,AP01,broadcast,-71.0,False,6
378.883708000,beacon,AP01,broadcast,-72.0,False,6
378.986155033,beacon,AP01,broadcast,-71.0,False,6
379.088521004,beacon,AP01,broadcast,-71.0,False,6
379.190886974,beacon,AP01,broadcast,-71.0,False,6
379.293231964,beacon,AP01,broadcast,-71.0,False,6
379.395709038,beacon,AP01,broadcast,-71.0,False,6
379.498089075,beacon,AP01,broadcast,-71.0,False,6
379.600575924,beacon,AP01,broadcast,-72.0,False,6
379.702919960,beacon,AP01,broadcast,-71.0,False,6
379.761209011,ndpa,AP01,C01,-72.0,False,24
379.761232138,bfi,C01,AP01,-58.0,False,54
379.805294991,beacon,AP01,broadcast,-71.0,False,6
379.907699108,beacon,AP01,broadcast,-71.0,False,6
380.019457102,beacon,AP01,broadcast,-71.0,False,6
380.112514019,beacon,AP01,broadcast,-71.0,False,6
380.240438938,beacon,AP01,broadcast,-71.0,False,6
380.317373991,beacon,AP01,broadcast,-71.0,False,6
380.419754028,beacon,AP01,broadcast,-71.0,False,6
380.522130966,beacon,AP01,broadcast,-71.0,False,6
380.624531031,beacon,AP01,broadcast,-71.0,False,6
380.726936102,beacon,AP01,broadcast,-71.0,False,6
380.829304934,beacon,AP01,broadcast,-72.0,False,6
380.931765079,beacon,AP01,broadcast,-71.0,False,6
381.034127951,beacon,AP01,broadcast,-71.0,False,6
381.093447924,ndpa,AP01,C01,-73.0,False,24
381.093531132,bfi,C01,AP01,-58.0,False,54
381.136546135,beacon,AP01,broadcast,-72.0,False,6
381.238930941,beacon,AP01,broadcast,-71.0,False,6
381.341336012,beacon,AP01,broadcast,-72.0,False,6
381.443697929,beacon,AP01,broadcast,-71.0,False,6
381.546143055,beacon,AP01,broadcast,-71.0,False,6
381.648492098,beacon,AP01,broadcast,-71.0,False,6
381.750952959,beacon,AP01,broadcast,-71.0,False,6
381.853353024,beacon,AP01,broadcast,-72.0,False,6
381.955754995,beacon,AP01,broadcast,-72.0,False,6
382.058170080,beacon,AP01,broadcast,-71.0,False,6
382.160557985,beacon,AP01,broadcast,-71.0,False,6
382.262964964,beacon,AP01,broadcast,-71.0,False,6
382.365342140,beacon,AP01,broadcast,-71.0,False,6
382.429816961,ndpa,AP01,C01,-72.0,False,24
382.429898024,bfi,C01,AP01,-58.0,False,54
382.467751026,beacon,AP01,broadcast,-71.0,False,6
382.570070982,beacon,AP01,broadcast,-72.0,False,6
382.672579050,beacon,AP01,broadcast,-71.0,False,6
382.774945021,beacon,AP01,broadcast,-72.0,False,6
382.877389908,beacon,AP01,broadcast,-72.0,False,6
382.979789972,beacon,AP01,broadcast,-72.0,False,6
383.082130909,beacon,AP01,broadcast,-71.0,False,6
383.184505939,beacon,AP01,broadcast,-71.0,False,6
383.286839008,beacon,AP01,broadcast,-71.0,False,6
383.389327049,beacon,AP01,broadcast,-71.0,False,6
383.491697073,beacon,AP01,broadcast,-71.0,False,6
383.594101906,beacon,AP01,broadcast,-71.0,False,6
383.696538925,beacon,AP01,broadcast,-71.0,False,6
383.762257099,ndpa,AP01,C01,-72.0,False,24
383.762344122,bfi,C01,AP01,-59.0,False,54
383.798856974,beacon,AP01,broadcast,-71.0,False,6
383.901335001,beacon,AP01,broadcast,-72.0,False,6
384.003660917,beacon,AP01,broadcast,-72.0,False,6
384.106095076,beacon,AP01,broadcast,-72.0,False,6
384.208534002,beacon,AP01,broadcast,-72.0,False,6
384.310931921,beacon,AP01,broadcast,-72.0,False,6
384.413316011,beacon,AP01,broadcast,-72.0,False,6
384.515720129,beacon,AP01,broadcast,-72.0,False,6
384.618145943,beacon,AP01,broadcast,-72.0,False,6
384.720488071,beacon,AP01,broadcast,-72.0,False,6
384.822885036,beacon,AP01,broadcast,-71.0,False,6
384.925274134,beacon,AP01,broadcast,-72.0,False,6
385.038450003,beacon,AP01,broadcast,-71.0,False,6
385.094079971,ndpa,AP01,C01,-73.0,False,24
385.094130039,bfi,C01,AP01,-59.0,False,54
385.130126953,beacon,AP01,broadcast,-71.0,False,6
385.259465933,beacon,AP01,broadcast,-72.0,False,6
385.334892988,beacon,AP01,broadcast,-72.0,False,6
385.437307119,beacon,AP01,broadcast,-71.0,False,6
385.539719105,beacon,AP01,broadcast,-71.0,False,6
385.642085075,beacon,AP01,broadcast,-71.0,False,6
385.744517088,beacon,AP01,broadcast,-72.0,False,6
385.847028971,beacon,AP01,broadcast,-72.0,False,6
385.949310064,beacon,AP01,broadcast,-72.0,False,6
386.051815987,beacon,AP01,broadcast,-72.0,False,6
386.154202938,beacon,AP01,broadcast,-72.0,False,6
386.256597996,beacon,AP01,broadcast,-72.0,False,6
386.358986139,beacon,AP01,broadcast,-72.0,False,6
386.429528952,ndpa,AP01,C01,-72.0,False,24
386.429609060,bfi,C01,AP01,-59.0,False,54
386.461383104,beacon,AP01,broadcast,-72.0,False,6
386.563807011,beacon,AP01,broadcast,-72.0,False,6
386.666129112,beacon,AP01,broadcast,-72.0,False,6
386.768607140,beacon,AP01,broadcast,-71.0,False,6
386.871038914,beacon,AP01,broadcast,-72.0,False,6
386.973370075,beacon,AP01,broadcast,-71.0,False,6
387.075788975,beacon,AP01,broadcast,-71.0,False,6
387.178211927,beacon,AP01,broadcast,-71.0,False,6
387.280611992,beacon,AP01,broadcast,-71.0,False,6
387.382982969,beacon,AP01,broadcast,-72.0,False,6
387.485316038,beacon,AP01,broadcast,-72.0,False,6
387.587814093,beacon,AP01,broadcast,-72.0,False,6
387.690222979,beacon,AP01,broadcast,-72.0,False,6
387.761264086,ndpa,AP01,C01,-73.0,False,24
387.761277914,bfi,C01,AP01,-59.0,False,54
387.792604923,beacon,AP01,broadcast,-72.0,False,6
387.895016909,beacon,AP01,broadcast,-72.0,False,6
387.997417927,beacon,AP01,broadcast,-71.0,False,6
388.099812984,beacon,AP01,broadcast,-71.0,False,6
388.202207088,beacon,AP01,broadcast,-71.0,False,6
388.304620981,beacon,AP01,broadcast,-72.0,False,6
388.406927109,beacon,AP01,broadcast,-72.0,False,6
388.509428024,beacon,AP01,broadcast,-72.0,False,6
388.611843109,beacon,AP01,broadcast,-72.0,False,6
388.714136124,beacon,AP01,broadcast,-71.0,False,6
388.816652060,beacon,AP01,broadcast,-72.0,False,6
388.919125080,beacon,AP01,broadcast,-71.0,False,6
389.021404028,beacon,AP01,broadcast,-71.0,False,6
389.093779087,ndpa,AP01,C01,-73.0,False,24
389.093857050,bfi,C01,AP01,-59.0,False,54
389.123826981,beacon,AP01,broadcast,-71.0,False,6
389.226202965,beacon,AP01,broadcast,-72.0,False,6
389.328634977,beacon,AP01,broadcast,-72.0,False,6
389.431013107,beacon,AP01,broadcast,-71.0,False,6
389.533411026,beacon,AP01,broadcast,-72.0,False,6
389.635839939,beacon,AP01,broadcast,-72.0,False,6
389.738244057,beacon,AP01,broadcast,-72.0,False,6
389.840631008,beacon,AP01,broadcast,-72.0,False,6
389.943031073,beacon,AP01,broadcast,-71.0,False,6
390.059621096,beacon,AP01,broadcast,-72.0,False,6
390.147825003,beacon,AP01,broadcast,-72.0,False,6
390.250140905,beacon,AP01,broadcast,-72.0,False,6
390.352636099,beacon,AP01,broadcast,-72.0,False,6
390.429131031,ndpa,AP01,C01,-73.0,False,24
390.429247141,bfi,C01,AP01,-58.0,False,54
390.455058098,beacon,AP01,broadcast,-72.0,False,6
390.557446957,beacon,AP01,broadcast,-72.0,False,6
390.659843922,beacon,AP01,broadcast,-72.0,False,6
390.762269974,beacon,AP01,broadcast,-72.0,False,6
390.864610910,beacon,AP01,broadcast,-72.0,False,6
390.966954947,beacon,AP01,broadcast,-72.0,False,6
391.069361925,beacon,AP01,broadcast,-72.0,False,6
391.171754122,beacon,AP01,broadcast,-72.0,False,6
391.274145126,beacon,AP01,broadcast,-72.0,False,6
391.376548052,beacon,AP01,broadcast,-72.0,False,6
391.478920937,beacon,AP01,broadcast,-72.0,False,6
391.581367016,beacon,AP01,broadcast,-72.0,False,6
391.683738947,beacon,AP01,broadcast,-72.0,False,6
391.761400938,ndpa,AP01,C01,-72.0,False,24
391.761505127,bfi,C01,AP01,-59.0,False,54
391.786139965,beacon,AP01,broadcast,-72.0,False,6
391.888536930,beacon,AP01,broadcast,-72.0,False,6
391.990979910,beacon,AP01,broadcast,-72.0,False,6
392.093369961,beacon,AP01,broadcast,-71.0,False,6
392.195755005,beacon,AP01,broadcast,-71.0,False,6
392.298156977,beacon,AP01,broadcast,-71.0,False,6
392.400558949,beacon,AP01,broadcast,-71.0,False,6
392.503005981,beacon,AP01,broadcast,-71.0,False,6
392.605417967,beacon,AP01,broadcast,-72.0,False,6
392.707808971,beacon,AP01,broadcast,-71.0,False,6
392.810217142,beacon,AP01,broadcast,-72.0,False,6
392.912616968,beacon,AP01,broadcast,-72.0,False,6
393.015005112,beacon,AP01,broadcast,-71.0,False,6
393.094578028,ndpa,AP01,C01,-73.0,False,24
393.094645977,bfi,C01,AP01,-58.0,False,54
393.117403030,beacon,AP01,broadcast,-72.0,False,6
393.219795942,beacon,AP01,broadcast,-72.0,False,6
393.322206020,beacon,AP01,broadcast,-72.0,False,6
393.424596071,beacon,AP01,broadcast,-72.0,False,6
393.527035952,beacon,AP01,broadcast,-72.0,False,6
393.629477024,beacon,AP01,broadcast,-72.0,False,6
393.731884956,beacon,AP01,broadcast,-71.0,False,6
393.834267139,beacon,AP01,broadcast,-71.0,False,6
393.936653137,beacon,AP01,broadcast,-71.0,False,6
394.039051056,beacon,AP01,broadcast,-71.0,False,6
394.141474962,beacon,AP01,broadcast,-72.0,False,6
394.243885040,beacon,AP01,broadcast,-71.0,False,6
394.346240997,beacon,AP01,broadcast,-71.0,False,6
394.429799080,ndpa,AP01,C01,-72.0,False,24
394.429856062,bfi,C01,AP01,-58.0,False,54
394.448679924,beacon,AP01,broadcast,-71.0,False,6
394.551077127,beacon,AP01,broadcast,-71.0,False,6
394.653470039,beacon,AP01,broadcast,-71.0,False,6
394.755777121,beacon,AP01,broadcast,-71.0,False,6
394.858237982,beacon,AP01,broadcast,-71.0,False,6
394.960623980,beacon,AP01,broadcast,-71.0,False,6
395.078650951,beacon,AP01,broadcast,-71.0,False,6
395.165498972,beacon,AP01,broadcast,-71.0,False,6
395.267907143,beacon,AP01,broadcast,-71.0,False,6
395.370265007,beacon,AP01,broadcast,-72.0,False,6
395.472769976,beacon,AP01,broadcast,-72.0,False,6
395.575098991,beacon,AP01,broadcast,-71.0,False,6
395.677499056,beacon,AP01,broadcast,-72.0,False,6
395.761603117,ndpa,AP01,C01,-73.0,False,24
395.761613131,bfi,C01,AP01,-58.0,False,54
395.779892921,beacon,AP01,broadcast,-72.0,False,6
395.882304907,beacon,AP01,broadcast,-71.0,False,6
395.984692097,beacon,AP01,broadcast,-71.0,False,6
396.087100983,beacon,AP01,broadcast,-72.0,False,6
396.189506054,beacon,AP01,broadcast,-71.0,False,6
396.291894913,beacon,AP01,broadcast,-72.0,False,6
396.394307137,beacon,AP01,broadcast,-71.0,False,6
396.496670961,beacon,AP01,broadcast,-71.0,False,6
396.598972082,beacon,AP01,broadcast,-71.0,False,6
396.701416969,beacon,AP01,broadcast,-72.0,False,6
396.803889990,beacon,AP01,broadcast,-72.0,False,6
396.906279087,beacon,AP01,broadcast,-72.0,False,6
397.008665085,beacon,AP01,broadcast,-72.0,False,6
397.093811035,ndpa,AP01,C01,-73.0,False,24
397.093912125,bfi,C01,AP01,-59.0,False,54
397.111136913,beacon,AP01,broadcast,-72.0,False,6
397.213515043,beacon,AP01,broadcast,-72.0,False,6
397.315808058,beacon,AP01,broadcast,-71.0,False,6
397.418292046,beacon,AP01,broadcast,-71.0,False,6
397.520653009,beacon,AP01,broadcast,-72.0,False,6
397.623125076,beacon,AP01,broadcast,-72.0,False,6
397.725512028,beacon,AP01,broadcast,-72.0,False,6
397.827893019,beacon,AP01,broadcast,-72.0,False,6
397.930227041,beacon,AP01,broadcast,-72.0,False,6
398.032711983,beacon,AP01,broadcast,-72.0,False,6
398.135116100,beacon,AP01,broadcast,-72.0,False,6
398.237512112,beacon,AP01,broadcast,-71.0,False,6
398.339925051,beacon,AP01,broadcast,-72.0,False,6
398.430139065,ndpa,AP01,C01,-72.0,False,24
398.430151939,bfi,C01,AP01,-59.0,False,54
398.442323923,beacon,AP01,broadcast,-72.0,False,6
398.544727087,beacon,AP01,broadcast,-72.0,False,6
398.647150993,beacon,AP01,broadcast,-72.0,False,6
398.749439955,beacon,AP01,broadcast,-72.0,False,6
398.851814985,beacon,AP01,broadcast,-72.0,False,6
398.954195023,beacon,AP01,broadcast,-71.0,False,6
399.056637049,beacon,AP01,broadcast,-72.0,False,6
399.159049988,beacon,AP01,broadcast,-72.0,False,6
399.261460066,beacon,AP01,broadcast,-72.0,False,6
399.363856077,beacon,AP01,broadcast,-72.0,False,6
399.466243029,beacon,AP01,broadcast,-71.0,False,6
399.568639994,beacon,AP01,broadcast,-72.0,False,6
399.671041965,beacon,AP01,broadcast,-72.0,False,6
399.761800051,ndpa,AP01,C01,-72.0,False,24
399.761920929,bfi,C01,AP01,-59.0,False,54
399.773419142,beacon,AP01,broadcast,-71.0,False,6
399.878642082,beacon,AP01,broadcast,-72.0,False,6
399.978234053,beacon,AP01,broadcast,-72.0,False,6
400.099679947,beacon,AP01,broadcast,-72.0,False,6
400.183073997,beacon,AP01,broadcast,-72.0,False,6
400.285485983,beacon,AP01,broadcast,-71.0,False,6
400.387897968,beacon,AP01,broadcast,-72.0,False,6
400.490282059,beacon,AP01,broadcast,-72.0,False,6
400.592627048,beacon,AP01,broadcast,-72.0,False,6
400.695086002,beacon,AP01,broadcast,-72.0,False,6
400.797451973,beacon,AP01,broadcast,-71.0,False,6
400.899893045,beacon,AP01,broadcast,-72.0,False,6
401.002239943,beacon,AP01,broadcast,-72.0,False,6
401.094152927,ndpa,AP01,C01,-73.0,False,24
401.094232082,bfi,C01,AP01,-59.0,False,54
401.104686975,beacon,AP01,broadcast,-72.0,False,6
401.207088947,beacon,AP01,broadcast,-72.0,False,6
401.309551001,beacon,AP01,broadcast,-72.0,False,6
401.411943913,beacon,AP01,broadcast,-72.0,False,6
401.514357090,beacon,AP01,broadcast,-72.0,False,6
401.616763115,beacon,AP01,broadcast,-72.0,False,6
401.719172001,beacon,AP01,broadcast,-72.0,False,6
401.821550131,beacon,AP01,broadcast,-72.0,False,6
401.923845053,beacon,AP01,broadcast,-72.0,False,6
402.026356936,beacon,AP01,broadcast,-72.0,False,6
402.128741026,beacon,AP01,broadcast,-71.0,False,6
402.231096029,beacon,AP01,broadcast,-71.0,False,6
402.333590031,beacon,AP01,broadcast,-71.0,False,6
402.429408073,ndpa,AP01,C01,-72.0,False,24
402.429466963,bfi,C01,AP01,-59.0,False,54
402.435863972,beacon,AP01,broadcast,-71.0,False,6
402.538386106,beacon,AP01,broadcast,-71.0,False,6
402.640769005,beacon,AP01,broadcast,-72.0,False,6
402.743201971,beacon,AP01,broadcast,-72.0,False,6
402.845559120,beacon,AP01,broadcast,-72.0,False,6
402.947890997,beacon,AP01,broadcast,-72.0,False,6
403.050354004,beacon,AP01,broadcast,-72.0,False,6
403.152787924,beacon,AP01,broadcast,-71.0,False,6
403.255166054,beacon,AP01,broadcast,-72.0,False,6
403.357558012,beacon,AP01,broadcast,-72.0,False,6
403.459978104,beacon,AP01,broadcast,-72.0,False,6
403.562372923,beacon,AP01,broadcast,-72.0,False,6
403.664708138,beacon,AP01,broadcast,-72.0,False,6
403.761260986,ndpa,AP01,C01,-73.0,False,24
403.761320114,bfi,C01,AP01,-59.0,False,54
403.767127991,beacon,AP01,broadcast,-72.0,False,6
403.869585037,beacon,AP01,broadcast,-72.0,False,6
403.971950054,beacon,AP01,broadcast,-71.0,False,6
404.074295998,beacon,AP01,broadcast,-71.0,False,6
404.176791906,beacon,AP01,broadcast,-71.0,False,6
404.279168129,beacon,AP01,broadcast,-71.0,False,6
404.381603956,beacon,AP01,broadcast,-71.0,False,6
404.483988047,beacon,AP01,broadcast,-71.0,False,6
404.586347103,beacon,AP01,broadcast,-71.0,False,6
404.688782930,beacon,AP01,broadcast,-71.0,False,6
404.791127920,beacon,AP01,broadcast,-71.0,False,6
404.898853064,beacon,AP01,broadcast,-71.0,False,6
404.995918036,beacon,AP01,broadcast,-71.0,False,6
405.119858980,beacon,AP01,broadcast,-72.0,False,6
405.119866133,ndpa,AP01,C01,-72.0,False,24
405.119987965,bfi,C01,AP01,-58.0,False,54
405.200814009,beacon,AP01,broadcast,-72.0,False,6
405.303203106,beacon,AP01,broadcast,-72.0,False,6
405.405594110,beacon,AP01,broadcast,-72.0,False,6
405.508018970,beacon,AP01,broadcast,-72.0,False,6
405.610374928,beacon,AP01,broadcast,-72.0,False,6
405.712805986,beacon,AP01,broadcast,-72.0,False,6
405.815171003,beacon,AP01,broadcast,-72.0,False,6
405.917594910,beacon,AP01,broadcast,-72.0,False,6
406.019954920,beacon,AP01,broadcast,-72.0,False,6
406.122395039,beacon,AP01,broadcast,-72.0,False,6
406.224775076,beacon,AP01,broadcast,-72.0,False,6
406.327140093,beacon,AP01,broadcast,-72.0,False,6
406.429606915,beacon,AP01,broadcast,-72.0,False,6
406.429817915,ndpa,AP01,C01,-73.0,False,24
406.429939985,bfi,C01,AP01,-58.0,False,54
406.531917095,beacon,AP01,broadcast,-72.0,False,6
406.634308100,beacon,AP01,broadcast,-72.0,False,6
406.736701012,beacon,AP01,broadcast,-72.0,False,6
406.839138985,beacon,AP01,broadcast,-72.0,False,6
406.941483021,beacon,AP01,broadcast,-72.0,False,6
407.043918133,beacon,AP01,broadcast,-72.0,False,6
407.146274090,beacon,AP01,broadcast,-71.0,False,6
407.248745918,beacon,AP01,broadcast,-72.0,False,6
407.351122141,beacon,AP01,broadcast,-72.0,False,6
407.453534126,beacon,AP01,broadcast,-72.0,False,6
407.555902004,beacon,AP01,broadcast,-71.0,False,6
407.658324003,beacon,AP01,broadcast,-72.0,False,6
407.760729074,beacon,AP01,broadcast,-72.0,False,6
407.761861086,ndpa,AP01,C01,-73.0,False,24
407.761986971,bfi,C01,AP01,-58.0,False,54
407.863176107,beacon,AP01,broadcast,-72.0,False,6
407.965515137,beacon,AP01,broadcast,-71.0,False,6
408.067912102,beacon,AP01,broadcast,-72.0,False,6
408.170340061,beacon,AP01,broadcast,-71.0,False,6
408.272745132,beacon,AP01,broadcast,-71.0,False,6
408.375117064,beacon,AP01,broadcast,-71.0,False,6
408.477531910,beacon,AP01,broadcast,-71.0,False,6
408.579920053,beacon,AP01,broadcast,-71.0,False,6
408.682343006,beacon,AP01,broadcast,-71.0,False,6
408.784722090,beacon,AP01,broadcast,-71.0,False,6
408.887150049,beacon,AP01,broadcast,-71.0,False,6
408.989540100,beacon,AP01,broadcast,-72.0,False,6
409.091898918,beacon,AP01,broadcast,-72.0,False,6
409.094449043,ndpa,AP01,C01,-73.0,False,24
409.094515085,bfi,C01,AP01,-59.0,False,54
409.194397926,beacon,AP01,broadcast,-72.0,False,6
409.296765089,beacon,AP01,broadcast,-72.0,False,6
409.399195910,beacon,AP01,broadcast,-71.0,False,6
409.501603127,beacon,AP01,broadcast,-71.0,False,6
409.604032040,beacon,AP01,broadcast,-71.0,False,6
409.706574917,beacon,AP01,broadcast,-72.0,False,6
409.808840990,beacon,AP01,broadcast,-71.0,False,6
409.918875933,beacon,AP01,broadcast,-71.0,False,6
410.013624907,beacon,AP01,broadcast,-72.0,False,6
410.218363047,beacon,AP01,broadcast,-72.0,False,6
410.320862055,beacon,AP01,broadcast,-72.0,False,6
410.423231125,beacon,AP01,broadcast,-72.0,False,6
410.430302143,ndpa,AP01,C01,-73.0,False,24
410.430385113,bfi,C01,AP01,-59.0,False,54
410.525649071,beacon,AP01,broadcast,-72.0,False,6
410.628071070,beacon,AP01,broadcast,-71.0,False,6
410.730423927,beacon,AP01,broadcast,-71.0,False,6
410.832823992,beacon,AP01,broadcast,-72.0,False,6
410.935231924,beacon,AP01,broadcast,-72.0,False,6
411.037637949,beacon,AP01,broadcast,-72.0,False,6
411.140026093,beacon,AP01,broadcast,-72.0,False,6
411.242438078,beacon,AP01,broadcast,-72.0,False,6
411.344867945,beacon,AP01,broadcast,-71.0,False,6
411.447231054,beacon,AP01,broadcast,-72.0,False,6
411.549686909,beacon,AP01,broadcast,-71.0,False,6
411.652086020,beacon,AP01,broadcast,-71.0,False,6
411.754456043,beacon,AP01,broadcast,-72.0,False,6
411.762197018,ndpa,AP01,C01,-73.0,False,24
411.762277126,bfi,C01,AP01,-59.0,False,54
411.856885910,beacon,AP01,broadcast,-72.0,False,6
411.959183931,beacon,AP01,broadcast,-72.0,False,6
412.061586142,beacon,AP01,broadcast,-71.0,False,6
412.164041996,beacon,AP01,broadcast,-71.0,False,6
412.266470909,beacon,AP01,broadcast,-71.0,False,6
412.368874073,beacon,AP01,broadcast,-72.0,False,6
412.471152067,beacon,AP01,broadcast,-72.0,False,6
412.573650122,beacon,AP01,broadcast,-72.0,False,6
412.676052094,beacon,AP01,broadcast,-72.0,False,6
412.778383017,beacon,AP01,broadcast,-72.0,False,6
412.880906105,beacon,AP01,broadcast,-72.0,False,6
412.983272076,beacon,AP01,broadcast,-72.0,False,6
413.085662127,beacon,AP01,broadcast,-72.0,False,6
413.093858957,ndpa,AP01,C01,-73.0,False,24
413.093878031,bfi,C01,AP01,-59.0,False,54
413.188055992,beacon,AP01,broadcast,-72.0,False,6
413.290373087,beacon,AP01,broadcast,-72.0,False,6
413.392889023,beacon,AP01,broadcast,-72.0,False,6
413.495242119,beacon,AP01,broadcast,-72.0,False,6
413.597675085,beacon,AP01,broadcast,-72.0,False,6
413.700066090,beacon,AP01,broadcast,-72.0,False,6
413.802467108,beacon,AP01,broadcast,-72.0,False,6
413.904845953,beacon,AP01,broadcast,-72.0,False,6
414.007313013,beacon,AP01,broadcast,-71.0,False,6
414.109570026,beacon,AP01,broadcast,-71.0,False,6
414.211970091,beacon,AP01,broadcast,-71.0,False,6
414.314414024,beacon,AP01,broadcast,-71.0,False,6
414.416795969,beacon,AP01,broadcast,-71.0,False,6
414.430130959,ndpa,AP01,C01,-73.0,False,24
414.430191994,bfi,C01,AP01,-58.0,False,54
414.519165039,beacon,AP01,broadcast,-72.0,False,6
414.621607065,beacon,AP01,broadcast,-71.0,False,6
414.724003077,beacon,AP01,broadcast,-71.0,False,6
414.826407909,beacon,AP01,broadcast,-72.0,False,6
414.938055992,beacon,AP01,broadcast,-71.0,False,6
415.031157017,beacon,AP01,broadcast,-72.0,False,6
415.158927917,beacon,AP01,broadcast,-72.0,False,6
415.235996962,beacon,AP01,broadcast,-72.0,False,6
415.338398933,beacon,AP01,broadcast,-72.0,False,6
415.440761089,beacon,AP01,broadcast,-72.0,False,6
415.543196917,beacon,AP01,broadcast,-72.0,False,6
415.645580053,beacon,AP01,broadcast,-72.0,False,6
415.748018980,beacon,AP01,broadcast,-72.0,False,6
415.761492968,ndpa,AP01,C01,-73.0,False,24
415.761606932,bfi,C01,AP01,-58.0,False,54
415.850395918,beacon,AP01,broadcast,-72.0,False,6
415.952817917,beacon,AP01,broadcast,-72.0,False,6
416.055194139,beacon,AP01,broadcast,-71.0,False,6
416.157581091,beacon,AP01,broadcast,-72.0,False,6
416.259985924,beacon,AP01,broadcast,-71.0,False,6
416.362406969,beacon,AP01,broadcast,-71.0,False,6
416.464805126,beacon,AP01,broadcast,-72.0,False,6
416.567176104,beacon,AP01,broadcast,-72.0,False,6
416.669601917,beacon,AP01,broadcast,-72.0,False,6
416.772011995,beacon,AP01,broadcast,-72.0,False,6
416.874530077,beacon,AP01,broadcast,-71.0,False,6
416.976920128,beacon,AP01,broadcast,-72.0,False,6
417.079195976,beacon,AP01,broadcast,-72.0,False,6
417.093688965,ndpa,AP01,C01,-72.0,False,24
417.093785048,bfi,C01,AP01,-59.0,False,54
417.181679964,beacon,AP01,broadcast,-72.0,False,6
417.284097910,beacon,AP01,broadcast,-72.0,False,6
417.386425972,beacon,AP01,broadcast,-72.0,False,6
417.488893032,beacon,AP01,broadcast,-72.0,False,6
417.591295004,beacon,AP01,broadcast,-71.0,False,6
417.693697929,beacon,AP01,broadcast,-72.0,False,6
417.796107054,beacon,AP01,broadcast,-72.0,False,6
417.898540974,beacon,AP01,broadcast,-72.0,False,6
418.000903130,beacon,AP01,broadcast,-71.0,False,6
418.103302956,beacon,AP01,broadcast,-72.0,False,6
418.205723047,beacon,AP01,broadcast,-72.0,False,6
418.308116913,beacon,AP01,broadcast,-72.0,False,6
418.410519123,beacon,AP01,broadcast,-71.0,False,6
418.429667950,ndpa,AP01,C01,-73.0,False,24
418.429749012,bfi,C01,AP01,-59.0,False,54
418.512965918,beacon,AP01,broadcast,-71.0,False,6
418.615231037,beacon,AP01,broadcast,-71.0,False,6
418.717741013,beacon,AP01,broadcast,-71.0,False,6
418.820136070,beacon,AP01,broadcast,-71.0,False,6
418.922527075,beacon,AP01,broadcast,-72.0,False,6
419.024948120,beacon,AP01,broadcast,-71.0,False,6
419.127269030,beacon,AP01,broadcast,-72.0,False,6
419.229743958,beacon,AP01,broadcast,-72.0,False,6
419.332129955,beacon,AP01,broadcast,-72.0,False,6
419.434417963,beacon,AP01,broadcast,-71.0,False,6
419.536947012,beacon,AP01,broadcast,-72.0,False,6
419.639305115,beacon,AP01,broadcast,-72.0,False,6
419.741719007,beacon,AP01,broadcast,-72.0,False,6
419.761908054,ndpa,AP01,C01,-72.0,False,24
419.761945963,bfi,C01,AP01,-59.0,False,54
419.844149113,beacon,AP01,broadcast,-71.0,False,6
