t_rel_s,client,ap,direction,format,Nr,Nc,Ng,bandwidth_mhz,feedback,codebook,bits_psi,subcarriers,series_id,bits_phi,rssi_dbm,psi_0000_rad,psi_0001_rad,psi_0002_rad,psi_0003_rad,psi_0004_rad,psi_0005_rad,psi_0006_rad,psi_0007_rad,psi_0008_rad,psi_0009_rad,psi_0010_rad,psi_0011_rad,psi_0012_rad,psi_0013_rad,psi_0014_rad,psi_0015_rad,psi_0016_rad,psi_0017_rad,psi_0018_rad,psi_0019_rad,psi_0020_rad,psi_0021_rad,psi_0022_rad,psi_0023_rad,psi_0024_rad,psi_0025_rad,psi_0026_rad,psi_0027_rad,psi_0028_rad,psi_0029_rad,psi_0030_rad,psi_0031_rad,psi_0032_rad,psi_0033_rad,psi_0034_rad,psi_0035_rad,psi_0036_rad,psi_0037_rad,psi_0038_rad,psi_0039_rad,psi_0040_rad,psi_0041_rad,psi_0042_rad,psi_0043_rad,psi_0044_rad,psi_0045_rad,psi_0046_rad,psi_0047_rad,psi_0048_rad,psi_0049_rad,psi_0050_rad,psi_0051_rad,psi_0052_rad,psi_0053_rad,psi_0054_rad,psi_0055_rad,psi_0056_rad,psi_0057_rad,psi_0058_rad,psi_0059_rad,psi_0060_rad,psi_0061_rad,psi_0062_rad,psi_0063_rad,psi_0064_rad,psi_0065_rad,psi_0066_rad,psi_0067_rad,psi_0068_rad,psi_0069_rad,psi_0070_rad,psi_0071_rad,psi_0072_rad,psi_0073_rad,psi_0074_rad,psi_0075_rad,psi_0076_rad,psi_0077_rad,psi_0078_rad,psi_0079_rad,psi_0080_rad,psi_0081_rad,psi_0082_rad,psi_0083_rad,psi_0084_rad,psi_0085_rad,psi_0086_rad,psi_0087_rad,psi_0088_rad,psi_0089_rad,psi_0090_rad,psi_0091_rad,psi_0092_rad,psi_0093_rad,psi_0094_rad,psi_0095_rad,psi_0096_rad,psi_0097_rad,psi_0098_rad,psi_0099_rad,psi_0100_rad,psi_0101_rad,psi_0102_rad,psi_0103_rad,psi_0104_rad,psi_0105_rad,psi_0106_rad,psi_0107_rad,psi_0108_rad,psi_0109_rad,psi_0110_rad,psi_0111_rad,psi_0112_rad,psi_0113_rad,psi_0114_rad,psi_0115_rad,psi_0116_rad,psi_0117_rad,psi_0118_rad,psi_0119_rad,psi_0120_rad,psi_0121_rad,phi_0000_rad,phi_0001_rad,phi_0002_rad,phi_0003_rad,phi_0004_rad,phi_0005_rad,phi_0006_rad,phi_0007_rad,phi_0008_rad,phi_0009_rad,phi_0010_rad,phi_0011_rad,phi_0012_rad,phi_0013_rad,phi_0014_rad,phi_0015_rad,phi_0016_rad,phi_0017_rad,phi_0018_rad,phi_0019_rad,phi_0020_rad,phi_0021_rad,phi_0022_rad,phi_0023_rad,phi_0024_rad,phi_0025_rad,phi_0026_rad,phi_0027_rad,phi_0028_rad,phi_0029_rad,phi_0030_rad,phi_0031_rad,phi_0032_rad,phi_0033_rad,phi_0034_rad,phi_0035_rad,phi_0036_rad,phi_0037_rad,phi_0038_rad,phi_0039_rad,phi_0040_rad,phi_0041_rad,phi_0042_rad,phi_0043_rad,phi_0044_rad,phi_0045_rad,phi_0046_rad,phi_0047_rad,phi_0048_rad,phi_0049_rad,phi_0050_rad,phi_0051_rad,phi_0052_rad,phi_0053_rad,phi_0054_rad,phi_0055_rad,phi_0056_rad,phi_0057_rad,phi_0058_rad,phi_0059_rad,phi_0060_rad,phi_0061_rad,phi_0062_rad,phi_0063_rad,phi_0064_rad,phi_0065_rad,phi_0066_rad,phi_0067_rad,phi_0068_rad,phi_0069_rad,phi_0070_rad,phi_0071_rad,phi_0072_rad,phi_0073_rad,phi_0074_rad,phi_0075_rad,phi_0076_rad,phi_0077_rad,phi_0078_rad,phi_0079_rad,phi_0080_rad,phi_0081_rad,phi_0082_rad,phi_0083_rad,phi_0084_rad,phi_0085_rad,phi_0086_rad,phi_0087_rad,phi_0088_rad,phi_0089_rad,phi_0090_rad,phi_0091_rad,phi_0092_rad,phi_0093_rad,phi_0094_rad,phi_0095_rad,phi_0096_rad,phi_0097_rad,phi_0098_rad,phi_0099_rad,phi_0100_rad,phi_0101_rad,phi_0102_rad,phi_0103_rad,phi_0104_rad,phi_0105_rad,phi_0106_rad,phi_0107_rad,phi_0108_rad,phi_0109_rad,phi_0110_rad,phi_0111_rad,phi_0112_rad,phi_0113_rad,phi_0114_rad,phi_0115_rad,phi_0116_rad,phi_0117_rad,phi_0118_rad,phi_0119_rad,phi_0120_rad,phi_0121_rad
1.069990873,C01,AP01,client_to_ap,VHT,2,2,2,80,SU,1,4,122,6637c97e16e6ce8a,6,-68.0,1.12900986,1.12900986,1.12900986,1.12900986,1.12900986,1.12900986,1.12900986,1.12900986,1.12900986,1.12900986,1.12900986,1.12900986,1.12900986,1.12900986,1.12900986,1.12900986,1.12900986,1.12900986,1.12900986,1.12900986,1.12900986,1.12900986,1.22718463,1.22718463,1.22718463,1.22718463,1.22718463,1.22718463,1.22718463,1.22718463,1.22718463,1.22718463,1.22718463,1.22718463,1.22718463,1.22718463,1.22718463,1.22718463,1.22718463,1.22718463,1.22718463,1.22718463,1.22718463,1.12900986,1.12900986,1.12900986,1.12900986,1.12900986,1.12900986,1.12900986,1.12900986,1.12900986,1.12900986,1.03083509,1.12900986,1.12900986,1.03083509,1.03083509,1.03083509,1.03083509,1.03083509,1.03083509,1.03083509,1.03083509,1.03083509,1.03083509,1.03083509,1.03083509,1.03083509,1.03083509,1.03083509,1.03083509,1.03083509,1.03083509,1.03083509,1.03083509,0.932660319,0.932660319,0.932660319,0.932660319,0.932660319,0.932660319,0.932660319,0.834485549,0.834485549,0.834485549,0.834485549,0.834485549,0.736310778,0.736310778,0.736310778,0.736310778,0.638136008,0.638136008,0.638136008,0.638136008,0.638136008,0.638136008,0.638136008,0.638136008,0.638136008,0.638136008,0.736310778,0.638136008,0.736310778,0.736310778,0.736310778,0.736310778,0.736310778,0.736310778,0.736310778,0.834485549,0.834485549,0.834485549,0.834485549,0.834485549,0.834485549,0.834485549,0.834485549,0.834485549,0.834485549,0.834485549,3.87790343,3.87790343,3.9760782,3.9760782,3.9760782,3.9760782,3.9760782,3.9760782,3.9760782,3.9760782,4.07425297,4.07425297,4.07425297,4.07425297,4.07425297,4.07425297,4.07425297,4.07425297,4.07425297,4.07425297,4.17242774,4.07425297,4.07425297,4.07425297,4.07425297,4.07425297,4.07425297,4.07425297,4.07425297,3.9760782,3.9760782,3.9760782,3.9760782,3.87790343,3.87790343,3.87790343,3.87790343,3.77972866,3.77972866,3.77972866,3.77972866,3.68155389,3.68155389,3.68155389,3.68155389,3.68155389,3.58337912,3.58337912,3.68155389,3.58337912,3.58337912,3.68155389,3.68155389,3.58337912,3.68155389,3.68155389,3.68155389,3.68155389,3.68155389,3.68155389,3.68155389,3.68155389,3.68155389,3.68155389,3.77972866,3.68155389,3.68155389,3.68155389,3.77972866,3.77972866,3.77972866,3.68155389,3.77972866,3.68155389,3.68155389,3.68155389,3.77972866,3.68155389,3.68155389,3.68155389,3.68155389,3.68155389,3.68155389,3.68155389,3.58337912,3.68155389,3.68155389,3.68155389,3.68155389,3.68155389,3.68155389,3.77972866,3.77972866,3.77972866,3.87790343,3.87790343,4.07425297,4.07425297,4.17242774,4.27060251,4.36877728,4.36877728,4.46695205,4.46695205,4.56512682,4.56512682,4.6633016,4.6633016,4.6633016,4.6633016,4.76147637,4.6633016,4.6633016,4.76147637,4.76147637,4.76147637,4.76147637,4.76147637,4.76147637,4.76147637,4.76147637,4.6633016
2.403038979,C01,AP01,client_to_ap,VHT,2,2,2,80,SU,1,4,122,6637c97e16e6ce8a,6,-68.0,1.12900986,1.12900986,1.12900986,1.12900986,1.12900986,1.12900986,1.12900986,1.12900986,1.12900986,1.12900986,1.12900986,1.12900986,1.12900986,1.12900986,1.12900986,1.12900986,1.12900986,1.12900986,1.12900986,1.12900986,1.12900986,1.12900986,1.12900986,1.22718463,1.22718463,1.22718463,1.22718463,1.22718463,1.22718463,1.22718463,1.22718463,1.22718463,1.22718463,1.22718463,1.22718463,1.22718463,1.22718463,1.22718463,1.22718463,1.22718463,1.22718463,1.22718463,1.12900986,1.12900986,1.12900986,1.12900986,1.12900986,1.12900986,1.12900986,1.12900986,1.12900986,1.12900986,1.12900986,1.12900986,1.03083509,1.03083509,1.03083509,1.03083509,1.03083509,1.03083509,1.03083509,1.03083509,1.03083509,1.03083509,1.03083509,1.03083509,1.03083509,1.03083509,1.03083509,1.03083509,1.03083509,1.03083509,1.03083509,1.03083509,1.03083509,1.03083509,0.932660319,0.932660319,0.932660319,0.932660319,0.932660319,0.932660319,0.932660319,0.834485549,0.834485549,0.834485549,0.834485549,0.736310778,0.736310778,0.736310778,0.736310778,0.736310778,0.736310778,0.638136008,0.638136008,0.638136008,0.638136008,0.638136008,0.638136008,0.638136008,0.638136008,0.638136008,0.638136008,0.638136008,0.736310778,0.736310778,0.736310778,0.736310778,0.736310778,0.736310778,0.736310778,0.834485549,0.834485549,0.834485549,0.834485549,0.834485549,0.834485549,0.834485549,0.834485549,0.834485549,0.834485549,0.834485549,3.87790343,3.87790343,3.87790343,3.9760782,3.9760782,3.9760782,3.9760782,3.9760782,3.9760782,3.9760782,3.9760782,4.07425297,4.07425297,4.07425297,4.07425297,4.07425297,4.17242774,4.07425297,4.07425297,4.07425297,4.07425297,4.17242774,4.07425297,4.17242774,4.07425297,4.07425297,4.07425297,4.07425297,4.07425297,4.07425297,3.9760782,3.9760782,3.9760782,3.9760782,3.9760782,3.87790343,3.87790343,3.87790343,3.77972866,3.77972866,3.77972866,3.77972866,3.68155389,3.68155389,3.68155389,3.68155389,3.68155389,3.68155389,3.68155389,3.68155389,3.68155389,3.68155389,3.68155389,3.68155389,3.68155389,3.68155389,3.68155389,3.68155389,3.68155389,3.68155389,3.68155389,3.77972866,3.77972866,3.77972866,3.77972866,3.77972866,3.77972866,3.77972866,3.77972866,3.77972866,3.77972866,3.77972866,3.77972866,3.68155389,3.68155389,3.68155389,3.68155389,3.68155389,3.68155389,3.77972866,3.68155389,3.68155389,3.68155389,3.68155389,3.68155389,3.68155389,3.68155389,3.68155389,3.68155389,3.77972866,3.77972866,3.77972866,3.77972866,3.87790343,3.87790343,4.07425297,4.07425297,4.17242774,4.27060251,4.27060251,4.27060251,4.36877728,4.46695205,4.56512682,4.56512682,4.56512682,4.6633016,4.56512682,4.6633016,4.6633016,4.76147637,4.76147637,4.76147637,4.76147637,4.76147637,4.76147637,4.76147637,4.76147637,4.76147637,4.76147637,4.76147637,4.76147637
3.738704920,C01,AP01,client_to_ap,VHT,2,2,2,80,SU,1,4,122,6637c97e16e6ce8a,6,-68.0,1.12900986,1.12900986,1.12900986,1.12900986,1.12900986,1.12900986,1.12900986,1.12900986,1.12900986,1.12900986,1.12900986,1.12900986,1.12900986,1.12900986,1.12900986,1.12900986,1.12900986,1.12900986,1.12900986,1.12900986,1.12900986,1.12900986,1.22718463,1.22718463,1.22718463,1.22718463,1.22718463,1.22718463,1.22718463,1.22718463,1.22718463,1.22718463,1.22718463,1.22718463,1.22718463,1.22718463,1.22718463,1.22718463,1.22718463,1.22718463,1.22718463,1.12900986,1.22718463,1.12900986,1.12900986,1.12900986,1.12900986,1.12900986,1.12900986,1.12900986,1.12900986,1.12900986,1.12900986,1.12900986,1.03083509,1.03083509,1.03083509,1.03083509,1.03083509,1.03083509,1.03083509,1.03083509,1.03083509,1.03083509,1.03083509,1.03083509,1.03083509,1.03083509,1.03083509,1.03083509,1.03083509,1.03083509,1.03083509,1.03083509,1.03083509,1.03083509,0.932660319,0.932660319,0.932660319,0.932660319,0.932660319,0.932660319,0.932660319,0.834485549,0.834485549,0.834485549,0.834485549,0.834485549,0.736310778,0.736310778,0.736310778,0.736310778,0.736310778,0.638136008,0.638136008,0.638136008,0.638136008,0.638136008,0.638136008,0.638136008,0.638136008,0.638136008,0.638136008,0.736310778,0.638136008,0.736310778,0.736310778,0.736310778,0.736310778,0.736310778,0.736310778,0.736310778,0.736310778,0.834485549,0.834485549,0.834485549,0.834485549,0.834485549,0.834485549,0.834485549,0.834485549,0.932660319,3.9760782,3.87790343,3.9760782,3.9760782,3.9760782,3.9760782,3.9760782,3.9760782,4.07425297,4.07425297,3.9760782,4.07425297,4.07425297,4.07425297,4.07425297,4.07425297,4.07425297,4.07425297,4.07425297,4.07425297,4.07425297,4.07425297,4.07425297,4.07425297,4.07425297,4.07425297,4.07425297,4.07425297,4.07425297,3.9760782,3.9760782,3.9760782,3.9760782,3.9760782,3.87790343,3.87790343,3.87790343,3.77972866,3.77972866,3.77972866,3.77972866,3.68155389,3.68155389,3.68155389,3.68155389,3.68155389,3.58337912,3.58337912,3.58337912,3.58337912,3.58337912,3.58337912,3.58337912,3.58337912,3.58337912,3.68155389,3.68155389,3.68155389,3.68155389,3.68155389,3.68155389,3.68155389,3.68155389,3.68155389,3.77972866,3.68155389,3.68155389,3.68155389,3.77972866,3.77972866,3.68155389,3.68155389,3.68155389,3.68155389,3.68155389,3.68155389,3.68155389,3.68155389,3.68155389,3.68155389,3.68155389,3.68155389,3.68155389,3.68155389,3.68155389,3.68155389,3.58337912,3.58337912,3.68155389,3.68155389,3.68155389,3.77972866,3.77972866,3.77972866,3.87790343,3.9760782,3.9760782,4.07425297,4.17242774,4.27060251,4.27060251,4.36877728,4.36877728,4.46695205,4.56512682,4.56512682,4.56512682,4.6633016,4.6633016,4.6633016,4.6633016,4.6633016,4.6633016,4.76147637,4.76147637,4.76147637,4.76147637,4.76147637,4.76147637,4.6633016,4.76147637,4.76147637
5.070313931,C01,AP01,client_to_ap,VHT,2,2,2,80,SU,1,4,122,6637c97e16e6ce8a,6,-68.0,1.12900986,1.12900986,1.12900986,1.12900986,1.12900986,1.12900986,1.12900986,1.12900986,1.12900986,1.12900986,1.12900986,1.12900986,1.12900986,1.12900986,1.12900986,1.12900986,1.12900986,1.12900986,1.12900986,1.12900986,1.12900986,1.12900986,1.12900986,1.22718463,1.22718463,1.22718463,1.22718463,1.22718463,1.22718463,1.22718463,1.22718463,1.22718463,1.22718463,1.22718463,1.22718463,1.22718463,1.22718463,1.22718463,1.22718463,1.22718463,1.22718463,1.22718463,1.22718463,1.12900986,1.12900986,1.12900986,1.12900986,1.12900986,1.12900986,1.12900986,1.12900986,1.12900986,1.12900986,1.03083509,1.12900986,1.03083509,1.03083509,1.03083509,1.03083509,1.03083509,1.03083509,1.03083509,1.03083509,1.03083509,1.03083509,1.03083509,1.03083509,1.03083509,1.03083509,1.03083509,1.03083509,1.03083509,1.03083509,1.03083509,1.03083509,1.03083509,0.932660319,0.932660319,0.932660319,0.932660319,0.932660319,0.834485549,0.932660319,0.834485549,0.834485549,0.834485549,0.834485549,0.834485549,0.736310778,0.736310778,0.736310778,0.736310778,0.736310778,0.638136008,0.638136008,0.638136008,0.638136008,0.638136008,0.638136008,0.638136008,0.638136008,0.638136008,0.736310778,0.736310778,0.736310778,0.736310778,0.736310778,0.736310778,0.736310778,0.736310778,0.736310778,0.736310778,0.736310778,0.834485549,0.834485549,0.834485549,0.834485549,0.834485549,0.834485549,0.834485549,0.834485549,0.834485549,3.87790343,3.87790343,3.87790343,4.07425297,3.9760782,3.9760782,3.9760782,3.9760782,3.9760782,4.07425297,3.9760782,4.07425297,4.07425297,4.07425297,4.07425297,4.07425297,4.07425297,4.07425297,4.07425297,4.07425297,4.07425297,4.17242774,4.07425297,4.07425297,4.07425297,4.07425297,4.07425297,4.07425297,4.07425297,3.9760782,3.9760782,3.9760782,3.9760782,3.9760782,3.87790343,3.87790343,3.87790343,3.87790343,3.87790343,3.77972866,3.77972866,3.77972866,3.68155389,3.68155389,3.68155389,3.68155389,3.68155389,3.58337912,3.68155389,3.58337912,3.68155389,3.68155389,3.68155389,3.68155389,3.68155389,3.68155389,3.68155389,3.68155389,3.68155389,3.77972866,3.77972866,3.77972866,3.77972866,3.77972866,3.77972866,3.77972866,3.77972866,3.77972866,3.77972866,3.77972866,3.77972866,3.77972866,3.77972866,3.68155389,3.77972866,3.68155389,3.77972866,3.68155389,3.68155389,3.68155389,3.68155389,3.68155389,3.68155389,3.68155389,3.68155389,3.68155389,3.68155389,3.68155389,3.68155389,3.77972866,3.77972866,3.77972866,3.87790343,3.87790343,3.9760782,3.9760782,4.07425297,4.17242774,4.27060251,4.27060251,4.36877728,4.36877728,4.46695205,4.56512682,4.56512682,4.56512682,4.6633016,4.6633016,4.6633016,4.6633016,4.6633016,4.76147637,4.76147637,4.76147637,4.76147637,4.76147637,4.76147637,4.76147637,4.76147637,4.76147637,4.76147637,4.76147637
6.402451038,C01,AP01,client_to_ap,VHT,2,2,2,80,SU,1,4,122,6637c97e16e6ce8a,6,-68.0,1.12900986,1.12900986,1.12900986,1.12900986,1.12900986,1.12900986,1.12900986,1.12900986,1.12900986,1.12900986,1.12900986,1.12900986,1.12900986,1.12900986,1.12900986,1.12900986,1.12900986,1.12900986,1.12900986,1.12900986,1.12900986,1.12900986,1.12900986,1.22718463,1.22718463,1.22718463,1.22718463,1.22718463,1.22718463,1.22718463,1.22718463,1.22718463,1.22718463,1.22718463,1.22718463,1.22718463,1.22718463,1.22718463,1.22718463,1.22718463,1.22718463,1.22718463,1.22718463,1.22718463,1.22718463,1.12900986,1.12900986,1.12900986,1.12900986,1.12900986,1.12900986,1.12900986,1.12900986,1.12900986,1.12900986,1.12900986,1.12900986,1.12900986,1.03083509,1.12900986,1.03083509,1.03083509,1.03083509,1.03083509,1.03083509,1.03083509,1.03083509,1.03083509,1.03083509,1.03083509,1.03083509,1.03083509,1.03083509,1.03083509,1.03083509,1.03083509,1.03083509,0.932660319,0.932660319,0.932660319,0.932660319,0.932660319,0.932660319,0.932660319,0.834485549,0.834485549,0.834485549,0.834485549,0.736310778,0.736310778,0.736310778,0.736310778,0.736310778,0.736310778,0.638136008,0.638136008,0.638136008,0.638136008,0.638136008,0.638136008,0.638136008,0.638136008,0.736310778,0.736310778,0.736310778,0.736310778,0.736310778,0.736310778,0.736310778,0.736310778,0.834485549,0.834485549,0.834485549,0.834485549,0.834485549,0.834485549,0.834485549,0.834485549,0.932660319,0.834485549,0.834485549,0.932660319,3.9760782,3.9760782,3.9760782,3.9760782,3.9760782,3.9760782,3.9760782,3.9760782,4.07425297,3.9760782,3.9760782,4.07425297,3.9760782,4.07425297,3.9760782,4.07425297,4.07425297,4.07425297,4.07425297,4.07425297,4.17242774,4.17242774,4.07425297,4.07425297,4.07425297,4.07425297,4.07425297,4.07425297,4.07425297,4.07425297,3.9760782,3.9760782,3.9760782,3.9760782,3.87790343,3.87790343,3.87790343,3.87790343,3.77972866,3.77972866,3.77972866,3.68155389,3.68155389,3.68155389,3.68155389,3.68155389,3.58337912,3.58337912,3.68155389,3.68155389,3.58337912,3.68155389,3.68155389,3.68155389,3.68155389,3.68155389,3.68155389,3.68155389,3.68155389,3.68155389,3.68155389,3.68155389,3.77972866,3.77972866,3.77972866,3.68155389,3.77972866,3.77972866,3.77972866,3.77972866,3.77972866,3.77972866,3.77972866,3.68155389,3.68155389,3.68155389,3.68155389,3.68155389,3.68155389,3.68155389,3.68155389,3.68155389,3.68155389,3.68155389,3.68155389,3.68155389,3.68155389,3.68155389,3.68155389,3.68155389,3.77972866,3.77972866,3.77972866,3.87790343,3.9760782,3.9760782,4.07425297,4.17242774,4.17242774,4.17242774,4.36877728,4.36877728,4.46695205,4.46695205,4.56512682,4.56512682,4.6633016,4.6633016,4.6633016,4.76147637,4.6633016,4.76147637,4.76147637,4.76147637,4.76147637,4.76147637,4.76147637,4.76147637,4.76147637,4.76147637,4.76147637,4.76147637
7.738700867,C01,AP01,client_to_ap,VHT,2,2,2,80,SU,1,4,122,6637c97e16e6ce8a,6,-68.0,1.12900986,1.12900986,1.12900986,1.12900986,1.12900986,1.12900986,1.12900986,1.12900986,1.12900986,1.12900986,1.12900986,1.12900986,1.12900986,1.12900986,1.12900986,1.12900986,1.12900986,1.12900986,1.12900986,1.12900986,1.12900986,1.12900986,1.12900986,1.22718463,1.22718463,1.22718463,1.22718463,1.22718463,1.22718463,1.22718463,1.22718463,1.22718463,1.22718463,1.22718463,1.22718463,1.22718463,1.22718463,1.22718463,1.22718463,1.22718463,1.22718463,1.22718463,1.22718463,1.22718463,1.12900986,1.12900986,1.12900986,1.12900986,1.12900986,1.12900986,1.12900986,1.12900986,1.12900986,1.03083509,1.03083509,1.03083509,1.03083509,1.03083509,1.03083509,1.03083509,1.03083509,1.03083509,1.03083509,1.03083509,1.03083509,1.03083509,1.03083509,1.03083509,1.03083509,1.03083509,1.03083509,1.03083509,1.03083509,1.03083509,1.03083509,1.03083509,0.932660319,0.932660319,0.932660319,0.932660319,0.932660319,0.834485549,0.932660319,0.834485549,0.834485549,0.834485549,0.834485549,0.834485549,0.736310778,0.736310778,0.736310778,0.736310778,0.736310778,0.638136008,0.638136008,0.638136008,0.638136008,0.638136008,0.638136008,0.638136008,0.638136008,0.638136008,0.736310778,0.638136008,0.736310778,0.736310778,0.736310778,0.736310778,0.736310778,0.736310778,0.834485549,0.736310778,0.736310778,0.834485549,0.834485549,0.834485549,0.834485549,0.834485549,0.834485549,0.834485549,0.834485549,0.834485549,3.87790343,3.9760782,3.9760782,3.9760782,3.9760782,3.9760782,3.9760782,3.9760782,4.07425297,3.9760782,3.9760782,4.07425297,4.07425297,4.07425297,4.07425297,4.07425297,4.07425297,4.07425297,4.17242774,4.07425297,4.07425297,4.17242774,4.07425297,4.07425297,4.07425297,4.07425297,4.07425297,4.07425297,4.07425297,3.9760782,3.9760782,3.9760782,3.9760782,3.9760782,3.87790343,3.87790343,3.87790343,3.87790343,3.87790343,3.77972866,3.77972866,3.77972866,3.68155389,3.68155389,3.68155389,3.68155389,3.58337912,3.58337912,3.68155389,3.68155389,3.68155389,3.68155389,3.68155389,3.68155389,3.68155389,3.68155389,3.68155389,3.68155389,3.68155389,3.68155389,3.77972866,3.77972866,3.77972866,3.77972866,3.77972866,3.77972866,3.77972866,3.77972866,3.77972866,3.77972866,3.77972866,3.77972866,3.77972866,3.68155389,3.77972866,3.77972866,3.77972866,3.68155389,3.68155389,3.68155389,3.68155389,3.68155389,3.68155389,3.68155389,3.68155389,3.68155389,3.68155389,3.68155389,3.77972866,3.68155389,3.77972866,3.77972866,3.77972866,3.87790343,3.9760782,3.9760782,4.07425297,4.17242774,4.17242774,4.27060251,4.27060251,4.36877728,4.46695205,4.46695205,4.56512682,4.56512682,4.6633016,4.56512682,4.6633016,4.76147637,4.76147637,4.76147637,4.76147637,4.76147637,4.76147637,4.76147637,4.76147637,4.76147637,4.76147637,4.76147637,4.76147637,4.76147637
9.071438074,C01,AP01,client_to_ap,VHT,2,2,2,80,SU,1,4,122,6637c97e16e6ce8a,6,-68.0,1.12900986,1.12900986,1.12900986,1.12900986,1.12900986,1.12900986,1.12900986,1.12900986,1.12900986,1.12900986,1.12900986,1.12900986,1.12900986,1.12900986,1.12900986,1.12900986,1.12900986,1.12900986,1.12900986,1.12900986,1.12900986,1.12900986,1.22718463,1.12900986,1.22718463,1.22718463,1.22718463,1.22718463,1.22718463,1.22718463,1.22718463,1.22718463,1.22718463,1.22718463,1.22718463,1.22718463,1.22718463,1.22718463,1.22718463,1.22718463,1.22718463,1.22718463,1.12900986,1.12900986,1.12900986,1.12900986,1.12900986,1.12900986,1.12900986,1.12900986,1.12900986,1.12900986,1.12900986,1.12900986,1.12900986,1.03083509,1.03083509,1.03083509,1.03083509,1.03083509,1.03083509,1.03083509,1.03083509,1.03083509,1.03083509,1.03083509,1.03083509,1.03083509,1.03083509,1.03083509,1.03083509,1.03083509,1.03083509,1.03083509,1.03083509,1.03083509,0.932660319,0.932660319,0.932660319,0.932660319,0.932660319,0.932660319,0.834485549,0.834485549,0.834485549,0.834485549,0.834485549,0.834485549,0.736310778,0.736310778,0.736310778,0.736310778,0.638136008,0.638136008,0.638136008,0.638136008,0.638136008,0.638136008,0.638136008,0.638136008,0.638136008,0.638136008,0.736310778,0.736310778,0.736310778,0.736310778,0.736310778,0.736310778,0.736310778,0.736310778,0.834485549,0.736310778,0.834485549,0.834485549,0.834485549,0.834485549,0.834485549,0.834485549,0.834485549,0.834485549,0.834485549,0.932660319,3.87790343,3.87790343,3.9760782,3.9760782,3.9760782,3.9760782,3.9760782,3.9760782,4.07425297,3.9760782,3.9760782,4.07425297,3.9760782,4.07425297,4.07425297,4.07425297,4.07425297,4.07425297,4.07425297,4.07425297,4.17242774,4.07425297,4.17242774,4.07425297,4.07425297,4.07425297,4.07425297,4.07425297,4.07425297,3.9760782,4.07425297,3.9760782,3.9760782,3.9760782,3.87790343,3.87790343,3.87790343,3.87790343,3.87790343,3.77972866,3.77972866,3.68155389,3.68155389,3.68155389,3.68155389,3.68155389,3.68155389,3.58337912,3.68155389,3.68155389,3.68155389,3.68155389,3.68155389,3.68155389,3.68155389,3.68155389,3.77972866,3.68155389,3.68155389,3.68155389,3.77972866,3.77972866,3.77972866,3.77972866,3.77972866,3.77972866,3.77972866,3.77972866,3.77972866,3.77972866,3.77972866,3.77972866,3.77972866,3.68155389,3.77972866,3.77972866,3.77972866,3.68155389,3.68155389,3.68155389,3.68155389,3.68155389,3.68155389,3.68155389,3.68155389,3.68155389,3.68155389,3.77972866,3.68155389,3.77972866,3.77972866,3.77972866,3.77972866,3.87790343,3.9760782,3.9760782,4.07425297,4.07425297,4.27060251,4.27060251,4.36877728,4.36877728,4.46695205,4.46695205,4.56512682,4.56512682,4.6633016,4.6633016,4.6633016,4.76147637,4.6633016,4.6633016,4.76147637,4.76147637,4.76147637,4.76147637,4.76147637,4.76147637,4.76147637,4.76147637,4.76147637,4.76147637
10.402705908,C01,AP01,client_to_ap,VHT,2,2,2,80,SU,1,4,122,6637c97e16e6ce8a,6,-68.0,1.12900986,1.12900986,1.12900986,1.12900986,1.12900986,1.12900986,1.12900986,1.12900986,1.12900986,1.12900986,1.12900986,1.12900986,1.12900986,1.12900986,1.12900986,1.12900986,1.12900986,1.12900986,1.12900986,1.12900986,1.12900986,1.22718463,1.22718463,1.22718463,1.22718463,1.22718463,1.22718463,1.22718463,1.22718463,1.22718463,1.22718463,1.22718463,1.22718463,1.22718463,1.22718463,1.22718463,1.22718463,1.22718463,1.22718463,1.22718463,1.22718463,1.12900986,1.12900986,1.22718463,1.12900986,1.12900986,1.12900986,1.12900986,1.12900986,1.12900986,1.12900986,1.12900986,1.12900986,1.12900986,1.12900986,1.12900986,1.03083509,1.03083509,1.03083509,1.03083509,1.03083509,1.03083509,1.03083509,1.03083509,1.03083509,1.03083509,1.03083509,1.03083509,1.03083509,1.03083509,1.03083509,1.03083509,1.03083509,1.03083509,1.03083509,1.03083509,0.932660319,0.932660319,0.932660319,0.932660319,0.932660319,0.932660319,0.932660319,0.834485549,0.834485549,0.834485549,0.834485549,0.834485549,0.736310778,0.736310778,0.736310778,0.736310778,0.736310778,0.736310778,0.638136008,0.638136008,0.638136008,0.638136008,0.638136008,0.638136008,0.638136008,0.638136008,0.736310778,0.736310778,0.736310778,0.736310778,0.736310778,0.736310778,0.736310778,0.736310778,0.736310778,0.736310778,0.834485549,0.834485549,0.834485549,0.834485549,0.834485549,0.834485549,0.834485549,0.932660319,0.932660319,0.932660319,3.87790343,3.9760782,3.9760782,3.9760782,3.9760782,3.9760782,3.9760782,3.9760782,3.9760782,3.9760782,3.9760782,4.07425297,4.07425297,4.07425297,4.07425297,4.07425297,4.07425297,4.07425297,4.07425297,4.07425297,4.07425297,4.07425297,4.07425297,4.07425297,4.17242774,4.07425297,4.07425297,4.07425297,4.07425297,3.9760782,3.9760782,3.9760782,3.9760782,3.9760782,3.87790343,3.87790343,3.87790343,3.87790343,3.77972866,3.77972866,3.77972866,3.68155389,3.68155389,3.68155389,3.68155389,3.68155389,3.68155389,3.58337912,3.58337912,3.58337912,3.58337912,3.58337912,3.68155389,3.68155389,3.68155389,3.68155389,3.68155389,3.68155389,3.68155389,3.68155389,3.68155389,3.68155389,3.68155389,3.77972866,3.77972866,3.68155389,3.68155389,3.77972866,3.68155389,3.77972866,3.77972866,3.68155389,3.68155389,3.68155389,3.77972866,3.68155389,3.68155389,3.68155389,3.68155389,3.68155389,3.68155389,3.68155389,3.68155389,3.68155389,3.68155389,3.58337912,3.68155389,3.68155389,3.68155389,3.68155389,3.77972866,3.77972866,3.77972866,3.77972866,3.87790343,3.9760782,3.9760782,4.07425297,4.17242774,4.17242774,4.27060251,4.36877728,4.46695205,4.46695205,4.56512682,4.56512682,4.56512682,4.6633016,4.6633016,4.6633016,4.76147637,4.76147637,4.76147637,4.76147637,4.76147637,4.76147637,4.76147637,4.76147637,4.76147637,4.76147637,4.76147637,4.76147637
11.738903999,C01,AP01,client_to_ap,VHT,2,2,2,80,SU,1,4,122,6637c97e16e6ce8a,6,-68.0,1.12900986,1.12900986,1.12900986,1.12900986,1.12900986,1.12900986,1.12900986,1.12900986,1.12900986,1.12900986,1.12900986,1.12900986,1.12900986,1.12900986,1.12900986,1.12900986,1.12900986,1.12900986,1.12900986,1.12900986,1.12900986,1.12900986,1.22718463,1.22718463,1.22718463,1.22718463,1.22718463,1.22718463,1.22718463,1.22718463,1.22718463,1.22718463,1.22718463,1.22718463,1.22718463,1.22718463,1.22718463,1.22718463,1.22718463,1.22718463,1.22718463,1.22718463,1.22718463,1.12900986,1.12900986,1.12900986,1.12900986,1.12900986,1.12900986,1.12900986,1.12900986,1.12900986,1.12900986,1.12900986,1.12900986,1.03083509,1.03083509,1.03083509,1.03083509,1.03083509,1.03083509,1.03083509,1.03083509,1.03083509,1.03083509,1.03083509,1.03083509,1.03083509,1.03083509,1.03083509,1.03083509,1.03083509,1.03083509,1.03083509,1.03083509,1.03083509,0.932660319,1.03083509,0.932660319,0.932660319,0.932660319,0.932660319,0.932660319,0.932660319,0.834485549,0.834485549,0.834485549,0.834485549,0.736310778,0.736310778,0.736310778,0.736310778,0.736310778,0.736310778,0.638136008,0.638136008,0.638136008,0.638136008,0.638136008,0.638136008,0.638136008,0.638136008,0.736310778,0.736310778,0.736310778,0.736310778,0.736310778,0.736310778,0.736310778,0.736310778,0.736310778,0.834485549,0.834485549,0.834485549,0.834485549,0.834485549,0.834485549,0.834485549,0.834485549,0.834485549,0.834485549,0.932660319,3.87790343,3.9760782,3.9760782,3.9760782,3.9760782,3.9760782,3.87790343,3.9760782,4.07425297,3.9760782,3.9760782,4.07425297,4.07425297,4.07425297,4.07425297,4.07425297,4.07425297,4.07425297,4.07425297,4.07425297,4.07425297,4.07425297,4.07425297,4.07425297,4.07425297,4.07425297,4.07425297,4.07425297,4.07425297,3.9760782,3.9760782,3.9760782,3.9760782,3.9760782,3.9760782,3.87790343,3.87790343,3.87790343,3.77972866,3.77972866,3.77972866,3.68155389,3.68155389,3.68155389,3.68155389,3.68155389,3.58337912,3.58337912,3.58337912,3.58337912,3.68155389,3.68155389,3.68155389,3.68155389,3.68155389,3.68155389,3.68155389,3.68155389,3.68155389,3.77972866,3.68155389,3.68155389,3.77972866,3.77972866,3.77972866,3.77972866,3.77972866,3.77972866,3.77972866,3.77972866,3.77972866,3.77972866,3.77972866,3.68155389,3.77972866,3.68155389,3.68155389,3.68155389,3.68155389,3.68155389,3.68155389,3.68155389,3.68155389,3.68155389,3.68155389,3.68155389,3.68155389,3.68155389,3.68155389,3.68155389,3.68155389,3.77972866,3.77972866,3.87790343,3.9760782,3.9760782,4.07425297,4.07425297,4.27060251,4.27060251,4.36877728,4.36877728,4.46695205,4.46695205,4.56512682,4.56512682,4.6633016,4.6633016,4.6633016,4.6633016,4.6633016,4.6633016,4.76147637,4.76147637,4.76147637,4.76147637,4.76147637,4.76147637,4.76147637,4.76147637,4.76147637,4.76147637
13.071066856,C01,AP01,client_to_ap,VHT,2,2,2,80,SU,1,4,122,6637c97e16e6ce8a,6,-68.0,1.12900986,1.12900986,1.12900986,1.12900986,1.12900986,1.12900986,1.12900986,1.12900986,1.12900986,1.12900986,1.12900986,1.12900986,1.12900986,1.12900986,1.12900986,1.12900986,1.12900986,1.12900986,1.12900986,1.12900986,1.12900986,1.12900986,1.12900986,1.12900986,1.22718463,1.22718463,1.22718463,1.22718463,1.22718463,1.22718463,1.22718463,1.22718463,1.22718463,1.22718463,1.22718463,1.22718463,1.22718463,1.22718463,1.22718463,1.22718463,1.22718463,1.12900986,1.12900986,1.12900986,1.12900986,1.12900986,1.12900986,1.12900986,1.12900986,1.12900986,1.12900986,1.12900986,1.12900986,1.12900986,1.03083509,1.12900986,1.03083509,1.03083509,1.03083509,1.03083509,1.03083509,1.03083509,1.03083509,1.03083509,1.03083509,1.03083509,1.03083509,1.03083509,1.03083509,1.03083509,1.03083509,1.03083509,1.03083509,1.03083509,1.03083509,1.03083509,0.932660319,0.932660319,0.932660319,0.932660319,0.932660319,0.932660319,0.834485549,0.834485549,0.834485549,0.834485549,0.834485549,0.736310778,0.736310778,0.736310778,0.736310778,0.736310778,0.736310778,0.736310778,0.638136008,0.638136008,0.638136008,0.638136008,0.638136008,0.638136008,0.638136008,0.638136008,0.736310778,0.736310778,0.736310778,0.736310778,0.736310778,0.736310778,0.736310778,0.736310778,0.834485549,0.834485549,0.834485549,0.834485549,0.834485549,0.834485549,0.834485549,0.834485549,0.834485549,0.834485549,0.834485549,0.932660319,3.87790343,3.9760782,3.87790343,3.9760782,3.9760782,3.9760782,3.9760782,3.9760782,3.9760782,3.9760782,3.9760782,3.9760782,3.9760782,4.07425297,4.07425297,4.07425297,4.07425297,4.07425297,4.07425297,4.07425297,4.07425297,4.17242774,4.07425297,4.07425297,4.07425297,4.07425297,4.07425297,4.07425297,4.07425297,3.9760782,3.9760782,3.9760782,3.9760782,3.9760782,3.87790343,3.87790343,3.87790343,3.87790343,3.77972866,3.77972866,3.77972866,3.68155389,3.68155389,3.77972866,3.68155389,3.58337912,3.68155389,3.68155389,3.68155389,3.68155389,3.68155389,3.58337912,3.68155389,3.68155389,3.68155389,3.68155389,3.68155389,3.68155389,3.68155389,3.77972866,3.77972866,3.77972866,3.77972866,3.77972866,3.77972866,3.77972866,3.77972866,3.77972866,3.77972866,3.77972866,3.77972866,3.77972866,3.77972866,3.77972866,3.77972866,3.77972866,3.68155389,3.68155389,3.68155389,3.68155389,3.68155389,3.68155389,3.68155389,3.68155389,3.68155389,3.68155389,3.68155389,3.68155389,3.68155389,3.68155389,3.77972866,3.77972866,3.77972866,3.87790343,3.87790343,3.9760782,4.07425297,4.07425297,4.27060251,4.27060251,4.36877728,4.36877728,4.46695205,4.46695205,4.56512682,4.56512682,4.6633016,4.6633016,4.76147637,4.76147637,4.76147637,4.6633016,4.76147637,4.76147637,4.76147637,4.76147637,4.76147637,4.76147637,4.76147637,4.76147637,4.76147637,4.76147637
14.402143002,C01,AP01,client_to_ap,VHT,2,2,2,80,SU,1,4,122,6637c97e16e6ce8a,6,-68.0,1.12900986,1.12900986,1.12900986,1.12900986,1.12900986,1.12900986,1.12900986,1.12900986,1.12900986,1.12900986,1.12900986,1.12900986,1.12900986,1.12900986,1.12900986,1.12900986,1.12900986,1.12900986,1.12900986,1.12900986,1.12900986,1.12900986,1.22718463,1.22718463,1.22718463,1.22718463,1.22718463,1.22718463,1.22718463,1.22718463,1.22718463,1.22718463,1.22718463,1.22718463,1.22718463,1.22718463,1.22718463,1.22718463,1.22718463,1.22718463,1.22718463,1.22718463,1.22718463,1.12900986,1.12900986,1.12900986,1.12900986,1.12900986,1.12900986,1.12900986,1.12900986,1.12900986,1.12900986,1.12900986,1.12900986,1.03083509,1.03083509,1.03083509,1.03083509,1.03083509,1.03083509,1.03083509,1.03083509,1.03083509,1.03083509,1.03083509,1.03083509,1.03083509,1.03083509,1.03083509,1.03083509,1.03083509,1.03083509,1.03083509,1.03083509,1.03083509,0.932660319,0.932660319,0.932660319,0.932660319,0.932660319,0.932660319,0.932660319,0.834485549,0.834485549,0.834485549,0.834485549,0.736310778,0.736310778,0.736310778,0.736310778,0.736310778,0.736310778,0.638136008,0.638136008,0.638136008,0.638136008,0.638136008,0.638136008,0.638136008,0.638136008,0.638136008,0.638136008,0.638136008,0.736310778,0.736310778,0.736310778,0.736310778,0.736310778,0.736310778,0.834485549,0.834485549,0.834485549,0.736310778,0.834485549,0.834485549,0.834485549,0.834485549,0.834485549,0.834485549,0.834485549,0.834485549,3.87790343,3.9760782,3.9760782,3.9760782,3.9760782,3.9760782,3.9760782,3.9760782,3.9760782,3.9760782,4.07425297,4.07425297,4.07425297,4.07425297,4.07425297,4.07425297,4.07425297,4.07425297,4.07425297,4.07425297,4.07425297,4.07425297,4.07425297,4.07425297,4.07425297,4.07425297,4.07425297,4.07425297,3.9760782,3.9760782,3.9760782,3.9760782,3.9760782,3.87790343,3.87790343,3.87790343,3.77972866,3.87790343,3.77972866,3.77972866,3.77972866,3.68155389,3.68155389,3.68155389,3.68155389,3.68155389,3.68155389,3.58337912,3.58337912,3.58337912,3.58337912,3.58337912,3.68155389,3.58337912,3.68155389,3.68155389,3.68155389,3.68155389,3.68155389,3.68155389,3.68155389,3.68155389,3.68155389,3.77972866,3.77972866,3.77972866,3.68155389,3.77972866,3.68155389,3.68155389,3.77972866,3.68155389,3.68155389,3.68155389,3.68155389,3.68155389,3.68155389,3.68155389,3.68155389,3.68155389,3.68155389,3.68155389,3.68155389,3.68155389,3.58337912,3.68155389,3.68155389,3.68155389,3.68155389,3.68155389,3.68155389,3.77972866,3.77972866,3.77972866,3.87790343,3.9760782,3.9760782,4.07425297,4.17242774,4.17242774,4.27060251,4.27060251,4.36877728,4.46695205,4.46695205,4.56512682,4.6633016,4.6633016,4.6633016,4.6633016,4.76147637,4.76147637,4.6633016,4.76147637,4.76147637,4.76147637,4.76147637,4.76147637,4.76147637,4.76147637,4.76147637,4.76147637
15.739515066,C01,AP01,client_to_ap,VHT,2,2,2,80,SU,1,4,122,6637c97e16e6ce8a,6,-68.0,1.12900986,1.12900986,1.12900986,1.12900986,1.12900986,1.12900986,1.12900986,1.12900986,1.12900986,1.12900986,1.12900986,1.12900986,1.12900986,1.12900986,1.12900986,1.12900986,1.12900986,1.12900986,1.12900986,1.12900986,1.12900986,1.12900986,1.12900986,1.12900986,1.22718463,1.22718463,1.22718463,1.22718463,1.22718463,1.22718463,1.22718463,1.22718463,1.22718463,1.22718463,1.22718463,1.22718463,1.22718463,1.22718463,1.22718463,1.22718463,1.22718463,1.22718463,1.12900986,1.12900986,1.12900986,1.12900986,1.12900986,1.12900986,1.12900986,1.12900986,1.12900986,1.12900986,1.12900986,1.03083509,1.03083509,1.03083509,1.03083509,1.03083509,1.03083509,1.03083509,1.03083509,1.03083509,1.03083509,1.03083509,1.03083509,1.03083509,1.03083509,1.03083509,1.03083509,1.03083509,1.03083509,1.03083509,1.03083509,1.03083509,1.03083509,0.932660319,0.932660319,0.932660319,0.932660319,0.932660319,0.932660319,0.932660319,0.932660319,0.834485549,0.834485549,0.834485549,0.834485549,0.736310778,0.736310778,0.736310778,0.736310778,0.736310778,0.638136008,0.638136008,0.638136008,0.638136008,0.638136008,0.638136008,0.638136008,0.638136008,0.638136008,0.638136008,0.638136008,0.638136008,0.736310778,0.736310778,0.736310778,0.736310778,0.736310778,0.736310778,0.736310778,0.736310778,0.834485549,0.834485549,0.834485549,0.834485549,0.834485549,0.834485549,0.834485549,0.834485549,0.834485549,0.834485549,3.87790343,3.9760782,3.87790343,3.9760782,3.9760782,3.9760782,3.9760782,3.9760782,4.07425297,3.9760782,4.07425297,3.9760782,3.9760782,4.07425297,4.07425297,4.07425297,4.07425297,4.07425297,4.07425297,4.07425297,4.17242774,4.07425297,4.17242774,4.17242774,4.17242774,4.07425297,4.07425297,4.07425297,4.07425297,3.9760782,3.9760782,3.9760782,3.9760782,3.9760782,3.87790343,3.87790343,3.87790343,3.87790343,3.77972866,3.77972866,3.77972866,3.68155389,3.68155389,3.68155389,3.68155389,3.68155389,3.58337912,3.68155389,3.58337912,3.68155389,3.58337912,3.68155389,3.68155389,3.68155389,3.68155389,3.68155389,3.68155389,3.68155389,3.68155389,3.68155389,3.77972866,3.68155389,3.77972866,3.77972866,3.77972866,3.77972866,3.77972866,3.77972866,3.77972866,3.77972866,3.68155389,3.77972866,3.77972866,3.68155389,3.68155389,3.68155389,3.68155389,3.68155389,3.68155389,3.68155389,3.68155389,3.68155389,3.68155389,3.68155389,3.68155389,3.68155389,3.68155389,3.68155389,3.68155389,3.68155389,3.77972866,3.77972866,3.77972866,3.87790343,3.87790343,3.9760782,3.9760782,4.07425297,4.17242774,4.27060251,4.36877728,4.36877728,4.46695205,4.46695205,4.56512682,4.56512682,4.6633016,4.6633016,4.6633016,4.6633016,4.76147637,4.6633016,4.6633016,4.76147637,4.76147637,4.76147637,4.76147637,4.76147637,4.76147637,4.76147637,4.76147637,4.76147637
17.070683956,C01,AP01,client_to_ap,VHT,2,2,2,80,SU,1,4,122,6637c97e16e6ce8a,6,-68.0,1.12900986,1.12900986,1.12900986,1.12900986,1.12900986,1.12900986,1.12900986,1.12900986,1.12900986,1.12900986,1.12900986,1.12900986,1.12900986,1.12900986,1.12900986,1.12900986,1.12900986,1.12900986,1.12900986,1.12900986,1.12900986,1.12900986,1.12900986,1.22718463,1.22718463,1.22718463,1.22718463,1.22718463,1.22718463,1.22718463,1.22718463,1.22718463,1.22718463,1.22718463,1.22718463,1.22718463,1.22718463,1.22718463,1.22718463,1.22718463,1.22718463,1.22718463,1.22718463,1.12900986,1.12900986,1.12900986,1.12900986,1.12900986,1.12900986,1.12900986,1.12900986,1.12900986,1.12900986,1.12900986,1.03083509,1.03083509,1.03083509,1.03083509,1.03083509,1.03083509,1.03083509,1.03083509,1.03083509,1.03083509,1.03083509,1.03083509,1.03083509,1.03083509,1.03083509,1.03083509,1.03083509,1.03083509,1.03083509,1.03083509,1.03083509,1.03083509,0.932660319,0.932660319,0.932660319,0.932660319,0.932660319,0.932660319,0.932660319,0.932660319,0.834485549,0.834485549,0.834485549,0.834485549,0.736310778,0.736310778,0.736310778,0.736310778,0.736310778,0.736310778,0.638136008,0.638136008,0.638136008,0.638136008,0.638136008,0.638136008,0.638136008,0.638136008,0.638136008,0.736310778,0.736310778,0.736310778,0.736310778,0.736310778,0.736310778,0.736310778,0.736310778,0.834485549,0.834485549,0.834485549,0.834485549,0.834485549,0.834485549,0.834485549,0.834485549,0.834485549,0.834485549,0.834485549,3.87790343,3.9760782,3.9760782,3.9760782,3.9760782,3.9760782,3.9760782,3.9760782,3.9760782,4.07425297,3.9760782,4.07425297,3.9760782,4.07425297,4.07425297,4.07425297,4.07425297,4.07425297,4.07425297,4.07425297,4.07425297,4.07425297,4.07425297,4.07425297,4.07425297,4.07425297,4.07425297,4.07425297,4.07425297,3.9760782,3.9760782,3.9760782,3.9760782,3.9760782,3.87790343,3.87790343,3.87790343,3.77972866,3.77972866,3.77972866,3.77972866,3.68155389,3.68155389,3.68155389,3.68155389,3.68155389,3.58337912,3.58337912,3.58337912,3.68155389,3.58337912,3.58337912,3.68155389,3.68155389,3.68155389,3.68155389,3.68155389,3.68155389,3.68155389,3.68155389,3.77972866,3.68155389,3.68155389,3.77972866,3.77972866,3.68155389,3.77972866,3.77972866,3.77972866,3.77972866,3.77972866,3.77972866,3.68155389,3.68155389,3.68155389,3.68155389,3.68155389,3.68155389,3.68155389,3.68155389,3.68155389,3.68155389,3.68155389,3.68155389,3.68155389,3.68155389,3.68155389,3.68155389,3.68155389,3.68155389,3.68155389,3.77972866,3.77972866,3.77972866,3.87790343,3.9760782,3.9760782,4.07425297,4.17242774,4.27060251,4.36877728,4.36877728,4.46695205,4.46695205,4.56512682,4.56512682,4.6633016,4.6633016,4.6633016,4.6633016,4.76147637,4.76147637,4.6633016,4.76147637,4.76147637,4.76147637,4.76147637,4.76147637,4.76147637,4.76147637,4.76147637,4.76147637
18.415168047,C01,AP01,client_to_ap,VHT,2,2,2,80,SU,1,4,122,6637c97e16e6ce8a,6,-68.0,1.12900986,1.12900986,1.12900986,1.12900986,1.12900986,1.12900986,1.12900986,1.12900986,1.12900986,1.12900986,1.12900986,1.12900986,1.12900986,1.12900986,1.12900986,1.12900986,1.12900986,1.12900986,1.12900986,1.12900986,1.12900986,1.12900986,1.12900986,1.22718463,1.22718463,1.22718463,1.22718463,1.22718463,1.22718463,1.22718463,1.22718463,1.22718463,1.22718463,1.22718463,1.22718463,1.22718463,1.22718463,1.22718463,1.22718463,1.22718463,1.22718463,1.12900986,1.12900986,1.12900986,1.12900986,1.12900986,1.12900986,1.12900986,1.12900986,1.12900986,1.12900986,1.12900986,1.12900986,1.03083509,1.03083509,1.03083509,1.03083509,1.03083509,1.03083509,1.03083509,1.03083509,1.03083509,1.03083509,1.03083509,1.03083509,1.03083509,1.03083509,1.03083509,1.03083509,1.03083509,1.03083509,1.03083509,1.03083509,1.03083509,0.932660319,0.932660319,0.932660319,0.932660319,0.932660319,0.932660319,0.932660319,0.834485549,0.932660319,0.834485549,0.834485549,0.834485549,0.736310778,0.834485549,0.736310778,0.736310778,0.736310778,0.638136008,0.638136008,0.638136008,0.638136008,0.638136008,0.638136008,0.638136008,0.638136008,0.638136008,0.638136008,0.638136008,0.638136008,0.638136008,0.638136008,0.638136008,0.736310778,0.736310778,0.736310778,0.736310778,0.736310778,0.736310778,0.834485549,0.834485549,0.834485549,0.834485549,0.834485549,0.834485549,0.834485549,0.834485549,0.834485549,0.834485549,3.87790343,3.9760782,3.9760782,3.9760782,3.9760782,3.9760782,3.9760782,4.07425297,4.07425297,4.07425297,4.07425297,4.07425297,4.07425297,4.07425297,4.07425297,4.07425297,4.07425297,4.07425297,4.07425297,4.07425297,4.07425297,4.07425297,4.07425297,4.07425297,4.07425297,4.07425297,4.07425297,4.07425297,4.07425297,3.9760782,3.9760782,3.9760782,3.9760782,3.87790343,3.87790343,3.87790343,3.87790343,3.87790343,3.77972866,3.77972866,3.77972866,3.68155389,3.68155389,3.68155389,3.68155389,3.68155389,3.58337912,3.58337912,3.68155389,3.58337912,3.58337912,3.58337912,3.68155389,3.68155389,3.68155389,3.68155389,3.68155389,3.68155389,3.68155389,3.68155389,3.68155389,3.68155389,3.77972866,3.77972866,3.77972866,3.77972866,3.77972866,3.77972866,3.68155389,3.77972866,3.68155389,3.77972866,3.77972866,3.77972866,3.68155389,3.68155389,3.68155389,3.68155389,3.68155389,3.68155389,3.68155389,3.68155389,3.68155389,3.68155389,3.68155389,3.68155389,3.68155389,3.68155389,3.68155389,3.68155389,3.68155389,3.77972866,3.77972866,3.77972866,3.87790343,3.9760782,3.9760782,4.07425297,4.17242774,4.27060251,4.36877728,4.36877728,4.46695205,4.46695205,4.56512682,4.56512682,4.56512682,4.6633016,4.6633016,4.76147637,4.76147637,4.6633016,4.6633016,4.6633016,4.76147637,4.76147637,4.76147637,4.76147637,4.76147637,4.76147637,4.76147637,4.76147637
19.738966942,C01,AP01,client_to_ap,VHT,2,2,2,80,SU,1,4,122,6637c97e16e6ce8a,6,-68.0,1.12900986,1.12900986,1.12900986,1.12900986,1.12900986,1.12900986,1.12900986,1.12900986,1.12900986,1.12900986,1.12900986,1.12900986,1.12900986,1.12900986,1.12900986,1.12900986,1.12900986,1.12900986,1.12900986,1.12900986,1.12900986,1.12900986,1.22718463,1.22718463,1.22718463,1.22718463,1.22718463,1.22718463,1.22718463,1.22718463,1.22718463,1.22718463,1.22718463,1.22718463,1.22718463,1.22718463,1.22718463,1.22718463,1.22718463,1.22718463,1.22718463,1.22718463,1.12900986,1.22718463,1.12900986,1.12900986,1.12900986,1.12900986,1.12900986,1.12900986,1.12900986,1.12900986,1.12900986,1.12900986,1.03083509,1.12900986,1.03083509,1.03083509,1.03083509,1.03083509,1.03083509,1.03083509,1.03083509,1.03083509,1.03083509,1.03083509,1.03083509,1.03083509,1.03083509,1.03083509,1.03083509,1.03083509,1.03083509,1.03083509,1.03083509,1.03083509,0.932660319,0.932660319,0.932660319,0.932660319,0.932660319,0.932660319,0.932660319,0.834485549,0.834485549,0.834485549,0.834485549,0.834485549,0.736310778,0.736310778,0.736310778,0.736310778,0.736310778,0.638136008,0.638136008,0.638136008,0.638136008,0.638136008,0.638136008,0.638136008,0.638136008,0.638136008,0.736310778,0.638136008,0.736310778,0.736310778,0.736310778,0.736310778,0.736310778,0.736310778,0.834485549,0.834485549,0.834485549,0.834485549,0.834485549,0.834485549,0.834485549,0.834485549,0.932660319,0.834485549,0.834485549,0.932660319,3.87790343,3.9760782,3.9760782,3.9760782,3.9760782,3.9760782,3.9760782,3.9760782,4.07425297,3.9760782,3.9760782,4.07425297,4.07425297,4.07425297,4.07425297,4.07425297,4.07425297,4.07425297,4.07425297,4.07425297,4.07425297,4.17242774,4.07425297,4.07425297,4.07425297,4.07425297,4.07425297,4.07425297,4.07425297,4.07425297,4.07425297,3.9760782,3.9760782,3.9760782,3.87790343,3.87790343,3.87790343,3.87790343,3.77972866,3.77972866,3.77972866,3.77972866,3.68155389,3.68155389,3.68155389,3.68155389,3.68155389,3.58337912,3.68155389,3.58337912,3.68155389,3.68155389,3.68155389,3.68155389,3.68155389,3.68155389,3.68155389,3.68155389,3.68155389,3.68155389,3.77972866,3.68155389,3.77972866,3.77972866,3.77972866,3.77972866,3.68155389,3.77972866,3.77972866,3.77972866,3.77972866,3.77972866,3.77972866,3.68155389,3.77972866,3.68155389,3.77972866,3.68155389,3.68155389,3.68155389,3.68155389,3.68155389,3.68155389,3.68155389,3.68155389,3.68155389,3.68155389,3.68155389,3.68155389,3.77972866,3.77972866,3.77972866,3.77972866,3.87790343,3.9760782,3.9760782,4.07425297,4.17242774,4.17242774,4.27060251,4.36877728,4.36877728,4.46695205,4.56512682,4.56512682,4.56512682,4.56512682,4.6633016,4.6633016,4.6633016,4.76147637,4.76147637,4.76147637,4.76147637,4.76147637,4.76147637,4.76147637,4.76147637,4.76147637,4.76147637,4.76147637,4.76147637
21.071215868,C01,AP01,client_to_ap,VHT,2,2,2,80,SU,1,4,122,6637c97e16e6ce8a,6,-68.0,1.12900986,1.12900986,1.12900986,1.12900986,1.12900986,1.12900986,1.12900986,1.12900986,1.12900986,1.12900986,1.12900986,1.12900986,1.12900986,1.12900986,1.12900986,1.12900986,1.12900986,1.12900986,1.12900986,1.12900986,1.12900986,1.12900986,1.12900986,1.22718463,1.22718463,1.22718463,1.22718463,1.22718463,1.22718463,1.22718463,1.22718463,1.22718463,1.22718463,1.22718463,1.22718463,1.22718463,1.22718463,1.22718463,1.22718463,1.22718463,1.22718463,1.22718463,1.12900986,1.12900986,1.12900986,1.12900986,1.12900986,1.12900986,1.12900986,1.12900986,1.12900986,1.12900986,1.12900986,1.12900986,1.12900986,1.12900986,1.03083509,1.03083509,1.03083509,1.03083509,1.03083509,1.03083509,1.03083509,1.03083509,1.03083509,1.03083509,1.03083509,1.03083509,1.03083509,1.03083509,1.03083509,1.03083509,1.03083509,1.03083509,1.03083509,0.932660319,1.03083509,0.932660319,0.932660319,0.932660319,0.932660319,0.932660319,0.932660319,0.834485549,0.834485549,0.834485549,0.834485549,0.736310778,0.736310778,0.736310778,0.736310778,0.736310778,0.736310778,0.638136008,0.638136008,0.638136008,0.638136008,0.638136008,0.638136008,0.638136008,0.638136008,0.638136008,0.736310778,0.736310778,0.736310778,0.736310778,0.736310778,0.736310778,0.736310778,0.736310778,0.834485549,0.736310778,0.834485549,0.834485549,0.834485549,0.834485549,0.834485549,0.834485549,0.834485549,0.834485549,0.932660319,0.932660319,3.87790343,3.87790343,3.9760782,3.9760782,3.9760782,3.9760782,3.9760782,3.9760782,3.9760782,3.9760782,3.9760782,4.07425297,3.9760782,4.07425297,4.07425297,4.07425297,4.07425297,4.07425297,4.07425297,4.07425297,4.07425297,4.17242774,4.07425297,4.17242774,4.07425297,4.07425297,4.07425297,4.07425297,4.07425297,3.9760782,4.07425297,3.9760782,3.9760782,3.9760782,3.87790343,3.87790343,3.87790343,3.87790343,3.77972866,3.77972866,3.77972866,3.68155389,3.68155389,3.68155389,3.68155389,3.68155389,3.68155389,3.68155389,3.68155389,3.58337912,3.58337912,3.68155389,3.68155389,3.68155389,3.68155389,3.68155389,3.68155389,3.68155389,3.68155389,3.68155389,3.68155389,3.68155389,3.77972866,3.77972866,3.77972866,3.77972866,3.77972866,3.77972866,3.77972866,3.77972866,3.77972866,3.77972866,3.77972866,3.68155389,3.68155389,3.77972866,3.77972866,3.68155389,3.68155389,3.68155389,3.68155389,3.68155389,3.68155389,3.68155389,3.68155389,3.68155389,3.68155389,3.68155389,3.68155389,3.68155389,3.77972866,3.77972866,3.77972866,3.87790343,3.87790343,3.9760782,4.07425297,4.17242774,4.27060251,4.27060251,4.36877728,4.36877728,4.46695205,4.46695205,4.56512682,4.56512682,4.6633016,4.6633016,4.6633016,4.6633016,4.76147637,4.76147637,4.76147637,4.76147637,4.76147637,4.76147637,4.76147637,4.76147637,4.76147637,4.76147637,4.76147637,4.76147637
22.403146982,C01,AP01,client_to_ap,VHT,2,2,2,80,SU,1,4,122,6637c97e16e6ce8a,6,-68.0,1.12900986,1.12900986,1.12900986,1.12900986,1.12900986,1.12900986,1.12900986,1.12900986,1.12900986,1.12900986,1.12900986,1.12900986,1.12900986,1.12900986,1.12900986,1.12900986,1.12900986,1.12900986,1.12900986,1.12900986,1.12900986,1.12900986,1.22718463,1.22718463,1.22718463,1.22718463,1.22718463,1.22718463,1.22718463,1.22718463,1.22718463,1.22718463,1.22718463,1.22718463,1.22718463,1.22718463,1.22718463,1.22718463,1.22718463,1.22718463,1.22718463,1.22718463,1.22718463,1.22718463,1.12900986,1.12900986,1.12900986,1.12900986,1.12900986,1.12900986,1.12900986,1.12900986,1.12900986,1.12900986,1.12900986,1.12900986,1.12900986,1.03083509,1.03083509,1.03083509,1.03083509,1.03083509,1.03083509,1.03083509,1.03083509,1.03083509,1.03083509,1.03083509,1.03083509,1.03083509,1.03083509,1.03083509,1.03083509,1.03083509,1.03083509,1.03083509,0.932660319,0.932660319,0.932660319,0.932660319,0.932660319,0.932660319,0.932660319,0.932660319,0.834485549,0.834485549,0.834485549,0.834485549,0.736310778,0.736310778,0.736310778,0.736310778,0.736310778,0.638136008,0.736310778,0.736310778,0.638136008,0.638136008,0.638136008,0.638136008,0.638136008,0.638136008,0.638136008,0.736310778,0.736310778,0.736310778,0.736310778,0.736310778,0.736310778,0.736310778,0.834485549,0.834485549,0.834485549,0.834485549,0.834485549,0.834485549,0.834485549,0.834485549,0.834485549,0.834485549,0.834485549,0.932660319,3.87790343,3.87790343,3.87790343,3.9760782,3.9760782,3.9760782,3.9760782,3.9760782,3.9760782,3.9760782,3.9760782,4.07425297,4.07425297,4.07425297,4.07425297,4.07425297,4.07425297,4.07425297,4.07425297,4.07425297,4.07425297,4.17242774,4.07425297,4.07425297,4.07425297,4.07425297,4.07425297,4.07425297,4.07425297,4.07425297,3.9760782,3.9760782,3.9760782,3.9760782,3.87790343,3.87790343,3.87790343,3.87790343,3.77972866,3.77972866,3.77972866,3.68155389,3.68155389,3.68155389,3.68155389,3.68155389,3.58337912,3.68155389,3.68155389,3.58337912,3.58337912,3.58337912,3.68155389,3.68155389,3.68155389,3.68155389,3.68155389,3.68155389,3.68155389,3.68155389,3.77972866,3.68155389,3.77972866,3.77972866,3.77972866,3.77972866,3.77972866,3.77972866,3.77972866,3.77972866,3.77972866,3.77972866,3.68155389,3.68155389,3.77972866,3.68155389,3.68155389,3.68155389,3.68155389,3.68155389,3.68155389,3.68155389,3.68155389,3.68155389,3.68155389,3.68155389,3.68155389,3.68155389,3.68155389,3.68155389,3.77972866,3.77972866,3.77972866,3.87790343,3.87790343,3.9760782,4.07425297,4.17242774,4.17242774,4.27060251,4.36877728,4.36877728,4.46695205,4.56512682,4.56512682,4.56512682,4.6633016,4.6633016,4.6633016,4.6633016,4.76147637,4.76147637,4.76147637,4.76147637,4.76147637,4.76147637,4.76147637,4.76147637,4.76147637,4.76147637,4.76147637,4.76147637
23.746700048,C01,AP01,client_to_ap,VHT,2,2,2,80,SU,1,4,122,6637c97e16e6ce8a,6,-68.0,1.12900986,1.12900986,1.12900986,1.12900986,1.12900986,1.12900986,1.12900986,1.12900986,1.12900986,1.12900986,1.12900986,1.12900986,1.12900986,1.12900986,1.12900986,1.12900986,1.12900986,1.12900986,1.12900986,1.12900986,1.22718463,1.12900986,1.22718463,1.22718463,1.22718463,1.22718463,1.22718463,1.22718463,1.22718463,1.22718463,1.22718463,1.22718463,1.22718463,1.22718463,1.22718463,1.22718463,1.22718463,1.22718463,1.22718463,1.22718463,1.22718463,1.22718463,1.12900986,1.12900986,1.12900986,1.12900986,1.12900986,1.12900986,1.12900986,1.12900986,1.12900986,1.12900986,1.12900986,1.12900986,1.12900986,1.03083509,1.03083509,1.03083509,1.03083509,1.03083509,1.03083509,1.03083509,1.03083509,1.03083509,1.03083509,1.03083509,1.03083509,1.03083509,1.03083509,1.03083509,1.03083509,1.03083509,1.03083509,1.03083509,1.03083509,1.03083509,0.932660319,0.932660319,0.932660319,0.932660319,0.932660319,0.932660319,0.932660319,0.834485549,0.834485549,0.834485549,0.834485549,0.834485549,0.736310778,0.736310778,0.736310778,0.736310778,0.736310778,0.736310778,0.638136008,0.638136008,0.638136008,0.638136008,0.638136008,0.638136008,0.638136008,0.638136008,0.638136008,0.638136008,0.736310778,0.736310778,0.736310778,0.736310778,0.736310778,0.736310778,0.736310778,0.834485549,0.834485549,0.834485549,0.834485549,0.834485549,0.834485549,0.834485549,0.834485549,0.834485549,0.932660319,0.834485549,3.87790343,3.9760782,3.87790343,3.87790343,3.9760782,3.9760782,3.9760782,3.9760782,3.9760782,3.9760782,3.9760782,3.9760782,4.07425297,4.07425297,4.07425297,4.07425297,4.07425297,4.07425297,4.07425297,4.07425297,4.07425297,4.07425297,4.07425297,4.07425297,4.17242774,4.07425297,4.07425297,4.07425297,4.07425297,3.9760782,3.9760782,3.9760782,3.9760782,3.87790343,3.87790343,3.87790343,3.87790343,3.77972866,3.77972866,3.77972866,3.77972866,3.68155389,3.68155389,3.68155389,3.68155389,3.68155389,3.58337912,3.58337912,3.58337912,3.58337912,3.58337912,3.68155389,3.68155389,3.68155389,3.68155389,3.68155389,3.68155389,3.68155389,3.68155389,3.68155389,3.68155389,3.77972866,3.68155389,3.77972866,3.77972866,3.77972866,3.77972866,3.77972866,3.77972866,3.77972866,3.77972866,3.77972866,3.68155389,3.68155389,3.68155389,3.68155389,3.68155389,3.68155389,3.68155389,3.68155389,3.68155389,3.68155389,3.68155389,3.68155389,3.68155389,3.68155389,3.68155389,3.68155389,3.68155389,3.68155389,3.77972866,3.77972866,3.77972866,3.77972866,3.87790343,3.9760782,4.07425297,4.07425297,4.17242774,4.27060251,4.36877728,4.36877728,4.46695205,4.46695205,4.46695205,4.56512682,4.6633016,4.6633016,4.6633016,4.76147637,4.76147637,4.6633016,4.76147637,4.76147637,4.76147637,4.76147637,4.76147637,4.76147637,4.76147637,4.76147637,4.76147637,4.76147637
25.070932865,C01,AP01,client_to_ap,VHT,2,2,2,80,SU,1,4,122,6637c97e16e6ce8a,6,-68.0,1.12900986,1.12900986,1.12900986,1.12900986,1.12900986,1.12900986,1.12900986,1.12900986,1.12900986,1.12900986,1.12900986,1.12900986,1.12900986,1.12900986,1.12900986,1.12900986,1.12900986,1.12900986,1.12900986,1.12900986,1.22718463,1.12900986,1.22718463,1.22718463,1.22718463,1.22718463,1.22718463,1.22718463,1.22718463,1.22718463,1.22718463,1.22718463,1.22718463,1.22718463,1.22718463,1.22718463,1.22718463,1.22718463,1.22718463,1.22718463,1.12900986,1.12900986,1.12900986,1.12900986,1.12900986,1.12900986,1.12900986,1.12900986,1.12900986,1.12900986,1.03083509,1.12900986,1.12900986,1.03083509,1.03083509,1.03083509,1.03083509,1.03083509,1.03083509,1.03083509,1.03083509,1.03083509,1.03083509,1.03083509,1.03083509,1.03083509,1.03083509,1.03083509,1.03083509,1.03083509,1.03083509,1.03083509,1.03083509,1.03083509,1.03083509,1.03083509,0.932660319,0.932660319,0.932660319,0.932660319,0.932660319,0.834485549,0.932660319,0.932660319,0.834485549,0.834485549,0.834485549,0.834485549,0.736310778,0.736310778,0.736310778,0.736310778,0.638136008,0.638136008,0.638136008,0.638136008,0.638136008,0.638136008,0.638136008,0.638136008,0.638136008,0.638136008,0.638136008,0.638136008,0.638136008,0.638136008,0.736310778,0.736310778,0.736310778,0.736310778,0.736310778,0.736310778,0.736310778,0.736310778,0.834485549,0.834485549,0.834485549,0.834485549,0.834485549,0.834485549,0.834485549,0.932660319,3.87790343,3.9760782,3.9760782,3.9760782,3.9760782,3.9760782,3.9760782,3.9760782,4.07425297,4.07425297,4.07425297,4.07425297,4.07425297,4.07425297,4.07425297,4.07425297,4.07425297,4.07425297,4.07425297,4.07425297,4.07425297,4.07425297,4.07425297,4.07425297,4.07425297,4.07425297,3.9760782,3.9760782,3.9760782,3.87790343,3.87790343,3.87790343,3.87790343,3.87790343,3.77972866,3.77972866,3.77972866,3.77972866,3.77972866,3.68155389,3.68155389,3.58337912,3.58337912,3.58337912,3.58337912,3.58337912,3.58337912,3.58337912,3.58337912,3.58337912,3.58337912,3.58337912,3.58337912,3.58337912,3.58337912,3.58337912,3.68155389,3.58337912,3.68155389,3.68155389,3.68155389,3.68155389,3.68155389,3.68155389,3.68155389,3.68155389,3.68155389,3.68155389,3.68155389,3.68155389,3.68155389,3.68155389,3.68155389,3.68155389,3.68155389,3.68155389,3.68155389,3.58337912,3.58337912,3.58337912,3.58337912,3.58337912,3.58337912,3.58337912,3.58337912,3.58337912,3.58337912,3.58337912,3.58337912,3.58337912,3.58337912,3.68155389,3.68155389,3.68155389,3.77972866,3.77972866,3.87790343,3.9760782,3.9760782,4.07425297,4.17242774,4.27060251,4.36877728,4.36877728,4.46695205,4.56512682,4.56512682,4.56512682,4.6633016,4.6633016,4.6633016,4.6633016,4.6633016,4.6633016,4.76147637,4.6633016,4.6633016,4.76147637,4.6633016,4.76147637,4.76147637,4.6633016
26.402787924,C01,AP01,client_to_ap,VHT,2,2,2,80,SU,1,4,122,6637c97e16e6ce8a,6,-68.0,1.12900986,1.12900986,1.12900986,1.12900986,1.12900986,1.12900986,1.12900986,1.12900986,1.12900986,1.12900986,1.12900986,1.12900986,1.12900986,1.12900986,1.12900986,1.12900986,1.12900986,1.12900986,1.12900986,1.12900986,1.12900986,1.12900986,1.12900986,1.22718463,1.22718463,1.22718463,1.22718463,1.22718463,1.22718463,1.22718463,1.22718463,1.22718463,1.22718463,1.22718463,1.22718463,1.22718463,1.22718463,1.22718463,1.22718463,1.22718463,1.22718463,1.22718463,1.22718463,1.22718463,1.12900986,1.12900986,1.12900986,1.12900986,1.12900986,1.12900986,1.12900986,1.12900986,1.12900986,1.12900986,1.12900986,1.12900986,1.03083509,1.12900986,1.03083509,1.03083509,1.03083509,1.03083509,1.03083509,1.03083509,1.03083509,1.03083509,1.03083509,1.03083509,1.03083509,1.03083509,1.03083509,1.03083509,1.03083509,1.03083509,1.03083509,1.03083509,0.932660319,0.932660319,0.932660319,0.932660319,0.932660319,0.932660319,0.932660319,0.834485549,0.834485549,0.834485549,0.834485549,0.834485549,0.736310778,0.736310778,0.736310778,0.736310778,0.736310778,0.638136008,0.638136008,0.638136008,0.638136008,0.638136008,0.638136008,0.638136008,0.638136008,0.638136008,0.736310778,0.736310778,0.736310778,0.736310778,0.736310778,0.736310778,0.736310778,0.736310778,0.834485549,0.834485549,0.834485549,0.834485549,0.834485549,0.834485549,0.834485549,0.834485549,0.834485549,0.834485549,0.834485549,0.932660319,3.87790343,3.87790343,3.87790343,3.9760782,3.9760782,3.9760782,3.9760782,3.9760782,3.9760782,3.9760782,3.9760782,4.07425297,3.9760782,4.07425297,4.07425297,4.07425297,4.07425297,4.07425297,4.07425297,4.07425297,4.07425297,4.17242774,4.07425297,4.07425297,4.07425297,4.07425297,4.07425297,4.07425297,4.07425297,3.9760782,3.9760782,3.9760782,3.9760782,3.9760782,3.87790343,3.87790343,3.87790343,3.87790343,3.87790343,3.77972866,3.77972866,3.68155389,3.68155389,3.68155389,3.68155389,3.68155389,3.58337912,3.58337912,3.58337912,3.68155389,3.58337912,3.68155389,3.68155389,3.68155389,3.68155389,3.68155389,3.68155389,3.68155389,3.68155389,3.77972866,3.68155389,3.68155389,3.77972866,3.77972866,3.77972866,3.77972866,3.77972866,3.77972866,3.77972866,3.77972866,3.77972866,3.77972866,3.77972866,3.77972866,3.77972866,3.77972866,3.68155389,3.68155389,3.68155389,3.68155389,3.68155389,3.68155389,3.68155389,3.68155389,3.68155389,3.68155389,3.68155389,3.77972866,3.68155389,3.68155389,3.77972866,3.77972866,3.77972866,3.87790343,3.9760782,3.9760782,4.07425297,4.17242774,4.17242774,4.27060251,4.36877728,4.36877728,4.46695205,4.46695205,4.56512682,4.56512682,4.6633016,4.6633016,4.6633016,4.6633016,4.6633016,4.6633016,4.76147637,4.76147637,4.76147637,4.76147637,4.76147637,4.76147637,4.76147637,4.76147637,4.76147637,4.6633016
27.739300013,C01,AP01,client_to_ap,VHT,2,2,2,80,SU,1,4,122,6637c97e16e6ce8a,6,-68.0,1.12900986,1.12900986,1.12900986,1.12900986,1.12900986,1.12900986,1.12900986,1.12900986,1.12900986,1.12900986,1.12900986,1.12900986,1.12900986,1.12900986,1.12900986,1.12900986,1.12900986,1.12900986,1.12900986,1.12900986,1.12900986,1.12900986,1.22718463,1.22718463,1.22718463,1.22718463,1.22718463,1.22718463,1.22718463,1.22718463,1.22718463,1.22718463,1.22718463,1.22718463,1.22718463,1.22718463,1.22718463,1.22718463,1.22718463,1.22718463,1.22718463,1.22718463,1.22718463,1.22718463,1.12900986,1.12900986,1.12900986,1.12900986,1.12900986,1.12900986,1.12900986,1.12900986,1.12900986,1.12900986,1.12900986,1.12900986,1.12900986,1.03083509,1.03083509,1.03083509,1.03083509,1.03083509,1.03083509,1.03083509,1.03083509,1.03083509,1.03083509,1.03083509,1.03083509,1.03083509,1.03083509,1.03083509,1.03083509,1.03083509,1.03083509,1.03083509,1.03083509,1.03083509,0.932660319,0.932660319,0.932660319,0.932660319,0.932660319,0.932660319,0.834485549,0.834485549,0.834485549,0.834485549,0.834485549,0.736310778,0.736310778,0.736310778,0.736310778,0.736310778,0.638136008,0.736310778,0.638136008,0.638136008,0.638136008,0.638136008,0.638136008,0.736310778,0.736310778,0.736310778,0.736310778,0.736310778,0.736310778,0.736310778,0.834485549,0.834485549,0.834485549,0.834485549,0.834485549,0.834485549,0.834485549,0.834485549,0.834485549,0.834485549,0.932660319,0.932660319,0.932660319,0.834485549,3.87790343,3.87790343,3.9760782,3.9760782,3.9760782,3.9760782,3.9760782,3.9760782,3.9760782,3.9760782,3.9760782,3.9760782,3.9760782,4.07425297,4.07425297,4.07425297,4.07425297,4.07425297,4.07425297,4.07425297,4.17242774,4.07425297,4.17242774,4.07425297,4.07425297,4.07425297,4.07425297,4.07425297,4.07425297,4.07425297,3.9760782,3.9760782,3.9760782,3.9760782,3.9760782,3.87790343,3.87790343,3.87790343,3.77972866,3.77972866,3.77972866,3.68155389,3.68155389,3.68155389,3.68155389,3.68155389,3.58337912,3.68155389,3.68155389,3.58337912,3.68155389,3.68155389,3.68155389,3.68155389,3.68155389,3.68155389,3.68155389,3.68155389,3.68155389,3.68155389,3.77972866,3.68155389,3.68155389,3.77972866,3.77972866,3.77972866,3.77972866,3.77972866,3.77972866,3.77972866,3.77972866,3.77972866,3.68155389,3.77972866,3.77972866,3.77972866,3.68155389,3.68155389,3.68155389,3.68155389,3.68155389,3.68155389,3.68155389,3.68155389,3.68155389,3.68155389,3.68155389,3.68155389,3.68155389,3.68155389,3.77972866,3.77972866,3.77972866,3.87790343,3.9760782,3.9760782,4.07425297,4.17242774,4.17242774,4.27060251,4.36877728,4.36877728,4.46695205,4.46695205,4.46695205,4.56512682,4.6633016,4.6633016,4.6633016,4.6633016,4.6633016,4.6633016,4.6633016,4.76147637,4.76147637,4.76147637,4.76147637,4.76147637,4.76147637,4.76147637,4.76147637,4.76147637
29.070498943,C01,AP01,client_to_ap,VHT,2,2,2,80,SU,1,4,122,6637c97e16e6ce8a,6,-68.0,1.12900986,1.12900986,1.12900986,1.12900986,1.12900986,1.12900986,1.12900986,1.12900986,1.12900986,1.12900986,1.12900986,1.12900986,1.12900986,1.12900986,1.12900986,1.12900986,1.12900986,1.12900986,1.12900986,1.12900986,1.12900986,1.12900986,1.12900986,1.12900986,1.22718463,1.22718463,1.22718463,1.22718463,1.22718463,1.22718463,1.22718463,1.22718463,1.22718463,1.22718463,1.22718463,1.22718463,1.22718463,1.22718463,1.22718463,1.22718463,1.22718463,1.22718463,1.22718463,1.12900986,1.12900986,1.12900986,1.12900986,1.12900986,1.12900986,1.12900986,1.12900986,1.12900986,1.12900986,1.12900986,1.12900986,1.03083509,1.03083509,1.03083509,1.03083509,1.03083509,1.03083509,1.03083509,1.03083509,1.03083509,1.03083509,1.03083509,1.03083509,1.03083509,1.03083509,1.03083509,1.03083509,1.03083509,1.03083509,1.03083509,1.03083509,1.03083509,0.932660319,0.932660319,0.932660319,0.932660319,0.932660319,0.932660319,0.932660319,0.834485549,0.834485549,0.834485549,0.834485549,0.736310778,0.736310778,0.736310778,0.736310778,0.736310778,0.736310778,0.638136008,0.638136008,0.638136008,0.638136008,0.638136008,0.638136008,0.638136008,0.638136008,0.638136008,0.638136008,0.638136008,0.736310778,0.736310778,0.736310778,0.736310778,0.736310778,0.736310778,0.736310778,0.834485549,0.834485549,0.834485549,0.834485549,0.834485549,0.834485549,0.834485549,0.834485549,0.834485549,0.834485549,0.834485549,3.87790343,3.87790343,3.87790343,3.9760782,3.9760782,3.9760782,3.9760782,3.9760782,3.9760782,4.07425297,4.07425297,4.07425297,4.07425297,4.07425297,4.07425297,4.07425297,4.07425297,4.07425297,4.07425297,4.07425297,4.07425297,4.07425297,4.07425297,4.07425297,4.07425297,4.07425297,4.07425297,4.07425297,4.07425297,3.9760782,3.9760782,3.9760782,3.9760782,3.9760782,3.87790343,3.87790343,3.87790343,3.87790343,3.77972866,3.77972866,3.77972866,3.68155389,3.68155389,3.68155389,3.68155389,3.68155389,3.68155389,3.68155389,3.68155389,3.68155389,3.58337912,3.68155389,3.68155389,3.68155389,3.68155389,3.68155389,3.68155389,3.68155389,3.68155389,3.77972866,3.77972866,3.77972866,3.77972866,3.77972866,3.77972866,3.77972866,3.77972866,3.77972866,3.77972866,3.77972866,3.77972866,3.77972866,3.77972866,3.77972866,3.77972866,3.77972866,3.68155389,3.68155389,3.68155389,3.68155389,3.68155389,3.68155389,3.68155389,3.68155389,3.68155389,3.68155389,3.68155389,3.68155389,3.68155389,3.77972866,3.77972866,3.77972866,3.77972866,3.87790343,3.9760782,3.9760782,4.07425297,4.17242774,4.17242774,4.27060251,4.36877728,4.36877728,4.46695205,4.46695205,4.56512682,4.56512682,4.6633016,4.6633016,4.6633016,4.6633016,4.6633016,4.76147637,4.76147637,4.76147637,4.76147637,4.76147637,4.76147637,4.76147637,4.76147637,4.76147637,4.76147637,4.76147637
30.403387070,C01,AP01,client_to_ap,VHT,2,2,2,80,SU,1,4,122,6637c97e16e6ce8a,6,-68.0,1.12900986,1.12900986,1.12900986,1.12900986,1.12900986,1.12900986,1.12900986,1.12900986,1.12900986,1.12900986,1.12900986,1.12900986,1.12900986,1.12900986,1.12900986,1.12900986,1.12900986,1.12900986,1.12900986,1.12900986,1.12900986,1.12900986,1.12900986,1.22718463,1.22718463,1.22718463,1.22718463,1.22718463,1.22718463,1.22718463,1.22718463,1.22718463,1.22718463,1.22718463,1.22718463,1.22718463,1.22718463,1.22718463,1.22718463,1.22718463,1.22718463,1.22718463,1.22718463,1.12900986,1.12900986,1.12900986,1.12900986,1.12900986,1.12900986,1.12900986,1.12900986,1.12900986,1.12900986,1.03083509,1.03083509,1.03083509,1.03083509,1.03083509,1.03083509,1.03083509,1.03083509,1.03083509,1.03083509,1.03083509,1.03083509,1.03083509,1.03083509,1.03083509,1.03083509,1.03083509,1.03083509,1.03083509,1.03083509,1.03083509,1.03083509,1.03083509,0.932660319,0.932660319,0.932660319,0.932660319,0.932660319,0.932660319,0.932660319,0.834485549,0.834485549,0.834485549,0.834485549,0.834485549,0.736310778,0.736310778,0.736310778,0.736310778,0.736310778,0.638136008,0.638136008,0.638136008,0.638136008,0.638136008,0.638136008,0.638136008,0.638136008,0.638136008,0.638136008,0.736310778,0.736310778,0.736310778,0.736310778,0.736310778,0.736310778,0.736310778,0.736310778,0.834485549,0.834485549,0.834485549,0.834485549,0.834485549,0.834485549,0.834485549,0.834485549,0.834485549,0.834485549,0.834485549,3.87790343,3.87790343,3.9760782,3.9760782,3.9760782,3.9760782,3.9760782,3.9760782,3.9760782,3.9760782,4.07425297,4.07425297,4.07425297,4.07425297,4.07425297,4.07425297,4.07425297,4.07425297,4.07425297,4.07425297,4.07425297,4.17242774,4.07425297,4.07425297,4.07425297,4.07425297,4.07425297,4.07425297,4.07425297,3.9760782,4.07425297,3.9760782,3.9760782,3.9760782,3.87790343,3.87790343,3.87790343,3.87790343,3.77972866,3.77972866,3.77972866,3.77972866,3.68155389,3.68155389,3.68155389,3.68155389,3.68155389,3.58337912,3.58337912,3.68155389,3.58337912,3.58337912,3.58337912,3.68155389,3.68155389,3.68155389,3.68155389,3.68155389,3.68155389,3.68155389,3.68155389,3.68155389,3.77972866,3.77972866,3.77972866,3.77972866,3.77972866,3.77972866,3.77972866,3.77972866,3.77972866,3.77972866,3.77972866,3.77972866,3.68155389,3.77972866,3.77972866,3.68155389,3.68155389,3.68155389,3.68155389,3.68155389,3.68155389,3.68155389,3.68155389,3.68155389,3.68155389,3.68155389,3.68155389,3.68155389,3.77972866,3.77972866,3.77972866,3.77972866,3.87790343,3.9760782,4.07425297,4.07425297,4.17242774,4.27060251,4.36877728,4.36877728,4.46695205,4.46695205,4.46695205,4.56512682,4.6633016,4.6633016,4.6633016,4.6633016,4.6633016,4.6633016,4.6633016,4.76147637,4.76147637,4.76147637,4.76147637,4.76147637,4.76147637,4.76147637,4.76147637,4.76147637
31.739144087,C01,AP01,client_to_ap,VHT,2,2,2,80,SU,1,4,122,6637c97e16e6ce8a,6,-68.0,1.12900986,1.12900986,1.12900986,1.12900986,1.12900986,1.12900986,1.12900986,1.12900986,1.12900986,1.12900986,1.12900986,1.12900986,1.12900986,1.12900986,1.12900986,1.12900986,1.12900986,1.12900986,1.12900986,1.12900986,1.12900986,1.12900986,1.12900986,1.12900986,1.22718463,1.22718463,1.22718463,1.22718463,1.22718463,1.22718463,1.22718463,1.22718463,1.22718463,1.22718463,1.22718463,1.22718463,1.22718463,1.22718463,1.22718463,1.22718463,1.22718463,1.22718463,1.22718463,1.12900986,1.12900986,1.12900986,1.12900986,1.12900986,1.12900986,1.12900986,1.12900986,1.12900986,1.12900986,1.12900986,1.12900986,1.12900986,1.12900986,1.03083509,1.03083509,1.03083509,1.12900986,1.03083509,1.03083509,1.03083509,1.03083509,1.03083509,1.03083509,1.03083509,1.03083509,1.03083509,1.03083509,1.03083509,1.03083509,1.03083509,1.03083509,1.03083509,1.03083509,0.932660319,0.932660319,0.932660319,0.932660319,0.932660319,0.932660319,0.834485549,0.834485549,0.834485549,0.834485549,0.834485549,0.736310778,0.736310778,0.736310778,0.736310778,0.736310778,0.638136008,0.638136008,0.638136008,0.638136008,0.638136008,0.638136008,0.638136008,0.638136008,0.638136008,0.736310778,0.736310778,0.736310778,0.736310778,0.736310778,0.736310778,0.736310778,0.736310778,0.834485549,0.834485549,0.834485549,0.834485549,0.834485549,0.834485549,0.834485549,0.834485549,0.834485549,0.834485549,0.834485549,0.932660319,3.9760782,3.87790343,3.87790343,3.87790343,3.9760782,3.9760782,3.87790343,3.9760782,3.9760782,3.9760782,3.9760782,4.07425297,3.9760782,4.07425297,4.07425297,4.07425297,4.07425297,4.07425297,4.07425297,4.07425297,4.07425297,4.17242774,4.17242774,4.07425297,4.07425297,4.17242774,4.07425297,4.07425297,4.07425297,4.07425297,4.07425297,3.9760782,3.9760782,3.9760782,3.9760782,3.87790343,3.87790343,3.87790343,3.77972866,3.77972866,3.77972866,3.77972866,3.68155389,3.77972866,3.77972866,3.77972866,3.68155389,3.68155389,3.68155389,3.68155389,3.68155389,3.68155389,3.68155389,3.68155389,3.68155389,3.68155389,3.77972866,3.68155389,3.68155389,3.77972866,3.77972866,3.77972866,3.77972866,3.77972866,3.77972866,3.77972866,3.77972866,3.77972866,3.77972866,3.77972866,3.77972866,3.77972866,3.68155389,3.68155389,3.68155389,3.68155389,3.68155389,3.68155389,3.68155389,3.68155389,3.68155389,3.68155389,3.68155389,3.68155389,3.68155389,3.68155389,3.68155389,3.68155389,3.68155389,3.68155389,3.77972866,3.77972866,3.87790343,3.77972866,3.9760782,3.9760782,3.9760782,4.17242774,4.17242774,4.27060251,4.36877728,4.36877728,4.46695205,4.46695205,4.56512682,4.56512682,4.56512682,4.6633016,4.6633016,4.6633016,4.6633016,4.6633016,4.6633016,4.76147637,4.76147637,4.76147637,4.76147637,4.76147637,4.76147637,4.76147637,4.76147637,4.76147637
33.070785999,C01,AP01,client_to_ap,VHT,2,2,2,80,SU,1,4,122,6637c97e16e6ce8a,6,-68.0,1.12900986,1.12900986,1.12900986,1.12900986,1.12900986,1.12900986,1.12900986,1.12900986,1.12900986,1.12900986,1.12900986,1.12900986,1.12900986,1.12900986,1.12900986,1.12900986,1.12900986,1.12900986,1.12900986,1.12900986,1.12900986,1.12900986,1.12900986,1.12900986,1.22718463,1.12900986,1.22718463,1.22718463,1.22718463,1.22718463,1.22718463,1.22718463,1.22718463,1.22718463,1.22718463,1.22718463,1.22718463,1.22718463,1.22718463,1.22718463,1.22718463,1.22718463,1.22718463,1.22718463,1.22718463,1.12900986,1.12900986,1.12900986,1.12900986,1.12900986,1.12900986,1.12900986,1.12900986,1.12900986,1.12900986,1.03083509,1.12900986,1.12900986,1.03083509,1.03083509,1.03083509,1.03083509,1.03083509,1.03083509,1.03083509,1.03083509,1.03083509,1.03083509,1.03083509,1.03083509,1.03083509,1.03083509,1.03083509,1.03083509,1.03083509,1.03083509,1.03083509,1.03083509,0.932660319,0.932660319,0.932660319,0.932660319,0.932660319,0.834485549,0.834485549,0.834485549,0.834485549,0.834485549,0.736310778,0.736310778,0.736310778,0.736310778,0.736310778,0.736310778,0.736310778,0.638136008,0.638136008,0.638136008,0.736310778,0.736310778,0.736310778,0.736310778,0.736310778,0.736310778,0.736310778,0.736310778,0.736310778,0.834485549,0.834485549,0.834485549,0.834485549,0.834485549,0.834485549,0.834485549,0.834485549,0.834485549,0.834485549,0.932660319,0.932660319,0.932660319,0.932660319,0.932660319,3.9760782,3.9760782,3.9760782,4.07425297,4.07425297,4.07425297,4.07425297,4.07425297,4.07425297,4.07425297,4.07425297,4.07425297,4.07425297,4.07425297,4.07425297,4.07425297,4.17242774,4.17242774,4.17242774,4.17242774,4.17242774,4.17242774,4.17242774,4.17242774,4.17242774,4.17242774,4.17242774,4.17242774,4.17242774,4.07425297,4.17242774,4.07425297,4.07425297,4.07425297,4.07425297,3.9760782,4.07425297,3.9760782,3.9760782,3.87790343,3.87790343,3.87790343,3.87790343,3.77972866,3.77972866,3.77972866,3.77972866,3.68155389,3.68155389,3.68155389,3.68155389,3.68155389,3.68155389,3.68155389,3.68155389,3.77972866,3.77972866,3.77972866,3.77972866,3.77972866,3.77972866,3.77972866,3.77972866,3.77972866,3.77972866,3.77972866,3.77972866,3.77972866,3.77972866,3.68155389,3.77972866,3.77972866,3.68155389,3.68155389,3.68155389,3.68155389,3.68155389,3.68155389,3.68155389,3.68155389,3.68155389,3.68155389,3.68155389,3.68155389,3.68155389,3.58337912,3.58337912,3.68155389,3.68155389,3.68155389,3.68155389,3.77972866,3.77972866,3.77972866,3.87790343,3.9760782,4.07425297,4.17242774,4.27060251,4.27060251,4.36877728,4.36877728,4.46695205,4.46695205,4.56512682,4.56512682,4.6633016,4.6633016,4.76147637,4.6633016,4.76147637,4.76147637,4.76147637,4.76147637,4.76147637,4.76147637,4.76147637,4.76147637,4.85965114,4.85965114,4.76147637,4.76147637
34.402505875,C01,AP01,client_to_ap,VHT,2,2,2,80,SU,1,4,122,6637c97e16e6ce8a,6,-68.0,1.22718463,1.22718463,1.22718463,1.22718463,1.22718463,1.22718463,1.22718463,1.22718463,1.22718463,1.22718463,1.22718463,1.22718463,1.12900986,1.12900986,1.12900986,1.12900986,1.12900986,1.12900986,1.12900986,1.12900986,1.12900986,1.12900986,1.12900986,1.22718463,1.22718463,1.12900986,1.22718463,1.22718463,1.22718463,1.22718463,1.22718463,1.22718463,1.22718463,1.22718463,1.22718463,1.22718463,1.22718463,1.22718463,1.22718463,1.22718463,1.22718463,1.22718463,1.22718463,1.22718463,1.22718463,1.22718463,1.22718463,1.22718463,1.22718463,1.22718463,1.12900986,1.12900986,1.12900986,1.12900986,1.12900986,1.12900986,1.12900986,1.12900986,1.12900986,1.12900986,1.12900986,1.12900986,1.12900986,1.12900986,1.12900986,1.12900986,1.12900986,1.12900986,1.12900986,1.12900986,1.12900986,1.12900986,1.12900986,1.12900986,1.12900986,1.03083509,1.03083509,1.03083509,1.03083509,1.03083509,1.03083509,0.932660319,0.932660319,0.932660319,0.932660319,0.834485549,0.834485549,0.834485549,0.736310778,0.736310778,0.736310778,0.736310778,0.638136008,0.638136008,0.638136008,0.638136008,0.638136008,0.638136008,0.638136008,0.638136008,0.638136008,0.638136008,0.638136008,0.638136008,0.638136008,0.638136008,0.638136008,0.736310778,0.736310778,0.736310778,0.736310778,0.736310778,0.736310778,0.834485549,0.834485549,0.834485549,0.834485549,0.834485549,0.834485549,0.834485549,0.834485549,0.834485549,3.9760782,3.9760782,3.9760782,4.07425297,3.9760782,3.9760782,3.9760782,3.9760782,3.9760782,3.9760782,3.87790343,3.9760782,3.9760782,3.9760782,3.9760782,3.9760782,3.9760782,3.9760782,4.07425297,4.07425297,4.07425297,4.07425297,4.07425297,4.07425297,4.07425297,4.07425297,4.17242774,4.07425297,4.17242774,4.17242774,4.07425297,4.17242774,4.07425297,4.17242774,4.07425297,4.17242774,4.07425297,4.07425297,4.07425297,4.07425297,3.9760782,3.9760782,3.9760782,3.87790343,3.87790343,3.87790343,3.77972866,3.77972866,3.77972866,3.77972866,3.77972866,3.77972866,3.77972866,3.77972866,3.77972866,3.77972866,3.77972866,3.77972866,3.77972866,3.87790343,3.77972866,3.77972866,3.77972866,3.77972866,3.87790343,3.77972866,3.77972866,3.77972866,3.77972866,3.77972866,3.77972866,3.77972866,3.77972866,3.77972866,3.77972866,3.77972866,3.68155389,3.68155389,3.68155389,3.68155389,3.58337912,3.58337912,3.58337912,3.58337912,3.48520435,3.48520435,3.48520435,3.48520435,3.48520435,3.58337912,3.48520435,3.58337912,3.58337912,3.58337912,3.68155389,3.68155389,3.77972866,3.87790343,4.07425297,4.07425297,4.17242774,4.27060251,4.36877728,4.36877728,4.46695205,4.56512682,4.56512682,4.56512682,4.6633016,4.6633016,4.6633016,4.76147637,4.76147637,4.76147637,4.76147637,4.76147637,4.76147637,4.76147637,4.76147637,4.76147637,4.76147637,4.76147637
35.739029884,C01,AP01,client_to_ap,VHT,2,2,2,80,SU,1,4,122,6637c97e16e6ce8a,6,-68.0,1.12900986,1.12900986,1.12900986,1.12900986,1.12900986,1.12900986,1.12900986,1.12900986,1.12900986,1.12900986,1.12900986,1.12900986,1.12900986,1.12900986,1.12900986,1.12900986,1.12900986,1.12900986,1.12900986,1.22718463,1.22718463,1.22718463,1.22718463,1.22718463,1.22718463,1.22718463,1.22718463,1.22718463,1.22718463,1.22718463,1.22718463,1.22718463,1.22718463,1.22718463,1.22718463,1.22718463,1.22718463,1.22718463,1.22718463,1.3253594,1.22718463,1.22718463,1.22718463,1.22718463,1.22718463,1.22718463,1.22718463,1.22718463,1.22718463,1.22718463,1.22718463,1.22718463,1.22718463,1.22718463,1.22718463,1.12900986,1.12900986,1.12900986,1.12900986,1.12900986,1.12900986,1.12900986,1.12900986,1.12900986,1.12900986,1.12900986,1.12900986,1.12900986,1.12900986,1.03083509,1.12900986,1.12900986,1.03083509,1.03083509,1.03083509,1.03083509,1.03083509,1.03083509,1.03083509,1.03083509,1.03083509,1.03083509,0.932660319,0.932660319,0.932660319,0.932660319,0.932660319,0.932660319,0.834485549,0.834485549,0.834485549,0.834485549,0.834485549,0.834485549,0.736310778,0.736310778,0.736310778,0.736310778,0.736310778,0.736310778,0.834485549,0.834485549,0.834485549,0.834485549,0.834485549,0.834485549,0.932660319,0.932660319,0.932660319,0.932660319,0.932660319,0.932660319,0.932660319,0.932660319,1.03083509,1.03083509,1.03083509,1.03083509,1.03083509,1.03083509,1.03083509,1.12900986,3.38702958,3.38702958,3.48520435,3.48520435,3.58337912,3.58337912,3.58337912,3.58337912,3.68155389,3.68155389,3.68155389,3.68155389,3.68155389,3.77972866,3.77972866,3.77972866,3.87790343,3.77972866,3.87790343,3.87790343,3.87790343,3.9760782,3.9760782,3.9760782,3.9760782,3.9760782,3.9760782,3.87790343,3.9760782,3.87790343,3.87790343,3.87790343,3.87790343,3.87790343,3.77972866,3.77972866,3.77972866,3.77972866,3.77972866,3.68155389,3.68155389,3.68155389,3.68155389,3.58337912,3.58337912,3.58337912,3.58337912,3.48520435,3.48520435,3.48520435,3.48520435,3.48520435,3.48520435,3.48520435,3.48520435,3.48520435,3.48520435,3.48520435,3.48520435,3.48520435,3.48520435,3.48520435,3.48520435,3.58337912,3.58337912,3.48520435,3.58337912,3.58337912,3.58337912,3.58337912,3.58337912,3.58337912,3.48520435,3.48520435,3.48520435,3.58337912,3.58337912,3.48520435,3.48520435,3.58337912,3.58337912,3.48520435,3.48520435,3.48520435,3.48520435,3.48520435,3.58337912,3.58337912,3.58337912,3.58337912,3.58337912,3.68155389,3.68155389,3.77972866,3.77972866,3.87790343,3.87790343,3.9760782,3.9760782,4.07425297,4.17242774,4.17242774,4.27060251,4.27060251,4.36877728,4.36877728,4.46695205,4.46695205,4.46695205,4.46695205,4.46695205,4.46695205,4.56512682,4.46695205,4.56512682,4.56512682,4.56512682,4.56512682,4.56512682,4.56512682,4.46695205,4.46695205
37.070226908,C01,AP01,client_to_ap,VHT,2,2,2,80,SU,1,4,122,6637c97e16e6ce8a,6,-68.0,1.12900986,1.03083509,1.03083509,1.12900986,1.03083509,1.03083509,1.03083509,1.12900986,1.12900986,1.12900986,1.12900986,1.12900986,1.12900986,1.12900986,1.03083509,1.12900986,1.12900986,1.12900986,1.12900986,1.12900986,1.12900986,1.12900986,1.12900986,1.12900986,1.12900986,1.12900986,1.12900986,1.12900986,1.12900986,1.12900986,1.12900986,1.22718463,1.22718463,1.12900986,1.12900986,1.22718463,1.22718463,1.12900986,1.22718463,1.22718463,1.22718463,1.12900986,1.12900986,1.22718463,1.22718463,1.12900986,1.12900986,1.12900986,1.12900986,1.12900986,1.12900986,1.12900986,1.12900986,1.12900986,1.12900986,1.12900986,1.12900986,1.12900986,1.12900986,1.12900986,1.12900986,1.03083509,1.03083509,1.03083509,1.03083509,1.03083509,1.03083509,1.03083509,1.03083509,1.03083509,1.03083509,1.03083509,1.03083509,1.03083509,1.03083509,0.932660319,1.03083509,0.932660319,0.932660319,0.932660319,0.932660319,0.932660319,0.834485549,0.834485549,0.834485549,0.834485549,0.834485549,0.736310778,0.736310778,0.736310778,0.736310778,0.638136008,0.638136008,0.638136008,0.638136008,0.539961237,0.539961237,0.539961237,0.539961237,0.539961237,0.539961237,0.539961237,0.539961237,0.539961237,0.539961237,0.539961237,0.539961237,0.539961237,0.539961237,0.539961237,0.638136008,0.638136008,0.638136008,0.638136008,0.638136008,0.638136008,0.736310778,0.736310778,0.736310778,0.736310778,0.736310778,0.834485549,3.58337912,3.58337912,3.58337912,3.68155389,3.68155389,3.68155389,3.68155389,3.68155389,3.77972866,3.77972866,3.77972866,3.77972866,3.77972866,3.77972866,3.77972866,3.77972866,3.87790343,3.87790343,3.87790343,3.87790343,3.87790343,3.9760782,3.87790343,3.87790343,3.9760782,3.87790343,3.87790343,3.87790343,3.87790343,3.9760782,3.87790343,3.77972866,3.87790343,3.87790343,3.87790343,3.77972866,3.87790343,3.77972866,3.77972866,3.68155389,3.77972866,3.77972866,3.68155389,3.68155389,3.68155389,3.58337912,3.58337912,3.58337912,3.58337912,3.58337912,3.48520435,3.48520435,3.58337912,3.58337912,3.48520435,3.48520435,3.48520435,3.48520435,3.48520435,3.48520435,3.58337912,3.48520435,3.48520435,3.48520435,3.48520435,3.48520435,3.38702958,3.48520435,3.48520435,3.48520435,3.48520435,3.48520435,3.48520435,3.48520435,3.48520435,3.48520435,3.48520435,3.48520435,3.38702958,3.38702958,3.38702958,3.38702958,3.38702958,3.38702958,3.38702958,3.38702958,3.38702958,3.48520435,3.48520435,3.48520435,3.48520435,3.58337912,3.58337912,3.58337912,3.68155389,3.77972866,3.77972866,3.87790343,3.9760782,4.07425297,4.17242774,4.17242774,4.27060251,4.36877728,4.36877728,4.56512682,4.56512682,4.56512682,4.6633016,4.6633016,4.6633016,4.6633016,4.76147637,4.85965114,4.76147637,4.76147637,4.85965114,4.85965114,4.85965114,4.85965114,4.85965114,4.76147637
38.403099060,C01,AP01,client_to_ap,VHT,2,2,2,80,SU,1,4,122,6637c97e16e6ce8a,6,-68.0,1.03083509,1.03083509,1.03083509,1.03083509,1.03083509,1.03083509,1.03083509,1.03083509,1.03083509,1.03083509,1.03083509,1.03083509,1.03083509,1.03083509,1.03083509,1.03083509,1.03083509,1.03083509,1.03083509,1.03083509,1.12900986,1.12900986,1.12900986,1.12900986,1.12900986,1.12900986,1.12900986,1.12900986,1.12900986,1.12900986,1.12900986,1.12900986,1.12900986,1.12900986,1.12900986,1.12900986,1.12900986,1.12900986,1.12900986,1.12900986,1.12900986,1.12900986,1.12900986,1.12900986,1.12900986,1.12900986,1.12900986,1.03083509,1.03083509,1.03083509,1.03083509,1.03083509,1.03083509,1.03083509,1.03083509,1.03083509,1.03083509,1.03083509,1.03083509,1.03083509,1.03083509,1.03083509,1.03083509,1.03083509,1.03083509,1.03083509,1.03083509,1.03083509,1.03083509,1.03083509,1.03083509,1.03083509,1.03083509,1.03083509,1.03083509,1.03083509,1.03083509,0.932660319,0.932660319,0.932660319,0.932660319,0.932660319,0.932660319,0.932660319,0.834485549,0.834485549,0.834485549,0.834485549,0.834485549,0.736310778,0.736310778,0.736310778,0.736310778,0.736310778,0.736310778,0.736310778,0.736310778,0.736310778,0.736310778,0.736310778,0.736310778,0.736310778,0.736310778,0.834485549,0.834485549,0.736310778,0.834485549,0.834485549,0.834485549,0.834485549,0.834485549,0.834485549,0.834485549,0.834485549,0.834485549,0.834485549,0.834485549,0.834485549,0.932660319,0.834485549,0.932660319,0.834485549,3.77972866,3.77972866,3.77972866,3.87790343,3.77972866,3.77972866,3.77972866,3.87790343,3.87790343,3.87790343,3.87790343,3.9760782,3.87790343,3.9760782,3.9760782,3.9760782,3.9760782,3.9760782,3.9760782,3.9760782,3.9760782,4.07425297,4.07425297,4.07425297,4.07425297,4.07425297,4.07425297,4.07425297,4.07425297,3.9760782,3.9760782,3.9760782,3.9760782,3.9760782,3.9760782,3.9760782,3.9760782,3.87790343,3.87790343,3.87790343,3.87790343,3.87790343,3.77972866,3.87790343,3.77972866,3.77972866,3.77972866,3.77972866,3.77972866,3.77972866,3.77972866,3.77972866,3.77972866,3.77972866,3.77972866,3.77972866,3.77972866,3.77972866,3.77972866,3.77972866,3.77972866,3.77972866,3.77972866,3.77972866,3.77972866,3.77972866,3.77972866,3.77972866,3.77972866,3.77972866,3.68155389,3.77972866,3.68155389,3.68155389,3.77972866,3.68155389,3.68155389,3.68155389,3.68155389,3.68155389,3.68155389,3.68155389,3.68155389,3.77972866,3.68155389,3.77972866,3.77972866,3.77972866,3.87790343,3.87790343,3.9760782,3.9760782,4.07425297,4.17242774,4.17242774,4.17242774,4.27060251,4.27060251,4.36877728,4.36877728,4.46695205,4.46695205,4.56512682,4.56512682,4.56512682,4.6633016,4.6633016,4.6633016,4.6633016,4.6633016,4.6633016,4.6633016,4.76147637,4.76147637,4.76147637,4.76147637,4.76147637,4.76147637,4.76147637,4.76147637,4.6633016,4.76147637
39.739394903,C01,AP01,client_to_ap,VHT,2,2,2,80,SU,1,4,122,6637c97e16e6ce8a,6,-68.0,1.03083509,1.03083509,1.03083509,1.03083509,1.03083509,1.12900986,1.12900986,1.12900986,1.12900986,1.12900986,1.12900986,1.12900986,1.12900986,1.12900986,1.12900986,1.12900986,1.22718463,1.22718463,1.22718463,1.22718463,1.22718463,1.22718463,1.22718463,1.22718463,1.22718463,1.22718463,1.22718463,1.22718463,1.22718463,1.22718463,1.22718463,1.22718463,1.22718463,1.22718463,1.22718463,1.22718463,1.22718463,1.22718463,1.22718463,1.22718463,1.22718463,1.22718463,1.12900986,1.12900986,1.12900986,1.12900986,1.12900986,1.12900986,1.12900986,1.12900986,1.12900986,1.12900986,1.12900986,1.03083509,1.03083509,1.03083509,1.03083509,1.03083509,1.03083509,1.03083509,1.03083509,1.03083509,1.03083509,1.03083509,1.03083509,1.03083509,1.03083509,1.03083509,1.03083509,1.03083509,1.03083509,0.932660319,1.03083509,0.932660319,0.932660319,0.932660319,0.932660319,0.932660319,0.932660319,0.932660319,0.932660319,0.834485549,0.834485549,0.834485549,0.834485549,0.834485549,0.736310778,0.736310778,0.736310778,0.736310778,0.736310778,0.736310778,0.638136008,0.736310778,0.638136008,0.736310778,0.638136008,0.638136008,0.736310778,0.638136008,0.736310778,0.736310778,0.736310778,0.736310778,0.736310778,0.736310778,0.736310778,0.736310778,0.736310778,0.834485549,0.834485549,0.834485549,0.834485549,0.932660319,0.834485549,0.834485549,0.932660319,0.932660319,0.932660319,1.03083509,0.932660319,1.03083509,4.17242774,4.17242774,4.17242774,4.27060251,4.27060251,4.27060251,4.27060251,4.27060251,4.36877728,4.36877728,4.36877728,4.36877728,4.36877728,4.36877728,4.27060251,4.36877728,4.36877728,4.27060251,4.27060251,4.36877728,4.27060251,4.36877728,4.27060251,4.27060251,4.17242774,4.17242774,4.17242774,4.07425297,4.07425297,3.9760782,3.9760782,3.9760782,3.9760782,3.9760782,3.87790343,3.87790343,3.87790343,3.77972866,3.77972866,3.77972866,3.77972866,3.77972866,3.77972866,3.68155389,3.77972866,3.68155389,3.58337912,3.68155389,3.68155389,3.68155389,3.68155389,3.68155389,3.68155389,3.68155389,3.68155389,3.68155389,3.68155389,3.68155389,3.68155389,3.77972866,3.77972866,3.77972866,3.77972866,3.77972866,3.77972866,3.77972866,3.77972866,3.77972866,3.77972866,3.77972866,3.77972866,3.77972866,3.77972866,3.77972866,3.77972866,3.77972866,3.77972866,3.77972866,3.77972866,3.77972866,3.68155389,3.77972866,3.77972866,3.77972866,3.77972866,3.77972866,3.77972866,3.77972866,3.87790343,3.9760782,3.9760782,3.9760782,4.07425297,4.17242774,4.27060251,4.27060251,4.36877728,4.36877728,4.36877728,4.46695205,4.56512682,4.6633016,4.6633016,4.76147637,4.76147637,4.76147637,4.85965114,4.85965114,4.85965114,4.95782591,4.95782591,4.95782591,5.05600068,5.05600068,4.95782591,4.95782591,4.95782591,4.95782591,4.95782591,4.95782591,4.95782591,4.85965114
42.408083916,C01,AP01,client_to_ap,VHT,2,2,2,80,SU,1,4,122,6637c97e16e6ce8a,6,-68.0,0.932660319,0.932660319,0.932660319,0.932660319,0.932660319,0.932660319,0.932660319,1.03083509,0.932660319,1.03083509,0.932660319,0.932660319,0.932660319,0.932660319,0.932660319,0.932660319,0.932660319,0.932660319,0.932660319,0.932660319,0.932660319,0.932660319,1.03083509,1.03083509,1.03083509,1.03083509,1.03083509,1.03083509,1.03083509,1.03083509,1.03083509,1.03083509,1.03083509,1.03083509,1.03083509,1.03083509,1.03083509,1.03083509,1.03083509,1.03083509,1.03083509,1.03083509,1.03083509,1.03083509,1.03083509,1.03083509,1.03083509,1.03083509,1.03083509,1.03083509,1.03083509,1.03083509,1.03083509,1.03083509,1.03083509,1.03083509,0.932660319,0.932660319,0.932660319,1.03083509,0.932660319,0.932660319,1.03083509,1.03083509,0.932660319,0.932660319,0.932660319,0.932660319,0.932660319,0.932660319,0.932660319,0.932660319,0.932660319,0.932660319,0.932660319,0.932660319,0.932660319,0.932660319,0.932660319,0.932660319,0.932660319,0.834485549,0.834485549,0.834485549,0.834485549,0.834485549,0.834485549,0.834485549,0.736310778,0.736310778,0.736310778,0.736310778,0.736310778,0.736310778,0.736310778,0.736310778,0.736310778,0.736310778,0.736310778,0.736310778,0.834485549,0.834485549,0.834485549,0.834485549,0.834485549,0.834485549,0.932660319,0.932660319,0.932660319,0.932660319,0.932660319,0.932660319,0.932660319,1.03083509,1.03083509,1.03083509,1.03083509,1.03083509,1.03083509,1.03083509,1.03083509,1.03083509,3.9760782,3.9760782,3.9760782,4.07425297,3.9760782,3.9760782,4.07425297,4.07425297,4.07425297,4.07425297,4.07425297,4.07425297,4.07425297,4.17242774,4.17242774,4.17242774,4.17242774,4.17242774,4.27060251,4.27060251,4.27060251,4.27060251,4.27060251,4.27060251,4.27060251,4.27060251,4.27060251,4.36877728,4.27060251,4.36877728,4.27060251,4.27060251,4.27060251,4.27060251,4.27060251,4.27060251,4.27060251,4.27060251,4.27060251,4.27060251,4.27060251,4.27060251,4.27060251,4.27060251,4.27060251,4.17242774,4.17242774,4.17242774,4.17242774,4.17242774,4.17242774,4.17242774,4.17242774,4.17242774,4.17242774,4.17242774,4.17242774,4.17242774,4.17242774,4.27060251,4.17242774,4.27060251,4.27060251,4.27060251,4.27060251,4.27060251,4.17242774,4.27060251,4.27060251,4.27060251,4.27060251,4.27060251,4.27060251,4.27060251,4.27060251,4.27060251,4.27060251,4.27060251,4.27060251,4.27060251,4.27060251,4.27060251,4.27060251,4.27060251,4.27060251,4.36877728,4.36877728,4.36877728,4.36877728,4.36877728,4.36877728,4.46695205,4.56512682,4.46695205,4.56512682,4.56512682,4.6633016,4.6633016,4.6633016,4.76147637,4.76147637,4.85965114,4.85965114,4.95782591,4.95782591,4.95782591,4.95782591,4.95782591,4.95782591,4.95782591,5.05600068,5.05600068,5.05600068,5.05600068,5.05600068,5.05600068,5.05600068,5.15417545,5.05600068,5.05600068,5.05600068,5.05600068
43.738656044,C01,AP01,client_to_ap,VHT,2,2,2,80,SU,1,4,122,6637c97e16e6ce8a,6,-68.0,1.22718463,1.22718463,1.22718463,1.22718463,1.22718463,1.22718463,1.22718463,1.22718463,1.22718463,1.22718463,1.22718463,1.22718463,1.22718463,1.22718463,1.22718463,1.22718463,1.22718463,1.22718463,1.22718463,1.22718463,1.22718463,1.22718463,1.22718463,1.22718463,1.22718463,1.22718463,1.22718463,1.22718463,1.22718463,1.12900986,1.12900986,1.22718463,1.12900986,1.12900986,1.12900986,1.12900986,1.12900986,1.12900986,1.12900986,1.12900986,1.12900986,1.12900986,1.12900986,1.12900986,1.12900986,1.12900986,1.12900986,1.12900986,1.12900986,1.12900986,1.12900986,1.12900986,1.12900986,1.12900986,1.12900986,1.12900986,1.12900986,1.12900986,1.12900986,1.12900986,1.12900986,1.12900986,1.12900986,1.12900986,1.12900986,1.12900986,1.12900986,1.12900986,1.12900986,1.12900986,1.12900986,1.12900986,1.12900986,1.12900986,1.12900986,1.12900986,1.12900986,1.12900986,1.12900986,1.03083509,1.03083509,1.03083509,1.03083509,1.03083509,1.03083509,1.03083509,0.932660319,0.932660319,0.932660319,0.932660319,0.932660319,0.932660319,0.932660319,0.932660319,0.834485549,0.834485549,0.834485549,0.834485549,0.932660319,0.834485549,0.932660319,0.932660319,0.932660319,0.932660319,0.932660319,0.932660319,0.932660319,0.932660319,0.932660319,0.932660319,1.03083509,1.03083509,1.03083509,1.03083509,1.03083509,1.03083509,1.03083509,1.03083509,1.03083509,1.12900986,1.12900986,1.12900986,3.68155389,3.77972866,3.77972866,3.77972866,3.77972866,3.77972866,3.77972866,3.77972866,3.87790343,3.77972866,3.77972866,3.77972866,3.77972866,3.77972866,3.77972866,3.77972866,3.77972866,3.77972866,3.77972866,3.77972866,3.77972866,3.77972866,3.77972866,3.77972866,3.77972866,3.77972866,3.77972866,3.77972866,3.87790343,3.77972866,3.87790343,3.87790343,3.77972866,3.87790343,3.87790343,3.87790343,3.87790343,3.87790343,3.87790343,3.87790343,3.87790343,3.87790343,3.87790343,3.87790343,3.87790343,3.87790343,3.87790343,3.77972866,3.87790343,3.87790343,3.87790343,3.87790343,3.87790343,3.77972866,3.87790343,3.87790343,3.87790343,3.87790343,3.87790343,3.87790343,3.87790343,3.87790343,3.87790343,3.87790343,3.87790343,3.87790343,3.87790343,3.9760782,3.87790343,3.87790343,3.87790343,3.87790343,3.87790343,3.87790343,3.87790343,3.87790343,3.87790343,3.87790343,3.87790343,3.87790343,3.87790343,3.87790343,3.87790343,3.87790343,3.87790343,3.87790343,3.87790343,3.9760782,3.9760782,3.9760782,3.9760782,4.07425297,4.07425297,4.17242774,4.17242774,4.27060251,4.27060251,4.27060251,4.36877728,4.46695205,4.46695205,4.46695205,4.56512682,4.56512682,4.6633016,4.6633016,4.6633016,4.76147637,4.6633016,4.76147637,4.76147637,4.76147637,4.85965114,4.85965114,4.85965114,4.85965114,4.76147637,4.85965114,4.85965114,4.85965114,4.85965114,4.76147637
45.071048021,C01,AP01,client_to_ap,VHT,2,2,2,80,SU,1,4,122,6637c97e16e6ce8a,6,-67.0,0.932660319,1.03083509,0.932660319,1.03083509,0.932660319,0.932660319,1.03083509,1.03083509,1.03083509,1.03083509,0.932660319,0.932660319,1.03083509,0.932660319,1.03083509,1.03083509,0.932660319,1.03083509,1.03083509,1.03083509,1.03083509,1.03083509,1.03083509,1.03083509,1.03083509,1.03083509,1.03083509,1.03083509,1.03083509,1.03083509,1.03083509,1.03083509,1.03083509,1.03083509,1.03083509,1.03083509,1.03083509,1.03083509,1.03083509,1.03083509,1.03083509,1.03083509,1.03083509,0.932660319,0.932660319,1.03083509,0.932660319,0.932660319,0.932660319,0.932660319,0.932660319,0.932660319,0.932660319,0.932660319,0.932660319,0.932660319,0.932660319,0.932660319,0.932660319,0.932660319,0.932660319,0.932660319,0.932660319,0.932660319,0.932660319,0.932660319,0.932660319,0.932660319,0.932660319,0.932660319,0.932660319,0.932660319,0.932660319,0.932660319,0.932660319,0.932660319,0.932660319,0.932660319,0.834485549,0.834485549,0.834485549,0.834485549,0.834485549,0.834485549,0.834485549,0.736310778,0.736310778,0.736310778,0.736310778,0.736310778,0.736310778,0.736310778,0.638136008,0.736310778,0.638136008,0.638136008,0.638136008,0.638136008,0.638136008,0.638136008,0.736310778,0.736310778,0.736310778,0.736310778,0.736310778,0.736310778,0.736310778,0.736310778,0.834485549,0.834485549,0.834485549,0.834485549,0.834485549,0.834485549,0.834485549,0.834485549,0.834485549,0.834485549,0.834485549,0.834485549,0.834485549,0.932660319,3.58337912,3.68155389,3.68155389,3.68155389,3.77972866,3.77972866,3.77972866,3.77972866,3.77972866,3.77972866,3.77972866,3.77972866,3.77972866,3.77972866,3.77972866,3.77972866,3.77972866,3.77972866,3.77972866,3.77972866,3.77972866,3.77972866,3.77972866,3.77972866,3.77972866,3.77972866,3.77972866,3.77972866,3.77972866,3.77972866,3.77972866,3.87790343,3.77972866,3.77972866,3.77972866,3.87790343,3.77972866,3.77972866,3.77972866,3.87790343,3.77972866,3.77972866,3.77972866,3.77972866,3.87790343,3.77972866,3.77972866,3.77972866,3.77972866,3.77972866,3.77972866,3.77972866,3.77972866,3.77972866,3.77972866,3.77972866,3.77972866,3.77972866,3.77972866,3.77972866,3.87790343,3.77972866,3.87790343,3.87790343,3.87790343,3.87790343,3.87790343,3.87790343,3.87790343,3.87790343,3.87790343,3.87790343,3.87790343,3.9760782,3.9760782,3.9760782,3.9760782,3.87790343,3.9760782,3.9760782,3.9760782,3.9760782,3.9760782,3.9760782,3.9760782,3.9760782,3.9760782,4.07425297,4.07425297,4.07425297,4.17242774,4.17242774,4.17242774,4.17242774,4.27060251,4.36877728,4.36877728,4.46695205,4.46695205,4.56512682,4.56512682,4.56512682,4.6633016,4.6633016,4.6633016,4.6633016,4.76147637,4.76147637,4.76147637,4.76147637,4.76147637,4.76147637,4.85965114,4.85965114,4.85965114,4.76147637,4.85965114,4.85965114,4.85965114,4.85965114,4.85965114,4.85965114
46.403351068,C01,AP01,client_to_ap,VHT,2,2,2,80,SU,1,4,122,6637c97e16e6ce8a,6,-68.0,1.03083509,1.03083509,1.03083509,1.03083509,1.03083509,1.03083509,1.03083509,1.03083509,1.03083509,1.03083509,1.03083509,1.03083509,1.03083509,1.03083509,1.03083509,1.03083509,1.03083509,1.12900986,1.12900986,1.12900986,1.12900986,1.12900986,1.12900986,1.12900986,1.12900986,1.12900986,1.12900986,1.12900986,1.12900986,1.12900986,1.12900986,1.12900986,1.12900986,1.12900986,1.12900986,1.12900986,1.12900986,1.12900986,1.12900986,1.12900986,1.12900986,1.12900986,1.03083509,1.03083509,1.03083509,1.03083509,1.03083509,1.03083509,1.03083509,1.03083509,1.03083509,1.03083509,1.03083509,1.03083509,1.03083509,1.03083509,1.03083509,1.03083509,1.03083509,1.03083509,1.03083509,1.03083509,1.03083509,1.03083509,1.03083509,1.03083509,1.03083509,1.03083509,1.03083509,1.03083509,1.03083509,1.03083509,1.03083509,1.03083509,1.03083509,1.03083509,1.03083509,1.03083509,1.03083509,0.932660319,0.932660319,0.932660319,0.932660319,0.932660319,0.932660319,0.932660319,0.932660319,0.932660319,0.834485549,0.834485549,0.834485549,0.834485549,0.834485549,0.834485549,0.834485549,0.736310778,0.736310778,0.736310778,0.736310778,0.736310778,0.736310778,0.736310778,0.834485549,0.736310778,0.834485549,0.834485549,0.834485549,0.834485549,0.834485549,0.834485549,0.834485549,0.834485549,0.834485549,0.932660319,0.932660319,0.932660319,0.932660319,0.932660319,0.932660319,0.932660319,0.932660319,1.03083509,3.87790343,3.87790343,3.9760782,3.9760782,3.9760782,3.9760782,4.07425297,4.07425297,4.07425297,4.07425297,4.07425297,4.07425297,4.07425297,4.07425297,4.17242774,4.17242774,4.07425297,4.07425297,4.17242774,4.07425297,4.17242774,4.17242774,4.17242774,4.07425297,4.07425297,4.07425297,4.07425297,4.07425297,4.07425297,4.07425297,4.07425297,4.07425297,3.9760782,3.9760782,3.9760782,3.9760782,3.9760782,3.9760782,3.9760782,3.9760782,3.9760782,3.87790343,3.9760782,3.9760782,3.9760782,3.9760782,3.87790343,3.9760782,3.9760782,3.9760782,3.9760782,3.9760782,3.9760782,3.9760782,3.9760782,3.9760782,3.9760782,3.9760782,3.9760782,3.9760782,3.9760782,3.9760782,3.9760782,3.9760782,3.9760782,3.9760782,4.07425297,4.07425297,4.07425297,4.07425297,4.07425297,4.07425297,4.07425297,4.07425297,4.07425297,4.07425297,4.07425297,4.07425297,4.07425297,4.07425297,4.07425297,4.07425297,4.07425297,4.07425297,4.07425297,4.07425297,4.07425297,4.07425297,4.07425297,4.07425297,4.07425297,4.07425297,4.17242774,4.17242774,4.17242774,4.27060251,4.36877728,4.36877728,4.36877728,4.46695205,4.56512682,4.56512682,4.56512682,4.6633016,4.6633016,4.76147637,4.76147637,4.76147637,4.76147637,4.85965114,4.85965114,4.85965114,4.85965114,4.85965114,4.85965114,4.85965114,4.85965114,4.95782591,4.95782591,4.95782591,4.95782591,4.95782591
47.738877058,C01,AP01,client_to_ap,VHT,2,2,2,80,SU,1,4,122,6637c97e16e6ce8a,6,-68.0,1.03083509,1.03083509,1.03083509,1.03083509,1.03083509,1.03083509,1.03083509,1.03083509,1.03083509,1.03083509,1.03083509,1.03083509,1.03083509,1.03083509,1.03083509,1.03083509,1.03083509,1.03083509,1.03083509,1.03083509,1.03083509,1.03083509,1.03083509,1.03083509,1.12900986,1.03083509,1.03083509,1.03083509,1.03083509,1.03083509,1.03083509,1.03083509,1.12900986,1.03083509,1.03083509,1.12900986,1.12900986,1.03083509,1.12900986,1.12900986,1.12900986,1.12900986,1.03083509,1.12900986,1.03083509,1.03083509,1.03083509,1.03083509,1.03083509,1.03083509,1.12900986,1.12900986,1.12900986,1.03083509,1.12900986,1.12900986,1.03083509,1.03083509,1.03083509,1.03083509,1.03083509,1.03083509,1.03083509,1.03083509,1.03083509,1.03083509,1.03083509,1.03083509,1.03083509,1.03083509,1.03083509,1.03083509,1.03083509,1.03083509,1.03083509,1.03083509,1.03083509,1.03083509,1.03083509,1.03083509,1.03083509,0.932660319,0.932660319,0.932660319,0.932660319,0.932660319,0.932660319,0.932660319,0.932660319,0.932660319,0.834485549,0.834485549,0.834485549,0.834485549,0.834485549,0.834485549,0.834485549,0.834485549,0.736310778,0.834485549,0.834485549,0.834485549,0.834485549,0.834485549,0.834485549,0.834485549,0.932660319,0.932660319,0.932660319,0.932660319,0.932660319,0.932660319,0.932660319,0.932660319,0.932660319,0.932660319,0.932660319,1.03083509,1.03083509,1.03083509,1.03083509,1.03083509,3.9760782,4.07425297,4.07425297,4.07425297,4.17242774,4.07425297,4.07425297,4.17242774,4.17242774,4.17242774,4.17242774,4.07425297,4.17242774,4.07425297,4.07425297,4.07425297,4.07425297,4.07425297,4.07425297,4.07425297,4.07425297,4.17242774,4.17242774,4.07425297,4.07425297,4.17242774,4.17242774,4.17242774,4.17242774,4.17242774,4.07425297,4.17242774,4.17242774,4.17242774,4.17242774,4.17242774,4.07425297,4.17242774,4.17242774,4.17242774,4.17242774,4.07425297,4.07425297,4.07425297,4.07425297,4.07425297,4.07425297,4.07425297,4.07425297,4.07425297,4.07425297,4.07425297,4.07425297,4.07425297,4.07425297,3.9760782,4.07425297,4.07425297,3.9760782,3.9760782,4.07425297,3.9760782,4.07425297,3.9760782,4.07425297,4.07425297,3.9760782,4.07425297,4.07425297,4.07425297,4.07425297,4.07425297,4.07425297,4.07425297,4.07425297,4.07425297,4.07425297,4.07425297,4.07425297,4.07425297,4.07425297,4.07425297,4.07425297,4.07425297,4.07425297,4.07425297,4.07425297,4.17242774,4.07425297,4.17242774,4.17242774,4.17242774,4.17242774,4.27060251,4.36877728,4.36877728,4.36877728,4.46695205,4.56512682,4.56512682,4.6633016,4.6633016,4.6633016,4.76147637,4.76147637,4.85965114,4.85965114,4.85965114,4.85965114,4.85965114,4.85965114,4.85965114,4.95782591,4.85965114,4.95782591,4.85965114,4.85965114,4.95782591,4.95782591,4.95782591,4.85965114,4.85965114
49.071440935,C01,AP01,client_to_ap,VHT,2,2,2,80,SU,1,4,122,6637c97e16e6ce8a,6,-68.0,1.03083509,1.03083509,1.03083509,1.03083509,1.03083509,1.03083509,1.03083509,1.12900986,1.03083509,1.12900986,1.12900986,1.12900986,1.12900986,1.12900986,1.12900986,1.12900986,1.12900986,1.12900986,1.12900986,1.12900986,1.12900986,1.12900986,1.12900986,1.12900986,1.12900986,1.12900986,1.12900986,1.12900986,1.12900986,1.12900986,1.12900986,1.12900986,1.12900986,1.12900986,1.12900986,1.12900986,1.12900986,1.12900986,1.12900986,1.12900986,1.12900986,1.12900986,1.12900986,1.12900986,1.12900986,1.12900986,1.12900986,1.12900986,1.03083509,1.12900986,1.03083509,1.03083509,1.03083509,1.03083509,1.03083509,1.03083509,1.03083509,1.03083509,1.03083509,1.03083509,1.03083509,1.03083509,1.03083509,1.03083509,1.03083509,1.03083509,0.932660319,0.932660319,0.932660319,0.932660319,0.932660319,0.932660319,0.932660319,0.932660319,0.932660319,0.932660319,0.932660319,0.932660319,0.932660319,0.932660319,0.932660319,0.932660319,0.932660319,0.932660319,0.932660319,0.834485549,0.932660319,0.834485549,0.834485549,0.834485549,0.834485549,0.834485549,0.834485549,0.834485549,0.736310778,0.736310778,0.736310778,0.736310778,0.736310778,0.736310778,0.736310778,0.736310778,0.736310778,0.736310778,0.736310778,0.736310778,0.736310778,0.834485549,0.834485549,0.834485549,0.834485549,0.834485549,0.834485549,0.932660319,0.932660319,0.932660319,0.932660319,0.932660319,0.932660319,0.932660319,0.932660319,1.03083509,4.07425297,3.9760782,4.07425297,4.07425297,4.07425297,4.07425297,4.07425297,4.07425297,4.17242774,4.17242774,4.07425297,4.17242774,4.07425297,4.17242774,4.07425297,4.07425297,4.07425297,4.07425297,4.07425297,4.07425297,4.07425297,4.07425297,4.07425297,4.07425297,4.07425297,4.07425297,4.07425297,4.07425297,4.07425297,3.9760782,3.9760782,3.9760782,3.9760782,3.9760782,3.9760782,3.9760782,3.9760782,3.9760782,3.9760782,3.9760782,3.9760782,3.9760782,3.9760782,3.9760782,3.9760782,3.87790343,3.87790343,3.87790343,3.87790343,3.87790343,3.87790343,3.87790343,3.87790343,3.87790343,3.87790343,3.87790343,3.87790343,3.87790343,3.87790343,3.87790343,3.87790343,3.87790343,3.87790343,3.87790343,3.9760782,3.9760782,3.9760782,3.9760782,3.9760782,3.9760782,4.07425297,4.07425297,4.07425297,4.07425297,4.07425297,4.07425297,4.07425297,4.07425297,4.07425297,4.17242774,4.17242774,4.17242774,4.17242774,4.17242774,4.17242774,4.17242774,4.17242774,4.17242774,4.17242774,4.27060251,4.27060251,4.27060251,4.27060251,4.27060251,4.27060251,4.36877728,4.36877728,4.46695205,4.46695205,4.56512682,4.56512682,4.6633016,4.6633016,4.76147637,4.76147637,4.85965114,4.85965114,4.85965114,4.85965114,4.95782591,4.95782591,4.95782591,4.95782591,4.95782591,4.95782591,4.95782591,4.95782591,4.95782591,4.95782591,4.95782591,4.95782591,4.95782591
50.402989864,C01,AP01,client_to_ap,VHT,2,2,2,80,SU,1,4,122,6637c97e16e6ce8a,6,-68.0,1.03083509,1.03083509,1.03083509,1.03083509,1.03083509,1.03083509,1.03083509,1.03083509,1.03083509,1.12900986,1.03083509,1.03083509,1.03083509,1.03083509,1.12900986,1.12900986,1.12900986,1.12900986,1.12900986,1.12900986,1.12900986,1.12900986,1.12900986,1.12900986,1.12900986,1.12900986,1.12900986,1.12900986,1.12900986,1.12900986,1.12900986,1.12900986,1.12900986,1.12900986,1.12900986,1.12900986,1.12900986,1.12900986,1.12900986,1.12900986,1.12900986,1.12900986,1.12900986,1.12900986,1.12900986,1.03083509,1.03083509,1.03083509,1.12900986,1.03083509,1.03083509,1.03083509,1.03083509,1.03083509,1.03083509,1.03083509,1.03083509,1.03083509,1.03083509,1.03083509,1.03083509,1.03083509,1.03083509,1.03083509,0.932660319,0.932660319,0.932660319,0.932660319,0.932660319,0.932660319,0.932660319,0.932660319,0.932660319,0.932660319,0.932660319,0.932660319,0.932660319,0.932660319,0.932660319,0.932660319,0.932660319,0.932660319,0.932660319,0.834485549,0.834485549,0.834485549,0.834485549,0.834485549,0.834485549,0.834485549,0.834485549,0.834485549,0.736310778,0.736310778,0.736310778,0.736310778,0.736310778,0.736310778,0.736310778,0.638136008,0.638136008,0.638136008,0.736310778,0.736310778,0.736310778,0.736310778,0.736310778,0.736310778,0.736310778,0.736310778,0.736310778,0.834485549,0.834485549,0.834485549,0.834485549,0.834485549,0.834485549,0.932660319,0.932660319,0.932660319,0.932660319,0.932660319,3.9760782,3.9760782,3.9760782,3.9760782,3.9760782,3.9760782,4.07425297,4.07425297,4.07425297,4.07425297,4.07425297,4.07425297,4.07425297,4.07425297,4.07425297,4.07425297,4.07425297,4.07425297,4.07425297,4.07425297,4.07425297,4.07425297,4.07425297,3.9760782,3.9760782,3.9760782,3.9760782,3.9760782,3.9760782,3.9760782,3.9760782,3.9760782,3.9760782,3.9760782,3.9760782,3.9760782,3.9760782,3.9760782,3.9760782,3.9760782,3.9760782,3.9760782,3.9760782,3.9760782,3.87790343,3.87790343,3.87790343,3.87790343,3.87790343,3.87790343,3.87790343,3.87790343,3.87790343,3.87790343,3.87790343,3.87790343,3.87790343,3.77972866,3.77972866,3.87790343,3.87790343,3.87790343,3.87790343,3.87790343,3.87790343,3.87790343,3.87790343,3.87790343,3.87790343,3.9760782,3.9760782,3.9760782,3.9760782,3.9760782,3.9760782,3.9760782,3.9760782,3.9760782,4.07425297,4.07425297,4.07425297,4.07425297,4.07425297,4.07425297,4.07425297,4.07425297,4.07425297,4.07425297,4.17242774,4.17242774,4.17242774,4.17242774,4.17242774,4.17242774,4.27060251,4.27060251,4.27060251,4.36877728,4.36877728,4.36877728,4.46695205,4.56512682,4.6633016,4.6633016,4.6633016,4.76147637,4.85965114,4.85965114,4.85965114,4.95782591,4.95782591,4.95782591,4.95782591,4.95782591,4.95782591,5.05600068,5.05600068,5.05600068,5.05600068,5.05600068,5.05600068,5.05600068
51.733741999,C01,AP01,client_to_ap,VHT,2,2,2,80,SU,1,4,122,6637c97e16e6ce8a,6,-68.0,1.03083509,1.03083509,1.03083509,1.03083509,1.03083509,1.12900986,1.12900986,1.12900986,1.12900986,1.12900986,1.12900986,1.12900986,1.12900986,1.12900986,1.12900986,1.12900986,1.12900986,1.12900986,1.12900986,1.12900986,1.12900986,1.12900986,1.12900986,1.12900986,1.12900986,1.12900986,1.12900986,1.12900986,1.12900986,1.12900986,1.12900986,1.12900986,1.12900986,1.12900986,1.12900986,1.12900986,1.12900986,1.12900986,1.12900986,1.12900986,1.12900986,1.12900986,1.12900986,1.12900986,1.12900986,1.12900986,1.12900986,1.12900986,1.03083509,1.03083509,1.03083509,1.03083509,1.03083509,1.03083509,1.03083509,1.03083509,1.03083509,1.03083509,1.03083509,1.03083509,1.03083509,1.03083509,1.03083509,1.03083509,1.03083509,1.03083509,0.932660319,1.03083509,0.932660319,0.932660319,0.932660319,0.932660319,0.932660319,0.932660319,0.932660319,0.932660319,0.932660319,0.932660319,0.932660319,0.932660319,0.932660319,0.932660319,0.932660319,0.932660319,0.932660319,0.932660319,0.932660319,0.834485549,0.834485549,0.834485549,0.834485549,0.834485549,0.736310778,0.736310778,0.736310778,0.736310778,0.638136008,0.638136008,0.638136008,0.638136008,0.638136008,0.638136008,0.638136008,0.638136008,0.736310778,0.736310778,0.736310778,0.736310778,0.736310778,0.736310778,0.736310778,0.834485549,0.834485549,0.834485549,0.834485549,0.834485549,0.834485549,0.932660319,0.932660319,0.932660319,0.932660319,0.932660319,4.07425297,4.07425297,3.9760782,4.07425297,4.07425297,4.07425297,4.07425297,4.07425297,4.07425297,4.07425297,4.07425297,4.07425297,4.07425297,4.17242774,4.07425297,4.07425297,4.07425297,4.07425297,4.07425297,4.07425297,4.07425297,4.07425297,4.07425297,4.07425297,4.07425297,4.07425297,4.07425297,3.9760782,3.9760782,3.9760782,3.9760782,3.9760782,3.9760782,3.9760782,3.9760782,3.9760782,3.9760782,3.9760782,3.9760782,3.9760782,3.9760782,3.9760782,3.9760782,3.87790343,3.87790343,3.87790343,3.87790343,3.87790343,3.87790343,3.87790343,3.87790343,3.87790343,3.87790343,3.87790343,3.87790343,3.87790343,3.87790343,3.77972866,3.87790343,3.87790343,3.87790343,3.87790343,3.87790343,3.87790343,3.87790343,3.87790343,3.87790343,3.9760782,3.9760782,3.9760782,3.9760782,3.9760782,3.9760782,3.9760782,3.9760782,3.9760782,3.9760782,4.07425297,4.07425297,4.07425297,4.07425297,4.07425297,4.07425297,4.07425297,4.07425297,4.07425297,3.9760782,4.07425297,4.07425297,4.07425297,4.07425297,4.07425297,4.07425297,4.07425297,4.17242774,4.17242774,4.17242774,4.36877728,4.36877728,4.36877728,4.46695205,4.56512682,4.6633016,4.6633016,4.76147637,4.76147637,4.85965114,4.76147637,4.95782591,4.85965114,4.95782591,4.95782591,4.95782591,5.05600068,5.05600068,5.05600068,5.05600068,5.05600068,5.05600068,5.05600068,5.05600068,5.05600068
53.063292027,C01,AP01,client_to_ap,VHT,2,2,2,80,SU,1,4,122,6637c97e16e6ce8a,6,-68.0,1.03083509,1.03083509,1.03083509,1.03083509,1.03083509,1.03083509,1.03083509,1.12900986,1.12900986,1.12900986,1.12900986,1.12900986,1.12900986,1.12900986,1.12900986,1.12900986,1.12900986,1.12900986,1.12900986,1.12900986,1.12900986,1.12900986,1.12900986,1.12900986,1.12900986,1.12900986,1.12900986,1.12900986,1.12900986,1.12900986,1.12900986,1.12900986,1.12900986,1.12900986,1.12900986,1.12900986,1.12900986,1.12900986,1.12900986,1.12900986,1.12900986,1.12900986,1.12900986,1.12900986,1.12900986,1.12900986,1.12900986,1.12900986,1.12900986,1.03083509,1.03083509,1.03083509,1.03083509,1.03083509,1.03083509,1.03083509,1.03083509,1.03083509,1.03083509,1.03083509,1.03083509,1.03083509,1.03083509,1.03083509,1.03083509,1.03083509,1.03083509,0.932660319,0.932660319,0.932660319,1.03083509,0.932660319,0.932660319,0.932660319,0.932660319,0.932660319,0.932660319,0.932660319,0.932660319,0.932660319,0.932660319,0.932660319,0.932660319,0.932660319,0.932660319,0.834485549,0.834485549,0.834485549,0.834485549,0.834485549,0.834485549,0.736310778,0.736310778,0.736310778,0.736310778,0.736310778,0.736310778,0.638136008,0.638136008,0.638136008,0.638136008,0.638136008,0.638136008,0.638136008,0.736310778,0.736310778,0.736310778,0.736310778,0.736310778,0.736310778,0.736310778,0.834485549,0.834485549,0.834485549,0.834485549,0.834485549,0.834485549,0.834485549,0.932660319,0.932660319,0.932660319,0.932660319,3.9760782,3.9760782,4.07425297,4.07425297,4.07425297,4.07425297,4.07425297,4.17242774,4.17242774,4.17242774,4.07425297,4.17242774,4.17242774,4.07425297,4.07425297,4.07425297,4.07425297,4.07425297,4.07425297,4.07425297,4.07425297,4.07425297,4.07425297,4.07425297,4.07425297,4.07425297,3.9760782,4.07425297,4.07425297,4.07425297,4.07425297,3.9760782,3.9760782,3.9760782,3.9760782,3.9760782,3.9760782,3.9760782,3.9760782,3.9760782,3.9760782,3.87790343,3.87790343,3.87790343,3.9760782,3.87790343,3.87790343,3.87790343,3.87790343,3.87790343,3.87790343,3.87790343,3.87790343,3.87790343,3.87790343,3.87790343,3.87790343,3.77972866,3.87790343,3.87790343,3.87790343,3.87790343,3.87790343,3.87790343,3.87790343,3.87790343,3.87790343,3.9760782,3.9760782,3.9760782,3.9760782,3.9760782,3.9760782,3.9760782,4.07425297,3.9760782,3.9760782,4.07425297,4.07425297,4.07425297,4.07425297,4.07425297,4.07425297,4.07425297,4.07425297,4.07425297,4.07425297,4.07425297,4.07425297,4.07425297,4.07425297,4.07425297,4.07425297,4.17242774,4.17242774,4.17242774,4.27060251,4.27060251,4.36877728,4.36877728,4.46695205,4.56512682,4.56512682,4.6633016,4.76147637,4.85965114,4.85965114,4.85965114,4.85965114,4.95782591,4.95782591,4.95782591,5.05600068,4.95782591,5.05600068,5.05600068,5.05600068,5.05600068,5.05600068,5.05600068,5.05600068,5.05600068
54.393291950,C01,AP01,client_to_ap,VHT,2,2,2,80,SU,1,4,122,6637c97e16e6ce8a,6,-68.0,1.03083509,1.03083509,1.03083509,1.03083509,1.03083509,1.03083509,1.12900986,1.12900986,1.12900986,1.12900986,1.12900986,1.12900986,1.12900986,1.12900986,1.12900986,1.12900986,1.12900986,1.12900986,1.12900986,1.12900986,1.12900986,1.12900986,1.12900986,1.12900986,1.12900986,1.12900986,1.12900986,1.12900986,1.12900986,1.12900986,1.12900986,1.12900986,1.12900986,1.12900986,1.12900986,1.12900986,1.12900986,1.12900986,1.12900986,1.12900986,1.12900986,1.12900986,1.12900986,1.12900986,1.12900986,1.12900986,1.12900986,1.12900986,1.12900986,1.12900986,1.03083509,1.12900986,1.12900986,1.03083509,1.03083509,1.03083509,1.03083509,1.03083509,1.03083509,1.03083509,1.03083509,1.03083509,1.03083509,1.03083509,1.03083509,1.03083509,1.03083509,1.03083509,0.932660319,1.03083509,1.03083509,1.03083509,0.932660319,0.932660319,0.932660319,0.932660319,0.932660319,0.932660319,0.932660319,0.932660319,0.932660319,0.932660319,0.932660319,0.932660319,0.932660319,0.834485549,0.834485549,0.834485549,0.834485549,0.834485549,0.834485549,0.834485549,0.736310778,0.736310778,0.736310778,0.736310778,0.736310778,0.638136008,0.736310778,0.638136008,0.638136008,0.638136008,0.638136008,0.736310778,0.736310778,0.736310778,0.736310778,0.736310778,0.736310778,0.736310778,0.834485549,0.834485549,0.834485549,0.834485549,0.834485549,0.834485549,0.834485549,0.932660319,0.932660319,0.932660319,0.932660319,0.932660319,3.9760782,3.9760782,4.07425297,4.07425297,4.07425297,4.07425297,4.07425297,4.07425297,4.17242774,4.17242774,4.07425297,4.07425297,4.07425297,4.17242774,4.07425297,4.07425297,4.07425297,4.07425297,4.07425297,4.07425297,4.07425297,4.07425297,4.07425297,4.07425297,4.07425297,4.07425297,3.9760782,3.9760782,3.9760782,3.9760782,3.9760782,3.9760782,3.9760782,3.9760782,3.9760782,3.9760782,3.9760782,3.9760782,3.9760782,3.9760782,3.9760782,3.87790343,3.87790343,3.87790343,3.87790343,3.87790343,3.87790343,3.87790343,3.87790343,3.87790343,3.87790343,3.87790343,3.87790343,3.87790343,3.87790343,3.87790343,3.87790343,3.87790343,3.87790343,3.87790343,3.87790343,3.87790343,3.87790343,3.87790343,3.87790343,3.87790343,3.87790343,3.9760782,3.9760782,3.9760782,3.9760782,3.9760782,3.9760782,3.9760782,4.07425297,3.9760782,3.9760782,3.9760782,4.07425297,4.07425297,4.07425297,4.07425297,4.07425297,4.07425297,4.07425297,4.07425297,4.07425297,4.07425297,3.9760782,4.07425297,4.07425297,4.07425297,4.07425297,4.07425297,4.17242774,4.17242774,4.27060251,4.27060251,4.36877728,4.36877728,4.46695205,4.56512682,4.6633016,4.6633016,4.76147637,4.76147637,4.85965114,4.85965114,4.85965114,4.85965114,4.95782591,4.95782591,4.95782591,4.95782591,4.95782591,5.05600068,5.05600068,5.05600068,5.05600068,5.05600068,5.15417545,5.05600068
55.729130030,C01,AP01,client_to_ap,VHT,2,2,2,80,SU,1,4,122,6637c97e16e6ce8a,6,-68.0,1.03083509,1.03083509,1.03083509,1.03083509,1.03083509,1.03083509,1.12900986,1.12900986,1.12900986,1.12900986,1.12900986,1.12900986,1.12900986,1.12900986,1.12900986,1.12900986,1.12900986,1.12900986,1.12900986,1.12900986,1.12900986,1.12900986,1.12900986,1.12900986,1.12900986,1.12900986,1.12900986,1.12900986,1.12900986,1.12900986,1.12900986,1.12900986,1.12900986,1.12900986,1.12900986,1.12900986,1.12900986,1.12900986,1.12900986,1.12900986,1.12900986,1.12900986,1.12900986,1.12900986,1.12900986,1.12900986,1.12900986,1.12900986,1.12900986,1.12900986,1.03083509,1.12900986,1.03083509,1.03083509,1.03083509,1.03083509,1.03083509,1.03083509,1.03083509,1.03083509,1.03083509,1.03083509,1.03083509,1.03083509,1.03083509,1.03083509,1.03083509,1.03083509,0.932660319,0.932660319,1.03083509,0.932660319,0.932660319,0.932660319,0.932660319,0.932660319,0.932660319,0.932660319,0.932660319,0.932660319,0.932660319,0.932660319,0.932660319,0.932660319,0.932660319,0.834485549,0.932660319,0.834485549,0.834485549,0.834485549,0.834485549,0.834485549,0.736310778,0.736310778,0.736310778,0.736310778,0.638136008,0.638136008,0.638136008,0.638136008,0.638136008,0.736310778,0.736310778,0.736310778,0.638136008,0.638136008,0.736310778,0.736310778,0.736310778,0.736310778,0.736310778,0.736310778,0.736310778,0.834485549,0.834485549,0.834485549,0.834485549,0.834485549,0.932660319,0.932660319,0.932660319,0.932660319,3.9760782,3.9760782,4.07425297,4.07425297,4.07425297,4.17242774,4.07425297,4.17242774,4.17242774,4.17242774,4.07425297,4.17242774,4.17242774,4.17242774,4.17242774,4.17242774,4.17242774,4.07425297,4.07425297,4.07425297,4.07425297,4.07425297,4.07425297,4.07425297,4.07425297,4.07425297,4.07425297,4.07425297,4.07425297,3.9760782,3.9760782,3.9760782,3.9760782,3.9760782,3.9760782,3.9760782,3.9760782,3.9760782,3.9760782,3.9760782,3.9760782,3.9760782,3.9760782,3.9760782,3.9760782,3.87790343,3.87790343,3.87790343,3.87790343,3.87790343,3.87790343,3.87790343,3.87790343,3.87790343,3.87790343,3.87790343,3.87790343,3.87790343,3.87790343,3.87790343,3.87790343,3.87790343,3.87790343,3.87790343,3.87790343,3.87790343,3.87790343,3.9760782,3.9760782,3.9760782,3.9760782,3.9760782,3.9760782,3.9760782,4.07425297,4.07425297,4.07425297,4.07425297,4.07425297,4.07425297,4.07425297,4.07425297,4.07425297,4.07425297,4.07425297,4.07425297,4.07425297,4.07425297,4.07425297,4.07425297,4.07425297,4.07425297,4.07425297,4.07425297,4.17242774,4.17242774,4.27060251,4.36877728,4.36877728,4.46695205,4.56512682,4.56512682,4.6633016,4.6633016,4.76147637,4.76147637,4.76147637,4.85965114,4.95782591,4.85965114,4.85965114,4.95782591,4.95782591,5.05600068,5.05600068,5.05600068,5.05600068,5.05600068,5.05600068,5.05600068,5.05600068,5.15417545
57.060920954,C01,AP01,client_to_ap,VHT,2,2,2,80,SU,1,4,122,6637c97e16e6ce8a,6,-68.0,1.03083509,1.03083509,1.03083509,1.03083509,1.03083509,1.03083509,1.03083509,1.03083509,1.12900986,1.03083509,1.12900986,1.03083509,1.12900986,1.12900986,1.12900986,1.12900986,1.12900986,1.12900986,1.12900986,1.12900986,1.12900986,1.12900986,1.12900986,1.12900986,1.12900986,1.12900986,1.12900986,1.12900986,1.12900986,1.12900986,1.12900986,1.12900986,1.12900986,1.12900986,1.12900986,1.12900986,1.12900986,1.12900986,1.12900986,1.12900986,1.12900986,1.12900986,1.12900986,1.12900986,1.12900986,1.12900986,1.12900986,1.12900986,1.03083509,1.12900986,1.03083509,1.03083509,1.03083509,1.03083509,1.03083509,1.03083509,1.03083509,1.03083509,1.03083509,1.03083509,1.03083509,1.03083509,1.03083509,1.03083509,1.03083509,1.03083509,1.03083509,0.932660319,0.932660319,0.932660319,0.932660319,0.932660319,0.932660319,0.932660319,0.932660319,0.932660319,0.932660319,0.932660319,0.932660319,0.932660319,0.932660319,0.932660319,0.932660319,0.932660319,0.932660319,0.834485549,0.834485549,0.834485549,0.834485549,0.834485549,0.834485549,0.736310778,0.736310778,0.736310778,0.736310778,0.736310778,0.736310778,0.736310778,0.638136008,0.638136008,0.638136008,0.638136008,0.638136008,0.638136008,0.736310778,0.638136008,0.736310778,0.736310778,0.736310778,0.736310778,0.736310778,0.736310778,0.834485549,0.834485549,0.834485549,0.834485549,0.834485549,0.834485549,0.932660319,0.932660319,0.932660319,0.932660319,3.9760782,4.07425297,3.9760782,4.07425297,4.07425297,4.07425297,4.07425297,4.17242774,4.17242774,4.17242774,4.17242774,4.17242774,4.17242774,4.17242774,4.17242774,4.17242774,4.07425297,4.07425297,4.17242774,4.07425297,4.07425297,4.07425297,4.07425297,4.07425297,4.07425297,4.07425297,4.07425297,4.07425297,4.07425297,4.07425297,4.07425297,4.07425297,3.9760782,3.9760782,3.9760782,3.9760782,3.9760782,3.9760782,3.9760782,3.9760782,3.9760782,3.9760782,3.9760782,3.9760782,3.9760782,3.87790343,3.87790343,3.9760782,3.87790343,3.87790343,3.87790343,3.87790343,3.87790343,3.87790343,3.87790343,3.87790343,3.87790343,3.87790343,3.87790343,3.87790343,3.87790343,3.87790343,3.87790343,3.87790343,3.87790343,3.87790343,3.87790343,3.9760782,3.9760782,3.9760782,3.9760782,3.9760782,3.9760782,3.9760782,4.07425297,3.9760782,4.07425297,4.07425297,4.07425297,4.07425297,4.07425297,4.07425297,4.07425297,4.07425297,4.07425297,4.07425297,3.9760782,4.07425297,3.9760782,4.07425297,4.07425297,4.07425297,4.17242774,4.17242774,4.17242774,4.27060251,4.27060251,4.36877728,4.36877728,4.46695205,4.56512682,4.56512682,4.6633016,4.6633016,4.76147637,4.76147637,4.85965114,4.85965114,4.85965114,4.95782591,4.95782591,4.95782591,4.95782591,4.95782591,5.05600068,5.05600068,5.05600068,5.05600068,5.05600068,5.05600068,5.05600068,5.15417545
58.392227888,C01,AP01,client_to_ap,VHT,2,2,2,80,SU,1,4,122,6637c97e16e6ce8a,6,-68.0,1.03083509,1.03083509,1.03083509,1.03083509,1.03083509,1.03083509,1.03083509,1.03083509,1.03083509,1.03083509,1.03083509,1.12900986,1.12900986,1.03083509,1.12900986,1.12900986,1.12900986,1.12900986,1.12900986,1.12900986,1.12900986,1.12900986,1.12900986,1.12900986,1.12900986,1.12900986,1.12900986,1.12900986,1.12900986,1.12900986,1.12900986,1.12900986,1.12900986,1.12900986,1.12900986,1.12900986,1.12900986,1.12900986,1.12900986,1.12900986,1.12900986,1.12900986,1.12900986,1.12900986,1.12900986,1.12900986,1.12900986,1.03083509,1.03083509,1.03083509,1.03083509,1.03083509,1.03083509,1.03083509,1.03083509,1.03083509,1.03083509,1.03083509,1.03083509,1.03083509,1.03083509,1.03083509,1.03083509,1.03083509,1.03083509,1.03083509,1.03083509,1.03083509,0.932660319,0.932660319,0.932660319,1.03083509,0.932660319,0.932660319,0.932660319,0.932660319,0.932660319,0.932660319,0.932660319,0.932660319,0.932660319,0.932660319,0.932660319,0.932660319,0.834485549,0.834485549,0.834485549,0.834485549,0.834485549,0.834485549,0.834485549,0.834485549,0.736310778,0.736310778,0.736310778,0.736310778,0.638136008,0.638136008,0.638136008,0.638136008,0.638136008,0.638136008,0.638136008,0.638136008,0.638136008,0.638136008,0.736310778,0.736310778,0.736310778,0.736310778,0.736310778,0.736310778,0.834485549,0.834485549,0.834485549,0.834485549,0.834485549,0.932660319,0.932660319,0.932660319,0.932660319,0.932660319,3.9760782,3.9760782,3.9760782,4.07425297,4.07425297,4.07425297,4.07425297,4.07425297,4.07425297,4.17242774,4.07425297,4.17242774,4.07425297,4.07425297,4.07425297,4.07425297,4.07425297,4.07425297,4.07425297,4.07425297,4.07425297,4.07425297,4.07425297,4.07425297,4.07425297,4.07425297,4.07425297,3.9760782,4.07425297,3.9760782,3.9760782,3.9760782,3.9760782,3.9760782,3.9760782,3.9760782,3.9760782,3.9760782,3.9760782,3.87790343,3.9760782,3.87790343,3.87790343,3.87790343,3.87790343,3.87790343,3.87790343,3.87790343,3.87790343,3.87790343,3.87790343,3.87790343,3.87790343,3.87790343,3.87790343,3.87790343,3.87790343,3.77972866,3.87790343,3.87790343,3.87790343,3.87790343,3.87790343,3.87790343,3.87790343,3.87790343,3.87790343,3.87790343,3.87790343,3.87790343,3.9760782,3.9760782,3.9760782,3.9760782,3.9760782,3.9760782,3.9760782,3.9760782,3.9760782,3.9760782,3.9760782,3.9760782,3.9760782,3.9760782,3.9760782,3.9760782,3.9760782,3.9760782,3.9760782,3.9760782,3.9760782,3.9760782,4.07425297,4.07425297,4.07425297,4.17242774,4.17242774,4.27060251,4.27060251,4.36877728,4.46695205,4.46695205,4.56512682,4.6633016,4.6633016,4.76147637,4.85965114,4.85965114,4.85965114,4.95782591,4.95782591,4.95782591,4.95782591,4.95782591,4.95782591,4.95782591,5.05600068,5.05600068,5.05600068,5.05600068,5.05600068,5.05600068
61.060657024,C01,AP01,client_to_ap,VHT,2,2,2,80,SU,1,4,122,6637c97e16e6ce8a,6,-68.0,1.03083509,1.03083509,1.03083509,1.03083509,1.03083509,1.03083509,1.03083509,1.12900986,1.03083509,1.12900986,1.12900986,1.12900986,1.12900986,1.12900986,1.12900986,1.12900986,1.12900986,1.12900986,1.12900986,1.12900986,1.12900986,1.12900986,1.12900986,1.12900986,1.12900986,1.12900986,1.12900986,1.12900986,1.12900986,1.12900986,1.12900986,1.12900986,1.12900986,1.12900986,1.12900986,1.12900986,1.12900986,1.12900986,1.12900986,1.12900986,1.12900986,1.12900986,1.12900986,1.12900986,1.12900986,1.12900986,1.12900986,1.12900986,1.12900986,1.03083509,1.03083509,1.03083509,1.03083509,1.03083509,1.03083509,1.03083509,1.03083509,1.03083509,1.03083509,1.03083509,1.03083509,1.03083509,1.03083509,1.03083509,0.932660319,0.932660319,1.03083509,0.932660319,0.932660319,0.932660319,0.932660319,0.932660319,0.932660319,0.932660319,0.932660319,0.932660319,0.932660319,0.932660319,0.932660319,0.932660319,0.932660319,0.932660319,0.932660319,0.932660319,0.932660319,0.834485549,0.834485549,0.834485549,0.834485549,0.834485549,0.834485549,0.834485549,0.834485549,0.834485549,0.736310778,0.736310778,0.736310778,0.736310778,0.736310778,0.736310778,0.736310778,0.736310778,0.736310778,0.736310778,0.736310778,0.736310778,0.736310778,0.736310778,0.736310778,0.736310778,0.834485549,0.834485549,0.834485549,0.834485549,0.834485549,0.834485549,0.834485549,0.932660319,0.932660319,0.932660319,0.932660319,0.932660319,3.9760782,3.9760782,3.9760782,3.9760782,4.07425297,4.07425297,4.07425297,4.07425297,4.07425297,4.07425297,4.07425297,4.07425297,4.17242774,4.07425297,4.07425297,4.07425297,4.07425297,4.07425297,4.07425297,4.07425297,4.07425297,4.07425297,4.07425297,4.07425297,4.07425297,4.07425297,3.9760782,3.9760782,3.9760782,3.9760782,3.9760782,4.07425297,3.9760782,3.9760782,3.9760782,3.9760782,3.9760782,3.9760782,3.9760782,3.9760782,3.9760782,3.9760782,3.9760782,3.87790343,3.87790343,3.87790343,3.87790343,3.87790343,3.87790343,3.87790343,3.87790343,3.87790343,3.87790343,3.87790343,3.87790343,3.87790343,3.87790343,3.87790343,3.87790343,3.87790343,3.87790343,3.87790343,3.87790343,3.87790343,3.87790343,3.87790343,3.87790343,3.9760782,3.87790343,3.9760782,3.9760782,3.9760782,3.9760782,4.07425297,3.9760782,4.07425297,4.07425297,4.07425297,4.07425297,4.07425297,4.07425297,4.07425297,4.07425297,4.07425297,4.07425297,4.07425297,4.07425297,4.17242774,4.17242774,4.17242774,4.17242774,4.27060251,4.17242774,4.17242774,4.27060251,4.27060251,4.27060251,4.36877728,4.36877728,4.46695205,4.56512682,4.56512682,4.6633016,4.6633016,4.6633016,4.76147637,4.85965114,4.85965114,4.85965114,4.95782591,4.95782591,4.95782591,4.95782591,4.95782591,4.95782591,4.95782591,5.05600068,5.05600068,5.05600068,5.05600068,5.05600068,5.05600068
62.392905951,C01,AP01,client_to_ap,VHT,2,2,2,80,SU,1,4,122,6637c97e16e6ce8a,6,-68.0,1.03083509,1.03083509,1.03083509,1.03083509,1.03083509,1.03083509,1.03083509,1.12900986,1.12900986,1.12900986,1.12900986,1.12900986,1.12900986,1.12900986,1.12900986,1.12900986,1.12900986,1.12900986,1.12900986,1.12900986,1.12900986,1.12900986,1.12900986,1.12900986,1.12900986,1.12900986,1.12900986,1.12900986,1.12900986,1.12900986,1.12900986,1.12900986,1.12900986,1.12900986,1.12900986,1.12900986,1.12900986,1.12900986,1.12900986,1.12900986,1.12900986,1.12900986,1.12900986,1.12900986,1.12900986,1.12900986,1.12900986,1.12900986,1.12900986,1.03083509,1.03083509,1.03083509,1.03083509,1.03083509,1.03083509,1.03083509,1.03083509,1.03083509,1.03083509,1.03083509,1.03083509,1.03083509,1.03083509,1.03083509,1.03083509,1.03083509,1.03083509,1.03083509,0.932660319,0.932660319,0.932660319,0.932660319,0.932660319,0.932660319,0.932660319,0.932660319,0.932660319,0.932660319,0.932660319,0.932660319,0.932660319,0.932660319,0.932660319,0.932660319,0.932660319,0.834485549,0.834485549,0.834485549,0.834485549,0.834485549,0.834485549,0.834485549,0.834485549,0.834485549,0.736310778,0.736310778,0.736310778,0.736310778,0.736310778,0.736310778,0.638136008,0.736310778,0.736310778,0.736310778,0.736310778,0.736310778,0.736310778,0.736310778,0.736310778,0.736310778,0.736310778,0.834485549,0.834485549,0.834485549,0.834485549,0.834485549,0.834485549,0.932660319,0.932660319,0.932660319,0.932660319,0.932660319,3.9760782,4.07425297,3.9760782,4.07425297,4.07425297,4.07425297,4.07425297,4.07425297,4.07425297,4.07425297,4.07425297,4.07425297,4.07425297,4.07425297,4.07425297,4.07425297,4.07425297,4.07425297,4.07425297,4.07425297,4.07425297,4.07425297,4.07425297,4.07425297,4.07425297,3.9760782,3.9760782,4.07425297,3.9760782,3.9760782,3.9760782,3.9760782,3.9760782,3.9760782,3.9760782,3.9760782,3.9760782,3.9760782,3.9760782,3.9760782,3.9760782,3.9760782,3.87790343,3.87790343,3.87790343,3.87790343,3.87790343,3.87790343,3.87790343,3.87790343,3.87790343,3.87790343,3.87790343,3.87790343,3.77972866,3.87790343,3.87790343,3.87790343,3.77972866,3.87790343,3.87790343,3.87790343,3.87790343,3.87790343,3.87790343,3.87790343,3.87790343,3.9760782,3.9760782,3.9760782,3.9760782,3.9760782,3.9760782,3.9760782,3.9760782,4.07425297,4.07425297,4.07425297,4.07425297,4.07425297,4.07425297,4.07425297,4.07425297,4.07425297,4.07425297,4.07425297,4.07425297,4.07425297,4.07425297,4.07425297,4.07425297,4.17242774,4.17242774,4.17242774,4.17242774,4.27060251,4.27060251,4.27060251,4.36877728,4.46695205,4.46695205,4.56512682,4.56512682,4.6633016,4.6633016,4.76147637,4.76147637,4.85965114,4.85965114,4.95782591,4.95782591,4.95782591,4.95782591,4.95782591,4.95782591,4.95782591,5.05600068,5.05600068,5.05600068,5.05600068,5.05600068,5.05600068
63.728626013,C01,AP01,client_to_ap,VHT,2,2,2,80,SU,1,4,122,6637c97e16e6ce8a,6,-68.0,1.03083509,1.03083509,1.03083509,1.03083509,1.03083509,1.03083509,1.12900986,1.03083509,1.12900986,1.12900986,1.12900986,1.12900986,1.12900986,1.12900986,1.12900986,1.12900986,1.12900986,1.12900986,1.12900986,1.12900986,1.12900986,1.12900986,1.12900986,1.12900986,1.12900986,1.12900986,1.12900986,1.12900986,1.12900986,1.12900986,1.12900986,1.12900986,1.12900986,1.12900986,1.12900986,1.12900986,1.12900986,1.12900986,1.12900986,1.12900986,1.12900986,1.12900986,1.12900986,1.12900986,1.12900986,1.12900986,1.12900986,1.12900986,1.12900986,1.12900986,1.12900986,1.03083509,1.03083509,1.12900986,1.03083509,1.03083509,1.03083509,1.03083509,1.03083509,1.03083509,1.03083509,1.03083509,1.03083509,1.03083509,1.03083509,1.03083509,0.932660319,0.932660319,0.932660319,0.932660319,0.932660319,0.932660319,0.932660319,0.932660319,0.932660319,0.932660319,0.932660319,0.932660319,0.932660319,0.932660319,0.932660319,0.932660319,0.932660319,0.932660319,0.932660319,0.834485549,0.834485549,0.834485549,0.834485549,0.834485549,0.834485549,0.834485549,0.834485549,0.736310778,0.736310778,0.736310778,0.736310778,0.638136008,0.638136008,0.638136008,0.638136008,0.638136008,0.638136008,0.736310778,0.736310778,0.736310778,0.736310778,0.736310778,0.736310778,0.736310778,0.736310778,0.834485549,0.834485549,0.834485549,0.834485549,0.834485549,0.834485549,0.834485549,0.932660319,0.932660319,0.932660319,0.932660319,3.9760782,4.07425297,3.9760782,4.07425297,4.07425297,4.07425297,4.07425297,4.07425297,4.17242774,4.17242774,4.17242774,4.17242774,4.07425297,4.17242774,4.17242774,4.17242774,4.07425297,4.07425297,4.07425297,4.17242774,4.07425297,4.07425297,4.07425297,4.07425297,4.07425297,4.07425297,4.07425297,3.9760782,4.07425297,4.07425297,4.07425297,3.9760782,3.9760782,3.9760782,4.07425297,3.9760782,3.9760782,3.9760782,3.9760782,3.9760782,3.87790343,3.9760782,3.87790343,3.9760782,3.9760782,3.87790343,3.87790343,3.87790343,3.87790343,3.87790343,3.87790343,3.87790343,3.87790343,3.87790343,3.87790343,3.87790343,3.87790343,3.87790343,3.87790343,3.87790343,3.87790343,3.87790343,3.87790343,3.87790343,3.87790343,3.87790343,3.87790343,3.9760782,3.9760782,3.9760782,3.9760782,3.9760782,3.9760782,3.9760782,4.07425297,4.07425297,4.07425297,4.07425297,4.07425297,4.07425297,4.07425297,4.07425297,4.07425297,4.07425297,4.07425297,4.07425297,4.07425297,4.07425297,4.07425297,4.07425297,4.07425297,4.17242774,4.17242774,4.17242774,4.17242774,4.27060251,4.27060251,4.36877728,4.36877728,4.36877728,4.46695205,4.56512682,4.6633016,4.6633016,4.76147637,4.76147637,4.76147637,4.85965114,4.85965114,4.95782591,4.95782591,4.95782591,4.95782591,5.05600068,5.05600068,5.05600068,5.05600068,5.05600068,5.05600068,5.05600068,5.05600068,5.15417545
65.061065912,C01,AP01,client_to_ap,VHT,2,2,2,80,SU,1,4,122,6637c97e16e6ce8a,6,-68.0,1.03083509,1.03083509,1.03083509,1.03083509,1.03083509,1.03083509,1.03083509,1.12900986,1.12900986,1.12900986,1.03083509,1.12900986,1.12900986,1.12900986,1.12900986,1.12900986,1.12900986,1.12900986,1.12900986,1.12900986,1.12900986,1.12900986,1.12900986,1.12900986,1.12900986,1.12900986,1.12900986,1.12900986,1.12900986,1.12900986,1.12900986,1.12900986,1.12900986,1.12900986,1.12900986,1.12900986,1.12900986,1.12900986,1.12900986,1.12900986,1.12900986,1.12900986,1.12900986,1.12900986,1.12900986,1.12900986,1.12900986,1.03083509,1.03083509,1.12900986,1.03083509,1.03083509,1.03083509,1.03083509,1.03083509,1.03083509,1.03083509,1.03083509,1.03083509,1.03083509,1.03083509,1.03083509,1.03083509,1.03083509,1.03083509,1.03083509,1.03083509,0.932660319,0.932660319,0.932660319,1.03083509,0.932660319,0.932660319,0.932660319,0.932660319,0.932660319,0.932660319,0.932660319,0.932660319,0.932660319,0.932660319,0.932660319,0.932660319,0.932660319,0.932660319,0.834485549,0.932660319,0.834485549,0.834485549,0.834485549,0.834485549,0.834485549,0.736310778,0.736310778,0.736310778,0.736310778,0.736310778,0.638136008,0.736310778,0.638136008,0.638136008,0.638136008,0.638136008,0.638136008,0.638136008,0.736310778,0.736310778,0.736310778,0.736310778,0.736310778,0.736310778,0.736310778,0.834485549,0.834485549,0.834485549,0.834485549,0.834485549,0.932660319,0.932660319,0.932660319,0.932660319,0.932660319,3.9760782,4.07425297,4.07425297,4.07425297,4.07425297,4.07425297,4.07425297,4.07425297,4.07425297,4.17242774,4.07425297,4.07425297,4.07425297,4.07425297,4.07425297,4.07425297,4.07425297,4.07425297,4.07425297,4.07425297,4.07425297,4.07425297,4.07425297,4.07425297,4.07425297,3.9760782,4.07425297,3.9760782,4.07425297,4.07425297,3.9760782,3.9760782,3.9760782,3.9760782,3.9760782,3.9760782,3.9760782,3.9760782,3.9760782,3.9760782,3.9760782,3.87790343,3.87790343,3.87790343,3.87790343,3.87790343,3.87790343,3.87790343,3.87790343,3.87790343,3.87790343,3.87790343,3.87790343,3.87790343,3.77972866,3.77972866,3.77972866,3.87790343,3.77972866,3.77972866,3.87790343,3.87790343,3.87790343,3.87790343,3.87790343,3.87790343,3.87790343,3.9760782,3.9760782,3.9760782,3.9760782,3.9760782,3.9760782,3.9760782,3.9760782,3.9760782,3.9760782,4.07425297,3.9760782,3.9760782,4.07425297,3.9760782,3.9760782,4.07425297,3.9760782,3.9760782,4.07425297,4.07425297,3.9760782,4.07425297,4.07425297,4.07425297,4.07425297,4.07425297,4.17242774,4.17242774,4.27060251,4.27060251,4.27060251,4.36877728,4.46695205,4.56512682,4.56512682,4.6633016,4.6633016,4.76147637,4.85965114,4.85965114,4.85965114,4.95782591,4.85965114,4.95782591,4.95782591,4.95782591,4.95782591,5.05600068,4.95782591,5.05600068,5.05600068,5.05600068,5.05600068,4.95782591
66.393042088,C01,AP01,client_to_ap,VHT,2,2,2,80,SU,1,4,122,6637c97e16e6ce8a,6,-68.0,1.03083509,1.03083509,1.03083509,1.03083509,1.03083509,1.12900986,1.03083509,1.12900986,1.03083509,1.12900986,1.12900986,1.12900986,1.12900986,1.12900986,1.12900986,1.12900986,1.12900986,1.12900986,1.12900986,1.12900986,1.12900986,1.12900986,1.12900986,1.12900986,1.12900986,1.12900986,1.12900986,1.12900986,1.12900986,1.12900986,1.12900986,1.12900986,1.12900986,1.12900986,1.12900986,1.12900986,1.12900986,1.12900986,1.12900986,1.12900986,1.12900986,1.12900986,1.12900986,1.12900986,1.12900986,1.12900986,1.12900986,1.12900986,1.03083509,1.12900986,1.03083509,1.03083509,1.03083509,1.03083509,1.03083509,1.03083509,1.03083509,1.03083509,1.03083509,1.03083509,1.03083509,1.03083509,1.03083509,1.03083509,1.03083509,1.03083509,0.932660319,0.932660319,0.932660319,0.932660319,0.932660319,0.932660319,0.932660319,0.932660319,0.932660319,0.932660319,0.932660319,0.932660319,0.932660319,0.932660319,0.932660319,0.932660319,0.932660319,0.932660319,0.932660319,0.932660319,0.834485549,0.834485549,0.834485549,0.834485549,0.834485549,0.834485549,0.736310778,0.736310778,0.736310778,0.736310778,0.736310778,0.736310778,0.736310778,0.638136008,0.638136008,0.638136008,0.638136008,0.638136008,0.638136008,0.736310778,0.736310778,0.736310778,0.736310778,0.736310778,0.736310778,0.736310778,0.834485549,0.834485549,0.834485549,0.834485549,0.834485549,0.834485549,0.932660319,0.932660319,0.932660319,0.932660319,3.9760782,4.07425297,4.07425297,4.07425297,4.07425297,4.07425297,4.07425297,4.07425297,4.17242774,4.07425297,4.07425297,4.17242774,4.07425297,4.07425297,4.17242774,4.07425297,4.07425297,4.07425297,4.07425297,4.07425297,4.07425297,4.07425297,4.07425297,4.07425297,4.07425297,4.07425297,4.07425297,4.07425297,4.07425297,3.9760782,3.9760782,3.9760782,3.9760782,3.9760782,3.9760782,3.9760782,3.9760782,3.9760782,3.9760782,3.9760782,3.9760782,3.87790343,3.87790343,3.87790343,3.87790343,3.87790343,3.87790343,3.87790343,3.87790343,3.87790343,3.87790343,3.87790343,3.77972866,3.87790343,3.87790343,3.87790343,3.77972866,3.77972866,3.77972866,3.87790343,3.87790343,3.87790343,3.87790343,3.87790343,3.87790343,3.87790343,3.87790343,3.9760782,3.9760782,3.9760782,3.9760782,3.9760782,4.07425297,4.07425297,4.07425297,4.07425297,4.07425297,4.07425297,4.07425297,4.07425297,4.07425297,4.07425297,4.07425297,4.07425297,4.07425297,4.07425297,4.07425297,4.07425297,4.07425297,4.07425297,4.07425297,4.17242774,4.07425297,4.17242774,4.17242774,4.17242774,4.27060251,4.36877728,4.36877728,4.46695205,4.46695205,4.56512682,4.6633016,4.6633016,4.6633016,4.76147637,4.85965114,4.85965114,4.85965114,4.85965114,4.95782591,4.95782591,4.95782591,4.95782591,5.05600068,5.05600068,5.05600068,5.05600068,5.05600068,5.05600068,5.05600068,5.15417545
67.729186058,C01,AP01,client_to_ap,VHT,2,2,2,80,SU,1,4,122,6637c97e16e6ce8a,6,-68.0,1.03083509,1.03083509,1.03083509,1.03083509,1.03083509,1.03083509,1.03083509,1.12900986,1.03083509,1.12900986,1.12900986,1.12900986,1.12900986,1.03083509,1.12900986,1.12900986,1.12900986,1.12900986,1.12900986,1.12900986,1.12900986,1.12900986,1.12900986,1.12900986,1.12900986,1.12900986,1.12900986,1.12900986,1.12900986,1.12900986,1.12900986,1.12900986,1.12900986,1.12900986,1.12900986,1.12900986,1.12900986,1.12900986,1.12900986,1.12900986,1.12900986,1.12900986,1.12900986,1.12900986,1.12900986,1.12900986,1.12900986,1.12900986,1.03083509,1.12900986,1.03083509,1.03083509,1.03083509,1.03083509,1.03083509,1.03083509,1.03083509,1.03083509,1.03083509,1.03083509,1.03083509,1.03083509,1.03083509,1.03083509,0.932660319,1.03083509,0.932660319,0.932660319,0.932660319,0.932660319,0.932660319,0.932660319,0.932660319,0.932660319,0.932660319,0.932660319,0.932660319,0.932660319,0.932660319,0.932660319,0.932660319,0.932660319,0.932660319,0.834485549,0.834485549,0.834485549,0.834485549,0.834485549,0.834485549,0.834485549,0.834485549,0.834485549,0.736310778,0.736310778,0.736310778,0.736310778,0.638136008,0.638136008,0.638136008,0.638136008,0.638136008,0.638136008,0.638136008,0.638136008,0.638136008,0.736310778,0.736310778,0.736310778,0.736310778,0.736310778,0.736310778,0.834485549,0.834485549,0.834485549,0.834485549,0.834485549,0.834485549,0.932660319,0.932660319,0.932660319,0.932660319,1.03083509,3.9760782,3.9760782,3.9760782,4.07425297,4.07425297,3.9760782,4.07425297,4.07425297,4.07425297,4.07425297,4.07425297,4.07425297,4.07425297,4.07425297,4.07425297,4.07425297,4.07425297,4.07425297,4.07425297,4.07425297,4.07425297,4.07425297,4.07425297,4.07425297,4.07425297,4.07425297,4.07425297,4.07425297,4.07425297,3.9760782,4.07425297,4.07425297,4.07425297,3.9760782,3.9760782,3.9760782,3.9760782,3.9760782,3.9760782,3.9760782,3.9760782,3.87790343,3.9760782,3.9760782,3.87790343,3.87790343,3.87790343,3.87790343,3.87790343,3.87790343,3.87790343,3.87790343,3.87790343,3.87790343,3.77972866,3.77972866,3.87790343,3.87790343,3.87790343,3.87790343,3.87790343,3.87790343,3.87790343,3.87790343,3.87790343,3.9760782,3.9760782,3.9760782,3.9760782,3.9760782,3.9760782,3.9760782,4.07425297,4.07425297,4.07425297,4.07425297,4.07425297,4.07425297,4.07425297,4.07425297,4.07425297,4.07425297,4.07425297,4.07425297,4.07425297,4.07425297,3.9760782,4.07425297,4.07425297,4.07425297,4.07425297,4.07425297,4.07425297,4.17242774,4.17242774,4.27060251,4.27060251,4.36877728,4.36877728,4.46695205,4.46695205,4.56512682,4.6633016,4.76147637,4.76147637,4.85965114,4.85965114,4.85965114,4.95782591,4.95782591,4.95782591,5.05600068,5.05600068,5.05600068,5.05600068,5.15417545,5.05600068,5.15417545,5.15417545,5.15417545,5.15417545,5.15417545
69.060810089,C01,AP01,client_to_ap,VHT,2,2,2,80,SU,1,4,122,6637c97e16e6ce8a,6,-68.0,1.03083509,1.03083509,1.03083509,1.03083509,1.03083509,1.12900986,1.03083509,1.03083509,1.12900986,1.12900986,1.12900986,1.12900986,1.12900986,1.12900986,1.12900986,1.12900986,1.12900986,1.12900986,1.12900986,1.12900986,1.12900986,1.12900986,1.12900986,1.12900986,1.12900986,1.12900986,1.12900986,1.12900986,1.12900986,1.12900986,1.12900986,1.12900986,1.12900986,1.12900986,1.12900986,1.12900986,1.12900986,1.12900986,1.12900986,1.12900986,1.12900986,1.12900986,1.12900986,1.12900986,1.12900986,1.12900986,1.12900986,1.12900986,1.12900986,1.12900986,1.12900986,1.12900986,1.12900986,1.03083509,1.03083509,1.03083509,1.03083509,1.03083509,1.03083509,1.03083509,1.03083509,1.03083509,1.03083509,1.03083509,1.03083509,1.03083509,1.03083509,1.03083509,1.03083509,1.03083509,1.03083509,0.932660319,0.932660319,0.932660319,0.932660319,0.932660319,0.932660319,0.932660319,0.932660319,0.932660319,0.932660319,0.932660319,0.932660319,0.932660319,0.834485549,0.834485549,0.834485549,0.834485549,0.834485549,0.834485549,0.834485549,0.736310778,0.736310778,0.736310778,0.736310778,0.736310778,0.736310778,0.638136008,0.638136008,0.638136008,0.638136008,0.638136008,0.638136008,0.736310778,0.736310778,0.736310778,0.736310778,0.736310778,0.736310778,0.736310778,0.736310778,0.834485549,0.834485549,0.834485549,0.834485549,0.834485549,0.834485549,0.932660319,0.932660319,0.932660319,0.932660319,0.932660319,4.07425297,3.9760782,4.07425297,4.07425297,4.07425297,4.07425297,4.07425297,4.07425297,4.17242774,4.07425297,4.07425297,4.17242774,4.07425297,4.17242774,4.17242774,4.07425297,4.07425297,4.07425297,4.07425297,4.07425297,4.07425297,4.07425297,4.07425297,4.07425297,4.07425297,4.07425297,4.07425297,4.07425297,4.07425297,3.9760782,3.9760782,4.07425297,3.9760782,3.9760782,3.9760782,3.9760782,3.9760782,3.9760782,3.9760782,3.9760782,3.9760782,3.87790343,3.87790343,3.87790343,3.87790343,3.87790343,3.87790343,3.87790343,3.87790343,3.87790343,3.87790343,3.87790343,3.87790343,3.77972866,3.77972866,3.77972866,3.87790343,3.77972866,3.77972866,3.87790343,3.87790343,3.77972866,3.87790343,3.87790343,3.87790343,3.87790343,3.87790343,3.87790343,3.87790343,3.87790343,3.9760782,3.9760782,3.9760782,3.9760782,3.9760782,3.9760782,3.9760782,3.9760782,3.9760782,3.9760782,3.9760782,3.9760782,3.9760782,3.9760782,3.9760782,3.9760782,3.9760782,3.9760782,4.07425297,4.07425297,4.07425297,4.07425297,4.07425297,4.17242774,4.17242774,4.27060251,4.27060251,4.27060251,4.36877728,4.46695205,4.46695205,4.56512682,4.6633016,4.6633016,4.76147637,4.76147637,4.85965114,4.85965114,4.85965114,4.95782591,4.95782591,4.95782591,4.95782591,5.05600068,5.05600068,5.05600068,5.05600068,5.05600068,5.15417545,5.15417545,5.15417545,5.15417545
70.396503925,C01,AP01,client_to_ap,VHT,2,2,2,80,SU,1,4,122,6637c97e16e6ce8a,6,-68.0,1.03083509,1.03083509,1.03083509,1.03083509,1.03083509,1.03083509,1.03083509,1.12900986,1.12900986,1.12900986,1.12900986,1.12900986,1.12900986,1.12900986,1.12900986,1.12900986,1.12900986,1.12900986,1.12900986,1.12900986,1.12900986,1.12900986,1.12900986,1.12900986,1.12900986,1.12900986,1.12900986,1.12900986,1.12900986,1.12900986,1.12900986,1.12900986,1.12900986,1.12900986,1.12900986,1.12900986,1.12900986,1.12900986,1.12900986,1.12900986,1.12900986,1.12900986,1.12900986,1.12900986,1.12900986,1.12900986,1.12900986,1.12900986,1.12900986,1.12900986,1.12900986,1.03083509,1.03083509,1.03083509,1.03083509,1.03083509,1.03083509,1.03083509,1.03083509,1.03083509,1.03083509,1.03083509,1.03083509,1.03083509,1.03083509,1.03083509,1.03083509,1.03083509,0.932660319,1.03083509,0.932660319,0.932660319,0.932660319,0.932660319,0.932660319,0.932660319,0.932660319,0.932660319,0.932660319,0.932660319,0.932660319,0.932660319,0.932660319,0.932660319,0.932660319,0.834485549,0.834485549,0.834485549,0.834485549,0.834485549,0.834485549,0.736310778,0.736310778,0.736310778,0.736310778,0.736310778,0.736310778,0.638136008,0.638136008,0.638136008,0.638136008,0.638136008,0.638136008,0.638136008,0.736310778,0.638136008,0.736310778,0.736310778,0.736310778,0.736310778,0.736310778,0.736310778,0.834485549,0.834485549,0.834485549,0.834485549,0.834485549,0.834485549,0.932660319,0.932660319,0.932660319,0.932660319,3.9760782,3.9760782,4.07425297,4.07425297,4.07425297,4.07425297,4.07425297,4.07425297,4.17242774,4.17242774,4.07425297,4.17242774,4.07425297,4.17242774,4.17242774,4.07425297,4.07425297,4.07425297,4.07425297,4.07425297,4.07425297,4.07425297,4.07425297,4.07425297,4.07425297,3.9760782,3.9760782,4.07425297,3.9760782,3.9760782,3.9760782,3.9760782,3.9760782,3.9760782,3.9760782,3.9760782,3.9760782,3.9760782,3.87790343,3.87790343,3.87790343,3.87790343,3.87790343,3.87790343,3.87790343,3.87790343,3.77972866,3.77972866,3.77972866,3.77972866,3.77972866,3.77972866,3.77972866,3.77972866,3.77972866,3.77972866,3.77972866,3.77972866,3.77972866,3.77972866,3.77972866,3.77972866,3.87790343,3.87790343,3.87790343,3.87790343,3.87790343,3.87790343,3.9760782,3.9760782,3.9760782,3.9760782,3.9760782,3.9760782,3.9760782,3.9760782,3.9760782,3.9760782,3.9760782,3.9760782,3.9760782,3.9760782,3.9760782,3.9760782,3.9760782,3.9760782,3.9760782,3.9760782,3.9760782,3.9760782,4.07425297,4.07425297,4.07425297,4.07425297,4.07425297,4.17242774,4.17242774,4.27060251,4.27060251,4.36877728,4.46695205,4.56512682,4.56512682,4.6633016,4.6633016,4.76147637,4.76147637,4.85965114,4.85965114,4.95782591,4.95782591,4.95782591,4.95782591,5.05600068,5.05600068,5.05600068,5.05600068,5.05600068,5.15417545,5.05600068,5.15417545,5.15417545
71.732120037,C01,AP01,client_to_ap,VHT,2,2,2,80,SU,1,4,122,6637c97e16e6ce8a,6,-68.0,1.03083509,1.03083509,1.03083509,1.03083509,1.03083509,1.03083509,1.03083509,1.12900986,1.12900986,1.12900986,1.12900986,1.12900986,1.12900986,1.12900986,1.12900986,1.12900986,1.12900986,1.12900986,1.12900986,1.12900986,1.12900986,1.12900986,1.12900986,1.12900986,1.12900986,1.12900986,1.12900986,1.12900986,1.12900986,1.12900986,1.12900986,1.12900986,1.12900986,1.12900986,1.12900986,1.12900986,1.12900986,1.12900986,1.12900986,1.12900986,1.12900986,1.12900986,1.12900986,1.12900986,1.12900986,1.12900986,1.12900986,1.12900986,1.03083509,1.03083509,1.03083509,1.03083509,1.03083509,1.03083509,1.03083509,1.03083509,1.03083509,1.03083509,1.03083509,1.03083509,1.03083509,1.03083509,1.03083509,1.03083509,1.03083509,1.03083509,1.03083509,0.932660319,0.932660319,0.932660319,0.932660319,0.932660319,0.932660319,0.932660319,0.932660319,0.932660319,0.932660319,0.932660319,0.932660319,0.932660319,0.932660319,0.932660319,0.932660319,0.932660319,0.834485549,0.834485549,0.834485549,0.834485549,0.834485549,0.834485549,0.834485549,0.834485549,0.736310778,0.736310778,0.736310778,0.736310778,0.638136008,0.638136008,0.638136008,0.638136008,0.638136008,0.638136008,0.638136008,0.638136008,0.638136008,0.638136008,0.736310778,0.736310778,0.736310778,0.736310778,0.736310778,0.736310778,0.736310778,0.834485549,0.834485549,0.834485549,0.834485549,0.834485549,0.932660319,0.932660319,0.932660319,0.932660319,4.07425297,4.07425297,4.07425297,4.07425297,4.07425297,4.17242774,4.07425297,4.17242774,4.17242774,4.07425297,4.07425297,4.17242774,4.07425297,4.17242774,4.07425297,4.07425297,4.07425297,4.07425297,4.07425297,4.07425297,4.07425297,4.07425297,4.07425297,4.07425297,4.07425297,4.07425297,4.07425297,3.9760782,3.9760782,3.9760782,3.9760782,3.9760782,3.9760782,3.9760782,3.9760782,3.9760782,3.9760782,3.87790343,3.87790343,3.87790343,3.87790343,3.87790343,3.87790343,3.87790343,3.87790343,3.77972866,3.77972866,3.77972866,3.77972866,3.77972866,3.77972866,3.77972866,3.77972866,3.77972866,3.77972866,3.77972866,3.77972866,3.77972866,3.77972866,3.77972866,3.87790343,3.77972866,3.87790343,3.77972866,3.87790343,3.87790343,3.87790343,3.87790343,3.87790343,3.87790343,3.9760782,3.9760782,3.9760782,3.9760782,3.9760782,3.9760782,3.9760782,3.9760782,3.9760782,3.9760782,3.9760782,3.9760782,3.9760782,3.9760782,3.9760782,3.9760782,3.9760782,3.9760782,3.9760782,3.9760782,4.07425297,4.07425297,4.07425297,4.07425297,4.07425297,4.17242774,4.17242774,4.27060251,4.27060251,4.36877728,4.36877728,4.46695205,4.56512682,4.56512682,4.6633016,4.76147637,4.76147637,4.76147637,4.85965114,4.85965114,4.95782591,4.95782591,4.95782591,4.95782591,5.05600068,4.95782591,5.05600068,5.05600068,5.05600068,5.05600068,5.05600068,5.05600068
73.060873985,C01,AP01,client_to_ap,VHT,2,2,2,80,SU,1,4,122,6637c97e16e6ce8a,6,-68.0,1.03083509,1.03083509,1.03083509,1.03083509,1.03083509,1.12900986,1.12900986,1.12900986,1.12900986,1.12900986,1.12900986,1.12900986,1.12900986,1.12900986,1.12900986,1.12900986,1.12900986,1.12900986,1.12900986,1.12900986,1.12900986,1.12900986,1.12900986,1.12900986,1.12900986,1.12900986,1.12900986,1.12900986,1.12900986,1.12900986,1.12900986,1.12900986,1.12900986,1.12900986,1.12900986,1.12900986,1.12900986,1.12900986,1.12900986,1.12900986,1.12900986,1.12900986,1.12900986,1.12900986,1.12900986,1.12900986,1.12900986,1.12900986,1.12900986,1.12900986,1.12900986,1.12900986,1.03083509,1.03083509,1.03083509,1.03083509,1.03083509,1.03083509,1.03083509,1.03083509,1.03083509,1.03083509,1.03083509,1.03083509,1.03083509,1.03083509,1.03083509,0.932660319,0.932660319,1.03083509,1.03083509,1.03083509,0.932660319,0.932660319,0.932660319,0.932660319,0.932660319,0.932660319,0.932660319,0.932660319,0.932660319,0.932660319,0.932660319,0.932660319,0.932660319,0.932660319,0.932660319,0.834485549,0.834485549,0.834485549,0.834485549,0.834485549,0.834485549,0.736310778,0.736310778,0.736310778,0.736310778,0.736310778,0.638136008,0.638136008,0.638136008,0.638136008,0.638136008,0.638136008,0.736310778,0.736310778,0.736310778,0.736310778,0.736310778,0.736310778,0.736310778,0.736310778,0.834485549,0.834485549,0.834485549,0.834485549,0.834485549,0.834485549,0.932660319,0.932660319,0.932660319,0.932660319,3.9760782,4.07425297,4.07425297,4.07425297,4.07425297,4.07425297,4.07425297,4.17242774,4.17242774,4.17242774,4.07425297,4.07425297,4.07425297,4.17242774,4.07425297,4.07425297,4.07425297,4.07425297,4.07425297,4.17242774,4.07425297,4.07425297,4.07425297,4.07425297,4.07425297,4.07425297,4.07425297,3.9760782,4.07425297,3.9760782,3.9760782,3.9760782,3.9760782,3.9760782,3.9760782,3.9760782,3.9760782,3.9760782,3.87790343,3.87790343,3.87790343,3.87790343,3.87790343,3.87790343,3.87790343,3.77972866,3.77972866,3.77972866,3.87790343,3.77972866,3.77972866,3.77972866,3.77972866,3.77972866,3.77972866,3.77972866,3.77972866,3.77972866,3.77972866,3.77972866,3.77972866,3.77972866,3.87790343,3.87790343,3.87790343,3.87790343,3.87790343,3.87790343,3.9760782,3.9760782,3.9760782,3.9760782,3.9760782,3.9760782,3.9760782,3.9760782,3.9760782,3.9760782,3.9760782,3.9760782,3.9760782,3.9760782,4.07425297,3.9760782,3.9760782,3.9760782,3.9760782,3.9760782,3.9760782,3.9760782,4.07425297,4.07425297,4.07425297,4.17242774,4.17242774,4.17242774,4.27060251,4.27060251,4.27060251,4.36877728,4.46695205,4.46695205,4.56512682,4.6633016,4.6633016,4.6633016,4.76147637,4.85965114,4.85965114,4.85965114,4.85965114,4.95782591,4.95782591,4.95782591,5.05600068,4.95782591,4.95782591,5.05600068,5.05600068,5.05600068,5.15417545,5.05600068
74.394013882,C01,AP01,client_to_ap,VHT,2,2,2,80,SU,1,4,122,6637c97e16e6ce8a,6,-68.0,1.03083509,1.03083509,1.03083509,1.03083509,1.03083509,1.03083509,1.03083509,1.03083509,1.03083509,1.03083509,1.12900986,1.03083509,1.12900986,1.03083509,1.03083509,1.12900986,1.12900986,1.12900986,1.12900986,1.12900986,1.12900986,1.12900986,1.12900986,1.12900986,1.12900986,1.12900986,1.12900986,1.12900986,1.12900986,1.12900986,1.12900986,1.12900986,1.12900986,1.12900986,1.12900986,1.12900986,1.12900986,1.12900986,1.12900986,1.12900986,1.12900986,1.12900986,1.12900986,1.12900986,1.12900986,1.03083509,1.12900986,1.03083509,1.03083509,1.03083509,1.03083509,1.03083509,1.03083509,1.03083509,1.03083509,1.03083509,1.03083509,1.03083509,1.03083509,1.03083509,1.03083509,1.03083509,1.03083509,1.03083509,0.932660319,1.03083509,0.932660319,0.932660319,0.932660319,0.932660319,0.932660319,0.932660319,0.932660319,0.932660319,0.932660319,0.932660319,0.932660319,0.932660319,0.932660319,0.932660319,0.932660319,0.932660319,0.932660319,0.834485549,0.932660319,0.834485549,0.834485549,0.834485549,0.834485549,0.834485549,0.736310778,0.736310778,0.736310778,0.736310778,0.736310778,0.638136008,0.638136008,0.638136008,0.638136008,0.638136008,0.638136008,0.638136008,0.638136008,0.638136008,0.638136008,0.638136008,0.638136008,0.736310778,0.736310778,0.736310778,0.736310778,0.736310778,0.736310778,0.834485549,0.834485549,0.834485549,0.834485549,0.834485549,0.834485549,0.932660319,0.932660319,0.932660319,3.9760782,4.07425297,4.07425297,4.07425297,4.07425297,4.07425297,4.07425297,4.17242774,4.07425297,4.07425297,4.07425297,4.17242774,4.07425297,4.07425297,4.07425297,4.07425297,4.07425297,4.07425297,4.07425297,4.07425297,4.07425297,4.07425297,4.07425297,4.07425297,4.07425297,3.9760782,3.9760782,3.9760782,3.9760782,3.9760782,3.9760782,3.9760782,3.9760782,3.9760782,3.87790343,3.87790343,3.87790343,3.87790343,3.87790343,3.87790343,3.87790343,3.87790343,3.87790343,3.87790343,3.87790343,3.77972866,3.87790343,3.77972866,3.77972866,3.77972866,3.77972866,3.77972866,3.77972866,3.77972866,3.77972866,3.77972866,3.77972866,3.77972866,3.77972866,3.77972866,3.77972866,3.77972866,3.77972866,3.77972866,3.87790343,3.77972866,3.77972866,3.87790343,3.87790343,3.87790343,3.87790343,3.87790343,3.87790343,3.87790343,3.87790343,3.9760782,3.87790343,3.87790343,3.87790343,3.87790343,3.87790343,3.9760782,3.87790343,3.87790343,3.87790343,3.87790343,3.87790343,3.9760782,3.87790343,3.87790343,3.9760782,3.9760782,3.9760782,3.9760782,4.07425297,4.07425297,4.17242774,4.17242774,4.27060251,4.27060251,4.36877728,4.46695205,4.56512682,4.56512682,4.6633016,4.6633016,4.76147637,4.76147637,4.85965114,4.95782591,4.85965114,4.95782591,4.95782591,4.95782591,4.95782591,4.95782591,5.05600068,5.05600068,5.05600068,4.95782591,5.05600068,5.05600068
75.728986025,C01,AP01,client_to_ap,VHT,2,2,2,80,SU,1,4,122,6637c97e16e6ce8a,6,-68.0,1.03083509,1.03083509,1.03083509,1.03083509,1.03083509,1.03083509,1.03083509,1.12900986,1.12900986,1.12900986,1.12900986,1.12900986,1.12900986,1.12900986,1.12900986,1.12900986,1.12900986,1.12900986,1.12900986,1.12900986,1.12900986,1.12900986,1.12900986,1.12900986,1.12900986,1.12900986,1.12900986,1.12900986,1.12900986,1.12900986,1.12900986,1.12900986,1.12900986,1.12900986,1.12900986,1.12900986,1.12900986,1.12900986,1.12900986,1.12900986,1.12900986,1.12900986,1.12900986,1.12900986,1.12900986,1.12900986,1.12900986,1.12900986,1.12900986,1.12900986,1.12900986,1.12900986,1.12900986,1.03083509,1.03083509,1.03083509,1.03083509,1.03083509,1.03083509,1.03083509,1.03083509,1.03083509,1.03083509,1.03083509,1.03083509,1.03083509,1.03083509,1.03083509,0.932660319,1.03083509,1.03083509,0.932660319,0.932660319,0.932660319,0.932660319,0.932660319,0.932660319,0.932660319,0.932660319,0.932660319,0.932660319,0.932660319,0.932660319,0.932660319,0.834485549,0.834485549,0.834485549,0.834485549,0.834485549,0.834485549,0.834485549,0.834485549,0.834485549,0.736310778,0.736310778,0.736310778,0.736310778,0.736310778,0.736310778,0.638136008,0.638136008,0.638136008,0.638136008,0.736310778,0.736310778,0.736310778,0.736310778,0.736310778,0.736310778,0.736310778,0.736310778,0.736310778,0.736310778,0.834485549,0.834485549,0.834485549,0.834485549,0.834485549,0.932660319,0.932660319,0.932660319,0.932660319,4.07425297,4.07425297,4.07425297,4.07425297,4.07425297,4.17242774,4.07425297,4.17242774,4.17242774,4.07425297,4.07425297,4.17242774,4.17242774,4.17242774,4.17242774,4.17242774,4.07425297,4.07425297,4.17242774,4.17242774,4.07425297,4.07425297,4.07425297,4.07425297,3.9760782,4.07425297,4.07425297,4.07425297,3.9760782,3.9760782,3.9760782,3.9760782,3.9760782,3.9760782,3.9760782,3.9760782,3.9760782,3.9760782,3.87790343,3.87790343,3.87790343,3.87790343,3.87790343,3.87790343,3.87790343,3.87790343,3.77972866,3.87790343,3.87790343,3.77972866,3.77972866,3.77972866,3.77972866,3.77972866,3.77972866,3.77972866,3.77972866,3.77972866,3.77972866,3.77972866,3.77972866,3.77972866,3.87790343,3.87790343,3.87790343,3.87790343,3.87790343,3.87790343,3.87790343,3.87790343,3.9760782,3.9760782,3.9760782,3.9760782,3.9760782,3.9760782,3.9760782,3.9760782,3.9760782,3.9760782,3.9760782,3.9760782,3.9760782,3.9760782,3.9760782,3.9760782,3.9760782,3.9760782,3.9760782,4.07425297,4.07425297,4.07425297,4.07425297,4.07425297,4.17242774,4.17242774,4.17242774,4.27060251,4.36877728,4.36877728,4.46695205,4.56512682,4.56512682,4.56512682,4.6633016,4.6633016,4.76147637,4.76147637,4.85965114,4.85965114,4.85965114,4.85965114,4.95782591,4.95782591,4.95782591,4.95782591,4.95782591,5.05600068,5.05600068,5.05600068,5.05600068,5.05600068
77.061430931,C01,AP01,client_to_ap,VHT,2,2,2,80,SU,1,4,122,6637c97e16e6ce8a,6,-68.0,1.03083509,1.03083509,1.03083509,1.03083509,1.03083509,1.03083509,1.03083509,1.03083509,1.12900986,1.12900986,1.12900986,1.12900986,1.12900986,1.12900986,1.12900986,1.12900986,1.12900986,1.12900986,1.12900986,1.12900986,1.12900986,1.12900986,1.12900986,1.12900986,1.12900986,1.12900986,1.12900986,1.12900986,1.12900986,1.12900986,1.12900986,1.12900986,1.12900986,1.12900986,1.12900986,1.12900986,1.12900986,1.12900986,1.12900986,1.12900986,1.12900986,1.12900986,1.12900986,1.12900986,1.12900986,1.12900986,1.12900986,1.12900986,1.03083509,1.03083509,1.03083509,1.03083509,1.03083509,1.03083509,1.03083509,1.03083509,1.03083509,1.03083509,1.03083509,1.03083509,1.03083509,1.03083509,1.03083509,1.03083509,1.03083509,1.03083509,1.03083509,0.932660319,0.932660319,1.03083509,1.03083509,1.03083509,0.932660319,0.932660319,0.932660319,0.932660319,0.932660319,0.932660319,0.932660319,0.932660319,0.932660319,0.932660319,0.932660319,0.932660319,0.834485549,0.834485549,0.834485549,0.834485549,0.834485549,0.834485549,0.834485549,0.736310778,0.736310778,0.736310778,0.736310778,0.638136008,0.638136008,0.638136008,0.638136008,0.638136008,0.638136008,0.638136008,0.638136008,0.638136008,0.638136008,0.638136008,0.638136008,0.736310778,0.736310778,0.736310778,0.736310778,0.834485549,0.834485549,0.834485549,0.834485549,0.834485549,0.834485549,0.834485549,0.932660319,0.932660319,0.932660319,0.932660319,3.9760782,4.07425297,4.07425297,4.07425297,4.07425297,4.07425297,4.07425297,4.17242774,4.07425297,4.17242774,4.07425297,4.17242774,4.17242774,4.07425297,4.07425297,4.07425297,4.07425297,4.07425297,4.07425297,4.07425297,4.07425297,4.07425297,4.07425297,4.07425297,4.07425297,3.9760782,3.9760782,3.9760782,3.9760782,3.9760782,3.9760782,3.9760782,3.9760782,3.9760782,3.9760782,3.9760782,3.9760782,3.87790343,3.87790343,3.87790343,3.87790343,3.87790343,3.87790343,3.87790343,3.77972866,3.77972866,3.87790343,3.77972866,3.77972866,3.77972866,3.77972866,3.77972866,3.77972866,3.77972866,3.77972866,3.77972866,3.77972866,3.77972866,3.77972866,3.77972866,3.77972866,3.77972866,3.77972866,3.77972866,3.87790343,3.87790343,3.77972866,3.87790343,3.87790343,3.87790343,3.87790343,3.87790343,3.87790343,3.9760782,3.9760782,3.87790343,3.87790343,3.87790343,3.87790343,3.87790343,3.87790343,3.87790343,3.87790343,3.87790343,3.87790343,3.87790343,3.87790343,3.87790343,3.9760782,3.9760782,3.9760782,3.9760782,3.9760782,3.9760782,4.07425297,4.07425297,4.17242774,4.17242774,4.27060251,4.27060251,4.36877728,4.46695205,4.56512682,4.56512682,4.6633016,4.6633016,4.76147637,4.76147637,4.85965114,4.85965114,4.85965114,4.95782591,4.95782591,4.95782591,4.95782591,5.05600068,5.05600068,5.05600068,5.05600068,5.05600068,5.05600068,5.15417545
78.393107891,C01,AP01,client_to_ap,VHT,2,2,2,80,SU,1,4,122,6637c97e16e6ce8a,6,-68.0,1.03083509,1.03083509,1.03083509,1.03083509,1.03083509,1.03083509,1.03083509,1.12900986,1.12900986,1.12900986,1.12900986,1.12900986,1.12900986,1.12900986,1.12900986,1.12900986,1.12900986,1.12900986,1.12900986,1.12900986,1.12900986,1.12900986,1.12900986,1.12900986,1.12900986,1.12900986,1.12900986,1.12900986,1.12900986,1.12900986,1.12900986,1.12900986,1.12900986,1.12900986,1.12900986,1.12900986,1.12900986,1.12900986,1.12900986,1.12900986,1.12900986,1.12900986,1.12900986,1.12900986,1.12900986,1.12900986,1.12900986,1.12900986,1.12900986,1.12900986,1.12900986,1.12900986,1.12900986,1.03083509,1.03083509,1.03083509,1.03083509,1.03083509,1.03083509,1.03083509,1.03083509,1.03083509,1.03083509,1.03083509,1.03083509,1.03083509,1.03083509,1.03083509,1.03083509,1.03083509,1.03083509,0.932660319,0.932660319,0.932660319,0.932660319,0.932660319,0.932660319,0.932660319,0.932660319,0.932660319,0.932660319,0.932660319,0.932660319,0.932660319,0.932660319,0.834485549,0.834485549,0.834485549,0.834485549,0.834485549,0.834485549,0.834485549,0.834485549,0.736310778,0.736310778,0.736310778,0.736310778,0.736310778,0.736310778,0.736310778,0.736310778,0.736310778,0.736310778,0.736310778,0.736310778,0.736310778,0.736310778,0.736310778,0.736310778,0.736310778,0.736310778,0.736310778,0.834485549,0.834485549,0.834485549,0.834485549,0.834485549,0.932660319,0.932660319,0.932660319,0.932660319,0.932660319,4.07425297,4.07425297,4.07425297,4.17242774,4.17242774,4.17242774,4.07425297,4.17242774,4.17242774,4.17242774,4.17242774,4.17242774,4.17242774,4.17242774,4.17242774,4.17242774,4.07425297,4.17242774,4.07425297,4.07425297,4.17242774,4.17242774,4.07425297,4.07425297,4.07425297,4.07425297,4.07425297,4.07425297,4.07425297,3.9760782,3.9760782,4.07425297,3.9760782,3.9760782,3.9760782,3.9760782,3.9760782,3.9760782,3.87790343,3.9760782,3.87790343,3.87790343,3.87790343,3.87790343,3.87790343,3.87790343,3.87790343,3.87790343,3.87790343,3.77972866,3.77972866,3.77972866,3.77972866,3.77972866,3.77972866,3.77972866,3.87790343,3.77972866,3.77972866,3.77972866,3.77972866,3.77972866,3.87790343,3.87790343,3.87790343,3.87790343,3.87790343,3.87790343,3.87790343,3.87790343,3.9760782,3.9760782,3.9760782,3.9760782,3.9760782,3.9760782,3.9760782,3.9760782,3.9760782,3.9760782,4.07425297,3.9760782,3.9760782,3.9760782,3.9760782,4.07425297,3.9760782,4.07425297,3.9760782,4.07425297,4.07425297,4.07425297,4.07425297,4.17242774,4.17242774,4.17242774,4.27060251,4.36877728,4.36877728,4.36877728,4.46695205,4.46695205,4.56512682,4.56512682,4.6633016,4.76147637,4.76147637,4.76147637,4.85965114,4.85965114,4.85965114,4.85965114,4.85965114,4.95782591,4.95782591,4.95782591,4.95782591,5.05600068,5.05600068,5.05600068,5.05600068,5.05600068
79.731661081,C01,AP01,client_to_ap,VHT,2,2,2,80,SU,1,4,122,6637c97e16e6ce8a,6,-68.0,1.03083509,1.03083509,1.03083509,1.12900986,1.12900986,1.03083509,1.03083509,1.12900986,1.12900986,1.12900986,1.12900986,1.12900986,1.12900986,1.12900986,1.12900986,1.12900986,1.12900986,1.12900986,1.12900986,1.12900986,1.12900986,1.12900986,1.12900986,1.12900986,1.12900986,1.12900986,1.12900986,1.12900986,1.12900986,1.12900986,1.12900986,1.12900986,1.12900986,1.12900986,1.12900986,1.12900986,1.12900986,1.12900986,1.12900986,1.12900986,1.12900986,1.12900986,1.12900986,1.12900986,1.12900986,1.12900986,1.12900986,1.12900986,1.12900986,1.12900986,1.12900986,1.12900986,1.12900986,1.12900986,1.03083509,1.03083509,1.03083509,1.03083509,1.03083509,1.03083509,1.03083509,1.03083509,1.03083509,1.03083509,1.03083509,1.03083509,1.03083509,1.03083509,0.932660319,1.03083509,0.932660319,0.932660319,0.932660319,0.932660319,0.932660319,0.932660319,0.932660319,0.932660319,0.932660319,0.932660319,0.932660319,0.932660319,0.932660319,0.932660319,0.932660319,0.834485549,0.834485549,0.834485549,0.834485549,0.834485549,0.834485549,0.834485549,0.834485549,0.736310778,0.736310778,0.736310778,0.736310778,0.736310778,0.736310778,0.736310778,0.736310778,0.638136008,0.736310778,0.736310778,0.736310778,0.736310778,0.736310778,0.736310778,0.736310778,0.736310778,0.736310778,0.736310778,0.834485549,0.834485549,0.834485549,0.834485549,0.834485549,0.834485549,0.932660319,0.932660319,0.932660319,0.932660319,4.07425297,4.07425297,4.07425297,4.17242774,4.17242774,4.17242774,4.17242774,4.17242774,4.17242774,4.17242774,4.07425297,4.17242774,4.17242774,4.17242774,4.17242774,4.17242774,4.17242774,4.07425297,4.17242774,4.17242774,4.07425297,4.17242774,4.07425297,4.07425297,4.07425297,4.07425297,4.07425297,4.07425297,4.07425297,3.9760782,3.9760782,3.9760782,3.9760782,3.9760782,3.9760782,3.9760782,3.9760782,3.9760782,3.9760782,3.87790343,3.87790343,3.87790343,3.87790343,3.87790343,3.87790343,3.77972866,3.87790343,3.87790343,3.87790343,3.77972866,3.77972866,3.77972866,3.87790343,3.77972866,3.77972866,3.77972866,3.77972866,3.77972866,3.77972866,3.87790343,3.77972866,3.77972866,3.87790343,3.87790343,3.87790343,3.87790343,3.87790343,3.87790343,3.9760782,3.9760782,3.9760782,3.9760782,3.9760782,3.9760782,3.9760782,3.9760782,4.07425297,3.9760782,4.07425297,4.07425297,4.07425297,4.07425297,4.07425297,4.07425297,3.9760782,4.07425297,4.07425297,4.07425297,4.07425297,4.07425297,4.07425297,4.07425297,4.07425297,4.07425297,4.17242774,4.17242774,4.27060251,4.27060251,4.36877728,4.36877728,4.46695205,4.56512682,4.56512682,4.6633016,4.6633016,4.76147637,4.76147637,4.76147637,4.85965114,4.85965114,4.85965114,4.95782591,4.95782591,4.95782591,4.95782591,5.05600068,5.05600068,5.05600068,5.05600068,5.05600068,5.05600068,5.05600068
81.061052084,C01,AP01,client_to_ap,VHT,2,2,2,80,SU,1,4,122,6637c97e16e6ce8a,6,-68.0,1.03083509,1.03083509,1.03083509,1.03083509,1.03083509,1.03083509,1.12900986,1.12900986,1.12900986,1.12900986,1.12900986,1.12900986,1.12900986,1.12900986,1.12900986,1.12900986,1.12900986,1.12900986,1.12900986,1.12900986,1.12900986,1.12900986,1.12900986,1.12900986,1.12900986,1.12900986,1.12900986,1.12900986,1.12900986,1.12900986,1.12900986,1.12900986,1.12900986,1.12900986,1.12900986,1.12900986,1.12900986,1.12900986,1.12900986,1.12900986,1.12900986,1.12900986,1.12900986,1.12900986,1.12900986,1.12900986,1.12900986,1.12900986,1.12900986,1.12900986,1.03083509,1.12900986,1.12900986,1.03083509,1.03083509,1.03083509,1.03083509,1.03083509,1.03083509,1.03083509,1.03083509,1.03083509,1.03083509,1.03083509,1.03083509,1.03083509,1.03083509,1.03083509,0.932660319,0.932660319,1.03083509,1.03083509,0.932660319,0.932660319,0.932660319,0.932660319,0.932660319,0.932660319,0.932660319,0.932660319,0.932660319,0.932660319,0.932660319,0.932660319,0.932660319,0.834485549,0.834485549,0.834485549,0.834485549,0.834485549,0.834485549,0.834485549,0.834485549,0.736310778,0.736310778,0.736310778,0.736310778,0.638136008,0.736310778,0.638136008,0.638136008,0.638136008,0.736310778,0.736310778,0.638136008,0.736310778,0.736310778,0.736310778,0.736310778,0.736310778,0.736310778,0.834485549,0.736310778,0.834485549,0.834485549,0.834485549,0.834485549,0.834485549,0.932660319,0.932660319,0.932660319,0.932660319,4.07425297,4.07425297,4.07425297,4.17242774,4.17242774,4.07425297,4.17242774,4.17242774,4.17242774,4.17242774,4.17242774,4.17242774,4.17242774,4.17242774,4.17242774,4.17242774,4.17242774,4.07425297,4.07425297,4.07425297,4.17242774,4.17242774,4.07425297,4.07425297,4.07425297,4.07425297,4.07425297,4.07425297,4.07425297,3.9760782,3.9760782,3.9760782,3.9760782,3.9760782,3.9760782,3.9760782,3.9760782,3.9760782,3.87790343,3.87790343,3.87790343,3.87790343,3.87790343,3.87790343,3.87790343,3.87790343,3.77972866,3.77972866,3.77972866,3.77972866,3.77972866,3.77972866,3.77972866,3.77972866,3.77972866,3.77972866,3.77972866,3.77972866,3.77972866,3.87790343,3.77972866,3.87790343,3.87790343,3.87790343,3.87790343,3.87790343,3.87790343,3.87790343,3.87790343,3.9760782,3.9760782,3.9760782,3.9760782,3.9760782,3.9760782,3.9760782,3.9760782,3.9760782,3.9760782,3.9760782,3.9760782,3.9760782,3.9760782,3.9760782,3.9760782,3.9760782,4.07425297,4.07425297,3.9760782,3.9760782,4.07425297,4.07425297,4.07425297,4.07425297,4.17242774,4.17242774,4.27060251,4.27060251,4.27060251,4.46695205,4.46695205,4.56512682,4.56512682,4.6633016,4.6633016,4.76147637,4.76147637,4.76147637,4.85965114,4.85965114,4.95782591,4.95782591,4.95782591,4.95782591,4.95782591,5.05600068,5.05600068,5.05600068,5.05600068,5.05600068,5.05600068,5.05600068
82.394264936,C01,AP01,client_to_ap,VHT,2,2,2,80,SU,1,4,122,6637c97e16e6ce8a,6,-68.0,1.03083509,1.03083509,1.03083509,1.03083509,1.03083509,1.03083509,1.03083509,1.03083509,1.12900986,1.03083509,1.03083509,1.12900986,1.12900986,1.12900986,1.12900986,1.12900986,1.12900986,1.12900986,1.12900986,1.12900986,1.12900986,1.12900986,1.12900986,1.12900986,1.12900986,1.12900986,1.12900986,1.12900986,1.12900986,1.12900986,1.12900986,1.12900986,1.12900986,1.12900986,1.12900986,1.12900986,1.12900986,1.12900986,1.12900986,1.12900986,1.12900986,1.12900986,1.12900986,1.12900986,1.12900986,1.12900986,1.12900986,1.12900986,1.12900986,1.12900986,1.03083509,1.12900986,1.03083509,1.03083509,1.03083509,1.03083509,1.03083509,1.03083509,1.03083509,1.03083509,1.03083509,1.03083509,1.03083509,1.03083509,1.03083509,1.03083509,1.03083509,0.932660319,0.932660319,0.932660319,1.03083509,0.932660319,0.932660319,0.932660319,0.932660319,0.932660319,0.932660319,0.932660319,0.932660319,0.932660319,0.932660319,0.932660319,0.932660319,0.932660319,0.932660319,0.834485549,0.834485549,0.834485549,0.834485549,0.834485549,0.834485549,0.834485549,0.834485549,0.736310778,0.736310778,0.736310778,0.736310778,0.736310778,0.638136008,0.638136008,0.638136008,0.736310778,0.638136008,0.638136008,0.638136008,0.736310778,0.736310778,0.736310778,0.736310778,0.736310778,0.736310778,0.834485549,0.834485549,0.834485549,0.834485549,0.834485549,0.834485549,0.932660319,0.932660319,0.932660319,0.932660319,0.932660319,4.07425297,4.07425297,4.07425297,4.07425297,4.17242774,4.17242774,4.07425297,4.17242774,4.17242774,4.17242774,4.17242774,4.17242774,4.17242774,4.17242774,4.17242774,4.17242774,4.17242774,4.17242774,4.07425297,4.17242774,4.07425297,4.07425297,4.07425297,4.07425297,4.07425297,4.07425297,3.9760782,3.9760782,3.9760782,3.9760782,3.9760782,3.9760782,3.9760782,3.9760782,3.9760782,3.9760782,3.9760782,3.87790343,3.87790343,3.87790343,3.87790343,3.87790343,3.87790343,3.87790343,3.77972866,3.87790343,3.77972866,3.77972866,3.77972866,3.77972866,3.77972866,3.77972866,3.77972866,3.77972866,3.77972866,3.77972866,3.77972866,3.77972866,3.77972866,3.77972866,3.77972866,3.77972866,3.77972866,3.87790343,3.77972866,3.87790343,3.87790343,3.87790343,3.87790343,3.87790343,3.87790343,3.87790343,3.87790343,3.87790343,3.87790343,3.9760782,3.9760782,3.87790343,3.87790343,3.87790343,3.9760782,3.9760782,3.9760782,3.87790343,3.9760782,3.9760782,3.9760782,3.9760782,3.9760782,3.9760782,3.9760782,3.9760782,4.07425297,4.07425297,4.07425297,4.07425297,4.17242774,4.27060251,4.27060251,4.36877728,4.36877728,4.46695205,4.56512682,4.56512682,4.6633016,4.76147637,4.76147637,4.76147637,4.85965114,4.85965114,4.85965114,4.95782591,4.95782591,4.95782591,4.95782591,4.95782591,4.95782591,4.95782591,5.05600068,5.05600068,5.05600068,5.05600068
83.728811979,C01,AP01,client_to_ap,VHT,2,2,2,80,SU,1,4,122,6637c97e16e6ce8a,6,-68.0,1.03083509,1.03083509,1.03083509,1.03083509,1.03083509,1.03083509,1.03083509,1.12900986,1.12900986,1.12900986,1.12900986,1.12900986,1.12900986,1.12900986,1.12900986,1.12900986,1.12900986,1.12900986,1.12900986,1.12900986,1.12900986,1.12900986,1.12900986,1.12900986,1.12900986,1.12900986,1.12900986,1.12900986,1.12900986,1.12900986,1.12900986,1.12900986,1.12900986,1.12900986,1.12900986,1.12900986,1.12900986,1.12900986,1.12900986,1.12900986,1.12900986,1.12900986,1.12900986,1.12900986,1.12900986,1.12900986,1.12900986,1.12900986,1.12900986,1.03083509,1.03083509,1.03083509,1.03083509,1.03083509,1.03083509,1.03083509,1.03083509,1.03083509,1.03083509,1.03083509,1.03083509,1.03083509,1.03083509,1.03083509,1.03083509,1.03083509,1.03083509,1.03083509,0.932660319,0.932660319,1.03083509,1.03083509,0.932660319,0.932660319,0.932660319,0.932660319,0.932660319,0.932660319,0.932660319,0.932660319,0.932660319,0.932660319,0.932660319,0.932660319,0.932660319,0.834485549,0.834485549,0.834485549,0.834485549,0.834485549,0.834485549,0.834485549,0.736310778,0.736310778,0.736310778,0.736310778,0.638136008,0.736310778,0.638136008,0.638136008,0.638136008,0.638136008,0.638136008,0.638136008,0.638136008,0.638136008,0.736310778,0.736310778,0.736310778,0.736310778,0.736310778,0.834485549,0.834485549,0.834485549,0.834485549,0.834485549,0.834485549,0.932660319,0.932660319,0.932660319,0.932660319,0.932660319,4.07425297,4.07425297,4.07425297,4.07425297,4.17242774,4.07425297,4.07425297,4.07425297,4.07425297,4.07425297,4.07425297,4.17242774,4.07425297,4.17242774,4.07425297,4.07425297,4.07425297,4.07425297,4.07425297,4.07425297,4.07425297,4.07425297,4.07425297,3.9760782,3.9760782,4.07425297,3.9760782,3.9760782,3.9760782,3.9760782,3.9760782,3.9760782,3.9760782,3.9760782,3.87790343,3.9760782,3.87790343,3.87790343,3.87790343,3.87790343,3.87790343,3.87790343,3.87790343,3.87790343,3.87790343,3.77972866,3.77972866,3.77972866,3.77972866,3.77972866,3.77972866,3.77972866,3.77972866,3.77972866,3.77972866,3.77972866,3.77972866,3.77972866,3.77972866,3.77972866,3.77972866,3.77972866,3.77972866,3.87790343,3.87790343,3.87790343,3.87790343,3.87790343,3.87790343,3.87790343,3.87790343,3.87790343,3.87790343,3.87790343,3.9760782,3.9760782,3.9760782,3.9760782,3.87790343,3.9760782,3.9760782,3.9760782,3.9760782,3.9760782,3.9760782,3.9760782,3.9760782,3.9760782,3.9760782,3.9760782,3.9760782,3.9760782,3.9760782,4.07425297,4.07425297,4.07425297,4.17242774,4.27060251,4.27060251,4.36877728,4.46695205,4.46695205,4.56512682,4.6633016,4.6633016,4.76147637,4.85965114,4.76147637,4.85965114,4.85965114,4.95782591,4.95782591,4.95782591,5.05600068,4.95782591,4.95782591,4.95782591,5.05600068,5.05600068,5.05600068,5.05600068,5.05600068
85.061577082,C01,AP01,client_to_ap,VHT,2,2,2,80,SU,1,4,122,6637c97e16e6ce8a,6,-68.0,1.03083509,1.03083509,1.03083509,1.03083509,1.03083509,1.03083509,1.03083509,1.12900986,1.12900986,1.12900986,1.12900986,1.12900986,1.12900986,1.12900986,1.12900986,1.12900986,1.12900986,1.12900986,1.12900986,1.12900986,1.12900986,1.12900986,1.12900986,1.12900986,1.12900986,1.12900986,1.12900986,1.12900986,1.12900986,1.12900986,1.12900986,1.12900986,1.12900986,1.12900986,1.12900986,1.12900986,1.12900986,1.12900986,1.12900986,1.12900986,1.12900986,1.12900986,1.12900986,1.12900986,1.12900986,1.12900986,1.12900986,1.12900986,1.12900986,1.12900986,1.12900986,1.03083509,1.03083509,1.03083509,1.03083509,1.03083509,1.03083509,1.03083509,1.03083509,1.03083509,1.03083509,1.03083509,1.03083509,1.03083509,1.03083509,1.03083509,1.03083509,1.03083509,0.932660319,0.932660319,1.03083509,0.932660319,0.932660319,0.932660319,0.932660319,0.932660319,0.932660319,0.932660319,0.932660319,0.932660319,0.932660319,0.932660319,0.932660319,0.932660319,0.932660319,0.932660319,0.932660319,0.834485549,0.834485549,0.834485549,0.834485549,0.834485549,0.834485549,0.736310778,0.736310778,0.736310778,0.736310778,0.736310778,0.736310778,0.638136008,0.638136008,0.638136008,0.736310778,0.736310778,0.736310778,0.736310778,0.736310778,0.736310778,0.736310778,0.736310778,0.736310778,0.834485549,0.834485549,0.834485549,0.834485549,0.834485549,0.834485549,0.834485549,0.834485549,0.932660319,0.932660319,0.932660319,3.9760782,4.07425297,4.07425297,4.07425297,4.07425297,4.07425297,4.17242774,4.17242774,4.07425297,4.17242774,4.17242774,4.17242774,4.07425297,4.17242774,4.17242774,4.17242774,4.17242774,4.17242774,4.17242774,4.17242774,4.07425297,4.17242774,4.17242774,4.07425297,4.07425297,4.07425297,4.07425297,4.07425297,3.9760782,3.9760782,3.9760782,3.9760782,3.9760782,3.9760782,3.9760782,3.9760782,3.9760782,3.87790343,3.87790343,3.87790343,3.87790343,3.87790343,3.87790343,3.87790343,3.87790343,3.87790343,3.87790343,3.77972866,3.77972866,3.77972866,3.77972866,3.77972866,3.77972866,3.77972866,3.77972866,3.77972866,3.77972866,3.77972866,3.77972866,3.87790343,3.87790343,3.87790343,3.77972866,3.87790343,3.87790343,3.87790343,3.87790343,3.87790343,3.87790343,3.87790343,3.9760782,3.9760782,3.9760782,3.9760782,3.9760782,3.9760782,3.9760782,3.9760782,3.9760782,3.9760782,3.9760782,3.9760782,3.9760782,3.9760782,3.9760782,4.07425297,3.9760782,4.07425297,4.07425297,4.07425297,4.07425297,4.07425297,4.07425297,4.07425297,4.17242774,4.17242774,4.27060251,4.27060251,4.27060251,4.36877728,4.46695205,4.46695205,4.56512682,4.56512682,4.6633016,4.76147637,4.76147637,4.76147637,4.85965114,4.85965114,4.85965114,4.95782591,4.95782591,4.95782591,4.95782591,4.95782591,4.95782591,5.05600068,5.05600068,5.05600068,5.05600068,5.05600068
86.392915964,C01,AP01,client_to_ap,VHT,2,2,2,80,SU,1,4,122,6637c97e16e6ce8a,6,-68.0,1.03083509,1.03083509,1.03083509,1.12900986,1.03083509,1.12900986,1.12900986,1.12900986,1.12900986,1.12900986,1.12900986,1.12900986,1.12900986,1.12900986,1.12900986,1.12900986,1.12900986,1.12900986,1.12900986,1.12900986,1.12900986,1.12900986,1.12900986,1.12900986,1.12900986,1.12900986,1.12900986,1.12900986,1.12900986,1.12900986,1.12900986,1.12900986,1.12900986,1.12900986,1.12900986,1.12900986,1.12900986,1.12900986,1.12900986,1.12900986,1.12900986,1.12900986,1.12900986,1.12900986,1.12900986,1.12900986,1.12900986,1.12900986,1.12900986,1.12900986,1.12900986,1.12900986,1.12900986,1.12900986,1.03083509,1.03083509,1.03083509,1.03083509,1.03083509,1.03083509,1.03083509,1.03083509,1.03083509,1.03083509,1.03083509,1.03083509,1.03083509,1.03083509,1.03083509,1.03083509,1.03083509,1.03083509,0.932660319,1.03083509,0.932660319,0.932660319,0.932660319,0.932660319,0.932660319,0.932660319,0.932660319,0.932660319,0.932660319,0.932660319,0.932660319,0.932660319,0.932660319,0.834485549,0.834485549,0.834485549,0.834485549,0.834485549,0.834485549,0.736310778,0.736310778,0.736310778,0.736310778,0.736310778,0.736310778,0.736310778,0.736310778,0.736310778,0.736310778,0.736310778,0.736310778,0.736310778,0.736310778,0.736310778,0.736310778,0.736310778,0.834485549,0.736310778,0.834485549,0.834485549,0.834485549,0.834485549,0.834485549,0.834485549,0.932660319,0.932660319,0.932660319,0.932660319,4.07425297,4.07425297,4.07425297,4.17242774,4.07425297,4.07425297,4.17242774,4.17242774,4.17242774,4.17242774,4.17242774,4.17242774,4.17242774,4.17242774,4.17242774,4.17242774,4.17242774,4.17242774,4.17242774,4.17242774,4.07425297,4.07425297,4.07425297,4.07425297,4.07425297,4.07425297,3.9760782,4.07425297,4.07425297,3.9760782,3.9760782,3.9760782,3.9760782,3.9760782,3.9760782,3.9760782,3.9760782,3.87790343,3.87790343,3.87790343,3.87790343,3.87790343,3.87790343,3.87790343,3.87790343,3.77972866,3.77972866,3.87790343,3.77972866,3.77972866,3.77972866,3.77972866,3.77972866,3.77972866,3.77972866,3.77972866,3.77972866,3.77972866,3.77972866,3.77972866,3.77972866,3.77972866,3.87790343,3.87790343,3.87790343,3.87790343,3.87790343,3.9760782,3.87790343,3.87790343,3.9760782,3.9760782,3.9760782,3.9760782,3.9760782,3.9760782,3.9760782,3.9760782,3.9760782,3.9760782,3.9760782,4.07425297,3.9760782,3.9760782,3.9760782,3.9760782,4.07425297,4.07425297,3.9760782,4.07425297,4.07425297,4.07425297,4.07425297,4.07425297,4.17242774,4.17242774,4.27060251,4.27060251,4.27060251,4.36877728,4.46695205,4.46695205,4.56512682,4.56512682,4.6633016,4.76147637,4.76147637,4.76147637,4.85965114,4.85965114,4.85965114,4.95782591,4.95782591,4.95782591,4.95782591,4.95782591,4.95782591,4.95782591,4.95782591,5.05600068,5.05600068,4.95782591
87.729400873,C01,AP01,client_to_ap,VHT,2,2,2,80,SU,1,4,122,6637c97e16e6ce8a,6,-68.0,1.03083509,1.03083509,1.03083509,1.03083509,1.03083509,1.03083509,1.03083509,1.03083509,1.12900986,1.12900986,1.12900986,1.12900986,1.12900986,1.12900986,1.12900986,1.12900986,1.12900986,1.12900986,1.12900986,1.12900986,1.12900986,1.12900986,1.12900986,1.12900986,1.12900986,1.12900986,1.12900986,1.12900986,1.12900986,1.12900986,1.12900986,1.12900986,1.12900986,1.12900986,1.12900986,1.12900986,1.12900986,1.12900986,1.12900986,1.12900986,1.12900986,1.12900986,1.12900986,1.12900986,1.12900986,1.12900986,1.12900986,1.12900986,1.12900986,1.12900986,1.03083509,1.12900986,1.03083509,1.03083509,1.03083509,1.03083509,1.03083509,1.03083509,1.03083509,1.03083509,1.03083509,1.03083509,1.03083509,1.03083509,1.03083509,1.03083509,1.03083509,0.932660319,0.932660319,1.03083509,1.03083509,0.932660319,0.932660319,0.932660319,0.932660319,0.932660319,0.932660319,0.932660319,0.932660319,0.932660319,0.932660319,0.932660319,0.932660319,0.932660319,0.834485549,0.834485549,0.834485549,0.834485549,0.834485549,0.834485549,0.834485549,0.834485549,0.736310778,0.736310778,0.736310778,0.736310778,0.736310778,0.638136008,0.638136008,0.638136008,0.638136008,0.638136008,0.638136008,0.638136008,0.736310778,0.736310778,0.736310778,0.736310778,0.736310778,0.736310778,0.736310778,0.736310778,0.834485549,0.834485549,0.834485549,0.834485549,0.834485549,0.834485549,0.932660319,0.932660319,0.932660319,0.932660319,3.9760782,4.07425297,4.07425297,4.07425297,4.07425297,4.07425297,4.07425297,4.17242774,4.17242774,4.17242774,4.07425297,4.17242774,4.17242774,4.17242774,4.17242774,4.07425297,4.07425297,4.07425297,4.07425297,4.07425297,4.07425297,4.07425297,4.07425297,4.07425297,4.07425297,4.07425297,3.9760782,4.07425297,4.07425297,4.07425297,3.9760782,3.9760782,3.9760782,3.9760782,3.9760782,3.9760782,3.87790343,3.87790343,3.87790343,3.87790343,3.87790343,3.87790343,3.87790343,3.87790343,3.87790343,3.77972866,3.77972866,3.77972866,3.77972866,3.77972866,3.77972866,3.77972866,3.77972866,3.77972866,3.77972866,3.77972866,3.77972866,3.77972866,3.77972866,3.77972866,3.77972866,3.77972866,3.87790343,3.87790343,3.87790343,3.87790343,3.87790343,3.87790343,3.87790343,3.87790343,3.87790343,3.9760782,3.9760782,3.9760782,3.9760782,3.9760782,3.9760782,3.9760782,3.9760782,3.9760782,3.9760782,3.9760782,3.9760782,3.9760782,3.9760782,3.9760782,3.9760782,3.9760782,3.9760782,3.9760782,3.9760782,4.07425297,4.07425297,4.07425297,4.07425297,4.17242774,4.17242774,4.27060251,4.36877728,4.36877728,4.46695205,4.46695205,4.56512682,4.56512682,4.6633016,4.76147637,4.76147637,4.85965114,4.85965114,4.85965114,4.95782591,4.95782591,4.95782591,4.95782591,4.95782591,4.95782591,5.05600068,5.05600068,5.05600068,5.05600068,5.05600068,5.05600068
89.061146021,C01,AP01,client_to_ap,VHT,2,2,2,80,SU,1,4,122,6637c97e16e6ce8a,6,-68.0,1.03083509,1.03083509,1.03083509,1.03083509,1.03083509,1.03083509,1.03083509,1.12900986,1.12900986,1.12900986,1.12900986,1.12900986,1.12900986,1.12900986,1.12900986,1.12900986,1.12900986,1.12900986,1.12900986,1.12900986,1.12900986,1.12900986,1.12900986,1.12900986,1.12900986,1.12900986,1.12900986,1.12900986,1.12900986,1.12900986,1.12900986,1.12900986,1.12900986,1.12900986,1.12900986,1.12900986,1.12900986,1.12900986,1.12900986,1.12900986,1.12900986,1.12900986,1.12900986,1.12900986,1.12900986,1.12900986,1.12900986,1.12900986,1.03083509,1.12900986,1.03083509,1.03083509,1.03083509,1.03083509,1.03083509,1.03083509,1.03083509,1.03083509,1.03083509,1.03083509,1.03083509,1.03083509,1.03083509,1.03083509,1.03083509,1.03083509,1.03083509,0.932660319,0.932660319,0.932660319,0.932660319,0.932660319,0.932660319,0.932660319,0.932660319,0.932660319,0.932660319,0.932660319,0.932660319,0.932660319,0.932660319,0.932660319,0.932660319,0.932660319,0.834485549,0.834485549,0.834485549,0.834485549,0.834485549,0.834485549,0.834485549,0.834485549,0.736310778,0.736310778,0.736310778,0.736310778,0.736310778,0.736310778,0.638136008,0.638136008,0.638136008,0.638136008,0.638136008,0.736310778,0.736310778,0.736310778,0.736310778,0.736310778,0.736310778,0.736310778,0.736310778,0.736310778,0.834485549,0.834485549,0.834485549,0.834485549,0.834485549,0.834485549,0.834485549,0.932660319,0.932660319,0.932660319,4.07425297,4.07425297,4.07425297,4.07425297,4.07425297,4.07425297,4.17242774,4.07425297,4.17242774,4.17242774,4.17242774,4.17242774,4.17242774,4.07425297,4.17242774,4.17242774,4.17242774,4.07425297,4.07425297,4.07425297,4.07425297,4.07425297,4.07425297,4.07425297,4.07425297,3.9760782,4.07425297,4.07425297,3.9760782,3.9760782,3.9760782,3.9760782,3.9760782,3.9760782,3.9760782,3.87790343,3.87790343,3.87790343,3.87790343,3.87790343,3.87790343,3.87790343,3.87790343,3.87790343,3.87790343,3.87790343,3.77972866,3.87790343,3.77972866,3.77972866,3.77972866,3.77972866,3.77972866,3.77972866,3.77972866,3.77972866,3.77972866,3.77972866,3.77972866,3.77972866,3.77972866,3.87790343,3.87790343,3.87790343,3.87790343,3.87790343,3.87790343,3.87790343,3.87790343,3.9760782,3.9760782,3.9760782,3.9760782,3.9760782,3.9760782,3.9760782,3.9760782,3.9760782,3.9760782,3.9760782,3.9760782,3.9760782,3.9760782,3.9760782,3.9760782,3.9760782,3.9760782,4.07425297,4.07425297,4.07425297,4.07425297,4.07425297,4.07425297,4.07425297,4.17242774,4.17242774,4.17242774,4.27060251,4.36877728,4.36877728,4.46695205,4.46695205,4.56512682,4.56512682,4.6633016,4.76147637,4.76147637,4.76147637,4.85965114,4.95782591,4.85965114,4.85965114,4.95782591,4.95782591,4.95782591,4.95782591,4.95782591,5.05600068,5.05600068,5.05600068,5.05600068,5.05600068
90.393651962,C01,AP01,client_to_ap,VHT,2,2,2,80,SU,1,4,122,6637c97e16e6ce8a,6,-68.0,1.03083509,1.03083509,1.03083509,1.03083509,1.03083509,1.03083509,1.03083509,1.03083509,1.03083509,1.03083509,1.12900986,1.12900986,1.12900986,1.12900986,1.12900986,1.12900986,1.12900986,1.12900986,1.12900986,1.12900986,1.12900986,1.12900986,1.12900986,1.12900986,1.12900986,1.12900986,1.12900986,1.12900986,1.12900986,1.12900986,1.12900986,1.12900986,1.12900986,1.12900986,1.12900986,1.12900986,1.12900986,1.12900986,1.12900986,1.12900986,1.12900986,1.12900986,1.12900986,1.12900986,1.12900986,1.12900986,1.12900986,1.12900986,1.12900986,1.12900986,1.03083509,1.03083509,1.03083509,1.03083509,1.03083509,1.03083509,1.03083509,1.03083509,1.03083509,1.03083509,1.03083509,1.03083509,1.03083509,1.03083509,1.03083509,1.03083509,1.03083509,1.03083509,0.932660319,0.932660319,0.932660319,0.932660319,0.932660319,0.932660319,0.932660319,0.932660319,0.932660319,0.932660319,0.932660319,0.932660319,0.932660319,0.932660319,0.932660319,0.932660319,0.932660319,0.834485549,0.834485549,0.834485549,0.834485549,0.834485549,0.834485549,0.834485549,0.736310778,0.736310778,0.736310778,0.736310778,0.736310778,0.736310778,0.736310778,0.638136008,0.638136008,0.736310778,0.638136008,0.638136008,0.736310778,0.736310778,0.736310778,0.736310778,0.736310778,0.736310778,0.736310778,0.834485549,0.834485549,0.834485549,0.834485549,0.834485549,0.834485549,0.932660319,0.932660319,0.932660319,0.932660319,0.932660319,3.9760782,4.07425297,4.07425297,4.07425297,4.07425297,4.07425297,4.07425297,4.17242774,4.17242774,4.17242774,4.17242774,4.17242774,4.17242774,4.07425297,4.17242774,4.07425297,4.07425297,4.07425297,4.07425297,4.07425297,4.07425297,4.07425297,4.07425297,4.07425297,4.07425297,4.07425297,3.9760782,4.07425297,3.9760782,3.9760782,3.9760782,3.9760782,3.9760782,3.9760782,3.9760782,3.9760782,3.9760782,3.9760782,3.87790343,3.87790343,3.87790343,3.87790343,3.87790343,3.87790343,3.87790343,3.87790343,3.77972866,3.77972866,3.77972866,3.77972866,3.77972866,3.77972866,3.77972866,3.77972866,3.77972866,3.77972866,3.77972866,3.77972866,3.77972866,3.77972866,3.77972866,3.77972866,3.77972866,3.87790343,3.87790343,3.87790343,3.87790343,3.87790343,3.87790343,3.87790343,3.87790343,3.87790343,3.9760782,3.87790343,3.9760782,3.9760782,3.9760782,3.9760782,3.9760782,3.9760782,3.9760782,3.9760782,3.9760782,3.9760782,3.9760782,3.9760782,3.9760782,3.9760782,3.9760782,3.9760782,4.07425297,4.07425297,3.9760782,4.07425297,4.07425297,4.17242774,4.17242774,4.17242774,4.27060251,4.36877728,4.36877728,4.46695205,4.56512682,4.56512682,4.6633016,4.76147637,4.76147637,4.85965114,4.85965114,4.85965114,4.85965114,4.85965114,4.95782591,4.95782591,4.95782591,4.95782591,4.95782591,4.95782591,5.05600068,5.05600068,5.05600068,4.95782591
91.728966951,C01,AP01,client_to_ap,VHT,2,2,2,80,SU,1,4,122,6637c97e16e6ce8a,6,-68.0,1.03083509,1.03083509,1.03083509,1.03083509,1.03083509,1.03083509,1.12900986,1.12900986,1.12900986,1.12900986,1.12900986,1.12900986,1.12900986,1.12900986,1.12900986,1.12900986,1.12900986,1.12900986,1.12900986,1.12900986,1.12900986,1.12900986,1.12900986,1.12900986,1.12900986,1.12900986,1.12900986,1.12900986,1.12900986,1.12900986,1.12900986,1.12900986,1.12900986,1.12900986,1.12900986,1.12900986,1.12900986,1.12900986,1.12900986,1.12900986,1.12900986,1.12900986,1.12900986,1.12900986,1.12900986,1.12900986,1.12900986,1.12900986,1.12900986,1.12900986,1.12900986,1.03083509,1.03083509,1.03083509,1.03083509,1.03083509,1.03083509,1.03083509,1.03083509,1.03083509,1.03083509,1.03083509,1.03083509,1.03083509,1.03083509,1.03083509,1.03083509,1.03083509,0.932660319,0.932660319,0.932660319,0.932660319,0.932660319,0.932660319,0.932660319,0.932660319,0.932660319,0.932660319,0.932660319,0.932660319,0.932660319,0.932660319,0.932660319,0.932660319,0.932660319,0.834485549,0.834485549,0.834485549,0.834485549,0.834485549,0.834485549,0.834485549,0.736310778,0.736310778,0.736310778,0.736310778,0.736310778,0.736310778,0.736310778,0.736310778,0.638136008,0.638136008,0.638136008,0.736310778,0.736310778,0.736310778,0.736310778,0.736310778,0.736310778,0.736310778,0.736310778,0.736310778,0.736310778,0.834485549,0.834485549,0.834485549,0.834485549,0.834485549,0.932660319,0.932660319,0.932660319,0.932660319,4.07425297,4.07425297,4.07425297,4.07425297,4.07425297,4.07425297,4.07425297,4.17242774,4.17242774,4.17242774,4.17242774,4.17242774,4.17242774,4.07425297,4.17242774,4.07425297,4.17242774,4.17242774,4.17242774,4.07425297,4.17242774,4.07425297,4.07425297,4.07425297,4.07425297,4.07425297,3.9760782,4.07425297,4.07425297,3.9760782,3.9760782,3.9760782,3.9760782,3.9760782,3.9760782,3.9760782,3.9760782,3.9760782,3.87790343,3.87790343,3.87790343,3.87790343,3.87790343,3.87790343,3.87790343,3.77972866,3.77972866,3.77972866,3.77972866,3.77972866,3.77972866,3.77972866,3.77972866,3.77972866,3.77972866,3.77972866,3.77972866,3.77972866,3.77972866,3.77972866,3.77972866,3.87790343,3.87790343,3.87790343,3.87790343,3.87790343,3.87790343,3.87790343,3.87790343,3.9760782,3.9760782,3.9760782,3.9760782,3.9760782,3.9760782,3.9760782,3.9760782,3.9760782,3.9760782,3.9760782,3.9760782,3.9760782,3.9760782,4.07425297,3.9760782,3.9760782,3.9760782,4.07425297,4.07425297,4.07425297,4.07425297,4.07425297,4.07425297,4.17242774,4.17242774,4.17242774,4.27060251,4.27060251,4.36877728,4.36877728,4.46695205,4.46695205,4.56512682,4.6633016,4.6633016,4.6633016,4.76147637,4.85965114,4.85965114,4.85965114,4.85965114,4.95782591,4.95782591,4.95782591,4.95782591,5.05600068,4.95782591,5.05600068,5.05600068,5.05600068,5.05600068,5.05600068
93.061009884,C01,AP01,client_to_ap,VHT,2,2,2,80,SU,1,4,122,6637c97e16e6ce8a,6,-68.0,1.03083509,1.03083509,1.03083509,1.03083509,1.03083509,1.03083509,1.03083509,1.12900986,1.12900986,1.12900986,1.12900986,1.12900986,1.12900986,1.12900986,1.12900986,1.12900986,1.12900986,1.12900986,1.12900986,1.12900986,1.12900986,1.12900986,1.12900986,1.12900986,1.12900986,1.12900986,1.12900986,1.12900986,1.12900986,1.12900986,1.12900986,1.12900986,1.12900986,1.12900986,1.12900986,1.12900986,1.12900986,1.12900986,1.12900986,1.12900986,1.12900986,1.12900986,1.12900986,1.12900986,1.12900986,1.12900986,1.12900986,1.12900986,1.12900986,1.12900986,1.03083509,1.12900986,1.03083509,1.03083509,1.03083509,1.03083509,1.03083509,1.03083509,1.03083509,1.03083509,1.03083509,1.03083509,1.03083509,1.03083509,1.03083509,1.03083509,1.03083509,1.03083509,1.03083509,0.932660319,0.932660319,1.03083509,0.932660319,0.932660319,0.932660319,0.932660319,0.932660319,0.932660319,0.932660319,0.932660319,0.932660319,0.932660319,0.932660319,0.932660319,0.932660319,0.932660319,0.932660319,0.834485549,0.834485549,0.834485549,0.834485549,0.834485549,0.834485549,0.736310778,0.736310778,0.736310778,0.736310778,0.638136008,0.638136008,0.638136008,0.638136008,0.638136008,0.638136008,0.638136008,0.736310778,0.736310778,0.736310778,0.736310778,0.736310778,0.736310778,0.736310778,0.834485549,0.834485549,0.834485549,0.834485549,0.834485549,0.834485549,0.834485549,0.932660319,0.932660319,0.932660319,0.932660319,3.9760782,4.07425297,4.07425297,4.07425297,4.17242774,4.07425297,4.07425297,4.07425297,4.07425297,4.07425297,4.17242774,4.17242774,4.07425297,4.07425297,4.17242774,4.07425297,4.07425297,4.07425297,4.07425297,4.07425297,4.07425297,4.07425297,4.07425297,4.07425297,4.07425297,4.07425297,4.07425297,3.9760782,4.07425297,3.9760782,3.9760782,3.9760782,3.9760782,3.9760782,3.9760782,3.9760782,3.9760782,3.87790343,3.87790343,3.87790343,3.87790343,3.87790343,3.87790343,3.87790343,3.87790343,3.87790343,3.77972866,3.87790343,3.77972866,3.77972866,3.77972866,3.77972866,3.77972866,3.77972866,3.77972866,3.77972866,3.77972866,3.77972866,3.77972866,3.77972866,3.77972866,3.77972866,3.87790343,3.87790343,3.87790343,3.87790343,3.87790343,3.87790343,3.87790343,3.9760782,3.9760782,3.9760782,3.9760782,3.9760782,3.9760782,3.9760782,3.9760782,3.9760782,3.9760782,3.9760782,3.9760782,3.9760782,3.9760782,3.9760782,3.9760782,3.9760782,3.9760782,3.9760782,4.07425297,4.07425297,3.9760782,4.07425297,3.9760782,3.9760782,4.07425297,4.17242774,4.17242774,4.27060251,4.27060251,4.46695205,4.46695205,4.46695205,4.56512682,4.56512682,4.6633016,4.76147637,4.76147637,4.85965114,4.76147637,4.85965114,4.85965114,4.95782591,4.95782591,4.95782591,4.95782591,5.05600068,5.05600068,5.05600068,5.15417545,5.05600068,5.05600068,5.05600068
94.393260956,C01,AP01,client_to_ap,VHT,2,2,2,80,SU,1,4,122,6637c97e16e6ce8a,6,-68.0,1.03083509,1.03083509,1.03083509,1.03083509,1.03083509,1.03083509,1.03083509,1.12900986,1.12900986,1.12900986,1.03083509,1.12900986,1.12900986,1.12900986,1.12900986,1.12900986,1.12900986,1.12900986,1.12900986,1.12900986,1.12900986,1.12900986,1.12900986,1.12900986,1.12900986,1.12900986,1.12900986,1.12900986,1.12900986,1.12900986,1.12900986,1.12900986,1.12900986,1.12900986,1.12900986,1.12900986,1.12900986,1.12900986,1.12900986,1.12900986,1.12900986,1.12900986,1.12900986,1.12900986,1.12900986,1.12900986,1.12900986,1.12900986,1.12900986,1.12900986,1.12900986,1.12900986,1.12900986,1.03083509,1.03083509,1.03083509,1.03083509,1.03083509,1.03083509,1.03083509,1.03083509,1.03083509,1.03083509,1.03083509,1.03083509,1.03083509,1.03083509,0.932660319,0.932660319,1.03083509,0.932660319,0.932660319,0.932660319,0.932660319,0.932660319,0.932660319,0.932660319,0.932660319,0.932660319,0.932660319,0.932660319,0.932660319,0.932660319,0.932660319,0.932660319,0.834485549,0.834485549,0.834485549,0.834485549,0.834485549,0.834485549,0.834485549,0.834485549,0.736310778,0.736310778,0.736310778,0.736310778,0.736310778,0.736310778,0.638136008,0.638136008,0.736310778,0.638136008,0.736310778,0.736310778,0.736310778,0.736310778,0.736310778,0.736310778,0.736310778,0.736310778,0.736310778,0.834485549,0.834485549,0.834485549,0.834485549,0.834485549,0.834485549,0.932660319,0.932660319,0.932660319,0.932660319,4.07425297,4.07425297,4.07425297,4.07425297,4.07425297,4.07425297,4.17242774,4.17242774,4.17242774,4.17242774,4.17242774,4.17242774,4.17242774,4.17242774,4.17242774,4.07425297,4.07425297,4.17242774,4.17242774,4.07425297,4.07425297,4.17242774,4.07425297,4.07425297,4.07425297,4.07425297,4.07425297,4.07425297,4.07425297,4.07425297,4.07425297,3.9760782,3.9760782,3.9760782,3.9760782,3.9760782,3.9760782,3.9760782,3.9760782,3.87790343,3.87790343,3.87790343,3.87790343,3.87790343,3.87790343,3.87790343,3.77972866,3.87790343,3.87790343,3.77972866,3.77972866,3.77972866,3.77972866,3.77972866,3.77972866,3.77972866,3.77972866,3.77972866,3.87790343,3.87790343,3.87790343,3.77972866,3.87790343,3.87790343,3.87790343,3.87790343,3.87790343,3.87790343,3.9760782,3.9760782,3.9760782,3.9760782,3.9760782,3.9760782,3.9760782,3.9760782,3.9760782,3.9760782,3.9760782,4.07425297,3.9760782,4.07425297,4.07425297,4.07425297,4.07425297,4.07425297,4.07425297,4.07425297,4.07425297,4.07425297,4.07425297,4.07425297,4.07425297,4.07425297,4.17242774,4.17242774,4.27060251,4.27060251,4.36877728,4.36877728,4.46695205,4.56512682,4.56512682,4.56512682,4.6633016,4.76147637,4.76147637,4.76147637,4.76147637,4.85965114,4.85965114,4.85965114,4.95782591,4.95782591,4.95782591,4.95782591,4.95782591,5.05600068,5.05600068,5.05600068,5.05600068,5.05600068
95.729073048,C01,AP01,client_to_ap,VHT,2,2,2,80,SU,1,4,122,6637c97e16e6ce8a,6,-68.0,1.03083509,1.03083509,1.03083509,1.03083509,1.03083509,1.03083509,1.12900986,1.12900986,1.12900986,1.12900986,1.12900986,1.12900986,1.12900986,1.12900986,1.12900986,1.12900986,1.12900986,1.12900986,1.12900986,1.12900986,1.12900986,1.12900986,1.12900986,1.12900986,1.12900986,1.12900986,1.12900986,1.12900986,1.12900986,1.12900986,1.12900986,1.12900986,1.12900986,1.12900986,1.12900986,1.12900986,1.12900986,1.12900986,1.12900986,1.12900986,1.12900986,1.12900986,1.12900986,1.12900986,1.12900986,1.12900986,1.12900986,1.12900986,1.12900986,1.12900986,1.12900986,1.12900986,1.03083509,1.03083509,1.03083509,1.03083509,1.03083509,1.03083509,1.03083509,1.03083509,1.03083509,1.03083509,1.03083509,1.03083509,1.03083509,1.03083509,1.03083509,1.03083509,1.03083509,1.03083509,1.03083509,0.932660319,0.932660319,0.932660319,0.932660319,0.932660319,0.932660319,0.932660319,0.932660319,0.932660319,0.932660319,0.932660319,0.932660319,0.932660319,0.932660319,0.834485549,0.834485549,0.834485549,0.834485549,0.834485549,0.834485549,0.736310778,0.834485549,0.736310778,0.736310778,0.736310778,0.736310778,0.638136008,0.638136008,0.638136008,0.638136008,0.638136008,0.638136008,0.638136008,0.736310778,0.736310778,0.736310778,0.736310778,0.736310778,0.736310778,0.736310778,0.736310778,0.834485549,0.834485549,0.834485549,0.834485549,0.834485549,0.834485549,0.932660319,0.932660319,0.932660319,0.932660319,3.9760782,4.07425297,4.07425297,4.07425297,4.07425297,4.07425297,4.07425297,4.07425297,4.17242774,4.17242774,4.17242774,4.17242774,4.07425297,4.17242774,4.17242774,4.17242774,4.17242774,4.07425297,4.17242774,4.07425297,4.07425297,4.07425297,4.07425297,4.07425297,4.07425297,4.07425297,4.07425297,4.07425297,4.07425297,3.9760782,3.9760782,4.07425297,3.9760782,3.9760782,3.9760782,3.9760782,3.9760782,3.87790343,3.9760782,3.87790343,3.87790343,3.87790343,3.87790343,3.87790343,3.87790343,3.87790343,3.87790343,3.87790343,3.87790343,3.77972866,3.77972866,3.87790343,3.77972866,3.77972866,3.77972866,3.77972866,3.87790343,3.87790343,3.77972866,3.77972866,3.87790343,3.77972866,3.87790343,3.87790343,3.87790343,3.87790343,3.87790343,3.87790343,3.87790343,3.9760782,3.9760782,3.9760782,3.9760782,3.9760782,3.9760782,3.9760782,3.9760782,3.9760782,3.9760782,3.9760782,3.9760782,3.9760782,3.9760782,4.07425297,3.9760782,4.07425297,3.9760782,4.07425297,4.07425297,3.9760782,4.07425297,4.07425297,4.07425297,4.07425297,4.17242774,4.17242774,4.27060251,4.27060251,4.36877728,4.36877728,4.46695205,4.46695205,4.56512682,4.6633016,4.6633016,4.76147637,4.85965114,4.85965114,4.95782591,4.95782591,4.95782591,4.95782591,4.95782591,5.05600068,5.05600068,5.05600068,5.05600068,5.05600068,5.05600068,5.05600068,5.05600068,5.15417545
97.061007023,C01,AP01,client_to_ap,VHT,2,2,2,80,SU,1,4,122,6637c97e16e6ce8a,6,-68.0,1.03083509,1.03083509,1.03083509,1.03083509,1.03083509,1.03083509,1.03083509,1.12900986,1.12900986,1.12900986,1.03083509,1.12900986,1.12900986,1.12900986,1.12900986,1.12900986,1.12900986,1.12900986,1.12900986,1.12900986,1.12900986,1.12900986,1.12900986,1.12900986,1.12900986,1.12900986,1.12900986,1.12900986,1.12900986,1.12900986,1.12900986,1.12900986,1.12900986,1.12900986,1.12900986,1.12900986,1.12900986,1.12900986,1.12900986,1.12900986,1.12900986,1.12900986,1.12900986,1.12900986,1.12900986,1.12900986,1.12900986,1.12900986,1.12900986,1.03083509,1.03083509,1.03083509,1.03083509,1.03083509,1.03083509,1.03083509,1.03083509,1.03083509,1.03083509,1.03083509,1.03083509,1.03083509,1.03083509,1.03083509,0.932660319,0.932660319,0.932660319,0.932660319,0.932660319,0.932660319,0.932660319,0.932660319,0.932660319,0.932660319,0.932660319,0.932660319,0.932660319,0.932660319,0.932660319,0.932660319,0.932660319,0.932660319,0.932660319,0.932660319,0.834485549,0.834485549,0.834485549,0.834485549,0.834485549,0.834485549,0.834485549,0.834485549,0.834485549,0.736310778,0.736310778,0.736310778,0.736310778,0.638136008,0.736310778,0.736310778,0.638136008,0.638136008,0.638136008,0.638136008,0.638136008,0.638136008,0.736310778,0.736310778,0.736310778,0.736310778,0.736310778,0.736310778,0.736310778,0.834485549,0.834485549,0.834485549,0.834485549,0.932660319,0.932660319,0.932660319,0.932660319,1.03083509,4.07425297,3.9760782,3.9760782,4.07425297,4.07425297,4.07425297,4.07425297,4.07425297,4.07425297,4.07425297,4.07425297,4.07425297,4.07425297,4.17242774,4.07425297,4.07425297,4.07425297,4.07425297,4.07425297,4.07425297,4.07425297,4.07425297,4.07425297,4.07425297,4.07425297,3.9760782,3.9760782,3.9760782,4.07425297,3.9760782,3.9760782,3.9760782,3.9760782,3.9760782,3.9760782,3.87790343,3.87790343,3.87790343,3.87790343,3.87790343,3.87790343,3.87790343,3.87790343,3.77972866,3.87790343,3.87790343,3.87790343,3.77972866,3.77972866,3.77972866,3.77972866,3.77972866,3.77972866,3.77972866,3.77972866,3.77972866,3.77972866,3.77972866,3.77972866,3.87790343,3.87790343,3.87790343,3.87790343,3.87790343,3.87790343,3.87790343,3.87790343,3.87790343,3.87790343,3.9760782,3.9760782,3.9760782,3.9760782,3.9760782,3.9760782,3.9760782,3.9760782,3.9760782,3.9760782,3.9760782,3.9760782,3.9760782,3.9760782,3.9760782,3.9760782,3.9760782,3.9760782,3.9760782,4.07425297,4.07425297,4.07425297,4.07425297,4.07425297,4.07425297,4.17242774,4.17242774,4.27060251,4.27060251,4.27060251,4.36877728,4.36877728,4.46695205,4.56512682,4.6633016,4.6633016,4.76147637,4.76147637,4.85965114,4.85965114,4.95782591,4.95782591,4.95782591,4.95782591,5.05600068,5.05600068,5.05600068,5.05600068,5.05600068,5.05600068,5.05600068,5.05600068,5.05600068
98.394304991,C01,AP01,client_to_ap,VHT,2,2,2,80,SU,1,4,122,6637c97e16e6ce8a,6,-68.0,1.03083509,1.03083509,1.03083509,1.03083509,1.03083509,1.03083509,1.03083509,1.12900986,1.12900986,1.12900986,1.12900986,1.12900986,1.12900986,1.12900986,1.12900986,1.12900986,1.12900986,1.12900986,1.12900986,1.12900986,1.12900986,1.12900986,1.12900986,1.12900986,1.12900986,1.12900986,1.12900986,1.12900986,1.12900986,1.12900986,1.12900986,1.12900986,1.12900986,1.12900986,1.12900986,1.12900986,1.12900986,1.12900986,1.12900986,1.12900986,1.12900986,1.12900986,1.12900986,1.12900986,1.12900986,1.12900986,1.12900986,1.12900986,1.12900986,1.03083509,1.03083509,1.03083509,1.03083509,1.03083509,1.03083509,1.03083509,1.03083509,1.03083509,1.03083509,1.03083509,1.03083509,1.03083509,1.03083509,1.03083509,1.03083509,1.03083509,1.03083509,0.932660319,0.932660319,0.932660319,0.932660319,0.932660319,0.932660319,0.932660319,0.932660319,0.932660319,0.932660319,0.932660319,0.932660319,0.932660319,0.932660319,0.932660319,0.932660319,0.932660319,0.834485549,0.834485549,0.834485549,0.834485549,0.834485549,0.834485549,0.834485549,0.834485549,0.736310778,0.736310778,0.736310778,0.736310778,0.736310778,0.638136008,0.736310778,0.638136008,0.638136008,0.638136008,0.638136008,0.736310778,0.638136008,0.736310778,0.736310778,0.736310778,0.736310778,0.736310778,0.736310778,0.834485549,0.834485549,0.834485549,0.834485549,0.834485549,0.834485549,0.932660319,0.932660319,0.932660319,0.932660319,0.932660319,3.9760782,4.07425297,4.07425297,4.07425297,4.17242774,4.07425297,4.07425297,4.17242774,4.17242774,4.17242774,4.07425297,4.17242774,4.17242774,4.17242774,4.17242774,4.17242774,4.17242774,4.17242774,4.17242774,4.07425297,4.17242774,4.17242774,4.07425297,4.07425297,4.07425297,4.07425297,4.07425297,4.07425297,4.07425297,4.07425297,4.07425297,4.07425297,3.9760782,3.9760782,3.9760782,3.9760782,3.9760782,3.9760782,3.87790343,3.87790343,3.87790343,3.87790343,3.87790343,3.87790343,3.87790343,3.87790343,3.77972866,3.87790343,3.77972866,3.77972866,3.87790343,3.77972866,3.87790343,3.87790343,3.77972866,3.87790343,3.87790343,3.87790343,3.87790343,3.87790343,3.87790343,3.87790343,3.87790343,3.87790343,3.87790343,3.87790343,3.87790343,3.9760782,3.9760782,3.9760782,3.9760782,3.9760782,3.9760782,3.9760782,4.07425297,4.07425297,3.9760782,4.07425297,4.07425297,4.07425297,4.07425297,4.07425297,4.07425297,4.07425297,4.07425297,4.07425297,4.07425297,4.07425297,4.07425297,4.07425297,4.17242774,4.17242774,4.17242774,4.17242774,4.17242774,4.17242774,4.27060251,4.36877728,4.36877728,4.36877728,4.46695205,4.56512682,4.56512682,4.6633016,4.76147637,4.76147637,4.85965114,4.85965114,4.95782591,4.95782591,4.95782591,4.95782591,5.05600068,5.05600068,5.05600068,5.05600068,5.05600068,5.15417545,5.15417545,5.15417545,5.15417545,5.15417545
99.729379892,C01,AP01,client_to_ap,VHT,2,2,2,80,SU,1,4,122,6637c97e16e6ce8a,6,-68.0,1.03083509,1.03083509,1.03083509,1.03083509,1.03083509,1.03083509,1.03083509,1.03083509,1.03083509,1.03083509,1.03083509,1.12900986,1.12900986,1.12900986,1.12900986,1.12900986,1.12900986,1.12900986,1.12900986,1.12900986,1.12900986,1.12900986,1.12900986,1.12900986,1.12900986,1.12900986,1.12900986,1.12900986,1.12900986,1.12900986,1.12900986,1.12900986,1.12900986,1.12900986,1.12900986,1.12900986,1.12900986,1.12900986,1.12900986,1.12900986,1.12900986,1.12900986,1.12900986,1.12900986,1.12900986,1.12900986,1.12900986,1.12900986,1.12900986,1.03083509,1.03083509,1.03083509,1.03083509,1.03083509,1.03083509,1.03083509,1.03083509,1.03083509,1.03083509,1.03083509,1.03083509,1.03083509,1.03083509,1.03083509,0.932660319,0.932660319,1.03083509,0.932660319,0.932660319,0.932660319,0.932660319,0.932660319,0.932660319,0.932660319,0.932660319,0.932660319,0.932660319,0.932660319,0.932660319,0.932660319,0.932660319,0.932660319,0.932660319,0.932660319,0.834485549,0.834485549,0.834485549,0.834485549,0.834485549,0.834485549,0.834485549,0.834485549,0.736310778,0.736310778,0.736310778,0.736310778,0.736310778,0.736310778,0.736310778,0.638136008,0.638136008,0.736310778,0.638136008,0.736310778,0.736310778,0.736310778,0.736310778,0.736310778,0.736310778,0.736310778,0.736310778,0.834485549,0.834485549,0.834485549,0.834485549,0.834485549,0.834485549,0.932660319,0.932660319,0.932660319,0.932660319,1.03083509,3.9760782,4.07425297,3.9760782,4.07425297,4.07425297,4.07425297,4.07425297,4.07425297,4.17242774,4.17242774,4.07425297,4.17242774,4.17242774,4.17242774,4.17242774,4.17242774,4.17242774,4.07425297,4.17242774,4.17242774,4.17242774,4.17242774,4.07425297,4.07425297,4.07425297,4.07425297,4.07425297,4.07425297,4.07425297,3.9760782,3.9760782,3.9760782,3.9760782,4.07425297,3.9760782,3.9760782,3.9760782,3.9760782,3.87790343,3.87790343,3.87790343,3.87790343,3.87790343,3.87790343,3.87790343,3.87790343,3.87790343,3.77972866,3.87790343,3.77972866,3.77972866,3.77972866,3.87790343,3.77972866,3.77972866,3.77972866,3.87790343,3.77972866,3.77972866,3.77972866,3.87790343,3.87790343,3.87790343,3.87790343,3.87790343,3.87790343,3.87790343,3.9760782,3.9760782,3.9760782,3.9760782,3.9760782,3.9760782,3.9760782,3.9760782,3.9760782,3.9760782,3.9760782,4.07425297,4.07425297,3.9760782,4.07425297,4.07425297,4.07425297,4.07425297,4.07425297,4.07425297,4.07425297,4.07425297,4.17242774,4.17242774,4.17242774,4.17242774,4.17242774,4.27060251,4.27060251,4.27060251,4.36877728,4.36877728,4.36877728,4.56512682,4.56512682,4.6633016,4.76147637,4.76147637,4.76147637,4.85965114,4.85965114,4.95782591,4.95782591,4.95782591,4.95782591,5.05600068,5.05600068,5.05600068,5.05600068,5.05600068,5.05600068,5.15417545,5.15417545,5.15417545,5.15417545
101.065476894,C01,AP01,client_to_ap,VHT,2,2,2,80,SU,1,4,122,6637c97e16e6ce8a,6,-68.0,1.03083509,1.03083509,1.03083509,1.03083509,1.03083509,1.03083509,1.03083509,1.03083509,1.03083509,1.12900986,1.12900986,1.12900986,1.12900986,1.12900986,1.12900986,1.12900986,1.12900986,1.12900986,1.12900986,1.12900986,1.12900986,1.12900986,1.12900986,1.12900986,1.12900986,1.12900986,1.12900986,1.12900986,1.12900986,1.12900986,1.12900986,1.12900986,1.12900986,1.12900986,1.12900986,1.12900986,1.12900986,1.12900986,1.12900986,1.12900986,1.12900986,1.12900986,1.12900986,1.12900986,1.12900986,1.12900986,1.12900986,1.03083509,1.03083509,1.03083509,1.03083509,1.03083509,1.03083509,1.03083509,1.03083509,1.03083509,1.03083509,1.03083509,1.03083509,1.03083509,1.03083509,1.03083509,1.03083509,1.03083509,0.932660319,0.932660319,0.932660319,0.932660319,0.932660319,0.932660319,0.932660319,0.932660319,0.932660319,0.932660319,0.932660319,0.932660319,0.932660319,0.932660319,0.932660319,0.932660319,0.932660319,0.834485549,0.932660319,0.834485549,0.834485549,0.834485549,0.834485549,0.834485549,0.834485549,0.834485549,0.834485549,0.834485549,0.736310778,0.736310778,0.736310778,0.736310778,0.736310778,0.736310778,0.638136008,0.638136008,0.638136008,0.638136008,0.638136008,0.638136008,0.638136008,0.736310778,0.736310778,0.736310778,0.736310778,0.736310778,0.736310778,0.736310778,0.834485549,0.834485549,0.834485549,0.834485549,0.834485549,0.932660319,0.932660319,0.932660319,0.932660319,1.03083509,4.07425297,4.07425297,4.07425297,4.07425297,4.17242774,4.07425297,4.17242774,4.17242774,4.17242774,4.17242774,4.17242774,4.17242774,4.17242774,4.17242774,4.07425297,4.07425297,4.17242774,4.07425297,4.17242774,4.07425297,4.07425297,4.07425297,4.07425297,4.07425297,4.07425297,4.07425297,3.9760782,4.07425297,4.07425297,3.9760782,3.9760782,3.9760782,3.9760782,3.9760782,3.9760782,3.9760782,3.9760782,3.87790343,3.87790343,3.87790343,3.87790343,3.87790343,3.87790343,3.87790343,3.87790343,3.87790343,3.77972866,3.87790343,3.87790343,3.87790343,3.77972866,3.77972866,3.77972866,3.77972866,3.77972866,3.87790343,3.77972866,3.77972866,3.77972866,3.87790343,3.87790343,3.77972866,3.87790343,3.87790343,3.87790343,3.87790343,3.87790343,3.9760782,3.9760782,3.9760782,3.9760782,3.9760782,3.9760782,3.9760782,4.07425297,3.9760782,4.07425297,3.9760782,4.07425297,4.07425297,4.07425297,4.07425297,4.07425297,4.07425297,4.07425297,4.07425297,4.07425297,4.07425297,4.07425297,4.17242774,4.17242774,4.17242774,4.17242774,4.17242774,4.27060251,4.27060251,4.27060251,4.27060251,4.36877728,4.46695205,4.46695205,4.56512682,4.6633016,4.6633016,4.76147637,4.76147637,4.85965114,4.85965114,4.95782591,4.95782591,4.95782591,5.05600068,5.05600068,5.05600068,5.05600068,5.05600068,5.05600068,5.05600068,5.15417545,5.15417545,5.15417545,5.05600068
102.393653870,C01,AP01,client_to_ap,VHT,2,2,2,80,SU,1,4,122,6637c97e16e6ce8a,6,-68.0,1.03083509,1.03083509,1.03083509,1.03083509,1.03083509,1.03083509,1.03083509,1.12900986,1.12900986,1.12900986,1.12900986,1.12900986,1.12900986,1.12900986,1.12900986,1.12900986,1.12900986,1.12900986,1.12900986,1.12900986,1.12900986,1.12900986,1.12900986,1.12900986,1.12900986,1.12900986,1.12900986,1.12900986,1.12900986,1.12900986,1.12900986,1.12900986,1.12900986,1.12900986,1.12900986,1.12900986,1.12900986,1.12900986,1.12900986,1.12900986,1.12900986,1.12900986,1.12900986,1.12900986,1.12900986,1.12900986,1.12900986,1.12900986,1.12900986,1.03083509,1.03083509,1.03083509,1.03083509,1.03083509,1.03083509,1.03083509,1.03083509,1.03083509,1.03083509,1.03083509,1.03083509,1.03083509,1.03083509,1.03083509,0.932660319,1.03083509,0.932660319,0.932660319,0.932660319,0.932660319,0.932660319,0.932660319,0.932660319,0.932660319,0.932660319,0.932660319,0.932660319,0.932660319,0.932660319,0.932660319,0.932660319,0.932660319,0.932660319,0.932660319,0.834485549,0.834485549,0.834485549,0.834485549,0.834485549,0.834485549,0.834485549,0.736310778,0.736310778,0.736310778,0.736310778,0.736310778,0.736310778,0.736310778,0.638136008,0.638136008,0.736310778,0.638136008,0.638136008,0.638136008,0.638136008,0.736310778,0.736310778,0.736310778,0.736310778,0.736310778,0.736310778,0.736310778,0.736310778,0.834485549,0.834485549,0.834485549,0.834485549,0.932660319,0.932660319,0.932660319,0.932660319,0.932660319,3.9760782,4.07425297,4.07425297,4.07425297,4.07425297,4.07425297,4.17242774,4.17242774,4.17242774,4.17242774,4.17242774,4.17242774,4.17242774,4.17242774,4.17242774,4.07425297,4.17242774,4.07425297,4.17242774,4.17242774,4.17242774,4.07425297,4.07425297,4.07425297,4.17242774,4.07425297,4.07425297,4.07425297,4.07425297,4.07425297,3.9760782,3.9760782,3.9760782,3.9760782,3.9760782,3.9760782,3.9760782,3.9760782,3.87790343,3.87790343,3.87790343,3.87790343,3.87790343,3.87790343,3.87790343,3.87790343,3.87790343,3.77972866,3.87790343,3.77972866,3.87790343,3.77972866,3.87790343,3.77972866,3.77972866,3.77972866,3.77972866,3.77972866,3.77972866,3.77972866,3.87790343,3.87790343,3.87790343,3.87790343,3.87790343,3.87790343,3.87790343,3.9760782,3.9760782,3.9760782,3.9760782,3.9760782,3.9760782,3.9760782,4.07425297,4.07425297,4.07425297,3.9760782,4.07425297,4.07425297,4.07425297,4.07425297,4.07425297,4.07425297,4.07425297,4.07425297,4.07425297,4.07425297,4.07425297,4.17242774,4.17242774,4.17242774,4.17242774,4.17242774,4.27060251,4.27060251,4.27060251,4.36877728,4.36877728,4.46695205,4.46695205,4.56512682,4.6633016,4.6633016,4.76147637,4.85965114,4.85965114,4.85965114,4.85965114,4.95782591,4.95782591,4.95782591,5.05600068,5.05600068,5.05600068,5.05600068,5.05600068,5.15417545,5.15417545,5.15417545,5.15417545,5.15417545
103.753643036,C01,AP01,client_to_ap,VHT,2,2,2,80,SU,1,4,122,6637c97e16e6ce8a,6,-68.0,1.03083509,1.03083509,1.03083509,1.03083509,1.03083509,1.03083509,1.03083509,1.03083509,1.12900986,1.12900986,1.03083509,1.12900986,1.12900986,1.12900986,1.12900986,1.12900986,1.12900986,1.12900986,1.12900986,1.12900986,1.12900986,1.12900986,1.12900986,1.12900986,1.12900986,1.12900986,1.12900986,1.12900986,1.12900986,1.12900986,1.12900986,1.12900986,1.12900986,1.12900986,1.12900986,1.12900986,1.12900986,1.12900986,1.12900986,1.12900986,1.12900986,1.12900986,1.12900986,1.12900986,1.12900986,1.12900986,1.12900986,1.12900986,1.12900986,1.03083509,1.03083509,1.03083509,1.03083509,1.03083509,1.03083509,1.03083509,1.03083509,1.03083509,1.03083509,1.03083509,1.03083509,1.03083509,1.03083509,1.03083509,0.932660319,0.932660319,0.932660319,0.932660319,0.932660319,0.932660319,0.932660319,0.932660319,0.932660319,0.932660319,0.932660319,0.932660319,0.932660319,0.932660319,0.932660319,0.932660319,0.932660319,0.834485549,0.932660319,0.932660319,0.834485549,0.834485549,0.834485549,0.834485549,0.834485549,0.834485549,0.834485549,0.736310778,0.736310778,0.736310778,0.736310778,0.736310778,0.638136008,0.638136008,0.638136008,0.638136008,0.638136008,0.638136008,0.638136008,0.638136008,0.638136008,0.736310778,0.736310778,0.736310778,0.736310778,0.736310778,0.736310778,0.736310778,0.736310778,0.834485549,0.834485549,0.834485549,0.834485549,0.834485549,0.932660319,0.932660319,0.932660319,0.932660319,4.07425297,3.9760782,4.07425297,4.07425297,4.07425297,4.07425297,4.07425297,4.17242774,4.17242774,4.17242774,4.17242774,4.07425297,4.07425297,4.17242774,4.17242774,4.07425297,4.17242774,4.17242774,4.17242774,4.17242774,4.07425297,4.07425297,4.07425297,4.07425297,4.07425297,4.07425297,4.07425297,4.07425297,4.07425297,3.9760782,3.9760782,3.9760782,3.9760782,3.9760782,3.9760782,3.9760782,3.9760782,3.9760782,3.87790343,3.87790343,3.87790343,3.87790343,3.87790343,3.87790343,3.87790343,3.87790343,3.87790343,3.87790343,3.77972866,3.77972866,3.77972866,3.77972866,3.77972866,3.87790343,3.77972866,3.77972866,3.77972866,3.77972866,3.77972866,3.77972866,3.87790343,3.77972866,3.87790343,3.87790343,3.87790343,3.87790343,3.87790343,3.9760782,3.9760782,3.9760782,3.9760782,3.9760782,3.9760782,3.9760782,4.07425297,3.9760782,3.9760782,3.9760782,3.9760782,4.07425297,4.07425297,4.07425297,4.07425297,3.9760782,4.07425297,4.07425297,4.07425297,4.07425297,4.07425297,4.07425297,4.07425297,4.07425297,4.17242774,4.17242774,4.17242774,4.27060251,4.27060251,4.36877728,4.36877728,4.36877728,4.46695205,4.56512682,4.6633016,4.6633016,4.76147637,4.85965114,4.85965114,4.85965114,4.95782591,4.95782591,4.95782591,4.95782591,5.05600068,5.05600068,5.05600068,5.05600068,5.05600068,5.15417545,5.15417545,5.15417545,5.15417545,5.15417545
105.061527014,C01,AP01,client_to_ap,VHT,2,2,2,80,SU,1,4,122,6637c97e16e6ce8a,6,-68.0,1.03083509,1.03083509,1.03083509,1.03083509,1.03083509,1.03083509,1.03083509,1.03083509,1.12900986,1.12900986,1.12900986,1.12900986,1.12900986,1.12900986,1.12900986,1.12900986,1.12900986,1.12900986,1.12900986,1.12900986,1.12900986,1.12900986,1.12900986,1.12900986,1.12900986,1.12900986,1.12900986,1.12900986,1.12900986,1.12900986,1.12900986,1.12900986,1.12900986,1.12900986,1.12900986,1.12900986,1.12900986,1.12900986,1.12900986,1.12900986,1.12900986,1.12900986,1.12900986,1.12900986,1.12900986,1.12900986,1.12900986,1.12900986,1.12900986,1.03083509,1.03083509,1.03083509,1.03083509,1.03083509,1.03083509,1.03083509,1.03083509,1.03083509,1.03083509,1.03083509,1.03083509,1.03083509,1.03083509,1.03083509,1.03083509,1.03083509,0.932660319,0.932660319,0.932660319,0.932660319,0.932660319,0.932660319,0.932660319,0.932660319,0.932660319,0.932660319,0.932660319,0.932660319,0.932660319,0.932660319,0.932660319,0.932660319,0.932660319,0.932660319,0.834485549,0.834485549,0.834485549,0.834485549,0.834485549,0.834485549,0.834485549,0.834485549,0.834485549,0.736310778,0.736310778,0.736310778,0.736310778,0.736310778,0.638136008,0.638136008,0.638136008,0.638136008,0.638136008,0.638136008,0.638136008,0.736310778,0.638136008,0.736310778,0.736310778,0.736310778,0.736310778,0.834485549,0.834485549,0.834485549,0.834485549,0.834485549,0.834485549,0.834485549,0.834485549,0.932660319,0.932660319,0.932660319,3.9760782,4.07425297,4.07425297,4.07425297,4.07425297,4.07425297,4.07425297,4.07425297,4.17242774,4.07425297,4.17242774,4.17242774,4.17242774,4.17242774,4.07425297,4.07425297,4.07425297,4.07425297,4.17242774,4.07425297,4.07425297,4.07425297,4.07425297,4.07425297,4.07425297,4.07425297,4.07425297,4.07425297,4.07425297,3.9760782,4.07425297,3.9760782,3.9760782,3.9760782,3.9760782,3.9760782,3.9760782,3.87790343,3.87790343,3.87790343,3.87790343,3.87790343,3.87790343,3.87790343,3.87790343,3.87790343,3.77972866,3.77972866,3.77972866,3.77972866,3.77972866,3.77972866,3.77972866,3.77972866,3.77972866,3.77972866,3.77972866,3.77972866,3.77972866,3.77972866,3.77972866,3.87790343,3.87790343,3.87790343,3.87790343,3.87790343,3.87790343,3.87790343,3.9760782,3.9760782,3.9760782,3.9760782,3.9760782,3.9760782,3.9760782,3.9760782,3.9760782,4.07425297,3.9760782,4.07425297,4.07425297,4.07425297,4.07425297,4.07425297,4.07425297,4.07425297,4.07425297,4.07425297,4.07425297,4.17242774,4.07425297,4.17242774,4.17242774,4.17242774,4.17242774,4.27060251,4.27060251,4.36877728,4.36877728,4.46695205,4.46695205,4.56512682,4.56512682,4.6633016,4.76147637,4.76147637,4.85965114,4.85965114,4.85965114,4.95782591,4.95782591,4.95782591,5.05600068,4.95782591,5.05600068,5.05600068,5.15417545,5.05600068,5.15417545,5.15417545,5.15417545,5.15417545
106.392930031,C01,AP01,client_to_ap,VHT,2,2,2,80,SU,1,4,122,6637c97e16e6ce8a,6,-68.0,1.03083509,1.03083509,1.03083509,1.03083509,1.12900986,1.03083509,1.12900986,1.12900986,1.12900986,1.12900986,1.03083509,1.12900986,1.12900986,1.12900986,1.12900986,1.12900986,1.12900986,1.12900986,1.12900986,1.12900986,1.12900986,1.12900986,1.12900986,1.12900986,1.12900986,1.12900986,1.12900986,1.12900986,1.12900986,1.12900986,1.12900986,1.12900986,1.12900986,1.12900986,1.12900986,1.12900986,1.12900986,1.12900986,1.12900986,1.12900986,1.12900986,1.12900986,1.12900986,1.12900986,1.12900986,1.12900986,1.12900986,1.03083509,1.12900986,1.03083509,1.03083509,1.03083509,1.03083509,1.03083509,1.03083509,1.03083509,1.03083509,1.03083509,1.03083509,1.03083509,1.03083509,1.03083509,1.03083509,1.03083509,0.932660319,1.03083509,1.03083509,0.932660319,0.932660319,0.932660319,0.932660319,0.932660319,0.932660319,0.932660319,0.932660319,0.932660319,0.932660319,0.932660319,0.932660319,0.932660319,0.932660319,0.932660319,0.932660319,0.932660319,0.834485549,0.834485549,0.834485549,0.834485549,0.834485549,0.834485549,0.834485549,0.834485549,0.736310778,0.736310778,0.736310778,0.736310778,0.736310778,0.638136008,0.736310778,0.638136008,0.638136008,0.736310778,0.638136008,0.736310778,0.736310778,0.736310778,0.736310778,0.736310778,0.736310778,0.736310778,0.736310778,0.736310778,0.736310778,0.834485549,0.834485549,0.834485549,0.834485549,0.834485549,0.932660319,0.932660319,0.932660319,0.932660319,3.9760782,4.07425297,4.07425297,4.07425297,4.07425297,4.07425297,4.07425297,4.17242774,4.17242774,4.17242774,4.17242774,4.17242774,4.07425297,4.17242774,4.17242774,4.07425297,4.07425297,4.07425297,4.07425297,4.07425297,4.07425297,4.07425297,4.07425297,4.07425297,4.07425297,4.07425297,3.9760782,3.9760782,3.9760782,3.9760782,3.9760782,3.9760782,3.9760782,3.9760782,3.9760782,3.9760782,3.9760782,3.9760782,3.87790343,3.87790343,3.87790343,3.87790343,3.87790343,3.87790343,3.87790343,3.87790343,3.87790343,3.87790343,3.87790343,3.77972866,3.87790343,3.87790343,3.87790343,3.77972866,3.77972866,3.87790343,3.87790343,3.77972866,3.77972866,3.87790343,3.87790343,3.87790343,3.87790343,3.87790343,3.87790343,3.87790343,3.87790343,3.9760782,3.9760782,3.9760782,3.9760782,3.9760782,4.07425297,3.9760782,3.9760782,3.9760782,4.07425297,4.07425297,4.07425297,4.07425297,4.07425297,4.07425297,4.07425297,4.07425297,4.07425297,4.07425297,4.07425297,4.07425297,4.07425297,4.07425297,4.17242774,4.17242774,4.17242774,4.27060251,4.27060251,4.27060251,4.27060251,4.36877728,4.36877728,4.46695205,4.56512682,4.56512682,4.6633016,4.6633016,4.76147637,4.85965114,4.85965114,4.85965114,4.95782591,4.95782591,4.95782591,5.05600068,5.05600068,5.05600068,5.05600068,5.05600068,5.05600068,5.05600068,5.15417545,5.15417545,5.15417545,5.05600068
107.729578018,C01,AP01,client_to_ap,VHT,2,2,2,80,SU,1,4,122,6637c97e16e6ce8a,6,-68.0,1.03083509,1.03083509,1.03083509,1.03083509,1.03083509,1.03083509,1.03083509,1.03083509,1.12900986,1.12900986,1.12900986,1.12900986,1.12900986,1.12900986,1.12900986,1.12900986,1.12900986,1.12900986,1.12900986,1.12900986,1.12900986,1.12900986,1.12900986,1.12900986,1.12900986,1.12900986,1.12900986,1.12900986,1.12900986,1.12900986,1.12900986,1.12900986,1.12900986,1.12900986,1.12900986,1.12900986,1.12900986,1.12900986,1.12900986,1.12900986,1.12900986,1.12900986,1.12900986,1.12900986,1.12900986,1.03083509,1.03083509,1.03083509,1.03083509,1.03083509,1.03083509,1.03083509,1.03083509,1.03083509,1.03083509,1.03083509,1.03083509,1.03083509,1.03083509,1.03083509,1.03083509,1.03083509,1.03083509,0.932660319,0.932660319,0.932660319,0.932660319,0.932660319,0.932660319,0.932660319,0.932660319,0.932660319,0.932660319,0.932660319,0.932660319,0.932660319,0.932660319,0.932660319,0.932660319,0.932660319,0.932660319,0.932660319,0.932660319,0.932660319,0.932660319,0.834485549,0.834485549,0.834485549,0.834485549,0.834485549,0.834485549,0.834485549,0.736310778,0.736310778,0.736310778,0.736310778,0.736310778,0.736310778,0.736310778,0.638136008,0.638136008,0.638136008,0.638136008,0.638136008,0.638136008,0.638136008,0.736310778,0.736310778,0.736310778,0.736310778,0.736310778,0.736310778,0.834485549,0.834485549,0.834485549,0.834485549,0.834485549,0.834485549,0.932660319,0.932660319,0.932660319,0.932660319,3.9760782,3.9760782,4.07425297,4.07425297,4.07425297,4.07425297,4.07425297,4.17242774,4.07425297,4.07425297,4.07425297,4.17242774,4.07425297,4.07425297,4.07425297,4.17242774,4.07425297,4.07425297,4.07425297,4.07425297,4.07425297,4.07425297,4.07425297,4.07425297,4.07425297,4.07425297,4.07425297,3.9760782,3.9760782,3.9760782,3.9760782,3.9760782,3.9760782,3.9760782,3.9760782,3.9760782,3.9760782,3.87790343,3.87790343,3.87790343,3.87790343,3.87790343,3.87790343,3.87790343,3.87790343,3.77972866,3.87790343,3.77972866,3.87790343,3.87790343,3.77972866,3.77972866,3.77972866,3.77972866,3.77972866,3.77972866,3.87790343,3.77972866,3.77972866,3.87790343,3.87790343,3.87790343,3.87790343,3.87790343,3.87790343,3.87790343,3.87790343,3.9760782,3.9760782,3.9760782,3.9760782,3.9760782,3.9760782,4.07425297,4.07425297,4.07425297,4.07425297,4.07425297,4.07425297,4.07425297,4.07425297,4.07425297,4.07425297,4.07425297,4.07425297,4.07425297,4.07425297,4.07425297,4.07425297,4.07425297,4.07425297,4.17242774,4.17242774,4.17242774,4.17242774,4.17242774,4.27060251,4.27060251,4.36877728,4.46695205,4.46695205,4.56512682,4.6633016,4.6633016,4.76147637,4.85965114,4.85965114,4.85965114,4.95782591,4.95782591,4.95782591,4.95782591,5.05600068,5.05600068,5.05600068,5.15417545,5.15417545,5.15417545,5.15417545,5.15417545,5.15417545,5.15417545
109.061135054,C01,AP01,client_to_ap,VHT,2,2,2,80,SU,1,4,122,6637c97e16e6ce8a,6,-68.0,1.03083509,1.03083509,1.03083509,1.03083509,1.03083509,1.03083509,1.03083509,1.12900986,1.12900986,1.03083509,1.12900986,1.12900986,1.12900986,1.12900986,1.12900986,1.12900986,1.12900986,1.12900986,1.12900986,1.12900986,1.12900986,1.12900986,1.12900986,1.12900986,1.12900986,1.12900986,1.12900986,1.12900986,1.12900986,1.12900986,1.12900986,1.12900986,1.12900986,1.12900986,1.12900986,1.12900986,1.12900986,1.12900986,1.12900986,1.12900986,1.12900986,1.12900986,1.12900986,1.12900986,1.12900986,1.12900986,1.03083509,1.03083509,1.03083509,1.03083509,1.03083509,1.03083509,1.03083509,1.03083509,1.03083509,1.03083509,1.03083509,1.03083509,1.03083509,1.03083509,1.03083509,1.03083509,1.03083509,1.03083509,0.932660319,0.932660319,0.932660319,0.932660319,0.932660319,0.932660319,0.932660319,0.932660319,0.932660319,0.932660319,0.932660319,0.932660319,0.932660319,0.932660319,0.932660319,0.932660319,0.932660319,0.932660319,0.932660319,0.932660319,0.834485549,0.834485549,0.834485549,0.834485549,0.834485549,0.834485549,0.834485549,0.834485549,0.736310778,0.736310778,0.736310778,0.736310778,0.638136008,0.638136008,0.638136008,0.638136008,0.638136008,0.638136008,0.638136008,0.638136008,0.638136008,0.638136008,0.638136008,0.736310778,0.736310778,0.736310778,0.736310778,0.736310778,0.834485549,0.834485549,0.834485549,0.834485549,0.834485549,0.932660319,0.932660319,0.932660319,0.932660319,1.03083509,3.9760782,3.9760782,3.9760782,4.07425297,4.07425297,4.07425297,4.07425297,4.07425297,4.17242774,4.17242774,4.17242774,4.07425297,4.07425297,4.17242774,4.07425297,4.07425297,4.17242774,4.07425297,4.07425297,4.07425297,4.07425297,4.17242774,4.07425297,4.07425297,4.17242774,4.07425297,4.07425297,3.9760782,4.07425297,3.9760782,3.9760782,3.9760782,3.9760782,3.9760782,3.9760782,3.9760782,3.9760782,3.87790343,3.87790343,3.87790343,3.87790343,3.87790343,3.87790343,3.87790343,3.87790343,3.87790343,3.77972866,3.77972866,3.87790343,3.77972866,3.77972866,3.77972866,3.77972866,3.77972866,3.77972866,3.87790343,3.87790343,3.77972866,3.77972866,3.87790343,3.87790343,3.87790343,3.87790343,3.87790343,3.9760782,3.9760782,3.9760782,3.9760782,3.9760782,3.9760782,3.9760782,4.07425297,4.07425297,4.07425297,4.07425297,4.07425297,4.07425297,4.07425297,4.07425297,4.07425297,4.07425297,4.07425297,4.07425297,4.07425297,4.07425297,4.07425297,4.07425297,4.07425297,4.07425297,4.07425297,4.07425297,4.07425297,4.07425297,4.17242774,4.17242774,4.27060251,4.27060251,4.27060251,4.36877728,4.36877728,4.46695205,4.56512682,4.6633016,4.6633016,4.76147637,4.85965114,4.85965114,4.95782591,4.95782591,4.95782591,5.05600068,5.05600068,5.05600068,5.15417545,5.15417545,5.15417545,5.15417545,5.15417545,5.15417545,5.15417545,5.15417545,5.25235022
110.392540932,C01,AP01,client_to_ap,VHT,2,2,2,80,SU,1,4,122,6637c97e16e6ce8a,6,-68.0,1.03083509,1.03083509,1.03083509,1.03083509,1.03083509,1.03083509,1.03083509,1.12900986,1.12900986,1.12900986,1.03083509,1.12900986,1.12900986,1.12900986,1.12900986,1.12900986,1.12900986,1.12900986,1.12900986,1.12900986,1.12900986,1.12900986,1.12900986,1.12900986,1.12900986,1.12900986,1.12900986,1.12900986,1.12900986,1.12900986,1.12900986,1.12900986,1.12900986,1.12900986,1.12900986,1.12900986,1.12900986,1.12900986,1.12900986,1.12900986,1.12900986,1.12900986,1.12900986,1.12900986,1.12900986,1.12900986,1.03083509,1.03083509,1.03083509,1.03083509,1.03083509,1.03083509,1.03083509,1.03083509,1.03083509,1.03083509,1.03083509,1.03083509,1.03083509,1.03083509,1.03083509,1.03083509,1.03083509,0.932660319,0.932660319,0.932660319,0.932660319,0.932660319,0.932660319,0.932660319,0.932660319,0.932660319,0.932660319,0.932660319,0.932660319,0.932660319,0.932660319,0.932660319,0.932660319,0.932660319,0.932660319,0.932660319,0.932660319,0.932660319,0.834485549,0.834485549,0.834485549,0.834485549,0.834485549,0.834485549,0.834485549,0.736310778,0.736310778,0.736310778,0.736310778,0.736310778,0.638136008,0.638136008,0.638136008,0.638136008,0.638136008,0.638136008,0.638136008,0.638136008,0.638136008,0.638136008,0.638136008,0.736310778,0.736310778,0.736310778,0.736310778,0.834485549,0.834485549,0.834485549,0.834485549,0.834485549,0.834485549,0.932660319,0.932660319,0.932660319,0.932660319,1.03083509,3.9760782,4.07425297,4.07425297,4.07425297,4.07425297,4.07425297,4.07425297,4.07425297,4.17242774,4.07425297,4.07425297,4.17242774,4.17242774,4.17242774,4.17242774,4.17242774,4.07425297,4.07425297,4.17242774,4.07425297,4.07425297,4.07425297,4.07425297,4.07425297,4.07425297,4.07425297,4.07425297,4.07425297,3.9760782,3.9760782,3.9760782,3.9760782,3.9760782,3.9760782,3.9760782,3.9760782,3.9760782,3.87790343,3.87790343,3.87790343,3.87790343,3.87790343,3.87790343,3.87790343,3.87790343,3.77972866,3.77972866,3.77972866,3.87790343,3.77972866,3.77972866,3.77972866,3.77972866,3.77972866,3.77972866,3.77972866,3.87790343,3.87790343,3.87790343,3.87790343,3.87790343,3.87790343,3.87790343,3.87790343,3.87790343,3.87790343,3.9760782,3.9760782,3.9760782,3.9760782,3.9760782,3.9760782,3.9760782,3.9760782,4.07425297,4.07425297,4.07425297,4.07425297,4.07425297,4.07425297,4.07425297,4.07425297,4.07425297,4.07425297,4.07425297,4.07425297,4.07425297,4.07425297,4.07425297,4.07425297,4.07425297,4.07425297,4.17242774,4.17242774,4.17242774,4.17242774,4.27060251,4.27060251,4.46695205,4.46695205,4.46695205,4.56512682,4.6633016,4.6633016,4.76147637,4.85965114,4.85965114,4.95782591,4.95782591,5.05600068,5.05600068,5.05600068,5.05600068,5.05600068,5.05600068,5.15417545,5.15417545,5.15417545,5.15417545,5.15417545,5.25235022,5.15417545
111.729251862,C01,AP01,client_to_ap,VHT,2,2,2,80,SU,1,4,122,6637c97e16e6ce8a,6,-68.0,1.03083509,1.03083509,1.03083509,1.03083509,1.03083509,1.03083509,1.03083509,1.12900986,1.03083509,1.12900986,1.12900986,1.12900986,1.12900986,1.12900986,1.12900986,1.12900986,1.12900986,1.12900986,1.12900986,1.12900986,1.12900986,1.12900986,1.12900986,1.12900986,1.12900986,1.12900986,1.12900986,1.12900986,1.12900986,1.12900986,1.12900986,1.12900986,1.12900986,1.12900986,1.12900986,1.12900986,1.12900986,1.12900986,1.12900986,1.12900986,1.12900986,1.12900986,1.12900986,1.12900986,1.12900986,1.12900986,1.12900986,1.03083509,1.03083509,1.12900986,1.03083509,1.03083509,1.03083509,1.03083509,1.03083509,1.03083509,1.03083509,1.03083509,1.03083509,1.03083509,1.03083509,1.03083509,1.03083509,1.03083509,0.932660319,1.03083509,0.932660319,0.932660319,0.932660319,0.932660319,0.932660319,0.932660319,0.932660319,0.932660319,0.932660319,0.932660319,0.932660319,0.932660319,0.932660319,0.932660319,0.932660319,0.932660319,0.932660319,0.932660319,0.932660319,0.932660319,0.932660319,0.834485549,0.834485549,0.834485549,0.834485549,0.736310778,0.834485549,0.736310778,0.736310778,0.736310778,0.736310778,0.736310778,0.638136008,0.638136008,0.638136008,0.638136008,0.638136008,0.638136008,0.638136008,0.638136008,0.638136008,0.736310778,0.736310778,0.736310778,0.736310778,0.834485549,0.834485549,0.834485549,0.834485549,0.834485549,0.834485549,0.932660319,0.932660319,0.932660319,0.932660319,0.932660319,4.07425297,4.07425297,4.07425297,4.07425297,4.07425297,4.07425297,4.17242774,4.07425297,4.17242774,4.17242774,4.17242774,4.17242774,4.17242774,4.17242774,4.17242774,4.17242774,4.17242774,4.07425297,4.17242774,4.17242774,4.07425297,4.07425297,4.07425297,4.07425297,4.07425297,4.07425297,4.07425297,4.07425297,4.07425297,3.9760782,3.9760782,3.9760782,3.9760782,3.9760782,3.9760782,3.9760782,3.87790343,3.9760782,3.87790343,3.87790343,3.87790343,3.87790343,3.87790343,3.87790343,3.87790343,3.87790343,3.87790343,3.87790343,3.77972866,3.77972866,3.77972866,3.77972866,3.77972866,3.77972866,3.77972866,3.77972866,3.87790343,3.87790343,3.87790343,3.87790343,3.87790343,3.87790343,3.87790343,3.87790343,3.87790343,3.87790343,3.9760782,3.9760782,3.9760782,3.9760782,3.9760782,3.9760782,3.9760782,4.07425297,4.07425297,4.07425297,4.07425297,4.07425297,4.07425297,4.07425297,4.07425297,3.9760782,4.07425297,4.07425297,3.9760782,4.07425297,4.07425297,4.07425297,4.07425297,4.07425297,4.07425297,4.07425297,4.07425297,4.07425297,4.07425297,4.17242774,4.17242774,4.27060251,4.36877728,4.36877728,4.46695205,4.56512682,4.56512682,4.6633016,4.76147637,4.76147637,4.85965114,4.85965114,4.95782591,4.95782591,4.95782591,5.05600068,5.05600068,5.05600068,5.05600068,5.15417545,5.15417545,5.15417545,5.15417545,5.15417545,5.15417545,5.15417545
113.061891079,C01,AP01,client_to_ap,VHT,2,2,2,80,SU,1,4,122,6637c97e16e6ce8a,6,-68.0,1.03083509,1.03083509,1.03083509,1.12900986,1.03083509,1.12900986,1.12900986,1.12900986,1.12900986,1.12900986,1.12900986,1.12900986,1.12900986,1.12900986,1.12900986,1.12900986,1.12900986,1.12900986,1.12900986,1.12900986,1.12900986,1.12900986,1.12900986,1.12900986,1.12900986,1.12900986,1.12900986,1.12900986,1.12900986,1.12900986,1.12900986,1.12900986,1.12900986,1.12900986,1.12900986,1.12900986,1.12900986,1.12900986,1.12900986,1.12900986,1.12900986,1.12900986,1.12900986,1.12900986,1.12900986,1.12900986,1.12900986,1.12900986,1.12900986,1.03083509,1.03083509,1.03083509,1.03083509,1.03083509,1.03083509,1.03083509,1.03083509,1.03083509,1.03083509,1.03083509,1.03083509,1.03083509,1.03083509,1.03083509,0.932660319,0.932660319,1.03083509,0.932660319,0.932660319,0.932660319,0.932660319,0.932660319,0.932660319,0.932660319,0.932660319,0.932660319,0.932660319,0.932660319,0.932660319,0.932660319,0.932660319,0.932660319,0.932660319,0.932660319,0.932660319,0.932660319,0.834485549,0.834485549,0.834485549,0.834485549,0.834485549,0.834485549,0.736310778,0.736310778,0.736310778,0.736310778,0.736310778,0.736310778,0.638136008,0.638136008,0.638136008,0.638136008,0.638136008,0.638136008,0.638136008,0.638136008,0.736310778,0.736310778,0.736310778,0.736310778,0.736310778,0.736310778,0.834485549,0.834485549,0.834485549,0.834485549,0.834485549,0.932660319,0.932660319,0.932660319,0.932660319,1.03083509,3.9760782,4.07425297,3.9760782,4.07425297,4.07425297,4.07425297,4.07425297,4.07425297,4.17242774,4.07425297,4.17242774,4.17242774,4.17242774,4.17242774,4.17242774,4.17242774,4.17242774,4.07425297,4.07425297,4.07425297,4.07425297,4.07425297,4.07425297,4.07425297,4.07425297,4.07425297,4.07425297,3.9760782,3.9760782,3.9760782,3.9760782,3.9760782,3.9760782,3.9760782,3.9760782,3.9760782,3.9760782,3.87790343,3.87790343,3.87790343,3.87790343,3.87790343,3.87790343,3.87790343,3.87790343,3.87790343,3.77972866,3.77972866,3.77972866,3.77972866,3.77972866,3.77972866,3.77972866,3.77972866,3.77972866,3.77972866,3.77972866,3.77972866,3.77972866,3.87790343,3.87790343,3.87790343,3.87790343,3.87790343,3.87790343,3.87790343,3.87790343,3.9760782,3.9760782,3.9760782,3.9760782,3.9760782,3.9760782,3.9760782,4.07425297,4.07425297,4.07425297,4.07425297,3.9760782,4.07425297,4.07425297,4.07425297,4.07425297,4.07425297,4.07425297,4.07425297,4.07425297,4.07425297,4.07425297,4.07425297,4.07425297,4.07425297,4.07425297,4.07425297,4.17242774,4.17242774,4.17242774,4.27060251,4.36877728,4.36877728,4.46695205,4.56512682,4.6633016,4.6633016,4.6633016,4.85965114,4.85965114,4.85965114,4.95782591,4.95782591,4.95782591,4.95782591,5.05600068,5.05600068,5.15417545,5.05600068,5.05600068,5.15417545,5.15417545,5.15417545,5.15417545,5.15417545
114.393946886,C01,AP01,client_to_ap,VHT,2,2,2,80,SU,1,4,122,6637c97e16e6ce8a,6,-68.0,1.03083509,1.03083509,1.03083509,1.03083509,1.12900986,1.12900986,1.12900986,1.12900986,1.12900986,1.12900986,1.12900986,1.12900986,1.12900986,1.12900986,1.12900986,1.12900986,1.12900986,1.12900986,1.12900986,1.12900986,1.12900986,1.12900986,1.12900986,1.12900986,1.12900986,1.12900986,1.12900986,1.12900986,1.12900986,1.12900986,1.12900986,1.12900986,1.12900986,1.12900986,1.12900986,1.12900986,1.12900986,1.12900986,1.12900986,1.12900986,1.12900986,1.12900986,1.12900986,1.12900986,1.12900986,1.12900986,1.12900986,1.12900986,1.03083509,1.12900986,1.03083509,1.12900986,1.03083509,1.03083509,1.03083509,1.03083509,1.03083509,1.03083509,1.03083509,1.03083509,1.03083509,1.03083509,1.03083509,1.03083509,0.932660319,1.03083509,0.932660319,1.03083509,0.932660319,0.932660319,0.932660319,0.932660319,0.932660319,0.932660319,0.932660319,0.932660319,0.932660319,0.932660319,0.932660319,0.932660319,0.932660319,0.932660319,0.932660319,0.932660319,0.932660319,0.932660319,0.932660319,0.834485549,0.834485549,0.834485549,0.834485549,0.834485549,0.834485549,0.736310778,0.736310778,0.736310778,0.736310778,0.638136008,0.638136008,0.638136008,0.638136008,0.638136008,0.638136008,0.638136008,0.638136008,0.638136008,0.736310778,0.736310778,0.736310778,0.736310778,0.736310778,0.834485549,0.834485549,0.834485549,0.834485549,0.834485549,0.932660319,0.932660319,0.932660319,0.932660319,0.932660319,0.932660319,3.9760782,4.07425297,3.9760782,4.07425297,4.07425297,4.07425297,4.07425297,4.07425297,4.07425297,4.07425297,4.07425297,4.17242774,4.07425297,4.17242774,4.07425297,4.17242774,4.07425297,4.07425297,4.17242774,4.07425297,4.07425297,4.07425297,4.07425297,4.07425297,4.07425297,4.07425297,4.07425297,3.9760782,3.9760782,3.9760782,3.9760782,3.9760782,3.9760782,3.9760782,3.9760782,3.87790343,3.87790343,3.87790343,3.87790343,3.87790343,3.87790343,3.87790343,3.87790343,3.87790343,3.87790343,3.87790343,3.77972866,3.77972866,3.77972866,3.77972866,3.77972866,3.77972866,3.77972866,3.77972866,3.77972866,3.77972866,3.77972866,3.77972866,3.77972866,3.77972866,3.87790343,3.87790343,3.87790343,3.87790343,3.87790343,3.87790343,3.87790343,3.87790343,3.9760782,3.9760782,3.9760782,3.9760782,3.9760782,3.9760782,3.9760782,4.07425297,4.07425297,4.07425297,3.9760782,4.07425297,4.07425297,3.9760782,4.07425297,4.07425297,3.9760782,4.07425297,3.9760782,4.07425297,3.9760782,4.07425297,4.07425297,4.07425297,4.07425297,4.07425297,4.07425297,4.17242774,4.17242774,4.27060251,4.27060251,4.46695205,4.46695205,4.56512682,4.56512682,4.6633016,4.76147637,4.76147637,4.85965114,4.85965114,4.95782591,4.95782591,4.95782591,5.05600068,5.05600068,5.15417545,5.15417545,5.15417545,5.15417545,5.15417545,5.15417545,5.15417545,5.15417545,5.25235022
115.729573965,C01,AP01,client_to_ap,VHT,2,2,2,80,SU,1,4,122,6637c97e16e6ce8a,6,-68.0,1.03083509,1.03083509,1.03083509,1.03083509,1.03083509,1.03083509,1.03083509,1.03083509,1.03083509,1.03083509,1.03083509,1.03083509,1.03083509,1.03083509,1.12900986,1.12900986,1.12900986,1.12900986,1.12900986,1.12900986,1.12900986,1.12900986,1.12900986,1.12900986,1.12900986,1.12900986,1.12900986,1.12900986,1.12900986,1.12900986,1.12900986,1.12900986,1.12900986,1.12900986,1.12900986,1.12900986,1.12900986,1.12900986,1.12900986,1.12900986,1.12900986,1.12900986,1.12900986,1.12900986,1.03083509,1.03083509,1.03083509,1.03083509,1.03083509,1.03083509,1.03083509,1.03083509,1.03083509,1.03083509,1.03083509,1.03083509,1.03083509,1.03083509,1.03083509,1.03083509,1.03083509,1.03083509,1.03083509,0.932660319,0.932660319,1.03083509,0.932660319,0.932660319,0.932660319,0.932660319,0.932660319,0.932660319,0.932660319,0.932660319,0.932660319,0.932660319,0.932660319,0.932660319,0.932660319,0.932660319,0.932660319,0.932660319,0.932660319,0.834485549,0.932660319,0.834485549,0.834485549,0.834485549,0.834485549,0.834485549,0.834485549,0.736310778,0.736310778,0.736310778,0.736310778,0.736310778,0.638136008,0.638136008,0.638136008,0.638136008,0.638136008,0.638136008,0.638136008,0.638136008,0.638136008,0.638136008,0.638136008,0.736310778,0.736310778,0.736310778,0.736310778,0.736310778,0.834485549,0.834485549,0.834485549,0.834485549,0.834485549,0.932660319,0.932660319,0.932660319,0.932660319,1.03083509,3.9760782,3.9760782,3.9760782,4.07425297,4.07425297,4.07425297,4.07425297,4.07425297,4.07425297,4.07425297,4.07425297,4.07425297,4.07425297,4.07425297,4.07425297,4.07425297,4.07425297,4.07425297,4.07425297,4.07425297,4.07425297,4.07425297,4.07425297,3.9760782,4.07425297,3.9760782,3.9760782,3.9760782,3.9760782,3.9760782,3.9760782,3.9760782,3.9760782,3.87790343,3.87790343,3.87790343,3.87790343,3.87790343,3.87790343,3.87790343,3.77972866,3.87790343,3.87790343,3.77972866,3.77972866,3.77972866,3.77972866,3.77972866,3.77972866,3.77972866,3.77972866,3.77972866,3.77972866,3.77972866,3.77972866,3.77972866,3.77972866,3.77972866,3.77972866,3.77972866,3.87790343,3.77972866,3.87790343,3.77972866,3.87790343,3.87790343,3.87790343,3.87790343,3.87790343,3.9760782,3.9760782,3.9760782,3.9760782,3.9760782,3.9760782,3.9760782,3.9760782,3.9760782,3.9760782,3.9760782,3.9760782,3.9760782,3.9760782,3.9760782,3.9760782,3.9760782,3.9760782,3.9760782,3.9760782,3.9760782,3.9760782,3.9760782,3.9760782,4.07425297,4.07425297,4.17242774,4.17242774,4.27060251,4.36877728,4.36877728,4.46695205,4.46695205,4.56512682,4.6633016,4.76147637,4.76147637,4.85965114,4.85965114,4.95782591,4.95782591,5.05600068,5.05600068,5.05600068,5.05600068,5.05600068,5.05600068,5.05600068,5.15417545,5.15417545,5.15417545,5.15417545,5.15417545
117.061744928,C01,AP01,client_to_ap,VHT,2,2,2,80,SU,1,4,122,6637c97e16e6ce8a,6,-68.0,1.03083509,1.03083509,1.03083509,1.03083509,1.03083509,1.03083509,1.03083509,1.12900986,1.12900986,1.12900986,1.12900986,1.12900986,1.12900986,1.12900986,1.12900986,1.12900986,1.12900986,1.12900986,1.12900986,1.12900986,1.12900986,1.12900986,1.12900986,1.12900986,1.12900986,1.12900986,1.12900986,1.12900986,1.12900986,1.12900986,1.12900986,1.12900986,1.12900986,1.12900986,1.12900986,1.12900986,1.12900986,1.12900986,1.12900986,1.12900986,1.12900986,1.12900986,1.12900986,1.12900986,1.12900986,1.12900986,1.12900986,1.12900986,1.03083509,1.03083509,1.03083509,1.03083509,1.03083509,1.03083509,1.03083509,1.03083509,1.03083509,1.03083509,1.03083509,1.03083509,1.03083509,1.03083509,1.03083509,1.03083509,0.932660319,0.932660319,0.932660319,0.932660319,0.932660319,0.932660319,0.932660319,0.932660319,0.932660319,0.932660319,0.932660319,0.932660319,0.932660319,0.932660319,0.932660319,0.932660319,0.932660319,0.932660319,0.932660319,0.834485549,0.932660319,0.834485549,0.834485549,0.834485549,0.834485549,0.834485549,0.834485549,0.834485549,0.834485549,0.736310778,0.736310778,0.736310778,0.638136008,0.638136008,0.638136008,0.638136008,0.638136008,0.638136008,0.638136008,0.638136008,0.638136008,0.638136008,0.638136008,0.736310778,0.736310778,0.736310778,0.736310778,0.736310778,0.834485549,0.834485549,0.834485549,0.834485549,0.834485549,0.834485549,0.932660319,0.932660319,0.932660319,0.932660319,3.9760782,3.9760782,3.9760782,4.07425297,4.17242774,4.07425297,4.17242774,4.17242774,4.07425297,4.17242774,4.17242774,4.17242774,4.07425297,4.17242774,4.17242774,4.07425297,4.17242774,4.07425297,4.17242774,4.07425297,4.07425297,4.07425297,4.07425297,4.07425297,4.07425297,4.07425297,4.07425297,3.9760782,3.9760782,3.9760782,3.9760782,3.9760782,3.9760782,3.9760782,3.9760782,3.9760782,3.9760782,3.87790343,3.87790343,3.87790343,3.87790343,3.87790343,3.87790343,3.87790343,3.77972866,3.87790343,3.77972866,3.87790343,3.77972866,3.77972866,3.77972866,3.77972866,3.87790343,3.77972866,3.77972866,3.77972866,3.87790343,3.77972866,3.87790343,3.87790343,3.87790343,3.87790343,3.87790343,3.87790343,3.87790343,3.87790343,3.87790343,3.9760782,3.9760782,3.9760782,3.9760782,3.9760782,3.9760782,3.9760782,4.07425297,4.07425297,4.07425297,4.07425297,4.07425297,3.9760782,4.07425297,3.9760782,4.07425297,4.07425297,4.07425297,4.07425297,4.07425297,4.07425297,4.07425297,4.17242774,4.07425297,4.07425297,4.07425297,4.17242774,4.17242774,4.17242774,4.27060251,4.36877728,4.36877728,4.36877728,4.46695205,4.56512682,4.56512682,4.76147637,4.6633016,4.85965114,4.85965114,4.85965114,4.95782591,4.95782591,4.95782591,5.05600068,5.05600068,5.05600068,5.15417545,5.05600068,5.15417545,5.15417545,5.15417545,5.15417545,5.15417545,5.15417545
118.393337011,C01,AP01,client_to_ap,VHT,2,2,2,80,SU,1,4,122,6637c97e16e6ce8a,6,-68.0,1.03083509,1.03083509,1.03083509,1.03083509,1.03083509,1.03083509,1.03083509,1.12900986,1.12900986,1.03083509,1.03083509,1.12900986,1.12900986,1.12900986,1.12900986,1.12900986,1.12900986,1.12900986,1.12900986,1.12900986,1.12900986,1.12900986,1.12900986,1.12900986,1.12900986,1.12900986,1.12900986,1.12900986,1.12900986,1.12900986,1.12900986,1.12900986,1.12900986,1.12900986,1.12900986,1.12900986,1.12900986,1.12900986,1.12900986,1.12900986,1.12900986,1.12900986,1.12900986,1.12900986,1.12900986,1.12900986,1.12900986,1.12900986,1.12900986,1.03083509,1.03083509,1.03083509,1.03083509,1.03083509,1.03083509,1.03083509,1.03083509,1.03083509,1.03083509,1.03083509,1.03083509,1.03083509,1.03083509,1.03083509,0.932660319,1.03083509,1.03083509,0.932660319,0.932660319,0.932660319,0.932660319,0.932660319,0.932660319,0.932660319,0.932660319,0.932660319,0.932660319,0.932660319,0.932660319,0.932660319,0.932660319,0.932660319,0.932660319,0.932660319,0.932660319,0.932660319,0.834485549,0.834485549,0.834485549,0.834485549,0.834485549,0.834485549,0.834485549,0.736310778,0.736310778,0.736310778,0.736310778,0.638136008,0.638136008,0.638136008,0.638136008,0.638136008,0.638136008,0.638136008,0.638136008,0.638136008,0.736310778,0.736310778,0.736310778,0.736310778,0.736310778,0.736310778,0.834485549,0.834485549,0.834485549,0.834485549,0.932660319,0.932660319,0.932660319,0.932660319,0.932660319,1.03083509,3.9760782,4.07425297,3.9760782,4.07425297,4.07425297,4.07425297,4.07425297,4.07425297,4.07425297,4.07425297,4.07425297,4.07425297,4.07425297,4.07425297,4.07425297,4.07425297,4.07425297,4.07425297,4.07425297,4.07425297,4.07425297,4.07425297,4.07425297,3.9760782,4.07425297,4.07425297,3.9760782,3.9760782,4.07425297,3.9760782,3.9760782,3.9760782,3.9760782,3.9760782,3.87790343,3.9760782,3.87790343,3.87790343,3.87790343,3.87790343,3.87790343,3.87790343,3.87790343,3.87790343,3.77972866,3.77972866,3.77972866,3.77972866,3.77972866,3.77972866,3.77972866,3.77972866,3.77972866,3.77972866,3.77972866,3.77972866,3.77972866,3.77972866,3.77972866,3.77972866,3.77972866,3.77972866,3.87790343,3.87790343,3.87790343,3.87790343,3.87790343,3.87790343,3.87790343,3.87790343,3.87790343,3.9760782,3.9760782,3.9760782,3.9760782,3.9760782,3.9760782,3.9760782,3.9760782,3.9760782,3.9760782,3.9760782,3.9760782,3.9760782,3.9760782,3.9760782,3.9760782,3.9760782,3.9760782,3.9760782,3.9760782,4.07425297,4.07425297,4.07425297,4.07425297,4.17242774,4.17242774,4.17242774,4.27060251,4.36877728,4.36877728,4.46695205,4.6633016,4.6633016,4.76147637,4.76147637,4.85965114,4.85965114,4.85965114,4.95782591,4.95782591,5.05600068,5.05600068,5.05600068,5.05600068,5.15417545,5.05600068,5.15417545,5.15417545,5.15417545,5.15417545,5.15417545
119.729529858,C01,AP01,client_to_ap,VHT,2,2,2,80,SU,1,4,122,6637c97e16e6ce8a,6,-68.0,1.03083509,1.03083509,1.03083509,1.03083509,1.03083509,1.03083509,1.03083509,1.03083509,1.12900986,1.12900986,1.12900986,1.12900986,1.12900986,1.12900986,1.12900986,1.12900986,1.12900986,1.12900986,1.12900986,1.12900986,1.12900986,1.12900986,1.12900986,1.12900986,1.12900986,1.12900986,1.12900986,1.12900986,1.12900986,1.12900986,1.12900986,1.12900986,1.12900986,1.12900986,1.12900986,1.12900986,1.12900986,1.12900986,1.12900986,1.12900986,1.12900986,1.12900986,1.12900986,1.12900986,1.12900986,1.12900986,1.12900986,1.03083509,1.03083509,1.03083509,1.03083509,1.03083509,1.03083509,1.03083509,1.03083509,1.03083509,1.03083509,1.03083509,1.03083509,1.03083509,1.03083509,1.03083509,1.03083509,1.03083509,0.932660319,1.03083509,0.932660319,0.932660319,0.932660319,0.932660319,0.932660319,0.932660319,0.932660319,0.932660319,0.932660319,0.932660319,0.932660319,0.932660319,0.932660319,0.932660319,0.932660319,0.932660319,0.932660319,0.932660319,0.932660319,0.932660319,0.834485549,0.834485549,0.834485549,0.834485549,0.834485549,0.736310778,0.834485549,0.736310778,0.736310778,0.736310778,0.736310778,0.736310778,0.638136008,0.638136008,0.638136008,0.638136008,0.638136008,0.638136008,0.638136008,0.736310778,0.736310778,0.736310778,0.736310778,0.736310778,0.736310778,0.834485549,0.834485549,0.834485549,0.834485549,0.834485549,0.834485549,0.932660319,0.932660319,0.932660319,0.932660319,0.932660319,4.07425297,4.07425297,4.07425297,4.07425297,4.07425297,4.17242774,4.07425297,4.17242774,4.07425297,4.07425297,4.17242774,4.17242774,4.17242774,4.17242774,4.17242774,4.17242774,4.17242774,4.07425297,4.07425297,4.07425297,4.07425297,4.07425297,4.07425297,4.07425297,4.07425297,4.07425297,4.07425297,4.07425297,3.9760782,3.9760782,3.9760782,3.9760782,3.9760782,3.9760782,3.9760782,3.9760782,3.9760782,3.87790343,3.87790343,3.87790343,3.87790343,3.87790343,3.87790343,3.87790343,3.87790343,3.87790343,3.87790343,3.87790343,3.77972866,3.77972866,3.87790343,3.77972866,3.87790343,3.77972866,3.77972866,3.77972866,3.87790343,3.87790343,3.87790343,3.87790343,3.87790343,3.87790343,3.87790343,3.87790343,3.87790343,3.9760782,3.9760782,3.9760782,3.9760782,3.9760782,3.9760782,3.9760782,3.9760782,4.07425297,4.07425297,4.07425297,4.07425297,4.07425297,4.07425297,4.07425297,4.07425297,4.07425297,4.07425297,4.07425297,4.07425297,4.07425297,4.07425297,4.07425297,4.07425297,4.07425297,4.07425297,4.07425297,4.07425297,4.07425297,4.17242774,4.17242774,4.27060251,4.27060251,4.27060251,4.46695205,4.46695205,4.56512682,4.6633016,4.6633016,4.76147637,4.85965114,4.85965114,4.95782591,4.85965114,4.95782591,4.95782591,5.05600068,5.05600068,5.05600068,5.15417545,5.05600068,5.15417545,5.15417545,5.15417545,5.15417545,5.15417545,5.15417545
121.061305046,C01,AP01,client_to_ap,VHT,2,2,2,80,SU,1,4,122,6637c97e16e6ce8a,6,-68.0,1.03083509,1.03083509,1.03083509,1.03083509,1.03083509,1.03083509,1.03083509,1.03083509,1.03083509,1.12900986,1.03083509,1.12900986,1.12900986,1.03083509,1.12900986,1.12900986,1.12900986,1.12900986,1.12900986,1.12900986,1.12900986,1.12900986,1.12900986,1.12900986,1.12900986,1.12900986,1.12900986,1.12900986,1.12900986,1.12900986,1.12900986,1.12900986,1.12900986,1.12900986,1.12900986,1.12900986,1.12900986,1.12900986,1.12900986,1.12900986,1.12900986,1.12900986,1.12900986,1.12900986,1.12900986,1.03083509,1.12900986,1.03083509,1.03083509,1.03083509,1.03083509,1.03083509,1.03083509,1.03083509,1.03083509,1.03083509,1.03083509,1.03083509,1.03083509,1.03083509,1.03083509,1.03083509,1.03083509,1.03083509,0.932660319,0.932660319,1.03083509,0.932660319,0.932660319,0.932660319,0.932660319,0.932660319,0.932660319,0.932660319,0.932660319,0.932660319,0.932660319,0.932660319,0.932660319,0.932660319,0.932660319,0.932660319,0.932660319,0.932660319,0.932660319,0.834485549,0.834485549,0.834485549,0.834485549,0.834485549,0.834485549,0.736310778,0.736310778,0.736310778,0.736310778,0.736310778,0.638136008,0.638136008,0.638136008,0.638136008,0.638136008,0.638136008,0.638136008,0.638136008,0.638136008,0.638136008,0.638136008,0.736310778,0.736310778,0.736310778,0.736310778,0.834485549,0.834485549,0.834485549,0.834485549,0.834485549,0.932660319,0.932660319,0.932660319,0.932660319,0.932660319,1.03083509,3.9760782,4.07425297,4.07425297,4.17242774,4.07425297,4.07425297,4.07425297,4.07425297,4.17242774,4.17242774,4.07425297,4.17242774,4.07425297,4.07425297,4.17242774,4.07425297,4.17242774,4.07425297,4.07425297,4.07425297,4.07425297,4.07425297,4.07425297,4.07425297,4.07425297,4.07425297,4.07425297,3.9760782,3.9760782,3.9760782,3.9760782,3.9760782,3.9760782,3.9760782,3.87790343,3.9760782,3.87790343,3.87790343,3.87790343,3.87790343,3.87790343,3.87790343,3.77972866,3.87790343,3.77972866,3.77972866,3.77972866,3.77972866,3.77972866,3.77972866,3.77972866,3.77972866,3.77972866,3.77972866,3.77972866,3.77972866,3.77972866,3.77972866,3.77972866,3.87790343,3.77972866,3.87790343,3.87790343,3.87790343,3.87790343,3.87790343,3.87790343,3.87790343,3.87790343,3.9760782,3.9760782,3.9760782,3.9760782,3.9760782,3.9760782,3.9760782,3.9760782,3.9760782,3.9760782,3.9760782,3.9760782,3.9760782,3.9760782,3.9760782,3.9760782,3.9760782,3.9760782,3.9760782,4.07425297,3.9760782,4.07425297,4.07425297,4.07425297,4.07425297,4.07425297,4.17242774,4.17242774,4.27060251,4.36877728,4.46695205,4.46695205,4.46695205,4.56512682,4.6633016,4.76147637,4.85965114,4.85965114,4.95782591,4.95782591,5.05600068,4.95782591,5.05600068,5.05600068,5.05600068,5.05600068,5.15417545,5.05600068,5.15417545,5.15417545,5.05600068,5.15417545,5.15417545
122.394129038,C01,AP01,client_to_ap,VHT,2,2,2,80,SU,1,4,122,6637c97e16e6ce8a,6,-68.0,1.03083509,1.03083509,1.03083509,1.03083509,1.03083509,1.03083509,1.03083509,1.03083509,1.03083509,1.12900986,1.12900986,1.12900986,1.12900986,1.12900986,1.12900986,1.12900986,1.12900986,1.12900986,1.12900986,1.12900986,1.12900986,1.12900986,1.12900986,1.12900986,1.12900986,1.12900986,1.12900986,1.12900986,1.12900986,1.12900986,1.12900986,1.12900986,1.12900986,1.12900986,1.12900986,1.12900986,1.12900986,1.12900986,1.12900986,1.12900986,1.12900986,1.12900986,1.12900986,1.12900986,1.12900986,1.12900986,1.12900986,1.12900986,1.03083509,1.12900986,1.03083509,1.03083509,1.03083509,1.03083509,1.03083509,1.03083509,1.03083509,1.03083509,1.03083509,1.03083509,1.03083509,1.03083509,1.03083509,1.03083509,1.03083509,1.03083509,1.03083509,0.932660319,0.932660319,0.932660319,0.932660319,0.932660319,0.932660319,0.932660319,0.932660319,0.932660319,0.932660319,0.932660319,0.932660319,0.932660319,0.932660319,0.932660319,0.932660319,0.932660319,0.932660319,0.932660319,0.932660319,0.834485549,0.834485549,0.834485549,0.834485549,0.834485549,0.834485549,0.834485549,0.736310778,0.736310778,0.736310778,0.736310778,0.736310778,0.638136008,0.638136008,0.638136008,0.638136008,0.638136008,0.736310778,0.736310778,0.736310778,0.736310778,0.736310778,0.736310778,0.736310778,0.834485549,0.834485549,0.834485549,0.834485549,0.834485549,0.932660319,0.932660319,0.932660319,0.932660319,0.932660319,0.932660319,4.07425297,4.07425297,4.07425297,4.17242774,4.17242774,4.07425297,4.07425297,4.17242774,4.17242774,4.17242774,4.17242774,4.17242774,4.17242774,4.17242774,4.17242774,4.17242774,4.07425297,4.07425297,4.07425297,4.17242774,4.07425297,4.07425297,4.07425297,4.07425297,4.07425297,4.07425297,4.07425297,4.07425297,4.07425297,3.9760782,3.9760782,3.9760782,3.9760782,3.9760782,3.9760782,3.9760782,3.9760782,3.9760782,3.87790343,3.87790343,3.87790343,3.87790343,3.87790343,3.87790343,3.87790343,3.87790343,3.87790343,3.87790343,3.87790343,3.87790343,3.87790343,3.87790343,3.87790343,3.87790343,3.87790343,3.87790343,3.77972866,3.87790343,3.87790343,3.87790343,3.87790343,3.87790343,3.87790343,3.87790343,3.9760782,3.9760782,3.9760782,3.9760782,3.9760782,3.9760782,3.9760782,3.9760782,4.07425297,3.9760782,4.07425297,4.07425297,4.07425297,4.07425297,4.07425297,4.07425297,4.07425297,4.07425297,4.07425297,4.07425297,3.9760782,4.07425297,4.07425297,4.07425297,4.07425297,4.07425297,4.17242774,4.07425297,4.07425297,4.07425297,4.17242774,4.17242774,4.17242774,4.36877728,4.36877728,4.36877728,4.46695205,4.56512682,4.6633016,4.6633016,4.76147637,4.76147637,4.85965114,4.85965114,4.85965114,4.95782591,4.95782591,4.95782591,4.95782591,5.05600068,5.05600068,5.05600068,5.05600068,5.05600068,5.05600068,5.05600068,5.05600068,5.05600068
123.729485989,C01,AP01,client_to_ap,VHT,2,2,2,80,SU,1,4,122,6637c97e16e6ce8a,6,-68.0,1.03083509,1.03083509,1.03083509,1.03083509,1.03083509,1.03083509,1.03083509,1.03083509,1.03083509,1.03083509,1.12900986,1.03083509,1.12900986,1.12900986,1.12900986,1.12900986,1.12900986,1.12900986,1.12900986,1.12900986,1.12900986,1.12900986,1.12900986,1.12900986,1.12900986,1.12900986,1.12900986,1.12900986,1.12900986,1.12900986,1.12900986,1.12900986,1.12900986,1.12900986,1.12900986,1.12900986,1.12900986,1.12900986,1.12900986,1.12900986,1.12900986,1.12900986,1.12900986,1.12900986,1.12900986,1.12900986,1.12900986,1.03083509,1.03083509,1.03083509,1.03083509,1.03083509,1.03083509,1.03083509,1.03083509,1.03083509,1.03083509,1.03083509,1.03083509,1.03083509,1.03083509,1.03083509,1.03083509,1.03083509,1.03083509,1.03083509,1.03083509,1.03083509,1.03083509,0.932660319,1.03083509,1.03083509,0.932660319,0.932660319,0.932660319,0.932660319,1.03083509,0.932660319,0.932660319,0.932660319,0.932660319,0.932660319,0.932660319,0.932660319,0.932660319,0.932660319,0.932660319,0.834485549,0.834485549,0.834485549,0.834485549,0.834485549,0.834485549,0.736310778,0.736310778,0.736310778,0.736310778,0.638136008,0.638136008,0.638136008,0.638136008,0.736310778,0.736310778,0.736310778,0.736310778,0.736310778,0.736310778,0.834485549,0.834485549,0.834485549,0.834485549,0.834485549,0.834485549,0.932660319,0.932660319,0.932660319,0.932660319,1.03083509,1.03083509,1.03083509,1.03083509,1.03083509,3.9760782,4.07425297,4.07425297,4.07425297,4.07425297,4.07425297,4.07425297,4.07425297,4.07425297,4.07425297,4.07425297,4.17242774,4.07425297,4.17242774,4.07425297,4.07425297,4.07425297,4.07425297,4.17242774,4.07425297,4.07425297,4.07425297,4.17242774,4.07425297,4.07425297,4.07425297,4.07425297,4.07425297,4.07425297,4.07425297,4.07425297,4.07425297,4.07425297,4.07425297,4.07425297,3.9760782,3.9760782,3.9760782,3.9760782,3.9760782,3.9760782,3.9760782,3.9760782,3.9760782,3.87790343,3.9760782,3.87790343,3.87790343,3.87790343,3.87790343,3.87790343,3.87790343,3.87790343,3.87790343,3.87790343,3.87790343,3.9760782,3.87790343,3.87790343,3.9760782,3.9760782,3.9760782,3.9760782,3.9760782,3.9760782,3.9760782,3.9760782,4.07425297,4.07425297,4.07425297,4.07425297,4.07425297,4.07425297,4.07425297,4.17242774,4.17242774,4.07425297,4.17242774,4.17242774,4.17242774,4.07425297,4.07425297,4.17242774,4.17242774,4.07425297,4.07425297,4.07425297,4.07425297,4.07425297,4.07425297,4.07425297,4.17242774,4.17242774,4.17242774,4.17242774,4.27060251,4.27060251,4.36877728,4.46695205,4.56512682,4.6633016,4.6633016,4.76147637,4.85965114,4.85965114,4.85965114,4.95782591,5.05600068,5.05600068,5.05600068,5.15417545,5.05600068,5.15417545,5.15417545,5.15417545,5.15417545,5.15417545,5.25235022,5.25235022,5.15417545,5.15417545,5.25235022
125.061176062,C01,AP01,client_to_ap,VHT,2,2,2,80,SU,1,4,122,6637c97e16e6ce8a,6,-68.0,1.03083509,1.03083509,1.03083509,1.03083509,1.03083509,1.03083509,1.03083509,1.12900986,1.12900986,1.12900986,1.03083509,1.03083509,1.12900986,1.03083509,1.03083509,1.12900986,1.12900986,1.12900986,1.12900986,1.12900986,1.12900986,1.12900986,1.12900986,1.12900986,1.12900986,1.12900986,1.12900986,1.12900986,1.12900986,1.12900986,1.12900986,1.12900986,1.12900986,1.12900986,1.12900986,1.12900986,1.12900986,1.12900986,1.12900986,1.12900986,1.12900986,1.03083509,1.03083509,1.03083509,1.03083509,1.03083509,1.03083509,1.03083509,1.03083509,1.03083509,1.03083509,1.03083509,1.03083509,1.03083509,1.03083509,1.03083509,1.03083509,1.03083509,1.03083509,1.03083509,1.03083509,1.03083509,1.03083509,1.03083509,0.932660319,0.932660319,0.932660319,0.932660319,0.932660319,0.932660319,1.03083509,0.932660319,0.932660319,0.932660319,0.932660319,0.932660319,0.932660319,0.932660319,0.932660319,0.932660319,0.932660319,0.932660319,0.932660319,0.932660319,0.932660319,0.932660319,0.932660319,0.834485549,0.834485549,0.834485549,0.834485549,0.834485549,0.834485549,0.736310778,0.736310778,0.736310778,0.736310778,0.736310778,0.736310778,0.638136008,0.736310778,0.736310778,0.736310778,0.736310778,0.736310778,0.736310778,0.736310778,0.834485549,0.834485549,0.834485549,0.834485549,0.834485549,0.932660319,0.932660319,0.932660319,0.932660319,1.03083509,1.03083509,1.03083509,1.03083509,1.03083509,1.03083509,3.9760782,3.9760782,3.9760782,4.07425297,4.07425297,4.07425297,4.07425297,4.07425297,4.07425297,4.07425297,4.07425297,4.07425297,4.07425297,4.17242774,4.07425297,4.07425297,4.07425297,4.07425297,4.07425297,4.07425297,4.17242774,4.07425297,4.07425297,4.07425297,4.07425297,4.07425297,4.07425297,4.07425297,4.07425297,3.9760782,4.07425297,3.9760782,3.9760782,3.9760782,3.9760782,3.9760782,3.9760782,3.9760782,3.9760782,3.9760782,3.9760782,3.9760782,3.9760782,3.9760782,3.9760782,3.87790343,3.87790343,3.87790343,3.9760782,3.87790343,3.9760782,3.87790343,3.9760782,3.9760782,3.9760782,3.9760782,3.9760782,3.9760782,3.9760782,3.9760782,3.9760782,3.9760782,4.07425297,4.07425297,4.07425297,4.07425297,4.07425297,4.07425297,4.07425297,4.07425297,4.07425297,4.17242774,4.17242774,4.17242774,4.17242774,4.17242774,4.17242774,4.17242774,4.17242774,4.17242774,4.17242774,4.17242774,4.17242774,4.17242774,4.17242774,4.17242774,4.17242774,4.17242774,4.17242774,4.17242774,4.17242774,4.27060251,4.17242774,4.17242774,4.27060251,4.36877728,4.46695205,4.46695205,4.56512682,4.6633016,4.76147637,4.76147637,4.85965114,4.95782591,4.95782591,5.05600068,5.05600068,5.05600068,5.15417545,5.15417545,5.15417545,5.25235022,5.25235022,5.15417545,5.25235022,5.25235022,5.25235022,5.25235022,5.25235022,5.25235022,5.25235022,5.15417545
126.394212961,C01,AP01,client_to_ap,VHT,2,2,2,80,SU,1,4,122,6637c97e16e6ce8a,6,-68.0,1.03083509,1.03083509,1.03083509,1.12900986,1.12900986,1.12900986,1.12900986,1.12900986,1.12900986,1.12900986,1.12900986,1.12900986,1.12900986,1.12900986,1.12900986,1.12900986,1.12900986,1.12900986,1.12900986,1.12900986,1.12900986,1.12900986,1.12900986,1.12900986,1.12900986,1.12900986,1.12900986,1.12900986,1.12900986,1.12900986,1.12900986,1.12900986,1.12900986,1.12900986,1.12900986,1.12900986,1.12900986,1.12900986,1.12900986,1.12900986,1.12900986,1.12900986,1.12900986,1.12900986,1.12900986,1.03083509,1.03083509,1.03083509,1.03083509,1.03083509,1.03083509,1.03083509,1.03083509,1.03083509,1.03083509,1.03083509,1.03083509,1.03083509,1.03083509,1.03083509,1.03083509,1.03083509,1.03083509,0.932660319,0.932660319,0.932660319,0.932660319,0.932660319,0.932660319,0.932660319,0.932660319,0.932660319,0.932660319,0.932660319,0.932660319,0.932660319,0.932660319,0.932660319,0.932660319,1.03083509,0.932660319,0.932660319,0.932660319,0.932660319,0.932660319,0.932660319,0.932660319,0.932660319,0.932660319,0.834485549,0.834485549,0.834485549,0.834485549,0.834485549,0.736310778,0.736310778,0.736310778,0.736310778,0.736310778,0.638136008,0.638136008,0.736310778,0.736310778,0.736310778,0.736310778,0.736310778,0.736310778,0.736310778,0.834485549,0.834485549,0.834485549,0.834485549,0.932660319,0.932660319,0.932660319,0.932660319,0.932660319,0.932660319,1.03083509,1.03083509,1.03083509,1.03083509,3.9760782,3.9760782,4.07425297,4.07425297,4.07425297,4.07425297,4.07425297,4.07425297,4.07425297,4.07425297,4.07425297,4.07425297,4.07425297,4.07425297,4.07425297,4.07425297,4.07425297,4.07425297,4.07425297,4.07425297,4.07425297,4.07425297,4.07425297,4.07425297,4.07425297,3.9760782,4.07425297,3.9760782,3.9760782,3.9760782,3.9760782,3.9760782,3.9760782,3.9760782,3.9760782,3.9760782,3.9760782,3.9760782,3.9760782,3.87790343,3.87790343,3.87790343,3.87790343,3.87790343,3.87790343,3.87790343,3.87790343,3.87790343,3.87790343,3.87790343,3.87790343,3.87790343,3.87790343,3.87790343,3.87790343,3.87790343,3.87790343,3.87790343,3.87790343,3.87790343,3.9760782,3.9760782,3.9760782,3.9760782,3.9760782,3.9760782,3.9760782,4.07425297,4.07425297,4.07425297,4.07425297,4.07425297,4.17242774,4.17242774,4.17242774,4.17242774,4.17242774,4.17242774,4.17242774,4.17242774,4.17242774,4.17242774,4.17242774,4.17242774,4.17242774,4.17242774,4.17242774,4.07425297,4.17242774,4.17242774,4.17242774,4.07425297,4.17242774,4.17242774,4.17242774,4.27060251,4.36877728,4.36877728,4.36877728,4.46695205,4.56512682,4.6633016,4.76147637,4.76147637,4.85965114,4.85965114,4.85965114,4.95782591,4.95782591,5.05600068,5.05600068,5.05600068,5.15417545,5.05600068,5.15417545,5.15417545,5.15417545,5.15417545,5.15417545,5.15417545,5.15417545,5.05600068
127.748467922,C01,AP01,client_to_ap,VHT,2,2,2,80,SU,1,4,122,6637c97e16e6ce8a,6,-68.0,1.03083509,1.03083509,1.03083509,1.12900986,1.12900986,1.03083509,1.03083509,1.12900986,1.12900986,1.12900986,1.12900986,1.12900986,1.12900986,1.12900986,1.12900986,1.12900986,1.12900986,1.12900986,1.12900986,1.12900986,1.12900986,1.12900986,1.12900986,1.12900986,1.12900986,1.12900986,1.12900986,1.12900986,1.12900986,1.12900986,1.12900986,1.12900986,1.12900986,1.12900986,1.12900986,1.12900986,1.12900986,1.12900986,1.12900986,1.12900986,1.12900986,1.12900986,1.03083509,1.12900986,1.03083509,1.03083509,1.03083509,1.03083509,1.03083509,1.03083509,1.03083509,1.03083509,1.03083509,1.03083509,1.03083509,1.03083509,1.03083509,1.03083509,1.03083509,1.03083509,1.03083509,0.932660319,1.03083509,0.932660319,0.932660319,0.932660319,0.932660319,0.932660319,0.932660319,0.932660319,0.932660319,0.932660319,0.932660319,0.932660319,0.932660319,0.932660319,0.932660319,0.932660319,0.932660319,0.932660319,0.932660319,0.932660319,0.932660319,0.932660319,0.932660319,0.932660319,0.932660319,0.834485549,0.834485549,0.834485549,0.834485549,0.834485549,0.834485549,0.736310778,0.736310778,0.736310778,0.638136008,0.638136008,0.638136008,0.638136008,0.638136008,0.638136008,0.638136008,0.638136008,0.638136008,0.736310778,0.736310778,0.736310778,0.736310778,0.834485549,0.834485549,0.834485549,0.834485549,0.834485549,0.932660319,0.932660319,0.932660319,0.932660319,1.03083509,1.03083509,1.03083509,1.03083509,3.9760782,3.9760782,3.9760782,4.07425297,4.07425297,4.07425297,4.07425297,4.07425297,4.07425297,4.07425297,4.07425297,4.07425297,4.07425297,4.07425297,4.07425297,4.07425297,4.07425297,4.07425297,4.07425297,4.07425297,4.07425297,4.07425297,4.07425297,3.9760782,3.9760782,4.07425297,3.9760782,3.9760782,3.9760782,3.9760782,3.9760782,3.9760782,3.9760782,3.9760782,3.9760782,3.9760782,3.9760782,3.9760782,3.87790343,3.87790343,3.87790343,3.87790343,3.87790343,3.87790343,3.87790343,3.87790343,3.87790343,3.87790343,3.87790343,3.87790343,3.77972866,3.77972866,3.87790343,3.87790343,3.87790343,3.87790343,3.87790343,3.87790343,3.87790343,3.87790343,3.9760782,3.87790343,3.9760782,3.9760782,3.9760782,3.9760782,3.9760782,4.07425297,4.07425297,4.07425297,4.07425297,4.07425297,4.07425297,4.07425297,4.07425297,4.07425297,4.17242774,4.17242774,4.07425297,4.17242774,4.17242774,4.07425297,4.07425297,4.07425297,4.07425297,4.07425297,4.07425297,4.07425297,4.07425297,4.07425297,4.07425297,4.07425297,4.07425297,4.07425297,4.17242774,4.17242774,4.27060251,4.27060251,4.36877728,4.46695205,4.56512682,4.56512682,4.76147637,4.76147637,4.85965114,4.85965114,4.95782591,4.95782591,5.05600068,5.05600068,5.15417545,5.15417545,5.15417545,5.15417545,5.15417545,5.15417545,5.15417545,5.15417545,5.25235022,5.15417545,5.15417545,5.15417545
129.061899900,C01,AP01,client_to_ap,VHT,2,2,2,80,SU,1,4,122,6637c97e16e6ce8a,6,-68.0,1.03083509,1.03083509,1.03083509,1.03083509,1.03083509,1.03083509,1.03083509,1.12900986,1.03083509,1.03083509,1.03083509,1.12900986,1.12900986,1.03083509,1.03083509,1.12900986,1.12900986,1.12900986,1.12900986,1.12900986,1.12900986,1.12900986,1.12900986,1.12900986,1.12900986,1.12900986,1.12900986,1.12900986,1.12900986,1.12900986,1.12900986,1.12900986,1.12900986,1.12900986,1.12900986,1.12900986,1.12900986,1.12900986,1.12900986,1.12900986,1.12900986,1.03083509,1.03083509,1.03083509,1.03083509,1.03083509,1.03083509,1.03083509,1.03083509,1.03083509,1.03083509,1.03083509,1.03083509,1.03083509,1.03083509,1.03083509,1.03083509,1.03083509,1.03083509,1.03083509,1.03083509,0.932660319,0.932660319,0.932660319,0.932660319,0.932660319,0.932660319,0.932660319,0.932660319,0.932660319,0.932660319,0.932660319,0.932660319,0.932660319,0.932660319,0.932660319,0.932660319,0.932660319,0.932660319,0.932660319,0.932660319,0.932660319,0.932660319,0.932660319,0.932660319,0.932660319,0.932660319,0.834485549,0.834485549,0.834485549,0.834485549,0.834485549,0.834485549,0.736310778,0.736310778,0.736310778,0.638136008,0.638136008,0.638136008,0.638136008,0.638136008,0.638136008,0.638136008,0.638136008,0.638136008,0.736310778,0.736310778,0.736310778,0.736310778,0.834485549,0.834485549,0.834485549,0.834485549,0.834485549,0.932660319,0.932660319,0.932660319,0.932660319,1.03083509,1.03083509,1.03083509,1.03083509,3.9760782,3.9760782,3.9760782,4.07425297,4.07425297,4.07425297,4.07425297,4.07425297,4.07425297,4.07425297,4.07425297,4.07425297,4.07425297,4.07425297,4.07425297,4.07425297,4.07425297,4.07425297,3.9760782,4.07425297,4.07425297,4.07425297,4.07425297,4.07425297,4.07425297,3.9760782,3.9760782,3.9760782,3.9760782,3.9760782,3.9760782,3.9760782,3.9760782,3.9760782,3.9760782,3.9760782,3.9760782,3.87790343,3.87790343,3.87790343,3.87790343,3.87790343,3.87790343,3.87790343,3.87790343,3.87790343,3.87790343,3.87790343,3.87790343,3.77972866,3.77972866,3.77972866,3.87790343,3.87790343,3.77972866,3.77972866,3.87790343,3.87790343,3.87790343,3.87790343,3.9760782,3.87790343,3.87790343,3.87790343,3.9760782,3.9760782,3.9760782,3.9760782,3.9760782,4.07425297,4.07425297,4.07425297,4.07425297,4.07425297,4.07425297,4.07425297,4.07425297,4.07425297,4.07425297,4.07425297,4.07425297,4.07425297,4.07425297,4.07425297,4.07425297,4.07425297,4.07425297,4.07425297,4.07425297,4.07425297,4.07425297,4.07425297,4.07425297,4.07425297,4.07425297,4.17242774,4.17242774,4.27060251,4.36877728,4.46695205,4.56512682,4.6633016,4.6633016,4.85965114,4.85965114,4.95782591,4.95782591,4.95782591,5.05600068,5.05600068,5.05600068,5.05600068,5.15417545,5.15417545,5.15417545,5.15417545,5.15417545,5.15417545,5.25235022,5.15417545,5.15417545,5.25235022
130.393756866,C01,AP01,client_to_ap,VHT,2,2,2,80,SU,1,4,122,6637c97e16e6ce8a,6,-68.0,1.03083509,1.12900986,1.03083509,1.12900986,1.12900986,1.12900986,1.12900986,1.12900986,1.12900986,1.12900986,1.12900986,1.12900986,1.12900986,1.12900986,1.12900986,1.12900986,1.12900986,1.12900986,1.12900986,1.12900986,1.12900986,1.12900986,1.12900986,1.12900986,1.12900986,1.12900986,1.12900986,1.12900986,1.12900986,1.12900986,1.12900986,1.12900986,1.12900986,1.12900986,1.12900986,1.12900986,1.12900986,1.12900986,1.12900986,1.12900986,1.12900986,1.12900986,1.12900986,1.12900986,1.12900986,1.12900986,1.03083509,1.03083509,1.03083509,1.03083509,1.03083509,1.03083509,1.03083509,1.03083509,1.03083509,1.03083509,1.03083509,1.03083509,1.03083509,1.03083509,1.03083509,1.03083509,1.03083509,0.932660319,0.932660319,0.932660319,0.932660319,0.932660319,0.932660319,0.932660319,0.932660319,0.932660319,0.932660319,0.932660319,0.932660319,0.932660319,0.932660319,0.932660319,0.932660319,0.932660319,0.932660319,0.932660319,0.932660319,0.932660319,0.932660319,0.932660319,0.932660319,0.834485549,0.834485549,0.834485549,0.834485549,0.834485549,0.834485549,0.736310778,0.736310778,0.736310778,0.638136008,0.638136008,0.736310778,0.638136008,0.638136008,0.638136008,0.638136008,0.638136008,0.736310778,0.736310778,0.736310778,0.736310778,0.834485549,0.834485549,0.834485549,0.834485549,0.834485549,0.834485549,0.932660319,0.932660319,0.932660319,0.932660319,1.03083509,1.03083509,1.03083509,1.03083509,3.9760782,3.9760782,4.07425297,4.07425297,4.07425297,4.07425297,3.9760782,4.07425297,4.07425297,4.07425297,4.07425297,4.07425297,4.07425297,4.07425297,4.07425297,4.07425297,4.07425297,4.07425297,4.07425297,4.07425297,4.07425297,4.07425297,4.07425297,4.07425297,4.07425297,4.07425297,3.9760782,4.07425297,4.07425297,3.9760782,3.9760782,3.9760782,3.9760782,3.9760782,3.9760782,3.9760782,3.9760782,3.9760782,3.9760782,3.87790343,3.87790343,3.87790343,3.87790343,3.87790343,3.87790343,3.87790343,3.87790343,3.87790343,3.87790343,3.87790343,3.77972866,3.87790343,3.87790343,3.87790343,3.87790343,3.87790343,3.87790343,3.87790343,3.87790343,3.87790343,3.87790343,3.9760782,3.9760782,3.9760782,3.9760782,3.9760782,3.9760782,4.07425297,4.07425297,4.07425297,4.07425297,4.07425297,4.07425297,4.17242774,4.17242774,4.17242774,4.17242774,4.17242774,4.17242774,4.17242774,4.17242774,4.17242774,4.17242774,4.17242774,4.17242774,4.17242774,4.07425297,4.07425297,4.07425297,4.07425297,4.17242774,4.17242774,4.17242774,4.17242774,4.17242774,4.27060251,4.27060251,4.36877728,4.46695205,4.46695205,4.6633016,4.6633016,4.76147637,4.76147637,4.85965114,4.95782591,4.95782591,4.95782591,5.05600068,5.05600068,5.05600068,5.15417545,5.15417545,5.15417545,5.15417545,5.15417545,5.15417545,5.15417545,5.25235022,5.25235022,5.25235022,5.25235022
131.729776859,C01,AP01,client_to_ap,VHT,2,2,2,80,SU,1,4,122,6637c97e16e6ce8a,6,-68.0,1.03083509,1.03083509,1.12900986,1.12900986,1.03083509,1.12900986,1.03083509,1.12900986,1.03083509,1.12900986,1.12900986,1.12900986,1.12900986,1.12900986,1.12900986,1.12900986,1.12900986,1.12900986,1.12900986,1.12900986,1.12900986,1.12900986,1.12900986,1.12900986,1.12900986,1.12900986,1.12900986,1.12900986,1.12900986,1.12900986,1.12900986,1.12900986,1.12900986,1.12900986,1.12900986,1.12900986,1.12900986,1.12900986,1.12900986,1.12900986,1.12900986,1.12900986,1.12900986,1.12900986,1.12900986,1.12900986,1.03083509,1.03083509,1.03083509,1.03083509,1.03083509,1.03083509,1.03083509,1.03083509,1.03083509,1.03083509,1.03083509,1.03083509,1.03083509,1.03083509,1.03083509,0.932660319,0.932660319,0.932660319,0.932660319,0.932660319,0.932660319,0.932660319,0.932660319,0.932660319,0.932660319,0.932660319,0.932660319,0.932660319,0.932660319,0.932660319,0.932660319,0.932660319,0.932660319,0.932660319,0.932660319,0.932660319,0.932660319,0.932660319,0.932660319,0.834485549,0.932660319,0.834485549,0.834485549,0.834485549,0.834485549,0.736310778,0.736310778,0.736310778,0.736310778,0.736310778,0.638136008,0.638136008,0.638136008,0.638136008,0.638136008,0.638136008,0.638136008,0.638136008,0.638136008,0.638136008,0.736310778,0.736310778,0.736310778,0.736310778,0.736310778,0.834485549,0.834485549,0.834485549,0.834485549,0.932660319,0.932660319,0.932660319,0.932660319,1.03083509,1.03083509,1.03083509,3.9760782,3.9760782,4.07425297,4.07425297,4.07425297,3.9760782,3.9760782,3.9760782,4.07425297,4.07425297,3.9760782,4.07425297,4.07425297,4.07425297,4.07425297,4.07425297,4.07425297,4.07425297,4.07425297,4.07425297,4.07425297,4.07425297,4.07425297,4.07425297,4.07425297,3.9760782,4.07425297,3.9760782,3.9760782,3.9760782,3.9760782,3.9760782,3.9760782,3.9760782,3.9760782,3.9760782,3.9760782,3.87790343,3.9760782,3.87790343,3.87790343,3.87790343,3.87790343,3.87790343,3.87790343,3.87790343,3.87790343,3.87790343,3.87790343,3.87790343,3.77972866,3.77972866,3.87790343,3.87790343,3.87790343,3.87790343,3.87790343,3.87790343,3.87790343,3.87790343,3.87790343,3.9760782,3.9760782,3.9760782,3.9760782,3.9760782,3.9760782,3.9760782,4.07425297,4.07425297,4.07425297,4.07425297,4.07425297,4.17242774,4.17242774,4.17242774,4.17242774,4.17242774,4.17242774,4.17242774,4.17242774,4.17242774,4.17242774,4.17242774,4.17242774,4.17242774,4.07425297,4.17242774,4.07425297,4.07425297,4.17242774,4.17242774,4.17242774,4.17242774,4.17242774,4.27060251,4.36877728,4.27060251,4.46695205,4.56512682,4.56512682,4.6633016,4.76147637,4.76147637,4.85965114,4.95782591,4.95782591,4.95782591,5.05600068,5.05600068,5.15417545,5.15417545,5.15417545,5.15417545,5.15417545,5.15417545,5.15417545,5.25235022,5.25235022,5.25235022,5.25235022,5.25235022
133.061558962,C01,AP01,client_to_ap,VHT,2,2,2,80,SU,1,4,122,6637c97e16e6ce8a,6,-68.0,1.03083509,1.03083509,1.03083509,1.03083509,1.03083509,1.03083509,1.03083509,1.03083509,1.03083509,1.03083509,1.03083509,1.03083509,1.03083509,1.03083509,1.12900986,1.12900986,1.12900986,1.12900986,1.12900986,1.12900986,1.12900986,1.12900986,1.12900986,1.12900986,1.12900986,1.12900986,1.12900986,1.12900986,1.12900986,1.12900986,1.12900986,1.12900986,1.12900986,1.12900986,1.12900986,1.12900986,1.12900986,1.12900986,1.12900986,1.12900986,1.12900986,1.12900986,1.12900986,1.12900986,1.03083509,1.03083509,1.03083509,1.03083509,1.03083509,1.03083509,1.03083509,1.03083509,1.03083509,1.03083509,1.03083509,1.03083509,1.03083509,1.03083509,1.03083509,1.03083509,0.932660319,0.932660319,0.932660319,0.932660319,0.932660319,0.932660319,0.932660319,0.932660319,0.932660319,0.932660319,0.932660319,0.932660319,0.932660319,0.932660319,0.932660319,0.932660319,0.932660319,0.932660319,0.932660319,0.932660319,0.932660319,0.932660319,0.932660319,0.932660319,0.932660319,0.932660319,0.932660319,0.834485549,0.834485549,0.834485549,0.834485549,0.834485549,0.736310778,0.736310778,0.736310778,0.638136008,0.638136008,0.638136008,0.638136008,0.638136008,0.638136008,0.638136008,0.638136008,0.638136008,0.638136008,0.638136008,0.638136008,0.736310778,0.736310778,0.736310778,0.834485549,0.834485549,0.834485549,0.834485549,0.834485549,0.932660319,0.932660319,0.932660319,0.932660319,1.03083509,1.03083509,1.03083509,3.9760782,3.9760782,3.9760782,3.9760782,4.07425297,4.07425297,4.07425297,4.07425297,4.07425297,4.07425297,4.07425297,4.07425297,4.07425297,4.07425297,4.07425297,4.07425297,4.07425297,4.07425297,4.07425297,4.07425297,4.07425297,4.07425297,4.07425297,4.07425297,4.07425297,3.9760782,3.9760782,3.9760782,3.9760782,3.9760782,3.9760782,3.9760782,3.9760782,3.9760782,3.9760782,3.9760782,3.9760782,3.87790343,3.9760782,3.87790343,3.87790343,3.87790343,3.87790343,3.87790343,3.87790343,3.77972866,3.87790343,3.87790343,3.77972866,3.87790343,3.77972866,3.77972866,3.77972866,3.77972866,3.77972866,3.87790343,3.87790343,3.87790343,3.87790343,3.87790343,3.87790343,3.87790343,3.87790343,3.87790343,3.9760782,3.9760782,3.9760782,3.9760782,3.9760782,4.07425297,4.07425297,3.9760782,4.07425297,4.07425297,4.07425297,4.07425297,4.07425297,4.07425297,4.07425297,4.07425297,4.07425297,4.07425297,4.07425297,4.07425297,4.07425297,4.07425297,4.07425297,4.07425297,4.07425297,4.07425297,4.07425297,4.07425297,4.07425297,4.07425297,4.17242774,4.17242774,4.27060251,4.27060251,4.36877728,4.46695205,4.56512682,4.56512682,4.6633016,4.76147637,4.76147637,4.95782591,4.95782591,4.95782591,5.05600068,5.05600068,5.05600068,5.05600068,5.15417545,5.15417545,5.15417545,5.15417545,5.15417545,5.15417545,5.15417545,5.25235022,5.15417545,5.25235022
134.393302917,C01,AP01,client_to_ap,VHT,2,2,2,80,SU,1,4,122,6637c97e16e6ce8a,6,-68.0,1.03083509,1.03083509,1.03083509,1.12900986,1.12900986,1.12900986,1.12900986,1.12900986,1.12900986,1.12900986,1.12900986,1.12900986,1.12900986,1.12900986,1.12900986,1.12900986,1.12900986,1.12900986,1.12900986,1.12900986,1.12900986,1.12900986,1.12900986,1.12900986,1.12900986,1.12900986,1.12900986,1.12900986,1.12900986,1.12900986,1.12900986,1.12900986,1.12900986,1.12900986,1.12900986,1.12900986,1.12900986,1.12900986,1.12900986,1.12900986,1.12900986,1.12900986,1.12900986,1.12900986,1.12900986,1.12900986,1.12900986,1.03083509,1.03083509,1.03083509,1.03083509,1.03083509,1.03083509,1.03083509,1.03083509,1.03083509,1.03083509,1.03083509,1.03083509,1.03083509,1.03083509,1.03083509,1.03083509,1.03083509,0.932660319,0.932660319,0.932660319,0.932660319,0.932660319,0.932660319,0.932660319,0.932660319,0.932660319,0.932660319,0.932660319,0.932660319,0.932660319,0.932660319,0.932660319,0.932660319,0.932660319,0.932660319,0.932660319,0.932660319,0.932660319,0.932660319,0.932660319,0.932660319,0.834485549,0.834485549,0.834485549,0.834485549,0.834485549,0.736310778,0.736310778,0.736310778,0.736310778,0.736310778,0.736310778,0.638136008,0.638136008,0.638136008,0.638136008,0.736310778,0.736310778,0.736310778,0.736310778,0.736310778,0.736310778,0.834485549,0.834485549,0.834485549,0.834485549,0.834485549,0.932660319,0.932660319,0.932660319,0.932660319,0.932660319,0.932660319,1.03083509,1.03083509,3.9760782,4.07425297,4.07425297,4.07425297,4.07425297,4.07425297,4.07425297,4.07425297,4.17242774,4.07425297,4.07425297,4.07425297,4.07425297,4.17242774,4.07425297,4.07425297,4.07425297,4.07425297,4.07425297,4.07425297,4.07425297,4.07425297,4.07425297,4.07425297,4.07425297,4.07425297,4.07425297,3.9760782,4.07425297,3.9760782,3.9760782,3.9760782,3.9760782,3.9760782,3.9760782,3.9760782,3.9760782,3.9760782,3.9760782,3.87790343,3.9760782,3.87790343,3.87790343,3.87790343,3.87790343,3.87790343,3.87790343,3.77972866,3.87790343,3.87790343,3.87790343,3.87790343,3.87790343,3.87790343,3.77972866,3.87790343,3.87790343,3.87790343,3.87790343,3.87790343,3.9760782,3.9760782,3.9760782,3.9760782,3.9760782,3.9760782,3.9760782,4.07425297,4.07425297,4.07425297,4.07425297,4.07425297,4.07425297,4.07425297,4.17242774,4.17242774,4.17242774,4.17242774,4.17242774,4.17242774,4.17242774,4.17242774,4.17242774,4.17242774,4.07425297,4.07425297,4.17242774,4.17242774,4.17242774,4.17242774,4.17242774,4.17242774,4.17242774,4.17242774,4.27060251,4.27060251,4.27060251,4.36877728,4.36877728,4.56512682,4.56512682,4.6633016,4.6633016,4.76147637,4.85965114,4.85965114,4.95782591,4.95782591,5.05600068,5.05600068,5.05600068,5.05600068,5.15417545,5.15417545,5.15417545,5.15417545,5.15417545,5.15417545,5.15417545,5.25235022,5.25235022,5.15417545
135.729569912,C01,AP01,client_to_ap,VHT,2,2,2,80,SU,1,4,122,6637c97e16e6ce8a,6,-68.0,1.03083509,1.03083509,1.03083509,1.03083509,1.03083509,1.03083509,1.12900986,1.12900986,1.12900986,1.12900986,1.12900986,1.12900986,1.12900986,1.12900986,1.12900986,1.12900986,1.12900986,1.12900986,1.12900986,1.12900986,1.12900986,1.12900986,1.12900986,1.12900986,1.12900986,1.12900986,1.12900986,1.12900986,1.12900986,1.12900986,1.12900986,1.12900986,1.12900986,1.12900986,1.12900986,1.12900986,1.12900986,1.12900986,1.12900986,1.12900986,1.12900986,1.12900986,1.12900986,1.12900986,1.12900986,1.03083509,1.03083509,1.03083509,1.03083509,1.03083509,1.03083509,1.03083509,1.03083509,1.03083509,1.03083509,1.03083509,1.03083509,1.03083509,1.03083509,1.03083509,1.03083509,0.932660319,1.03083509,0.932660319,0.932660319,0.932660319,0.932660319,0.932660319,0.932660319,0.932660319,0.932660319,0.932660319,0.932660319,0.932660319,0.932660319,0.932660319,0.932660319,0.932660319,0.932660319,0.932660319,0.932660319,0.932660319,0.932660319,0.932660319,0.932660319,0.932660319,0.932660319,0.834485549,0.834485549,0.834485549,0.834485549,0.834485549,0.736310778,0.736310778,0.736310778,0.736310778,0.736310778,0.638136008,0.638136008,0.638136008,0.638136008,0.638136008,0.736310778,0.638136008,0.736310778,0.736310778,0.736310778,0.736310778,0.736310778,0.736310778,0.834485549,0.834485549,0.834485549,0.834485549,0.834485549,0.932660319,0.932660319,0.932660319,0.932660319,0.932660319,1.03083509,1.03083509,3.9760782,3.9760782,3.9760782,3.9760782,4.07425297,4.07425297,4.07425297,4.07425297,4.07425297,4.07425297,4.07425297,4.07425297,4.07425297,4.07425297,4.07425297,4.07425297,4.07425297,4.07425297,4.07425297,4.07425297,4.07425297,4.07425297,4.07425297,4.07425297,4.07425297,4.07425297,4.07425297,3.9760782,4.07425297,3.9760782,3.9760782,3.9760782,3.9760782,3.9760782,3.9760782,3.9760782,3.9760782,3.9760782,3.87790343,3.87790343,3.87790343,3.87790343,3.87790343,3.87790343,3.87790343,3.87790343,3.87790343,3.87790343,3.87790343,3.87790343,3.77972866,3.77972866,3.87790343,3.87790343,3.87790343,3.87790343,3.87790343,3.87790343,3.87790343,3.87790343,3.87790343,3.9760782,3.9760782,3.9760782,3.9760782,3.9760782,3.9760782,3.9760782,4.07425297,4.07425297,4.07425297,4.07425297,4.07425297,4.07425297,4.17242774,4.17242774,4.17242774,4.17242774,4.07425297,4.17242774,4.17242774,4.07425297,4.17242774,4.17242774,4.07425297,4.17242774,4.07425297,4.17242774,4.17242774,4.17242774,4.17242774,4.17242774,4.07425297,4.17242774,4.17242774,4.17242774,4.27060251,4.36877728,4.36877728,4.46695205,4.56512682,4.56512682,4.76147637,4.76147637,4.85965114,4.95782591,4.95782591,4.95782591,5.05600068,5.05600068,5.15417545,5.15417545,5.15417545,5.15417545,5.25235022,5.25235022,5.15417545,5.25235022,5.25235022,5.25235022,5.25235022,5.25235022
137.061317921,C01,AP01,client_to_ap,VHT,2,2,2,80,SU,1,4,122,6637c97e16e6ce8a,6,-68.0,1.03083509,1.03083509,1.03083509,1.03083509,1.03083509,1.03083509,1.03083509,1.12900986,1.03083509,1.12900986,1.12900986,1.12900986,1.12900986,1.12900986,1.12900986,1.12900986,1.12900986,1.12900986,1.12900986,1.12900986,1.12900986,1.12900986,1.12900986,1.12900986,1.12900986,1.12900986,1.12900986,1.12900986,1.12900986,1.12900986,1.12900986,1.12900986,1.12900986,1.12900986,1.12900986,1.12900986,1.12900986,1.12900986,1.12900986,1.12900986,1.12900986,1.12900986,1.12900986,1.12900986,1.12900986,1.12900986,1.12900986,1.03083509,1.03083509,1.03083509,1.03083509,1.03083509,1.03083509,1.03083509,1.03083509,1.03083509,1.03083509,1.03083509,1.03083509,1.03083509,1.03083509,1.03083509,0.932660319,0.932660319,0.932660319,0.932660319,0.932660319,0.932660319,0.932660319,0.932660319,0.932660319,0.932660319,0.932660319,0.932660319,0.932660319,0.932660319,0.932660319,0.932660319,0.932660319,0.932660319,0.932660319,0.932660319,0.932660319,0.932660319,0.932660319,0.932660319,0.932660319,0.932660319,0.834485549,0.834485549,0.834485549,0.834485549,0.834485549,0.834485549,0.736310778,0.736310778,0.736310778,0.736310778,0.638136008,0.638136008,0.638136008,0.638136008,0.736310778,0.638136008,0.736310778,0.736310778,0.736310778,0.736310778,0.834485549,0.834485549,0.834485549,0.834485549,0.834485549,0.834485549,0.932660319,0.932660319,0.932660319,0.932660319,0.932660319,0.932660319,1.03083509,1.03083509,3.9760782,3.9760782,4.07425297,4.07425297,4.07425297,4.07425297,4.07425297,4.07425297,4.07425297,4.07425297,4.07425297,4.07425297,4.07425297,4.07425297,4.07425297,4.07425297,4.07425297,4.07425297,4.17242774,4.07425297,4.07425297,4.07425297,4.07425297,4.07425297,4.07425297,4.07425297,4.07425297,4.07425297,4.07425297,3.9760782,3.9760782,3.9760782,3.9760782,3.9760782,3.9760782,3.9760782,3.9760782,3.9760782,3.9760782,3.9760782,3.87790343,3.9760782,3.87790343,3.87790343,3.87790343,3.87790343,3.87790343,3.87790343,3.87790343,3.87790343,3.87790343,3.87790343,3.87790343,3.87790343,3.87790343,3.87790343,3.87790343,3.87790343,3.87790343,3.87790343,3.87790343,3.87790343,3.9760782,3.9760782,3.9760782,3.9760782,3.9760782,3.9760782,4.07425297,4.07425297,4.07425297,4.07425297,4.17242774,4.07425297,4.07425297,4.17242774,4.17242774,4.17242774,4.17242774,4.17242774,4.17242774,4.17242774,4.07425297,4.17242774,4.07425297,4.17242774,4.17242774,4.07425297,4.17242774,4.17242774,4.17242774,4.17242774,4.07425297,4.17242774,4.17242774,4.27060251,4.27060251,4.27060251,4.36877728,4.46695205,4.56512682,4.56512682,4.6633016,4.76147637,4.85965114,4.85965114,4.95782591,4.95782591,4.95782591,5.05600068,5.05600068,5.05600068,5.05600068,5.05600068,5.15417545,5.15417545,5.15417545,5.15417545,5.15417545,5.15417545,5.15417545,5.15417545
138.393548965,C01,AP01,client_to_ap,VHT,2,2,2,80,SU,1,4,122,6637c97e16e6ce8a,6,-68.0,1.03083509,1.03083509,1.03083509,1.03083509,1.03083509,1.03083509,1.03083509,1.03083509,1.12900986,1.12900986,1.12900986,1.12900986,1.12900986,1.12900986,1.12900986,1.12900986,1.12900986,1.12900986,1.12900986,1.12900986,1.12900986,1.12900986,1.12900986,1.12900986,1.12900986,1.12900986,1.12900986,1.12900986,1.12900986,1.12900986,1.12900986,1.12900986,1.12900986,1.12900986,1.12900986,1.12900986,1.12900986,1.12900986,1.12900986,1.12900986,1.12900986,1.12900986,1.12900986,1.12900986,1.12900986,1.03083509,1.12900986,1.12900986,1.03083509,1.03083509,1.03083509,1.03083509,1.03083509,1.03083509,1.03083509,1.03083509,1.03083509,1.03083509,1.03083509,1.03083509,1.03083509,1.03083509,1.03083509,1.03083509,0.932660319,0.932660319,0.932660319,0.932660319,0.932660319,0.932660319,0.932660319,0.932660319,0.932660319,0.932660319,0.932660319,0.932660319,0.932660319,0.932660319,0.932660319,0.932660319,0.932660319,0.932660319,0.932660319,0.932660319,0.932660319,0.932660319,0.932660319,0.834485549,0.834485549,0.834485549,0.834485549,0.834485549,0.834485549,0.834485549,0.736310778,0.736310778,0.736310778,0.638136008,0.736310778,0.638136008,0.638136008,0.736310778,0.736310778,0.736310778,0.736310778,0.736310778,0.736310778,0.736310778,0.736310778,0.736310778,0.834485549,0.834485549,0.834485549,0.834485549,0.834485549,0.932660319,0.932660319,0.932660319,0.932660319,1.03083509,1.03083509,1.03083509,3.9760782,3.9760782,4.07425297,4.07425297,4.07425297,4.07425297,4.07425297,4.07425297,4.07425297,4.07425297,4.07425297,4.07425297,4.17242774,4.07425297,4.07425297,4.07425297,4.07425297,4.07425297,4.07425297,4.17242774,4.17242774,4.07425297,4.07425297,4.07425297,4.07425297,4.07425297,4.07425297,3.9760782,4.07425297,4.07425297,3.9760782,3.9760782,3.9760782,3.9760782,3.9760782,3.9760782,3.9760782,3.9760782,3.9760782,3.9760782,3.87790343,3.87790343,3.87790343,3.9760782,3.87790343,3.87790343,3.87790343,3.87790343,3.87790343,3.87790343,3.87790343,3.87790343,3.87790343,3.87790343,3.87790343,3.87790343,3.87790343,3.87790343,3.87790343,3.87790343,3.87790343,3.87790343,3.87790343,3.9760782,3.9760782,3.9760782,3.9760782,4.07425297,4.07425297,4.07425297,4.07425297,4.07425297,4.07425297,4.07425297,4.17242774,4.17242774,4.17242774,4.07425297,4.17242774,4.17242774,4.17242774,4.17242774,4.17242774,4.17242774,4.07425297,4.17242774,4.17242774,4.17242774,4.17242774,4.17242774,4.17242774,4.17242774,4.17242774,4.17242774,4.27060251,4.27060251,4.27060251,4.36877728,4.36877728,4.46695205,4.56512682,4.6633016,4.6633016,4.76147637,4.76147637,4.85965114,4.95782591,4.95782591,4.95782591,5.05600068,5.05600068,5.05600068,5.05600068,5.05600068,5.15417545,5.15417545,5.15417545,5.15417545,5.15417545,5.15417545,5.15417545,5.05600068
139.729290009,C01,AP01,client_to_ap,VHT,2,2,2,80,SU,1,4,122,6637c97e16e6ce8a,6,-68.0,1.03083509,1.03083509,1.03083509,1.03083509,1.03083509,1.03083509,1.03083509,1.12900986,1.12900986,1.12900986,1.12900986,1.12900986,1.12900986,1.12900986,1.12900986,1.12900986,1.12900986,1.12900986,1.12900986,1.12900986,1.12900986,1.12900986,1.12900986,1.12900986,1.12900986,1.12900986,1.12900986,1.12900986,1.12900986,1.12900986,1.12900986,1.12900986,1.12900986,1.12900986,1.12900986,1.12900986,1.12900986,1.12900986,1.12900986,1.12900986,1.12900986,1.12900986,1.12900986,1.12900986,1.12900986,1.12900986,1.12900986,1.12900986,1.03083509,1.03083509,1.03083509,1.03083509,1.03083509,1.03083509,1.03083509,1.03083509,1.03083509,1.03083509,1.03083509,1.03083509,1.03083509,1.03083509,1.03083509,0.932660319,0.932660319,0.932660319,0.932660319,0.932660319,0.932660319,0.932660319,0.932660319,0.932660319,0.932660319,0.932660319,0.932660319,0.932660319,0.932660319,0.932660319,0.932660319,0.932660319,0.932660319,0.932660319,0.932660319,0.932660319,0.932660319,0.932660319,0.932660319,0.834485549,0.834485549,0.834485549,0.834485549,0.834485549,0.834485549,0.736310778,0.736310778,0.736310778,0.736310778,0.736310778,0.638136008,0.638136008,0.638136008,0.638136008,0.638136008,0.736310778,0.736310778,0.736310778,0.736310778,0.736310778,0.736310778,0.736310778,0.834485549,0.834485549,0.834485549,0.834485549,0.834485549,0.932660319,0.932660319,0.932660319,0.932660319,1.03083509,1.03083509,1.03083509,3.9760782,3.9760782,4.07425297,4.07425297,4.07425297,4.07425297,4.07425297,4.17242774,4.17242774,4.07425297,4.07425297,4.17242774,4.07425297,4.07425297,4.17242774,4.17242774,4.17242774,4.07425297,4.17242774,4.17242774,4.07425297,4.17242774,4.07425297,4.07425297,4.07425297,4.07425297,4.07425297,4.07425297,4.07425297,3.9760782,3.9760782,4.07425297,3.9760782,3.9760782,3.9760782,3.9760782,3.9760782,3.9760782,3.9760782,3.9760782,3.87790343,3.87790343,3.87790343,3.87790343,3.87790343,3.87790343,3.87790343,3.87790343,3.87790343,3.87790343,3.87790343,3.87790343,3.87790343,3.87790343,3.87790343,3.87790343,3.87790343,3.87790343,3.87790343,3.87790343,3.87790343,3.87790343,3.9760782,3.9760782,3.9760782,3.9760782,3.9760782,4.07425297,4.07425297,4.07425297,4.07425297,4.07425297,4.07425297,4.07425297,4.17242774,4.17242774,4.17242774,4.17242774,4.07425297,4.17242774,4.07425297,4.17242774,4.07425297,4.17242774,4.07425297,4.07425297,4.17242774,4.07425297,4.07425297,4.07425297,4.07425297,4.17242774,4.07425297,4.17242774,4.17242774,4.17242774,4.27060251,4.27060251,4.36877728,4.46695205,4.56512682,4.6633016,4.6633016,4.76147637,4.85965114,4.85965114,4.95782591,4.95782591,4.95782591,5.05600068,5.05600068,5.15417545,5.15417545,5.15417545,5.15417545,5.15417545,5.15417545,5.15417545,5.15417545,5.15417545,5.15417545,5.15417545
141.061317921,C01,AP01,client_to_ap,VHT,2,2,2,80,SU,1,4,122,6637c97e16e6ce8a,6,-68.0,1.03083509,1.03083509,1.03083509,1.03083509,1.03083509,1.03083509,1.12900986,1.12900986,1.12900986,1.12900986,1.12900986,1.12900986,1.12900986,1.12900986,1.12900986,1.12900986,1.12900986,1.12900986,1.12900986,1.12900986,1.12900986,1.12900986,1.12900986,1.12900986,1.12900986,1.12900986,1.12900986,1.12900986,1.12900986,1.12900986,1.12900986,1.12900986,1.12900986,1.12900986,1.12900986,1.12900986,1.12900986,1.12900986,1.12900986,1.12900986,1.12900986,1.12900986,1.12900986,1.12900986,1.12900986,1.12900986,1.03083509,1.03083509,1.03083509,1.03083509,1.03083509,1.03083509,1.03083509,1.03083509,1.03083509,1.03083509,1.03083509,1.03083509,1.03083509,1.03083509,1.03083509,1.03083509,1.03083509,1.03083509,0.932660319,0.932660319,0.932660319,0.932660319,0.932660319,0.932660319,0.932660319,0.932660319,0.932660319,0.932660319,0.932660319,0.932660319,0.932660319,0.932660319,0.932660319,0.932660319,0.932660319,0.932660319,0.932660319,0.932660319,0.932660319,0.932660319,0.932660319,0.834485549,0.834485549,0.834485549,0.834485549,0.834485549,0.834485549,0.834485549,0.736310778,0.736310778,0.736310778,0.638136008,0.638136008,0.638136008,0.638136008,0.638136008,0.736310778,0.638136008,0.736310778,0.736310778,0.736310778,0.736310778,0.736310778,0.834485549,0.834485549,0.834485549,0.834485549,0.834485549,0.932660319,0.932660319,0.932660319,0.932660319,0.932660319,1.03083509,1.03083509,1.03083509,3.9760782,4.07425297,4.07425297,4.07425297,4.07425297,4.07425297,4.07425297,4.07425297,4.07425297,4.07425297,4.07425297,4.17242774,4.17242774,4.07425297,4.17242774,4.07425297,4.07425297,4.07425297,4.07425297,4.07425297,4.07425297,4.07425297,4.07425297,4.07425297,4.07425297,4.07425297,4.07425297,4.07425297,4.07425297,3.9760782,3.9760782,3.9760782,3.9760782,3.9760782,3.9760782,3.9760782,3.9760782,3.9760782,3.87790343,3.9760782,3.87790343,3.87790343,3.87790343,3.87790343,3.87790343,3.87790343,3.87790343,3.87790343,3.87790343,3.87790343,3.87790343,3.87790343,3.87790343,3.87790343,3.87790343,3.87790343,3.87790343,3.87790343,3.87790343,3.87790343,3.87790343,3.9760782,3.9760782,3.9760782,3.9760782,3.9760782,3.9760782,4.07425297,3.9760782,4.07425297,4.07425297,4.07425297,4.07425297,4.17242774,4.17242774,4.07425297,4.17242774,4.07425297,4.17242774,4.17242774,4.17242774,4.17242774,4.17242774,4.07425297,4.17242774,4.07425297,4.07425297,4.17242774,4.07425297,4.07425297,4.17242774,4.17242774,4.17242774,4.17242774,4.27060251,4.27060251,4.27060251,4.36877728,4.36877728,4.46695205,4.56512682,4.6633016,4.6633016,4.76147637,4.85965114,4.95782591,4.95782591,4.95782591,4.95782591,5.05600068,5.05600068,5.15417545,5.15417545,5.15417545,5.15417545,5.15417545,5.15417545,5.15417545,5.15417545,5.15417545,5.25235022,5.15417545
142.393765926,C01,AP01,client_to_ap,VHT,2,2,2,80,SU,1,4,122,6637c97e16e6ce8a,6,-68.0,1.03083509,1.03083509,1.03083509,1.12900986,1.03083509,1.03083509,1.12900986,1.12900986,1.12900986,1.12900986,1.12900986,1.12900986,1.12900986,1.12900986,1.12900986,1.12900986,1.12900986,1.12900986,1.12900986,1.12900986,1.12900986,1.12900986,1.12900986,1.12900986,1.12900986,1.12900986,1.12900986,1.12900986,1.12900986,1.12900986,1.12900986,1.12900986,1.12900986,1.12900986,1.12900986,1.12900986,1.12900986,1.12900986,1.12900986,1.12900986,1.12900986,1.12900986,1.12900986,1.12900986,1.12900986,1.12900986,1.12900986,1.12900986,1.12900986,1.03083509,1.03083509,1.03083509,1.03083509,1.03083509,1.03083509,1.03083509,1.03083509,1.03083509,1.03083509,1.03083509,1.03083509,1.03083509,1.03083509,1.03083509,0.932660319,1.03083509,1.03083509,0.932660319,0.932660319,0.932660319,1.03083509,0.932660319,0.932660319,0.932660319,0.932660319,0.932660319,0.932660319,0.932660319,0.932660319,0.932660319,0.932660319,0.932660319,0.932660319,0.932660319,0.932660319,0.932660319,0.932660319,0.932660319,0.932660319,0.932660319,0.834485549,0.834485549,0.834485549,0.834485549,0.736310778,0.736310778,0.736310778,0.736310778,0.638136008,0.736310778,0.638136008,0.736310778,0.736310778,0.736310778,0.736310778,0.736310778,0.736310778,0.736310778,0.736310778,0.834485549,0.834485549,0.834485549,0.834485549,0.834485549,0.834485549,0.932660319,0.932660319,0.932660319,0.932660319,1.03083509,1.03083509,1.03083509,3.9760782,4.07425297,4.07425297,4.07425297,4.07425297,4.07425297,4.07425297,4.17242774,4.17242774,4.17242774,4.07425297,4.17242774,4.07425297,4.17242774,4.17242774,4.07425297,4.17242774,4.07425297,4.07425297,4.07425297,4.07425297,4.07425297,4.07425297,4.07425297,4.07425297,4.07425297,4.07425297,4.07425297,4.07425297,3.9760782,3.9760782,3.9760782,3.9760782,3.9760782,3.9760782,3.9760782,3.9760782,3.9760782,3.9760782,3.9760782,3.9760782,3.87790343,3.87790343,3.87790343,3.87790343,3.87790343,3.87790343,3.87790343,3.87790343,3.87790343,3.87790343,3.87790343,3.87790343,3.87790343,3.87790343,3.87790343,3.87790343,3.87790343,3.87790343,3.87790343,3.87790343,3.9760782,3.9760782,3.9760782,3.9760782,3.9760782,3.9760782,4.07425297,4.07425297,4.07425297,4.07425297,4.07425297,4.07425297,4.17242774,4.17242774,4.17242774,4.17242774,4.07425297,4.17242774,4.17242774,4.17242774,4.17242774,4.17242774,4.17242774,4.07425297,4.17242774,4.07425297,4.17242774,4.17242774,4.17242774,4.07425297,4.07425297,4.17242774,4.17242774,4.17242774,4.17242774,4.27060251,4.36877728,4.36877728,4.46695205,4.56512682,4.56512682,4.6633016,4.76147637,4.85965114,4.85965114,4.95782591,4.95782591,4.95782591,5.05600068,5.05600068,5.05600068,5.15417545,5.15417545,5.05600068,5.15417545,5.15417545,5.15417545,5.15417545,5.15417545,5.15417545,5.15417545
143.729997873,C01,AP01,client_to_ap,VHT,2,2,2,80,SU,1,4,122,6637c97e16e6ce8a,6,-68.0,1.03083509,1.03083509,1.03083509,1.03083509,1.03083509,1.12900986,1.12900986,1.12900986,1.12900986,1.12900986,1.12900986,1.12900986,1.12900986,1.12900986,1.12900986,1.12900986,1.12900986,1.12900986,1.12900986,1.12900986,1.12900986,1.12900986,1.12900986,1.12900986,1.12900986,1.12900986,1.12900986,1.12900986,1.12900986,1.12900986,1.12900986,1.12900986,1.12900986,1.12900986,1.12900986,1.12900986,1.12900986,1.12900986,1.12900986,1.12900986,1.12900986,1.12900986,1.12900986,1.12900986,1.12900986,1.12900986,1.03083509,1.03083509,1.03083509,1.03083509,1.03083509,1.03083509,1.03083509,1.03083509,1.03083509,1.03083509,1.03083509,1.03083509,1.03083509,1.03083509,1.03083509,1.03083509,1.03083509,0.932660319,0.932660319,0.932660319,0.932660319,0.932660319,0.932660319,0.932660319,0.932660319,0.932660319,0.932660319,0.932660319,0.932660319,0.932660319,0.932660319,0.932660319,0.932660319,0.932660319,0.932660319,0.932660319,0.932660319,0.932660319,0.932660319,0.932660319,0.834485549,0.834485549,0.834485549,0.834485549,0.834485549,0.834485549,0.834485549,0.736310778,0.736310778,0.736310778,0.736310778,0.638136008,0.638136008,0.638136008,0.638136008,0.638136008,0.638136008,0.736310778,0.638136008,0.736310778,0.736310778,0.736310778,0.736310778,0.736310778,0.736310778,0.834485549,0.834485549,0.834485549,0.932660319,0.932660319,0.932660319,0.932660319,0.932660319,1.03083509,1.03083509,1.03083509,3.9760782,4.07425297,3.9760782,4.07425297,4.07425297,4.07425297,4.07425297,4.07425297,4.17242774,4.07425297,4.07425297,4.07425297,4.07425297,4.07425297,4.17242774,4.07425297,4.07425297,4.07425297,4.07425297,4.07425297,4.07425297,4.07425297,4.07425297,4.07425297,4.07425297,4.07425297,4.07425297,4.07425297,4.07425297,3.9760782,3.9760782,3.9760782,3.9760782,3.9760782,3.9760782,3.9760782,3.87790343,3.9760782,3.9760782,3.9760782,3.87790343,3.87790343,3.87790343,3.87790343,3.87790343,3.87790343,3.87790343,3.87790343,3.87790343,3.87790343,3.77972866,3.87790343,3.87790343,3.87790343,3.87790343,3.87790343,3.87790343,3.87790343,3.87790343,3.87790343,3.87790343,3.87790343,3.9760782,3.9760782,3.9760782,3.9760782,3.9760782,3.9760782,4.07425297,4.07425297,4.07425297,4.07425297,4.07425297,4.07425297,4.07425297,4.17242774,4.17242774,4.17242774,4.17242774,4.17242774,4.17242774,4.17242774,4.17242774,4.17242774,4.17242774,4.17242774,4.07425297,4.17242774,4.07425297,4.07425297,4.07425297,4.17242774,4.17242774,4.17242774,4.17242774,4.27060251,4.27060251,4.36877728,4.36877728,4.46695205,4.56512682,4.6633016,4.76147637,4.76147637,4.85965114,4.85965114,4.95782591,4.95782591,5.05600068,5.05600068,5.05600068,5.05600068,5.15417545,5.15417545,5.15417545,5.15417545,5.15417545,5.15417545,5.25235022,5.15417545,5.15417545,5.15417545
145.061562061,C01,AP01,client_to_ap,VHT,2,2,2,80,SU,1,4,122,6637c97e16e6ce8a,6,-68.0,1.03083509,1.03083509,1.03083509,1.12900986,1.12900986,1.12900986,1.03083509,1.12900986,1.12900986,1.12900986,1.12900986,1.12900986,1.12900986,1.12900986,1.12900986,1.12900986,1.12900986,1.12900986,1.12900986,1.12900986,1.12900986,1.12900986,1.12900986,1.12900986,1.12900986,1.12900986,1.12900986,1.12900986,1.12900986,1.12900986,1.12900986,1.12900986,1.12900986,1.12900986,1.12900986,1.12900986,1.12900986,1.12900986,1.12900986,1.12900986,1.12900986,1.12900986,1.12900986,1.12900986,1.12900986,1.03083509,1.03083509,1.12900986,1.03083509,1.03083509,1.03083509,1.03083509,1.03083509,1.03083509,1.03083509,1.03083509,1.03083509,1.03083509,1.03083509,1.03083509,1.03083509,1.03083509,1.03083509,0.932660319,0.932660319,0.932660319,0.932660319,0.932660319,0.932660319,0.932660319,0.932660319,0.932660319,0.932660319,0.932660319,0.932660319,0.932660319,0.932660319,0.932660319,0.932660319,0.932660319,0.932660319,0.932660319,0.932660319,0.932660319,0.932660319,0.834485549,0.932660319,0.932660319,0.834485549,0.834485549,0.834485549,0.834485549,0.736310778,0.736310778,0.736310778,0.736310778,0.638136008,0.638136008,0.638136008,0.638136008,0.638136008,0.638136008,0.638136008,0.638136008,0.638136008,0.736310778,0.736310778,0.736310778,0.736310778,0.736310778,0.834485549,0.834485549,0.834485549,0.834485549,0.932660319,0.932660319,0.932660319,0.932660319,0.932660319,0.932660319,1.03083509,1.03083509,3.9760782,4.07425297,3.9760782,4.07425297,4.07425297,4.07425297,4.07425297,4.07425297,4.17242774,4.07425297,4.07425297,4.17242774,4.07425297,4.17242774,4.07425297,4.07425297,4.17242774,4.07425297,4.07425297,4.07425297,4.07425297,4.07425297,4.07425297,4.07425297,4.07425297,4.07425297,4.07425297,3.9760782,4.07425297,4.07425297,3.9760782,3.9760782,3.9760782,3.9760782,3.9760782,3.9760782,3.9760782,3.9760782,3.87790343,3.9760782,3.9760782,3.87790343,3.87790343,3.87790343,3.87790343,3.87790343,3.87790343,3.87790343,3.87790343,3.87790343,3.87790343,3.87790343,3.87790343,3.87790343,3.87790343,3.87790343,3.87790343,3.87790343,3.87790343,3.87790343,3.87790343,3.87790343,3.9760782,3.9760782,3.9760782,3.9760782,3.9760782,4.07425297,4.07425297,4.07425297,4.07425297,4.07425297,4.07425297,4.07425297,4.07425297,4.17242774,4.17242774,4.07425297,4.07425297,4.17242774,4.17242774,4.17242774,4.17242774,4.17242774,4.17242774,4.17242774,4.17242774,4.17242774,4.17242774,4.07425297,4.17242774,4.17242774,4.17242774,4.17242774,4.27060251,4.27060251,4.27060251,4.36877728,4.46695205,4.46695205,4.56512682,4.6633016,4.76147637,4.6633016,4.85965114,4.95782591,4.95782591,4.95782591,5.05600068,5.05600068,5.05600068,5.05600068,5.15417545,5.15417545,5.15417545,5.15417545,5.15417545,5.15417545,5.25235022,5.15417545,5.15417545,5.25235022
146.393804073,C01,AP01,client_to_ap,VHT,2,2,2,80,SU,1,4,122,6637c97e16e6ce8a,6,-68.0,1.03083509,1.03083509,1.03083509,1.03083509,1.03083509,1.03083509,1.03083509,1.12900986,1.03083509,1.03083509,1.03083509,1.03083509,1.03083509,1.03083509,1.12900986,1.12900986,1.12900986,1.12900986,1.12900986,1.12900986,1.12900986,1.12900986,1.12900986,1.12900986,1.12900986,1.12900986,1.12900986,1.12900986,1.12900986,1.12900986,1.12900986,1.12900986,1.12900986,1.12900986,1.12900986,1.12900986,1.12900986,1.12900986,1.12900986,1.12900986,1.12900986,1.12900986,1.12900986,1.12900986,1.12900986,1.12900986,1.12900986,1.12900986,1.03083509,1.03083509,1.03083509,1.03083509,1.03083509,1.03083509,1.03083509,1.03083509,1.03083509,1.03083509,1.03083509,1.03083509,1.03083509,1.03083509,1.03083509,1.03083509,0.932660319,0.932660319,0.932660319,0.932660319,0.932660319,0.932660319,0.932660319,0.932660319,0.932660319,0.932660319,0.932660319,0.932660319,0.932660319,0.932660319,0.932660319,0.932660319,0.932660319,0.932660319,0.932660319,0.932660319,0.932660319,0.932660319,0.932660319,0.834485549,0.834485549,0.834485549,0.834485549,0.834485549,0.834485549,0.736310778,0.736310778,0.736310778,0.736310778,0.638136008,0.638136008,0.638136008,0.638136008,0.638136008,0.638136008,0.638136008,0.638136008,0.638136008,0.736310778,0.736310778,0.736310778,0.736310778,0.736310778,0.834485549,0.834485549,0.834485549,0.932660319,0.932660319,0.932660319,0.932660319,0.932660319,1.03083509,1.03083509,1.03083509,3.9760782,3.9760782,3.9760782,3.9760782,4.07425297,4.07425297,4.07425297,4.07425297,4.07425297,4.07425297,4.07425297,4.07425297,4.07425297,4.07425297,4.07425297,4.07425297,4.07425297,4.07425297,4.07425297,4.07425297,4.07425297,4.07425297,4.07425297,4.07425297,4.07425297,3.9760782,4.07425297,4.07425297,4.07425297,3.9760782,3.9760782,3.9760782,3.9760782,3.9760782,3.9760782,3.9760782,3.9760782,3.9760782,3.9760782,3.87790343,3.87790343,3.87790343,3.87790343,3.87790343,3.87790343,3.87790343,3.87790343,3.87790343,3.87790343,3.87790343,3.87790343,3.87790343,3.77972866,3.77972866,3.77972866,3.77972866,3.77972866,3.87790343,3.77972866,3.87790343,3.87790343,3.87790343,3.87790343,3.87790343,3.9760782,3.87790343,3.9760782,3.9760782,3.9760782,3.9760782,3.9760782,4.07425297,4.07425297,4.07425297,4.07425297,4.07425297,4.07425297,4.07425297,4.07425297,4.07425297,4.07425297,4.07425297,4.07425297,4.07425297,3.9760782,4.07425297,3.9760782,3.9760782,3.9760782,3.9760782,4.07425297,4.07425297,4.07425297,4.07425297,4.07425297,4.17242774,4.17242774,4.27060251,4.36877728,4.36877728,4.46695205,4.56512682,4.6633016,4.6633016,4.76147637,4.85965114,4.85965114,4.95782591,4.95782591,4.95782591,5.05600068,5.05600068,5.15417545,5.15417545,5.15417545,5.15417545,5.15417545,5.15417545,5.15417545,5.15417545,5.15417545,5.15417545
147.729764938,C01,AP01,client_to_ap,VHT,2,2,2,80,SU,1,4,122,6637c97e16e6ce8a,6,-68.0,1.03083509,1.03083509,1.03083509,1.12900986,1.03083509,1.03083509,1.12900986,1.12900986,1.12900986,1.12900986,1.12900986,1.12900986,1.12900986,1.12900986,1.12900986,1.12900986,1.12900986,1.12900986,1.12900986,1.12900986,1.12900986,1.12900986,1.12900986,1.12900986,1.12900986,1.12900986,1.12900986,1.12900986,1.12900986,1.12900986,1.12900986,1.12900986,1.12900986,1.12900986,1.12900986,1.12900986,1.12900986,1.12900986,1.12900986,1.12900986,1.12900986,1.12900986,1.12900986,1.12900986,1.12900986,1.12900986,1.12900986,1.12900986,1.03083509,1.03083509,1.03083509,1.03083509,1.03083509,1.03083509,1.03083509,1.03083509,1.03083509,1.03083509,1.03083509,1.03083509,1.03083509,1.03083509,1.03083509,1.03083509,1.03083509,0.932660319,0.932660319,0.932660319,0.932660319,0.932660319,0.932660319,0.932660319,0.932660319,0.932660319,0.932660319,0.932660319,0.932660319,0.932660319,0.932660319,1.03083509,0.932660319,0.932660319,0.932660319,0.932660319,0.932660319,0.932660319,0.932660319,0.932660319,0.834485549,0.834485549,0.932660319,0.834485549,0.834485549,0.834485549,0.834485549,0.736310778,0.736310778,0.736310778,0.736310778,0.736310778,0.736310778,0.736310778,0.736310778,0.736310778,0.736310778,0.736310778,0.736310778,0.736310778,0.834485549,0.834485549,0.834485549,0.834485549,0.834485549,0.932660319,0.932660319,0.932660319,0.932660319,0.932660319,1.03083509,1.03083509,1.03083509,1.03083509,3.9760782,3.9760782,3.9760782,4.07425297,4.07425297,4.07425297,4.07425297,4.07425297,4.17242774,4.07425297,4.07425297,4.07425297,4.07425297,4.07425297,4.17242774,4.17242774,4.07425297,4.07425297,4.07425297,4.07425297,4.07425297,4.07425297,4.07425297,4.07425297,4.07425297,4.07425297,4.07425297,4.07425297,4.07425297,4.07425297,4.07425297,3.9760782,3.9760782,4.07425297,3.9760782,3.9760782,3.9760782,3.9760782,3.9760782,3.9760782,3.9760782,3.9760782,3.9760782,3.9760782,3.9760782,3.9760782,3.87790343,3.87790343,3.87790343,3.87790343,3.87790343,3.87790343,3.87790343,3.87790343,3.87790343,3.87790343,3.87790343,3.87790343,3.87790343,3.87790343,3.87790343,3.9760782,3.9760782,3.9760782,3.9760782,3.9760782,3.9760782,4.07425297,4.07425297,4.07425297,4.07425297,4.07425297,4.17242774,4.07425297,4.17242774,4.17242774,4.17242774,4.17242774,4.17242774,4.17242774,4.17242774,4.17242774,4.17242774,4.17242774,4.17242774,4.17242774,4.17242774,4.17242774,4.17242774,4.17242774,4.17242774,4.17242774,4.17242774,4.17242774,4.17242774,4.27060251,4.27060251,4.36877728,4.46695205,4.46695205,4.56512682,4.6633016,4.6633016,4.76147637,4.76147637,4.85965114,4.85965114,4.95782591,4.95782591,4.95782591,5.05600068,5.05600068,5.05600068,5.05600068,5.05600068,5.15417545,5.15417545,5.15417545,5.15417545,5.15417545,5.15417545,5.15417545
149.061609983,C01,AP01,client_to_ap,VHT,2,2,2,80,SU,1,4,122,6637c97e16e6ce8a,6,-68.0,1.03083509,1.03083509,1.03083509,1.03083509,1.03083509,1.12900986,1.12900986,1.12900986,1.12900986,1.12900986,1.03083509,1.12900986,1.12900986,1.12900986,1.12900986,1.12900986,1.12900986,1.12900986,1.12900986,1.12900986,1.12900986,1.12900986,1.12900986,1.12900986,1.12900986,1.12900986,1.12900986,1.12900986,1.12900986,1.12900986,1.12900986,1.12900986,1.12900986,1.12900986,1.12900986,1.12900986,1.12900986,1.12900986,1.12900986,1.12900986,1.12900986,1.12900986,1.12900986,1.12900986,1.12900986,1.12900986,1.12900986,1.03083509,1.12900986,1.03083509,1.03083509,1.03083509,1.03083509,1.03083509,1.03083509,1.03083509,1.03083509,1.03083509,1.03083509,1.03083509,1.03083509,1.03083509,1.03083509,1.03083509,1.03083509,1.03083509,1.03083509,0.932660319,0.932660319,0.932660319,1.03083509,0.932660319,1.03083509,1.03083509,0.932660319,0.932660319,0.932660319,1.03083509,1.03083509,1.03083509,0.932660319,0.932660319,0.932660319,0.932660319,0.932660319,0.932660319,0.932660319,0.932660319,0.932660319,0.932660319,0.932660319,0.834485549,0.834485549,0.834485549,0.834485549,0.736310778,0.736310778,0.736310778,0.736310778,0.736310778,0.736310778,0.736310778,0.736310778,0.736310778,0.736310778,0.736310778,0.736310778,0.736310778,0.834485549,0.834485549,0.834485549,0.834485549,0.834485549,0.932660319,0.932660319,0.932660319,0.932660319,0.932660319,1.03083509,1.03083509,1.03083509,1.03083509,3.9760782,3.9760782,4.07425297,4.07425297,4.07425297,4.07425297,4.07425297,4.07425297,4.07425297,4.07425297,4.07425297,4.07425297,4.07425297,4.07425297,4.17242774,4.07425297,4.07425297,4.07425297,4.07425297,4.07425297,4.07425297,4.07425297,4.07425297,4.07425297,4.07425297,4.07425297,4.07425297,4.07425297,4.07425297,4.07425297,4.07425297,4.07425297,3.9760782,4.07425297,3.9760782,3.9760782,3.9760782,3.9760782,3.9760782,3.9760782,3.9760782,3.9760782,3.9760782,3.9760782,3.9760782,3.87790343,3.87790343,3.87790343,3.87790343,3.87790343,3.87790343,3.87790343,3.87790343,3.87790343,3.87790343,3.87790343,3.87790343,3.87790343,3.87790343,3.87790343,3.87790343,3.87790343,3.9760782,3.9760782,3.9760782,3.9760782,3.9760782,4.07425297,4.07425297,4.07425297,4.07425297,4.07425297,4.07425297,4.07425297,4.17242774,4.17242774,4.17242774,4.17242774,4.17242774,4.17242774,4.17242774,4.17242774,4.07425297,4.17242774,4.07425297,4.17242774,4.17242774,4.17242774,4.07425297,4.07425297,4.17242774,4.17242774,4.17242774,4.17242774,4.17242774,4.27060251,4.27060251,4.27060251,4.36877728,4.46695205,4.46695205,4.56512682,4.6633016,4.76147637,4.76147637,4.85965114,4.85965114,4.85965114,4.95782591,4.95782591,4.95782591,5.05600068,5.05600068,5.05600068,5.05600068,5.05600068,5.05600068,5.05600068,5.15417545,5.05600068,5.05600068,5.05600068
150.393257856,C01,AP01,client_to_ap,VHT,2,2,2,80,SU,1,4,122,6637c97e16e6ce8a,6,-68.0,1.03083509,1.03083509,1.03083509,1.03083509,1.12900986,1.03083509,1.12900986,1.12900986,1.12900986,1.12900986,1.12900986,1.12900986,1.12900986,1.12900986,1.03083509,1.12900986,1.12900986,1.12900986,1.12900986,1.12900986,1.12900986,1.03083509,1.03083509,1.12900986,1.12900986,1.12900986,1.12900986,1.12900986,1.12900986,1.12900986,1.12900986,1.03083509,1.03083509,1.03083509,1.12900986,1.03083509,1.03083509,1.03083509,1.03083509,1.03083509,1.03083509,1.03083509,1.03083509,1.03083509,1.03083509,1.03083509,1.03083509,1.03083509,1.03083509,1.03083509,1.03083509,1.03083509,1.03083509,1.03083509,1.03083509,1.03083509,1.03083509,1.03083509,1.03083509,1.03083509,1.03083509,1.03083509,1.03083509,1.03083509,1.03083509,1.03083509,1.03083509,0.932660319,0.932660319,0.932660319,1.03083509,0.932660319,0.932660319,0.932660319,0.932660319,0.932660319,0.932660319,0.932660319,0.932660319,0.932660319,0.932660319,0.932660319,0.932660319,0.932660319,0.932660319,0.932660319,0.834485549,0.834485549,0.834485549,0.834485549,0.834485549,0.834485549,0.834485549,0.834485549,0.736310778,0.736310778,0.736310778,0.736310778,0.736310778,0.736310778,0.736310778,0.736310778,0.736310778,0.736310778,0.736310778,0.736310778,0.834485549,0.834485549,0.834485549,0.834485549,0.834485549,0.834485549,0.834485549,0.932660319,0.932660319,0.932660319,0.932660319,0.932660319,0.932660319,0.932660319,0.932660319,0.932660319,3.9760782,3.9760782,3.9760782,3.9760782,4.07425297,3.9760782,3.9760782,3.9760782,4.07425297,4.07425297,3.9760782,3.9760782,3.9760782,3.9760782,3.9760782,3.9760782,3.9760782,3.9760782,3.9760782,3.9760782,3.9760782,3.9760782,3.9760782,3.9760782,3.9760782,3.9760782,3.9760782,3.9760782,3.9760782,3.9760782,3.9760782,3.9760782,3.9760782,3.9760782,3.9760782,3.9760782,3.9760782,3.9760782,3.9760782,3.9760782,3.9760782,3.9760782,3.9760782,3.9760782,3.9760782,3.9760782,3.9760782,3.9760782,3.9760782,3.9760782,3.9760782,3.9760782,3.9760782,3.9760782,3.9760782,3.9760782,3.9760782,3.9760782,3.9760782,3.9760782,3.9760782,3.9760782,3.9760782,3.9760782,3.9760782,3.9760782,4.07425297,4.07425297,4.07425297,4.07425297,4.07425297,4.07425297,4.07425297,4.07425297,4.17242774,4.07425297,4.17242774,4.07425297,4.07425297,4.17242774,4.17242774,4.07425297,4.07425297,4.17242774,4.17242774,4.17242774,4.17242774,4.17242774,4.17242774,4.27060251,4.27060251,4.27060251,4.27060251,4.27060251,4.36877728,4.36877728,4.46695205,4.46695205,4.56512682,4.56512682,4.56512682,4.6633016,4.76147637,4.85965114,4.85965114,4.85965114,4.85965114,4.85965114,4.95782591,4.95782591,4.95782591,5.05600068,5.05600068,5.05600068,5.05600068,5.05600068,5.05600068,5.05600068,5.05600068,5.05600068,5.05600068,5.15417545
151.729285955,C01,AP01,client_to_ap,VHT,2,2,2,80,SU,1,4,122,6637c97e16e6ce8a,6,-68.0,1.03083509,1.03083509,1.03083509,1.03083509,1.03083509,1.03083509,1.03083509,1.03083509,1.03083509,1.03083509,1.03083509,1.03083509,1.03083509,1.03083509,1.03083509,1.12900986,1.12900986,1.12900986,1.12900986,1.12900986,1.12900986,1.12900986,1.12900986,1.12900986,1.12900986,1.12900986,1.12900986,1.12900986,1.12900986,1.12900986,1.12900986,1.12900986,1.12900986,1.12900986,1.12900986,1.12900986,1.12900986,1.12900986,1.12900986,1.12900986,1.12900986,1.12900986,1.12900986,1.12900986,1.12900986,1.12900986,1.12900986,1.12900986,1.12900986,1.12900986,1.12900986,1.12900986,1.12900986,1.12900986,1.12900986,1.12900986,1.12900986,1.12900986,1.12900986,1.12900986,1.12900986,1.12900986,1.12900986,1.03083509,1.03083509,1.12900986,1.12900986,1.03083509,1.12900986,1.12900986,1.12900986,1.12900986,1.12900986,1.12900986,1.12900986,1.03083509,1.03083509,1.03083509,1.03083509,1.03083509,1.03083509,1.03083509,1.03083509,1.03083509,1.03083509,0.932660319,0.932660319,0.932660319,0.932660319,0.932660319,0.834485549,0.834485549,0.834485549,0.834485549,0.736310778,0.736310778,0.736310778,0.736310778,0.736310778,0.736310778,0.736310778,0.736310778,0.736310778,0.736310778,0.736310778,0.736310778,0.834485549,0.834485549,0.834485549,0.834485549,0.834485549,0.834485549,0.932660319,0.932660319,0.932660319,0.932660319,0.932660319,0.932660319,1.03083509,1.03083509,1.03083509,1.03083509,3.87790343,3.87790343,3.9760782,3.9760782,3.9760782,3.9760782,3.9760782,4.07425297,4.07425297,4.07425297,4.07425297,4.07425297,4.07425297,4.17242774,4.07425297,4.07425297,4.07425297,4.07425297,4.07425297,4.07425297,4.07425297,4.07425297,4.07425297,4.07425297,4.07425297,4.07425297,4.07425297,4.07425297,4.07425297,4.07425297,4.07425297,4.07425297,4.07425297,4.07425297,4.07425297,4.07425297,3.9760782,4.07425297,3.9760782,3.9760782,3.9760782,3.9760782,3.9760782,3.9760782,3.9760782,3.9760782,3.9760782,3.9760782,3.9760782,3.9760782,3.9760782,3.9760782,3.9760782,3.9760782,3.9760782,3.9760782,3.9760782,3.9760782,3.9760782,3.9760782,3.9760782,3.9760782,3.9760782,3.9760782,3.9760782,3.9760782,3.9760782,3.9760782,3.9760782,3.9760782,3.9760782,3.9760782,3.9760782,3.9760782,3.9760782,3.9760782,3.9760782,3.87790343,3.87790343,3.87790343,3.87790343,3.87790343,3.87790343,3.87790343,3.87790343,3.87790343,3.77972866,3.87790343,3.77972866,3.87790343,3.87790343,3.87790343,3.87790343,3.9760782,3.9760782,4.07425297,4.17242774,4.17242774,4.27060251,4.36877728,4.46695205,4.46695205,4.56512682,4.56512682,4.6633016,4.6633016,4.76147637,4.76147637,4.76147637,4.76147637,4.85965114,4.85965114,4.85965114,4.85965114,4.85965114,4.85965114,4.85965114,4.85965114,4.85965114,4.85965114,4.85965114,4.85965114
153.069815874,C01,AP01,client_to_ap,VHT,2,2,2,80,SU,1,4,122,6637c97e16e6ce8a,6,-68.0,1.12900986,1.12900986,1.12900986,1.12900986,1.12900986,1.12900986,1.12900986,1.12900986,1.12900986,1.12900986,1.12900986,1.12900986,1.12900986,1.12900986,1.12900986,1.22718463,1.22718463,1.22718463,1.22718463,1.22718463,1.22718463,1.22718463,1.22718463,1.22718463,1.22718463,1.22718463,1.22718463,1.22718463,1.22718463,1.22718463,1.22718463,1.22718463,1.22718463,1.22718463,1.12900986,1.22718463,1.12900986,1.12900986,1.12900986,1.12900986,1.12900986,1.12900986,1.12900986,1.12900986,1.12900986,1.12900986,1.12900986,1.12900986,1.12900986,1.12900986,1.12900986,1.12900986,1.12900986,1.12900986,1.12900986,1.12900986,1.12900986,1.12900986,1.12900986,1.12900986,1.12900986,1.12900986,1.12900986,1.12900986,1.12900986,1.12900986,1.12900986,1.12900986,1.12900986,1.12900986,1.12900986,1.12900986,1.12900986,1.12900986,1.12900986,1.12900986,1.12900986,1.12900986,1.12900986,1.12900986,1.12900986,1.12900986,1.12900986,1.12900986,1.12900986,1.12900986,1.12900986,1.03083509,1.03083509,1.12900986,1.03083509,1.03083509,1.03083509,1.03083509,1.03083509,0.932660319,1.03083509,0.932660319,0.932660319,1.03083509,1.03083509,1.03083509,1.03083509,1.03083509,1.03083509,1.03083509,1.03083509,1.03083509,1.03083509,1.03083509,1.03083509,1.03083509,1.03083509,1.03083509,1.03083509,1.12900986,1.03083509,1.03083509,1.12900986,1.12900986,1.12900986,1.12900986,3.68155389,3.77972866,3.77972866,3.87790343,3.77972866,3.77972866,3.77972866,3.77972866,3.77972866,3.77972866,3.77972866,3.77972866,3.77972866,3.77972866,3.68155389,3.68155389,3.68155389,3.58337912,3.68155389,3.58337912,3.58337912,3.58337912,3.58337912,3.58337912,3.58337912,3.58337912,3.58337912,3.58337912,3.58337912,3.58337912,3.58337912,3.58337912,3.58337912,3.58337912,3.58337912,3.58337912,3.58337912,3.58337912,3.58337912,3.58337912,3.58337912,3.48520435,3.58337912,3.58337912,3.48520435,3.48520435,3.48520435,3.58337912,3.58337912,3.48520435,3.48520435,3.58337912,3.58337912,3.58337912,3.58337912,3.58337912,3.58337912,3.58337912,3.58337912,3.68155389,3.68155389,3.68155389,3.68155389,3.68155389,3.77972866,3.77972866,3.77972866,3.77972866,3.87790343,3.87790343,3.87790343,3.87790343,3.87790343,3.9760782,3.87790343,3.87790343,3.87790343,3.87790343,3.87790343,3.87790343,3.77972866,3.77972866,3.77972866,3.77972866,3.77972866,3.68155389,3.68155389,3.68155389,3.68155389,3.68155389,3.68155389,3.68155389,3.68155389,3.77972866,3.77972866,3.77972866,3.87790343,4.07425297,4.17242774,4.17242774,4.17242774,4.27060251,4.46695205,4.46695205,4.56512682,4.56512682,4.56512682,4.6633016,4.6633016,4.6633016,4.76147637,4.76147637,4.85965114,4.85965114,4.85965114,4.85965114,4.95782591,4.95782591,4.95782591,4.95782591,4.95782591,5.05600068
154.395128965,C01,AP01,client_to_ap,VHT,2,2,2,80,SU,1,4,122,6637c97e16e6ce8a,6,-68.0,0.834485549,0.834485549,0.834485549,0.834485549,0.834485549,0.834485549,0.834485549,0.834485549,0.932660319,0.834485549,0.834485549,0.834485549,0.932660319,0.834485549,0.834485549,0.932660319,0.932660319,0.932660319,0.932660319,0.932660319,0.932660319,0.932660319,0.932660319,0.932660319,0.932660319,0.932660319,0.932660319,0.932660319,0.932660319,0.932660319,0.932660319,0.932660319,0.932660319,0.932660319,0.932660319,0.932660319,0.932660319,0.932660319,0.932660319,0.932660319,0.932660319,0.932660319,0.932660319,0.932660319,0.932660319,0.932660319,0.932660319,0.932660319,0.932660319,0.834485549,0.834485549,0.932660319,0.932660319,0.834485549,0.834485549,0.834485549,0.834485549,0.834485549,0.834485549,0.834485549,0.834485549,0.834485549,0.834485549,0.834485549,0.736310778,0.736310778,0.736310778,0.736310778,0.736310778,0.736310778,0.736310778,0.736310778,0.638136008,0.638136008,0.638136008,0.638136008,0.638136008,0.638136008,0.638136008,0.539961237,0.539961237,0.539961237,0.539961237,0.539961237,0.441786467,0.441786467,0.441786467,0.441786467,0.343611696,0.343611696,0.441786467,0.343611696,0.343611696,0.441786467,0.441786467,0.441786467,0.539961237,0.539961237,0.539961237,0.539961237,0.638136008,0.638136008,0.736310778,0.736310778,0.736310778,0.736310778,0.834485549,0.834485549,0.834485549,0.834485549,0.932660319,0.932660319,0.932660319,0.932660319,0.932660319,0.932660319,0.932660319,1.03083509,1.03083509,1.03083509,1.03083509,1.03083509,4.17242774,4.27060251,4.27060251,4.27060251,4.27060251,4.27060251,4.27060251,4.36877728,4.36877728,4.36877728,4.36877728,4.36877728,4.36877728,4.36877728,4.36877728,4.36877728,4.36877728,4.36877728,4.36877728,4.36877728,4.36877728,4.36877728,4.36877728,4.36877728,4.46695205,4.36877728,4.46695205,4.36877728,4.36877728,4.36877728,4.46695205,4.36877728,4.46695205,4.46695205,4.36877728,4.46695205,4.36877728,4.36877728,4.46695205,4.36877728,4.36877728,4.36877728,4.36877728,4.36877728,4.36877728,4.36877728,4.36877728,4.36877728,4.36877728,4.36877728,4.36877728,4.36877728,4.36877728,4.36877728,4.36877728,4.36877728,4.36877728,4.36877728,4.27060251,4.36877728,4.36877728,4.36877728,4.36877728,4.36877728,4.36877728,4.27060251,4.36877728,4.36877728,4.36877728,4.36877728,4.36877728,4.36877728,4.36877728,4.36877728,4.36877728,4.36877728,4.36877728,4.36877728,4.36877728,4.46695205,4.46695205,4.46695205,4.56512682,4.56512682,4.6633016,4.6633016,4.6633016,4.76147637,4.85965114,5.05600068,5.15417545,5.25235022,5.35052499,5.54687453,5.6450493,5.6450493,5.6450493,5.74322407,5.84139884,5.84139884,5.84139884,5.84139884,5.84139884,5.93957361,5.84139884,5.84139884,5.84139884,5.84139884,5.84139884,5.84139884,5.84139884,5.84139884,5.84139884,5.84139884,5.74322407,5.74322407,5.74322407,5.74322407,5.74322407,5.74322407,5.74322407,5.74322407
155.061228991,C01,AP01,client_to_ap,VHT,2,2,2,80,SU,1,4,122,6637c97e16e6ce8a,6,-68.0,0.736310778,0.736310778,0.736310778,0.736310778,0.736310778,0.736310778,0.834485549,0.834485549,0.834485549,0.834485549,0.834485549,0.834485549,0.834485549,0.834485549,0.834485549,0.834485549,0.834485549,0.834485549,0.834485549,0.834485549,0.834485549,0.834485549,0.834485549,0.834485549,0.834485549,0.834485549,0.932660319,0.834485549,0.932660319,0.932660319,0.834485549,0.932660319,0.932660319,0.932660319,0.932660319,0.932660319,0.932660319,0.932660319,0.932660319,0.932660319,0.932660319,0.932660319,0.932660319,0.932660319,0.932660319,0.932660319,0.932660319,0.932660319,0.932660319,0.932660319,0.932660319,0.932660319,0.932660319,0.932660319,0.932660319,0.932660319,0.932660319,0.932660319,0.932660319,0.932660319,0.932660319,0.932660319,0.932660319,1.03083509,0.932660319,1.03083509,1.03083509,1.03083509,1.03083509,1.03083509,1.03083509,1.03083509,1.03083509,1.03083509,1.03083509,1.03083509,1.03083509,1.03083509,1.03083509,1.03083509,1.03083509,1.03083509,1.03083509,1.03083509,1.03083509,0.932660319,0.932660319,0.932660319,0.932660319,0.932660319,0.932660319,0.834485549,0.834485549,0.834485549,0.834485549,0.736310778,0.736310778,0.736310778,0.736310778,0.638136008,0.638136008,0.638136008,0.638136008,0.539961237,0.539961237,0.539961237,0.539961237,0.539961237,0.539961237,0.539961237,0.539961237,0.539961237,0.539961237,0.638136008,0.638136008,0.638136008,0.638136008,0.638136008,0.736310778,0.736310778,0.736310778,0.736310778,3.19068004,3.19068004,3.19068004,3.28885481,3.28885481,3.28885481,3.28885481,3.28885481,3.28885481,3.28885481,3.28885481,3.28885481,3.28885481,3.28885481,3.28885481,3.28885481,3.28885481,3.28885481,3.38702958,3.38702958,3.38702958,3.38702958,3.38702958,3.48520435,3.48520435,3.48520435,3.48520435,3.48520435,3.48520435,3.48520435,3.48520435,3.48520435,3.48520435,3.58337912,3.48520435,3.48520435,3.48520435,3.48520435,3.48520435,3.48520435,3.48520435,3.48520435,3.48520435,3.48520435,3.48520435,3.48520435,3.38702958,3.48520435,3.38702958,3.38702958,3.38702958,3.38702958,3.38702958,3.38702958,3.38702958,3.38702958,3.38702958,3.38702958,3.38702958,3.38702958,3.38702958,3.38702958,3.38702958,3.38702958,3.38702958,3.38702958,3.38702958,3.38702958,3.38702958,3.38702958,3.38702958,3.38702958,3.38702958,3.38702958,3.38702958,3.38702958,3.38702958,3.28885481,3.28885481,3.28885481,3.19068004,3.19068004,3.19068004,3.19068004,3.19068004,3.09250527,3.09250527,3.09250527,3.09250527,3.09250527,2.9943305,2.9943305,2.9943305,3.09250527,3.09250527,3.09250527,3.09250527,3.09250527,3.19068004,3.19068004,3.28885481,3.28885481,3.38702958,3.48520435,3.48520435,3.58337912,3.68155389,3.77972866,3.9760782,3.9760782,4.07425297,4.17242774,4.27060251,4.36877728,4.36877728,4.36877728,4.46695205,4.56512682,4.56512682,4.56512682,4.56512682,4.6633016
155.729560852,C01,AP01,client_to_ap,VHT,2,2,2,80,SU,1,4,122,6637c97e16e6ce8a,6,-68.0,0.932660319,0.932660319,0.932660319,0.932660319,0.932660319,0.932660319,0.932660319,0.932660319,1.03083509,1.03083509,1.03083509,1.03083509,1.03083509,1.03083509,1.03083509,1.03083509,1.03083509,1.03083509,1.03083509,1.03083509,1.03083509,1.03083509,1.03083509,1.03083509,1.03083509,1.03083509,1.03083509,1.03083509,1.03083509,1.03083509,1.03083509,1.03083509,1.03083509,1.03083509,1.03083509,1.03083509,1.03083509,1.03083509,1.03083509,1.03083509,1.03083509,1.03083509,1.03083509,1.03083509,1.03083509,1.03083509,1.03083509,1.03083509,1.03083509,1.03083509,1.03083509,1.03083509,1.03083509,1.03083509,1.03083509,1.03083509,1.03083509,0.932660319,0.932660319,0.932660319,0.932660319,0.932660319,0.932660319,0.932660319,0.932660319,0.932660319,0.932660319,0.932660319,0.932660319,0.932660319,0.932660319,0.932660319,0.932660319,0.932660319,0.932660319,0.932660319,0.932660319,0.932660319,0.932660319,0.932660319,0.932660319,0.834485549,0.834485549,0.834485549,0.834485549,0.834485549,0.736310778,0.736310778,0.736310778,0.736310778,0.736310778,0.736310778,0.638136008,0.638136008,0.638136008,0.638136008,0.638136008,0.638136008,0.638136008,0.638136008,0.638136008,0.736310778,0.736310778,0.736310778,0.736310778,0.736310778,0.736310778,0.834485549,0.834485549,0.834485549,0.834485549,0.834485549,0.834485549,0.834485549,0.932660319,0.932660319,0.932660319,0.932660319,0.932660319,0.932660319,0.932660319,0.932660319,3.68155389,3.77972866,3.77972866,3.77972866,3.87790343,3.77972866,3.87790343,3.87790343,3.87790343,3.87790343,3.87790343,3.87790343,3.87790343,3.87790343,3.87790343,3.87790343,3.87790343,3.9760782,3.87790343,3.9760782,3.9760782,3.9760782,3.9760782,3.9760782,3.9760782,3.9760782,3.9760782,3.9760782,4.07425297,4.07425297,4.07425297,4.07425297,4.07425297,4.07425297,4.07425297,4.07425297,4.07425297,4.07425297,4.07425297,4.07425297,4.07425297,3.9760782,3.9760782,4.07425297,3.9760782,3.9760782,3.9760782,3.9760782,3.9760782,3.9760782,3.9760782,3.9760782,3.9760782,3.87790343,3.87790343,3.87790343,3.87790343,3.87790343,3.87790343,3.87790343,3.87790343,3.87790343,3.9760782,3.9760782,3.9760782,3.9760782,3.9760782,3.9760782,3.9760782,3.9760782,3.9760782,3.9760782,3.9760782,3.9760782,3.9760782,3.9760782,3.9760782,3.9760782,3.9760782,3.9760782,3.9760782,3.9760782,3.9760782,3.9760782,3.9760782,3.9760782,3.9760782,3.9760782,3.9760782,4.07425297,3.9760782,4.07425297,4.07425297,4.17242774,4.17242774,4.27060251,4.27060251,4.36877728,4.36877728,4.56512682,4.56512682,4.6633016,4.6633016,4.76147637,4.76147637,4.85965114,4.85965114,4.85965114,4.95782591,4.95782591,4.95782591,4.95782591,4.95782591,4.95782591,4.95782591,4.95782591,4.95782591,4.95782591,4.95782591,5.05600068,5.05600068,4.95782591
156.394350052,C01,AP01,client_to_ap,VHT,2,2,2,80,SU,1,4,122,6637c97e16e6ce8a,6,-68.0,1.03083509,1.03083509,1.03083509,1.03083509,1.03083509,1.03083509,1.03083509,1.12900986,1.12900986,1.03083509,1.03083509,1.12900986,1.12900986,1.03083509,1.03083509,1.12900986,1.12900986,1.12900986,1.03083509,1.03083509,1.12900986,1.03083509,1.03083509,1.12900986,1.12900986,1.12900986,1.12900986,1.12900986,1.12900986,1.12900986,1.12900986,1.12900986,1.12900986,1.03083509,1.03083509,1.03083509,1.03083509,1.03083509,1.03083509,1.03083509,1.03083509,1.03083509,1.03083509,1.03083509,1.03083509,1.03083509,1.03083509,1.03083509,1.03083509,1.03083509,1.03083509,1.03083509,1.03083509,1.03083509,1.03083509,1.03083509,1.03083509,1.03083509,1.03083509,1.03083509,1.03083509,1.03083509,1.03083509,1.03083509,1.03083509,1.03083509,1.03083509,1.03083509,1.03083509,1.03083509,1.03083509,1.03083509,1.03083509,1.03083509,1.03083509,1.03083509,1.03083509,1.03083509,1.03083509,1.03083509,1.03083509,0.932660319,0.932660319,0.932660319,0.932660319,0.932660319,0.932660319,0.834485549,0.834485549,0.834485549,0.834485549,0.736310778,0.736310778,0.736310778,0.736310778,0.736310778,0.638136008,0.638136008,0.638136008,0.638136008,0.638136008,0.638136008,0.638136008,0.638136008,0.638136008,0.638136008,0.736310778,0.736310778,0.736310778,0.736310778,0.736310778,0.736310778,0.736310778,0.736310778,0.834485549,0.834485549,0.834485549,0.834485549,0.834485549,0.834485549,0.932660319,0.932660319,3.58337912,3.58337912,3.58337912,3.58337912,3.68155389,3.68155389,3.58337912,3.68155389,3.68155389,3.68155389,3.68155389,3.68155389,3.68155389,3.68155389,3.68155389,3.68155389,3.68155389,3.68155389,3.77972866,3.68155389,3.77972866,3.77972866,3.77972866,3.77972866,3.77972866,3.77972866,3.77972866,3.77972866,3.77972866,3.77972866,3.77972866,3.77972866,3.77972866,3.77972866,3.77972866,3.77972866,3.77972866,3.77972866,3.77972866,3.77972866,3.77972866,3.77972866,3.77972866,3.77972866,3.77972866,3.77972866,3.77972866,3.77972866,3.77972866,3.68155389,3.68155389,3.68155389,3.68155389,3.77972866,3.68155389,3.68155389,3.68155389,3.77972866,3.68155389,3.68155389,3.77972866,3.77972866,3.77972866,3.77972866,3.77972866,3.77972866,3.77972866,3.77972866,3.77972866,3.77972866,3.77972866,3.87790343,3.87790343,3.87790343,3.87790343,3.87790343,3.87790343,3.77972866,3.87790343,3.87790343,3.77972866,3.77972866,3.77972866,3.77972866,3.77972866,3.77972866,3.77972866,3.77972866,3.77972866,3.77972866,3.77972866,3.77972866,3.77972866,3.77972866,3.87790343,3.87790343,3.87790343,4.07425297,4.07425297,4.17242774,4.27060251,4.27060251,4.36877728,4.46695205,4.46695205,4.56512682,4.6633016,4.6633016,4.76147637,4.76147637,4.76147637,4.85965114,4.85965114,4.85965114,4.85965114,4.95782591,4.95782591,4.95782591,4.95782591,4.95782591,4.95782591,4.95782591
157.730072975,C01,AP01,client_to_ap,VHT,2,2,2,80,SU,1,4,122,6637c97e16e6ce8a,6,-68.0,0.932660319,0.932660319,0.932660319,0.932660319,0.932660319,0.932660319,0.932660319,0.932660319,0.932660319,0.932660319,0.932660319,0.932660319,0.932660319,1.03083509,0.932660319,1.03083509,1.03083509,1.03083509,1.03083509,1.03083509,1.03083509,1.03083509,1.03083509,1.03083509,1.03083509,1.03083509,1.03083509,1.03083509,1.03083509,1.03083509,1.03083509,1.03083509,1.03083509,1.03083509,1.03083509,1.03083509,1.03083509,1.03083509,1.03083509,1.03083509,1.03083509,1.03083509,1.03083509,1.03083509,1.03083509,1.03083509,1.03083509,1.03083509,1.03083509,1.03083509,1.03083509,1.03083509,1.03083509,1.03083509,1.03083509,1.03083509,1.03083509,0.932660319,0.932660319,0.932660319,0.932660319,0.932660319,0.932660319,0.932660319,0.932660319,0.932660319,0.932660319,0.932660319,0.932660319,0.932660319,0.932660319,0.932660319,0.932660319,0.932660319,0.932660319,0.932660319,0.932660319,0.932660319,0.932660319,0.932660319,0.932660319,0.834485549,0.834485549,0.834485549,0.834485549,0.834485549,0.834485549,0.834485549,0.736310778,0.736310778,0.736310778,0.736310778,0.638136008,0.638136008,0.638136008,0.638136008,0.638136008,0.638136008,0.638136008,0.638136008,0.638136008,0.638136008,0.638136008,0.638136008,0.638136008,0.736310778,0.736310778,0.736310778,0.736310778,0.736310778,0.834485549,0.834485549,0.834485549,0.834485549,0.834485549,0.834485549,0.834485549,0.834485549,0.932660319,0.932660319,0.932660319,0.932660319,3.9760782,3.87790343,3.9760782,3.9760782,3.9760782,3.9760782,3.9760782,4.07425297,4.07425297,4.07425297,4.07425297,4.07425297,4.17242774,4.07425297,4.17242774,4.17242774,4.17242774,4.17242774,4.17242774,4.17242774,4.17242774,4.17242774,4.17242774,4.17242774,4.17242774,4.17242774,4.07425297,4.17242774,4.17242774,4.17242774,4.17242774,4.07425297,4.07425297,4.07425297,4.07425297,4.07425297,4.07425297,4.07425297,4.07425297,4.07425297,4.07425297,4.07425297,4.07425297,4.07425297,4.07425297,3.9760782,3.9760782,3.9760782,3.9760782,3.9760782,3.9760782,3.9760782,3.9760782,3.9760782,3.9760782,3.9760782,3.9760782,3.9760782,3.9760782,3.9760782,3.9760782,3.9760782,3.9760782,3.9760782,3.9760782,3.9760782,3.9760782,3.9760782,3.9760782,3.9760782,4.07425297,4.07425297,4.07425297,4.07425297,4.07425297,4.07425297,4.07425297,4.07425297,3.9760782,4.07425297,4.07425297,4.07425297,4.07425297,4.07425297,4.07425297,4.07425297,4.07425297,4.07425297,4.07425297,4.17242774,4.17242774,4.17242774,4.17242774,4.17242774,4.27060251,4.27060251,4.36877728,4.46695205,4.46695205,4.46695205,4.56512682,4.56512682,4.6633016,4.76147637,4.76147637,4.85965114,4.85965114,4.95782591,4.95782591,4.95782591,4.95782591,4.95782591,5.05600068,5.05600068,5.05600068,5.05600068,5.05600068,5.15417545,5.05600068,5.15417545,5.15417545,5.05600068
159.062206030,C01,AP01,client_to_ap,VHT,2,2,2,80,SU,1,4,122,6637c97e16e6ce8a,6,-68.0,0.834485549,0.834485549,0.834485549,0.932660319,0.932660319,0.932660319,0.932660319,0.932660319,0.932660319,0.932660319,0.932660319,0.932660319,0.932660319,0.932660319,0.932660319,0.932660319,0.932660319,0.932660319,0.932660319,0.932660319,1.03083509,1.03083509,1.03083509,1.03083509,1.03083509,1.03083509,1.03083509,1.03083509,1.03083509,1.03083509,1.03083509,1.03083509,1.03083509,1.03083509,1.03083509,1.03083509,1.03083509,1.03083509,1.03083509,1.03083509,1.03083509,1.03083509,1.03083509,1.03083509,1.03083509,1.03083509,1.03083509,1.03083509,1.03083509,1.03083509,1.03083509,0.932660319,0.932660319,0.932660319,0.932660319,0.932660319,0.932660319,0.932660319,0.932660319,0.932660319,0.932660319,0.932660319,0.932660319,0.932660319,0.932660319,0.932660319,0.932660319,0.932660319,0.932660319,0.932660319,0.932660319,0.932660319,0.932660319,0.932660319,0.932660319,0.932660319,0.932660319,0.932660319,0.834485549,0.834485549,0.834485549,0.834485549,0.834485549,0.834485549,0.834485549,0.736310778,0.736310778,0.736310778,0.736310778,0.736310778,0.638136008,0.638136008,0.638136008,0.638136008,0.638136008,0.539961237,0.539961237,0.539961237,0.539961237,0.539961237,0.539961237,0.638136008,0.638136008,0.638136008,0.638136008,0.638136008,0.638136008,0.736310778,0.736310778,0.736310778,0.736310778,0.736310778,0.736310778,0.834485549,0.834485549,0.834485549,0.834485549,0.834485549,0.834485549,0.932660319,0.932660319,0.932660319,3.87790343,3.87790343,3.87790343,3.9760782,3.9760782,3.9760782,3.9760782,3.9760782,4.07425297,4.07425297,4.07425297,4.07425297,4.07425297,4.07425297,4.07425297,4.17242774,4.07425297,4.07425297,4.07425297,4.07425297,4.17242774,4.07425297,4.17242774,4.17242774,4.17242774,4.17242774,4.17242774,4.17242774,4.17242774,4.07425297,4.07425297,4.07425297,4.07425297,4.07425297,4.07425297,4.07425297,4.07425297,4.07425297,4.07425297,4.07425297,4.07425297,4.07425297,3.9760782,3.9760782,3.9760782,3.9760782,3.9760782,3.9760782,3.9760782,3.9760782,3.9760782,3.9760782,3.9760782,3.87790343,3.87790343,3.87790343,3.87790343,3.87790343,3.87790343,3.87790343,3.87790343,3.87790343,3.87790343,3.87790343,3.9760782,3.9760782,3.9760782,3.9760782,3.9760782,3.9760782,3.9760782,3.9760782,3.9760782,3.9760782,3.9760782,3.9760782,3.9760782,3.9760782,3.9760782,3.9760782,3.9760782,3.9760782,3.9760782,3.9760782,3.9760782,3.9760782,3.9760782,3.9760782,3.9760782,3.9760782,4.07425297,4.07425297,4.07425297,4.17242774,4.17242774,4.27060251,4.27060251,4.36877728,4.46695205,4.46695205,4.56512682,4.6633016,4.6633016,4.76147637,4.85965114,4.85965114,4.95782591,4.95782591,5.05600068,4.95782591,5.05600068,5.05600068,5.05600068,5.05600068,5.15417545,5.05600068,5.15417545,5.15417545,5.15417545,5.15417545,5.15417545,5.05600068
160.393970013,C01,AP01,client_to_ap,VHT,2,2,2,80,SU,1,4,122,6637c97e16e6ce8a,6,-68.0,0.932660319,0.834485549,0.932660319,0.932660319,0.932660319,0.932660319,0.932660319,0.932660319,0.932660319,0.932660319,0.932660319,0.932660319,0.932660319,0.932660319,0.932660319,0.932660319,0.932660319,0.932660319,0.932660319,0.932660319,1.03083509,1.03083509,1.03083509,1.03083509,1.03083509,1.03083509,1.03083509,1.03083509,1.03083509,1.03083509,1.03083509,1.03083509,1.03083509,1.03083509,1.03083509,1.03083509,1.03083509,1.03083509,1.03083509,1.03083509,1.03083509,1.03083509,1.03083509,1.03083509,1.03083509,1.03083509,1.03083509,1.03083509,1.03083509,0.932660319,0.932660319,0.932660319,0.932660319,0.932660319,0.932660319,0.932660319,0.932660319,0.932660319,0.932660319,0.932660319,0.932660319,0.932660319,0.932660319,0.932660319,0.932660319,0.932660319,0.932660319,0.932660319,0.932660319,0.932660319,0.932660319,0.932660319,0.932660319,0.932660319,0.932660319,0.932660319,0.932660319,0.932660319,0.932660319,0.834485549,0.834485549,0.834485549,0.834485549,0.834485549,0.834485549,0.736310778,0.736310778,0.736310778,0.736310778,0.736310778,0.638136008,0.638136008,0.638136008,0.638136008,0.638136008,0.539961237,0.539961237,0.539961237,0.539961237,0.539961237,0.539961237,0.539961237,0.638136008,0.638136008,0.638136008,0.638136008,0.638136008,0.638136008,0.736310778,0.736310778,0.736310778,0.736310778,0.736310778,0.834485549,0.834485549,0.834485549,0.834485549,0.834485549,0.932660319,0.932660319,0.932660319,0.932660319,3.87790343,3.87790343,3.87790343,3.9760782,3.9760782,3.9760782,3.9760782,3.9760782,4.07425297,4.07425297,4.07425297,4.07425297,4.07425297,4.07425297,4.07425297,4.07425297,4.17242774,4.07425297,4.07425297,4.07425297,4.17242774,4.07425297,4.17242774,4.07425297,4.07425297,4.07425297,4.07425297,4.17242774,4.17242774,4.07425297,4.07425297,4.07425297,4.07425297,4.07425297,4.07425297,4.07425297,4.07425297,4.07425297,4.07425297,4.07425297,3.9760782,3.9760782,3.9760782,3.9760782,3.9760782,3.9760782,3.9760782,3.9760782,3.9760782,3.9760782,3.87790343,3.9760782,3.87790343,3.87790343,3.87790343,3.87790343,3.87790343,3.87790343,3.87790343,3.87790343,3.87790343,3.87790343,3.87790343,3.87790343,3.87790343,3.9760782,3.9760782,3.9760782,3.9760782,3.9760782,3.9760782,3.9760782,3.9760782,3.9760782,3.9760782,3.9760782,3.9760782,3.9760782,3.9760782,3.9760782,3.9760782,3.9760782,3.9760782,3.9760782,3.87790343,3.9760782,3.9760782,3.9760782,3.9760782,3.9760782,3.9760782,3.9760782,4.07425297,4.07425297,4.17242774,4.17242774,4.27060251,4.36877728,4.36877728,4.46695205,4.56512682,4.6633016,4.76147637,4.76147637,4.85965114,4.85965114,4.95782591,4.95782591,4.95782591,5.05600068,5.15417545,5.05600068,5.15417545,5.15417545,5.15417545,5.15417545,5.15417545,5.15417545,5.15417545,5.15417545,5.15417545,5.15417545
161.730249882,C01,AP01,client_to_ap,VHT,2,2,2,80,SU,1,4,122,6637c97e16e6ce8a,6,-68.0,0.834485549,0.834485549,0.834485549,0.932660319,0.932660319,0.932660319,0.932660319,0.932660319,0.932660319,0.932660319,0.932660319,0.932660319,0.932660319,0.932660319,0.932660319,0.932660319,0.932660319,0.932660319,0.932660319,0.932660319,1.03083509,0.932660319,1.03083509,1.03083509,1.03083509,1.03083509,1.03083509,1.03083509,1.03083509,1.03083509,1.03083509,1.03083509,1.03083509,1.03083509,1.03083509,1.03083509,1.03083509,1.03083509,1.03083509,1.03083509,1.03083509,1.03083509,1.03083509,1.03083509,1.03083509,1.03083509,1.03083509,1.03083509,1.03083509,0.932660319,0.932660319,1.03083509,0.932660319,0.932660319,0.932660319,0.932660319,0.932660319,0.932660319,0.932660319,0.932660319,0.932660319,0.932660319,0.932660319,0.932660319,0.932660319,0.932660319,0.932660319,0.932660319,0.932660319,0.932660319,0.932660319,0.932660319,0.932660319,0.932660319,0.932660319,0.932660319,0.932660319,0.932660319,0.932660319,0.834485549,0.834485549,0.834485549,0.834485549,0.834485549,0.834485549,0.736310778,0.736310778,0.736310778,0.736310778,0.638136008,0.638136008,0.638136008,0.638136008,0.638136008,0.638136008,0.539961237,0.539961237,0.539961237,0.539961237,0.539961237,0.539961237,0.539961237,0.638136008,0.638136008,0.638136008,0.638136008,0.638136008,0.736310778,0.736310778,0.736310778,0.736310778,0.736310778,0.736310778,0.834485549,0.834485549,0.834485549,0.834485549,0.834485549,0.932660319,0.932660319,0.932660319,0.932660319,3.87790343,3.87790343,3.87790343,3.9760782,3.9760782,3.9760782,3.9760782,4.07425297,4.07425297,4.07425297,4.07425297,4.07425297,4.07425297,4.07425297,4.07425297,4.17242774,4.07425297,4.07425297,4.17242774,4.17242774,4.17242774,4.17242774,4.17242774,4.17242774,4.17242774,4.07425297,4.17242774,4.17242774,4.17242774,4.07425297,4.17242774,4.07425297,4.07425297,4.17242774,4.07425297,4.07425297,4.07425297,4.07425297,4.07425297,4.07425297,4.07425297,3.9760782,3.9760782,3.9760782,3.9760782,3.9760782,3.9760782,3.9760782,3.9760782,3.9760782,3.87790343,3.9760782,3.9760782,3.9760782,3.87790343,3.87790343,3.87790343,3.87790343,3.87790343,3.9760782,3.87790343,3.87790343,3.9760782,3.87790343,3.9760782,3.9760782,3.9760782,3.9760782,3.9760782,3.9760782,3.9760782,3.9760782,3.9760782,3.9760782,3.9760782,3.9760782,3.9760782,3.9760782,3.9760782,3.9760782,3.9760782,3.9760782,3.9760782,3.9760782,3.9760782,3.9760782,3.9760782,3.9760782,3.9760782,3.9760782,4.07425297,4.07425297,4.07425297,4.17242774,4.17242774,4.17242774,4.36877728,4.36877728,4.46695205,4.46695205,4.56512682,4.6633016,4.76147637,4.76147637,4.85965114,4.95782591,4.95782591,4.95782591,4.95782591,5.05600068,5.05600068,5.05600068,5.15417545,5.05600068,5.15417545,5.15417545,5.15417545,5.15417545,5.15417545,5.15417545,5.15417545,5.15417545
163.062258959,C01,AP01,client_to_ap,VHT,2,2,2,80,SU,1,4,122,6637c97e16e6ce8a,6,-68.0,0.932660319,0.932660319,0.932660319,0.932660319,0.932660319,0.932660319,0.932660319,0.932660319,0.932660319,0.932660319,0.932660319,0.932660319,0.932660319,0.932660319,1.03083509,1.03083509,0.932660319,1.03083509,1.03083509,1.03083509,1.03083509,1.03083509,1.03083509,1.03083509,1.03083509,1.03083509,1.03083509,1.03083509,1.03083509,1.03083509,1.03083509,1.03083509,1.03083509,1.03083509,1.03083509,1.03083509,1.03083509,1.03083509,1.03083509,1.03083509,1.03083509,1.03083509,1.03083509,1.03083509,1.03083509,1.03083509,1.03083509,1.03083509,1.03083509,1.03083509,1.03083509,1.03083509,1.03083509,1.03083509,1.03083509,1.03083509,1.03083509,1.03083509,1.03083509,1.03083509,1.03083509,0.932660319,0.932660319,0.932660319,0.932660319,0.932660319,0.932660319,0.932660319,0.932660319,0.932660319,0.932660319,0.932660319,0.932660319,0.932660319,0.932660319,0.932660319,0.932660319,0.932660319,0.932660319,0.932660319,0.932660319,0.834485549,0.834485549,0.834485549,0.834485549,0.834485549,0.834485549,0.736310778,0.736310778,0.736310778,0.736310778,0.736310778,0.736310778,0.638136008,0.638136008,0.638136008,0.638136008,0.638136008,0.638136008,0.638136008,0.638136008,0.638136008,0.638136008,0.638136008,0.638136008,0.638136008,0.638136008,0.736310778,0.736310778,0.736310778,0.736310778,0.834485549,0.834485549,0.834485549,0.834485549,0.834485549,0.834485549,0.834485549,0.932660319,0.932660319,0.932660319,0.932660319,3.87790343,3.87790343,3.9760782,3.9760782,4.07425297,4.07425297,4.07425297,4.07425297,4.07425297,4.07425297,4.07425297,4.17242774,4.07425297,4.17242774,4.17242774,4.17242774,4.17242774,4.17242774,4.17242774,4.17242774,4.17242774,4.17242774,4.17242774,4.17242774,4.17242774,4.17242774,4.17242774,4.17242774,4.17242774,4.17242774,4.17242774,4.17242774,4.17242774,4.17242774,4.07425297,4.17242774,4.07425297,4.07425297,4.07425297,4.07425297,4.07425297,4.07425297,4.07425297,4.07425297,3.9760782,3.9760782,3.9760782,3.9760782,3.9760782,3.9760782,3.9760782,3.9760782,3.9760782,3.9760782,3.9760782,3.9760782,3.9760782,3.9760782,3.87790343,3.9760782,3.9760782,3.9760782,3.9760782,3.9760782,3.9760782,3.9760782,3.9760782,3.9760782,3.9760782,3.9760782,3.9760782,3.9760782,3.9760782,3.9760782,4.07425297,4.07425297,4.07425297,3.9760782,3.9760782,4.07425297,3.9760782,3.9760782,3.9760782,3.9760782,3.9760782,3.9760782,3.9760782,3.9760782,4.07425297,4.07425297,4.07425297,4.07425297,4.17242774,4.17242774,4.27060251,4.36877728,4.27060251,4.27060251,4.46695205,4.56512682,4.56512682,4.56512682,4.6633016,4.76147637,4.76147637,4.85965114,4.85965114,4.95782591,4.95782591,4.95782591,4.95782591,4.95782591,5.05600068,5.05600068,5.05600068,5.15417545,5.15417545,5.15417545,5.15417545,5.05600068,5.15417545,5.15417545
164.393941879,C01,AP01,client_to_ap,VHT,2,2,2,80,SU,1,4,122,6637c97e16e6ce8a,6,-68.0,0.932660319,0.932660319,0.932660319,0.932660319,0.932660319,0.932660319,0.932660319,0.932660319,0.932660319,0.932660319,0.932660319,0.932660319,1.03083509,0.932660319,0.932660319,0.932660319,1.03083509,1.03083509,0.932660319,1.03083509,1.03083509,1.03083509,1.03083509,1.03083509,1.03083509,1.03083509,1.03083509,1.03083509,1.03083509,1.03083509,1.03083509,1.03083509,1.03083509,1.03083509,1.03083509,1.03083509,1.03083509,1.03083509,1.03083509,1.03083509,1.03083509,1.03083509,1.03083509,1.03083509,1.03083509,1.03083509,1.03083509,1.03083509,1.03083509,1.03083509,1.03083509,1.03083509,1.03083509,1.03083509,1.03083509,1.03083509,0.932660319,0.932660319,0.932660319,1.03083509,0.932660319,0.932660319,0.932660319,0.932660319,0.932660319,0.932660319,0.932660319,0.932660319,0.932660319,0.932660319,0.932660319,0.932660319,0.932660319,0.932660319,0.932660319,0.932660319,0.932660319,0.932660319,0.932660319,0.932660319,0.932660319,0.834485549,0.834485549,0.834485549,0.834485549,0.834485549,0.834485549,0.736310778,0.736310778,0.736310778,0.736310778,0.638136008,0.638136008,0.638136008,0.638136008,0.638136008,0.638136008,0.539961237,0.539961237,0.539961237,0.539961237,0.638136008,0.638136008,0.638136008,0.638136008,0.638136008,0.736310778,0.736310778,0.736310778,0.736310778,0.736310778,0.736310778,0.834485549,0.834485549,0.834485549,0.834485549,0.834485549,0.932660319,0.932660319,0.932660319,0.932660319,0.932660319,3.87790343,3.87790343,3.9760782,3.9760782,3.9760782,3.9760782,3.9760782,3.9760782,3.9760782,4.07425297,4.07425297,4.07425297,4.07425297,4.07425297,4.07425297,4.07425297,4.07425297,4.07425297,4.07425297,4.07425297,4.17242774,4.07425297,4.17242774,4.17242774,4.17242774,4.07425297,4.07425297,4.17242774,4.17242774,4.07425297,4.17242774,4.07425297,4.07425297,4.07425297,4.07425297,4.07425297,4.07425297,4.07425297,4.07425297,4.07425297,4.07425297,3.9760782,3.9760782,3.9760782,3.9760782,3.9760782,3.9760782,3.9760782,3.9760782,3.9760782,3.87790343,3.9760782,3.9760782,3.9760782,3.87790343,3.87790343,3.87790343,3.87790343,3.87790343,3.87790343,3.9760782,3.87790343,3.87790343,3.9760782,3.9760782,3.9760782,3.87790343,3.9760782,3.9760782,3.9760782,3.9760782,3.9760782,3.9760782,3.9760782,3.9760782,3.9760782,3.9760782,3.9760782,3.9760782,3.9760782,3.9760782,3.87790343,3.87790343,3.9760782,3.9760782,3.87790343,3.87790343,3.9760782,3.9760782,3.9760782,3.9760782,3.9760782,4.07425297,4.07425297,4.17242774,4.17242774,4.27060251,4.27060251,4.46695205,4.46695205,4.56512682,4.6633016,4.6633016,4.76147637,4.85965114,4.85965114,4.95782591,4.95782591,4.95782591,5.05600068,5.05600068,5.05600068,5.15417545,5.15417545,5.05600068,5.05600068,5.15417545,5.15417545,5.15417545,5.15417545,5.05600068,5.15417545
165.730069876,C01,AP01,client_to_ap,VHT,2,2,2,80,SU,1,4,122,6637c97e16e6ce8a,6,-68.0,0.932660319,0.932660319,0.932660319,0.932660319,0.932660319,0.932660319,0.932660319,0.932660319,0.932660319,0.932660319,0.932660319,0.932660319,0.932660319,0.932660319,0.932660319,0.932660319,0.932660319,1.03083509,0.932660319,1.03083509,1.03083509,1.03083509,1.03083509,1.03083509,1.03083509,1.03083509,1.03083509,1.03083509,1.03083509,1.03083509,1.03083509,1.03083509,1.03083509,1.03083509,1.03083509,1.03083509,1.03083509,1.03083509,1.03083509,1.03083509,1.03083509,1.03083509,1.03083509,1.03083509,1.03083509,1.03083509,1.03083509,1.03083509,1.03083509,1.03083509,1.03083509,1.03083509,0.932660319,1.03083509,1.03083509,0.932660319,1.03083509,0.932660319,0.932660319,0.932660319,0.932660319,0.932660319,0.932660319,0.932660319,0.932660319,0.932660319,0.932660319,0.932660319,0.932660319,0.932660319,0.932660319,0.932660319,0.932660319,0.932660319,0.932660319,0.932660319,0.932660319,0.932660319,0.932660319,0.932660319,0.932660319,0.834485549,0.834485549,0.834485549,0.834485549,0.834485549,0.834485549,0.736310778,0.736310778,0.736310778,0.638136008,0.736310778,0.638136008,0.638136008,0.638136008,0.638136008,0.638136008,0.638136008,0.638136008,0.539961237,0.638136008,0.638136008,0.638136008,0.638136008,0.638136008,0.736310778,0.736310778,0.736310778,0.736310778,0.736310778,0.736310778,0.736310778,0.834485549,0.834485549,0.834485549,0.834485549,0.834485549,0.932660319,0.834485549,0.932660319,0.932660319,0.932660319,3.87790343,3.9760782,3.9760782,3.9760782,3.9760782,3.9760782,3.9760782,4.07425297,4.07425297,4.07425297,4.07425297,4.07425297,4.07425297,4.07425297,4.17242774,4.17242774,4.17242774,4.17242774,4.17242774,4.17242774,4.17242774,4.17242774,4.17242774,4.17242774,4.17242774,4.17242774,4.17242774,4.17242774,4.17242774,4.17242774,4.17242774,4.17242774,4.17242774,4.17242774,4.17242774,4.17242774,4.17242774,4.07425297,4.07425297,4.07425297,4.07425297,4.07425297,4.07425297,4.07425297,3.9760782,3.9760782,3.9760782,3.9760782,3.9760782,3.9760782,3.9760782,3.9760782,3.9760782,3.9760782,3.9760782,3.9760782,3.9760782,3.9760782,3.87790343,3.9760782,3.9760782,3.9760782,3.9760782,3.9760782,3.9760782,3.9760782,3.9760782,3.9760782,3.9760782,3.9760782,3.9760782,3.9760782,3.9760782,3.9760782,4.07425297,4.07425297,3.9760782,4.07425297,3.9760782,3.9760782,3.9760782,3.9760782,3.9760782,3.9760782,3.9760782,3.9760782,4.07425297,4.07425297,3.9760782,4.07425297,4.07425297,4.07425297,4.17242774,4.17242774,4.27060251,4.27060251,4.27060251,4.36877728,4.36877728,4.56512682,4.56512682,4.6633016,4.76147637,4.76147637,4.85965114,4.85965114,4.95782591,4.95782591,4.95782591,4.95782591,5.05600068,5.05600068,5.05600068,5.15417545,5.15417545,5.15417545,5.15417545,5.15417545,5.15417545,5.15417545,5.15417545,5.15417545
167.062105894,C01,AP01,client_to_ap,VHT,2,2,2,80,SU,1,4,122,6637c97e16e6ce8a,6,-68.0,0.932660319,0.932660319,0.834485549,0.932660319,0.932660319,0.932660319,0.932660319,0.932660319,0.932660319,0.932660319,0.932660319,0.932660319,0.932660319,0.932660319,0.932660319,0.932660319,0.932660319,0.932660319,1.03083509,1.03083509,1.03083509,1.03083509,1.03083509,1.03083509,1.03083509,1.03083509,1.03083509,1.03083509,1.03083509,1.03083509,1.03083509,1.03083509,1.03083509,1.03083509,1.03083509,1.03083509,1.03083509,1.03083509,1.03083509,1.03083509,1.03083509,1.03083509,1.03083509,1.03083509,1.03083509,1.03083509,1.03083509,1.03083509,1.03083509,1.03083509,1.03083509,1.03083509,1.03083509,1.03083509,1.03083509,1.03083509,1.03083509,0.932660319,0.932660319,1.03083509,1.03083509,0.932660319,0.932660319,0.932660319,0.932660319,0.932660319,0.932660319,0.932660319,0.932660319,0.932660319,0.932660319,0.932660319,0.932660319,0.932660319,0.932660319,0.932660319,0.932660319,0.932660319,0.932660319,0.932660319,0.932660319,0.834485549,0.834485549,0.834485549,0.834485549,0.834485549,0.834485549,0.834485549,0.736310778,0.736310778,0.736310778,0.736310778,0.638136008,0.638136008,0.638136008,0.638136008,0.638136008,0.638136008,0.638136008,0.638136008,0.638136008,0.638136008,0.638136008,0.638136008,0.638136008,0.638136008,0.736310778,0.736310778,0.736310778,0.736310778,0.736310778,0.736310778,0.834485549,0.834485549,0.834485549,0.834485549,0.834485549,0.834485549,0.932660319,0.932660319,0.932660319,0.932660319,3.87790343,3.87790343,3.9760782,3.9760782,3.9760782,3.9760782,4.07425297,4.07425297,4.07425297,4.07425297,4.07425297,4.07425297,4.07425297,4.17242774,4.17242774,4.07425297,4.17242774,4.17242774,4.17242774,4.17242774,4.17242774,4.17242774,4.17242774,4.17242774,4.17242774,4.17242774,4.17242774,4.17242774,4.17242774,4.17242774,4.17242774,4.17242774,4.17242774,4.17242774,4.07425297,4.07425297,4.07425297,4.07425297,4.07425297,4.07425297,4.07425297,4.07425297,4.07425297,4.07425297,4.07425297,3.9760782,3.9760782,3.9760782,3.9760782,3.9760782,3.9760782,3.9760782,3.9760782,3.9760782,3.9760782,3.9760782,3.9760782,3.87790343,3.87790343,3.9760782,3.87790343,3.87790343,3.9760782,3.9760782,3.9760782,3.87790343,3.9760782,3.9760782,3.9760782,3.9760782,3.9760782,3.9760782,3.9760782,3.9760782,3.9760782,3.9760782,3.9760782,3.9760782,3.9760782,3.9760782,3.9760782,3.9760782,3.9760782,3.9760782,3.9760782,3.9760782,3.9760782,3.9760782,3.9760782,4.07425297,4.07425297,4.07425297,4.07425297,4.17242774,4.17242774,4.27060251,4.27060251,4.36877728,4.46695205,4.46695205,4.56512682,4.6633016,4.6633016,4.76147637,4.85965114,4.85965114,4.85965114,4.95782591,4.95782591,4.95782591,5.05600068,5.05600068,5.05600068,5.05600068,5.05600068,5.05600068,5.05600068,5.15417545,5.15417545,5.15417545,5.15417545,5.05600068
167.729656935,C01,AP01,client_to_ap,VHT,2,2,2,80,SU,1,4,122,6637c97e16e6ce8a,6,-68.0,0.834485549,0.932660319,0.932660319,0.932660319,0.932660319,0.932660319,0.932660319,0.932660319,0.932660319,0.932660319,0.932660319,0.932660319,0.932660319,0.932660319,0.932660319,0.932660319,0.932660319,0.932660319,0.932660319,0.932660319,1.03083509,1.03083509,1.03083509,1.03083509,1.03083509,1.03083509,1.03083509,1.03083509,1.03083509,1.03083509,1.03083509,1.03083509,1.03083509,1.03083509,1.03083509,1.03083509,1.03083509,1.03083509,1.03083509,1.03083509,1.03083509,1.03083509,1.03083509,1.03083509,1.03083509,1.03083509,1.03083509,1.03083509,1.03083509,1.03083509,1.03083509,1.03083509,1.03083509,1.03083509,1.03083509,1.03083509,1.03083509,0.932660319,0.932660319,0.932660319,0.932660319,1.03083509,0.932660319,0.932660319,0.932660319,0.932660319,0.932660319,0.932660319,0.932660319,0.932660319,0.932660319,0.932660319,0.932660319,0.932660319,0.932660319,0.932660319,0.932660319,0.932660319,0.932660319,0.932660319,0.932660319,0.834485549,0.834485549,0.834485549,0.834485549,0.834485549,0.834485549,0.834485549,0.736310778,0.736310778,0.736310778,0.736310778,0.638136008,0.638136008,0.638136008,0.638136008,0.638136008,0.638136008,0.539961237,0.638136008,0.638136008,0.638136008,0.638136008,0.638136008,0.638136008,0.638136008,0.638136008,0.736310778,0.736310778,0.736310778,0.736310778,0.736310778,0.834485549,0.834485549,0.834485549,0.834485549,0.834485549,0.834485549,0.932660319,0.932660319,0.932660319,0.932660319,3.87790343,3.9760782,3.9760782,3.9760782,3.9760782,3.9760782,4.07425297,4.07425297,4.07425297,4.07425297,4.07425297,4.07425297,4.07425297,4.07425297,4.17242774,4.17242774,4.17242774,4.17242774,4.17242774,4.17242774,4.17242774,4.17242774,4.17242774,4.17242774,4.17242774,4.17242774,4.17242774,4.17242774,4.17242774,4.17242774,4.17242774,4.17242774,4.17242774,4.17242774,4.17242774,4.17242774,4.17242774,4.17242774,4.07425297,4.07425297,4.07425297,4.07425297,4.07425297,4.07425297,3.9760782,3.9760782,3.9760782,3.9760782,3.9760782,3.9760782,3.9760782,3.9760782,3.9760782,3.9760782,3.9760782,3.9760782,3.9760782,3.9760782,3.9760782,3.9760782,3.9760782,3.9760782,3.9760782,3.9760782,3.9760782,3.9760782,3.9760782,3.9760782,3.9760782,3.9760782,3.9760782,3.9760782,3.9760782,3.9760782,3.9760782,3.9760782,3.9760782,3.9760782,4.07425297,3.9760782,3.9760782,3.9760782,3.9760782,3.9760782,3.9760782,3.9760782,3.9760782,3.9760782,3.9760782,4.07425297,4.07425297,4.07425297,4.17242774,4.17242774,4.17242774,4.27060251,4.36877728,4.36877728,4.36877728,4.46695205,4.56512682,4.6633016,4.76147637,4.76147637,4.76147637,4.85965114,4.95782591,4.95782591,4.95782591,4.95782591,5.05600068,5.05600068,5.05600068,5.05600068,5.05600068,5.15417545,5.05600068,5.05600068,5.05600068,5.15417545,5.15417545,5.15417545
169.061866045,C01,AP01,client_to_ap,VHT,2,2,2,80,SU,1,4,122,6637c97e16e6ce8a,6,-68.0,0.932660319,0.932660319,0.932660319,0.932660319,0.932660319,0.932660319,0.932660319,0.932660319,0.932660319,0.932660319,0.932660319,0.932660319,0.932660319,0.932660319,0.932660319,0.932660319,0.932660319,0.932660319,0.932660319,0.932660319,1.03083509,1.03083509,1.03083509,1.03083509,1.03083509,1.03083509,1.03083509,1.03083509,1.03083509,1.03083509,1.03083509,1.03083509,1.03083509,1.03083509,1.03083509,1.03083509,1.03083509,1.03083509,1.03083509,1.03083509,1.03083509,1.03083509,1.03083509,1.03083509,1.03083509,1.03083509,1.03083509,1.03083509,1.03083509,1.03083509,0.932660319,0.932660319,0.932660319,0.932660319,1.03083509,1.03083509,0.932660319,0.932660319,0.932660319,0.932660319,0.932660319,0.932660319,0.932660319,0.932660319,0.932660319,0.932660319,0.932660319,0.932660319,0.932660319,0.932660319,0.932660319,0.932660319,0.932660319,0.932660319,0.932660319,0.932660319,0.932660319,0.932660319,0.932660319,0.932660319,0.834485549,0.834485549,0.834485549,0.834485549,0.834485549,0.834485549,0.736310778,0.736310778,0.736310778,0.736310778,0.736310778,0.638136008,0.638136008,0.638136008,0.638136008,0.638136008,0.638136008,0.638136008,0.638136008,0.638136008,0.638136008,0.638136008,0.638136008,0.638136008,0.638136008,0.638136008,0.638136008,0.736310778,0.736310778,0.736310778,0.736310778,0.736310778,0.834485549,0.834485549,0.834485549,0.834485549,0.834485549,0.932660319,0.932660319,0.932660319,0.932660319,0.932660319,3.87790343,3.9760782,3.9760782,3.9760782,3.9760782,4.07425297,3.9760782,4.07425297,4.07425297,4.07425297,4.07425297,4.07425297,4.07425297,4.17242774,4.07425297,4.07425297,4.17242774,4.17242774,4.17242774,4.17242774,4.17242774,4.17242774,4.17242774,4.17242774,4.17242774,4.17242774,4.17242774,4.17242774,4.17242774,4.17242774,4.17242774,4.17242774,4.07425297,4.17242774,4.17242774,4.17242774,4.17242774,4.07425297,4.07425297,4.07425297,4.07425297,4.07425297,4.07425297,4.07425297,4.07425297,3.9760782,3.9760782,3.9760782,3.9760782,3.9760782,3.9760782,3.9760782,3.9760782,3.9760782,3.9760782,3.9760782,3.9760782,3.9760782,3.9760782,3.9760782,3.9760782,3.9760782,3.9760782,3.9760782,3.9760782,3.9760782,3.9760782,3.9760782,3.9760782,3.9760782,3.9760782,3.9760782,3.9760782,4.07425297,3.9760782,4.07425297,3.9760782,3.9760782,3.9760782,3.9760782,3.9760782,3.9760782,3.9760782,3.9760782,3.9760782,3.9760782,3.9760782,4.07425297,4.07425297,3.9760782,4.07425297,4.07425297,4.17242774,4.17242774,4.17242774,4.27060251,4.27060251,4.36877728,4.46695205,4.56512682,4.6633016,4.6633016,4.6633016,4.76147637,4.85965114,4.85965114,4.95782591,4.95782591,4.95782591,4.95782591,4.95782591,4.95782591,5.05600068,5.05600068,5.15417545,5.05600068,5.15417545,5.15417545,5.15417545,5.15417545,5.05600068,5.15417545
170.393225908,C01,AP01,client_to_ap,VHT,2,2,2,80,SU,1,4,122,6637c97e16e6ce8a,6,-68.0,0.932660319,0.932660319,0.932660319,0.932660319,0.932660319,0.932660319,0.932660319,0.932660319,0.932660319,0.932660319,0.932660319,0.932660319,0.932660319,0.932660319,0.932660319,0.932660319,1.03083509,0.932660319,0.932660319,1.03083509,1.03083509,1.03083509,1.03083509,1.03083509,1.03083509,1.03083509,1.03083509,1.03083509,1.03083509,1.03083509,1.03083509,1.03083509,1.03083509,1.03083509,1.03083509,1.03083509,1.03083509,1.03083509,1.03083509,1.03083509,1.03083509,1.03083509,1.03083509,1.03083509,1.03083509,1.03083509,1.03083509,1.03083509,1.03083509,1.03083509,1.03083509,1.03083509,1.03083509,1.03083509,1.03083509,1.03083509,0.932660319,1.03083509,1.03083509,1.03083509,1.03083509,1.03083509,0.932660319,0.932660319,0.932660319,0.932660319,0.932660319,0.932660319,0.932660319,0.932660319,0.932660319,0.932660319,0.932660319,0.932660319,0.932660319,0.932660319,0.932660319,0.932660319,0.932660319,0.932660319,0.932660319,0.932660319,0.834485549,0.834485549,0.834485549,0.834485549,0.834485549,0.736310778,0.736310778,0.736310778,0.736310778,0.638136008,0.736310778,0.638136008,0.638136008,0.638136008,0.638136008,0.638136008,0.638136008,0.638136008,0.638136008,0.638136008,0.638136008,0.638136008,0.638136008,0.638136008,0.736310778,0.736310778,0.736310778,0.736310778,0.736310778,0.834485549,0.834485549,0.834485549,0.834485549,0.834485549,0.834485549,0.932660319,0.932660319,0.932660319,0.932660319,0.932660319,3.87790343,3.87790343,3.9760782,3.9760782,3.9760782,3.9760782,3.9760782,4.07425297,4.07425297,4.07425297,4.07425297,4.07425297,4.07425297,4.07425297,4.17242774,4.17242774,4.17242774,4.17242774,4.17242774,4.17242774,4.17242774,4.17242774,4.17242774,4.17242774,4.17242774,4.17242774,4.17242774,4.17242774,4.17242774,4.17242774,4.17242774,4.17242774,4.17242774,4.17242774,4.07425297,4.17242774,4.17242774,4.07425297,4.07425297,4.07425297,4.07425297,4.07425297,4.07425297,4.07425297,4.07425297,4.07425297,3.9760782,3.9760782,3.9760782,3.9760782,3.9760782,3.9760782,3.9760782,3.9760782,3.9760782,3.9760782,3.9760782,3.9760782,3.87790343,3.9760782,3.9760782,3.9760782,3.9760782,3.9760782,3.9760782,3.9760782,3.9760782,3.9760782,3.9760782,3.9760782,3.9760782,3.9760782,3.9760782,3.9760782,4.07425297,3.9760782,3.9760782,3.9760782,3.9760782,3.9760782,3.9760782,3.9760782,3.9760782,3.9760782,3.9760782,3.9760782,3.9760782,3.9760782,4.07425297,4.07425297,4.07425297,4.07425297,4.07425297,4.17242774,4.27060251,4.27060251,4.27060251,4.46695205,4.46695205,4.46695205,4.56512682,4.6633016,4.6633016,4.85965114,4.76147637,4.85965114,4.85965114,4.95782591,4.95782591,4.95782591,5.05600068,4.95782591,5.05600068,5.05600068,5.05600068,5.05600068,5.15417545,5.15417545,5.15417545,5.15417545,5.05600068,5.15417545
171.730042934,C01,AP01,client_to_ap,VHT,2,2,2,80,SU,1,4,122,6637c97e16e6ce8a,6,-68.0,0.834485549,0.932660319,0.932660319,0.932660319,0.932660319,0.932660319,0.932660319,0.932660319,0.932660319,0.932660319,0.932660319,0.932660319,0.932660319,0.932660319,0.932660319,0.932660319,0.932660319,0.932660319,1.03083509,1.03083509,1.03083509,1.03083509,1.03083509,1.03083509,1.03083509,1.03083509,1.03083509,1.03083509,1.03083509,1.03083509,1.03083509,1.03083509,1.03083509,1.03083509,1.03083509,1.03083509,1.03083509,1.03083509,1.03083509,1.03083509,1.03083509,1.03083509,1.03083509,1.03083509,1.03083509,1.03083509,1.03083509,1.03083509,1.03083509,1.03083509,1.03083509,1.03083509,1.03083509,1.03083509,1.03083509,0.932660319,1.03083509,1.03083509,0.932660319,1.03083509,0.932660319,0.932660319,0.932660319,0.932660319,0.932660319,0.932660319,0.932660319,0.932660319,0.932660319,0.932660319,0.932660319,0.932660319,0.932660319,0.932660319,0.932660319,0.932660319,0.932660319,0.932660319,0.932660319,0.932660319,0.932660319,0.834485549,0.834485549,0.834485549,0.834485549,0.834485549,0.834485549,0.736310778,0.736310778,0.736310778,0.736310778,0.736310778,0.638136008,0.638136008,0.638136008,0.638136008,0.638136008,0.638136008,0.638136008,0.539961237,0.638136008,0.638136008,0.638136008,0.638136008,0.638136008,0.638136008,0.736310778,0.736310778,0.736310778,0.736310778,0.736310778,0.736310778,0.834485549,0.834485549,0.834485549,0.834485549,0.834485549,0.834485549,0.932660319,0.932660319,0.932660319,0.932660319,3.87790343,3.9760782,3.9760782,3.9760782,3.9760782,3.9760782,3.9760782,4.07425297,4.07425297,4.07425297,4.07425297,4.07425297,4.07425297,4.07425297,4.17242774,4.17242774,4.17242774,4.17242774,4.17242774,4.17242774,4.17242774,4.17242774,4.17242774,4.17242774,4.17242774,4.17242774,4.17242774,4.17242774,4.17242774,4.17242774,4.17242774,4.17242774,4.17242774,4.17242774,4.17242774,4.17242774,4.07425297,4.07425297,4.07425297,4.07425297,4.07425297,4.07425297,4.07425297,4.07425297,4.07425297,3.9760782,3.9760782,3.9760782,3.9760782,3.9760782,3.9760782,3.9760782,3.9760782,3.9760782,3.9760782,3.9760782,3.9760782,3.9760782,3.87790343,3.9760782,3.9760782,3.9760782,3.9760782,3.9760782,3.9760782,3.9760782,3.9760782,3.9760782,3.9760782,3.9760782,3.9760782,3.9760782,3.9760782,3.9760782,3.9760782,3.9760782,3.9760782,3.9760782,3.9760782,3.9760782,3.9760782,3.9760782,3.9760782,3.9760782,3.9760782,3.9760782,3.9760782,4.07425297,4.07425297,4.07425297,4.07425297,4.07425297,4.07425297,4.07425297,4.17242774,4.27060251,4.27060251,4.36877728,4.36877728,4.46695205,4.56512682,4.56512682,4.6633016,4.76147637,4.85965114,4.85965114,4.85965114,4.95782591,4.95782591,4.95782591,4.95782591,5.05600068,5.05600068,5.05600068,5.15417545,5.05600068,5.05600068,5.15417545,5.15417545,5.15417545,5.15417545,5.05600068
173.061722040,C01,AP01,client_to_ap,VHT,2,2,2,80,SU,1,4,122,6637c97e16e6ce8a,6,-68.0,0.932660319,0.932660319,0.932660319,0.932660319,0.932660319,0.932660319,0.932660319,0.932660319,0.932660319,0.932660319,0.932660319,0.932660319,0.932660319,0.932660319,0.932660319,0.932660319,0.932660319,0.932660319,1.03083509,1.03083509,1.03083509,1.03083509,1.03083509,1.03083509,1.03083509,1.03083509,1.03083509,1.03083509,1.03083509,1.03083509,1.03083509,1.03083509,1.03083509,1.03083509,1.03083509,1.03083509,1.03083509,1.03083509,1.03083509,1.03083509,1.03083509,1.03083509,1.03083509,1.03083509,1.03083509,1.03083509,1.03083509,1.03083509,1.03083509,1.03083509,1.03083509,1.03083509,1.03083509,1.03083509,1.03083509,1.03083509,1.03083509,1.03083509,0.932660319,1.03083509,0.932660319,1.03083509,0.932660319,0.932660319,0.932660319,0.932660319,0.932660319,0.932660319,0.932660319,0.932660319,0.932660319,0.932660319,0.932660319,0.932660319,0.932660319,0.932660319,0.932660319,0.932660319,0.932660319,0.932660319,0.932660319,0.834485549,0.834485549,0.834485549,0.834485549,0.834485549,0.834485549,0.834485549,0.736310778,0.736310778,0.736310778,0.736310778,0.736310778,0.638136008,0.638136008,0.638136008,0.638136008,0.638136008,0.539961237,0.638136008,0.638136008,0.638136008,0.638136008,0.638136008,0.638136008,0.736310778,0.736310778,0.736310778,0.736310778,0.736310778,0.736310778,0.736310778,0.834485549,0.834485549,0.834485549,0.834485549,0.834485549,0.834485549,0.932660319,0.932660319,0.932660319,0.932660319,3.87790343,3.87790343,3.9760782,3.9760782,4.07425297,4.07425297,4.07425297,4.07425297,4.07425297,4.07425297,4.07425297,4.07425297,4.17242774,4.07425297,4.07425297,4.17242774,4.17242774,4.17242774,4.17242774,4.17242774,4.17242774,4.17242774,4.17242774,4.17242774,4.17242774,4.17242774,4.17242774,4.17242774,4.17242774,4.17242774,4.17242774,4.17242774,4.17242774,4.17242774,4.07425297,4.17242774,4.17242774,4.07425297,4.07425297,4.07425297,4.07425297,4.07425297,4.07425297,4.07425297,3.9760782,3.9760782,3.9760782,3.9760782,3.9760782,3.9760782,3.9760782,3.9760782,3.9760782,3.9760782,3.9760782,3.9760782,3.9760782,3.87790343,3.87790343,3.9760782,3.9760782,3.9760782,3.9760782,3.9760782,3.9760782,3.9760782,3.9760782,3.9760782,3.9760782,3.9760782,3.9760782,3.9760782,3.9760782,3.9760782,3.9760782,3.9760782,3.9760782,3.9760782,3.9760782,3.9760782,3.9760782,4.07425297,3.9760782,3.9760782,3.9760782,3.9760782,4.07425297,3.9760782,3.9760782,4.07425297,4.07425297,4.07425297,4.07425297,4.17242774,4.17242774,4.27060251,4.27060251,4.36877728,4.46695205,4.46695205,4.56512682,4.6633016,4.6633016,4.76147637,4.85965114,4.85965114,4.95782591,4.95782591,4.85965114,4.95782591,4.95782591,5.05600068,5.05600068,5.05600068,5.05600068,5.15417545,5.05600068,5.15417545,5.15417545,5.15417545,5.15417545,5.05600068
174.393507004,C01,AP01,client_to_ap,VHT,2,2,2,80,SU,1,4,122,6637c97e16e6ce8a,6,-68.0,0.932660319,0.932660319,0.932660319,0.932660319,0.932660319,0.932660319,0.932660319,0.932660319,0.932660319,0.932660319,0.932660319,0.932660319,0.932660319,0.932660319,0.932660319,1.03083509,0.932660319,1.03083509,1.03083509,1.03083509,1.03083509,1.03083509,1.03083509,1.03083509,1.03083509,1.03083509,1.03083509,1.03083509,1.03083509,1.03083509,1.03083509,1.03083509,1.03083509,1.03083509,1.03083509,1.03083509,1.03083509,1.03083509,1.03083509,1.03083509,1.03083509,1.03083509,1.03083509,1.03083509,1.03083509,1.03083509,1.03083509,1.03083509,1.03083509,1.03083509,1.03083509,1.03083509,1.03083509,0.932660319,0.932660319,1.03083509,0.932660319,0.932660319,1.03083509,1.03083509,0.932660319,0.932660319,0.932660319,0.932660319,0.932660319,0.932660319,0.932660319,0.932660319,0.932660319,0.932660319,0.932660319,0.932660319,0.932660319,0.932660319,0.932660319,0.932660319,0.932660319,0.932660319,0.932660319,0.932660319,0.932660319,0.834485549,0.834485549,0.834485549,0.834485549,0.834485549,0.834485549,0.736310778,0.736310778,0.736310778,0.736310778,0.736310778,0.638136008,0.638136008,0.638136008,0.638136008,0.638136008,0.539961237,0.638136008,0.638136008,0.638136008,0.638136008,0.638136008,0.638136008,0.638136008,0.638136008,0.638136008,0.736310778,0.736310778,0.736310778,0.736310778,0.736310778,0.834485549,0.834485549,0.834485549,0.834485549,0.834485549,0.834485549,0.932660319,0.932660319,0.932660319,0.932660319,3.87790343,3.9760782,3.9760782,3.9760782,3.9760782,3.9760782,3.9760782,4.07425297,4.07425297,4.07425297,4.07425297,4.07425297,4.07425297,4.07425297,4.07425297,4.07425297,4.17242774,4.17242774,4.07425297,4.17242774,4.17242774,4.17242774,4.17242774,4.17242774,4.17242774,4.17242774,4.17242774,4.17242774,4.17242774,4.17242774,4.17242774,4.17242774,4.17242774,4.07425297,4.07425297,4.07425297,4.17242774,4.07425297,4.07425297,4.07425297,4.07425297,4.07425297,4.07425297,4.07425297,3.9760782,3.9760782,3.9760782,3.9760782,3.9760782,3.9760782,3.9760782,3.9760782,3.9760782,3.9760782,3.9760782,3.9760782,3.9760782,3.87790343,3.9760782,3.9760782,3.9760782,3.87790343,3.87790343,3.9760782,3.9760782,3.87790343,3.9760782,3.9760782,3.9760782,3.9760782,3.9760782,3.9760782,3.9760782,3.9760782,3.9760782,3.9760782,3.9760782,3.9760782,3.9760782,3.9760782,3.9760782,3.9760782,3.9760782,3.9760782,3.9760782,3.9760782,3.9760782,3.9760782,3.9760782,4.07425297,4.07425297,4.07425297,4.07425297,4.17242774,4.17242774,4.27060251,4.27060251,4.36877728,4.36877728,4.46695205,4.56512682,4.56512682,4.6633016,4.76147637,4.76147637,4.85965114,4.85965114,4.85965114,4.95782591,4.95782591,5.05600068,5.05600068,5.05600068,5.05600068,5.05600068,5.05600068,5.05600068,5.05600068,5.05600068,5.15417545,5.15417545,5.15417545
175.730373859,C01,AP01,client_to_ap,VHT,2,2,2,80,SU,1,4,122,6637c97e16e6ce8a,6,-68.0,0.834485549,0.932660319,0.932660319,0.932660319,0.932660319,0.932660319,0.932660319,0.932660319,0.932660319,0.932660319,0.932660319,0.932660319,0.932660319,0.932660319,0.932660319,0.932660319,0.932660319,0.932660319,0.932660319,1.03083509,1.03083509,1.03083509,1.03083509,1.03083509,1.03083509,1.03083509,1.03083509,1.03083509,1.03083509,1.03083509,1.03083509,1.03083509,1.03083509,1.03083509,1.03083509,1.03083509,1.03083509,1.03083509,1.03083509,1.03083509,1.03083509,1.03083509,1.03083509,1.03083509,1.03083509,1.03083509,1.03083509,1.03083509,1.03083509,1.03083509,1.03083509,1.03083509,1.03083509,1.03083509,1.03083509,0.932660319,0.932660319,0.932660319,1.03083509,1.03083509,0.932660319,0.932660319,0.932660319,0.932660319,0.932660319,0.932660319,0.932660319,0.932660319,0.932660319,0.932660319,0.932660319,0.932660319,0.932660319,0.932660319,0.932660319,0.932660319,0.932660319,0.932660319,0.932660319,0.932660319,0.834485549,0.834485549,0.834485549,0.834485549,0.834485549,0.834485549,0.834485549,0.736310778,0.736310778,0.736310778,0.736310778,0.638136008,0.638136008,0.638136008,0.638136008,0.638136008,0.638136008,0.539961237,0.638136008,0.638136008,0.638136008,0.638136008,0.638136008,0.638136008,0.638136008,0.638136008,0.736310778,0.736310778,0.736310778,0.736310778,0.736310778,0.834485549,0.834485549,0.834485549,0.834485549,0.834485549,0.932660319,0.932660319,0.932660319,0.932660319,0.932660319,0.932660319,3.87790343,3.87790343,3.9760782,3.9760782,3.9760782,4.07425297,3.9760782,3.9760782,4.07425297,4.07425297,4.07425297,4.07425297,4.07425297,4.07425297,4.07425297,4.17242774,4.17242774,4.17242774,4.17242774,4.07425297,4.17242774,4.17242774,4.17242774,4.17242774,4.17242774,4.17242774,4.17242774,4.17242774,4.17242774,4.17242774,4.17242774,4.17242774,4.17242774,4.17242774,4.07425297,4.07425297,4.07425297,4.07425297,4.07425297,4.07425297,4.07425297,4.07425297,4.07425297,3.9760782,3.9760782,3.9760782,3.9760782,3.9760782,3.9760782,3.9760782,3.9760782,3.9760782,3.9760782,3.9760782,3.9760782,3.9760782,3.9760782,3.9760782,3.87790343,3.9760782,3.9760782,3.9760782,3.9760782,3.9760782,3.9760782,3.9760782,3.9760782,3.9760782,3.9760782,3.9760782,3.9760782,3.9760782,3.9760782,3.9760782,3.9760782,3.9760782,3.9760782,3.9760782,3.9760782,3.9760782,4.07425297,3.9760782,3.9760782,3.9760782,3.9760782,3.9760782,3.9760782,3.9760782,3.9760782,4.07425297,4.07425297,4.07425297,4.07425297,4.07425297,4.17242774,4.27060251,4.36877728,4.36877728,4.46695205,4.46695205,4.56512682,4.6633016,4.6633016,4.76147637,4.85965114,4.85965114,4.95782591,4.95782591,4.95782591,5.05600068,5.05600068,5.05600068,5.05600068,5.05600068,5.05600068,5.05600068,5.05600068,5.05600068,5.15417545,5.15417545,5.05600068,5.15417545
177.062362909,C01,AP01,client_to_ap,VHT,2,2,2,80,SU,1,4,122,6637c97e16e6ce8a,6,-68.0,0.834485549,0.932660319,0.932660319,0.932660319,0.932660319,0.932660319,0.932660319,0.932660319,0.932660319,0.932660319,0.932660319,0.932660319,0.932660319,0.932660319,0.932660319,0.932660319,1.03083509,0.932660319,0.932660319,1.03083509,1.03083509,1.03083509,1.03083509,1.03083509,1.03083509,1.03083509,1.03083509,1.03083509,1.03083509,1.03083509,1.03083509,1.03083509,1.03083509,1.03083509,1.03083509,1.03083509,1.03083509,1.03083509,1.03083509,1.03083509,1.03083509,1.03083509,1.03083509,1.03083509,1.03083509,1.03083509,1.03083509,1.03083509,1.03083509,1.03083509,1.03083509,0.932660319,0.932660319,0.932660319,0.932660319,1.03083509,0.932660319,0.932660319,0.932660319,0.932660319,0.932660319,0.932660319,0.932660319,0.932660319,0.932660319,0.932660319,0.932660319,0.932660319,0.932660319,0.932660319,0.932660319,0.932660319,0.932660319,0.932660319,0.932660319,0.932660319,0.932660319,0.932660319,0.932660319,0.932660319,0.834485549,0.834485549,0.834485549,0.834485549,0.834485549,0.834485549,0.834485549,0.736310778,0.736310778,0.736310778,0.736310778,0.638136008,0.638136008,0.638136008,0.638136008,0.638136008,0.638136008,0.638136008,0.638136008,0.539961237,0.539961237,0.638136008,0.638136008,0.638136008,0.638136008,0.638136008,0.638136008,0.736310778,0.736310778,0.736310778,0.736310778,0.736310778,0.834485549,0.834485549,0.834485549,0.834485549,0.834485549,0.834485549,0.932660319,0.932660319,0.932660319,0.932660319,3.87790343,3.9760782,3.9760782,3.9760782,3.9760782,4.07425297,3.9760782,3.9760782,4.07425297,4.07425297,4.07425297,4.07425297,4.07425297,4.07425297,4.17242774,4.07425297,4.07425297,4.07425297,4.07425297,4.17242774,4.07425297,4.17242774,4.17242774,4.17242774,4.17242774,4.17242774,4.17242774,4.17242774,4.17242774,4.07425297,4.17242774,4.17242774,4.07425297,4.07425297,4.07425297,4.07425297,4.07425297,4.07425297,4.07425297,4.07425297,4.07425297,3.9760782,4.07425297,4.07425297,3.9760782,3.9760782,3.9760782,3.9760782,3.9760782,3.9760782,3.9760782,3.9760782,3.9760782,3.9760782,3.9760782,3.87790343,3.87790343,3.9760782,3.87790343,3.87790343,3.9760782,3.87790343,3.9760782,3.9760782,3.9760782,3.9760782,3.87790343,3.9760782,3.9760782,3.9760782,3.9760782,3.9760782,3.9760782,3.9760782,3.9760782,3.9760782,3.9760782,3.9760782,3.9760782,3.9760782,3.9760782,3.87790343,3.9760782,3.9760782,3.9760782,3.9760782,3.9760782,3.9760782,3.9760782,3.9760782,4.07425297,4.07425297,4.07425297,4.07425297,4.17242774,4.27060251,4.27060251,4.36877728,4.36877728,4.46695205,4.56512682,4.56512682,4.6633016,4.76147637,4.85965114,4.85965114,4.85965114,4.95782591,5.05600068,4.95782591,5.05600068,5.05600068,5.05600068,5.05600068,5.05600068,5.05600068,5.15417545,5.15417545,5.15417545,5.05600068,5.15417545,5.15417545
178.397758961,C01,AP01,client_to_ap,VHT,2,2,2,80,SU,1,4,122,6637c97e16e6ce8a,6,-68.0,0.932660319,0.932660319,0.932660319,0.932660319,0.932660319,0.932660319,0.932660319,0.932660319,0.932660319,0.932660319,0.932660319,0.932660319,0.932660319,0.932660319,0.932660319,1.03083509,1.03083509,1.03083509,1.03083509,1.03083509,1.03083509,1.03083509,1.03083509,1.03083509,1.03083509,1.03083509,1.03083509,1.03083509,1.03083509,1.03083509,1.03083509,1.03083509,1.03083509,1.03083509,1.03083509,1.03083509,1.03083509,1.03083509,1.03083509,1.03083509,1.03083509,1.03083509,1.03083509,1.03083509,1.03083509,1.03083509,1.03083509,1.03083509,1.03083509,1.03083509,1.03083509,1.03083509,1.03083509,1.03083509,1.03083509,1.03083509,1.03083509,0.932660319,0.932660319,1.03083509,1.03083509,0.932660319,0.932660319,0.932660319,0.932660319,0.932660319,0.932660319,0.932660319,0.932660319,0.932660319,0.932660319,0.932660319,0.932660319,0.932660319,0.932660319,0.932660319,0.932660319,0.932660319,0.932660319,0.932660319,0.932660319,0.932660319,0.834485549,0.834485549,0.834485549,0.834485549,0.834485549,0.736310778,0.736310778,0.736310778,0.736310778,0.736310778,0.638136008,0.638136008,0.638136008,0.638136008,0.638136008,0.638136008,0.638136008,0.638136008,0.638136008,0.638136008,0.638136008,0.638136008,0.638136008,0.638136008,0.736310778,0.736310778,0.736310778,0.736310778,0.736310778,0.834485549,0.834485549,0.834485549,0.834485549,0.834485549,0.834485549,0.932660319,0.932660319,0.932660319,0.932660319,0.932660319,3.87790343,3.9760782,3.9760782,3.9760782,3.9760782,3.9760782,3.9760782,4.07425297,4.07425297,4.07425297,4.07425297,4.07425297,4.07425297,4.07425297,4.07425297,4.07425297,4.07425297,4.07425297,4.07425297,4.17242774,4.17242774,4.17242774,4.17242774,4.17242774,4.17242774,4.17242774,4.17242774,4.17242774,4.17242774,4.17242774,4.17242774,4.17242774,4.17242774,4.17242774,4.07425297,4.07425297,4.07425297,4.07425297,4.07425297,4.07425297,4.07425297,4.07425297,4.07425297,4.07425297,4.07425297,3.9760782,3.9760782,3.9760782,3.9760782,3.9760782,3.9760782,3.9760782,3.9760782,3.9760782,3.9760782,3.9760782,3.9760782,3.9760782,3.87790343,3.9760782,3.9760782,3.9760782,3.9760782,3.9760782,3.9760782,3.9760782,3.9760782,3.9760782,3.9760782,3.9760782,3.9760782,3.9760782,3.9760782,3.9760782,3.9760782,3.9760782,3.9760782,3.9760782,3.9760782,3.9760782,3.9760782,3.9760782,3.9760782,3.9760782,3.9760782,3.9760782,3.9760782,3.9760782,4.07425297,4.07425297,4.07425297,4.07425297,4.07425297,4.07425297,4.17242774,4.27060251,4.27060251,4.36877728,4.46695205,4.46695205,4.56512682,4.6633016,4.6633016,4.76147637,4.76147637,4.85965114,4.85965114,4.95782591,4.95782591,4.95782591,5.05600068,5.05600068,5.05600068,5.05600068,5.05600068,5.15417545,5.15417545,5.15417545,5.15417545,5.15417545,5.05600068,5.05600068
179.730165958,C01,AP01,client_to_ap,VHT,2,2,2,80,SU,1,4,122,6637c97e16e6ce8a,6,-68.0,0.834485549,0.932660319,0.932660319,0.932660319,0.932660319,0.932660319,0.932660319,0.932660319,0.932660319,0.932660319,0.932660319,0.932660319,0.932660319,0.932660319,0.932660319,0.932660319,0.932660319,1.03083509,0.932660319,1.03083509,0.932660319,1.03083509,1.03083509,1.03083509,1.03083509,1.03083509,1.03083509,1.03083509,1.03083509,1.03083509,1.03083509,1.03083509,1.03083509,1.03083509,1.03083509,1.03083509,1.03083509,1.03083509,1.03083509,1.03083509,1.03083509,1.03083509,1.03083509,1.03083509,1.03083509,1.03083509,1.03083509,1.03083509,1.03083509,1.03083509,1.03083509,1.03083509,1.03083509,1.03083509,1.03083509,1.03083509,1.03083509,0.932660319,1.03083509,0.932660319,0.932660319,0.932660319,0.932660319,0.932660319,0.932660319,0.932660319,0.932660319,0.932660319,0.932660319,0.932660319,0.932660319,0.932660319,0.932660319,0.932660319,0.932660319,0.932660319,0.932660319,0.932660319,0.932660319,0.932660319,0.932660319,0.834485549,0.834485549,0.834485549,0.834485549,0.834485549,0.834485549,0.736310778,0.736310778,0.736310778,0.736310778,0.736310778,0.638136008,0.638136008,0.638136008,0.638136008,0.638136008,0.638136008,0.638136008,0.638136008,0.638136008,0.638136008,0.638136008,0.638136008,0.638136008,0.638136008,0.638136008,0.736310778,0.736310778,0.736310778,0.736310778,0.736310778,0.834485549,0.834485549,0.834485549,0.834485549,0.834485549,0.932660319,0.932660319,0.932660319,0.932660319,0.932660319,3.9760782,3.87790343,3.9760782,3.9760782,3.9760782,4.07425297,4.07425297,4.07425297,4.07425297,4.07425297,4.07425297,4.07425297,4.07425297,4.17242774,4.07425297,4.07425297,4.07425297,4.07425297,4.17242774,4.17242774,4.17242774,4.17242774,4.17242774,4.17242774,4.17242774,4.17242774,4.17242774,4.17242774,4.17242774,4.17242774,4.17242774,4.17242774,4.17242774,4.17242774,4.17242774,4.17242774,4.07425297,4.07425297,4.07425297,4.07425297,4.07425297,4.07425297,4.07425297,4.07425297,4.07425297,4.07425297,3.9760782,3.9760782,3.9760782,3.9760782,3.9760782,3.9760782,3.9760782,3.9760782,3.9760782,3.9760782,3.9760782,3.9760782,3.9760782,3.9760782,3.9760782,3.9760782,3.9760782,3.9760782,3.9760782,3.9760782,3.9760782,3.9760782,3.9760782,3.9760782,3.9760782,3.9760782,3.9760782,3.9760782,3.9760782,3.9760782,3.9760782,4.07425297,3.9760782,3.9760782,3.9760782,3.9760782,3.9760782,3.9760782,3.9760782,3.9760782,3.9760782,3.9760782,3.9760782,4.07425297,4.07425297,4.07425297,4.17242774,4.17242774,4.27060251,4.27060251,4.36877728,4.36877728,4.46695205,4.46695205,4.56512682,4.56512682,4.6633016,4.76147637,4.85965114,4.85965114,4.85965114,4.95782591,4.95782591,4.95782591,5.05600068,5.05600068,5.05600068,5.05600068,5.05600068,5.05600068,5.05600068,5.15417545,5.15417545,5.05600068,5.15417545,5.15417545
181.062494993,C01,AP01,client_to_ap,VHT,2,2,2,80,SU,1,4,122,6637c97e16e6ce8a,6,-68.0,0.932660319,0.932660319,0.932660319,0.932660319,0.932660319,0.932660319,0.932660319,0.932660319,0.932660319,0.932660319,0.932660319,0.932660319,0.932660319,0.932660319,0.932660319,1.03083509,0.932660319,1.03083509,1.03083509,1.03083509,1.03083509,1.03083509,1.03083509,1.03083509,1.03083509,1.03083509,1.03083509,1.03083509,1.03083509,1.03083509,1.03083509,1.03083509,1.03083509,1.03083509,1.03083509,1.03083509,1.03083509,1.03083509,1.03083509,1.03083509,1.03083509,1.03083509,1.03083509,1.03083509,1.03083509,1.03083509,1.03083509,1.03083509,1.03083509,1.03083509,1.03083509,1.03083509,1.03083509,1.03083509,1.03083509,1.03083509,1.03083509,1.03083509,1.03083509,1.03083509,0.932660319,1.03083509,0.932660319,0.932660319,0.932660319,0.932660319,0.932660319,0.932660319,0.932660319,0.932660319,0.932660319,0.932660319,0.932660319,0.932660319,0.932660319,0.932660319,0.932660319,0.932660319,0.932660319,0.932660319,0.932660319,0.932660319,0.834485549,0.834485549,0.834485549,0.834485549,0.834485549,0.834485549,0.736310778,0.736310778,0.736310778,0.736310778,0.736310778,0.638136008,0.638136008,0.638136008,0.638136008,0.638136008,0.638136008,0.638136008,0.638136008,0.638136008,0.638136008,0.638136008,0.638136008,0.736310778,0.736310778,0.736310778,0.736310778,0.736310778,0.736310778,0.834485549,0.736310778,0.834485549,0.834485549,0.834485549,0.834485549,0.834485549,0.932660319,0.932660319,0.932660319,0.932660319,3.87790343,3.87790343,3.9760782,3.9760782,3.9760782,3.9760782,3.9760782,4.07425297,4.07425297,4.07425297,4.07425297,4.07425297,4.07425297,4.07425297,4.07425297,4.07425297,4.07425297,4.17242774,4.17242774,4.17242774,4.17242774,4.17242774,4.17242774,4.17242774,4.17242774,4.17242774,4.17242774,4.17242774,4.17242774,4.17242774,4.17242774,4.17242774,4.17242774,4.17242774,4.17242774,4.17242774,4.07425297,4.07425297,4.07425297,4.07425297,4.07425297,4.07425297,4.07425297,4.07425297,3.9760782,3.9760782,3.9760782,3.9760782,3.9760782,3.9760782,3.9760782,3.9760782,3.9760782,3.87790343,3.9760782,3.9760782,3.9760782,3.87790343,3.9760782,3.9760782,3.9760782,3.87790343,3.9760782,3.9760782,3.9760782,3.9760782,3.9760782,3.9760782,3.9760782,3.9760782,3.9760782,3.9760782,3.9760782,3.9760782,3.9760782,3.9760782,3.9760782,3.9760782,3.9760782,3.9760782,3.9760782,3.9760782,3.9760782,3.9760782,3.9760782,3.9760782,3.9760782,3.9760782,3.9760782,4.07425297,4.07425297,4.07425297,4.17242774,4.17242774,4.17242774,4.27060251,4.27060251,4.36877728,4.36877728,4.46695205,4.56512682,4.56512682,4.6633016,4.76147637,4.76147637,4.85965114,4.85965114,4.85965114,4.95782591,4.95782591,5.05600068,4.95782591,5.05600068,5.05600068,5.05600068,5.05600068,5.05600068,5.15417545,5.15417545,5.15417545,5.05600068,5.05600068
182.394260883,C01,AP01,client_to_ap,VHT,2,2,2,80,SU,1,4,122,6637c97e16e6ce8a,6,-68.0,0.932660319,0.932660319,0.932660319,0.932660319,0.932660319,0.932660319,0.932660319,0.932660319,0.932660319,0.932660319,0.932660319,0.932660319,0.932660319,0.932660319,0.932660319,0.932660319,0.932660319,0.932660319,1.03083509,1.03083509,1.03083509,1.03083509,1.03083509,1.03083509,1.03083509,1.03083509,1.03083509,1.03083509,1.03083509,1.03083509,1.03083509,1.03083509,1.03083509,1.03083509,1.03083509,1.03083509,1.03083509,1.03083509,1.03083509,1.03083509,1.03083509,1.03083509,1.03083509,1.03083509,1.03083509,1.03083509,1.03083509,1.03083509,1.03083509,1.03083509,1.03083509,1.03083509,1.03083509,1.03083509,1.03083509,1.03083509,1.03083509,1.03083509,0.932660319,1.03083509,1.03083509,0.932660319,0.932660319,0.932660319,0.932660319,0.932660319,0.932660319,0.932660319,0.932660319,0.932660319,0.932660319,0.932660319,0.932660319,0.932660319,0.932660319,0.932660319,0.932660319,0.932660319,0.932660319,0.932660319,0.932660319,0.834485549,0.834485549,0.834485549,0.834485549,0.834485549,0.834485549,0.736310778,0.736310778,0.736310778,0.736310778,0.736310778,0.638136008,0.638136008,0.638136008,0.638136008,0.638136008,0.638136008,0.638136008,0.638136008,0.638136008,0.638136008,0.638136008,0.638136008,0.638136008,0.638136008,0.638136008,0.736310778,0.736310778,0.736310778,0.736310778,0.834485549,0.834485549,0.834485549,0.834485549,0.834485549,0.834485549,0.834485549,0.932660319,0.932660319,0.932660319,0.932660319,3.87790343,3.87790343,3.87790343,3.9760782,3.9760782,3.9760782,3.9760782,4.07425297,4.07425297,4.07425297,4.07425297,4.07425297,4.07425297,4.17242774,4.07425297,4.17242774,4.17242774,4.17242774,4.17242774,4.17242774,4.17242774,4.17242774,4.17242774,4.17242774,4.17242774,4.17242774,4.17242774,4.17242774,4.17242774,4.17242774,4.17242774,4.17242774,4.17242774,4.17242774,4.17242774,4.07425297,4.17242774,4.07425297,4.07425297,4.07425297,4.07425297,4.07425297,4.07425297,4.07425297,4.07425297,3.9760782,3.9760782,3.9760782,3.9760782,3.9760782,3.9760782,3.9760782,3.9760782,3.9760782,3.9760782,3.9760782,3.9760782,3.9760782,3.9760782,3.9760782,3.9760782,3.87790343,3.9760782,3.9760782,3.9760782,3.9760782,3.9760782,3.9760782,3.9760782,3.9760782,3.9760782,3.9760782,3.9760782,3.9760782,4.07425297,4.07425297,4.07425297,3.9760782,3.9760782,3.9760782,3.9760782,3.9760782,3.9760782,3.9760782,3.9760782,3.9760782,3.9760782,3.9760782,3.9760782,4.07425297,4.07425297,4.17242774,4.07425297,4.17242774,4.17242774,4.27060251,4.27060251,4.36877728,4.36877728,4.46695205,4.56512682,4.6633016,4.6633016,4.76147637,4.76147637,4.85965114,4.95782591,4.85965114,4.85965114,4.95782591,4.95782591,4.95782591,5.05600068,5.05600068,5.05600068,5.05600068,5.05600068,5.05600068,5.05600068,5.05600068,5.15417545,5.05600068
183.729866028,C01,AP01,client_to_ap,VHT,2,2,2,80,SU,1,4,122,6637c97e16e6ce8a,6,-68.0,0.932660319,0.932660319,0.932660319,0.932660319,0.932660319,0.932660319,0.932660319,0.932660319,0.932660319,0.932660319,0.932660319,0.932660319,0.932660319,0.932660319,0.932660319,1.03083509,1.03083509,1.03083509,1.03083509,1.03083509,1.03083509,1.03083509,1.03083509,1.03083509,1.03083509,1.03083509,1.03083509,1.03083509,1.03083509,1.03083509,1.03083509,1.03083509,1.03083509,1.03083509,1.03083509,1.03083509,1.03083509,1.03083509,1.03083509,1.03083509,1.03083509,1.03083509,1.03083509,1.03083509,1.03083509,1.03083509,1.03083509,1.03083509,1.03083509,1.03083509,1.03083509,1.03083509,1.03083509,1.03083509,1.03083509,1.03083509,0.932660319,1.03083509,1.03083509,1.03083509,1.03083509,1.03083509,0.932660319,0.932660319,0.932660319,0.932660319,0.932660319,0.932660319,0.932660319,0.932660319,0.932660319,0.932660319,0.932660319,0.932660319,0.932660319,0.932660319,0.932660319,0.932660319,0.932660319,0.932660319,0.932660319,0.834485549,0.834485549,0.834485549,0.834485549,0.834485549,0.834485549,0.736310778,0.736310778,0.736310778,0.736310778,0.638136008,0.638136008,0.638136008,0.638136008,0.638136008,0.638136008,0.638136008,0.638136008,0.638136008,0.638136008,0.638136008,0.638136008,0.638136008,0.638136008,0.638136008,0.638136008,0.736310778,0.736310778,0.736310778,0.736310778,0.834485549,0.834485549,0.834485549,0.834485549,0.834485549,0.834485549,0.932660319,0.932660319,0.932660319,0.932660319,0.932660319,3.87790343,3.87790343,3.9760782,3.9760782,3.9760782,3.9760782,3.9760782,4.07425297,4.07425297,4.07425297,4.07425297,4.07425297,4.07425297,4.07425297,4.07425297,4.07425297,4.07425297,4.07425297,4.07425297,4.17242774,4.07425297,4.17242774,4.17242774,4.17242774,4.17242774,4.17242774,4.17242774,4.17242774,4.17242774,4.17242774,4.07425297,4.17242774,4.17242774,4.17242774,4.07425297,4.07425297,4.07425297,4.07425297,4.07425297,4.07425297,4.07425297,4.07425297,4.07425297,4.07425297,3.9760782,3.9760782,3.9760782,3.9760782,3.9760782,3.9760782,3.9760782,3.9760782,3.9760782,3.9760782,3.9760782,3.9760782,3.9760782,3.87790343,3.87790343,3.9760782,3.9760782,3.9760782,3.9760782,3.87790343,3.9760782,3.9760782,3.9760782,3.9760782,3.9760782,3.9760782,3.9760782,3.9760782,3.9760782,3.9760782,3.9760782,3.9760782,3.9760782,3.9760782,3.9760782,3.9760782,3.9760782,3.9760782,3.9760782,3.9760782,3.9760782,3.9760782,3.9760782,3.9760782,3.9760782,3.9760782,4.07425297,4.07425297,4.17242774,4.07425297,4.17242774,4.27060251,4.36877728,4.36877728,4.46695205,4.56512682,4.56512682,4.6633016,4.6633016,4.76147637,4.85965114,4.85965114,4.95782591,4.85965114,4.95782591,4.95782591,5.05600068,5.05600068,5.05600068,5.05600068,5.15417545,5.15417545,5.05600068,5.15417545,5.15417545,5.15417545,5.15417545,5.15417545
185.062551022,C01,AP01,client_to_ap,VHT,2,2,2,80,SU,1,4,122,6637c97e16e6ce8a,6,-68.0,0.932660319,0.932660319,0.932660319,0.932660319,0.932660319,0.932660319,0.932660319,0.932660319,0.932660319,0.932660319,0.932660319,1.03083509,1.03083509,1.03083509,0.932660319,1.03083509,1.03083509,1.03083509,1.03083509,1.03083509,1.03083509,1.03083509,1.03083509,1.03083509,1.03083509,1.03083509,1.03083509,1.03083509,1.03083509,1.03083509,1.03083509,1.03083509,1.03083509,1.03083509,1.03083509,1.03083509,1.03083509,1.03083509,1.03083509,1.03083509,1.03083509,1.03083509,1.03083509,1.03083509,1.03083509,1.03083509,1.03083509,1.03083509,1.03083509,1.03083509,1.03083509,1.03083509,1.03083509,1.03083509,1.03083509,1.03083509,1.03083509,1.03083509,1.03083509,1.03083509,1.03083509,1.03083509,0.932660319,1.03083509,0.932660319,0.932660319,0.932660319,0.932660319,0.932660319,0.932660319,0.932660319,0.932660319,0.932660319,0.932660319,0.932660319,0.932660319,0.932660319,0.932660319,0.932660319,0.932660319,0.932660319,0.834485549,0.932660319,0.834485549,0.834485549,0.834485549,0.834485549,0.834485549,0.736310778,0.736310778,0.736310778,0.736310778,0.638136008,0.638136008,0.638136008,0.638136008,0.638136008,0.638136008,0.638136008,0.638136008,0.638136008,0.638136008,0.638136008,0.638136008,0.638136008,0.638136008,0.736310778,0.736310778,0.736310778,0.736310778,0.834485549,0.834485549,0.834485549,0.834485549,0.834485549,0.834485549,0.834485549,0.932660319,0.932660319,0.932660319,0.932660319,0.932660319,3.87790343,3.87790343,3.9760782,3.9760782,3.9760782,3.9760782,3.9760782,4.07425297,4.07425297,4.07425297,4.07425297,4.07425297,4.07425297,4.07425297,4.07425297,4.07425297,4.07425297,4.07425297,4.07425297,4.07425297,4.17242774,4.17242774,4.17242774,4.17242774,4.17242774,4.17242774,4.07425297,4.17242774,4.17242774,4.17242774,4.07425297,4.07425297,4.17242774,4.17242774,4.07425297,4.17242774,4.07425297,4.07425297,4.07425297,4.07425297,4.07425297,4.07425297,4.07425297,4.07425297,3.9760782,3.9760782,3.9760782,3.9760782,3.9760782,3.9760782,3.9760782,3.9760782,3.87790343,3.87790343,3.87790343,3.9760782,3.9760782,3.87790343,3.87790343,3.87790343,3.87790343,3.87790343,3.87790343,3.9760782,3.9760782,3.9760782,3.9760782,3.9760782,3.9760782,3.9760782,3.9760782,3.9760782,3.9760782,3.9760782,3.9760782,3.9760782,3.9760782,3.9760782,3.9760782,3.9760782,3.9760782,3.9760782,3.9760782,3.9760782,3.9760782,3.9760782,3.9760782,3.9760782,3.9760782,3.9760782,3.9760782,4.07425297,4.07425297,4.07425297,4.17242774,4.17242774,4.27060251,4.36877728,4.36877728,4.46695205,4.56512682,4.6633016,4.6633016,4.76147637,4.85965114,4.95782591,4.85965114,4.95782591,4.95782591,5.05600068,5.05600068,5.05600068,5.05600068,5.05600068,5.15417545,5.15417545,5.05600068,5.15417545,5.15417545,5.15417545,5.15417545,5.15417545
186.394486904,C01,AP01,client_to_ap,VHT,2,2,2,80,SU,1,4,122,6637c97e16e6ce8a,6,-68.0,0.834485549,0.932660319,0.932660319,0.932660319,0.932660319,0.932660319,0.932660319,0.932660319,0.932660319,0.932660319,0.932660319,0.932660319,0.932660319,0.932660319,0.932660319,1.03083509,0.932660319,0.932660319,0.932660319,1.03083509,1.03083509,1.03083509,1.03083509,1.03083509,1.03083509,1.03083509,1.03083509,1.03083509,1.03083509,1.03083509,1.03083509,1.03083509,1.03083509,1.03083509,1.03083509,1.03083509,1.03083509,1.03083509,1.03083509,1.03083509,1.03083509,1.03083509,1.03083509,1.03083509,1.03083509,1.03083509,1.03083509,1.03083509,1.03083509,1.03083509,1.03083509,1.03083509,1.03083509,1.03083509,1.03083509,1.03083509,1.03083509,0.932660319,0.932660319,0.932660319,1.03083509,0.932660319,0.932660319,0.932660319,0.932660319,0.932660319,0.932660319,0.932660319,0.932660319,0.932660319,0.932660319,0.932660319,0.932660319,0.932660319,0.932660319,0.932660319,0.932660319,0.932660319,0.932660319,0.932660319,0.932660319,0.834485549,0.834485549,0.834485549,0.834485549,0.834485549,0.834485549,0.736310778,0.736310778,0.736310778,0.736310778,0.638136008,0.638136008,0.638136008,0.638136008,0.638136008,0.638136008,0.638136008,0.638136008,0.638136008,0.638136008,0.638136008,0.638136008,0.638136008,0.638136008,0.638136008,0.736310778,0.736310778,0.736310778,0.736310778,0.834485549,0.834485549,0.834485549,0.834485549,0.834485549,0.834485549,0.834485549,0.932660319,0.932660319,0.932660319,0.932660319,0.932660319,3.87790343,3.9760782,3.9760782,4.07425297,3.9760782,4.07425297,4.07425297,4.07425297,4.07425297,4.07425297,3.9760782,4.07425297,4.07425297,4.17242774,4.17242774,4.17242774,4.17242774,4.17242774,4.17242774,4.17242774,4.17242774,4.17242774,4.17242774,4.17242774,4.17242774,4.17242774,4.17242774,4.17242774,4.17242774,4.17242774,4.17242774,4.17242774,4.17242774,4.17242774,4.07425297,4.07425297,4.07425297,4.07425297,4.07425297,4.07425297,4.07425297,4.07425297,4.07425297,4.07425297,4.07425297,4.07425297,3.9760782,3.9760782,3.9760782,3.9760782,3.9760782,3.9760782,3.9760782,3.9760782,3.9760782,3.9760782,3.9760782,3.9760782,3.9760782,3.9760782,3.9760782,3.87790343,3.9760782,3.9760782,3.9760782,3.9760782,3.9760782,3.9760782,3.9760782,3.9760782,3.9760782,3.9760782,3.9760782,3.9760782,3.9760782,3.9760782,3.9760782,3.9760782,3.9760782,3.9760782,3.9760782,3.9760782,3.9760782,3.9760782,3.9760782,3.9760782,3.9760782,3.9760782,4.07425297,4.07425297,4.07425297,4.17242774,4.07425297,4.17242774,4.17242774,4.27060251,4.27060251,4.36877728,4.46695205,4.56512682,4.56512682,4.6633016,4.6633016,4.76147637,4.76147637,4.85965114,4.95782591,4.95782591,4.95782591,5.05600068,5.05600068,5.05600068,5.05600068,5.05600068,5.05600068,5.05600068,5.15417545,5.15417545,5.15417545,5.15417545,5.05600068,5.15417545
187.730520964,C01,AP01,client_to_ap,VHT,2,2,2,80,SU,1,4,122,6637c97e16e6ce8a,6,-68.0,0.834485549,0.932660319,0.932660319,0.932660319,0.932660319,0.932660319,0.932660319,0.932660319,0.932660319,0.932660319,0.932660319,0.932660319,0.932660319,0.932660319,0.932660319,0.932660319,0.932660319,0.932660319,0.932660319,0.932660319,1.03083509,1.03083509,1.03083509,1.03083509,1.03083509,1.03083509,1.03083509,1.03083509,1.03083509,1.03083509,1.03083509,1.03083509,1.03083509,1.03083509,1.03083509,1.03083509,1.03083509,1.03083509,1.03083509,1.03083509,1.03083509,1.03083509,1.03083509,1.03083509,1.03083509,1.03083509,1.03083509,1.03083509,1.03083509,1.03083509,1.03083509,0.932660319,0.932660319,0.932660319,0.932660319,0.932660319,0.932660319,0.932660319,0.932660319,0.932660319,0.932660319,0.932660319,0.932660319,0.932660319,0.932660319,0.932660319,0.932660319,0.932660319,0.932660319,0.932660319,0.932660319,0.932660319,0.932660319,0.932660319,0.932660319,0.932660319,0.932660319,0.932660319,0.932660319,0.932660319,0.834485549,0.834485549,0.834485549,0.834485549,0.834485549,0.834485549,0.736310778,0.736310778,0.736310778,0.736310778,0.638136008,0.638136008,0.638136008,0.638136008,0.638136008,0.539961237,0.539961237,0.539961237,0.539961237,0.539961237,0.638136008,0.539961237,0.638136008,0.638136008,0.638136008,0.638136008,0.638136008,0.736310778,0.736310778,0.736310778,0.736310778,0.736310778,0.736310778,0.834485549,0.834485549,0.834485549,0.834485549,0.932660319,0.932660319,0.932660319,0.932660319,0.932660319,3.87790343,3.9760782,3.9760782,3.9760782,3.9760782,3.9760782,3.9760782,4.07425297,3.9760782,4.07425297,4.07425297,4.07425297,4.07425297,4.07425297,4.17242774,4.07425297,4.07425297,4.07425297,4.07425297,4.07425297,4.07425297,4.07425297,4.17242774,4.17242774,4.07425297,4.07425297,4.07425297,4.17242774,4.17242774,4.07425297,4.07425297,4.07425297,4.07425297,4.07425297,4.07425297,4.07425297,4.07425297,4.07425297,4.07425297,4.07425297,4.07425297,4.07425297,3.9760782,3.9760782,3.9760782,3.9760782,3.9760782,3.9760782,3.9760782,3.9760782,3.9760782,3.9760782,3.9760782,3.9760782,3.9760782,3.9760782,3.87790343,3.87790343,3.87790343,3.87790343,3.87790343,3.87790343,3.87790343,3.9760782,3.87790343,3.9760782,3.9760782,3.9760782,3.9760782,3.9760782,3.9760782,3.9760782,3.9760782,3.9760782,3.9760782,3.9760782,3.9760782,3.9760782,3.9760782,3.9760782,3.9760782,3.9760782,3.9760782,3.87790343,3.9760782,3.9760782,3.9760782,3.9760782,3.9760782,3.9760782,3.9760782,4.07425297,4.07425297,4.07425297,4.17242774,4.17242774,4.27060251,4.36877728,4.36877728,4.46695205,4.56512682,4.6633016,4.6633016,4.76147637,4.76147637,4.85965114,4.95782591,4.95782591,4.95782591,4.95782591,5.05600068,5.05600068,5.05600068,5.05600068,5.05600068,5.15417545,5.05600068,5.15417545,5.15417545,5.15417545,5.15417545,5.05600068
189.063585043,C01,AP01,client_to_ap,VHT,2,2,2,80,SU,1,4,122,6637c97e16e6ce8a,6,-68.0,0.932660319,0.932660319,0.932660319,0.932660319,0.932660319,0.932660319,0.932660319,0.932660319,0.932660319,0.932660319,0.932660319,0.932660319,0.932660319,0.932660319,0.932660319,0.932660319,0.932660319,0.932660319,0.932660319,0.932660319,1.03083509,1.03083509,1.03083509,1.03083509,1.03083509,1.03083509,1.03083509,1.03083509,1.03083509,1.03083509,1.03083509,1.03083509,1.03083509,1.03083509,1.03083509,1.03083509,1.03083509,1.03083509,1.03083509,1.03083509,1.03083509,1.03083509,1.03083509,1.03083509,1.03083509,1.03083509,1.03083509,1.03083509,1.03083509,1.03083509,0.932660319,1.03083509,1.03083509,0.932660319,0.932660319,0.932660319,0.932660319,0.932660319,0.932660319,0.932660319,0.932660319,0.932660319,0.932660319,0.932660319,0.932660319,0.932660319,0.932660319,0.932660319,0.932660319,0.932660319,0.932660319,0.932660319,0.932660319,0.932660319,0.932660319,0.932660319,0.932660319,0.932660319,0.932660319,0.932660319,0.834485549,0.834485549,0.834485549,0.834485549,0.834485549,0.834485549,0.736310778,0.736310778,0.736310778,0.736310778,0.638136008,0.638136008,0.638136008,0.638136008,0.638136008,0.638136008,0.638136008,0.638136008,0.638136008,0.638136008,0.638136008,0.638136008,0.638136008,0.638136008,0.638136008,0.638136008,0.736310778,0.736310778,0.736310778,0.736310778,0.736310778,0.834485549,0.834485549,0.834485549,0.834485549,0.834485549,0.834485549,0.834485549,0.932660319,0.932660319,0.932660319,0.932660319,3.87790343,3.9760782,3.9760782,3.9760782,3.9760782,3.9760782,3.9760782,4.07425297,4.07425297,4.07425297,4.07425297,4.07425297,4.07425297,4.07425297,4.07425297,4.17242774,4.17242774,4.07425297,4.17242774,4.17242774,4.07425297,4.17242774,4.17242774,4.17242774,4.17242774,4.17242774,4.17242774,4.17242774,4.17242774,4.17242774,4.17242774,4.17242774,4.17242774,4.17242774,4.17242774,4.17242774,4.17242774,4.07425297,4.07425297,4.07425297,4.07425297,4.07425297,4.07425297,4.07425297,4.07425297,3.9760782,3.9760782,3.9760782,3.9760782,3.9760782,3.9760782,3.9760782,3.9760782,3.9760782,3.9760782,3.9760782,3.9760782,3.9760782,3.87790343,3.9760782,3.9760782,3.9760782,3.9760782,3.9760782,3.9760782,3.9760782,3.9760782,3.9760782,3.9760782,3.9760782,3.9760782,3.9760782,3.9760782,3.9760782,3.9760782,3.9760782,3.9760782,3.9760782,3.9760782,3.9760782,3.9760782,3.9760782,3.9760782,3.9760782,3.9760782,3.9760782,3.9760782,3.9760782,3.9760782,4.07425297,4.07425297,4.17242774,4.07425297,4.07425297,4.17242774,4.27060251,4.27060251,4.36877728,4.46695205,4.46695205,4.6633016,4.56512682,4.6633016,4.76147637,4.76147637,4.85965114,4.85965114,4.85965114,4.95782591,4.95782591,5.05600068,5.05600068,5.05600068,5.05600068,5.05600068,5.05600068,5.05600068,5.15417545,5.15417545,5.05600068,5.15417545,5.05600068
190.395184994,C01,AP01,client_to_ap,VHT,2,2,2,80,SU,1,4,122,6637c97e16e6ce8a,6,-68.0,0.834485549,0.932660319,0.932660319,0.932660319,0.932660319,0.932660319,0.932660319,0.932660319,0.932660319,0.932660319,0.932660319,0.932660319,0.932660319,0.932660319,0.932660319,0.932660319,0.932660319,0.932660319,0.932660319,0.932660319,1.03083509,1.03083509,1.03083509,1.03083509,1.03083509,1.03083509,1.03083509,1.03083509,1.03083509,1.03083509,1.03083509,1.03083509,1.03083509,1.03083509,1.03083509,1.03083509,1.03083509,1.03083509,1.03083509,1.03083509,1.03083509,1.03083509,1.03083509,1.03083509,1.03083509,1.03083509,1.03083509,1.03083509,1.03083509,1.03083509,1.03083509,1.03083509,1.03083509,1.03083509,1.03083509,1.03083509,1.03083509,1.03083509,1.03083509,0.932660319,0.932660319,0.932660319,0.932660319,0.932660319,0.932660319,0.932660319,0.932660319,0.932660319,0.932660319,0.932660319,0.932660319,0.932660319,0.932660319,0.932660319,0.932660319,0.932660319,0.932660319,0.932660319,0.932660319,0.932660319,0.932660319,0.932660319,0.834485549,0.834485549,0.834485549,0.834485549,0.834485549,0.834485549,0.736310778,0.736310778,0.736310778,0.736310778,0.736310778,0.638136008,0.638136008,0.638136008,0.638136008,0.638136008,0.638136008,0.638136008,0.638136008,0.638136008,0.638136008,0.638136008,0.638136008,0.638136008,0.638136008,0.736310778,0.736310778,0.736310778,0.736310778,0.834485549,0.834485549,0.834485549,0.834485549,0.834485549,0.834485549,0.834485549,0.932660319,0.932660319,0.932660319,0.932660319,3.87790343,3.9760782,3.9760782,3.9760782,3.9760782,4.07425297,3.9760782,4.07425297,4.07425297,4.07425297,4.07425297,4.07425297,4.07425297,4.07425297,4.17242774,4.17242774,4.17242774,4.17242774,4.17242774,4.17242774,4.17242774,4.17242774,4.17242774,4.17242774,4.17242774,4.17242774,4.17242774,4.17242774,4.17242774,4.17242774,4.17242774,4.17242774,4.17242774,4.17242774,4.07425297,4.17242774,4.17242774,4.07425297,4.17242774,4.07425297,4.07425297,4.07425297,4.07425297,4.07425297,4.07425297,3.9760782,4.07425297,3.9760782,4.07425297,3.9760782,3.9760782,3.9760782,3.9760782,3.9760782,3.9760782,3.9760782,3.9760782,3.9760782,3.9760782,3.9760782,3.9760782,3.9760782,3.9760782,3.9760782,3.9760782,3.9760782,3.9760782,3.9760782,3.9760782,3.9760782,4.07425297,3.9760782,3.9760782,4.07425297,4.07425297,4.07425297,3.9760782,4.07425297,3.9760782,4.07425297,3.9760782,3.9760782,4.07425297,4.07425297,3.9760782,4.07425297,3.9760782,4.07425297,4.07425297,4.07425297,4.07425297,4.07425297,4.17242774,4.17242774,4.17242774,4.27060251,4.27060251,4.36877728,4.46695205,4.46695205,4.56512682,4.56512682,4.6633016,4.76147637,4.76147637,4.85965114,4.85965114,4.85965114,4.95782591,4.95782591,4.95782591,4.95782591,4.95782591,5.05600068,5.05600068,5.05600068,5.05600068,5.15417545,5.15417545,5.05600068,5.15417545,5.05600068
191.730092049,C01,AP01,client_to_ap,VHT,2,2,2,80,SU,1,4,122,6637c97e16e6ce8a,6,-68.0,0.932660319,0.932660319,0.932660319,0.932660319,0.932660319,0.932660319,0.932660319,0.932660319,0.932660319,0.932660319,0.932660319,0.932660319,0.932660319,0.932660319,0.932660319,1.03083509,1.03083509,0.932660319,1.03083509,1.03083509,1.03083509,1.03083509,1.03083509,1.03083509,1.03083509,1.03083509,1.03083509,1.03083509,1.03083509,1.03083509,1.03083509,1.03083509,1.03083509,1.03083509,1.03083509,1.03083509,1.03083509,1.03083509,1.03083509,1.03083509,1.03083509,1.03083509,1.03083509,1.03083509,1.03083509,1.03083509,1.03083509,1.03083509,1.03083509,1.03083509,1.03083509,1.03083509,1.03083509,1.03083509,1.03083509,1.03083509,1.03083509,1.03083509,1.03083509,1.03083509,1.03083509,0.932660319,0.932660319,0.932660319,0.932660319,0.932660319,0.932660319,0.932660319,0.932660319,0.932660319,0.932660319,0.932660319,0.932660319,0.932660319,0.932660319,0.932660319,0.932660319,0.932660319,0.932660319,0.932660319,0.932660319,0.834485549,0.834485549,0.834485549,0.834485549,0.834485549,0.834485549,0.834485549,0.736310778,0.736310778,0.736310778,0.736310778,0.736310778,0.638136008,0.638136008,0.638136008,0.638136008,0.638136008,0.638136008,0.638136008,0.638136008,0.638136008,0.638136008,0.638136008,0.638136008,0.736310778,0.736310778,0.736310778,0.736310778,0.736310778,0.834485549,0.736310778,0.834485549,0.834485549,0.834485549,0.834485549,0.834485549,0.834485549,0.932660319,0.932660319,0.932660319,0.932660319,3.87790343,3.87790343,3.87790343,3.9760782,3.9760782,3.9760782,3.9760782,4.07425297,4.07425297,4.07425297,4.07425297,4.07425297,4.07425297,4.07425297,4.17242774,4.17242774,4.17242774,4.17242774,4.17242774,4.17242774,4.17242774,4.17242774,4.17242774,4.17242774,4.17242774,4.17242774,4.17242774,4.17242774,4.17242774,4.17242774,4.17242774,4.17242774,4.17242774,4.17242774,4.17242774,4.07425297,4.17242774,4.07425297,4.07425297,4.07425297,4.07425297,4.07425297,4.07425297,4.07425297,4.07425297,4.07425297,3.9760782,3.9760782,3.9760782,3.9760782,3.9760782,3.9760782,3.9760782,3.9760782,3.87790343,3.9760782,3.9760782,3.87790343,3.9760782,3.9760782,3.9760782,3.87790343,3.9760782,3.9760782,3.9760782,3.9760782,3.9760782,3.9760782,3.9760782,3.9760782,3.9760782,3.9760782,3.9760782,3.9760782,3.9760782,3.9760782,3.9760782,3.9760782,3.9760782,3.9760782,3.9760782,3.9760782,3.9760782,3.9760782,3.9760782,3.9760782,3.9760782,3.9760782,3.9760782,3.9760782,4.07425297,4.07425297,4.07425297,4.17242774,4.27060251,4.17242774,4.27060251,4.36877728,4.36877728,4.46695205,4.56512682,4.56512682,4.76147637,4.6633016,4.76147637,4.85965114,4.85965114,4.85965114,4.95782591,4.95782591,4.95782591,5.05600068,5.05600068,5.05600068,5.05600068,5.05600068,5.05600068,5.05600068,5.15417545,5.15417545,5.15417545,5.15417545
193.062330961,C01,AP01,client_to_ap,VHT,2,2,2,80,SU,1,4,122,6637c97e16e6ce8a,6,-68.0,0.932660319,0.932660319,0.932660319,0.932660319,0.932660319,0.932660319,0.932660319,0.932660319,0.932660319,0.932660319,0.932660319,0.932660319,1.03083509,0.932660319,0.932660319,1.03083509,1.03083509,1.03083509,0.932660319,1.03083509,1.03083509,1.03083509,1.03083509,1.03083509,1.03083509,1.03083509,1.03083509,1.03083509,1.03083509,1.03083509,1.03083509,1.03083509,1.03083509,1.03083509,1.03083509,1.03083509,1.03083509,1.03083509,1.03083509,1.03083509,1.03083509,1.03083509,1.03083509,1.03083509,1.03083509,1.03083509,1.03083509,1.03083509,1.03083509,1.03083509,1.03083509,1.03083509,1.03083509,1.03083509,1.03083509,1.03083509,1.03083509,0.932660319,1.03083509,0.932660319,0.932660319,0.932660319,0.932660319,0.932660319,0.932660319,0.932660319,0.932660319,0.932660319,0.932660319,0.932660319,0.932660319,0.932660319,0.932660319,0.932660319,0.932660319,0.932660319,0.932660319,0.932660319,0.932660319,0.932660319,0.932660319,0.932660319,0.834485549,0.834485549,0.834485549,0.834485549,0.834485549,0.736310778,0.736310778,0.736310778,0.736310778,0.736310778,0.638136008,0.638136008,0.638136008,0.638136008,0.638136008,0.638136008,0.638136008,0.638136008,0.638136008,0.638136008,0.638136008,0.638136008,0.638136008,0.638136008,0.736310778,0.736310778,0.736310778,0.736310778,0.736310778,0.736310778,0.834485549,0.834485549,0.834485549,0.834485549,0.834485549,0.834485549,0.932660319,0.932660319,0.932660319,0.932660319,3.87790343,3.9760782,3.9760782,3.9760782,3.9760782,3.9760782,3.9760782,4.07425297,4.07425297,4.07425297,4.07425297,4.07425297,4.07425297,4.07425297,4.07425297,4.07425297,4.17242774,4.07425297,4.17242774,4.17242774,4.17242774,4.17242774,4.17242774,4.17242774,4.17242774,4.17242774,4.17242774,4.17242774,4.17242774,4.17242774,4.17242774,4.17242774,4.17242774,4.17242774,4.07425297,4.17242774,4.17242774,4.07425297,4.07425297,4.07425297,4.07425297,4.07425297,3.9760782,3.9760782,4.07425297,3.9760782,3.9760782,3.9760782,3.9760782,3.9760782,3.9760782,3.9760782,3.9760782,3.9760782,3.87790343,3.87790343,3.9760782,3.9760782,3.87790343,3.87790343,3.9760782,3.87790343,3.87790343,3.9760782,3.9760782,3.9760782,3.9760782,3.9760782,3.9760782,3.9760782,3.9760782,3.9760782,3.9760782,3.9760782,3.9760782,3.9760782,3.9760782,3.9760782,3.9760782,3.9760782,3.9760782,3.9760782,3.9760782,3.9760782,3.9760782,3.9760782,3.9760782,3.9760782,4.07425297,3.9760782,4.07425297,4.07425297,4.07425297,4.17242774,4.17242774,4.27060251,4.27060251,4.27060251,4.36877728,4.46695205,4.56512682,4.56512682,4.6633016,4.6633016,4.76147637,4.85965114,4.85965114,4.85965114,4.95782591,4.95782591,4.95782591,5.05600068,5.05600068,5.05600068,5.05600068,5.05600068,5.05600068,5.05600068,5.15417545,5.05600068,5.05600068,5.15417545
194.394486904,C01,AP01,client_to_ap,VHT,2,2,2,80,SU,1,4,122,6637c97e16e6ce8a,6,-68.0,0.932660319,0.932660319,0.932660319,0.932660319,0.932660319,0.932660319,0.932660319,0.932660319,0.932660319,0.932660319,0.932660319,0.932660319,0.932660319,0.932660319,0.932660319,1.03083509,0.932660319,1.03083509,1.03083509,1.03083509,1.03083509,1.03083509,1.03083509,1.03083509,1.03083509,1.03083509,1.03083509,1.03083509,1.03083509,1.03083509,1.03083509,1.03083509,1.03083509,1.03083509,1.03083509,1.03083509,1.03083509,1.03083509,1.03083509,1.03083509,1.03083509,1.03083509,1.03083509,1.03083509,1.03083509,1.03083509,1.03083509,1.03083509,1.03083509,1.03083509,1.03083509,1.03083509,1.03083509,1.03083509,1.03083509,1.03083509,1.03083509,1.03083509,1.03083509,1.03083509,1.03083509,1.03083509,1.03083509,1.03083509,0.932660319,0.932660319,0.932660319,0.932660319,0.932660319,0.932660319,0.932660319,0.932660319,0.932660319,0.932660319,0.932660319,0.932660319,0.932660319,0.932660319,0.932660319,0.932660319,0.932660319,0.932660319,0.932660319,0.834485549,0.834485549,0.834485549,0.834485549,0.834485549,0.736310778,0.736310778,0.736310778,0.736310778,0.736310778,0.736310778,0.638136008,0.638136008,0.638136008,0.638136008,0.638136008,0.638136008,0.638136008,0.638136008,0.638136008,0.638136008,0.638136008,0.736310778,0.736310778,0.736310778,0.736310778,0.736310778,0.736310778,0.736310778,0.834485549,0.834485549,0.834485549,0.834485549,0.834485549,0.834485549,0.932660319,0.932660319,0.932660319,0.932660319,3.87790343,3.9760782,3.9760782,3.9760782,3.9760782,4.07425297,3.9760782,4.07425297,4.07425297,4.07425297,4.07425297,4.07425297,4.07425297,4.07425297,4.07425297,4.07425297,4.07425297,4.17242774,4.17242774,4.17242774,4.17242774,4.17242774,4.17242774,4.17242774,4.17242774,4.17242774,4.17242774,4.17242774,4.17242774,4.17242774,4.17242774,4.17242774,4.17242774,4.17242774,4.17242774,4.07425297,4.07425297,4.07425297,4.07425297,4.07425297,4.07425297,4.07425297,4.07425297,4.07425297,4.07425297,3.9760782,3.9760782,3.9760782,3.9760782,3.9760782,3.9760782,3.9760782,3.9760782,3.9760782,3.9760782,3.87790343,3.9760782,3.9760782,3.87790343,3.9760782,3.9760782,3.9760782,3.9760782,3.9760782,3.9760782,3.9760782,3.9760782,3.9760782,3.9760782,3.9760782,3.9760782,3.9760782,3.9760782,3.9760782,4.07425297,3.9760782,3.9760782,3.9760782,3.9760782,3.9760782,3.9760782,3.9760782,3.9760782,3.9760782,3.9760782,3.9760782,3.9760782,3.9760782,3.9760782,3.9760782,4.07425297,4.07425297,4.07425297,4.17242774,4.17242774,4.27060251,4.27060251,4.36877728,4.46695205,4.46695205,4.56512682,4.56512682,4.76147637,4.76147637,4.76147637,4.85965114,4.85965114,4.85965114,4.95782591,4.95782591,4.95782591,4.95782591,5.05600068,5.05600068,5.05600068,5.05600068,5.05600068,5.05600068,5.15417545,5.05600068,5.15417545,5.15417545
195.729948997,C01,AP01,client_to_ap,VHT,2,2,2,80,SU,1,4,122,6637c97e16e6ce8a,6,-68.0,0.834485549,0.834485549,0.932660319,0.932660319,0.932660319,0.932660319,0.932660319,0.932660319,0.932660319,0.932660319,0.932660319,0.932660319,0.932660319,0.932660319,0.932660319,0.932660319,0.932660319,0.932660319,0.932660319,1.03083509,0.932660319,0.932660319,0.932660319,1.03083509,1.03083509,1.03083509,1.03083509,1.03083509,1.03083509,1.03083509,1.03083509,1.03083509,1.03083509,1.03083509,1.03083509,1.03083509,1.03083509,1.03083509,1.03083509,1.03083509,1.03083509,1.03083509,1.03083509,1.03083509,1.03083509,0.932660319,1.03083509,1.03083509,0.932660319,0.932660319,0.932660319,0.932660319,0.932660319,0.932660319,0.932660319,0.932660319,0.932660319,0.932660319,0.932660319,0.932660319,0.932660319,0.932660319,0.932660319,0.932660319,0.932660319,0.932660319,0.932660319,0.932660319,0.932660319,0.932660319,0.932660319,0.932660319,0.932660319,0.932660319,0.932660319,0.932660319,0.932660319,0.932660319,0.932660319,0.834485549,0.834485549,0.834485549,0.834485549,0.834485549,0.834485549,0.736310778,0.736310778,0.736310778,0.736310778,0.736310778,0.638136008,0.638136008,0.638136008,0.638136008,0.638136008,0.539961237,0.539961237,0.539961237,0.539961237,0.539961237,0.539961237,0.539961237,0.638136008,0.638136008,0.638136008,0.638136008,0.638136008,0.638136008,0.736310778,0.736310778,0.736310778,0.736310778,0.736310778,0.736310778,0.834485549,0.834485549,0.834485549,0.834485549,0.932660319,0.932660319,0.932660319,0.932660319,3.87790343,3.9760782,3.9760782,3.9760782,3.9760782,3.9760782,3.9760782,3.9760782,4.07425297,4.07425297,3.9760782,4.07425297,4.07425297,4.07425297,4.07425297,4.07425297,4.07425297,4.07425297,4.07425297,4.07425297,4.07425297,4.17242774,4.07425297,4.07425297,4.07425297,4.07425297,4.07425297,4.17242774,4.07425297,4.07425297,4.07425297,4.07425297,4.07425297,4.07425297,4.07425297,4.07425297,4.07425297,4.07425297,4.07425297,4.07425297,4.07425297,3.9760782,3.9760782,3.9760782,3.9760782,3.9760782,3.9760782,3.9760782,3.9760782,3.9760782,3.9760782,3.9760782,3.9760782,3.87790343,3.87790343,3.87790343,3.87790343,3.87790343,3.87790343,3.87790343,3.87790343,3.87790343,3.87790343,3.87790343,3.87790343,3.87790343,3.87790343,3.87790343,3.9760782,3.9760782,3.9760782,3.87790343,3.9760782,3.9760782,3.9760782,3.9760782,3.9760782,3.9760782,3.87790343,3.9760782,3.87790343,3.87790343,3.87790343,3.87790343,3.87790343,3.9760782,3.87790343,3.9760782,3.9760782,3.9760782,4.07425297,3.9760782,3.9760782,4.07425297,4.07425297,4.17242774,4.27060251,4.27060251,4.36877728,4.46695205,4.56512682,4.56512682,4.6633016,4.76147637,4.76147637,4.85965114,4.85965114,4.95782591,4.95782591,4.95782591,5.05600068,5.05600068,5.15417545,5.15417545,5.05600068,5.15417545,5.15417545,5.15417545,5.15417545,5.15417545,5.15417545,5.15417545
197.062099934,C01,AP01,client_to_ap,VHT,2,2,2,80,SU,1,4,122,6637c97e16e6ce8a,6,-68.0,0.834485549,0.932660319,0.932660319,0.932660319,0.932660319,0.932660319,0.932660319,0.932660319,0.932660319,0.932660319,0.932660319,0.932660319,0.932660319,0.932660319,0.932660319,1.03083509,1.03083509,1.03083509,1.03083509,1.03083509,1.03083509,1.03083509,1.03083509,1.03083509,1.03083509,1.03083509,1.03083509,1.03083509,1.03083509,1.03083509,1.03083509,1.03083509,1.03083509,1.03083509,1.03083509,1.03083509,1.03083509,1.03083509,1.03083509,1.03083509,1.03083509,1.03083509,1.03083509,1.03083509,1.03083509,1.03083509,1.03083509,1.03083509,1.03083509,1.03083509,1.03083509,1.03083509,1.03083509,1.03083509,1.03083509,1.03083509,1.03083509,0.932660319,0.932660319,1.03083509,1.03083509,0.932660319,0.932660319,0.932660319,0.932660319,0.932660319,0.932660319,0.932660319,0.932660319,0.932660319,0.932660319,0.932660319,0.932660319,0.932660319,0.932660319,0.932660319,0.932660319,0.932660319,0.932660319,0.932660319,0.932660319,0.834485549,0.834485549,0.834485549,0.834485549,0.834485549,0.834485549,0.834485549,0.736310778,0.736310778,0.736310778,0.736310778,0.638136008,0.638136008,0.638136008,0.638136008,0.638136008,0.638136008,0.638136008,0.539961237,0.638136008,0.638136008,0.638136008,0.638136008,0.638136008,0.736310778,0.736310778,0.736310778,0.736310778,0.736310778,0.736310778,0.736310778,0.834485549,0.834485549,0.834485549,0.834485549,0.834485549,0.834485549,0.932660319,0.932660319,0.932660319,0.932660319,3.87790343,3.9760782,3.9760782,4.07425297,4.07425297,3.9760782,3.9760782,4.07425297,4.07425297,4.07425297,3.9760782,4.07425297,4.07425297,4.07425297,4.07425297,4.07425297,4.07425297,4.07425297,4.17242774,4.07425297,4.07425297,4.17242774,4.17242774,4.17242774,4.17242774,4.17242774,4.17242774,4.17242774,4.17242774,4.07425297,4.07425297,4.17242774,4.17242774,4.07425297,4.07425297,4.07425297,4.07425297,4.07425297,4.07425297,4.07425297,4.07425297,4.07425297,4.07425297,4.07425297,4.07425297,3.9760782,3.9760782,3.9760782,3.9760782,3.9760782,3.9760782,3.9760782,3.9760782,3.9760782,3.9760782,3.9760782,3.9760782,3.9760782,3.87790343,3.9760782,3.87790343,3.9760782,3.9760782,3.9760782,3.9760782,3.9760782,3.9760782,3.9760782,3.9760782,3.9760782,3.9760782,3.9760782,3.9760782,3.9760782,3.9760782,3.9760782,3.9760782,3.9760782,3.9760782,3.9760782,3.9760782,3.9760782,3.87790343,3.9760782,3.9760782,3.9760782,3.9760782,3.9760782,3.9760782,3.9760782,4.07425297,3.9760782,4.07425297,4.07425297,4.17242774,4.17242774,4.27060251,4.36877728,4.36877728,4.46695205,4.46695205,4.56512682,4.6633016,4.76147637,4.76147637,4.85965114,4.85965114,4.85965114,4.95782591,4.95782591,5.05600068,5.05600068,5.05600068,5.05600068,5.05600068,5.15417545,5.15417545,5.15417545,5.15417545,5.15417545,5.15417545,5.15417545
198.394037962,C01,AP01,client_to_ap,VHT,2,2,2,80,SU,1,4,122,6637c97e16e6ce8a,6,-68.0,0.932660319,0.932660319,0.932660319,0.932660319,0.932660319,0.932660319,0.932660319,0.932660319,0.932660319,0.932660319,0.932660319,0.932660319,0.932660319,0.932660319,0.932660319,1.03083509,1.03083509,1.03083509,1.03083509,1.03083509,1.03083509,1.03083509,1.03083509,1.03083509,1.03083509,1.03083509,1.03083509,1.03083509,1.03083509,1.03083509,1.03083509,1.03083509,1.03083509,1.03083509,1.03083509,1.03083509,1.03083509,1.03083509,1.03083509,1.03083509,1.03083509,1.03083509,1.03083509,1.03083509,1.03083509,1.03083509,1.03083509,1.03083509,1.03083509,1.03083509,1.03083509,1.03083509,1.03083509,1.03083509,1.03083509,1.03083509,1.03083509,1.03083509,1.03083509,1.03083509,1.03083509,0.932660319,1.03083509,0.932660319,0.932660319,0.932660319,0.932660319,0.932660319,0.932660319,0.932660319,0.932660319,0.932660319,0.932660319,0.932660319,0.932660319,0.932660319,0.932660319,0.932660319,0.932660319,0.932660319,0.932660319,0.932660319,0.932660319,0.834485549,0.834485549,0.834485549,0.834485549,0.834485549,0.736310778,0.736310778,0.736310778,0.736310778,0.638136008,0.638136008,0.638136008,0.638136008,0.638136008,0.638136008,0.638136008,0.638136008,0.638136008,0.638136008,0.638136008,0.638136008,0.638136008,0.736310778,0.736310778,0.736310778,0.736310778,0.736310778,0.834485549,0.834485549,0.834485549,0.834485549,0.834485549,0.834485549,0.834485549,0.834485549,0.932660319,0.932660319,0.932660319,0.932660319,3.87790343,3.9760782,3.9760782,3.9760782,3.9760782,3.9760782,3.9760782,4.07425297,4.07425297,4.07425297,4.07425297,4.07425297,4.07425297,4.07425297,4.07425297,4.07425297,4.07425297,4.07425297,4.17242774,4.17242774,4.17242774,4.17242774,4.17242774,4.17242774,4.17242774,4.17242774,4.17242774,4.17242774,4.17242774,4.17242774,4.17242774,4.17242774,4.17242774,4.17242774,4.17242774,4.17242774,4.17242774,4.17242774,4.17242774,4.07425297,4.07425297,4.07425297,4.07425297,4.07425297,4.07425297,4.07425297,4.07425297,3.9760782,4.07425297,3.9760782,3.9760782,3.9760782,3.9760782,3.9760782,3.9760782,3.9760782,3.9760782,3.9760782,3.9760782,3.9760782,3.9760782,3.9760782,3.9760782,3.9760782,3.9760782,3.9760782,3.9760782,3.9760782,3.9760782,3.9760782,3.9760782,3.9760782,4.07425297,3.9760782,4.07425297,4.07425297,4.07425297,3.9760782,3.9760782,4.07425297,3.9760782,3.9760782,3.9760782,3.9760782,3.9760782,3.9760782,3.9760782,4.07425297,4.07425297,4.07425297,4.07425297,4.07425297,4.17242774,4.17242774,4.27060251,4.27060251,4.36877728,4.27060251,4.46695205,4.46695205,4.56512682,4.6633016,4.6633016,4.76147637,4.76147637,4.85965114,4.85965114,4.85965114,4.95782591,4.95782591,5.05600068,4.95782591,5.05600068,5.05600068,5.05600068,5.05600068,5.05600068,5.15417545,5.15417545,5.15417545,5.15417545,5.15417545
199.730267048,C01,AP01,client_to_ap,VHT,2,2,2,80,SU,1,4,122,6637c97e16e6ce8a,6,-68.0,0.834485549,0.932660319,0.932660319,0.932660319,0.932660319,0.932660319,0.932660319,0.932660319,0.932660319,0.932660319,0.932660319,0.932660319,0.932660319,0.932660319,0.932660319,0.932660319,1.03083509,0.932660319,0.932660319,0.932660319,1.03083509,1.03083509,1.03083509,1.03083509,1.03083509,1.03083509,1.03083509,1.03083509,1.03083509,1.03083509,1.03083509,1.03083509,1.03083509,1.03083509,1.03083509,1.03083509,1.03083509,1.03083509,1.03083509,1.03083509,1.03083509,1.03083509,1.03083509,1.03083509,1.03083509,1.03083509,1.03083509,1.03083509,1.03083509,1.03083509,1.03083509,1.03083509,1.03083509,1.03083509,1.03083509,1.03083509,0.932660319,0.932660319,0.932660319,0.932660319,1.03083509,0.932660319,0.932660319,0.932660319,0.932660319,0.932660319,0.932660319,0.932660319,0.932660319,0.932660319,0.932660319,0.932660319,0.932660319,0.932660319,0.932660319,0.932660319,0.932660319,0.932660319,0.932660319,0.932660319,0.932660319,0.834485549,0.834485549,0.834485549,0.834485549,0.834485549,0.834485549,0.736310778,0.736310778,0.736310778,0.736310778,0.638136008,0.638136008,0.638136008,0.638136008,0.638136008,0.638136008,0.539961237,0.638136008,0.539961237,0.638136008,0.638136008,0.638136008,0.638136008,0.638136008,0.638136008,0.638136008,0.736310778,0.736310778,0.736310778,0.736310778,0.736310778,0.736310778,0.834485549,0.834485549,0.834485549,0.834485549,0.834485549,0.932660319,0.932660319,0.932660319,0.932660319,3.87790343,3.9760782,3.87790343,3.9760782,3.9760782,3.9760782,3.9760782,4.07425297,4.07425297,4.07425297,4.07425297,4.07425297,4.07425297,4.07425297,4.07425297,4.07425297,4.07425297,4.07425297,4.07425297,4.07425297,4.17242774,4.17242774,4.17242774,4.17242774,4.07425297,4.17242774,4.17242774,4.17242774,4.17242774,4.07425297,4.17242774,4.17242774,4.07425297,4.07425297,4.17242774,4.17242774,4.17242774,4.07425297,4.07425297,4.07425297,4.07425297,3.9760782,4.07425297,4.07425297,3.9760782,3.9760782,3.9760782,3.9760782,3.9760782,3.9760782,3.9760782,3.9760782,3.9760782,3.9760782,3.9760782,3.9760782,3.9760782,3.9760782,3.9760782,3.9760782,3.9760782,3.87790343,3.9760782,3.9760782,3.9760782,3.9760782,3.9760782,3.9760782,3.9760782,3.9760782,3.9760782,3.9760782,3.9760782,3.9760782,3.9760782,3.9760782,3.9760782,3.9760782,3.9760782,3.9760782,3.9760782,3.9760782,3.9760782,3.9760782,3.9760782,3.9760782,3.9760782,3.9760782,3.9760782,3.9760782,3.9760782,4.07425297,4.07425297,4.17242774,4.17242774,4.17242774,4.27060251,4.36877728,4.36877728,4.46695205,4.56512682,4.56512682,4.76147637,4.6633016,4.85965114,4.85965114,4.95782591,4.95782591,4.95782591,4.95782591,5.05600068,5.05600068,5.05600068,5.05600068,5.05600068,5.15417545,5.15417545,5.15417545,5.15417545,5.15417545,5.15417545,5.15417545
201.061655998,C01,AP01,client_to_ap,VHT,2,2,2,80,SU,1,4,122,6637c97e16e6ce8a,6,-68.0,0.932660319,0.932660319,1.03083509,1.03083509,1.03083509,1.03083509,1.03083509,1.03083509,1.03083509,1.03083509,1.03083509,1.03083509,1.03083509,1.03083509,1.03083509,1.03083509,1.03083509,1.03083509,1.03083509,1.03083509,1.12900986,1.03083509,1.12900986,1.12900986,1.12900986,1.12900986,1.12900986,1.12900986,1.12900986,1.12900986,1.03083509,1.12900986,1.12900986,1.03083509,1.12900986,1.12900986,1.03083509,1.03083509,1.03083509,1.12900986,1.12900986,1.03083509,1.03083509,1.03083509,1.03083509,1.03083509,1.03083509,1.03083509,1.03083509,1.03083509,1.03083509,1.03083509,1.03083509,1.03083509,1.03083509,1.03083509,1.03083509,1.03083509,1.03083509,1.03083509,1.03083509,1.03083509,1.03083509,1.03083509,1.03083509,1.03083509,1.03083509,1.03083509,1.03083509,1.03083509,1.03083509,1.03083509,1.03083509,1.03083509,1.03083509,1.03083509,1.03083509,0.932660319,0.932660319,0.932660319,0.932660319,0.932660319,0.932660319,0.932660319,0.932660319,0.932660319,0.932660319,0.834485549,0.834485549,0.834485549,0.834485549,0.834485549,0.736310778,0.736310778,0.736310778,0.736310778,0.638136008,0.638136008,0.638136008,0.638136008,0.638136008,0.638136008,0.638136008,0.638136008,0.736310778,0.736310778,0.736310778,0.736310778,0.736310778,0.736310778,0.834485549,0.834485549,0.834485549,0.834485549,0.834485549,0.834485549,0.932660319,0.932660319,0.932660319,0.932660319,0.932660319,0.932660319,3.87790343,3.87790343,3.87790343,3.9760782,3.9760782,3.9760782,3.9760782,3.9760782,4.07425297,3.9760782,3.9760782,4.07425297,4.07425297,3.9760782,4.07425297,3.9760782,4.07425297,4.07425297,4.07425297,4.07425297,4.07425297,4.07425297,3.9760782,4.07425297,3.9760782,4.07425297,4.07425297,3.9760782,4.07425297,4.07425297,3.9760782,4.07425297,3.9760782,4.07425297,3.9760782,3.9760782,3.9760782,3.9760782,3.9760782,3.9760782,3.9760782,3.9760782,3.9760782,3.9760782,3.9760782,3.9760782,3.9760782,3.87790343,3.9760782,3.87790343,3.87790343,3.87790343,3.87790343,3.87790343,3.87790343,3.87790343,3.87790343,3.87790343,3.87790343,3.87790343,3.87790343,3.87790343,3.87790343,3.87790343,3.87790343,3.87790343,3.87790343,3.9760782,3.9760782,3.9760782,3.9760782,3.9760782,3.9760782,3.9760782,3.9760782,3.9760782,3.9760782,3.9760782,3.9760782,3.9760782,3.9760782,3.9760782,3.9760782,3.9760782,3.9760782,3.9760782,3.9760782,3.9760782,3.9760782,3.9760782,3.9760782,4.07425297,3.9760782,4.07425297,4.07425297,4.17242774,4.17242774,4.27060251,4.36877728,4.36877728,4.46695205,4.46695205,4.56512682,4.6633016,4.6633016,4.76147637,4.76147637,4.85965114,4.85965114,4.95782591,4.95782591,4.95782591,4.95782591,5.05600068,4.95782591,5.05600068,5.05600068,5.05600068,5.05600068,5.05600068,5.05600068,5.05600068
202.395093918,C01,AP01,client_to_ap,VHT,2,2,2,80,SU,1,4,122,6637c97e16e6ce8a,6,-68.0,0.834485549,0.834485549,0.834485549,0.834485549,0.834485549,0.834485549,0.834485549,0.736310778,0.736310778,0.834485549,0.736310778,0.834485549,0.834485549,0.736310778,0.834485549,0.736310778,0.736310778,0.736310778,0.736310778,0.834485549,0.736310778,0.834485549,0.834485549,0.834485549,0.736310778,0.834485549,0.834485549,0.834485549,0.834485549,0.834485549,0.834485549,0.834485549,0.834485549,0.834485549,0.834485549,0.834485549,0.834485549,0.834485549,0.834485549,0.834485549,0.834485549,0.834485549,0.834485549,0.834485549,0.834485549,0.834485549,0.834485549,0.834485549,0.834485549,0.834485549,0.834485549,0.834485549,0.834485549,0.834485549,0.736310778,0.736310778,0.736310778,0.736310778,0.736310778,0.736310778,0.736310778,0.736310778,0.736310778,0.736310778,0.736310778,0.736310778,0.638136008,0.638136008,0.736310778,0.736310778,0.638136008,0.638136008,0.638136008,0.638136008,0.638136008,0.638136008,0.638136008,0.638136008,0.638136008,0.638136008,0.539961237,0.539961237,0.539961237,0.441786467,0.441786467,0.441786467,0.343611696,0.343611696,0.343611696,0.343611696,0.343611696,0.343611696,0.343611696,0.441786467,0.441786467,0.441786467,0.441786467,0.441786467,0.539961237,0.539961237,0.539961237,0.638136008,0.638136008,0.638136008,0.638136008,0.638136008,0.736310778,0.736310778,0.736310778,0.736310778,0.736310778,0.834485549,0.834485549,0.834485549,0.834485549,0.834485549,0.834485549,0.834485549,0.932660319,0.932660319,0.932660319,0.932660319,3.9760782,3.9760782,3.9760782,4.07425297,4.07425297,4.07425297,4.07425297,4.07425297,4.07425297,4.07425297,4.07425297,4.17242774,4.17242774,4.17242774,4.17242774,4.17242774,4.17242774,4.17242774,4.27060251,4.27060251,4.27060251,4.27060251,4.27060251,4.36877728,4.27060251,4.27060251,4.36877728,4.36877728,4.36877728,4.36877728,4.36877728,4.36877728,4.36877728,4.36877728,4.36877728,4.36877728,4.36877728,4.36877728,4.36877728,4.36877728,4.36877728,4.36877728,4.46695205,4.36877728,4.36877728,4.36877728,4.36877728,4.36877728,4.36877728,4.36877728,4.36877728,4.36877728,4.36877728,4.36877728,4.36877728,4.36877728,4.36877728,4.36877728,4.36877728,4.36877728,4.36877728,4.36877728,4.36877728,4.36877728,4.46695205,4.46695205,4.36877728,4.46695205,4.46695205,4.46695205,4.46695205,4.46695205,4.46695205,4.46695205,4.46695205,4.36877728,4.36877728,4.46695205,4.36877728,4.36877728,4.36877728,4.36877728,4.46695205,4.46695205,4.46695205,4.56512682,4.6633016,4.85965114,4.95782591,5.05600068,5.15417545,5.35052499,5.35052499,5.44869976,5.6450493,5.74322407,5.74322407,5.74322407,5.84139884,5.84139884,5.84139884,5.84139884,5.84139884,5.84139884,5.84139884,5.84139884,5.84139884,5.84139884,5.93957361,5.93957361,5.93957361,5.84139884,5.84139884,5.84139884,5.84139884,5.84139884,5.84139884,5.84139884,5.84139884,5.84139884,5.74322407,5.84139884
203.730205059,C01,AP01,client_to_ap,VHT,2,2,2,80,SU,1,4,122,6637c97e16e6ce8a,6,-68.0,1.22718463,1.22718463,1.22718463,1.22718463,1.22718463,1.22718463,1.22718463,1.22718463,1.22718463,1.22718463,1.22718463,1.22718463,1.3253594,1.22718463,1.22718463,1.3253594,1.3253594,1.22718463,1.22718463,1.22718463,1.22718463,1.22718463,1.22718463,1.22718463,1.22718463,1.22718463,1.22718463,1.22718463,1.22718463,1.22718463,1.22718463,1.22718463,1.22718463,1.22718463,1.22718463,1.22718463,1.22718463,1.12900986,1.12900986,1.22718463,1.12900986,1.12900986,1.12900986,1.12900986,1.12900986,1.12900986,1.12900986,1.12900986,1.12900986,1.12900986,1.12900986,1.12900986,1.12900986,1.12900986,1.12900986,1.12900986,1.12900986,1.12900986,1.12900986,1.12900986,1.12900986,1.03083509,1.12900986,1.12900986,1.03083509,1.03083509,1.12900986,1.12900986,1.03083509,1.03083509,1.12900986,1.12900986,1.03083509,1.03083509,1.12900986,1.12900986,1.12900986,1.12900986,1.12900986,1.12900986,1.12900986,1.12900986,1.12900986,1.12900986,1.12900986,1.03083509,1.12900986,1.03083509,1.03083509,1.03083509,1.03083509,1.03083509,0.932660319,0.932660319,0.932660319,0.834485549,0.834485549,0.834485549,0.834485549,0.834485549,0.736310778,0.736310778,0.736310778,0.736310778,0.736310778,0.834485549,0.736310778,0.736310778,0.736310778,0.834485549,0.834485549,0.834485549,0.834485549,0.834485549,0.932660319,0.834485549,0.834485549,0.834485549,0.834485549,0.932660319,0.932660319,0.932660319,3.87790343,3.9760782,3.9760782,3.9760782,4.07425297,4.07425297,4.07425297,4.07425297,4.07425297,3.9760782,3.87790343,3.9760782,3.87790343,3.87790343,3.77972866,3.68155389,3.77972866,3.77972866,3.77972866,3.68155389,3.77972866,3.68155389,3.68155389,3.68155389,3.77972866,3.68155389,3.68155389,3.68155389,3.68155389,3.77972866,3.77972866,3.68155389,3.77972866,3.77972866,3.77972866,3.77972866,3.77972866,3.77972866,3.77972866,3.77972866,3.77972866,3.77972866,3.77972866,3.77972866,3.77972866,3.77972866,3.77972866,3.77972866,3.77972866,3.77972866,3.77972866,3.77972866,3.77972866,3.87790343,3.77972866,3.77972866,3.87790343,3.87790343,3.87790343,3.87790343,3.87790343,3.87790343,3.87790343,3.9760782,3.9760782,3.9760782,3.9760782,4.07425297,4.07425297,4.07425297,4.07425297,4.07425297,4.17242774,4.17242774,4.17242774,4.17242774,4.17242774,4.17242774,4.07425297,4.17242774,4.17242774,4.17242774,4.07425297,4.07425297,4.07425297,3.9760782,3.9760782,3.9760782,3.9760782,3.9760782,3.9760782,3.9760782,3.9760782,3.87790343,3.9760782,3.9760782,4.07425297,4.07425297,4.27060251,4.27060251,4.46695205,4.56512682,4.6633016,4.76147637,4.85965114,4.95782591,5.05600068,5.05600068,5.15417545,5.15417545,5.25235022,5.15417545,5.25235022,5.25235022,5.25235022,5.35052499,5.35052499,5.35052499,5.35052499,5.35052499,5.35052499,5.44869976
205.062479019,C01,AP01,client_to_ap,VHT,2,2,2,80,SU,1,4,122,6637c97e16e6ce8a,6,-68.0,1.12900986,1.12900986,1.12900986,1.12900986,1.12900986,1.12900986,1.12900986,1.12900986,1.12900986,1.12900986,1.12900986,1.12900986,1.22718463,1.12900986,1.22718463,1.22718463,1.22718463,1.22718463,1.22718463,1.22718463,1.22718463,1.22718463,1.22718463,1.22718463,1.22718463,1.12900986,1.12900986,1.12900986,1.12900986,1.12900986,1.12900986,1.12900986,1.12900986,1.12900986,1.12900986,1.12900986,1.12900986,1.12900986,1.12900986,1.12900986,1.12900986,1.12900986,1.12900986,1.12900986,1.12900986,1.12900986,1.12900986,1.12900986,1.12900986,1.12900986,1.12900986,1.12900986,1.12900986,1.12900986,1.12900986,1.12900986,1.12900986,1.12900986,1.12900986,1.12900986,1.12900986,1.12900986,1.12900986,1.12900986,1.12900986,1.12900986,1.12900986,1.12900986,1.12900986,1.12900986,1.12900986,1.12900986,1.03083509,1.03083509,1.03083509,1.03083509,1.03083509,1.03083509,1.03083509,1.03083509,1.03083509,1.03083509,1.03083509,1.03083509,1.03083509,0.932660319,0.932660319,0.932660319,0.932660319,0.932660319,0.932660319,0.932660319,0.932660319,0.932660319,0.932660319,0.932660319,0.932660319,0.932660319,0.932660319,0.932660319,0.932660319,0.932660319,0.932660319,0.932660319,0.932660319,1.03083509,1.03083509,1.03083509,1.03083509,1.03083509,1.03083509,1.03083509,1.03083509,1.03083509,1.03083509,1.03083509,1.03083509,1.12900986,1.12900986,1.12900986,1.12900986,1.12900986,3.9760782,3.9760782,3.9760782,4.07425297,4.07425297,4.07425297,4.07425297,4.07425297,4.07425297,4.07425297,4.07425297,4.07425297,4.07425297,4.07425297,4.07425297,4.07425297,3.9760782,3.9760782,3.9760782,3.9760782,3.9760782,3.9760782,3.9760782,3.9760782,3.9760782,3.87790343,3.9760782,3.9760782,3.87790343,3.87790343,3.87790343,3.87790343,3.9760782,3.9760782,3.9760782,3.9760782,3.9760782,3.9760782,3.9760782,3.9760782,3.87790343,3.87790343,3.9760782,3.9760782,3.9760782,3.9760782,3.9760782,3.9760782,3.9760782,3.9760782,3.9760782,3.9760782,3.9760782,3.9760782,3.9760782,3.87790343,3.9760782,3.9760782,3.9760782,3.9760782,3.9760782,3.9760782,3.9760782,3.9760782,3.9760782,3.9760782,3.9760782,3.9760782,4.07425297,4.07425297,4.07425297,3.9760782,4.07425297,3.9760782,4.07425297,4.07425297,4.07425297,4.07425297,3.9760782,4.07425297,3.9760782,3.9760782,4.07425297,4.07425297,4.07425297,4.07425297,4.07425297,4.17242774,4.17242774,4.17242774,4.17242774,4.17242774,4.27060251,4.27060251,4.27060251,4.36877728,4.36877728,4.46695205,4.46695205,4.46695205,4.56512682,4.56512682,4.56512682,4.56512682,4.56512682,4.56512682,4.6633016,4.6633016,4.6633016,4.6633016,4.6633016,4.6633016,4.76147637,4.76147637,4.76147637,4.76147637,4.76147637,4.76147637,4.76147637,4.76147637,4.76147637,4.76147637
206.394290924,C01,AP01,client_to_ap,VHT,2,2,2,80,SU,1,4,122,6637c97e16e6ce8a,6,-68.0,1.03083509,1.03083509,1.03083509,1.03083509,1.03083509,1.03083509,1.03083509,1.03083509,1.03083509,1.03083509,1.03083509,1.03083509,1.03083509,1.03083509,1.03083509,1.03083509,1.03083509,1.03083509,1.03083509,1.03083509,1.03083509,1.03083509,1.03083509,1.03083509,1.03083509,1.03083509,1.03083509,1.03083509,1.03083509,1.03083509,1.03083509,1.03083509,1.03083509,1.03083509,1.03083509,1.03083509,1.03083509,1.03083509,1.03083509,1.03083509,1.03083509,1.03083509,1.03083509,1.03083509,1.03083509,1.03083509,1.03083509,1.03083509,1.03083509,1.03083509,1.03083509,1.03083509,1.03083509,1.03083509,1.03083509,1.03083509,1.03083509,1.03083509,1.03083509,1.03083509,1.03083509,1.03083509,1.03083509,1.03083509,1.03083509,1.03083509,1.03083509,0.932660319,0.932660319,0.932660319,0.932660319,0.932660319,0.932660319,0.932660319,0.932660319,0.932660319,0.932660319,0.932660319,0.932660319,0.932660319,0.932660319,0.834485549,0.834485549,0.834485549,0.834485549,0.834485549,0.834485549,0.834485549,0.736310778,0.736310778,0.736310778,0.736310778,0.638136008,0.638136008,0.638136008,0.638136008,0.638136008,0.638136008,0.638136008,0.638136008,0.638136008,0.638136008,0.638136008,0.638136008,0.638136008,0.638136008,0.638136008,0.736310778,0.736310778,0.736310778,0.736310778,0.736310778,0.736310778,0.736310778,0.834485549,0.834485549,0.834485549,0.834485549,0.932660319,0.932660319,0.932660319,0.932660319,3.68155389,3.77972866,3.77972866,3.77972866,3.77972866,3.77972866,3.87790343,3.87790343,3.77972866,3.87790343,3.87790343,3.87790343,3.87790343,3.87790343,3.87790343,3.87790343,3.87790343,3.87790343,3.87790343,3.9760782,3.9760782,3.9760782,3.9760782,3.9760782,3.9760782,3.9760782,3.9760782,3.9760782,3.9760782,3.9760782,3.9760782,3.9760782,3.9760782,3.9760782,3.9760782,3.9760782,3.9760782,3.9760782,3.9760782,3.9760782,3.9760782,3.9760782,3.87790343,3.9760782,3.87790343,3.9760782,3.87790343,3.87790343,3.87790343,3.87790343,3.87790343,3.87790343,3.87790343,3.87790343,3.87790343,3.87790343,3.87790343,3.77972866,3.87790343,3.87790343,3.87790343,3.87790343,3.87790343,3.87790343,3.87790343,3.87790343,3.87790343,3.87790343,3.87790343,3.87790343,3.87790343,3.87790343,3.87790343,3.87790343,3.87790343,3.9760782,3.87790343,3.87790343,3.87790343,3.87790343,3.87790343,3.87790343,3.87790343,3.87790343,3.87790343,3.87790343,3.87790343,3.87790343,3.9760782,3.9760782,3.9760782,3.9760782,4.07425297,4.07425297,4.17242774,4.17242774,4.27060251,4.36877728,4.36877728,4.46695205,4.56512682,4.6633016,4.6633016,4.6633016,4.85965114,4.85965114,4.85965114,4.95782591,4.95782591,5.05600068,5.05600068,5.05600068,5.05600068,5.15417545,5.15417545,5.15417545,5.15417545,5.15417545,5.15417545,5.15417545,5.15417545,5.15417545
207.730278015,C01,AP01,client_to_ap,VHT,2,2,2,80,SU,1,4,122,6637c97e16e6ce8a,6,-68.0,1.03083509,1.03083509,1.03083509,1.12900986,1.12900986,1.12900986,1.03083509,1.12900986,1.12900986,1.12900986,1.12900986,1.12900986,1.12900986,1.12900986,1.12900986,1.12900986,1.12900986,1.12900986,1.12900986,1.12900986,1.12900986,1.12900986,1.12900986,1.12900986,1.12900986,1.12900986,1.12900986,1.12900986,1.12900986,1.12900986,1.12900986,1.12900986,1.03083509,1.03083509,1.12900986,1.03083509,1.03083509,1.03083509,1.03083509,1.03083509,1.03083509,1.03083509,1.03083509,1.03083509,1.03083509,1.03083509,1.03083509,1.03083509,1.03083509,1.03083509,1.03083509,1.03083509,1.03083509,1.03083509,1.03083509,1.03083509,1.03083509,1.03083509,1.03083509,1.03083509,1.03083509,1.03083509,1.03083509,0.932660319,0.932660319,0.932660319,0.932660319,0.932660319,0.932660319,0.932660319,0.932660319,0.932660319,0.932660319,0.932660319,0.932660319,0.932660319,0.932660319,0.932660319,0.932660319,0.932660319,0.932660319,0.932660319,0.932660319,0.932660319,0.932660319,0.834485549,0.834485549,0.834485549,0.834485549,0.736310778,0.834485549,0.736310778,0.736310778,0.736310778,0.736310778,0.736310778,0.736310778,0.736310778,0.736310778,0.638136008,0.638136008,0.736310778,0.736310778,0.736310778,0.736310778,0.736310778,0.736310778,0.736310778,0.736310778,0.834485549,0.834485549,0.834485549,0.834485549,0.834485549,0.834485549,0.834485549,0.834485549,0.932660319,0.932660319,0.932660319,0.932660319,0.932660319,3.87790343,3.87790343,3.9760782,3.9760782,3.9760782,3.9760782,3.9760782,3.9760782,3.9760782,3.9760782,4.07425297,3.9760782,4.07425297,3.9760782,3.9760782,3.9760782,3.9760782,3.9760782,3.9760782,3.9760782,3.9760782,3.9760782,3.9760782,3.9760782,3.9760782,3.9760782,3.9760782,3.9760782,3.9760782,3.87790343,3.87790343,3.87790343,3.87790343,3.87790343,3.87790343,3.87790343,3.87790343,3.87790343,3.87790343,3.87790343,3.87790343,3.87790343,3.87790343,3.87790343,3.87790343,3.87790343,3.87790343,3.87790343,3.87790343,3.87790343,3.87790343,3.87790343,3.87790343,3.87790343,3.87790343,3.9760782,3.87790343,3.9760782,3.9760782,3.9760782,3.9760782,3.9760782,3.9760782,3.9760782,3.9760782,3.9760782,4.07425297,3.9760782,4.07425297,4.07425297,4.07425297,4.07425297,4.07425297,4.07425297,4.07425297,4.07425297,4.07425297,4.07425297,4.07425297,4.07425297,4.07425297,4.07425297,4.07425297,4.07425297,4.07425297,4.07425297,4.07425297,4.07425297,4.07425297,4.07425297,4.07425297,4.07425297,4.17242774,4.17242774,4.17242774,4.27060251,4.27060251,4.36877728,4.36877728,4.46695205,4.46695205,4.56512682,4.6633016,4.6633016,4.76147637,4.85965114,4.85965114,4.85965114,4.85965114,4.95782591,4.95782591,4.95782591,4.95782591,4.95782591,4.95782591,5.05600068,5.05600068,5.05600068,5.05600068,5.05600068,5.05600068,4.95782591
209.062705994,C01,AP01,client_to_ap,VHT,2,2,2,80,SU,1,4,122,6637c97e16e6ce8a,6,-68.0,1.03083509,1.03083509,1.12900986,1.12900986,1.12900986,1.12900986,1.12900986,1.12900986,1.12900986,1.12900986,1.12900986,1.12900986,1.12900986,1.12900986,1.03083509,1.12900986,1.12900986,1.12900986,1.12900986,1.12900986,1.12900986,1.12900986,1.03083509,1.12900986,1.12900986,1.12900986,1.12900986,1.12900986,1.12900986,1.12900986,1.12900986,1.12900986,1.12900986,1.12900986,1.12900986,1.12900986,1.12900986,1.03083509,1.03083509,1.12900986,1.03083509,1.03083509,1.03083509,1.03083509,1.03083509,1.03083509,1.03083509,1.03083509,1.03083509,1.03083509,1.03083509,1.03083509,1.03083509,1.03083509,1.03083509,1.03083509,1.03083509,1.03083509,1.03083509,1.03083509,1.03083509,1.03083509,1.03083509,1.03083509,1.03083509,1.03083509,1.03083509,1.03083509,1.03083509,1.03083509,1.03083509,1.03083509,1.03083509,1.03083509,1.03083509,1.03083509,1.03083509,1.03083509,1.03083509,0.932660319,0.932660319,0.932660319,0.932660319,0.932660319,0.932660319,0.932660319,0.932660319,0.834485549,0.834485549,0.834485549,0.834485549,0.834485549,0.834485549,0.834485549,0.736310778,0.736310778,0.736310778,0.736310778,0.736310778,0.736310778,0.736310778,0.736310778,0.736310778,0.736310778,0.736310778,0.736310778,0.736310778,0.834485549,0.834485549,0.834485549,0.834485549,0.834485549,0.834485549,0.834485549,0.932660319,0.932660319,0.932660319,0.932660319,0.932660319,0.932660319,0.932660319,0.932660319,3.87790343,3.87790343,3.87790343,3.9760782,3.9760782,3.9760782,3.9760782,3.9760782,3.9760782,3.9760782,3.9760782,4.07425297,3.9760782,3.9760782,3.9760782,3.9760782,3.9760782,3.9760782,3.9760782,3.9760782,3.9760782,3.9760782,3.9760782,3.9760782,3.9760782,3.9760782,3.9760782,3.9760782,3.9760782,3.9760782,3.9760782,3.9760782,3.9760782,3.9760782,3.87790343,3.9760782,3.9760782,3.9760782,3.9760782,3.9760782,3.9760782,3.9760782,3.9760782,3.9760782,3.9760782,3.9760782,3.87790343,3.9760782,3.9760782,3.9760782,3.9760782,3.87790343,3.9760782,3.9760782,3.9760782,3.9760782,3.9760782,3.9760782,3.9760782,3.9760782,4.07425297,3.9760782,3.9760782,4.07425297,4.07425297,4.07425297,4.07425297,4.07425297,4.07425297,4.07425297,4.07425297,4.07425297,4.07425297,4.07425297,4.07425297,4.07425297,4.07425297,4.07425297,4.07425297,4.07425297,4.07425297,4.07425297,4.07425297,3.9760782,4.07425297,4.07425297,3.9760782,3.9760782,4.07425297,3.9760782,4.07425297,4.07425297,4.07425297,4.07425297,4.17242774,4.17242774,4.17242774,4.27060251,4.36877728,4.36877728,4.46695205,4.46695205,4.56512682,4.6633016,4.6633016,4.6633016,4.76147637,4.76147637,4.76147637,4.85965114,4.85965114,4.95782591,4.95782591,4.95782591,4.95782591,4.95782591,4.95782591,4.95782591,4.95782591,4.95782591,4.95782591,4.95782591
210.394635916,C01,AP01,client_to_ap,VHT,2,2,2,80,SU,1,4,122,6637c97e16e6ce8a,6,-68.0,1.03083509,1.03083509,1.03083509,1.12900986,1.12900986,1.12900986,1.12900986,1.12900986,1.12900986,1.12900986,1.12900986,1.12900986,1.12900986,1.12900986,1.12900986,1.12900986,1.12900986,1.12900986,1.12900986,1.12900986,1.12900986,1.12900986,1.12900986,1.12900986,1.12900986,1.12900986,1.12900986,1.12900986,1.12900986,1.12900986,1.12900986,1.12900986,1.12900986,1.12900986,1.12900986,1.12900986,1.12900986,1.03083509,1.03083509,1.03083509,1.03083509,1.03083509,1.03083509,1.03083509,1.03083509,1.03083509,1.03083509,1.03083509,1.03083509,1.03083509,1.03083509,1.03083509,1.03083509,1.03083509,1.03083509,1.03083509,1.03083509,1.03083509,1.03083509,1.03083509,1.03083509,1.03083509,1.03083509,1.03083509,1.03083509,1.03083509,1.03083509,1.03083509,1.03083509,1.03083509,1.03083509,1.03083509,1.03083509,1.03083509,1.03083509,1.03083509,1.03083509,0.932660319,1.03083509,0.932660319,0.932660319,0.932660319,0.932660319,0.932660319,0.932660319,0.932660319,0.932660319,0.932660319,0.834485549,0.834485549,0.834485549,0.834485549,0.834485549,0.834485549,0.834485549,0.736310778,0.736310778,0.736310778,0.736310778,0.736310778,0.736310778,0.736310778,0.736310778,0.736310778,0.834485549,0.736310778,0.834485549,0.834485549,0.834485549,0.834485549,0.834485549,0.834485549,0.834485549,0.932660319,0.834485549,0.834485549,0.932660319,0.932660319,0.932660319,0.932660319,0.932660319,0.932660319,3.9760782,3.9760782,3.9760782,3.9760782,4.07425297,4.07425297,3.9760782,4.07425297,4.07425297,4.07425297,3.9760782,4.07425297,3.9760782,4.07425297,3.9760782,3.9760782,3.9760782,3.9760782,3.9760782,3.9760782,3.9760782,3.9760782,3.9760782,3.9760782,3.9760782,3.9760782,3.9760782,3.9760782,3.9760782,3.9760782,3.9760782,3.9760782,3.9760782,3.9760782,3.87790343,3.9760782,3.9760782,3.9760782,3.9760782,3.9760782,3.87790343,3.9760782,3.9760782,3.9760782,3.9760782,3.9760782,3.9760782,3.9760782,3.9760782,3.9760782,3.87790343,3.9760782,3.9760782,3.9760782,3.9760782,3.9760782,3.9760782,3.9760782,3.9760782,3.9760782,4.07425297,3.9760782,4.07425297,4.07425297,4.07425297,4.07425297,4.07425297,4.07425297,4.07425297,4.07425297,4.17242774,4.07425297,4.17242774,4.17242774,4.17242774,4.17242774,4.17242774,4.17242774,4.17242774,4.17242774,4.17242774,4.17242774,4.07425297,4.07425297,4.07425297,4.07425297,4.07425297,4.17242774,4.07425297,4.17242774,4.17242774,4.17242774,4.17242774,4.17242774,4.17242774,4.27060251,4.27060251,4.27060251,4.36877728,4.46695205,4.46695205,4.46695205,4.56512682,4.6633016,4.6633016,4.6633016,4.76147637,4.76147637,4.85965114,4.85965114,4.85965114,4.85965114,4.95782591,4.95782591,4.95782591,4.95782591,4.95782591,4.95782591,4.95782591,4.95782591,4.95782591,5.05600068
211.730489969,C01,AP01,client_to_ap,VHT,2,2,2,80,SU,1,4,122,6637c97e16e6ce8a,6,-68.0,1.03083509,1.03083509,1.03083509,1.03083509,1.03083509,1.12900986,1.12900986,1.12900986,1.12900986,1.12900986,1.12900986,1.12900986,1.12900986,1.12900986,1.12900986,1.12900986,1.12900986,1.12900986,1.12900986,1.12900986,1.12900986,1.12900986,1.12900986,1.12900986,1.12900986,1.12900986,1.12900986,1.12900986,1.12900986,1.12900986,1.12900986,1.12900986,1.12900986,1.12900986,1.12900986,1.12900986,1.12900986,1.12900986,1.03083509,1.12900986,1.03083509,1.03083509,1.03083509,1.03083509,1.03083509,1.03083509,1.03083509,1.03083509,1.03083509,1.03083509,1.03083509,1.03083509,1.03083509,1.03083509,1.03083509,1.03083509,1.03083509,1.03083509,1.03083509,1.03083509,1.03083509,1.03083509,1.03083509,1.03083509,1.03083509,1.03083509,1.03083509,1.03083509,1.03083509,1.03083509,1.03083509,1.03083509,1.03083509,1.03083509,1.03083509,0.932660319,1.03083509,0.932660319,0.932660319,0.932660319,0.932660319,0.932660319,0.932660319,0.932660319,0.932660319,0.932660319,0.932660319,0.834485549,0.834485549,0.834485549,0.834485549,0.834485549,0.834485549,0.834485549,0.736310778,0.736310778,0.736310778,0.736310778,0.736310778,0.736310778,0.736310778,0.736310778,0.736310778,0.736310778,0.736310778,0.834485549,0.834485549,0.834485549,0.834485549,0.834485549,0.834485549,0.834485549,0.932660319,0.834485549,0.932660319,0.932660319,0.932660319,0.932660319,0.932660319,0.932660319,0.932660319,0.932660319,3.87790343,3.9760782,3.87790343,3.9760782,3.9760782,3.9760782,3.9760782,4.07425297,3.9760782,3.9760782,4.07425297,4.07425297,4.07425297,3.9760782,4.07425297,4.07425297,4.07425297,4.07425297,3.9760782,3.9760782,3.9760782,3.9760782,3.9760782,3.9760782,3.9760782,3.9760782,3.9760782,3.87790343,3.87790343,3.9760782,3.9760782,3.9760782,3.9760782,3.87790343,3.87790343,3.87790343,3.87790343,3.87790343,3.87790343,3.87790343,3.87790343,3.87790343,3.87790343,3.87790343,3.87790343,3.87790343,3.87790343,3.87790343,3.87790343,3.87790343,3.87790343,3.87790343,3.87790343,3.87790343,3.87790343,3.9760782,3.9760782,3.9760782,3.9760782,3.9760782,3.9760782,3.9760782,4.07425297,4.07425297,4.07425297,4.07425297,4.07425297,4.07425297,4.07425297,4.07425297,4.07425297,4.07425297,4.07425297,4.07425297,4.17242774,4.07425297,4.07425297,4.07425297,4.07425297,4.07425297,4.07425297,4.07425297,4.07425297,4.07425297,4.07425297,4.07425297,4.07425297,4.17242774,4.07425297,4.17242774,4.07425297,4.17242774,4.17242774,4.17242774,4.27060251,4.27060251,4.27060251,4.36877728,4.46695205,4.56512682,4.56512682,4.6633016,4.6633016,4.6633016,4.6633016,4.76147637,4.76147637,4.76147637,4.76147637,4.85965114,4.85965114,4.85965114,4.85965114,4.85965114,4.85965114,4.85965114,4.95782591,4.95782591,4.95782591,4.95782591,4.85965114,4.95782591
213.089771986,C01,AP01,client_to_ap,VHT,2,2,2,80,SU,1,4,122,6637c97e16e6ce8a,6,-68.0,1.03083509,1.03083509,1.03083509,1.12900986,1.03083509,1.03083509,1.03083509,1.12900986,1.12900986,1.12900986,1.12900986,1.12900986,1.12900986,1.12900986,1.03083509,1.12900986,1.03083509,1.12900986,1.12900986,1.12900986,1.12900986,1.12900986,1.12900986,1.12900986,1.12900986,1.12900986,1.12900986,1.12900986,1.12900986,1.12900986,1.12900986,1.12900986,1.12900986,1.12900986,1.03083509,1.12900986,1.12900986,1.03083509,1.03083509,1.03083509,1.03083509,1.03083509,1.03083509,1.03083509,1.03083509,1.03083509,1.03083509,1.03083509,1.03083509,1.03083509,1.03083509,1.03083509,1.03083509,1.03083509,1.03083509,1.03083509,1.03083509,1.03083509,1.03083509,1.03083509,1.03083509,1.03083509,1.03083509,1.03083509,1.03083509,1.03083509,1.03083509,1.03083509,1.03083509,1.03083509,1.03083509,1.03083509,1.03083509,1.03083509,1.03083509,1.03083509,1.03083509,1.03083509,1.03083509,0.932660319,0.932660319,0.932660319,0.932660319,0.932660319,0.932660319,0.932660319,0.932660319,0.932660319,0.834485549,0.834485549,0.834485549,0.834485549,0.736310778,0.736310778,0.736310778,0.736310778,0.736310778,0.736310778,0.736310778,0.736310778,0.736310778,0.736310778,0.736310778,0.736310778,0.736310778,0.736310778,0.834485549,0.834485549,0.834485549,0.834485549,0.834485549,0.834485549,0.834485549,0.834485549,0.932660319,0.932660319,0.932660319,0.932660319,0.932660319,0.932660319,0.932660319,0.932660319,3.9760782,3.9760782,3.9760782,3.9760782,3.9760782,3.9760782,3.9760782,4.07425297,3.9760782,3.9760782,3.9760782,4.07425297,4.07425297,4.07425297,4.07425297,3.9760782,3.9760782,4.07425297,3.9760782,3.9760782,3.9760782,3.9760782,3.9760782,3.9760782,3.9760782,3.9760782,3.9760782,3.9760782,3.9760782,3.9760782,3.9760782,3.9760782,3.9760782,3.9760782,3.9760782,3.9760782,3.9760782,3.9760782,3.9760782,3.9760782,3.9760782,3.9760782,3.87790343,3.9760782,3.9760782,3.9760782,3.9760782,3.9760782,3.9760782,3.9760782,3.9760782,3.9760782,3.9760782,3.9760782,3.9760782,3.9760782,3.9760782,3.9760782,3.9760782,3.9760782,3.9760782,3.9760782,4.07425297,4.07425297,3.9760782,4.07425297,4.07425297,4.07425297,4.07425297,4.07425297,4.07425297,4.07425297,4.07425297,4.07425297,4.07425297,4.07425297,4.07425297,4.07425297,4.07425297,4.07425297,4.07425297,4.07425297,4.07425297,4.07425297,4.07425297,4.07425297,3.9760782,4.07425297,4.07425297,4.07425297,4.07425297,4.07425297,4.07425297,4.07425297,4.17242774,4.17242774,4.27060251,4.36877728,4.36877728,4.46695205,4.46695205,4.56512682,4.6633016,4.6633016,4.6633016,4.76147637,4.76147637,4.76147637,4.85965114,4.85965114,4.85965114,4.85965114,4.85965114,4.95782591,4.95782591,4.95782591,4.95782591,4.95782591,4.95782591,4.95782591,4.95782591,4.95782591
214.394976854,C01,AP01,client_to_ap,VHT,2,2,2,80,SU,1,4,122,6637c97e16e6ce8a,6,-68.0,1.03083509,1.03083509,1.03083509,1.03083509,1.12900986,1.12900986,1.12900986,1.12900986,1.12900986,1.12900986,1.12900986,1.12900986,1.12900986,1.12900986,1.12900986,1.12900986,1.12900986,1.12900986,1.12900986,1.12900986,1.12900986,1.12900986,1.12900986,1.12900986,1.12900986,1.12900986,1.12900986,1.12900986,1.12900986,1.12900986,1.12900986,1.12900986,1.12900986,1.12900986,1.12900986,1.12900986,1.12900986,1.12900986,1.03083509,1.03083509,1.03083509,1.03083509,1.03083509,1.03083509,1.03083509,1.03083509,1.03083509,1.03083509,1.03083509,1.03083509,1.03083509,1.03083509,1.03083509,1.03083509,1.03083509,1.03083509,1.03083509,1.03083509,1.03083509,1.03083509,1.03083509,1.03083509,1.03083509,1.03083509,0.932660319,0.932660319,1.03083509,0.932660319,0.932660319,0.932660319,0.932660319,0.932660319,0.932660319,0.932660319,0.932660319,0.932660319,0.932660319,0.932660319,0.932660319,0.932660319,0.932660319,0.932660319,0.932660319,0.932660319,0.834485549,0.834485549,0.834485549,0.834485549,0.834485549,0.834485549,0.834485549,0.736310778,0.736310778,0.736310778,0.736310778,0.736310778,0.736310778,0.736310778,0.736310778,0.736310778,0.736310778,0.736310778,0.736310778,0.736310778,0.834485549,0.834485549,0.834485549,0.834485549,0.834485549,0.834485549,0.834485549,0.834485549,0.834485549,0.932660319,0.932660319,0.932660319,0.932660319,0.932660319,0.932660319,0.932660319,0.932660319,0.932660319,3.87790343,3.87790343,3.9760782,3.9760782,3.9760782,3.9760782,3.9760782,3.9760782,3.9760782,3.9760782,3.9760782,3.9760782,3.9760782,3.9760782,3.9760782,3.9760782,3.9760782,3.9760782,3.9760782,3.9760782,3.9760782,3.9760782,3.9760782,3.87790343,3.87790343,3.87790343,3.87790343,3.87790343,3.87790343,3.87790343,3.87790343,3.87790343,3.77972866,3.77972866,3.77972866,3.77972866,3.77972866,3.77972866,3.77972866,3.77972866,3.77972866,3.77972866,3.77972866,3.77972866,3.77972866,3.77972866,3.77972866,3.77972866,3.77972866,3.77972866,3.77972866,3.87790343,3.87790343,3.87790343,3.87790343,3.87790343,3.87790343,3.87790343,3.87790343,3.87790343,3.87790343,3.87790343,3.9760782,3.9760782,3.9760782,3.9760782,3.9760782,3.9760782,3.9760782,3.9760782,3.9760782,3.9760782,4.07425297,4.07425297,4.07425297,4.07425297,4.07425297,4.07425297,4.07425297,4.07425297,4.07425297,4.07425297,4.07425297,4.07425297,4.07425297,4.07425297,4.07425297,4.07425297,4.07425297,4.07425297,4.17242774,4.17242774,4.17242774,4.17242774,4.27060251,4.36877728,4.27060251,4.36877728,4.46695205,4.56512682,4.56512682,4.6633016,4.6633016,4.6633016,4.76147637,4.76147637,4.76147637,4.85965114,4.85965114,4.85965114,4.85965114,4.85965114,4.85965114,4.85965114,4.85965114,4.95782591,4.85965114,4.85965114,4.95782591,4.95782591,4.85965114,4.95782591
215.730342865,C01,AP01,client_to_ap,VHT,2,2,2,80,SU,1,4,122,6637c97e16e6ce8a,6,-68.0,1.03083509,1.03083509,1.03083509,1.03083509,1.12900986,1.12900986,1.12900986,1.12900986,1.12900986,1.12900986,1.12900986,1.12900986,1.12900986,1.12900986,1.12900986,1.12900986,1.12900986,1.12900986,1.12900986,1.12900986,1.12900986,1.12900986,1.12900986,1.12900986,1.12900986,1.12900986,1.12900986,1.12900986,1.12900986,1.12900986,1.12900986,1.12900986,1.12900986,1.03083509,1.03083509,1.12900986,1.03083509,1.03083509,1.03083509,1.03083509,1.03083509,1.03083509,1.03083509,1.03083509,1.03083509,1.03083509,1.03083509,1.03083509,1.03083509,1.03083509,1.03083509,1.03083509,1.03083509,1.03083509,1.03083509,1.03083509,1.03083509,0.932660319,0.932660319,1.03083509,0.932660319,0.932660319,0.932660319,0.932660319,0.932660319,0.932660319,0.932660319,0.932660319,0.932660319,0.932660319,0.932660319,0.932660319,0.932660319,0.932660319,0.932660319,0.932660319,0.932660319,0.932660319,0.932660319,0.932660319,0.932660319,0.932660319,0.932660319,0.932660319,0.834485549,0.834485549,0.834485549,0.834485549,0.834485549,0.834485549,0.834485549,0.834485549,0.834485549,0.736310778,0.834485549,0.736310778,0.736310778,0.736310778,0.736310778,0.736310778,0.736310778,0.736310778,0.736310778,0.736310778,0.834485549,0.834485549,0.834485549,0.834485549,0.834485549,0.834485549,0.834485549,0.932660319,0.932660319,0.932660319,0.932660319,0.932660319,0.932660319,0.932660319,0.932660319,0.932660319,0.932660319,1.03083509,3.77972866,3.87790343,3.87790343,3.87790343,3.87790343,3.87790343,3.87790343,3.9760782,3.9760782,3.9760782,3.9760782,3.9760782,3.9760782,3.9760782,3.9760782,3.9760782,3.87790343,3.87790343,3.87790343,3.87790343,3.87790343,3.87790343,3.87790343,3.87790343,3.87790343,3.87790343,3.77972866,3.77972866,3.87790343,3.77972866,3.77972866,3.77972866,3.77972866,3.77972866,3.77972866,3.77972866,3.77972866,3.77972866,3.77972866,3.77972866,3.77972866,3.77972866,3.77972866,3.77972866,3.77972866,3.77972866,3.77972866,3.77972866,3.77972866,3.77972866,3.77972866,3.77972866,3.77972866,3.87790343,3.77972866,3.77972866,3.87790343,3.87790343,3.87790343,3.87790343,3.87790343,3.87790343,3.87790343,3.9760782,3.9760782,3.9760782,3.9760782,3.9760782,3.9760782,3.9760782,4.07425297,3.9760782,4.07425297,4.07425297,4.07425297,4.07425297,4.07425297,4.07425297,4.07425297,4.07425297,4.07425297,4.07425297,4.07425297,4.07425297,4.07425297,4.07425297,4.07425297,4.07425297,4.17242774,4.17242774,4.17242774,4.27060251,4.27060251,4.17242774,4.27060251,4.36877728,4.46695205,4.46695205,4.46695205,4.56512682,4.56512682,4.6633016,4.6633016,4.76147637,4.76147637,4.76147637,4.76147637,4.76147637,4.76147637,4.85965114,4.85965114,4.85965114,4.85965114,4.85965114,4.85965114,4.85965114,4.85965114,4.85965114,4.85965114,4.85965114,4.85965114,4.85965114
217.063109875,C01,AP01,client_to_ap,VHT,2,2,2,80,SU,1,4,122,6637c97e16e6ce8a,6,-68.0,1.03083509,1.03083509,1.03083509,1.03083509,1.12900986,1.03083509,1.12900986,1.12900986,1.12900986,1.12900986,1.12900986,1.03083509,1.12900986,1.12900986,1.12900986,1.12900986,1.12900986,1.12900986,1.12900986,1.12900986,1.12900986,1.12900986,1.12900986,1.12900986,1.12900986,1.12900986,1.12900986,1.12900986,1.12900986,1.12900986,1.12900986,1.12900986,1.12900986,1.03083509,1.03083509,1.03083509,1.03083509,1.03083509,1.03083509,1.03083509,1.03083509,1.03083509,1.03083509,1.03083509,1.03083509,1.03083509,1.03083509,1.03083509,1.03083509,1.03083509,1.03083509,1.03083509,1.03083509,1.03083509,1.03083509,1.03083509,1.03083509,0.932660319,1.03083509,0.932660319,1.03083509,0.932660319,0.932660319,0.932660319,0.932660319,0.932660319,0.932660319,0.932660319,0.932660319,0.932660319,0.932660319,0.932660319,0.932660319,0.932660319,0.932660319,0.932660319,0.932660319,0.932660319,0.932660319,0.932660319,0.932660319,0.932660319,0.932660319,0.932660319,0.834485549,0.834485549,0.834485549,0.834485549,0.834485549,0.834485549,0.834485549,0.736310778,0.834485549,0.736310778,0.736310778,0.736310778,0.736310778,0.736310778,0.736310778,0.736310778,0.736310778,0.736310778,0.834485549,0.834485549,0.834485549,0.834485549,0.834485549,0.834485549,0.834485549,0.834485549,0.932660319,0.834485549,0.932660319,0.932660319,0.932660319,0.932660319,0.932660319,0.932660319,0.932660319,0.932660319,0.932660319,1.03083509,3.87790343,3.77972866,3.87790343,3.87790343,3.87790343,3.87790343,3.9760782,3.9760782,3.9760782,3.9760782,3.9760782,3.9760782,3.9760782,3.9760782,3.9760782,3.9760782,3.9760782,3.9760782,3.9760782,3.9760782,3.9760782,3.9760782,3.9760782,3.9760782,3.9760782,3.87790343,3.87790343,3.87790343,3.87790343,3.87790343,3.87790343,3.87790343,3.87790343,3.87790343,3.87790343,3.87790343,3.87790343,3.77972866,3.87790343,3.87790343,3.87790343,3.87790343,3.87790343,3.77972866,3.77972866,3.77972866,3.77972866,3.77972866,3.87790343,3.87790343,3.87790343,3.87790343,3.87790343,3.87790343,3.87790343,3.87790343,3.87790343,3.87790343,3.87790343,3.9760782,3.9760782,3.9760782,3.9760782,3.9760782,3.9760782,3.9760782,3.9760782,4.07425297,4.07425297,4.07425297,4.07425297,4.07425297,4.07425297,4.07425297,4.07425297,4.07425297,4.17242774,4.17242774,4.07425297,4.17242774,4.17242774,4.17242774,4.17242774,4.17242774,4.17242774,4.17242774,4.17242774,4.17242774,4.17242774,4.17242774,4.27060251,4.27060251,4.27060251,4.27060251,4.36877728,4.46695205,4.46695205,4.56512682,4.56512682,4.56512682,4.6633016,4.6633016,4.6633016,4.76147637,4.76147637,4.76147637,4.85965114,4.85965114,4.85965114,4.85965114,4.85965114,4.85965114,4.85965114,4.85965114,4.85965114,4.85965114,4.95782591,4.85965114,4.95782591,4.85965114,4.85965114,4.85965114
218.394465923,C01,AP01,client_to_ap,VHT,2,2,2,80,SU,1,4,122,6637c97e16e6ce8a,6,-68.0,1.03083509,1.03083509,1.03083509,1.03083509,1.03083509,1.03083509,1.03083509,1.03083509,1.03083509,1.12900986,1.12900986,1.03083509,1.03083509,1.12900986,1.12900986,1.12900986,1.12900986,1.12900986,1.12900986,1.12900986,1.12900986,1.12900986,1.12900986,1.12900986,1.12900986,1.12900986,1.12900986,1.12900986,1.12900986,1.12900986,1.12900986,1.12900986,1.12900986,1.12900986,1.12900986,1.12900986,1.12900986,1.03083509,1.03083509,1.03083509,1.03083509,1.03083509,1.03083509,1.03083509,1.03083509,1.03083509,1.03083509,1.03083509,1.03083509,1.03083509,1.03083509,1.03083509,1.03083509,1.03083509,1.03083509,1.03083509,1.03083509,1.03083509,1.03083509,1.03083509,1.03083509,1.03083509,1.03083509,0.932660319,0.932660319,0.932660319,0.932660319,0.932660319,0.932660319,0.932660319,0.932660319,0.932660319,0.932660319,0.932660319,0.932660319,0.932660319,0.932660319,0.932660319,0.932660319,0.932660319,0.932660319,0.932660319,0.932660319,0.932660319,0.932660319,0.834485549,0.834485549,0.834485549,0.834485549,0.834485549,0.834485549,0.834485549,0.834485549,0.834485549,0.736310778,0.736310778,0.736310778,0.736310778,0.736310778,0.736310778,0.736310778,0.736310778,0.834485549,0.736310778,0.834485549,0.834485549,0.834485549,0.834485549,0.834485549,0.834485549,0.834485549,0.834485549,0.834485549,0.834485549,0.932660319,0.932660319,0.932660319,0.932660319,0.932660319,0.932660319,0.932660319,1.03083509,3.77972866,3.87790343,3.87790343,3.87790343,3.9760782,3.9760782,3.9760782,3.9760782,3.9760782,3.9760782,3.9760782,3.9760782,3.9760782,3.9760782,4.07425297,3.9760782,3.9760782,3.9760782,3.9760782,3.9760782,3.9760782,3.9760782,3.9760782,3.9760782,3.9760782,3.9760782,3.9760782,3.87790343,3.87790343,3.87790343,3.87790343,3.87790343,3.87790343,3.87790343,3.87790343,3.87790343,3.87790343,3.87790343,3.87790343,3.87790343,3.77972866,3.87790343,3.87790343,3.87790343,3.87790343,3.77972866,3.87790343,3.87790343,3.87790343,3.87790343,3.87790343,3.87790343,3.87790343,3.87790343,3.87790343,3.87790343,3.9760782,3.9760782,3.87790343,3.9760782,3.9760782,3.9760782,3.9760782,3.9760782,3.9760782,3.9760782,3.9760782,4.07425297,4.07425297,4.07425297,4.07425297,4.07425297,4.07425297,4.07425297,4.17242774,4.17242774,4.17242774,4.07425297,4.07425297,4.17242774,4.07425297,4.07425297,4.17242774,4.17242774,4.17242774,4.17242774,4.17242774,4.17242774,4.17242774,4.17242774,4.17242774,4.17242774,4.27060251,4.27060251,4.27060251,4.36877728,4.46695205,4.36877728,4.46695205,4.56512682,4.56512682,4.56512682,4.6633016,4.76147637,4.76147637,4.76147637,4.76147637,4.85965114,4.85965114,4.85965114,4.85965114,4.85965114,4.85965114,4.85965114,4.85965114,4.85965114,4.85965114,4.95782591,4.95782591,4.95782591,4.95782591,4.95782591
219.730506897,C01,AP01,client_to_ap,VHT,2,2,2,80,SU,1,4,122,6637c97e16e6ce8a,6,-68.0,1.03083509,1.03083509,1.03083509,1.03083509,1.03083509,1.03083509,1.03083509,1.12900986,1.03083509,1.12900986,1.03083509,1.12900986,1.12900986,1.03083509,1.12900986,1.12900986,1.12900986,1.12900986,1.12900986,1.12900986,1.12900986,1.12900986,1.12900986,1.12900986,1.12900986,1.12900986,1.12900986,1.12900986,1.12900986,1.12900986,1.12900986,1.12900986,1.12900986,1.12900986,1.12900986,1.03083509,1.03083509,1.03083509,1.03083509,1.03083509,1.03083509,1.03083509,1.03083509,1.03083509,1.03083509,1.03083509,1.03083509,1.03083509,1.03083509,1.03083509,1.03083509,1.03083509,1.03083509,1.03083509,1.03083509,1.03083509,1.03083509,1.03083509,1.03083509,1.03083509,1.03083509,1.03083509,0.932660319,0.932660319,0.932660319,0.932660319,0.932660319,0.932660319,0.932660319,0.932660319,1.03083509,0.932660319,0.932660319,0.932660319,0.932660319,0.932660319,0.932660319,0.932660319,0.932660319,0.932660319,0.932660319,0.932660319,0.932660319,0.932660319,0.834485549,0.834485549,0.834485549,0.834485549,0.834485549,0.834485549,0.834485549,0.834485549,0.834485549,0.834485549,0.834485549,0.736310778,0.736310778,0.736310778,0.834485549,0.736310778,0.736310778,0.736310778,0.834485549,0.834485549,0.834485549,0.834485549,0.834485549,0.834485549,0.834485549,0.834485549,0.834485549,0.932660319,0.932660319,0.932660319,0.932660319,0.932660319,0.932660319,0.932660319,0.932660319,0.932660319,0.932660319,1.03083509,3.77972866,3.87790343,3.87790343,3.87790343,3.9760782,3.87790343,3.87790343,3.9760782,3.9760782,3.9760782,3.9760782,3.9760782,3.9760782,3.9760782,3.9760782,3.9760782,3.9760782,3.9760782,3.9760782,3.9760782,3.9760782,3.9760782,3.9760782,3.9760782,3.9760782,3.87790343,3.87790343,3.9760782,3.87790343,3.87790343,3.87790343,3.87790343,3.87790343,3.87790343,3.87790343,3.87790343,3.87790343,3.87790343,3.87790343,3.87790343,3.87790343,3.77972866,3.87790343,3.87790343,3.87790343,3.77972866,3.77972866,3.87790343,3.87790343,3.87790343,3.87790343,3.87790343,3.87790343,3.87790343,3.87790343,3.87790343,3.87790343,3.87790343,3.87790343,3.9760782,3.9760782,3.9760782,3.9760782,3.9760782,3.9760782,3.9760782,3.9760782,4.07425297,4.07425297,4.07425297,4.07425297,4.07425297,4.07425297,4.07425297,4.07425297,4.07425297,4.07425297,4.07425297,4.17242774,4.17242774,4.17242774,4.07425297,4.17242774,4.17242774,4.17242774,4.17242774,4.17242774,4.17242774,4.17242774,4.17242774,4.27060251,4.27060251,4.27060251,4.27060251,4.36877728,4.36877728,4.36877728,4.46695205,4.46695205,4.56512682,4.56512682,4.56512682,4.6633016,4.76147637,4.76147637,4.76147637,4.76147637,4.76147637,4.85965114,4.85965114,4.76147637,4.76147637,4.85965114,4.85965114,4.85965114,4.85965114,4.85965114,4.85965114,4.85965114,4.85965114,4.85965114,4.85965114
221.062272072,C01,AP01,client_to_ap,VHT,2,2,2,80,SU,1,4,122,6637c97e16e6ce8a,6,-68.0,1.03083509,1.03083509,1.12900986,1.03083509,1.03083509,1.12900986,1.12900986,1.12900986,1.12900986,1.12900986,1.03083509,1.12900986,1.12900986,1.12900986,1.12900986,1.12900986,1.12900986,1.12900986,1.12900986,1.12900986,1.12900986,1.12900986,1.12900986,1.12900986,1.12900986,1.12900986,1.12900986,1.12900986,1.12900986,1.12900986,1.12900986,1.12900986,1.12900986,1.12900986,1.12900986,1.12900986,1.03083509,1.12900986,1.12900986,1.03083509,1.03083509,1.03083509,1.03083509,1.03083509,1.03083509,1.03083509,1.03083509,1.03083509,1.03083509,1.03083509,1.03083509,1.03083509,1.03083509,1.03083509,1.03083509,1.03083509,1.03083509,1.03083509,1.03083509,1.03083509,1.03083509,1.03083509,1.03083509,1.03083509,1.03083509,1.03083509,1.03083509,1.03083509,1.03083509,1.03083509,1.03083509,1.03083509,1.03083509,1.03083509,1.03083509,1.03083509,0.932660319,0.932660319,0.932660319,0.932660319,0.932660319,0.932660319,0.932660319,0.932660319,0.932660319,0.932660319,0.932660319,0.932660319,0.834485549,0.834485549,0.932660319,0.834485549,0.834485549,0.834485549,0.834485549,0.834485549,0.834485549,0.834485549,0.834485549,0.834485549,0.834485549,0.834485549,0.834485549,0.834485549,0.834485549,0.834485549,0.834485549,0.932660319,0.834485549,0.834485549,0.932660319,0.834485549,0.932660319,0.932660319,0.932660319,0.932660319,0.932660319,0.932660319,1.03083509,0.932660319,1.03083509,1.03083509,3.87790343,3.87790343,3.87790343,3.9760782,3.9760782,3.9760782,3.9760782,3.9760782,3.9760782,3.9760782,3.9760782,4.07425297,4.07425297,4.07425297,3.9760782,3.9760782,3.9760782,3.9760782,3.9760782,3.9760782,3.9760782,3.9760782,3.9760782,3.9760782,3.9760782,3.87790343,3.87790343,3.87790343,3.87790343,3.87790343,3.87790343,3.87790343,3.87790343,3.87790343,3.87790343,3.87790343,3.87790343,3.87790343,3.87790343,3.87790343,3.87790343,3.87790343,3.87790343,3.87790343,3.87790343,3.87790343,3.87790343,3.87790343,3.87790343,3.87790343,3.87790343,3.87790343,3.87790343,3.87790343,3.87790343,3.9760782,3.9760782,3.9760782,3.9760782,3.9760782,3.9760782,3.9760782,3.9760782,3.9760782,3.9760782,3.9760782,4.07425297,4.07425297,4.07425297,4.07425297,4.07425297,4.07425297,4.17242774,4.17242774,4.17242774,4.17242774,4.17242774,4.17242774,4.17242774,4.17242774,4.17242774,4.17242774,4.17242774,4.17242774,4.17242774,4.17242774,4.17242774,4.17242774,4.17242774,4.17242774,4.27060251,4.17242774,4.27060251,4.27060251,4.27060251,4.36877728,4.36877728,4.46695205,4.46695205,4.56512682,4.56512682,4.56512682,4.6633016,4.6633016,4.6633016,4.76147637,4.76147637,4.85965114,4.76147637,4.85965114,4.85965114,4.85965114,4.85965114,4.85965114,4.85965114,4.85965114,4.85965114,4.85965114,4.85965114,4.85965114,4.85965114,4.85965114
222.394906044,C01,AP01,client_to_ap,VHT,2,2,2,80,SU,1,4,122,6637c97e16e6ce8a,6,-68.0,1.03083509,1.03083509,1.03083509,1.03083509,1.03083509,1.12900986,1.12900986,1.03083509,1.03083509,1.12900986,1.12900986,1.12900986,1.12900986,1.12900986,1.12900986,1.12900986,1.12900986,1.12900986,1.12900986,1.12900986,1.12900986,1.12900986,1.12900986,1.12900986,1.12900986,1.12900986,1.12900986,1.12900986,1.12900986,1.12900986,1.12900986,1.12900986,1.12900986,1.12900986,1.12900986,1.12900986,1.03083509,1.03083509,1.03083509,1.03083509,1.03083509,1.03083509,1.03083509,1.03083509,1.03083509,1.03083509,1.03083509,1.03083509,1.03083509,1.03083509,1.03083509,1.03083509,1.03083509,1.03083509,1.03083509,1.03083509,1.03083509,1.03083509,1.03083509,1.03083509,1.03083509,0.932660319,1.03083509,1.03083509,0.932660319,0.932660319,0.932660319,0.932660319,0.932660319,0.932660319,0.932660319,0.932660319,0.932660319,0.932660319,0.932660319,0.932660319,0.932660319,0.932660319,0.932660319,0.932660319,0.932660319,0.932660319,0.932660319,0.932660319,0.932660319,0.932660319,0.932660319,0.932660319,0.834485549,0.834485549,0.834485549,0.834485549,0.834485549,0.834485549,0.834485549,0.736310778,0.834485549,0.736310778,0.736310778,0.736310778,0.834485549,0.834485549,0.834485549,0.834485549,0.834485549,0.834485549,0.834485549,0.834485549,0.834485549,0.834485549,0.834485549,0.932660319,0.932660319,0.932660319,0.932660319,0.932660319,0.932660319,0.932660319,0.932660319,0.932660319,1.03083509,0.932660319,3.87790343,3.87790343,3.87790343,3.9760782,3.9760782,3.9760782,3.9760782,3.9760782,3.9760782,3.9760782,3.9760782,4.07425297,3.9760782,4.07425297,4.07425297,4.07425297,4.07425297,3.9760782,3.9760782,3.9760782,3.9760782,3.9760782,3.9760782,3.9760782,3.9760782,3.87790343,3.87790343,3.9760782,3.9760782,3.87790343,3.87790343,3.87790343,3.87790343,3.87790343,3.87790343,3.87790343,3.87790343,3.87790343,3.87790343,3.87790343,3.87790343,3.87790343,3.87790343,3.87790343,3.87790343,3.77972866,3.87790343,3.87790343,3.87790343,3.87790343,3.87790343,3.87790343,3.87790343,3.87790343,3.87790343,3.87790343,3.9760782,3.9760782,3.87790343,3.9760782,3.9760782,3.9760782,3.9760782,3.9760782,4.07425297,3.9760782,4.07425297,4.07425297,4.07425297,4.07425297,4.07425297,4.07425297,4.17242774,4.17242774,4.17242774,4.17242774,4.17242774,4.17242774,4.17242774,4.17242774,4.17242774,4.17242774,4.17242774,4.17242774,4.17242774,4.17242774,4.17242774,4.27060251,4.17242774,4.17242774,4.27060251,4.27060251,4.27060251,4.27060251,4.36877728,4.46695205,4.36877728,4.46695205,4.56512682,4.56512682,4.56512682,4.56512682,4.6633016,4.6633016,4.76147637,4.76147637,4.76147637,4.76147637,4.76147637,4.76147637,4.85965114,4.85965114,4.85965114,4.85965114,4.85965114,4.85965114,4.85965114,4.85965114,4.85965114,4.85965114,4.85965114,4.85965114
223.730218887,C01,AP01,client_to_ap,VHT,2,2,2,80,SU,1,4,122,6637c97e16e6ce8a,6,-68.0,1.03083509,1.12900986,1.03083509,1.03083509,1.12900986,1.03083509,1.12900986,1.12900986,1.12900986,1.12900986,1.12900986,1.12900986,1.12900986,1.12900986,1.12900986,1.12900986,1.12900986,1.12900986,1.12900986,1.12900986,1.12900986,1.12900986,1.12900986,1.12900986,1.12900986,1.12900986,1.12900986,1.12900986,1.12900986,1.12900986,1.12900986,1.12900986,1.12900986,1.12900986,1.12900986,1.12900986,1.12900986,1.03083509,1.03083509,1.03083509,1.03083509,1.03083509,1.03083509,1.03083509,1.03083509,1.03083509,1.03083509,1.03083509,1.03083509,1.03083509,1.03083509,1.03083509,1.03083509,1.03083509,1.03083509,1.03083509,1.03083509,1.03083509,1.03083509,1.03083509,1.03083509,1.03083509,0.932660319,0.932660319,0.932660319,0.932660319,0.932660319,0.932660319,0.932660319,0.932660319,0.932660319,0.932660319,0.932660319,0.932660319,0.932660319,0.932660319,0.932660319,0.932660319,0.932660319,0.932660319,0.932660319,0.932660319,0.932660319,0.834485549,0.834485549,0.834485549,0.834485549,0.834485549,0.834485549,0.834485549,0.834485549,0.834485549,0.834485549,0.834485549,0.834485549,0.736310778,0.736310778,0.834485549,0.736310778,0.736310778,0.834485549,0.834485549,0.834485549,0.834485549,0.834485549,0.834485549,0.834485549,0.834485549,0.834485549,0.834485549,0.834485549,0.932660319,0.932660319,0.932660319,0.932660319,0.932660319,0.932660319,0.932660319,0.932660319,0.932660319,0.932660319,0.932660319,3.87790343,3.77972866,3.87790343,3.87790343,3.9760782,3.9760782,3.9760782,3.9760782,3.9760782,3.9760782,3.9760782,4.07425297,3.9760782,3.9760782,3.9760782,3.9760782,3.9760782,3.9760782,3.9760782,3.9760782,3.9760782,3.9760782,3.9760782,3.9760782,3.9760782,3.87790343,3.87790343,3.87790343,3.87790343,3.87790343,3.87790343,3.87790343,3.87790343,3.87790343,3.87790343,3.87790343,3.87790343,3.87790343,3.87790343,3.87790343,3.77972866,3.77972866,3.77972866,3.77972866,3.87790343,3.77972866,3.77972866,3.77972866,3.77972866,3.77972866,3.77972866,3.87790343,3.87790343,3.87790343,3.87790343,3.87790343,3.87790343,3.87790343,3.87790343,3.87790343,3.9760782,3.9760782,3.9760782,3.9760782,3.9760782,3.9760782,3.9760782,4.07425297,4.07425297,4.07425297,4.07425297,4.07425297,4.07425297,4.07425297,4.07425297,4.17242774,4.07425297,4.17242774,4.07425297,4.17242774,4.17242774,4.17242774,4.17242774,4.17242774,4.17242774,4.17242774,4.17242774,4.17242774,4.17242774,4.27060251,4.27060251,4.27060251,4.27060251,4.27060251,4.36877728,4.36877728,4.46695205,4.46695205,4.56512682,4.56512682,4.6633016,4.6633016,4.6633016,4.6633016,4.6633016,4.76147637,4.76147637,4.76147637,4.85965114,4.85965114,4.76147637,4.85965114,4.85965114,4.85965114,4.85965114,4.85965114,4.85965114,4.85965114,4.85965114,4.85965114,4.85965114,4.95782591
225.063220978,C01,AP01,client_to_ap,VHT,2,2,2,80,SU,1,4,122,6637c97e16e6ce8a,6,-68.0,1.03083509,1.03083509,1.12900986,1.12900986,1.12900986,1.03083509,1.03083509,1.12900986,1.12900986,1.12900986,1.12900986,1.12900986,1.12900986,1.12900986,1.12900986,1.12900986,1.12900986,1.12900986,1.12900986,1.12900986,1.12900986,1.12900986,1.12900986,1.12900986,1.12900986,1.12900986,1.12900986,1.12900986,1.12900986,1.12900986,1.12900986,1.12900986,1.12900986,1.12900986,1.03083509,1.12900986,1.12900986,1.03083509,1.03083509,1.12900986,1.03083509,1.03083509,1.03083509,1.03083509,1.03083509,1.03083509,1.03083509,1.03083509,1.03083509,1.03083509,1.03083509,1.03083509,1.03083509,1.03083509,1.03083509,1.03083509,1.03083509,1.03083509,1.03083509,1.03083509,1.03083509,1.03083509,1.03083509,1.03083509,1.03083509,1.03083509,1.03083509,1.03083509,1.03083509,1.03083509,1.03083509,1.03083509,1.03083509,1.03083509,1.03083509,1.03083509,1.03083509,1.03083509,1.03083509,1.03083509,1.03083509,0.932660319,0.932660319,0.932660319,0.932660319,0.932660319,0.932660319,0.932660319,0.834485549,0.834485549,0.834485549,0.834485549,0.834485549,0.834485549,0.834485549,0.736310778,0.736310778,0.736310778,0.736310778,0.736310778,0.736310778,0.736310778,0.736310778,0.736310778,0.736310778,0.736310778,0.736310778,0.834485549,0.834485549,0.834485549,0.834485549,0.834485549,0.834485549,0.834485549,0.932660319,0.932660319,0.834485549,0.932660319,0.932660319,0.932660319,0.932660319,0.932660319,3.87790343,3.9760782,3.9760782,3.9760782,3.9760782,3.9760782,3.9760782,4.07425297,3.9760782,4.07425297,3.9760782,4.07425297,4.07425297,4.07425297,4.07425297,3.9760782,3.9760782,3.9760782,3.9760782,3.9760782,3.9760782,3.9760782,3.9760782,3.9760782,3.9760782,3.9760782,3.9760782,3.9760782,3.9760782,3.9760782,3.9760782,3.9760782,3.9760782,3.9760782,3.9760782,3.9760782,3.9760782,3.9760782,3.9760782,3.9760782,3.9760782,3.9760782,3.9760782,3.9760782,3.9760782,3.9760782,3.9760782,3.9760782,3.9760782,3.9760782,3.9760782,3.9760782,3.9760782,3.9760782,3.9760782,3.9760782,3.9760782,3.9760782,3.9760782,4.07425297,3.9760782,3.9760782,3.9760782,4.07425297,4.07425297,4.07425297,4.07425297,4.07425297,4.07425297,4.07425297,4.07425297,4.07425297,4.07425297,4.07425297,4.07425297,4.07425297,4.07425297,4.07425297,4.07425297,4.07425297,4.07425297,4.07425297,4.07425297,4.07425297,4.07425297,4.07425297,3.9760782,3.9760782,3.9760782,3.9760782,4.07425297,4.07425297,4.07425297,4.07425297,4.17242774,4.17242774,4.27060251,4.27060251,4.27060251,4.46695205,4.46695205,4.56512682,4.56512682,4.56512682,4.6633016,4.6633016,4.76147637,4.76147637,4.76147637,4.85965114,4.76147637,4.85965114,4.95782591,4.85965114,4.85965114,4.95782591,4.85965114,4.95782591,4.95782591,4.95782591,4.95782591,4.85965114
226.394815922,C01,AP01,client_to_ap,VHT,2,2,2,80,SU,1,4,122,6637c97e16e6ce8a,6,-68.0,1.03083509,1.03083509,1.03083509,1.03083509,1.03083509,1.03083509,1.03083509,1.03083509,1.12900986,1.12900986,1.12900986,1.12900986,1.12900986,1.12900986,1.12900986,1.12900986,1.12900986,1.12900986,1.12900986,1.12900986,1.12900986,1.12900986,1.12900986,1.12900986,1.12900986,1.12900986,1.12900986,1.12900986,1.12900986,1.12900986,1.12900986,1.12900986,1.12900986,1.12900986,1.12900986,1.03083509,1.03083509,1.03083509,1.03083509,1.03083509,1.03083509,1.03083509,1.03083509,1.03083509,1.03083509,1.03083509,1.03083509,1.03083509,1.03083509,1.03083509,1.03083509,1.03083509,1.03083509,1.03083509,1.03083509,1.03083509,1.03083509,1.03083509,1.03083509,1.03083509,1.03083509,0.932660319,1.03083509,1.03083509,0.932660319,0.932660319,0.932660319,0.932660319,0.932660319,0.932660319,0.932660319,0.932660319,0.932660319,0.932660319,0.932660319,0.932660319,0.932660319,0.932660319,0.932660319,0.932660319,0.932660319,0.932660319,0.932660319,0.932660319,0.932660319,0.932660319,0.932660319,0.834485549,0.834485549,0.834485549,0.834485549,0.834485549,0.834485549,0.834485549,0.834485549,0.736310778,0.736310778,0.736310778,0.736310778,0.736310778,0.736310778,0.736310778,0.736310778,0.736310778,0.834485549,0.834485549,0.834485549,0.834485549,0.834485549,0.834485549,0.834485549,0.834485549,0.834485549,0.834485549,0.834485549,0.932660319,0.932660319,0.932660319,0.932660319,0.932660319,0.932660319,0.932660319,3.87790343,3.87790343,3.87790343,3.9760782,3.9760782,3.9760782,3.9760782,3.9760782,3.9760782,3.9760782,3.9760782,4.07425297,3.9760782,3.9760782,3.9760782,3.9760782,3.9760782,3.9760782,3.9760782,3.9760782,3.9760782,3.9760782,3.9760782,3.9760782,3.9760782,3.9760782,3.9760782,3.87790343,3.9760782,3.87790343,3.87790343,3.87790343,3.87790343,3.87790343,3.87790343,3.87790343,3.87790343,3.87790343,3.87790343,3.87790343,3.87790343,3.87790343,3.87790343,3.87790343,3.87790343,3.87790343,3.87790343,3.87790343,3.87790343,3.87790343,3.87790343,3.87790343,3.87790343,3.87790343,3.87790343,3.87790343,3.87790343,3.87790343,3.9760782,3.9760782,3.9760782,3.9760782,3.9760782,4.07425297,3.9760782,4.07425297,4.07425297,4.07425297,4.07425297,4.07425297,4.17242774,4.07425297,4.17242774,4.17242774,4.17242774,4.17242774,4.17242774,4.17242774,4.17242774,4.17242774,4.17242774,4.17242774,4.17242774,4.17242774,4.17242774,4.17242774,4.07425297,4.17242774,4.17242774,4.17242774,4.17242774,4.17242774,4.17242774,4.27060251,4.27060251,4.27060251,4.36877728,4.36877728,4.46695205,4.46695205,4.56512682,4.56512682,4.6633016,4.6633016,4.6633016,4.76147637,4.6633016,4.76147637,4.76147637,4.85965114,4.85965114,4.85965114,4.85965114,4.85965114,4.85965114,4.85965114,4.85965114,4.85965114,4.85965114,4.85965114,4.85965114,4.85965114
227.730844975,C01,AP01,client_to_ap,VHT,2,2,2,80,SU,1,4,122,6637c97e16e6ce8a,6,-68.0,1.03083509,1.03083509,1.03083509,1.03083509,1.03083509,1.03083509,1.03083509,1.03083509,1.03083509,1.12900986,1.12900986,1.03083509,1.12900986,1.03083509,1.03083509,1.12900986,1.12900986,1.12900986,1.03083509,1.12900986,1.12900986,1.03083509,1.12900986,1.12900986,1.12900986,1.12900986,1.12900986,1.12900986,1.12900986,1.12900986,1.12900986,1.12900986,1.12900986,1.03083509,1.03083509,1.03083509,1.03083509,1.03083509,1.03083509,1.03083509,1.03083509,1.03083509,1.03083509,1.03083509,1.03083509,1.03083509,1.03083509,1.03083509,1.03083509,1.03083509,1.03083509,1.03083509,1.03083509,1.03083509,1.03083509,1.03083509,1.03083509,1.03083509,1.03083509,1.03083509,1.03083509,0.932660319,1.03083509,1.03083509,0.932660319,1.03083509,1.03083509,1.03083509,1.03083509,0.932660319,1.03083509,1.03083509,1.03083509,0.932660319,1.03083509,0.932660319,0.932660319,1.03083509,0.932660319,0.932660319,0.932660319,0.932660319,0.932660319,0.932660319,0.932660319,0.932660319,0.932660319,0.834485549,0.834485549,0.834485549,0.834485549,0.834485549,0.834485549,0.834485549,0.834485549,0.736310778,0.736310778,0.736310778,0.736310778,0.736310778,0.736310778,0.736310778,0.736310778,0.736310778,0.834485549,0.834485549,0.834485549,0.834485549,0.834485549,0.834485549,0.834485549,0.834485549,0.834485549,0.834485549,0.932660319,0.932660319,0.932660319,0.932660319,0.932660319,0.932660319,0.932660319,0.932660319,3.87790343,3.87790343,3.87790343,3.87790343,3.9760782,3.9760782,3.9760782,3.9760782,3.9760782,3.9760782,3.9760782,4.07425297,3.9760782,3.9760782,3.9760782,3.9760782,3.9760782,3.9760782,3.9760782,3.9760782,3.9760782,3.9760782,3.9760782,3.9760782,3.9760782,3.9760782,3.9760782,3.9760782,3.87790343,3.87790343,3.9760782,3.87790343,3.87790343,3.9760782,3.87790343,3.87790343,3.9760782,3.87790343,3.87790343,3.87790343,3.87790343,3.87790343,3.87790343,3.87790343,3.87790343,3.87790343,3.87790343,3.87790343,3.87790343,3.87790343,3.87790343,3.87790343,3.9760782,3.9760782,3.9760782,3.9760782,3.9760782,3.9760782,3.9760782,3.9760782,3.9760782,3.9760782,4.07425297,4.07425297,4.07425297,4.07425297,4.07425297,4.17242774,4.07425297,4.07425297,4.07425297,4.17242774,4.17242774,4.17242774,4.17242774,4.17242774,4.17242774,4.17242774,4.17242774,4.17242774,4.17242774,4.17242774,4.17242774,4.17242774,4.17242774,4.07425297,4.07425297,4.07425297,4.07425297,4.07425297,4.07425297,4.17242774,4.17242774,4.17242774,4.17242774,4.27060251,4.27060251,4.36877728,4.46695205,4.46695205,4.56512682,4.56512682,4.56512682,4.6633016,4.6633016,4.76147637,4.76147637,4.76147637,4.76147637,4.85965114,4.85965114,4.85965114,4.85965114,4.85965114,4.85965114,4.85965114,4.85965114,4.85965114,4.95782591,4.85965114,4.95782591,4.95782591
229.062269926,C01,AP01,client_to_ap,VHT,2,2,2,80,SU,1,4,122,6637c97e16e6ce8a,6,-68.0,1.03083509,1.03083509,1.03083509,1.03083509,1.03083509,1.03083509,1.12900986,1.12900986,1.03083509,1.12900986,1.12900986,1.12900986,1.12900986,1.12900986,1.12900986,1.12900986,1.12900986,1.12900986,1.12900986,1.12900986,1.12900986,1.12900986,1.12900986,1.12900986,1.12900986,1.12900986,1.12900986,1.12900986,1.12900986,1.12900986,1.12900986,1.12900986,1.12900986,1.12900986,1.12900986,1.12900986,1.12900986,1.12900986,1.12900986,1.03083509,1.12900986,1.03083509,1.03083509,1.03083509,1.03083509,1.03083509,1.03083509,1.03083509,1.03083509,1.03083509,1.03083509,1.03083509,1.03083509,1.03083509,1.03083509,1.03083509,1.03083509,1.03083509,1.03083509,1.03083509,1.03083509,1.03083509,1.03083509,1.03083509,1.03083509,1.03083509,1.03083509,1.03083509,1.03083509,1.03083509,1.03083509,1.03083509,1.03083509,1.03083509,1.03083509,0.932660319,1.03083509,0.932660319,0.932660319,0.932660319,0.932660319,0.932660319,0.932660319,0.932660319,0.932660319,0.932660319,0.932660319,0.932660319,0.834485549,0.932660319,0.834485549,0.834485549,0.834485549,0.834485549,0.834485549,0.834485549,0.834485549,0.834485549,0.834485549,0.736310778,0.736310778,0.834485549,0.834485549,0.834485549,0.834485549,0.834485549,0.834485549,0.834485549,0.834485549,0.834485549,0.834485549,0.834485549,0.932660319,0.932660319,0.932660319,0.932660319,0.932660319,0.932660319,1.03083509,0.932660319,0.932660319,1.03083509,3.87790343,3.87790343,3.87790343,3.9760782,3.9760782,3.9760782,3.9760782,3.9760782,4.07425297,4.07425297,4.07425297,4.07425297,4.07425297,4.07425297,3.9760782,4.07425297,4.07425297,4.07425297,4.07425297,3.9760782,3.9760782,3.9760782,3.9760782,3.9760782,3.9760782,3.9760782,3.9760782,3.9760782,3.87790343,3.87790343,3.87790343,3.9760782,3.9760782,3.9760782,3.87790343,3.87790343,3.9760782,3.87790343,3.87790343,3.87790343,3.87790343,3.87790343,3.87790343,3.87790343,3.87790343,3.87790343,3.87790343,3.87790343,3.87790343,3.87790343,3.87790343,3.87790343,3.87790343,3.87790343,3.87790343,3.87790343,3.9760782,3.9760782,3.9760782,3.9760782,3.9760782,3.9760782,3.9760782,3.9760782,3.9760782,4.07425297,3.9760782,4.07425297,4.07425297,4.07425297,4.07425297,4.07425297,4.17242774,4.07425297,4.17242774,4.17242774,4.17242774,4.17242774,4.17242774,4.17242774,4.17242774,4.07425297,4.17242774,4.17242774,4.17242774,4.17242774,4.17242774,4.17242774,4.17242774,4.17242774,4.17242774,4.17242774,4.17242774,4.17242774,4.27060251,4.27060251,4.36877728,4.36877728,4.46695205,4.46695205,4.56512682,4.56512682,4.56512682,4.6633016,4.6633016,4.76147637,4.76147637,4.76147637,4.76147637,4.76147637,4.76147637,4.85965114,4.85965114,4.85965114,4.85965114,4.85965114,4.85965114,4.85965114,4.85965114,4.85965114,4.85965114,4.95782591
230.396000862,C01,AP01,client_to_ap,VHT,2,2,2,80,SU,1,4,122,6637c97e16e6ce8a,6,-68.0,1.03083509,1.03083509,1.03083509,1.03083509,1.03083509,1.03083509,1.03083509,1.12900986,1.12900986,1.03083509,1.03083509,1.03083509,1.12900986,1.12900986,1.03083509,1.12900986,1.12900986,1.03083509,1.12900986,1.12900986,1.12900986,1.12900986,1.12900986,1.12900986,1.12900986,1.12900986,1.12900986,1.12900986,1.12900986,1.12900986,1.03083509,1.12900986,1.12900986,1.03083509,1.03083509,1.12900986,1.03083509,1.03083509,1.03083509,1.03083509,1.03083509,1.03083509,1.03083509,1.03083509,1.03083509,1.03083509,1.03083509,1.03083509,1.03083509,1.03083509,1.03083509,1.03083509,1.03083509,1.03083509,1.03083509,1.03083509,1.03083509,1.03083509,1.03083509,1.03083509,1.03083509,1.03083509,1.03083509,1.03083509,1.03083509,1.03083509,1.03083509,1.03083509,1.03083509,1.03083509,1.03083509,1.03083509,1.03083509,1.03083509,1.03083509,1.03083509,0.932660319,0.932660319,1.03083509,0.932660319,0.932660319,0.932660319,0.932660319,0.932660319,0.932660319,0.932660319,0.932660319,0.932660319,0.932660319,0.834485549,0.834485549,0.834485549,0.834485549,0.834485549,0.834485549,0.834485549,0.736310778,0.736310778,0.834485549,0.834485549,0.736310778,0.834485549,0.834485549,0.834485549,0.834485549,0.834485549,0.834485549,0.834485549,0.834485549,0.834485549,0.834485549,0.834485549,0.834485549,0.932660319,0.932660319,0.932660319,0.932660319,0.932660319,1.03083509,0.932660319,0.932660319,1.03083509,3.87790343,3.87790343,3.87790343,3.87790343,3.9760782,3.9760782,3.9760782,3.9760782,3.9760782,3.9760782,3.9760782,3.9760782,4.07425297,3.9760782,3.9760782,3.9760782,3.9760782,3.9760782,3.9760782,3.9760782,3.9760782,3.9760782,3.9760782,3.9760782,3.9760782,3.9760782,3.87790343,3.9760782,3.9760782,3.87790343,3.87790343,3.87790343,3.87790343,3.9760782,3.87790343,3.87790343,3.87790343,3.87790343,3.87790343,3.87790343,3.87790343,3.87790343,3.87790343,3.87790343,3.87790343,3.87790343,3.87790343,3.87790343,3.87790343,3.87790343,3.87790343,3.87790343,3.9760782,3.9760782,3.9760782,3.9760782,3.9760782,3.9760782,3.9760782,3.9760782,3.9760782,3.9760782,3.9760782,3.9760782,3.9760782,3.9760782,3.9760782,4.07425297,4.07425297,4.07425297,4.07425297,4.07425297,4.07425297,4.07425297,4.07425297,4.07425297,4.07425297,4.07425297,4.07425297,4.07425297,4.07425297,4.07425297,4.07425297,4.07425297,4.07425297,4.07425297,4.07425297,4.07425297,4.07425297,4.07425297,4.07425297,4.07425297,4.07425297,4.07425297,4.27060251,4.17242774,4.27060251,4.27060251,4.36877728,4.46695205,4.46695205,4.56512682,4.56512682,4.6633016,4.6633016,4.6633016,4.6633016,4.76147637,4.76147637,4.76147637,4.76147637,4.85965114,4.85965114,4.85965114,4.85965114,4.85965114,4.85965114,4.85965114,4.85965114,4.85965114,4.85965114,4.85965114
231.730973005,C01,AP01,client_to_ap,VHT,2,2,2,80,SU,1,4,122,6637c97e16e6ce8a,6,-68.0,1.03083509,1.03083509,1.03083509,1.12900986,1.12900986,1.03083509,1.03083509,1.12900986,1.12900986,1.12900986,1.12900986,1.12900986,1.12900986,1.12900986,1.12900986,1.12900986,1.12900986,1.12900986,1.12900986,1.12900986,1.12900986,1.12900986,1.12900986,1.12900986,1.12900986,1.12900986,1.12900986,1.12900986,1.12900986,1.12900986,1.12900986,1.12900986,1.12900986,1.12900986,1.12900986,1.12900986,1.12900986,1.03083509,1.03083509,1.03083509,1.03083509,1.03083509,1.03083509,1.03083509,1.03083509,1.03083509,1.03083509,1.03083509,1.03083509,1.03083509,1.03083509,1.03083509,1.03083509,1.03083509,1.03083509,1.03083509,1.03083509,1.03083509,1.03083509,1.03083509,1.03083509,1.03083509,1.03083509,1.03083509,0.932660319,1.03083509,1.03083509,0.932660319,0.932660319,1.03083509,1.03083509,0.932660319,0.932660319,0.932660319,0.932660319,0.932660319,0.932660319,0.932660319,0.932660319,0.932660319,0.932660319,0.932660319,0.932660319,0.932660319,0.932660319,0.932660319,0.932660319,0.932660319,0.834485549,0.834485549,0.834485549,0.834485549,0.834485549,0.834485549,0.834485549,0.834485549,0.834485549,0.834485549,0.834485549,0.834485549,0.834485549,0.834485549,0.834485549,0.834485549,0.834485549,0.834485549,0.834485549,0.834485549,0.834485549,0.834485549,0.834485549,0.932660319,0.932660319,0.932660319,0.932660319,0.932660319,0.932660319,0.932660319,0.932660319,0.932660319,1.03083509,1.03083509,3.87790343,3.87790343,3.87790343,3.9760782,3.9760782,3.9760782,3.9760782,4.07425297,4.07425297,4.07425297,3.9760782,4.07425297,3.9760782,4.07425297,4.07425297,4.07425297,4.07425297,4.07425297,3.9760782,4.07425297,3.9760782,3.9760782,3.9760782,3.9760782,3.9760782,3.9760782,3.87790343,3.87790343,3.87790343,3.87790343,3.87790343,3.87790343,3.87790343,3.87790343,3.87790343,3.87790343,3.87790343,3.87790343,3.87790343,3.87790343,3.87790343,3.87790343,3.87790343,3.87790343,3.87790343,3.87790343,3.87790343,3.87790343,3.87790343,3.87790343,3.87790343,3.87790343,3.87790343,3.87790343,3.87790343,3.9760782,3.9760782,3.9760782,3.9760782,3.9760782,3.9760782,3.9760782,3.9760782,3.9760782,4.07425297,4.07425297,4.07425297,4.07425297,4.07425297,4.07425297,4.07425297,4.07425297,4.17242774,4.17242774,4.17242774,4.17242774,4.17242774,4.17242774,4.17242774,4.17242774,4.17242774,4.17242774,4.17242774,4.17242774,4.17242774,4.17242774,4.17242774,4.17242774,4.17242774,4.27060251,4.27060251,4.27060251,4.27060251,4.27060251,4.27060251,4.46695205,4.36877728,4.46695205,4.46695205,4.56512682,4.56512682,4.56512682,4.6633016,4.6633016,4.76147637,4.76147637,4.76147637,4.76147637,4.85965114,4.85965114,4.85965114,4.85965114,4.85965114,4.85965114,4.85965114,4.85965114,4.85965114,4.85965114,4.85965114,4.95782591,4.85965114,4.85965114
233.063148975,C01,AP01,client_to_ap,VHT,2,2,2,80,SU,1,4,122,6637c97e16e6ce8a,6,-68.0,1.03083509,1.03083509,1.03083509,1.03083509,1.03083509,1.03083509,1.03083509,1.12900986,1.12900986,1.12900986,1.12900986,1.12900986,1.12900986,1.12900986,1.12900986,1.12900986,1.12900986,1.12900986,1.12900986,1.12900986,1.12900986,1.12900986,1.12900986,1.12900986,1.12900986,1.12900986,1.12900986,1.12900986,1.12900986,1.12900986,1.12900986,1.12900986,1.12900986,1.12900986,1.12900986,1.12900986,1.03083509,1.03083509,1.03083509,1.03083509,1.03083509,1.03083509,1.03083509,1.03083509,1.03083509,1.03083509,1.03083509,1.03083509,1.03083509,1.03083509,1.03083509,1.03083509,1.03083509,1.03083509,1.03083509,1.03083509,1.03083509,1.03083509,1.03083509,1.03083509,1.03083509,1.03083509,1.03083509,1.03083509,1.03083509,1.03083509,1.03083509,1.03083509,1.03083509,1.03083509,1.03083509,1.03083509,1.03083509,1.03083509,1.03083509,1.03083509,1.03083509,1.03083509,1.03083509,0.932660319,0.932660319,0.932660319,0.932660319,0.932660319,0.932660319,0.932660319,0.932660319,0.932660319,0.932660319,0.932660319,0.932660319,0.834485549,0.834485549,0.834485549,0.834485549,0.834485549,0.834485549,0.834485549,0.736310778,0.736310778,0.834485549,0.834485549,0.834485549,0.834485549,0.834485549,0.834485549,0.834485549,0.834485549,0.834485549,0.834485549,0.834485549,0.932660319,0.932660319,0.932660319,0.932660319,0.932660319,0.932660319,0.932660319,0.932660319,0.932660319,0.932660319,1.03083509,3.9760782,3.9760782,3.9760782,3.9760782,3.9760782,3.9760782,3.9760782,4.07425297,4.07425297,4.07425297,4.07425297,4.07425297,4.07425297,4.07425297,4.07425297,4.07425297,4.07425297,4.07425297,3.9760782,4.07425297,3.9760782,4.07425297,3.9760782,3.9760782,3.9760782,3.9760782,3.9760782,3.9760782,3.9760782,3.9760782,3.9760782,3.9760782,3.9760782,3.9760782,3.9760782,3.9760782,3.9760782,3.9760782,3.9760782,3.9760782,3.9760782,3.9760782,3.9760782,3.9760782,3.9760782,3.9760782,3.9760782,3.9760782,3.9760782,3.9760782,3.9760782,3.9760782,3.9760782,3.9760782,3.9760782,3.9760782,3.9760782,3.9760782,3.9760782,3.9760782,3.9760782,3.9760782,4.07425297,4.07425297,4.07425297,4.07425297,4.07425297,4.07425297,4.07425297,4.07425297,4.17242774,4.07425297,4.17242774,4.17242774,4.17242774,4.17242774,4.17242774,4.17242774,4.17242774,4.17242774,4.17242774,4.07425297,4.17242774,4.17242774,4.07425297,4.07425297,4.17242774,4.17242774,4.07425297,4.17242774,4.17242774,4.17242774,4.17242774,4.17242774,4.17242774,4.27060251,4.27060251,4.36877728,4.36877728,4.46695205,4.46695205,4.56512682,4.56512682,4.6633016,4.6633016,4.6633016,4.6633016,4.76147637,4.76147637,4.76147637,4.76147637,4.85965114,4.85965114,4.85965114,4.85965114,4.85965114,4.85965114,4.85965114,4.85965114,4.85965114,4.85965114,4.85965114
234.393935919,C01,AP01,client_to_ap,VHT,2,2,2,80,SU,1,4,122,6637c97e16e6ce8a,6,-68.0,1.03083509,1.03083509,1.03083509,1.03083509,1.03083509,1.03083509,1.03083509,1.12900986,1.03083509,1.12900986,1.03083509,1.12900986,1.12900986,1.03083509,1.03083509,1.12900986,1.12900986,1.12900986,1.12900986,1.12900986,1.12900986,1.03083509,1.03083509,1.12900986,1.12900986,1.12900986,1.12900986,1.12900986,1.03083509,1.03083509,1.03083509,1.12900986,1.12900986,1.03083509,1.03083509,1.03083509,1.03083509,1.03083509,1.03083509,1.03083509,1.03083509,1.03083509,1.03083509,1.03083509,1.03083509,1.03083509,1.03083509,1.03083509,1.03083509,1.03083509,1.03083509,1.03083509,1.03083509,1.03083509,1.03083509,1.03083509,1.03083509,1.03083509,1.03083509,1.03083509,1.03083509,1.03083509,1.03083509,1.03083509,1.03083509,1.03083509,1.03083509,1.03083509,1.03083509,1.03083509,1.03083509,1.03083509,1.03083509,1.03083509,1.03083509,1.03083509,1.03083509,0.932660319,1.03083509,0.932660319,0.932660319,0.932660319,0.932660319,0.932660319,0.932660319,0.932660319,0.932660319,0.932660319,0.834485549,0.834485549,0.834485549,0.834485549,0.834485549,0.736310778,0.736310778,0.736310778,0.736310778,0.736310778,0.736310778,0.736310778,0.736310778,0.736310778,0.736310778,0.736310778,0.736310778,0.736310778,0.736310778,0.834485549,0.834485549,0.834485549,0.834485549,0.834485549,0.834485549,0.834485549,0.932660319,0.932660319,0.932660319,0.932660319,0.932660319,0.932660319,0.932660319,1.03083509,3.87790343,3.87790343,3.9760782,3.9760782,3.9760782,3.9760782,3.9760782,3.9760782,3.9760782,3.9760782,3.9760782,3.9760782,3.9760782,3.9760782,3.9760782,3.9760782,3.9760782,3.9760782,3.9760782,3.9760782,3.9760782,3.9760782,3.9760782,3.87790343,3.9760782,3.9760782,3.87790343,3.87790343,3.9760782,3.87790343,3.87790343,3.87790343,3.87790343,3.9760782,3.87790343,3.87790343,3.9760782,3.87790343,3.87790343,3.87790343,3.87790343,3.87790343,3.87790343,3.87790343,3.87790343,3.87790343,3.87790343,3.87790343,3.87790343,3.87790343,3.87790343,3.87790343,3.87790343,3.87790343,3.9760782,3.87790343,3.9760782,3.9760782,3.9760782,3.9760782,3.9760782,3.9760782,3.9760782,3.9760782,3.9760782,3.9760782,3.9760782,4.07425297,4.07425297,4.07425297,4.07425297,4.07425297,4.07425297,4.07425297,4.07425297,4.07425297,4.07425297,4.07425297,4.07425297,4.07425297,4.07425297,3.9760782,3.9760782,3.9760782,4.07425297,3.9760782,3.9760782,3.9760782,3.9760782,3.9760782,4.07425297,4.07425297,4.07425297,4.07425297,4.07425297,4.17242774,4.17242774,4.27060251,4.36877728,4.46695205,4.46695205,4.46695205,4.56512682,4.56512682,4.6633016,4.6633016,4.76147637,4.76147637,4.76147637,4.85965114,4.85965114,4.85965114,4.85965114,4.85965114,4.85965114,4.85965114,4.95782591,4.95782591,4.95782591,4.95782591,4.85965114,4.85965114
235.731016874,C01,AP01,client_to_ap,VHT,2,2,2,80,SU,1,4,122,6637c97e16e6ce8a,6,-68.0,1.12900986,1.03083509,1.12900986,1.12900986,1.12900986,1.12900986,1.12900986,1.12900986,1.12900986,1.12900986,1.12900986,1.12900986,1.12900986,1.12900986,1.12900986,1.12900986,1.12900986,1.12900986,1.12900986,1.12900986,1.12900986,1.12900986,1.12900986,1.12900986,1.12900986,1.12900986,1.12900986,1.12900986,1.12900986,1.12900986,1.12900986,1.12900986,1.12900986,1.12900986,1.12900986,1.12900986,1.03083509,1.03083509,1.03083509,1.03083509,1.03083509,1.03083509,1.03083509,1.03083509,1.03083509,1.03083509,1.03083509,1.03083509,1.03083509,1.03083509,1.03083509,1.03083509,1.03083509,1.03083509,1.03083509,1.03083509,1.03083509,1.03083509,1.03083509,1.03083509,1.03083509,1.03083509,1.03083509,1.03083509,1.03083509,1.03083509,1.03083509,1.03083509,1.03083509,1.03083509,1.03083509,1.03083509,1.03083509,1.03083509,1.03083509,1.03083509,1.03083509,1.03083509,1.03083509,1.03083509,0.932660319,0.932660319,0.932660319,0.932660319,0.932660319,0.932660319,0.932660319,0.932660319,0.834485549,0.834485549,0.834485549,0.834485549,0.834485549,0.834485549,0.834485549,0.736310778,0.736310778,0.736310778,0.736310778,0.736310778,0.736310778,0.736310778,0.834485549,0.736310778,0.736310778,0.736310778,0.834485549,0.834485549,0.834485549,0.834485549,0.834485549,0.834485549,0.834485549,0.834485549,0.932660319,0.932660319,0.932660319,0.932660319,0.932660319,0.932660319,0.932660319,0.932660319,3.87790343,3.9760782,3.9760782,3.9760782,3.9760782,3.9760782,3.9760782,3.9760782,3.9760782,4.07425297,3.9760782,3.9760782,4.07425297,3.9760782,3.9760782,3.9760782,3.9760782,3.9760782,3.9760782,3.9760782,3.9760782,3.9760782,3.9760782,3.9760782,3.9760782,3.9760782,3.87790343,3.9760782,3.9760782,3.9760782,3.87790343,3.87790343,3.87790343,3.9760782,3.9760782,3.9760782,3.9760782,3.87790343,3.87790343,3.87790343,3.87790343,3.87790343,3.87790343,3.9760782,3.9760782,3.87790343,3.87790343,3.9760782,3.87790343,3.9760782,3.87790343,3.87790343,3.9760782,3.9760782,3.9760782,3.9760782,3.9760782,3.9760782,3.9760782,3.9760782,3.9760782,4.07425297,4.07425297,4.07425297,4.07425297,4.07425297,4.07425297,4.07425297,4.07425297,4.07425297,4.17242774,4.17242774,4.17242774,4.17242774,4.17242774,4.17242774,4.17242774,4.07425297,4.07425297,4.17242774,4.17242774,4.17242774,4.07425297,4.17242774,4.07425297,4.07425297,4.07425297,4.07425297,4.07425297,4.07425297,4.17242774,4.07425297,4.07425297,4.17242774,4.17242774,4.27060251,4.27060251,4.36877728,4.36877728,4.46695205,4.56512682,4.56512682,4.56512682,4.6633016,4.76147637,4.76147637,4.85965114,4.76147637,4.85965114,4.85965114,4.85965114,4.85965114,4.85965114,4.95782591,4.95782591,4.85965114,4.85965114,4.85965114,4.95782591,4.95782591,4.95782591,4.95782591
237.061991930,C01,AP01,client_to_ap,VHT,2,2,2,80,SU,1,4,122,6637c97e16e6ce8a,6,-68.0,1.12900986,1.03083509,1.03083509,1.12900986,1.12900986,1.12900986,1.12900986,1.12900986,1.12900986,1.12900986,1.12900986,1.12900986,1.12900986,1.12900986,1.12900986,1.12900986,1.12900986,1.12900986,1.12900986,1.12900986,1.12900986,1.12900986,1.12900986,1.12900986,1.12900986,1.12900986,1.12900986,1.12900986,1.12900986,1.12900986,1.12900986,1.12900986,1.12900986,1.12900986,1.12900986,1.12900986,1.12900986,1.12900986,1.03083509,1.12900986,1.03083509,1.03083509,1.03083509,1.03083509,1.03083509,1.03083509,1.03083509,1.03083509,1.03083509,1.03083509,1.03083509,1.03083509,1.03083509,1.03083509,1.03083509,1.03083509,1.03083509,1.03083509,1.03083509,1.03083509,1.03083509,1.03083509,1.03083509,1.03083509,1.03083509,1.03083509,1.03083509,1.03083509,1.03083509,1.03083509,1.03083509,1.03083509,1.03083509,1.03083509,1.03083509,1.03083509,1.03083509,1.03083509,1.03083509,1.03083509,0.932660319,0.932660319,0.932660319,0.932660319,0.932660319,0.932660319,0.932660319,0.932660319,0.834485549,0.834485549,0.834485549,0.834485549,0.834485549,0.834485549,0.834485549,0.834485549,0.736310778,0.736310778,0.736310778,0.736310778,0.736310778,0.736310778,0.736310778,0.736310778,0.834485549,0.834485549,0.834485549,0.834485549,0.834485549,0.834485549,0.834485549,0.834485549,0.834485549,0.834485549,0.932660319,0.932660319,0.932660319,0.932660319,0.932660319,0.932660319,0.932660319,0.932660319,3.87790343,3.87790343,3.9760782,3.9760782,3.9760782,3.9760782,3.9760782,3.9760782,3.9760782,3.9760782,3.9760782,4.07425297,4.07425297,3.9760782,3.9760782,3.9760782,4.07425297,3.9760782,3.9760782,3.9760782,3.9760782,3.9760782,3.9760782,3.9760782,3.9760782,3.87790343,3.87790343,3.9760782,3.9760782,3.87790343,3.87790343,3.87790343,3.87790343,3.87790343,3.87790343,3.87790343,3.87790343,3.87790343,3.87790343,3.87790343,3.87790343,3.87790343,3.87790343,3.87790343,3.87790343,3.87790343,3.87790343,3.87790343,3.87790343,3.87790343,3.87790343,3.87790343,3.87790343,3.87790343,3.87790343,3.87790343,3.9760782,3.87790343,3.87790343,3.9760782,3.9760782,3.9760782,3.9760782,3.9760782,3.9760782,3.9760782,4.07425297,4.07425297,4.07425297,4.07425297,4.07425297,4.07425297,4.07425297,4.07425297,4.07425297,4.17242774,4.07425297,4.17242774,4.07425297,4.17242774,4.17242774,4.07425297,4.07425297,4.07425297,4.07425297,4.17242774,4.07425297,4.07425297,4.07425297,4.07425297,4.07425297,4.17242774,4.17242774,4.17242774,4.17242774,4.17242774,4.27060251,4.36877728,4.36877728,4.46695205,4.46695205,4.46695205,4.6633016,4.6633016,4.6633016,4.76147637,4.6633016,4.76147637,4.76147637,4.85965114,4.85965114,4.85965114,4.85965114,4.85965114,4.85965114,4.85965114,4.85965114,4.85965114,4.85965114,4.85965114,4.85965114,4.85965114
238.411751032,C01,AP01,client_to_ap,VHT,2,2,2,80,SU,1,4,122,6637c97e16e6ce8a,6,-68.0,1.03083509,1.03083509,1.03083509,1.03083509,1.03083509,1.03083509,1.03083509,1.03083509,1.03083509,1.03083509,1.03083509,1.03083509,1.03083509,1.03083509,1.03083509,1.03083509,1.03083509,1.12900986,1.03083509,1.03083509,1.03083509,1.12900986,1.03083509,1.03083509,1.12900986,1.03083509,1.03083509,1.12900986,1.03083509,1.03083509,1.03083509,1.03083509,1.03083509,1.03083509,1.03083509,1.03083509,1.03083509,1.03083509,1.03083509,1.03083509,1.03083509,1.03083509,1.03083509,1.03083509,1.03083509,1.03083509,1.03083509,1.03083509,1.03083509,1.03083509,1.03083509,1.03083509,1.03083509,1.03083509,1.03083509,1.03083509,1.03083509,1.03083509,1.03083509,1.03083509,1.03083509,1.03083509,1.03083509,1.03083509,1.03083509,1.03083509,1.03083509,1.03083509,0.932660319,1.03083509,1.03083509,1.03083509,1.03083509,0.932660319,1.03083509,1.03083509,0.932660319,1.03083509,0.932660319,1.03083509,0.932660319,0.932660319,0.932660319,0.932660319,0.932660319,0.932660319,0.932660319,0.932660319,0.834485549,0.834485549,0.834485549,0.834485549,0.834485549,0.736310778,0.736310778,0.736310778,0.736310778,0.736310778,0.736310778,0.638136008,0.736310778,0.638136008,0.638136008,0.736310778,0.736310778,0.736310778,0.736310778,0.736310778,0.736310778,0.834485549,0.834485549,0.834485549,0.834485549,0.834485549,0.834485549,0.834485549,0.932660319,0.932660319,0.932660319,0.932660319,0.932660319,1.03083509,3.87790343,3.87790343,3.9760782,3.9760782,3.9760782,3.9760782,3.9760782,3.9760782,3.9760782,3.9760782,3.9760782,3.9760782,3.9760782,3.9760782,3.9760782,3.87790343,3.9760782,3.87790343,3.87790343,3.87790343,3.87790343,3.87790343,3.87790343,3.87790343,3.87790343,3.87790343,3.87790343,3.87790343,3.87790343,3.87790343,3.87790343,3.87790343,3.87790343,3.87790343,3.87790343,3.87790343,3.87790343,3.87790343,3.87790343,3.77972866,3.87790343,3.77972866,3.77972866,3.87790343,3.87790343,3.77972866,3.77972866,3.77972866,3.77972866,3.77972866,3.87790343,3.87790343,3.87790343,3.87790343,3.87790343,3.87790343,3.87790343,3.87790343,3.87790343,3.87790343,3.87790343,3.87790343,3.87790343,3.9760782,3.87790343,3.87790343,3.9760782,3.9760782,3.9760782,3.9760782,3.9760782,3.9760782,3.9760782,3.9760782,3.9760782,3.9760782,3.9760782,3.9760782,3.9760782,3.9760782,3.9760782,3.9760782,3.9760782,3.9760782,3.9760782,3.9760782,3.9760782,3.9760782,3.9760782,3.9760782,3.87790343,3.9760782,3.9760782,3.9760782,3.9760782,4.07425297,4.17242774,4.27060251,4.27060251,4.36877728,4.36877728,4.46695205,4.56512682,4.56512682,4.56512682,4.6633016,4.76147637,4.76147637,4.76147637,4.76147637,4.76147637,4.76147637,4.85965114,4.85965114,4.85965114,4.85965114,4.85965114,4.85965114,4.85965114,4.85965114,4.85965114,4.85965114
239.730804920,C01,AP01,client_to_ap,VHT,2,2,2,80,SU,1,4,122,6637c97e16e6ce8a,6,-68.0,1.03083509,1.03083509,1.03083509,1.12900986,1.12900986,1.12900986,1.12900986,1.12900986,1.12900986,1.12900986,1.12900986,1.12900986,1.12900986,1.12900986,1.12900986,1.12900986,1.12900986,1.12900986,1.12900986,1.12900986,1.12900986,1.12900986,1.12900986,1.12900986,1.12900986,1.12900986,1.12900986,1.12900986,1.12900986,1.12900986,1.12900986,1.12900986,1.12900986,1.12900986,1.12900986,1.12900986,1.12900986,1.12900986,1.12900986,1.12900986,1.03083509,1.03083509,1.03083509,1.03083509,1.03083509,1.03083509,1.03083509,1.03083509,1.03083509,1.03083509,1.03083509,1.03083509,1.03083509,1.03083509,1.03083509,1.03083509,1.03083509,1.03083509,1.03083509,1.03083509,1.03083509,1.03083509,1.03083509,1.03083509,1.03083509,1.03083509,0.932660319,0.932660319,0.932660319,1.03083509,1.03083509,0.932660319,0.932660319,0.932660319,0.932660319,0.932660319,0.932660319,0.932660319,0.932660319,0.932660319,0.932660319,0.932660319,0.932660319,0.932660319,0.932660319,0.932660319,0.932660319,0.932660319,0.834485549,0.834485549,0.834485549,0.834485549,0.834485549,0.834485549,0.834485549,0.834485549,0.736310778,0.736310778,0.736310778,0.834485549,0.736310778,0.834485549,0.834485549,0.834485549,0.834485549,0.834485549,0.834485549,0.834485549,0.834485549,0.834485549,0.834485549,0.834485549,0.834485549,0.932660319,0.932660319,0.932660319,0.932660319,0.932660319,0.932660319,0.932660319,0.932660319,1.03083509,3.87790343,3.87790343,3.9760782,3.9760782,3.9760782,3.9760782,3.9760782,4.07425297,4.07425297,4.07425297,3.9760782,4.07425297,4.07425297,4.07425297,3.9760782,4.07425297,3.9760782,3.9760782,4.07425297,3.9760782,3.9760782,3.9760782,3.9760782,3.9760782,3.9760782,3.9760782,3.9760782,3.9760782,3.87790343,3.87790343,3.87790343,3.87790343,3.87790343,3.87790343,3.87790343,3.87790343,3.87790343,3.87790343,3.87790343,3.87790343,3.87790343,3.87790343,3.87790343,3.87790343,3.77972866,3.77972866,3.77972866,3.87790343,3.87790343,3.87790343,3.87790343,3.87790343,3.87790343,3.87790343,3.87790343,3.87790343,3.87790343,3.87790343,3.87790343,3.9760782,3.9760782,3.9760782,3.9760782,3.9760782,3.9760782,3.9760782,3.9760782,4.07425297,4.07425297,4.07425297,4.07425297,4.07425297,4.07425297,4.07425297,4.07425297,4.07425297,4.17242774,4.07425297,4.07425297,4.07425297,4.07425297,4.17242774,4.17242774,4.17242774,4.07425297,4.17242774,4.17242774,4.17242774,4.17242774,4.17242774,4.17242774,4.27060251,4.17242774,4.27060251,4.27060251,4.27060251,4.27060251,4.36877728,4.46695205,4.56512682,4.56512682,4.56512682,4.56512682,4.6633016,4.6633016,4.6633016,4.76147637,4.76147637,4.76147637,4.76147637,4.85965114,4.85965114,4.85965114,4.85965114,4.85965114,4.85965114,4.85965114,4.85965114,4.85965114,4.85965114,4.85965114,4.85965114
241.063143969,C01,AP01,client_to_ap,VHT,2,2,2,80,SU,1,4,122,6637c97e16e6ce8a,6,-68.0,1.03083509,1.03083509,1.03083509,1.03083509,1.03083509,1.03083509,1.03083509,1.12900986,1.03083509,1.03083509,1.03083509,1.03083509,1.03083509,1.12900986,1.12900986,1.12900986,1.12900986,1.12900986,1.12900986,1.12900986,1.12900986,1.12900986,1.12900986,1.12900986,1.12900986,1.12900986,1.12900986,1.12900986,1.12900986,1.12900986,1.12900986,1.12900986,1.12900986,1.12900986,1.03083509,1.12900986,1.03083509,1.03083509,1.03083509,1.03083509,1.03083509,1.03083509,1.03083509,1.03083509,1.03083509,1.03083509,1.03083509,1.03083509,1.03083509,1.03083509,1.03083509,1.03083509,1.03083509,1.03083509,1.03083509,1.03083509,1.03083509,1.03083509,1.03083509,1.03083509,1.03083509,1.03083509,1.03083509,1.03083509,0.932660319,0.932660319,0.932660319,0.932660319,0.932660319,0.932660319,1.03083509,1.03083509,0.932660319,0.932660319,0.932660319,0.932660319,0.932660319,0.932660319,0.932660319,0.932660319,0.932660319,0.932660319,0.932660319,0.932660319,0.932660319,0.834485549,0.932660319,0.834485549,0.834485549,0.834485549,0.834485549,0.834485549,0.834485549,0.834485549,0.834485549,0.736310778,0.736310778,0.736310778,0.736310778,0.736310778,0.736310778,0.736310778,0.736310778,0.736310778,0.736310778,0.736310778,0.736310778,0.834485549,0.834485549,0.834485549,0.834485549,0.834485549,0.834485549,0.834485549,0.932660319,0.932660319,0.932660319,0.932660319,0.932660319,0.932660319,0.932660319,0.932660319,3.87790343,3.87790343,3.9760782,3.9760782,3.9760782,3.9760782,3.9760782,3.9760782,4.07425297,4.07425297,3.9760782,3.9760782,3.9760782,3.9760782,4.07425297,3.9760782,3.9760782,3.9760782,3.9760782,3.9760782,3.9760782,3.9760782,3.9760782,3.87790343,3.87790343,3.87790343,3.9760782,3.87790343,3.87790343,3.87790343,3.87790343,3.87790343,3.87790343,3.87790343,3.87790343,3.87790343,3.87790343,3.87790343,3.87790343,3.87790343,3.87790343,3.87790343,3.77972866,3.87790343,3.77972866,3.77972866,3.77972866,3.87790343,3.87790343,3.87790343,3.87790343,3.87790343,3.87790343,3.87790343,3.87790343,3.87790343,3.87790343,3.87790343,3.87790343,3.87790343,3.9760782,3.9760782,3.9760782,3.9760782,3.9760782,3.9760782,3.9760782,3.9760782,3.9760782,4.07425297,3.9760782,4.07425297,4.07425297,4.07425297,4.07425297,4.07425297,4.07425297,4.07425297,4.07425297,4.07425297,4.07425297,3.9760782,4.07425297,4.07425297,4.07425297,3.9760782,3.9760782,4.07425297,4.07425297,4.07425297,4.07425297,4.07425297,4.07425297,4.17242774,4.17242774,4.17242774,4.27060251,4.27060251,4.36877728,4.36877728,4.46695205,4.46695205,4.56512682,4.6633016,4.6633016,4.6633016,4.76147637,4.76147637,4.76147637,4.85965114,4.85965114,4.76147637,4.85965114,4.85965114,4.85965114,4.85965114,4.85965114,4.85965114,4.85965114,4.85965114,4.85965114,4.85965114
242.394914865,C01,AP01,client_to_ap,VHT,2,2,2,80,SU,1,4,122,6637c97e16e6ce8a,6,-68.0,1.03083509,1.03083509,1.03083509,1.03083509,1.03083509,1.03083509,1.03083509,1.12900986,1.12900986,1.03083509,1.03083509,1.12900986,1.12900986,1.12900986,1.12900986,1.12900986,1.12900986,1.12900986,1.12900986,1.12900986,1.12900986,1.12900986,1.12900986,1.12900986,1.12900986,1.12900986,1.12900986,1.12900986,1.12900986,1.12900986,1.12900986,1.12900986,1.12900986,1.12900986,1.12900986,1.12900986,1.12900986,1.12900986,1.12900986,1.03083509,1.03083509,1.03083509,1.03083509,1.03083509,1.03083509,1.03083509,1.03083509,1.03083509,1.03083509,1.03083509,1.03083509,1.03083509,1.03083509,1.03083509,1.03083509,1.03083509,1.03083509,1.03083509,1.03083509,1.03083509,1.03083509,1.03083509,1.03083509,1.03083509,1.03083509,1.03083509,1.03083509,1.03083509,1.03083509,1.03083509,1.03083509,1.03083509,1.03083509,1.03083509,1.03083509,1.03083509,1.03083509,1.03083509,1.03083509,1.03083509,1.03083509,0.932660319,1.03083509,0.932660319,0.932660319,0.932660319,0.932660319,0.932660319,0.932660319,0.932660319,0.932660319,0.834485549,0.834485549,0.834485549,0.834485549,0.834485549,0.736310778,0.736310778,0.736310778,0.736310778,0.736310778,0.834485549,0.834485549,0.834485549,0.834485549,0.834485549,0.834485549,0.834485549,0.834485549,0.834485549,0.834485549,0.834485549,0.932660319,0.932660319,0.932660319,0.932660319,0.932660319,0.932660319,0.932660319,0.932660319,1.03083509,0.932660319,3.87790343,3.9760782,3.9760782,3.9760782,3.9760782,4.07425297,3.9760782,4.07425297,4.07425297,4.07425297,4.07425297,4.07425297,4.07425297,4.07425297,4.07425297,4.07425297,4.07425297,4.07425297,4.07425297,4.07425297,4.07425297,4.07425297,3.9760782,3.9760782,3.9760782,3.9760782,3.9760782,3.9760782,3.9760782,3.9760782,3.9760782,3.9760782,3.87790343,3.9760782,3.87790343,3.9760782,3.87790343,3.87790343,3.9760782,3.87790343,3.87790343,3.87790343,3.87790343,3.87790343,3.87790343,3.87790343,3.87790343,3.9760782,3.87790343,3.9760782,3.9760782,3.9760782,3.9760782,3.9760782,3.9760782,3.9760782,3.9760782,3.9760782,3.9760782,3.9760782,3.9760782,3.9760782,3.9760782,4.07425297,4.07425297,4.07425297,4.07425297,4.07425297,4.07425297,4.07425297,4.07425297,4.07425297,4.17242774,4.07425297,4.17242774,4.17242774,4.17242774,4.07425297,4.07425297,4.07425297,4.17242774,4.17242774,4.07425297,4.07425297,4.07425297,4.07425297,4.07425297,4.07425297,4.07425297,4.07425297,4.07425297,4.17242774,4.17242774,4.17242774,4.17242774,4.27060251,4.27060251,4.36877728,4.36877728,4.46695205,4.56512682,4.56512682,4.56512682,4.6633016,4.6633016,4.6633016,4.76147637,4.76147637,4.76147637,4.76147637,4.76147637,4.85965114,4.85965114,4.85965114,4.85965114,4.85965114,4.85965114,4.85965114,4.85965114,4.85965114,4.85965114,4.85965114
243.730767012,C01,AP01,client_to_ap,VHT,2,2,2,80,SU,1,4,122,6637c97e16e6ce8a,6,-68.0,1.03083509,1.03083509,1.03083509,1.03083509,1.03083509,1.03083509,1.03083509,1.12900986,1.12900986,1.12900986,1.12900986,1.03083509,1.12900986,1.12900986,1.12900986,1.12900986,1.12900986,1.12900986,1.12900986,1.12900986,1.12900986,1.12900986,1.12900986,1.12900986,1.12900986,1.12900986,1.12900986,1.12900986,1.12900986,1.12900986,1.12900986,1.12900986,1.12900986,1.12900986,1.12900986,1.12900986,1.03083509,1.03083509,1.03083509,1.03083509,1.03083509,1.03083509,1.03083509,1.03083509,1.03083509,1.03083509,1.03083509,1.03083509,1.03083509,1.03083509,1.03083509,1.03083509,1.03083509,1.03083509,1.03083509,1.03083509,1.03083509,1.03083509,1.03083509,1.03083509,1.03083509,1.03083509,1.03083509,1.03083509,1.03083509,1.03083509,1.03083509,1.03083509,1.03083509,1.03083509,1.03083509,1.03083509,1.03083509,1.03083509,1.03083509,1.03083509,1.03083509,1.03083509,1.03083509,1.03083509,1.03083509,0.932660319,0.932660319,0.932660319,0.932660319,0.932660319,0.932660319,0.932660319,0.932660319,0.932660319,0.834485549,0.834485549,0.834485549,0.834485549,0.834485549,0.736310778,0.736310778,0.834485549,0.736310778,0.736310778,0.736310778,0.736310778,0.736310778,0.736310778,0.834485549,0.834485549,0.834485549,0.834485549,0.834485549,0.834485549,0.834485549,0.834485549,0.834485549,0.932660319,0.834485549,0.932660319,0.932660319,0.932660319,0.932660319,0.932660319,0.932660319,1.03083509,3.9760782,3.9760782,3.9760782,3.9760782,4.07425297,4.07425297,4.07425297,4.07425297,4.07425297,4.07425297,4.07425297,4.17242774,4.07425297,4.07425297,4.07425297,4.07425297,4.07425297,4.07425297,4.07425297,4.07425297,3.9760782,3.9760782,3.9760782,3.9760782,3.9760782,3.9760782,3.9760782,3.9760782,3.9760782,3.9760782,3.9760782,3.9760782,3.9760782,3.9760782,3.87790343,3.9760782,3.9760782,3.87790343,3.9760782,3.9760782,3.9760782,3.87790343,3.87790343,3.9760782,3.9760782,3.9760782,3.9760782,3.9760782,3.9760782,3.9760782,3.9760782,3.9760782,3.9760782,3.9760782,3.9760782,3.9760782,3.9760782,3.9760782,3.9760782,3.9760782,3.9760782,3.9760782,3.9760782,4.07425297,4.07425297,4.07425297,4.07425297,4.07425297,4.07425297,4.07425297,4.07425297,4.07425297,4.17242774,4.17242774,4.07425297,4.17242774,4.07425297,4.07425297,4.07425297,4.07425297,4.07425297,4.07425297,4.07425297,4.07425297,4.07425297,4.07425297,4.07425297,4.07425297,4.07425297,4.07425297,4.07425297,4.07425297,4.07425297,4.17242774,4.17242774,4.27060251,4.27060251,4.27060251,4.36877728,4.46695205,4.46695205,4.56512682,4.56512682,4.6633016,4.6633016,4.76147637,4.76147637,4.76147637,4.76147637,4.76147637,4.76147637,4.85965114,4.85965114,4.85965114,4.85965114,4.85965114,4.85965114,4.85965114,4.95782591,4.85965114,4.85965114,4.85965114
245.065047026,C01,AP01,client_to_ap,VHT,2,2,2,80,SU,1,4,122,6637c97e16e6ce8a,6,-68.0,1.03083509,1.03083509,1.12900986,1.12900986,1.03083509,1.12900986,1.12900986,1.12900986,1.12900986,1.12900986,1.12900986,1.12900986,1.12900986,1.12900986,1.12900986,1.12900986,1.12900986,1.12900986,1.12900986,1.12900986,1.12900986,1.12900986,1.12900986,1.12900986,1.12900986,1.12900986,1.12900986,1.12900986,1.12900986,1.12900986,1.12900986,1.12900986,1.12900986,1.12900986,1.12900986,1.12900986,1.12900986,1.12900986,1.12900986,1.12900986,1.03083509,1.03083509,1.03083509,1.03083509,1.03083509,1.03083509,1.03083509,1.03083509,1.03083509,1.03083509,1.03083509,1.03083509,1.03083509,1.03083509,1.03083509,1.03083509,1.03083509,1.03083509,1.03083509,1.03083509,1.03083509,1.03083509,1.03083509,1.03083509,1.03083509,1.03083509,1.03083509,1.03083509,1.03083509,1.03083509,1.03083509,1.03083509,1.03083509,1.03083509,1.03083509,1.03083509,1.03083509,1.03083509,1.03083509,1.03083509,0.932660319,0.932660319,0.932660319,0.932660319,0.932660319,0.932660319,0.932660319,0.932660319,0.834485549,0.932660319,0.834485549,0.834485549,0.834485549,0.834485549,0.834485549,0.834485549,0.834485549,0.736310778,0.736310778,0.736310778,0.736310778,0.736310778,0.736310778,0.834485549,0.834485549,0.834485549,0.834485549,0.834485549,0.834485549,0.834485549,0.834485549,0.834485549,0.932660319,0.932660319,0.932660319,0.932660319,0.932660319,0.932660319,0.932660319,0.932660319,0.932660319,0.932660319,3.87790343,3.9760782,3.9760782,4.07425297,4.07425297,4.07425297,4.07425297,4.07425297,4.07425297,4.07425297,4.07425297,4.07425297,4.07425297,4.07425297,4.07425297,4.07425297,3.9760782,4.07425297,4.07425297,4.07425297,4.07425297,3.9760782,3.9760782,3.9760782,3.9760782,3.9760782,3.9760782,3.87790343,3.9760782,3.87790343,3.9760782,3.9760782,3.87790343,3.87790343,3.87790343,3.87790343,3.87790343,3.87790343,3.87790343,3.87790343,3.87790343,3.87790343,3.87790343,3.87790343,3.87790343,3.87790343,3.87790343,3.87790343,3.87790343,3.87790343,3.9760782,3.87790343,3.87790343,3.87790343,3.9760782,3.9760782,3.9760782,3.9760782,3.9760782,3.9760782,3.9760782,3.9760782,3.9760782,3.9760782,3.9760782,3.9760782,4.07425297,4.07425297,4.07425297,4.07425297,4.07425297,4.07425297,4.07425297,4.07425297,4.07425297,4.07425297,4.07425297,4.07425297,4.07425297,4.07425297,4.07425297,4.07425297,4.07425297,4.07425297,4.07425297,4.07425297,4.07425297,4.17242774,4.07425297,4.17242774,4.17242774,4.17242774,4.17242774,4.17242774,4.17242774,4.17242774,4.27060251,4.36877728,4.36877728,4.46695205,4.46695205,4.56512682,4.6633016,4.6633016,4.6633016,4.76147637,4.76147637,4.76147637,4.76147637,4.85965114,4.85965114,4.85965114,4.85965114,4.85965114,4.85965114,4.85965114,4.85965114,4.85965114,4.85965114,4.85965114,4.85965114,4.85965114
246.394449949,C01,AP01,client_to_ap,VHT,2,2,2,80,SU,1,4,122,6637c97e16e6ce8a,6,-68.0,1.03083509,1.12900986,1.03083509,1.03083509,1.12900986,1.12900986,1.12900986,1.12900986,1.03083509,1.12900986,1.12900986,1.12900986,1.12900986,1.12900986,1.12900986,1.12900986,1.12900986,1.12900986,1.12900986,1.12900986,1.12900986,1.12900986,1.12900986,1.12900986,1.12900986,1.12900986,1.12900986,1.12900986,1.12900986,1.12900986,1.12900986,1.12900986,1.12900986,1.12900986,1.12900986,1.12900986,1.12900986,1.12900986,1.12900986,1.03083509,1.12900986,1.03083509,1.03083509,1.03083509,1.03083509,1.03083509,1.03083509,1.03083509,1.03083509,1.03083509,1.03083509,1.03083509,1.03083509,1.03083509,1.03083509,1.03083509,1.03083509,1.03083509,1.03083509,1.03083509,1.03083509,1.03083509,1.03083509,1.03083509,1.03083509,1.03083509,1.03083509,1.03083509,1.03083509,1.03083509,1.03083509,1.03083509,1.03083509,0.932660319,0.932660319,1.03083509,1.03083509,0.932660319,0.932660319,0.932660319,0.932660319,0.932660319,0.932660319,0.932660319,0.932660319,0.932660319,0.932660319,0.932660319,0.834485549,0.834485549,0.834485549,0.834485549,0.834485549,0.834485549,0.834485549,0.834485549,0.736310778,0.736310778,0.736310778,0.736310778,0.736310778,0.736310778,0.736310778,0.736310778,0.834485549,0.834485549,0.834485549,0.834485549,0.834485549,0.834485549,0.834485549,0.834485549,0.834485549,0.834485549,0.834485549,0.932660319,0.932660319,0.932660319,0.932660319,0.932660319,0.932660319,0.932660319,3.87790343,3.87790343,3.9760782,3.9760782,3.9760782,3.9760782,4.07425297,4.07425297,3.9760782,3.9760782,3.9760782,4.07425297,3.9760782,4.07425297,4.07425297,3.9760782,3.9760782,3.9760782,4.07425297,3.9760782,3.9760782,3.9760782,3.9760782,3.9760782,3.9760782,3.9760782,3.9760782,3.9760782,3.87790343,3.87790343,3.9760782,3.9760782,3.9760782,3.9760782,3.87790343,3.87790343,3.87790343,3.87790343,3.87790343,3.87790343,3.87790343,3.87790343,3.87790343,3.87790343,3.87790343,3.87790343,3.87790343,3.87790343,3.87790343,3.87790343,3.87790343,3.87790343,3.87790343,3.87790343,3.87790343,3.87790343,3.9760782,3.9760782,3.9760782,3.9760782,3.9760782,3.9760782,3.9760782,3.9760782,3.9760782,4.07425297,3.9760782,4.07425297,4.07425297,4.07425297,4.07425297,4.07425297,4.07425297,4.07425297,4.07425297,4.17242774,4.17242774,4.07425297,4.07425297,4.17242774,4.07425297,4.07425297,4.17242774,4.17242774,4.07425297,4.07425297,4.07425297,4.07425297,4.07425297,4.07425297,4.07425297,4.07425297,4.17242774,4.07425297,4.17242774,4.27060251,4.27060251,4.27060251,4.36877728,4.46695205,4.46695205,4.56512682,4.56512682,4.6633016,4.6633016,4.76147637,4.76147637,4.76147637,4.76147637,4.76147637,4.85965114,4.76147637,4.85965114,4.85965114,4.85965114,4.85965114,4.85965114,4.85965114,4.95782591,4.85965114,4.85965114,4.95782591
247.731631994,C01,AP01,client_to_ap,VHT,2,2,2,80,SU,1,4,122,6637c97e16e6ce8a,6,-68.0,1.03083509,1.03083509,1.03083509,1.03083509,1.12900986,1.12900986,1.12900986,1.12900986,1.12900986,1.12900986,1.12900986,1.12900986,1.12900986,1.12900986,1.12900986,1.12900986,1.12900986,1.12900986,1.12900986,1.12900986,1.12900986,1.12900986,1.12900986,1.12900986,1.12900986,1.12900986,1.12900986,1.12900986,1.12900986,1.12900986,1.12900986,1.12900986,1.12900986,1.12900986,1.12900986,1.12900986,1.12900986,1.12900986,1.12900986,1.12900986,1.03083509,1.03083509,1.03083509,1.03083509,1.03083509,1.03083509,1.03083509,1.03083509,1.03083509,1.03083509,1.03083509,1.03083509,1.03083509,1.03083509,1.03083509,1.03083509,1.03083509,1.03083509,1.03083509,1.03083509,1.03083509,1.03083509,1.03083509,1.03083509,1.03083509,1.03083509,1.03083509,1.03083509,0.932660319,0.932660319,1.03083509,1.03083509,0.932660319,0.932660319,1.03083509,0.932660319,0.932660319,0.932660319,0.932660319,0.932660319,0.932660319,0.932660319,0.932660319,0.932660319,0.932660319,0.932660319,0.932660319,0.932660319,0.834485549,0.834485549,0.834485549,0.834485549,0.834485549,0.834485549,0.736310778,0.834485549,0.736310778,0.736310778,0.736310778,0.736310778,0.736310778,0.736310778,0.834485549,0.736310778,0.736310778,0.834485549,0.736310778,0.834485549,0.834485549,0.834485549,0.834485549,0.834485549,0.834485549,0.834485549,0.932660319,0.932660319,0.932660319,0.932660319,0.932660319,0.932660319,0.932660319,0.932660319,3.9760782,3.9760782,3.9760782,3.9760782,4.07425297,3.9760782,3.9760782,3.9760782,4.07425297,4.07425297,4.07425297,4.07425297,4.07425297,3.9760782,4.07425297,4.07425297,3.9760782,3.9760782,3.9760782,3.9760782,3.9760782,3.9760782,3.9760782,3.9760782,3.9760782,3.9760782,3.9760782,3.87790343,3.87790343,3.87790343,3.87790343,3.87790343,3.87790343,3.87790343,3.87790343,3.87790343,3.87790343,3.87790343,3.87790343,3.87790343,3.87790343,3.87790343,3.87790343,3.87790343,3.87790343,3.87790343,3.77972866,3.87790343,3.87790343,3.87790343,3.87790343,3.87790343,3.87790343,3.87790343,3.87790343,3.87790343,3.87790343,3.87790343,3.87790343,3.9760782,3.9760782,3.9760782,3.9760782,3.9760782,3.9760782,3.9760782,3.9760782,4.07425297,4.07425297,4.07425297,4.07425297,4.07425297,4.07425297,4.07425297,4.17242774,4.07425297,4.17242774,4.07425297,4.07425297,4.07425297,4.07425297,4.07425297,4.07425297,4.07425297,4.07425297,4.07425297,4.07425297,4.07425297,4.07425297,4.07425297,4.07425297,4.07425297,4.07425297,4.17242774,4.17242774,4.27060251,4.27060251,4.36877728,4.36877728,4.36877728,4.46695205,4.56512682,4.56512682,4.56512682,4.6633016,4.76147637,4.76147637,4.76147637,4.76147637,4.85965114,4.76147637,4.85965114,4.85965114,4.85965114,4.85965114,4.85965114,4.85965114,4.85965114,4.95782591,4.85965114,4.85965114,4.95782591
249.064401865,C01,AP01,client_to_ap,VHT,2,2,2,80,SU,1,4,122,6637c97e16e6ce8a,6,-68.0,1.03083509,1.12900986,1.12900986,1.12900986,1.12900986,1.12900986,1.12900986,1.12900986,1.12900986,1.12900986,1.12900986,1.12900986,1.12900986,1.12900986,1.12900986,1.12900986,1.12900986,1.12900986,1.12900986,1.12900986,1.12900986,1.12900986,1.12900986,1.12900986,1.12900986,1.12900986,1.12900986,1.12900986,1.12900986,1.12900986,1.12900986,1.12900986,1.12900986,1.12900986,1.12900986,1.12900986,1.12900986,1.12900986,1.12900986,1.12900986,1.12900986,1.12900986,1.03083509,1.03083509,1.03083509,1.03083509,1.03083509,1.03083509,1.03083509,1.03083509,1.03083509,1.03083509,1.03083509,1.03083509,1.03083509,1.03083509,1.03083509,1.03083509,1.03083509,1.03083509,1.03083509,1.03083509,1.03083509,1.03083509,1.03083509,1.03083509,1.03083509,1.03083509,1.03083509,1.03083509,1.03083509,1.03083509,1.03083509,1.03083509,1.03083509,1.03083509,1.03083509,1.03083509,1.03083509,1.03083509,0.932660319,0.932660319,0.932660319,0.932660319,0.932660319,0.932660319,0.932660319,0.932660319,0.932660319,0.834485549,0.834485549,0.834485549,0.834485549,0.834485549,0.834485549,0.736310778,0.736310778,0.834485549,0.736310778,0.736310778,0.736310778,0.736310778,0.736310778,0.736310778,0.834485549,0.834485549,0.834485549,0.834485549,0.834485549,0.834485549,0.834485549,0.834485549,0.834485549,0.932660319,0.932660319,0.932660319,0.932660319,0.932660319,0.932660319,0.932660319,0.932660319,0.932660319,3.87790343,3.87790343,3.9760782,3.9760782,4.07425297,3.9760782,3.9760782,4.07425297,4.07425297,4.07425297,4.07425297,4.07425297,3.9760782,4.07425297,4.07425297,4.07425297,4.07425297,3.9760782,3.9760782,3.9760782,3.9760782,3.9760782,3.9760782,3.9760782,3.9760782,3.9760782,3.9760782,3.9760782,3.9760782,3.87790343,3.87790343,3.9760782,3.87790343,3.87790343,3.87790343,3.9760782,3.87790343,3.87790343,3.87790343,3.87790343,3.87790343,3.87790343,3.87790343,3.87790343,3.87790343,3.87790343,3.87790343,3.77972866,3.87790343,3.87790343,3.87790343,3.87790343,3.87790343,3.87790343,3.87790343,3.87790343,3.87790343,3.87790343,3.87790343,3.9760782,3.9760782,3.9760782,3.9760782,3.9760782,4.07425297,3.9760782,3.9760782,4.07425297,4.07425297,4.07425297,4.07425297,4.07425297,4.07425297,4.07425297,4.07425297,4.17242774,4.07425297,4.07425297,4.07425297,4.07425297,4.07425297,4.07425297,4.07425297,4.07425297,4.07425297,4.07425297,4.07425297,4.07425297,4.07425297,4.07425297,4.07425297,4.17242774,4.07425297,4.17242774,4.17242774,4.27060251,4.27060251,4.36877728,4.36877728,4.36877728,4.46695205,4.46695205,4.56512682,4.56512682,4.6633016,4.76147637,4.76147637,4.76147637,4.76147637,4.85965114,4.85965114,4.85965114,4.85965114,4.85965114,4.85965114,4.85965114,4.85965114,4.95782591,4.85965114,4.95782591,4.85965114,4.95782591
250.394780874,C01,AP01,client_to_ap,VHT,2,2,2,80,SU,1,4,122,6637c97e16e6ce8a,6,-68.0,1.03083509,1.03083509,1.03083509,1.03083509,1.03083509,1.03083509,1.03083509,1.03083509,1.03083509,1.03083509,1.03083509,1.03083509,1.03083509,1.03083509,1.03083509,1.03083509,1.03083509,1.03083509,1.03083509,1.03083509,1.03083509,1.03083509,1.03083509,1.12900986,1.12900986,1.03083509,1.12900986,1.12900986,1.12900986,1.03083509,1.12900986,1.12900986,1.12900986,1.12900986,1.12900986,1.12900986,1.12900986,1.03083509,1.12900986,1.12900986,1.12900986,1.12900986,1.12900986,1.12900986,1.03083509,1.03083509,1.03083509,1.03083509,1.03083509,1.03083509,1.03083509,1.03083509,1.03083509,1.03083509,1.03083509,1.03083509,1.03083509,1.03083509,1.03083509,1.03083509,1.03083509,1.03083509,1.03083509,1.03083509,1.03083509,1.03083509,1.03083509,1.03083509,1.03083509,1.03083509,1.03083509,1.03083509,1.03083509,1.03083509,1.03083509,1.03083509,1.03083509,1.03083509,1.03083509,1.03083509,0.932660319,0.932660319,0.932660319,0.932660319,0.932660319,0.932660319,0.932660319,0.932660319,0.834485549,0.834485549,0.834485549,0.834485549,0.834485549,0.834485549,0.834485549,0.834485549,0.736310778,0.736310778,0.834485549,0.834485549,0.834485549,0.834485549,0.834485549,0.834485549,0.834485549,0.834485549,0.834485549,0.834485549,0.932660319,0.932660319,0.932660319,0.932660319,0.932660319,0.932660319,0.932660319,0.932660319,1.03083509,1.03083509,1.03083509,1.03083509,1.03083509,1.03083509,3.87790343,3.87790343,3.87790343,3.9760782,3.9760782,3.9760782,3.9760782,3.9760782,4.07425297,4.07425297,3.9760782,4.07425297,4.07425297,4.07425297,4.07425297,4.07425297,4.07425297,4.07425297,4.07425297,4.07425297,4.07425297,4.07425297,4.07425297,4.07425297,4.07425297,4.07425297,4.07425297,4.07425297,4.07425297,4.07425297,4.07425297,4.07425297,4.07425297,4.07425297,4.07425297,4.07425297,4.07425297,4.07425297,3.9760782,4.07425297,3.9760782,3.9760782,3.9760782,3.9760782,3.9760782,3.9760782,3.9760782,3.9760782,3.9760782,3.9760782,3.9760782,3.9760782,3.87790343,3.9760782,3.9760782,3.9760782,3.9760782,3.87790343,3.87790343,3.9760782,3.9760782,3.9760782,3.9760782,3.9760782,3.9760782,3.9760782,3.9760782,3.9760782,3.9760782,3.9760782,4.07425297,3.9760782,4.07425297,3.9760782,4.07425297,4.07425297,4.07425297,4.07425297,4.07425297,4.07425297,4.07425297,4.07425297,4.07425297,3.9760782,3.9760782,4.07425297,4.07425297,4.07425297,4.07425297,4.17242774,4.07425297,4.17242774,4.17242774,4.17242774,4.27060251,4.27060251,4.27060251,4.36877728,4.46695205,4.56512682,4.56512682,4.56512682,4.6633016,4.6633016,4.76147637,4.76147637,4.76147637,4.76147637,4.76147637,4.85965114,4.85965114,4.85965114,4.85965114,4.85965114,4.85965114,4.85965114,4.85965114,4.85965114,4.95782591,4.85965114,4.85965114,4.95782591
251.730747938,C01,AP01,client_to_ap,VHT,2,2,2,80,SU,1,4,122,6637c97e16e6ce8a,6,-68.0,0.932660319,0.932660319,0.932660319,0.932660319,0.932660319,0.932660319,0.932660319,0.932660319,0.932660319,0.932660319,0.932660319,0.932660319,0.932660319,0.932660319,0.932660319,1.03083509,1.03083509,1.03083509,1.03083509,1.03083509,1.03083509,1.03083509,1.03083509,1.03083509,1.03083509,1.03083509,1.03083509,1.03083509,1.03083509,1.03083509,1.03083509,1.03083509,1.03083509,1.03083509,1.03083509,1.03083509,1.03083509,1.03083509,1.03083509,1.03083509,1.03083509,1.03083509,1.03083509,1.03083509,1.03083509,1.03083509,1.03083509,1.03083509,1.03083509,1.03083509,1.03083509,1.03083509,1.03083509,1.03083509,1.03083509,0.932660319,0.932660319,0.932660319,0.932660319,0.932660319,0.932660319,0.932660319,0.932660319,0.932660319,0.932660319,0.932660319,0.932660319,0.932660319,0.932660319,0.932660319,0.932660319,0.932660319,0.932660319,0.932660319,0.932660319,0.932660319,0.932660319,0.932660319,0.932660319,0.932660319,0.932660319,0.932660319,0.932660319,0.932660319,0.932660319,0.932660319,0.932660319,0.834485549,0.834485549,0.834485549,0.834485549,0.834485549,0.834485549,0.834485549,0.834485549,0.834485549,0.932660319,0.932660319,0.932660319,0.834485549,0.932660319,0.932660319,0.932660319,0.932660319,0.932660319,0.932660319,0.932660319,0.932660319,0.932660319,0.932660319,0.932660319,1.03083509,1.03083509,1.03083509,1.03083509,1.03083509,1.03083509,1.03083509,1.03083509,1.03083509,1.12900986,1.12900986,3.68155389,3.77972866,3.77972866,3.77972866,3.77972866,3.77972866,3.77972866,3.87790343,3.87790343,3.87790343,3.87790343,3.9760782,3.9760782,3.9760782,3.9760782,3.9760782,3.9760782,3.9760782,4.07425297,4.07425297,3.9760782,4.07425297,4.07425297,4.07425297,4.07425297,4.07425297,4.07425297,4.07425297,4.07425297,4.07425297,4.07425297,4.07425297,4.07425297,4.07425297,4.07425297,3.9760782,3.9760782,3.9760782,3.9760782,4.07425297,3.9760782,3.9760782,3.9760782,3.9760782,3.9760782,3.9760782,3.9760782,3.9760782,3.9760782,3.9760782,3.9760782,4.07425297,3.9760782,4.07425297,4.07425297,3.9760782,4.07425297,4.07425297,4.07425297,4.07425297,4.07425297,4.07425297,4.07425297,4.07425297,4.17242774,4.17242774,4.17242774,4.17242774,4.17242774,4.17242774,4.17242774,4.17242774,4.17242774,4.17242774,4.17242774,4.27060251,4.17242774,4.27060251,4.27060251,4.27060251,4.27060251,4.17242774,4.27060251,4.27060251,4.27060251,4.27060251,4.27060251,4.36877728,4.36877728,4.36877728,4.36877728,4.46695205,4.46695205,4.46695205,4.46695205,4.56512682,4.56512682,4.6633016,4.6633016,4.6633016,4.76147637,4.76147637,4.76147637,4.85965114,4.85965114,4.85965114,4.85965114,4.85965114,4.95782591,4.85965114,4.95782591,4.95782591,4.95782591,4.95782591,4.95782591,4.95782591,4.95782591,4.95782591,4.95782591,4.95782591,4.95782591,4.95782591
253.062900066,C01,AP01,client_to_ap,VHT,2,2,2,80,SU,1,4,122,6637c97e16e6ce8a,6,-68.0,0.932660319,0.932660319,0.932660319,0.932660319,0.932660319,0.932660319,0.932660319,0.932660319,0.932660319,0.932660319,0.834485549,0.834485549,0.834485549,0.834485549,0.834485549,0.834485549,0.932660319,0.932660319,0.932660319,0.932660319,0.932660319,0.932660319,0.932660319,1.03083509,1.03083509,1.03083509,1.03083509,1.03083509,1.03083509,1.03083509,1.03083509,1.03083509,1.03083509,1.03083509,1.03083509,1.03083509,1.03083509,1.03083509,1.03083509,1.03083509,1.03083509,1.03083509,1.03083509,1.03083509,1.03083509,0.932660319,0.932660319,0.932660319,0.932660319,0.932660319,0.932660319,0.932660319,0.932660319,0.932660319,0.932660319,0.932660319,0.932660319,0.932660319,0.932660319,0.932660319,0.932660319,0.932660319,0.932660319,0.932660319,0.932660319,0.932660319,1.03083509,0.932660319,0.932660319,1.03083509,1.03083509,1.03083509,1.03083509,1.03083509,1.03083509,1.03083509,1.03083509,1.03083509,1.03083509,1.03083509,1.03083509,0.932660319,1.03083509,1.03083509,0.932660319,0.932660319,0.932660319,0.932660319,0.834485549,0.834485549,0.834485549,0.834485549,0.834485549,0.736310778,0.736310778,0.736310778,0.638136008,0.638136008,0.638136008,0.638136008,0.539961237,0.638136008,0.539961237,0.539961237,0.539961237,0.539961237,0.638136008,0.638136008,0.638136008,0.638136008,0.638136008,0.638136008,0.638136008,0.736310778,0.736310778,0.736310778,0.736310778,0.834485549,0.834485549,0.834485549,0.932660319,0.932660319,3.58337912,3.68155389,3.68155389,3.77972866,3.87790343,3.87790343,3.87790343,3.87790343,3.77972866,3.87790343,3.77972866,3.77972866,3.87790343,3.77972866,3.77972866,3.77972866,3.77972866,3.68155389,3.68155389,3.77972866,3.68155389,3.68155389,3.68155389,3.58337912,3.68155389,3.68155389,3.68155389,3.68155389,3.68155389,3.68155389,3.58337912,3.68155389,3.68155389,3.68155389,3.68155389,3.68155389,3.58337912,3.68155389,3.68155389,3.58337912,3.58337912,3.58337912,3.58337912,3.58337912,3.58337912,3.58337912,3.58337912,3.58337912,3.58337912,3.58337912,3.58337912,3.58337912,3.58337912,3.58337912,3.58337912,3.58337912,3.58337912,3.58337912,3.68155389,3.68155389,3.58337912,3.68155389,3.68155389,3.68155389,3.68155389,3.68155389,3.68155389,3.77972866,3.77972866,3.68155389,3.77972866,3.77972866,3.77972866,3.77972866,3.77972866,3.77972866,3.77972866,3.77972866,3.77972866,3.68155389,3.68155389,3.77972866,3.68155389,3.58337912,3.58337912,3.58337912,3.58337912,3.48520435,3.58337912,3.58337912,3.48520435,3.48520435,3.48520435,3.48520435,3.48520435,3.58337912,3.58337912,3.58337912,3.68155389,3.77972866,3.87790343,3.9760782,3.9760782,4.07425297,4.27060251,4.36877728,4.36877728,4.46695205,4.56512682,4.6633016,4.76147637,4.76147637,4.76147637,4.85965114,4.85965114,4.85965114,4.85965114,4.85965114,4.95782591,4.95782591,4.95782591,5.05600068
254.394507885,C01,AP01,client_to_ap,VHT,2,2,2,80,SU,1,4,122,6637c97e16e6ce8a,6,-68.0,0.638136008,0.539961237,0.539961237,0.539961237,0.638136008,0.539961237,0.539961237,0.539961237,0.539961237,0.539961237,0.539961237,0.539961237,0.539961237,0.539961237,0.539961237,0.539961237,0.539961237,0.539961237,0.539961237,0.539961237,0.539961237,0.539961237,0.638136008,0.638136008,0.638136008,0.638136008,0.638136008,0.638136008,0.638136008,0.638136008,0.638136008,0.736310778,0.736310778,0.736310778,0.736310778,0.736310778,0.736310778,0.736310778,0.736310778,0.736310778,0.736310778,0.736310778,0.736310778,0.736310778,0.736310778,0.736310778,0.736310778,0.736310778,0.736310778,0.736310778,0.736310778,0.736310778,0.834485549,0.736310778,0.736310778,0.834485549,0.834485549,0.834485549,0.834485549,0.834485549,0.834485549,0.834485549,0.834485549,0.834485549,0.736310778,0.834485549,0.834485549,0.834485549,0.736310778,0.834485549,0.834485549,0.834485549,0.834485549,0.736310778,0.736310778,0.834485549,0.736310778,0.736310778,0.736310778,0.736310778,0.736310778,0.638136008,0.638136008,0.638136008,0.638136008,0.539961237,0.539961237,0.539961237,0.441786467,0.441786467,0.343611696,0.343611696,0.245436926,0.245436926,0.245436926,0.147262156,0.147262156,0.147262156,0.147262156,0.147262156,0.245436926,0.245436926,0.245436926,0.343611696,0.343611696,0.343611696,0.343611696,0.441786467,0.441786467,0.539961237,0.539961237,0.539961237,0.539961237,0.539961237,0.638136008,0.638136008,0.638136008,0.638136008,0.638136008,0.638136008,0.638136008,0.736310778,3.87790343,3.87790343,3.87790343,3.9760782,3.9760782,3.9760782,3.9760782,3.9760782,3.9760782,3.9760782,3.9760782,3.9760782,4.07425297,4.07425297,4.07425297,4.07425297,4.07425297,4.07425297,4.07425297,4.07425297,4.17242774,4.17242774,4.17242774,4.17242774,4.17242774,4.17242774,4.17242774,4.17242774,4.27060251,4.27060251,4.27060251,4.27060251,4.17242774,4.27060251,4.17242774,4.17242774,4.17242774,4.17242774,4.17242774,4.17242774,4.17242774,4.17242774,4.17242774,4.07425297,4.07425297,4.07425297,4.07425297,4.07425297,4.07425297,3.9760782,3.9760782,3.9760782,3.9760782,3.9760782,3.9760782,3.9760782,3.9760782,3.9760782,3.87790343,3.87790343,3.9760782,3.87790343,3.87790343,3.87790343,3.87790343,3.87790343,3.87790343,3.87790343,3.87790343,3.87790343,3.87790343,3.87790343,3.87790343,3.87790343,3.87790343,3.87790343,3.77972866,3.68155389,3.68155389,3.68155389,3.58337912,3.58337912,3.58337912,3.48520435,3.48520435,3.48520435,3.38702958,3.38702958,3.38702958,3.38702958,3.38702958,3.38702958,3.38702958,3.48520435,3.58337912,3.77972866,3.9760782,4.17242774,4.36877728,4.56512682,4.76147637,4.95782591,5.05600068,5.05600068,5.15417545,5.15417545,5.15417545,5.15417545,5.15417545,5.15417545,5.05600068,5.05600068,5.05600068,5.05600068,5.05600068,5.05600068,5.05600068,4.95782591,4.95782591,4.95782591,4.95782591,5.05600068
255.730525970,C01,AP01,client_to_ap,VHT,2,2,2,80,SU,1,4,122,6637c97e16e6ce8a,6,-68.0,0.932660319,0.932660319,0.932660319,0.932660319,0.932660319,0.932660319,0.932660319,1.03083509,1.03083509,1.03083509,1.03083509,1.03083509,1.03083509,1.03083509,1.03083509,1.03083509,1.03083509,1.03083509,1.03083509,1.03083509,1.03083509,1.03083509,1.03083509,1.03083509,1.03083509,1.03083509,1.03083509,1.03083509,1.03083509,1.03083509,1.03083509,1.03083509,1.03083509,1.03083509,1.03083509,1.03083509,1.03083509,1.03083509,1.03083509,1.03083509,1.03083509,1.03083509,1.03083509,1.03083509,1.03083509,1.03083509,1.03083509,1.03083509,1.03083509,1.03083509,1.03083509,1.03083509,1.03083509,1.03083509,1.03083509,1.03083509,1.03083509,1.03083509,1.03083509,1.03083509,1.03083509,1.03083509,1.03083509,1.03083509,1.03083509,1.03083509,1.03083509,1.03083509,1.03083509,1.03083509,1.03083509,1.03083509,1.03083509,1.03083509,1.03083509,1.03083509,0.932660319,0.932660319,0.932660319,1.03083509,0.932660319,0.932660319,0.932660319,0.932660319,0.932660319,0.834485549,0.834485549,0.834485549,0.834485549,0.736310778,0.736310778,0.736310778,0.736310778,0.638136008,0.638136008,0.638136008,0.638136008,0.539961237,0.539961237,0.539961237,0.539961237,0.539961237,0.539961237,0.638136008,0.638136008,0.638136008,0.638136008,0.638136008,0.638136008,0.736310778,0.736310778,0.736310778,0.736310778,0.834485549,0.834485549,0.834485549,0.834485549,0.834485549,0.932660319,0.932660319,0.932660319,0.932660319,3.68155389,3.68155389,3.68155389,3.77972866,3.77972866,3.77972866,3.77972866,3.77972866,3.87790343,3.87790343,3.87790343,3.87790343,3.87790343,3.87790343,3.87790343,3.87790343,3.87790343,3.87790343,3.87790343,3.87790343,3.9760782,3.9760782,3.9760782,3.9760782,3.9760782,3.9760782,3.9760782,3.9760782,4.07425297,4.07425297,3.9760782,4.07425297,3.9760782,4.07425297,4.07425297,4.07425297,4.07425297,4.07425297,4.07425297,4.07425297,4.07425297,4.07425297,4.07425297,4.07425297,3.9760782,3.9760782,3.9760782,3.9760782,3.9760782,3.9760782,3.9760782,3.87790343,3.87790343,3.87790343,3.87790343,3.87790343,3.87790343,3.87790343,3.77972866,3.77972866,3.77972866,3.77972866,3.77972866,3.77972866,3.77972866,3.77972866,3.77972866,3.77972866,3.77972866,3.77972866,3.77972866,3.77972866,3.77972866,3.77972866,3.77972866,3.77972866,3.77972866,3.77972866,3.68155389,3.68155389,3.68155389,3.68155389,3.68155389,3.68155389,3.68155389,3.68155389,3.58337912,3.68155389,3.68155389,3.68155389,3.58337912,3.68155389,3.68155389,3.68155389,3.77972866,3.77972866,3.87790343,3.87790343,3.9760782,4.17242774,4.27060251,4.36877728,4.46695205,4.46695205,4.6633016,4.6633016,4.76147637,4.76147637,4.85965114,4.85965114,4.85965114,4.95782591,4.95782591,4.95782591,4.95782591,5.05600068,4.95782591,5.05600068,4.95782591,4.95782591,5.05600068,4.95782591
257.062147856,C01,AP01,client_to_ap,VHT,2,2,2,80,SU,1,4,122,6637c97e16e6ce8a,6,-68.0,1.03083509,1.03083509,1.03083509,1.03083509,1.03083509,1.03083509,1.03083509,1.03083509,1.03083509,1.03083509,1.03083509,1.03083509,1.03083509,1.12900986,1.03083509,1.12900986,1.12900986,1.12900986,1.12900986,1.12900986,1.12900986,1.12900986,1.12900986,1.12900986,1.12900986,1.12900986,1.12900986,1.12900986,1.12900986,1.12900986,1.12900986,1.12900986,1.12900986,1.12900986,1.12900986,1.12900986,1.12900986,1.12900986,1.12900986,1.12900986,1.12900986,1.12900986,1.12900986,1.12900986,1.12900986,1.03083509,1.12900986,1.03083509,1.03083509,1.03083509,1.03083509,1.03083509,1.03083509,1.03083509,1.03083509,1.03083509,1.03083509,1.03083509,1.03083509,1.03083509,1.03083509,1.03083509,1.03083509,1.03083509,1.03083509,1.03083509,1.03083509,0.932660319,0.932660319,0.932660319,0.932660319,0.932660319,0.932660319,0.932660319,0.932660319,0.932660319,0.932660319,0.932660319,0.932660319,0.932660319,0.932660319,0.932660319,0.932660319,0.932660319,0.834485549,0.834485549,0.834485549,0.834485549,0.834485549,0.834485549,0.834485549,0.834485549,0.736310778,0.736310778,0.736310778,0.736310778,0.736310778,0.736310778,0.736310778,0.736310778,0.736310778,0.736310778,0.736310778,0.834485549,0.736310778,0.834485549,0.834485549,0.834485549,0.834485549,0.834485549,0.834485549,0.834485549,0.932660319,0.932660319,0.932660319,0.932660319,0.932660319,0.932660319,0.932660319,0.932660319,1.03083509,0.932660319,3.77972866,3.77972866,3.77972866,3.87790343,3.87790343,3.87790343,3.87790343,3.87790343,3.87790343,3.87790343,3.87790343,3.87790343,3.9760782,3.87790343,3.87790343,3.9760782,3.9760782,3.9760782,3.9760782,3.9760782,3.9760782,3.9760782,3.9760782,3.9760782,3.9760782,3.9760782,3.9760782,3.9760782,3.9760782,3.9760782,4.07425297,3.9760782,3.9760782,3.9760782,3.9760782,3.9760782,3.9760782,3.9760782,3.9760782,3.9760782,3.9760782,3.87790343,3.87790343,3.9760782,3.87790343,3.87790343,3.87790343,3.87790343,3.87790343,3.87790343,3.87790343,3.87790343,3.87790343,3.87790343,3.87790343,3.87790343,3.87790343,3.87790343,3.87790343,3.87790343,3.9760782,3.87790343,3.9760782,3.9760782,3.9760782,3.9760782,3.9760782,4.07425297,3.9760782,4.07425297,4.07425297,4.07425297,4.07425297,3.9760782,4.07425297,4.07425297,4.07425297,4.07425297,4.07425297,4.07425297,4.07425297,4.07425297,4.07425297,4.07425297,4.07425297,4.07425297,4.07425297,4.07425297,4.07425297,4.17242774,4.17242774,4.27060251,4.27060251,4.27060251,4.36877728,4.36877728,4.46695205,4.46695205,4.46695205,4.56512682,4.6633016,4.6633016,4.76147637,4.76147637,4.85965114,4.85965114,4.85965114,4.85965114,4.85965114,4.95782591,4.95782591,4.95782591,4.95782591,4.95782591,5.05600068,4.95782591,5.05600068,4.95782591,5.05600068,5.05600068,5.05600068,5.05600068
258.394643068,C01,AP01,client_to_ap,VHT,2,2,2,80,SU,1,4,122,6637c97e16e6ce8a,6,-68.0,0.932660319,0.932660319,0.932660319,1.03083509,1.03083509,1.03083509,1.03083509,1.03083509,1.03083509,1.03083509,1.03083509,1.03083509,1.03083509,1.03083509,1.03083509,1.03083509,1.03083509,1.03083509,1.03083509,1.12900986,1.03083509,1.12900986,1.12900986,1.12900986,1.12900986,1.12900986,1.12900986,1.12900986,1.12900986,1.12900986,1.12900986,1.12900986,1.12900986,1.12900986,1.12900986,1.12900986,1.12900986,1.12900986,1.12900986,1.12900986,1.12900986,1.12900986,1.12900986,1.12900986,1.12900986,1.03083509,1.03083509,1.03083509,1.03083509,1.03083509,1.03083509,1.03083509,1.03083509,1.03083509,1.03083509,1.03083509,1.03083509,1.03083509,1.03083509,1.03083509,1.03083509,1.03083509,1.03083509,1.03083509,1.03083509,1.03083509,1.03083509,1.03083509,1.03083509,1.03083509,1.03083509,1.03083509,1.03083509,1.03083509,1.03083509,1.03083509,1.03083509,1.03083509,1.03083509,1.03083509,1.03083509,0.932660319,0.932660319,0.932660319,0.932660319,0.932660319,0.932660319,0.932660319,0.834485549,0.834485549,0.834485549,0.834485549,0.834485549,0.736310778,0.736310778,0.736310778,0.736310778,0.736310778,0.736310778,0.736310778,0.736310778,0.736310778,0.736310778,0.736310778,0.736310778,0.736310778,0.736310778,0.736310778,0.736310778,0.736310778,0.736310778,0.736310778,0.736310778,0.834485549,0.834485549,0.834485549,0.834485549,0.834485549,0.932660319,0.932660319,0.932660319,0.932660319,3.68155389,3.77972866,3.77972866,3.77972866,3.87790343,3.87790343,3.87790343,3.87790343,3.87790343,3.87790343,3.87790343,3.9760782,3.9760782,3.9760782,3.9760782,3.9760782,3.9760782,3.9760782,3.9760782,3.9760782,3.9760782,3.9760782,4.07425297,4.07425297,3.9760782,4.07425297,3.9760782,4.07425297,4.07425297,3.9760782,4.07425297,4.07425297,3.9760782,3.9760782,3.9760782,3.9760782,3.9760782,3.9760782,3.9760782,3.87790343,3.87790343,3.87790343,3.87790343,3.87790343,3.87790343,3.87790343,3.77972866,3.77972866,3.77972866,3.77972866,3.77972866,3.77972866,3.77972866,3.77972866,3.77972866,3.77972866,3.77972866,3.77972866,3.77972866,3.77972866,3.77972866,3.77972866,3.87790343,3.87790343,3.87790343,3.87790343,3.87790343,3.87790343,3.87790343,3.87790343,3.87790343,3.87790343,3.87790343,3.87790343,3.9760782,3.87790343,3.87790343,3.87790343,3.87790343,3.87790343,3.87790343,3.87790343,3.87790343,3.87790343,3.87790343,3.87790343,3.87790343,3.87790343,3.9760782,3.9760782,3.9760782,3.9760782,3.9760782,3.9760782,4.07425297,4.17242774,4.17242774,4.17242774,4.27060251,4.36877728,4.36877728,4.36877728,4.56512682,4.56512682,4.6633016,4.6633016,4.6633016,4.6633016,4.76147637,4.85965114,4.76147637,4.85965114,4.95782591,4.85965114,4.95782591,4.95782591,4.95782591,4.95782591,4.95782591,5.05600068,4.95782591,5.05600068
259.730613947,C01,AP01,client_to_ap,VHT,2,2,2,80,SU,1,4,122,6637c97e16e6ce8a,6,-68.0,1.03083509,1.03083509,1.03083509,1.03083509,1.03083509,1.03083509,1.03083509,1.03083509,1.03083509,1.03083509,1.03083509,1.03083509,1.03083509,1.03083509,1.12900986,1.03083509,1.03083509,1.12900986,1.03083509,1.12900986,1.12900986,1.12900986,1.12900986,1.12900986,1.12900986,1.12900986,1.12900986,1.12900986,1.12900986,1.12900986,1.12900986,1.12900986,1.12900986,1.12900986,1.12900986,1.12900986,1.12900986,1.12900986,1.12900986,1.12900986,1.12900986,1.12900986,1.12900986,1.12900986,1.03083509,1.12900986,1.03083509,1.03083509,1.03083509,1.03083509,1.03083509,1.03083509,1.03083509,1.03083509,1.03083509,1.03083509,1.03083509,1.03083509,1.03083509,1.03083509,1.03083509,1.03083509,1.03083509,1.03083509,1.03083509,1.03083509,1.03083509,1.03083509,1.03083509,1.03083509,1.03083509,1.03083509,1.03083509,1.03083509,1.03083509,1.03083509,1.03083509,0.932660319,0.932660319,0.932660319,0.932660319,0.932660319,0.932660319,0.932660319,0.932660319,0.834485549,0.834485549,0.834485549,0.834485549,0.834485549,0.834485549,0.736310778,0.736310778,0.736310778,0.736310778,0.736310778,0.736310778,0.736310778,0.736310778,0.736310778,0.736310778,0.736310778,0.736310778,0.736310778,0.736310778,0.736310778,0.736310778,0.736310778,0.736310778,0.834485549,0.834485549,0.834485549,0.834485549,0.834485549,0.834485549,0.834485549,0.834485549,0.834485549,0.932660319,0.932660319,0.932660319,0.932660319,3.68155389,3.77972866,3.77972866,3.87790343,3.87790343,3.87790343,3.87790343,3.87790343,3.87790343,3.87790343,3.87790343,3.87790343,3.87790343,3.9760782,3.9760782,3.87790343,3.87790343,3.9760782,3.9760782,3.9760782,3.9760782,4.07425297,3.9760782,4.07425297,4.07425297,3.9760782,4.07425297,4.07425297,4.07425297,3.9760782,4.07425297,4.07425297,3.9760782,4.07425297,3.9760782,3.9760782,3.9760782,3.9760782,3.9760782,3.9760782,3.87790343,3.87790343,3.87790343,3.87790343,3.87790343,3.87790343,3.87790343,3.87790343,3.87790343,3.87790343,3.77972866,3.87790343,3.87790343,3.87790343,3.87790343,3.87790343,3.87790343,3.87790343,3.87790343,3.87790343,3.87790343,3.87790343,3.87790343,3.87790343,3.87790343,3.87790343,3.87790343,3.9760782,3.9760782,3.9760782,3.9760782,3.9760782,3.9760782,3.9760782,3.9760782,3.9760782,3.9760782,3.9760782,3.9760782,3.9760782,3.9760782,3.87790343,3.87790343,3.9760782,3.87790343,3.87790343,3.9760782,3.9760782,3.9760782,3.9760782,4.07425297,4.07425297,4.07425297,4.07425297,4.17242774,4.27060251,4.27060251,4.36877728,4.36877728,4.46695205,4.56512682,4.56512682,4.56512682,4.6633016,4.6633016,4.76147637,4.76147637,4.76147637,4.85965114,4.85965114,4.85965114,4.85965114,4.95782591,4.95782591,4.85965114,4.95782591,4.95782591,4.95782591,4.95782591,5.05600068,4.95782591,5.05600068
261.062901020,C01,AP01,client_to_ap,VHT,2,2,2,80,SU,1,4,122,6637c97e16e6ce8a,6,-68.0,1.03083509,1.03083509,1.03083509,1.03083509,1.03083509,1.03083509,1.03083509,1.03083509,1.03083509,1.03083509,1.12900986,1.12900986,1.12900986,1.12900986,1.12900986,1.12900986,1.12900986,1.12900986,1.12900986,1.12900986,1.12900986,1.12900986,1.12900986,1.12900986,1.12900986,1.12900986,1.12900986,1.12900986,1.12900986,1.12900986,1.12900986,1.12900986,1.12900986,1.12900986,1.12900986,1.12900986,1.12900986,1.12900986,1.12900986,1.12900986,1.12900986,1.12900986,1.12900986,1.03083509,1.03083509,1.12900986,1.03083509,1.03083509,1.03083509,1.03083509,1.03083509,1.03083509,1.03083509,1.03083509,1.03083509,1.03083509,1.03083509,1.03083509,1.03083509,1.03083509,1.03083509,1.03083509,1.03083509,1.03083509,1.03083509,1.03083509,1.03083509,1.03083509,1.03083509,1.03083509,1.03083509,1.03083509,1.03083509,1.03083509,1.03083509,1.03083509,1.03083509,1.03083509,1.03083509,0.932660319,0.932660319,0.932660319,0.932660319,0.932660319,0.932660319,0.932660319,0.932660319,0.834485549,0.834485549,0.834485549,0.834485549,0.834485549,0.834485549,0.736310778,0.736310778,0.736310778,0.736310778,0.736310778,0.736310778,0.736310778,0.736310778,0.736310778,0.736310778,0.736310778,0.736310778,0.736310778,0.736310778,0.736310778,0.834485549,0.834485549,0.834485549,0.834485549,0.834485549,0.834485549,0.834485549,0.834485549,0.834485549,0.932660319,0.932660319,0.932660319,0.932660319,0.932660319,3.68155389,3.77972866,3.77972866,3.77972866,3.77972866,3.87790343,3.87790343,3.87790343,3.87790343,3.77972866,3.77972866,3.87790343,3.87790343,3.87790343,3.87790343,3.87790343,3.87790343,3.87790343,3.87790343,3.87790343,3.87790343,3.9760782,3.9760782,3.9760782,3.87790343,3.9760782,3.9760782,3.9760782,3.9760782,3.9760782,3.9760782,3.9760782,3.87790343,3.9760782,3.9760782,3.87790343,3.87790343,3.87790343,3.87790343,3.87790343,3.87790343,3.87790343,3.87790343,3.77972866,3.77972866,3.77972866,3.77972866,3.77972866,3.77972866,3.77972866,3.77972866,3.77972866,3.77972866,3.77972866,3.77972866,3.77972866,3.77972866,3.87790343,3.77972866,3.77972866,3.87790343,3.87790343,3.87790343,3.87790343,3.87790343,3.87790343,3.87790343,3.87790343,3.87790343,3.9760782,3.87790343,3.87790343,3.9760782,3.9760782,3.87790343,3.9760782,3.87790343,3.9760782,3.87790343,3.9760782,3.87790343,3.87790343,3.87790343,3.87790343,3.87790343,3.9760782,3.87790343,3.9760782,3.9760782,3.9760782,4.07425297,4.07425297,4.07425297,4.07425297,4.17242774,4.27060251,4.27060251,4.27060251,4.36877728,4.36877728,4.46695205,4.56512682,4.56512682,4.6633016,4.6633016,4.6633016,4.76147637,4.76147637,4.85965114,4.85965114,4.85965114,4.85965114,4.85965114,4.95782591,4.95782591,4.95782591,4.95782591,5.05600068,5.05600068,4.95782591,5.05600068,5.05600068
262.395158052,C01,AP01,client_to_ap,VHT,2,2,2,80,SU,1,4,122,6637c97e16e6ce8a,6,-68.0,0.932660319,1.03083509,1.03083509,1.03083509,1.03083509,1.03083509,1.03083509,1.03083509,1.03083509,1.03083509,1.03083509,1.03083509,1.03083509,1.03083509,1.03083509,1.12900986,1.12900986,1.12900986,1.12900986,1.12900986,1.12900986,1.12900986,1.12900986,1.12900986,1.12900986,1.12900986,1.12900986,1.12900986,1.12900986,1.12900986,1.12900986,1.12900986,1.12900986,1.12900986,1.12900986,1.12900986,1.12900986,1.12900986,1.12900986,1.12900986,1.12900986,1.12900986,1.12900986,1.12900986,1.12900986,1.03083509,1.12900986,1.03083509,1.03083509,1.03083509,1.03083509,1.03083509,1.03083509,1.03083509,1.03083509,1.03083509,1.03083509,1.03083509,1.03083509,1.03083509,1.03083509,1.03083509,1.03083509,1.03083509,1.03083509,1.03083509,1.03083509,1.03083509,1.03083509,1.03083509,1.03083509,1.03083509,1.03083509,1.03083509,1.03083509,1.03083509,1.03083509,1.03083509,1.03083509,1.03083509,0.932660319,0.932660319,0.932660319,0.932660319,0.932660319,0.932660319,0.932660319,0.834485549,0.834485549,0.834485549,0.834485549,0.834485549,0.834485549,0.834485549,0.736310778,0.736310778,0.736310778,0.736310778,0.736310778,0.736310778,0.638136008,0.736310778,0.736310778,0.736310778,0.736310778,0.736310778,0.736310778,0.736310778,0.736310778,0.834485549,0.736310778,0.834485549,0.834485549,0.834485549,0.834485549,0.834485549,0.834485549,0.834485549,0.834485549,0.932660319,0.932660319,0.932660319,3.77972866,3.77972866,3.77972866,3.87790343,3.87790343,3.87790343,3.87790343,3.87790343,3.87790343,3.87790343,3.87790343,3.9760782,3.87790343,3.9760782,3.9760782,3.9760782,3.9760782,3.87790343,3.9760782,3.9760782,3.9760782,4.07425297,3.9760782,4.07425297,4.07425297,3.9760782,3.9760782,3.9760782,3.9760782,3.9760782,4.07425297,3.9760782,3.9760782,3.9760782,3.9760782,3.9760782,3.9760782,3.9760782,3.87790343,3.87790343,3.87790343,3.87790343,3.87790343,3.87790343,3.87790343,3.87790343,3.77972866,3.77972866,3.77972866,3.77972866,3.77972866,3.77972866,3.77972866,3.77972866,3.77972866,3.77972866,3.77972866,3.77972866,3.77972866,3.77972866,3.87790343,3.77972866,3.87790343,3.87790343,3.87790343,3.87790343,3.87790343,3.87790343,3.87790343,3.87790343,3.87790343,3.87790343,3.87790343,3.87790343,3.87790343,3.9760782,3.9760782,3.87790343,3.87790343,3.87790343,3.87790343,3.87790343,3.87790343,3.87790343,3.87790343,3.9760782,3.87790343,3.9760782,3.9760782,3.9760782,3.9760782,3.9760782,4.07425297,4.07425297,4.17242774,4.17242774,4.27060251,4.27060251,4.27060251,4.36877728,4.46695205,4.46695205,4.56512682,4.56512682,4.56512682,4.6633016,4.76147637,4.76147637,4.85965114,4.85965114,4.85965114,4.85965114,4.95782591,4.95782591,4.95782591,4.95782591,4.95782591,5.05600068,5.05600068,5.05600068,5.05600068,5.05600068
263.732553005,C01,AP01,client_to_ap,VHT,2,2,2,80,SU,1,4,122,6637c97e16e6ce8a,6,-68.0,1.03083509,1.03083509,1.03083509,1.03083509,1.03083509,1.03083509,1.03083509,1.03083509,1.03083509,1.03083509,1.03083509,1.03083509,1.03083509,1.12900986,1.03083509,1.12900986,1.03083509,1.12900986,1.12900986,1.12900986,1.12900986,1.12900986,1.12900986,1.12900986,1.12900986,1.12900986,1.12900986,1.12900986,1.12900986,1.12900986,1.12900986,1.12900986,1.12900986,1.12900986,1.12900986,1.12900986,1.12900986,1.12900986,1.12900986,1.12900986,1.12900986,1.12900986,1.12900986,1.12900986,1.03083509,1.03083509,1.03083509,1.03083509,1.03083509,1.03083509,1.03083509,1.03083509,1.03083509,1.03083509,1.03083509,1.03083509,1.03083509,1.03083509,1.03083509,1.03083509,1.03083509,1.03083509,1.03083509,1.03083509,1.03083509,1.03083509,1.03083509,1.03083509,1.03083509,1.03083509,1.03083509,1.03083509,1.03083509,1.03083509,1.03083509,1.03083509,0.932660319,1.03083509,1.03083509,0.932660319,0.932660319,0.932660319,0.932660319,0.932660319,0.834485549,0.834485549,0.834485549,0.834485549,0.834485549,0.834485549,0.834485549,0.834485549,0.736310778,0.736310778,0.736310778,0.736310778,0.736310778,0.736310778,0.736310778,0.736310778,0.736310778,0.736310778,0.736310778,0.736310778,0.736310778,0.736310778,0.736310778,0.736310778,0.736310778,0.736310778,0.834485549,0.736310778,0.834485549,0.834485549,0.834485549,0.834485549,0.932660319,0.834485549,0.932660319,0.932660319,0.932660319,0.932660319,3.77972866,3.77972866,3.77972866,3.77972866,3.87790343,3.87790343,3.87790343,3.87790343,3.87790343,3.87790343,3.87790343,3.9760782,3.87790343,3.9760782,3.87790343,3.9760782,3.9760782,3.9760782,3.9760782,3.9760782,3.9760782,3.9760782,3.9760782,3.9760782,3.9760782,3.9760782,4.07425297,3.9760782,4.07425297,3.9760782,3.9760782,3.9760782,3.9760782,3.9760782,3.9760782,3.9760782,3.9760782,3.9760782,3.87790343,3.87790343,3.87790343,3.87790343,3.87790343,3.87790343,3.87790343,3.87790343,3.77972866,3.77972866,3.77972866,3.77972866,3.77972866,3.77972866,3.77972866,3.77972866,3.77972866,3.77972866,3.87790343,3.87790343,3.87790343,3.87790343,3.87790343,3.87790343,3.87790343,3.87790343,3.87790343,3.87790343,3.87790343,3.9760782,3.9760782,3.9760782,3.9760782,3.9760782,3.9760782,3.9760782,3.9760782,3.9760782,3.9760782,3.9760782,3.9760782,3.9760782,3.9760782,3.9760782,3.9760782,3.9760782,3.87790343,3.9760782,3.9760782,3.9760782,3.9760782,3.9760782,4.07425297,4.07425297,4.07425297,4.17242774,4.27060251,4.27060251,4.27060251,4.36877728,4.46695205,4.36877728,4.56512682,4.56512682,4.6633016,4.6633016,4.6633016,4.76147637,4.76147637,4.85965114,4.85965114,4.85965114,4.95782591,4.95782591,4.95782591,4.95782591,4.95782591,4.95782591,5.05600068,5.05600068,5.05600068,5.05600068,5.05600068,5.05600068
265.063538074,C01,AP01,client_to_ap,VHT,2,2,2,80,SU,1,4,122,6637c97e16e6ce8a,6,-68.0,1.03083509,1.03083509,1.03083509,1.03083509,1.03083509,1.03083509,1.03083509,1.03083509,1.12900986,1.03083509,1.03083509,1.12900986,1.12900986,1.12900986,1.12900986,1.12900986,1.12900986,1.12900986,1.12900986,1.12900986,1.12900986,1.12900986,1.12900986,1.12900986,1.12900986,1.12900986,1.12900986,1.12900986,1.12900986,1.12900986,1.12900986,1.12900986,1.12900986,1.12900986,1.12900986,1.12900986,1.12900986,1.12900986,1.12900986,1.12900986,1.12900986,1.12900986,1.03083509,1.03083509,1.03083509,1.03083509,1.03083509,1.03083509,1.03083509,1.03083509,1.03083509,1.03083509,1.03083509,1.03083509,1.03083509,1.03083509,1.03083509,1.03083509,1.03083509,1.03083509,1.03083509,1.03083509,1.03083509,1.03083509,1.03083509,1.03083509,1.03083509,1.03083509,1.03083509,1.03083509,1.03083509,1.03083509,1.03083509,1.03083509,1.03083509,1.03083509,1.03083509,1.03083509,1.03083509,1.03083509,0.932660319,0.932660319,0.932660319,0.932660319,0.932660319,0.932660319,0.834485549,0.834485549,0.834485549,0.834485549,0.834485549,0.834485549,0.736310778,0.736310778,0.736310778,0.736310778,0.736310778,0.736310778,0.736310778,0.736310778,0.638136008,0.736310778,0.736310778,0.736310778,0.736310778,0.736310778,0.736310778,0.736310778,0.736310778,0.736310778,0.834485549,0.736310778,0.834485549,0.834485549,0.834485549,0.834485549,0.834485549,0.834485549,0.932660319,0.932660319,0.932660319,0.932660319,3.68155389,3.77972866,3.77972866,3.77972866,3.77972866,3.87790343,3.87790343,3.87790343,3.87790343,3.87790343,3.87790343,3.87790343,3.87790343,3.87790343,3.87790343,3.87790343,3.87790343,3.87790343,3.87790343,3.87790343,3.9760782,3.9760782,3.87790343,3.87790343,3.9760782,3.9760782,3.9760782,3.9760782,3.9760782,3.9760782,3.87790343,3.87790343,3.9760782,3.9760782,3.87790343,3.9760782,3.87790343,3.87790343,3.87790343,3.87790343,3.87790343,3.87790343,3.87790343,3.77972866,3.77972866,3.77972866,3.77972866,3.77972866,3.77972866,3.77972866,3.77972866,3.77972866,3.77972866,3.77972866,3.77972866,3.77972866,3.77972866,3.77972866,3.77972866,3.77972866,3.77972866,3.77972866,3.77972866,3.87790343,3.87790343,3.87790343,3.87790343,3.87790343,3.87790343,3.87790343,3.87790343,3.87790343,3.87790343,3.87790343,3.9760782,3.87790343,3.87790343,3.87790343,3.87790343,3.87790343,3.87790343,3.87790343,3.87790343,3.87790343,3.87790343,3.87790343,3.87790343,3.87790343,3.87790343,3.9760782,3.9760782,3.9760782,3.9760782,3.9760782,4.07425297,4.17242774,4.17242774,4.27060251,4.27060251,4.46695205,4.36877728,4.46695205,4.56512682,4.56512682,4.6633016,4.76147637,4.76147637,4.76147637,4.76147637,4.85965114,4.85965114,4.95782591,4.95782591,4.95782591,4.95782591,4.95782591,5.05600068,5.05600068,5.05600068,5.05600068,5.05600068,5.05600068
266.394895077,C01,AP01,client_to_ap,VHT,2,2,2,80,SU,1,4,122,6637c97e16e6ce8a,6,-68.0,0.932660319,1.03083509,1.03083509,1.03083509,1.03083509,1.03083509,1.03083509,1.03083509,1.03083509,1.03083509,1.03083509,1.03083509,1.03083509,1.03083509,1.12900986,1.03083509,1.03083509,1.12900986,1.03083509,1.12900986,1.12900986,1.12900986,1.12900986,1.12900986,1.12900986,1.12900986,1.12900986,1.12900986,1.12900986,1.12900986,1.12900986,1.12900986,1.12900986,1.12900986,1.12900986,1.12900986,1.12900986,1.12900986,1.12900986,1.03083509,1.12900986,1.03083509,1.03083509,1.03083509,1.03083509,1.03083509,1.03083509,1.03083509,1.03083509,1.03083509,1.03083509,1.03083509,1.03083509,1.03083509,1.03083509,1.03083509,1.03083509,1.03083509,1.03083509,1.03083509,1.03083509,1.03083509,1.03083509,1.03083509,1.03083509,1.03083509,1.03083509,1.03083509,1.03083509,1.03083509,1.03083509,1.03083509,1.03083509,1.03083509,1.03083509,1.03083509,1.03083509,1.03083509,0.932660319,0.932660319,0.932660319,0.932660319,0.932660319,0.932660319,0.932660319,0.932660319,0.932660319,0.834485549,0.834485549,0.834485549,0.834485549,0.736310778,0.736310778,0.736310778,0.736310778,0.736310778,0.736310778,0.736310778,0.638136008,0.638136008,0.638136008,0.736310778,0.736310778,0.638136008,0.736310778,0.736310778,0.736310778,0.736310778,0.736310778,0.736310778,0.736310778,0.834485549,0.834485549,0.834485549,0.834485549,0.834485549,0.834485549,0.834485549,0.834485549,0.932660319,0.932660319,0.932660319,3.68155389,3.77972866,3.77972866,3.87790343,3.87790343,3.87790343,3.87790343,3.87790343,3.87790343,3.87790343,3.87790343,3.87790343,3.87790343,3.9760782,3.87790343,3.87790343,3.87790343,3.9760782,3.9760782,3.9760782,3.9760782,3.9760782,4.07425297,3.9760782,3.9760782,3.9760782,4.07425297,3.9760782,3.9760782,3.9760782,4.07425297,3.9760782,3.9760782,3.9760782,3.9760782,3.9760782,3.9760782,3.9760782,3.9760782,3.9760782,3.87790343,3.87790343,3.87790343,3.87790343,3.87790343,3.87790343,3.77972866,3.77972866,3.77972866,3.77972866,3.77972866,3.77972866,3.87790343,3.77972866,3.77972866,3.77972866,3.77972866,3.87790343,3.77972866,3.87790343,3.87790343,3.87790343,3.87790343,3.87790343,3.87790343,3.87790343,3.87790343,3.87790343,3.87790343,3.9760782,3.9760782,3.87790343,3.9760782,3.9760782,3.9760782,3.9760782,3.87790343,3.87790343,3.87790343,3.9760782,3.9760782,3.9760782,3.87790343,3.87790343,3.87790343,3.87790343,3.9760782,3.9760782,3.9760782,3.9760782,3.9760782,3.9760782,4.07425297,4.07425297,4.07425297,4.27060251,4.27060251,4.27060251,4.36877728,4.36877728,4.46695205,4.46695205,4.56512682,4.6633016,4.6633016,4.76147637,4.76147637,4.85965114,4.85965114,4.85965114,4.95782591,4.95782591,4.95782591,5.05600068,4.95782591,4.95782591,5.05600068,5.05600068,5.05600068,5.05600068,5.05600068,5.05600068
267.731111050,C01,AP01,client_to_ap,VHT,2,2,2,80,SU,1,4,122,6637c97e16e6ce8a,6,-68.0,1.03083509,1.03083509,1.03083509,1.03083509,1.03083509,1.03083509,1.03083509,1.03083509,1.03083509,1.03083509,1.03083509,1.03083509,1.03083509,1.03083509,1.03083509,1.03083509,1.03083509,1.12900986,1.12900986,1.12900986,1.12900986,1.12900986,1.12900986,1.12900986,1.12900986,1.12900986,1.12900986,1.12900986,1.12900986,1.12900986,1.12900986,1.12900986,1.12900986,1.12900986,1.12900986,1.12900986,1.12900986,1.12900986,1.12900986,1.12900986,1.12900986,1.12900986,1.12900986,1.03083509,1.12900986,1.03083509,1.03083509,1.03083509,1.03083509,1.03083509,1.03083509,1.03083509,1.03083509,1.03083509,1.03083509,1.03083509,1.03083509,1.03083509,1.03083509,1.03083509,1.03083509,1.03083509,1.03083509,1.03083509,1.03083509,1.03083509,1.03083509,1.03083509,1.03083509,1.03083509,1.03083509,1.03083509,1.03083509,1.03083509,1.03083509,1.03083509,1.03083509,0.932660319,1.03083509,1.03083509,0.932660319,0.932660319,0.932660319,0.932660319,0.834485549,0.834485549,0.834485549,0.834485549,0.834485549,0.834485549,0.834485549,0.736310778,0.736310778,0.736310778,0.736310778,0.736310778,0.638136008,0.638136008,0.736310778,0.638136008,0.736310778,0.736310778,0.638136008,0.736310778,0.736310778,0.736310778,0.736310778,0.736310778,0.736310778,0.736310778,0.834485549,0.834485549,0.834485549,0.834485549,0.834485549,0.834485549,0.932660319,0.932660319,0.932660319,0.932660319,0.932660319,0.932660319,3.77972866,3.77972866,3.77972866,3.77972866,3.87790343,3.87790343,3.87790343,3.87790343,3.9760782,3.9760782,3.9760782,3.9760782,3.9760782,3.9760782,3.9760782,3.9760782,3.9760782,3.9760782,3.9760782,3.9760782,3.9760782,4.07425297,4.07425297,4.07425297,4.07425297,4.07425297,4.07425297,4.07425297,4.07425297,4.07425297,4.07425297,4.07425297,4.07425297,4.07425297,3.9760782,3.9760782,3.9760782,3.9760782,3.9760782,3.9760782,3.9760782,3.87790343,3.87790343,3.87790343,3.87790343,3.87790343,3.87790343,3.87790343,3.87790343,3.87790343,3.87790343,3.87790343,3.87790343,3.87790343,3.87790343,3.87790343,3.87790343,3.87790343,3.87790343,3.87790343,3.87790343,3.87790343,3.87790343,3.87790343,3.87790343,3.87790343,3.87790343,3.9760782,3.9760782,3.9760782,3.9760782,3.9760782,3.9760782,3.9760782,3.9760782,3.9760782,3.9760782,3.9760782,3.9760782,3.9760782,3.9760782,3.9760782,3.9760782,3.9760782,3.9760782,3.9760782,3.9760782,3.9760782,3.9760782,4.07425297,3.9760782,4.07425297,4.07425297,4.17242774,4.27060251,4.27060251,4.27060251,4.36877728,4.36877728,4.46695205,4.46695205,4.56512682,4.6633016,4.6633016,4.76147637,4.76147637,4.85965114,4.85965114,4.85965114,4.95782591,4.95782591,4.95782591,4.95782591,4.95782591,4.95782591,5.05600068,5.05600068,5.05600068,5.05600068,5.15417545,5.05600068,5.05600068
269.063268900,C01,AP01,client_to_ap,VHT,2,2,2,80,SU,1,4,122,6637c97e16e6ce8a,6,-68.0,1.03083509,1.03083509,1.03083509,1.03083509,1.03083509,1.03083509,1.03083509,1.03083509,1.03083509,1.03083509,1.03083509,1.03083509,1.03083509,1.03083509,1.03083509,1.12900986,1.03083509,1.12900986,1.03083509,1.12900986,1.12900986,1.12900986,1.12900986,1.12900986,1.12900986,1.12900986,1.12900986,1.12900986,1.12900986,1.12900986,1.12900986,1.12900986,1.12900986,1.12900986,1.12900986,1.12900986,1.12900986,1.12900986,1.12900986,1.12900986,1.12900986,1.12900986,1.12900986,1.03083509,1.03083509,1.03083509,1.03083509,1.03083509,1.03083509,1.03083509,1.03083509,1.03083509,1.03083509,1.03083509,1.03083509,1.03083509,1.03083509,1.03083509,1.03083509,1.03083509,1.03083509,1.03083509,1.03083509,1.03083509,1.03083509,1.03083509,1.03083509,1.03083509,1.03083509,1.03083509,1.03083509,1.03083509,1.03083509,1.03083509,1.03083509,1.03083509,1.03083509,1.03083509,1.03083509,1.03083509,0.932660319,0.932660319,0.932660319,0.932660319,0.932660319,0.834485549,0.834485549,0.834485549,0.834485549,0.834485549,0.834485549,0.736310778,0.736310778,0.736310778,0.736310778,0.736310778,0.736310778,0.736310778,0.638136008,0.638136008,0.638136008,0.638136008,0.736310778,0.736310778,0.736310778,0.736310778,0.736310778,0.736310778,0.736310778,0.736310778,0.736310778,0.834485549,0.834485549,0.834485549,0.834485549,0.834485549,0.834485549,0.932660319,0.932660319,0.932660319,0.932660319,0.932660319,3.77972866,3.77972866,3.77972866,3.77972866,3.87790343,3.87790343,3.87790343,3.87790343,3.9760782,3.9760782,3.87790343,3.9760782,3.9760782,3.9760782,3.9760782,3.9760782,3.9760782,3.9760782,3.9760782,3.9760782,3.9760782,3.9760782,4.07425297,4.07425297,3.9760782,4.07425297,4.07425297,3.9760782,3.9760782,3.9760782,4.07425297,3.9760782,3.9760782,3.9760782,3.9760782,3.9760782,3.9760782,3.9760782,3.9760782,3.87790343,3.87790343,3.87790343,3.87790343,3.87790343,3.87790343,3.87790343,3.87790343,3.87790343,3.87790343,3.77972866,3.87790343,3.87790343,3.77972866,3.77972866,3.87790343,3.87790343,3.87790343,3.87790343,3.77972866,3.87790343,3.87790343,3.87790343,3.87790343,3.87790343,3.87790343,3.87790343,3.87790343,3.87790343,3.87790343,3.87790343,3.9760782,3.87790343,3.9760782,3.87790343,3.9760782,3.9760782,3.9760782,3.87790343,3.87790343,3.87790343,3.87790343,3.87790343,3.87790343,3.87790343,3.87790343,3.87790343,3.87790343,3.9760782,3.9760782,3.9760782,3.9760782,4.07425297,4.07425297,4.07425297,4.07425297,4.17242774,4.27060251,4.27060251,4.36877728,4.46695205,4.46695205,4.56512682,4.6633016,4.6633016,4.6633016,4.76147637,4.76147637,4.76147637,4.85965114,4.85965114,4.85965114,4.85965114,4.95782591,4.95782591,4.95782591,4.95782591,5.05600068,5.05600068,5.05600068,5.05600068,5.05600068,5.05600068
270.395506859,C01,AP01,client_to_ap,VHT,2,2,2,80,SU,1,4,122,6637c97e16e6ce8a,6,-68.0,0.932660319,0.932660319,1.03083509,1.03083509,1.03083509,1.03083509,1.03083509,1.03083509,1.03083509,1.03083509,1.03083509,1.03083509,1.03083509,1.03083509,1.03083509,1.03083509,1.03083509,1.03083509,1.03083509,1.12900986,1.12900986,1.03083509,1.12900986,1.12900986,1.12900986,1.12900986,1.12900986,1.12900986,1.12900986,1.12900986,1.12900986,1.12900986,1.12900986,1.12900986,1.12900986,1.12900986,1.12900986,1.12900986,1.12900986,1.03083509,1.12900986,1.12900986,1.03083509,1.03083509,1.03083509,1.03083509,1.03083509,1.03083509,1.03083509,1.03083509,1.03083509,1.03083509,1.03083509,1.03083509,1.03083509,1.03083509,1.03083509,1.03083509,1.03083509,1.03083509,1.03083509,1.03083509,1.03083509,1.03083509,1.03083509,1.03083509,1.03083509,1.03083509,1.03083509,1.03083509,1.03083509,1.03083509,1.03083509,1.03083509,1.03083509,1.03083509,1.03083509,1.03083509,1.03083509,1.03083509,0.932660319,0.932660319,0.932660319,0.932660319,0.932660319,0.932660319,0.932660319,0.834485549,0.834485549,0.834485549,0.834485549,0.736310778,0.736310778,0.736310778,0.736310778,0.638136008,0.736310778,0.736310778,0.638136008,0.638136008,0.638136008,0.638136008,0.638136008,0.638136008,0.638136008,0.638136008,0.638136008,0.638136008,0.638136008,0.736310778,0.736310778,0.736310778,0.736310778,0.736310778,0.834485549,0.834485549,0.834485549,0.834485549,0.834485549,0.834485549,0.932660319,0.932660319,3.68155389,3.77972866,3.77972866,3.87790343,3.87790343,3.87790343,3.87790343,3.87790343,3.9760782,3.9760782,3.9760782,3.9760782,3.9760782,3.9760782,3.9760782,3.9760782,3.9760782,3.9760782,3.9760782,3.9760782,3.9760782,4.07425297,4.07425297,4.07425297,4.07425297,3.9760782,4.07425297,4.07425297,4.07425297,3.9760782,4.07425297,3.9760782,3.9760782,3.9760782,3.9760782,3.9760782,3.9760782,3.87790343,3.9760782,3.87790343,3.87790343,3.87790343,3.87790343,3.87790343,3.87790343,3.77972866,3.87790343,3.77972866,3.77972866,3.77972866,3.77972866,3.77972866,3.77972866,3.77972866,3.77972866,3.77972866,3.77972866,3.77972866,3.77972866,3.77972866,3.87790343,3.87790343,3.87790343,3.87790343,3.77972866,3.87790343,3.87790343,3.87790343,3.87790343,3.87790343,3.87790343,3.87790343,3.87790343,3.87790343,3.87790343,3.87790343,3.87790343,3.87790343,3.87790343,3.87790343,3.87790343,3.87790343,3.87790343,3.87790343,3.87790343,3.87790343,3.87790343,3.87790343,3.87790343,3.87790343,3.9760782,3.9760782,4.07425297,3.9760782,4.07425297,4.17242774,4.17242774,4.17242774,4.27060251,4.27060251,4.36877728,4.46695205,4.56512682,4.56512682,4.56512682,4.6633016,4.76147637,4.76147637,4.85965114,4.85965114,4.85965114,4.95782591,4.95782591,4.95782591,4.95782591,5.05600068,5.05600068,4.95782591,5.05600068,5.05600068,5.05600068,5.05600068
271.730906010,C01,AP01,client_to_ap,VHT,2,2,2,80,SU,1,4,122,6637c97e16e6ce8a,6,-68.0,1.03083509,1.03083509,1.03083509,1.03083509,1.03083509,1.03083509,1.03083509,1.03083509,1.03083509,1.03083509,1.03083509,1.03083509,1.03083509,1.03083509,1.03083509,1.03083509,1.03083509,1.03083509,1.03083509,1.12900986,1.12900986,1.12900986,1.12900986,1.12900986,1.12900986,1.12900986,1.12900986,1.12900986,1.12900986,1.12900986,1.12900986,1.12900986,1.12900986,1.12900986,1.12900986,1.12900986,1.12900986,1.12900986,1.12900986,1.12900986,1.12900986,1.12900986,1.12900986,1.12900986,1.03083509,1.03083509,1.03083509,1.03083509,1.03083509,1.03083509,1.03083509,1.03083509,1.03083509,1.03083509,1.03083509,1.03083509,1.03083509,1.03083509,1.03083509,1.03083509,1.03083509,1.03083509,1.03083509,1.03083509,1.03083509,1.03083509,1.03083509,1.03083509,1.03083509,1.03083509,1.03083509,1.03083509,1.03083509,1.03083509,1.03083509,1.03083509,1.03083509,1.03083509,1.03083509,1.03083509,0.932660319,0.932660319,0.932660319,0.932660319,0.932660319,0.932660319,0.932660319,0.834485549,0.834485549,0.834485549,0.834485549,0.834485549,0.736310778,0.736310778,0.736310778,0.736310778,0.638136008,0.638136008,0.638136008,0.638136008,0.638136008,0.638136008,0.638136008,0.638136008,0.638136008,0.638136008,0.736310778,0.736310778,0.736310778,0.736310778,0.736310778,0.736310778,0.736310778,0.834485549,0.834485549,0.834485549,0.834485549,0.834485549,0.834485549,0.932660319,0.932660319,0.932660319,3.68155389,3.77972866,3.77972866,3.77972866,3.87790343,3.87790343,3.87790343,3.87790343,3.87790343,3.87790343,3.87790343,3.9760782,3.9760782,3.9760782,3.9760782,3.9760782,3.9760782,3.9760782,3.9760782,4.07425297,4.07425297,3.9760782,3.9760782,3.9760782,4.07425297,4.07425297,3.9760782,4.07425297,3.9760782,3.9760782,4.07425297,3.9760782,3.9760782,3.9760782,3.9760782,3.9760782,3.9760782,3.9760782,3.9760782,3.87790343,3.87790343,3.87790343,3.87790343,3.87790343,3.87790343,3.77972866,3.87790343,3.87790343,3.77972866,3.77972866,3.77972866,3.77972866,3.77972866,3.77972866,3.77972866,3.77972866,3.77972866,3.77972866,3.77972866,3.77972866,3.87790343,3.87790343,3.87790343,3.87790343,3.87790343,3.87790343,3.87790343,3.87790343,3.87790343,3.87790343,3.87790343,3.87790343,3.9760782,3.87790343,3.87790343,3.87790343,3.87790343,3.87790343,3.87790343,3.9760782,3.87790343,3.87790343,3.87790343,3.87790343,3.87790343,3.87790343,3.87790343,3.87790343,3.87790343,3.9760782,3.9760782,3.9760782,3.9760782,3.9760782,4.07425297,4.17242774,4.27060251,4.17242774,4.27060251,4.36877728,4.46695205,4.46695205,4.56512682,4.56512682,4.6633016,4.76147637,4.76147637,4.76147637,4.85965114,4.85965114,4.95782591,4.95782591,4.95782591,4.95782591,4.95782591,5.05600068,5.05600068,5.05600068,5.05600068,5.05600068,5.05600068,5.15417545
273.062638044,C01,AP01,client_to_ap,VHT,2,2,2,80,SU,1,4,122,6637c97e16e6ce8a,6,-68.0,1.03083509,1.03083509,1.03083509,1.03083509,1.03083509,1.03083509,1.03083509,1.03083509,1.03083509,1.03083509,1.03083509,1.03083509,1.03083509,1.03083509,1.03083509,1.03083509,1.03083509,1.03083509,1.03083509,1.12900986,1.12900986,1.12900986,1.12900986,1.12900986,1.12900986,1.12900986,1.12900986,1.12900986,1.12900986,1.12900986,1.12900986,1.12900986,1.12900986,1.12900986,1.12900986,1.12900986,1.12900986,1.03083509,1.03083509,1.03083509,1.03083509,1.03083509,1.03083509,1.03083509,1.03083509,1.03083509,1.03083509,1.03083509,1.03083509,1.03083509,1.03083509,1.03083509,1.03083509,1.03083509,1.03083509,1.03083509,1.03083509,1.03083509,1.03083509,1.03083509,1.03083509,1.03083509,1.03083509,1.03083509,1.03083509,1.03083509,1.03083509,1.03083509,1.03083509,1.03083509,1.03083509,1.03083509,1.03083509,1.03083509,1.03083509,1.03083509,1.03083509,0.932660319,0.932660319,0.932660319,0.932660319,0.932660319,0.932660319,0.932660319,0.932660319,0.834485549,0.834485549,0.834485549,0.834485549,0.834485549,0.834485549,0.834485549,0.736310778,0.736310778,0.736310778,0.736310778,0.736310778,0.736310778,0.638136008,0.638136008,0.638136008,0.638136008,0.638136008,0.638136008,0.638136008,0.736310778,0.736310778,0.736310778,0.736310778,0.736310778,0.736310778,0.736310778,0.834485549,0.834485549,0.834485549,0.834485549,0.834485549,0.834485549,0.932660319,0.932660319,0.932660319,0.932660319,3.68155389,3.68155389,3.68155389,3.77972866,3.77972866,3.77972866,3.77972866,3.77972866,3.87790343,3.87790343,3.87790343,3.77972866,3.87790343,3.87790343,3.87790343,3.87790343,3.87790343,3.77972866,3.87790343,3.87790343,3.87790343,3.87790343,3.87790343,3.87790343,3.87790343,3.87790343,3.87790343,3.87790343,3.87790343,3.87790343,3.87790343,3.87790343,3.87790343,3.87790343,3.87790343,3.87790343,3.87790343,3.87790343,3.77972866,3.77972866,3.87790343,3.77972866,3.77972866,3.77972866,3.77972866,3.77972866,3.77972866,3.77972866,3.77972866,3.77972866,3.77972866,3.77972866,3.77972866,3.77972866,3.77972866,3.77972866,3.77972866,3.77972866,3.77972866,3.77972866,3.77972866,3.77972866,3.77972866,3.77972866,3.77972866,3.87790343,3.87790343,3.87790343,3.87790343,3.87790343,3.87790343,3.87790343,3.87790343,3.87790343,3.87790343,3.87790343,3.87790343,3.87790343,3.87790343,3.87790343,3.87790343,3.87790343,3.87790343,3.77972866,3.77972866,3.77972866,3.87790343,3.87790343,3.87790343,3.87790343,3.87790343,3.87790343,3.9760782,3.9760782,4.07425297,4.07425297,4.17242774,4.27060251,4.27060251,4.36877728,4.36877728,4.46695205,4.56512682,4.56512682,4.6633016,4.76147637,4.76147637,4.76147637,4.85965114,4.95782591,4.85965114,4.95782591,4.95782591,4.95782591,5.05600068,5.05600068,5.05600068,5.05600068,5.05600068,5.05600068,5.05600068,4.95782591
274.394782066,C01,AP01,client_to_ap,VHT,2,2,2,80,SU,1,4,122,6637c97e16e6ce8a,6,-68.0,1.03083509,1.03083509,1.03083509,1.03083509,1.03083509,1.03083509,1.03083509,1.03083509,1.03083509,1.03083509,1.03083509,1.03083509,1.03083509,1.03083509,1.03083509,1.03083509,1.03083509,1.03083509,1.03083509,1.12900986,1.03083509,1.03083509,1.12900986,1.12900986,1.12900986,1.12900986,1.12900986,1.12900986,1.12900986,1.12900986,1.12900986,1.12900986,1.12900986,1.03083509,1.12900986,1.12900986,1.03083509,1.03083509,1.03083509,1.03083509,1.03083509,1.03083509,1.03083509,1.03083509,1.03083509,1.03083509,1.03083509,1.03083509,1.03083509,1.03083509,1.03083509,1.03083509,1.03083509,1.03083509,1.03083509,1.03083509,1.03083509,1.03083509,1.03083509,1.03083509,1.03083509,1.03083509,1.03083509,1.03083509,1.03083509,1.03083509,1.03083509,1.03083509,1.03083509,1.03083509,1.03083509,1.03083509,1.03083509,1.03083509,1.03083509,1.03083509,1.03083509,1.03083509,0.932660319,1.03083509,0.932660319,0.932660319,0.932660319,0.932660319,0.932660319,0.932660319,0.834485549,0.834485549,0.834485549,0.834485549,0.834485549,0.834485549,0.736310778,0.736310778,0.736310778,0.638136008,0.736310778,0.638136008,0.638136008,0.638136008,0.638136008,0.638136008,0.638136008,0.638136008,0.638136008,0.736310778,0.736310778,0.736310778,0.736310778,0.736310778,0.736310778,0.736310778,0.736310778,0.834485549,0.834485549,0.834485549,0.834485549,0.834485549,0.932660319,0.932660319,0.932660319,0.932660319,3.68155389,3.68155389,3.77972866,3.77972866,3.77972866,3.77972866,3.77972866,3.77972866,3.77972866,3.87790343,3.77972866,3.87790343,3.77972866,3.77972866,3.87790343,3.87790343,3.87790343,3.77972866,3.87790343,3.87790343,3.87790343,3.87790343,3.87790343,3.87790343,3.9760782,3.87790343,3.87790343,3.87790343,3.87790343,3.87790343,3.87790343,3.87790343,3.87790343,3.87790343,3.87790343,3.87790343,3.87790343,3.87790343,3.87790343,3.87790343,3.87790343,3.77972866,3.77972866,3.77972866,3.77972866,3.77972866,3.77972866,3.77972866,3.77972866,3.77972866,3.77972866,3.77972866,3.77972866,3.77972866,3.77972866,3.77972866,3.77972866,3.77972866,3.77972866,3.77972866,3.77972866,3.77972866,3.77972866,3.77972866,3.77972866,3.77972866,3.77972866,3.87790343,3.87790343,3.87790343,3.87790343,3.87790343,3.87790343,3.87790343,3.87790343,3.87790343,3.87790343,3.87790343,3.87790343,3.87790343,3.77972866,3.77972866,3.77972866,3.87790343,3.77972866,3.87790343,3.77972866,3.87790343,3.87790343,3.87790343,3.87790343,3.87790343,3.9760782,3.9760782,4.07425297,4.07425297,4.17242774,4.17242774,4.27060251,4.36877728,4.36877728,4.36877728,4.56512682,4.56512682,4.6633016,4.6633016,4.76147637,4.76147637,4.85965114,4.85965114,4.85965114,4.95782591,4.95782591,4.95782591,4.95782591,5.05600068,5.05600068,5.05600068,5.05600068,5.05600068,5.05600068,5.05600068
275.730947018,C01,AP01,client_to_ap,VHT,2,2,2,80,SU,1,4,122,6637c97e16e6ce8a,6,-68.0,0.932660319,1.03083509,1.03083509,1.03083509,1.03083509,1.03083509,1.03083509,1.03083509,1.03083509,1.03083509,1.12900986,1.03083509,1.03083509,1.03083509,1.03083509,1.12900986,1.12900986,1.12900986,1.03083509,1.03083509,1.12900986,1.12900986,1.12900986,1.12900986,1.12900986,1.12900986,1.12900986,1.12900986,1.12900986,1.12900986,1.12900986,1.12900986,1.12900986,1.12900986,1.12900986,1.12900986,1.12900986,1.12900986,1.12900986,1.12900986,1.03083509,1.03083509,1.12900986,1.03083509,1.03083509,1.03083509,1.03083509,1.03083509,1.03083509,1.03083509,1.03083509,1.03083509,1.03083509,1.03083509,1.03083509,1.03083509,1.03083509,1.03083509,1.03083509,1.03083509,1.03083509,1.03083509,1.03083509,1.03083509,1.03083509,1.03083509,1.03083509,1.03083509,1.03083509,1.03083509,1.03083509,1.03083509,1.03083509,1.03083509,1.03083509,1.03083509,1.03083509,1.03083509,0.932660319,0.932660319,0.932660319,0.932660319,0.932660319,0.932660319,0.932660319,0.932660319,0.834485549,0.834485549,0.834485549,0.834485549,0.834485549,0.834485549,0.736310778,0.736310778,0.736310778,0.736310778,0.736310778,0.638136008,0.638136008,0.638136008,0.638136008,0.638136008,0.638136008,0.638136008,0.736310778,0.736310778,0.736310778,0.736310778,0.736310778,0.736310778,0.736310778,0.834485549,0.834485549,0.834485549,0.834485549,0.834485549,0.834485549,0.834485549,0.834485549,0.932660319,0.932660319,0.932660319,3.77972866,3.77972866,3.77972866,3.77972866,3.87790343,3.87790343,3.87790343,3.87790343,3.87790343,3.87790343,3.87790343,3.87790343,3.87790343,3.87790343,3.87790343,3.87790343,3.9760782,3.9760782,3.9760782,3.9760782,3.9760782,3.9760782,3.9760782,4.07425297,4.07425297,3.9760782,3.9760782,4.07425297,4.07425297,4.07425297,3.9760782,3.9760782,3.9760782,3.9760782,3.9760782,3.9760782,3.9760782,3.9760782,3.9760782,3.87790343,3.9760782,3.87790343,3.87790343,3.87790343,3.87790343,3.87790343,3.87790343,3.87790343,3.77972866,3.77972866,3.77972866,3.77972866,3.77972866,3.77972866,3.77972866,3.87790343,3.77972866,3.77972866,3.77972866,3.87790343,3.87790343,3.87790343,3.87790343,3.87790343,3.87790343,3.87790343,3.87790343,3.87790343,3.87790343,3.87790343,3.87790343,3.9760782,3.87790343,3.87790343,3.9760782,3.9760782,3.87790343,3.87790343,3.87790343,3.9760782,3.87790343,3.87790343,3.87790343,3.87790343,3.87790343,3.87790343,3.87790343,3.87790343,3.9760782,3.9760782,3.9760782,3.9760782,4.07425297,4.07425297,4.07425297,4.17242774,4.27060251,4.27060251,4.36877728,4.36877728,4.46695205,4.56512682,4.56512682,4.6633016,4.6633016,4.76147637,4.76147637,4.85965114,4.85965114,4.95782591,4.95782591,4.95782591,4.95782591,4.95782591,4.95782591,4.95782591,5.05600068,5.05600068,5.05600068,5.05600068,5.05600068,5.15417545
277.062949896,C01,AP01,client_to_ap,VHT,2,2,2,80,SU,1,4,122,6637c97e16e6ce8a,6,-68.0,0.932660319,1.03083509,1.03083509,1.03083509,1.03083509,1.03083509,1.03083509,1.03083509,1.03083509,1.03083509,1.03083509,1.03083509,1.03083509,1.03083509,1.03083509,1.03083509,1.03083509,1.03083509,1.03083509,1.03083509,1.12900986,1.12900986,1.12900986,1.12900986,1.12900986,1.12900986,1.12900986,1.12900986,1.12900986,1.12900986,1.12900986,1.12900986,1.12900986,1.12900986,1.12900986,1.12900986,1.12900986,1.12900986,1.12900986,1.12900986,1.12900986,1.12900986,1.03083509,1.03083509,1.03083509,1.03083509,1.03083509,1.03083509,1.03083509,1.03083509,1.03083509,1.03083509,1.03083509,1.03083509,1.03083509,1.03083509,1.03083509,1.03083509,1.03083509,1.03083509,1.03083509,1.03083509,1.03083509,1.03083509,1.03083509,1.03083509,1.03083509,1.03083509,1.03083509,1.03083509,1.03083509,1.03083509,1.03083509,1.03083509,1.03083509,1.03083509,1.03083509,1.03083509,0.932660319,0.932660319,0.932660319,0.932660319,0.932660319,0.932660319,0.932660319,0.932660319,0.932660319,0.834485549,0.834485549,0.834485549,0.834485549,0.736310778,0.736310778,0.736310778,0.736310778,0.638136008,0.736310778,0.638136008,0.638136008,0.638136008,0.638136008,0.638136008,0.638136008,0.638136008,0.638136008,0.638136008,0.638136008,0.736310778,0.736310778,0.736310778,0.736310778,0.736310778,0.834485549,0.736310778,0.834485549,0.834485549,0.834485549,0.834485549,0.834485549,0.932660319,0.932660319,0.932660319,3.77972866,3.77972866,3.77972866,3.77972866,3.87790343,3.87790343,3.87790343,3.9760782,3.87790343,3.9760782,3.9760782,3.9760782,3.9760782,3.9760782,3.9760782,3.9760782,3.9760782,3.9760782,3.9760782,3.9760782,4.07425297,4.07425297,4.07425297,4.07425297,4.07425297,3.9760782,4.07425297,3.9760782,4.07425297,4.07425297,4.07425297,3.9760782,4.07425297,3.9760782,3.9760782,3.9760782,3.9760782,3.9760782,3.9760782,3.9760782,3.87790343,3.87790343,3.87790343,3.87790343,3.87790343,3.87790343,3.87790343,3.77972866,3.87790343,3.77972866,3.77972866,3.77972866,3.77972866,3.77972866,3.77972866,3.77972866,3.87790343,3.77972866,3.77972866,3.87790343,3.87790343,3.87790343,3.87790343,3.87790343,3.87790343,3.87790343,3.87790343,3.87790343,3.87790343,3.87790343,3.87790343,3.87790343,3.9760782,3.87790343,3.87790343,3.87790343,3.87790343,3.87790343,3.87790343,3.87790343,3.87790343,3.87790343,3.87790343,3.87790343,3.87790343,3.87790343,3.87790343,3.87790343,3.87790343,3.9760782,3.9760782,3.9760782,3.9760782,4.07425297,4.07425297,4.17242774,4.17242774,4.27060251,4.36877728,4.36877728,4.46695205,4.56512682,4.56512682,4.6633016,4.6633016,4.76147637,4.85965114,4.76147637,4.85965114,4.85965114,4.95782591,4.95782591,4.95782591,5.05600068,5.05600068,5.05600068,5.05600068,5.05600068,5.05600068,5.05600068,5.15417545,5.15417545
277.730927944,C01,AP01,client_to_ap,VHT,2,2,2,80,SU,1,4,122,6637c97e16e6ce8a,6,-68.0,0.932660319,1.03083509,1.03083509,1.03083509,1.03083509,1.03083509,1.03083509,1.03083509,1.03083509,1.03083509,1.03083509,1.03083509,1.03083509,1.03083509,1.03083509,1.03083509,1.03083509,1.03083509,1.03083509,1.12900986,1.12900986,1.12900986,1.12900986,1.12900986,1.12900986,1.12900986,1.12900986,1.12900986,1.12900986,1.12900986,1.12900986,1.12900986,1.12900986,1.12900986,1.12900986,1.12900986,1.12900986,1.12900986,1.12900986,1.12900986,1.12900986,1.12900986,1.03083509,1.03083509,1.03083509,1.03083509,1.03083509,1.03083509,1.03083509,1.03083509,1.03083509,1.03083509,1.03083509,1.03083509,1.03083509,1.03083509,1.03083509,1.03083509,1.03083509,1.03083509,1.03083509,1.03083509,1.03083509,1.03083509,1.03083509,1.03083509,1.03083509,1.03083509,1.03083509,1.03083509,1.03083509,1.03083509,1.03083509,1.03083509,1.03083509,1.03083509,1.03083509,1.03083509,1.03083509,1.03083509,0.932660319,0.932660319,0.932660319,0.932660319,0.932660319,0.834485549,0.932660319,0.834485549,0.834485549,0.834485549,0.834485549,0.736310778,0.736310778,0.736310778,0.736310778,0.736310778,0.638136008,0.638136008,0.638136008,0.638136008,0.638136008,0.638136008,0.638136008,0.638136008,0.638136008,0.638136008,0.638136008,0.736310778,0.736310778,0.736310778,0.736310778,0.736310778,0.736310778,0.834485549,0.834485549,0.834485549,0.834485549,0.834485549,0.834485549,0.932660319,0.932660319,0.932660319,3.68155389,3.77972866,3.77972866,3.87790343,3.87790343,3.87790343,3.87790343,3.87790343,3.87790343,3.9760782,3.87790343,3.87790343,3.9760782,3.87790343,3.9760782,3.87790343,3.9760782,3.9760782,3.9760782,3.9760782,3.9760782,3.9760782,3.9760782,3.9760782,3.9760782,4.07425297,3.9760782,3.9760782,3.9760782,3.9760782,3.9760782,3.9760782,3.9760782,3.9760782,3.9760782,3.9760782,3.9760782,3.87790343,3.9760782,3.87790343,3.87790343,3.87790343,3.87790343,3.87790343,3.87790343,3.87790343,3.77972866,3.77972866,3.77972866,3.77972866,3.77972866,3.77972866,3.77972866,3.77972866,3.77972866,3.77972866,3.87790343,3.77972866,3.77972866,3.77972866,3.87790343,3.87790343,3.87790343,3.87790343,3.87790343,3.87790343,3.87790343,3.87790343,3.87790343,3.87790343,3.87790343,3.87790343,3.87790343,3.87790343,3.87790343,3.87790343,3.87790343,3.87790343,3.87790343,3.87790343,3.87790343,3.87790343,3.87790343,3.87790343,3.87790343,3.87790343,3.87790343,3.87790343,3.87790343,3.87790343,3.87790343,3.9760782,3.9760782,3.9760782,4.07425297,4.17242774,4.17242774,4.27060251,4.27060251,4.27060251,4.46695205,4.56512682,4.56512682,4.6633016,4.6633016,4.76147637,4.76147637,4.85965114,4.85965114,4.85965114,4.95782591,4.95782591,5.05600068,4.95782591,5.05600068,5.05600068,5.05600068,5.05600068,5.05600068,5.05600068,5.05600068,5.05600068
278.394696951,C01,AP01,client_to_ap,VHT,2,2,2,80,SU,1,4,122,6637c97e16e6ce8a,6,-68.0,0.932660319,1.03083509,1.03083509,1.03083509,1.03083509,1.03083509,1.03083509,1.03083509,1.03083509,1.03083509,1.03083509,1.03083509,1.03083509,1.03083509,1.03083509,1.03083509,1.03083509,1.12900986,1.03083509,1.03083509,1.12900986,1.12900986,1.12900986,1.12900986,1.12900986,1.12900986,1.12900986,1.12900986,1.12900986,1.12900986,1.12900986,1.12900986,1.12900986,1.12900986,1.12900986,1.12900986,1.12900986,1.12900986,1.12900986,1.12900986,1.03083509,1.12900986,1.12900986,1.03083509,1.03083509,1.03083509,1.03083509,1.03083509,1.03083509,1.03083509,1.03083509,1.03083509,1.03083509,1.03083509,1.03083509,1.03083509,1.03083509,1.03083509,1.03083509,1.03083509,1.03083509,1.03083509,1.03083509,1.03083509,1.03083509,1.03083509,1.03083509,1.03083509,1.03083509,1.03083509,1.03083509,1.03083509,1.03083509,1.03083509,1.03083509,1.03083509,1.03083509,1.03083509,1.03083509,1.03083509,0.932660319,0.932660319,0.932660319,0.932660319,0.932660319,0.932660319,0.932660319,0.834485549,0.834485549,0.834485549,0.834485549,0.834485549,0.736310778,0.736310778,0.736310778,0.736310778,0.736310778,0.638136008,0.638136008,0.638136008,0.638136008,0.638136008,0.638136008,0.736310778,0.638136008,0.638136008,0.736310778,0.736310778,0.736310778,0.736310778,0.736310778,0.736310778,0.736310778,0.834485549,0.834485549,0.834485549,0.834485549,0.834485549,0.932660319,0.932660319,0.932660319,0.932660319,3.77972866,3.77972866,3.77972866,3.87790343,3.87790343,3.87790343,3.87790343,3.87790343,3.87790343,3.87790343,3.9760782,3.87790343,3.9760782,3.9760782,3.9760782,3.87790343,3.9760782,3.9760782,3.9760782,3.9760782,3.9760782,4.07425297,4.07425297,3.9760782,4.07425297,3.9760782,3.9760782,4.07425297,4.07425297,3.9760782,4.07425297,3.9760782,3.9760782,3.9760782,3.9760782,3.9760782,3.9760782,3.9760782,3.9760782,3.9760782,3.87790343,3.87790343,3.87790343,3.87790343,3.87790343,3.87790343,3.87790343,3.87790343,3.87790343,3.77972866,3.77972866,3.77972866,3.77972866,3.77972866,3.77972866,3.87790343,3.77972866,3.77972866,3.77972866,3.87790343,3.87790343,3.77972866,3.87790343,3.87790343,3.87790343,3.87790343,3.87790343,3.87790343,3.87790343,3.87790343,3.87790343,3.87790343,3.9760782,3.87790343,3.9760782,3.87790343,3.87790343,3.87790343,3.87790343,3.9760782,3.87790343,3.87790343,3.87790343,3.87790343,3.87790343,3.87790343,3.87790343,3.87790343,3.87790343,3.9760782,3.9760782,3.9760782,3.9760782,4.07425297,4.07425297,4.17242774,4.17242774,4.27060251,4.27060251,4.36877728,4.46695205,4.56512682,4.56512682,4.6633016,4.6633016,4.76147637,4.76147637,4.76147637,4.85965114,4.85965114,4.95782591,4.95782591,4.95782591,4.95782591,5.05600068,5.05600068,5.05600068,5.05600068,5.05600068,5.15417545,5.05600068,5.05600068
279.063179016,C01,AP01,client_to_ap,VHT,2,2,2,80,SU,1,4,122,6637c97e16e6ce8a,6,-68.0,1.03083509,1.03083509,1.03083509,1.03083509,1.03083509,1.03083509,1.03083509,1.03083509,1.03083509,1.03083509,1.03083509,1.03083509,1.03083509,1.03083509,1.03083509,1.03083509,1.03083509,1.03083509,1.03083509,1.12900986,1.12900986,1.03083509,1.12900986,1.12900986,1.12900986,1.12900986,1.12900986,1.12900986,1.12900986,1.12900986,1.12900986,1.12900986,1.12900986,1.12900986,1.12900986,1.12900986,1.12900986,1.03083509,1.03083509,1.03083509,1.03083509,1.03083509,1.03083509,1.03083509,1.03083509,1.03083509,1.03083509,1.03083509,1.03083509,1.03083509,1.03083509,1.03083509,1.03083509,1.03083509,1.03083509,1.03083509,1.03083509,1.03083509,1.03083509,1.03083509,1.03083509,1.03083509,1.03083509,1.03083509,1.03083509,1.03083509,1.03083509,1.03083509,1.03083509,1.03083509,1.03083509,1.03083509,1.03083509,1.03083509,1.03083509,1.03083509,1.03083509,0.932660319,1.03083509,1.03083509,0.932660319,0.932660319,0.932660319,0.932660319,0.932660319,0.834485549,0.834485549,0.834485549,0.834485549,0.834485549,0.834485549,0.736310778,0.736310778,0.736310778,0.736310778,0.736310778,0.736310778,0.638136008,0.638136008,0.638136008,0.638136008,0.638136008,0.736310778,0.638136008,0.638136008,0.736310778,0.736310778,0.736310778,0.736310778,0.736310778,0.736310778,0.834485549,0.736310778,0.834485549,0.834485549,0.834485549,0.834485549,0.834485549,0.932660319,0.932660319,0.932660319,0.932660319,3.68155389,3.77972866,3.68155389,3.77972866,3.77972866,3.77972866,3.77972866,3.87790343,3.87790343,3.87790343,3.87790343,3.87790343,3.77972866,3.87790343,3.87790343,3.87790343,3.87790343,3.87790343,3.87790343,3.87790343,3.87790343,3.9760782,3.87790343,3.87790343,3.87790343,3.87790343,3.87790343,3.87790343,3.9760782,3.87790343,3.87790343,3.87790343,3.87790343,3.9760782,3.87790343,3.87790343,3.87790343,3.87790343,3.87790343,3.77972866,3.87790343,3.77972866,3.77972866,3.77972866,3.77972866,3.77972866,3.77972866,3.77972866,3.77972866,3.68155389,3.77972866,3.77972866,3.77972866,3.77972866,3.77972866,3.77972866,3.77972866,3.77972866,3.77972866,3.77972866,3.77972866,3.77972866,3.77972866,3.87790343,3.87790343,3.87790343,3.77972866,3.87790343,3.87790343,3.87790343,3.87790343,3.87790343,3.87790343,3.87790343,3.87790343,3.87790343,3.87790343,3.87790343,3.77972866,3.87790343,3.87790343,3.77972866,3.77972866,3.87790343,3.87790343,3.87790343,3.87790343,3.77972866,3.87790343,3.87790343,3.87790343,3.9760782,3.9760782,3.9760782,4.07425297,4.07425297,4.17242774,4.27060251,4.27060251,4.36877728,4.36877728,4.56512682,4.56512682,4.56512682,4.6633016,4.76147637,4.76147637,4.85965114,4.85965114,4.95782591,4.95782591,4.95782591,4.95782591,4.95782591,4.95782591,4.95782591,5.05600068,5.05600068,5.05600068,5.15417545,5.05600068,5.05600068
280.394850016,C01,AP01,client_to_ap,VHT,2,2,2,80,SU,1,4,122,6637c97e16e6ce8a,6,-68.0,1.03083509,1.03083509,1.03083509,1.03083509,1.03083509,1.03083509,1.03083509,1.03083509,1.03083509,1.03083509,1.03083509,1.03083509,1.03083509,1.03083509,1.03083509,1.03083509,1.12900986,1.03083509,1.03083509,1.12900986,1.12900986,1.12900986,1.12900986,1.12900986,1.12900986,1.12900986,1.12900986,1.12900986,1.12900986,1.12900986,1.12900986,1.12900986,1.12900986,1.12900986,1.12900986,1.12900986,1.12900986,1.03083509,1.03083509,1.03083509,1.03083509,1.03083509,1.03083509,1.03083509,1.03083509,1.03083509,1.03083509,1.03083509,1.03083509,1.03083509,1.03083509,1.03083509,1.03083509,1.03083509,1.03083509,1.03083509,1.03083509,1.03083509,1.03083509,1.03083509,1.03083509,1.03083509,1.03083509,1.03083509,1.03083509,1.03083509,1.03083509,1.03083509,1.03083509,1.03083509,1.03083509,1.03083509,1.03083509,1.03083509,1.03083509,1.03083509,1.03083509,1.03083509,1.03083509,0.932660319,0.932660319,0.932660319,0.932660319,0.932660319,0.932660319,0.932660319,0.932660319,0.834485549,0.834485549,0.834485549,0.834485549,0.736310778,0.736310778,0.736310778,0.736310778,0.736310778,0.736310778,0.638136008,0.638136008,0.638136008,0.638136008,0.638136008,0.638136008,0.638136008,0.736310778,0.736310778,0.736310778,0.736310778,0.736310778,0.736310778,0.736310778,0.834485549,0.834485549,0.834485549,0.834485549,0.834485549,0.834485549,0.834485549,0.932660319,0.932660319,0.932660319,0.932660319,3.68155389,3.77972866,3.77972866,3.87790343,3.87790343,3.87790343,3.77972866,3.87790343,3.87790343,3.87790343,3.87790343,3.87790343,3.87790343,3.87790343,3.87790343,3.87790343,3.87790343,3.87790343,3.87790343,3.87790343,3.87790343,3.87790343,3.87790343,3.9760782,3.9760782,3.87790343,3.9760782,3.9760782,3.9760782,3.87790343,3.9760782,3.9760782,3.9760782,3.9760782,3.87790343,3.87790343,3.87790343,3.87790343,3.87790343,3.87790343,3.87790343,3.77972866,3.77972866,3.87790343,3.77972866,3.77972866,3.77972866,3.77972866,3.77972866,3.77972866,3.77972866,3.77972866,3.77972866,3.77972866,3.77972866,3.77972866,3.77972866,3.77972866,3.77972866,3.77972866,3.77972866,3.87790343,3.87790343,3.87790343,3.87790343,3.87790343,3.87790343,3.87790343,3.87790343,3.87790343,3.9760782,3.87790343,3.9760782,3.87790343,3.9760782,3.87790343,3.87790343,3.87790343,3.87790343,3.87790343,3.87790343,3.87790343,3.87790343,3.87790343,3.87790343,3.87790343,3.87790343,3.87790343,3.87790343,3.87790343,3.9760782,3.9760782,3.9760782,4.07425297,4.07425297,4.17242774,4.17242774,4.27060251,4.27060251,4.36877728,4.46695205,4.56512682,4.56512682,4.6633016,4.76147637,4.76147637,4.76147637,4.85965114,4.85965114,4.95782591,4.95782591,4.95782591,4.95782591,4.95782591,5.05600068,5.05600068,5.05600068,5.05600068,5.05600068,5.05600068,5.05600068,5.05600068
281.731252909,C01,AP01,client_to_ap,VHT,2,2,2,80,SU,1,4,122,6637c97e16e6ce8a,6,-68.0,1.03083509,1.03083509,1.03083509,1.03083509,1.03083509,1.03083509,1.03083509,1.03083509,1.03083509,1.03083509,1.03083509,1.03083509,1.12900986,1.03083509,1.03083509,1.03083509,1.12900986,1.03083509,1.03083509,1.03083509,1.12900986,1.03083509,1.12900986,1.12900986,1.12900986,1.12900986,1.12900986,1.12900986,1.12900986,1.12900986,1.12900986,1.12900986,1.12900986,1.12900986,1.12900986,1.12900986,1.12900986,1.03083509,1.03083509,1.12900986,1.03083509,1.03083509,1.03083509,1.03083509,1.03083509,1.03083509,1.03083509,1.03083509,1.03083509,1.03083509,1.03083509,1.03083509,1.03083509,1.03083509,1.03083509,1.03083509,1.03083509,1.03083509,1.03083509,1.03083509,1.03083509,1.03083509,1.03083509,1.03083509,1.03083509,1.03083509,1.03083509,1.03083509,1.03083509,1.03083509,1.03083509,1.03083509,1.03083509,1.03083509,1.03083509,1.03083509,1.03083509,1.03083509,1.03083509,1.03083509,0.932660319,0.932660319,0.932660319,0.932660319,0.932660319,0.932660319,0.932660319,0.834485549,0.834485549,0.834485549,0.834485549,0.736310778,0.736310778,0.736310778,0.736310778,0.638136008,0.638136008,0.638136008,0.638136008,0.638136008,0.638136008,0.638136008,0.638136008,0.638136008,0.638136008,0.638136008,0.638136008,0.736310778,0.638136008,0.736310778,0.736310778,0.736310778,0.736310778,0.736310778,0.834485549,0.834485549,0.834485549,0.834485549,0.932660319,0.932660319,0.932660319,0.932660319,3.68155389,3.68155389,3.68155389,3.77972866,3.77972866,3.77972866,3.77972866,3.77972866,3.87790343,3.87790343,3.77972866,3.77972866,3.87790343,3.77972866,3.87790343,3.77972866,3.77972866,3.87790343,3.77972866,3.87790343,3.87790343,3.87790343,3.87790343,3.87790343,3.87790343,3.87790343,3.87790343,3.87790343,3.9760782,3.87790343,3.87790343,3.87790343,3.87790343,3.87790343,3.87790343,3.87790343,3.87790343,3.87790343,3.77972866,3.77972866,3.77972866,3.77972866,3.77972866,3.77972866,3.77972866,3.77972866,3.77972866,3.77972866,3.77972866,3.77972866,3.68155389,3.77972866,3.77972866,3.77972866,3.77972866,3.77972866,3.77972866,3.77972866,3.77972866,3.77972866,3.77972866,3.77972866,3.77972866,3.77972866,3.87790343,3.87790343,3.77972866,3.87790343,3.87790343,3.87790343,3.87790343,3.87790343,3.87790343,3.87790343,3.87790343,3.87790343,3.87790343,3.87790343,3.77972866,3.87790343,3.77972866,3.77972866,3.77972866,3.77972866,3.77972866,3.77972866,3.77972866,3.77972866,3.77972866,3.77972866,3.87790343,3.87790343,3.87790343,3.87790343,3.9760782,4.07425297,4.07425297,4.17242774,4.27060251,4.36877728,4.36877728,4.36877728,4.46695205,4.56512682,4.6633016,4.6633016,4.76147637,4.76147637,4.85965114,4.95782591,4.85965114,4.95782591,4.95782591,4.95782591,4.95782591,5.05600068,4.95782591,5.05600068,5.05600068,5.05600068,5.05600068,5.05600068
283.063405991,C01,AP01,client_to_ap,VHT,2,2,2,80,SU,1,4,122,6637c97e16e6ce8a,6,-68.0,1.03083509,1.03083509,1.03083509,1.03083509,1.03083509,1.03083509,1.03083509,1.03083509,1.03083509,1.03083509,1.03083509,1.03083509,1.03083509,1.03083509,1.03083509,1.03083509,1.12900986,1.12900986,1.03083509,1.12900986,1.12900986,1.12900986,1.12900986,1.12900986,1.12900986,1.12900986,1.12900986,1.12900986,1.12900986,1.12900986,1.12900986,1.12900986,1.12900986,1.12900986,1.12900986,1.12900986,1.12900986,1.12900986,1.03083509,1.12900986,1.03083509,1.03083509,1.03083509,1.03083509,1.03083509,1.03083509,1.03083509,1.03083509,1.03083509,1.03083509,1.03083509,1.03083509,1.03083509,1.03083509,1.03083509,1.03083509,1.03083509,1.03083509,1.03083509,1.03083509,1.03083509,1.03083509,1.03083509,1.03083509,1.03083509,1.03083509,1.03083509,1.03083509,1.03083509,1.03083509,1.03083509,1.03083509,1.03083509,1.03083509,1.03083509,1.03083509,1.03083509,0.932660319,1.03083509,0.932660319,0.932660319,0.932660319,0.932660319,0.932660319,0.932660319,0.932660319,0.932660319,0.834485549,0.834485549,0.834485549,0.736310778,0.736310778,0.736310778,0.736310778,0.736310778,0.736310778,0.736310778,0.638136008,0.638136008,0.638136008,0.638136008,0.638136008,0.736310778,0.638136008,0.638136008,0.736310778,0.736310778,0.736310778,0.736310778,0.736310778,0.736310778,0.736310778,0.736310778,0.834485549,0.834485549,0.834485549,0.834485549,0.834485549,0.932660319,0.932660319,0.932660319,0.932660319,3.77972866,3.77972866,3.77972866,3.77972866,3.77972866,3.77972866,3.77972866,3.87790343,3.87790343,3.87790343,3.87790343,3.87790343,3.87790343,3.87790343,3.87790343,3.87790343,3.87790343,3.87790343,3.87790343,3.87790343,3.87790343,3.9760782,3.9760782,3.87790343,3.87790343,3.9760782,3.87790343,3.87790343,3.9760782,3.87790343,3.9760782,3.87790343,3.87790343,3.87790343,3.87790343,3.87790343,3.87790343,3.87790343,3.87790343,3.87790343,3.87790343,3.77972866,3.77972866,3.77972866,3.77972866,3.77972866,3.77972866,3.77972866,3.77972866,3.77972866,3.77972866,3.77972866,3.77972866,3.77972866,3.77972866,3.77972866,3.77972866,3.77972866,3.77972866,3.77972866,3.87790343,3.77972866,3.77972866,3.77972866,3.87790343,3.77972866,3.87790343,3.87790343,3.87790343,3.87790343,3.87790343,3.87790343,3.87790343,3.87790343,3.87790343,3.87790343,3.87790343,3.87790343,3.87790343,3.87790343,3.87790343,3.87790343,3.87790343,3.87790343,3.87790343,3.87790343,3.87790343,3.87790343,3.87790343,3.87790343,3.87790343,3.87790343,3.9760782,3.9760782,4.07425297,4.07425297,4.17242774,4.27060251,4.27060251,4.36877728,4.46695205,4.46695205,4.56512682,4.6633016,4.6633016,4.76147637,4.76147637,4.76147637,4.85965114,4.85965114,4.85965114,4.95782591,4.95782591,5.05600068,5.05600068,5.05600068,4.95782591,5.05600068,5.05600068,5.05600068,5.05600068,5.15417545
284.394190073,C01,AP01,client_to_ap,VHT,2,2,2,80,SU,1,4,122,6637c97e16e6ce8a,6,-68.0,1.03083509,1.03083509,1.03083509,1.03083509,1.03083509,1.03083509,1.03083509,1.03083509,1.03083509,1.03083509,1.03083509,1.03083509,1.03083509,1.03083509,1.03083509,1.12900986,1.03083509,1.12900986,1.03083509,1.12900986,1.12900986,1.12900986,1.12900986,1.12900986,1.12900986,1.12900986,1.12900986,1.12900986,1.12900986,1.12900986,1.12900986,1.12900986,1.12900986,1.12900986,1.12900986,1.12900986,1.12900986,1.12900986,1.12900986,1.12900986,1.12900986,1.03083509,1.03083509,1.03083509,1.03083509,1.03083509,1.03083509,1.03083509,1.03083509,1.03083509,1.03083509,1.03083509,1.03083509,1.03083509,1.03083509,1.03083509,1.03083509,1.03083509,1.03083509,1.03083509,1.03083509,1.03083509,1.03083509,1.03083509,1.03083509,1.03083509,1.03083509,1.03083509,1.03083509,1.03083509,1.03083509,1.03083509,1.03083509,1.03083509,1.03083509,1.03083509,1.03083509,1.03083509,1.03083509,1.03083509,0.932660319,0.932660319,0.932660319,0.932660319,0.932660319,0.932660319,0.834485549,0.834485549,0.834485549,0.834485549,0.834485549,0.834485549,0.736310778,0.736310778,0.736310778,0.736310778,0.638136008,0.638136008,0.638136008,0.736310778,0.638136008,0.638136008,0.638136008,0.638136008,0.638136008,0.638136008,0.736310778,0.736310778,0.736310778,0.736310778,0.736310778,0.736310778,0.736310778,0.834485549,0.834485549,0.834485549,0.834485549,0.834485549,0.834485549,0.932660319,0.932660319,0.932660319,3.77972866,3.77972866,3.77972866,3.87790343,3.87790343,3.87790343,3.87790343,3.87790343,3.87790343,3.9760782,3.9760782,3.9760782,3.9760782,3.9760782,3.9760782,3.9760782,3.9760782,3.9760782,3.9760782,3.9760782,3.9760782,3.9760782,4.07425297,3.9760782,3.9760782,3.9760782,3.9760782,3.9760782,3.9760782,3.9760782,3.9760782,3.9760782,3.9760782,3.9760782,3.9760782,3.9760782,3.9760782,3.87790343,3.9760782,3.87790343,3.87790343,3.87790343,3.87790343,3.87790343,3.87790343,3.87790343,3.77972866,3.77972866,3.77972866,3.77972866,3.77972866,3.77972866,3.77972866,3.77972866,3.77972866,3.77972866,3.87790343,3.77972866,3.77972866,3.87790343,3.87790343,3.87790343,3.87790343,3.87790343,3.87790343,3.87790343,3.87790343,3.87790343,3.87790343,3.9760782,3.87790343,3.87790343,3.9760782,3.87790343,3.9760782,3.9760782,3.9760782,3.87790343,3.87790343,3.87790343,3.87790343,3.87790343,3.87790343,3.87790343,3.87790343,3.87790343,3.87790343,3.87790343,3.87790343,3.9760782,3.9760782,3.9760782,3.9760782,3.9760782,4.07425297,4.17242774,4.17242774,4.27060251,4.27060251,4.36877728,4.46695205,4.56512682,4.56512682,4.6633016,4.6633016,4.76147637,4.76147637,4.85965114,4.85965114,4.85965114,4.85965114,4.95782591,4.95782591,4.95782591,4.95782591,4.95782591,5.05600068,5.05600068,5.05600068,5.05600068,5.15417545,5.05600068
285.731200933,C01,AP01,client_to_ap,VHT,2,2,2,80,SU,1,4,122,6637c97e16e6ce8a,6,-68.0,1.03083509,1.03083509,1.03083509,1.03083509,1.03083509,1.03083509,1.03083509,1.03083509,1.03083509,1.03083509,1.03083509,1.03083509,1.03083509,1.03083509,1.03083509,1.03083509,1.03083509,1.03083509,1.03083509,1.03083509,1.12900986,1.12900986,1.12900986,1.12900986,1.12900986,1.12900986,1.12900986,1.12900986,1.12900986,1.12900986,1.12900986,1.12900986,1.12900986,1.03083509,1.03083509,1.12900986,1.03083509,1.03083509,1.03083509,1.03083509,1.03083509,1.03083509,1.03083509,1.03083509,1.03083509,1.03083509,1.03083509,1.03083509,1.03083509,1.03083509,1.03083509,1.03083509,1.03083509,1.03083509,1.03083509,1.03083509,1.03083509,1.03083509,1.03083509,1.03083509,1.03083509,1.03083509,1.03083509,1.03083509,1.03083509,1.03083509,1.03083509,1.03083509,1.03083509,1.03083509,1.03083509,1.03083509,1.03083509,1.03083509,1.03083509,1.03083509,1.03083509,0.932660319,0.932660319,1.03083509,0.932660319,0.932660319,0.932660319,0.932660319,0.932660319,0.932660319,0.932660319,0.834485549,0.834485549,0.834485549,0.736310778,0.736310778,0.736310778,0.736310778,0.736310778,0.638136008,0.638136008,0.638136008,0.638136008,0.638136008,0.638136008,0.638136008,0.638136008,0.638136008,0.638136008,0.638136008,0.736310778,0.736310778,0.736310778,0.736310778,0.736310778,0.736310778,0.736310778,0.834485549,0.834485549,0.834485549,0.834485549,0.834485549,0.932660319,0.932660319,0.932660319,0.932660319,3.77972866,3.77972866,3.68155389,3.77972866,3.87790343,3.77972866,3.77972866,3.87790343,3.87790343,3.77972866,3.77972866,3.87790343,3.87790343,3.87790343,3.87790343,3.87790343,3.87790343,3.87790343,3.87790343,3.87790343,3.87790343,3.87790343,3.87790343,3.87790343,3.87790343,3.87790343,3.87790343,3.87790343,3.9760782,3.87790343,3.87790343,3.87790343,3.87790343,3.87790343,3.87790343,3.87790343,3.87790343,3.87790343,3.77972866,3.77972866,3.77972866,3.77972866,3.77972866,3.77972866,3.77972866,3.77972866,3.77972866,3.77972866,3.77972866,3.77972866,3.77972866,3.77972866,3.77972866,3.77972866,3.77972866,3.77972866,3.77972866,3.77972866,3.77972866,3.77972866,3.77972866,3.77972866,3.77972866,3.77972866,3.77972866,3.87790343,3.87790343,3.87790343,3.87790343,3.87790343,3.87790343,3.87790343,3.87790343,3.87790343,3.87790343,3.87790343,3.87790343,3.87790343,3.87790343,3.87790343,3.87790343,3.77972866,3.77972866,3.77972866,3.77972866,3.77972866,3.77972866,3.87790343,3.77972866,3.87790343,3.87790343,3.87790343,3.9760782,3.9760782,3.9760782,4.07425297,4.07425297,4.27060251,4.27060251,4.27060251,4.36877728,4.46695205,4.46695205,4.56512682,4.6633016,4.6633016,4.76147637,4.76147637,4.85965114,4.85965114,4.85965114,4.85965114,4.95782591,4.95782591,4.95782591,5.05600068,5.05600068,5.05600068,5.05600068,5.05600068,5.05600068,5.05600068
287.063101053,C01,AP01,client_to_ap,VHT,2,2,2,80,SU,1,4,122,6637c97e16e6ce8a,6,-68.0,1.03083509,1.03083509,1.03083509,1.03083509,1.03083509,1.03083509,1.03083509,1.03083509,1.03083509,1.12900986,1.12900986,1.03083509,1.12900986,1.03083509,1.12900986,1.12900986,1.12900986,1.12900986,1.12900986,1.12900986,1.12900986,1.12900986,1.12900986,1.12900986,1.12900986,1.12900986,1.12900986,1.12900986,1.12900986,1.12900986,1.12900986,1.12900986,1.12900986,1.12900986,1.12900986,1.12900986,1.12900986,1.12900986,1.12900986,1.12900986,1.12900986,1.12900986,1.12900986,1.12900986,1.03083509,1.03083509,1.03083509,1.03083509,1.03083509,1.03083509,1.03083509,1.03083509,1.03083509,1.03083509,1.03083509,1.03083509,1.03083509,1.03083509,1.03083509,1.03083509,1.03083509,1.03083509,1.03083509,1.03083509,1.03083509,1.03083509,1.03083509,1.03083509,1.03083509,1.03083509,1.03083509,1.03083509,1.03083509,1.03083509,1.03083509,1.03083509,1.03083509,1.03083509,1.03083509,1.03083509,0.932660319,0.932660319,0.932660319,0.932660319,0.932660319,0.932660319,0.932660319,0.834485549,0.834485549,0.834485549,0.834485549,0.834485549,0.736310778,0.736310778,0.736310778,0.736310778,0.736310778,0.736310778,0.736310778,0.736310778,0.736310778,0.736310778,0.736310778,0.736310778,0.736310778,0.736310778,0.736310778,0.736310778,0.736310778,0.834485549,0.834485549,0.834485549,0.834485549,0.834485549,0.932660319,0.932660319,0.932660319,0.932660319,0.932660319,0.932660319,0.932660319,0.932660319,3.68155389,3.77972866,3.77972866,3.77972866,3.87790343,3.87790343,3.87790343,3.87790343,3.87790343,3.87790343,3.87790343,3.9760782,3.9760782,3.9760782,3.9760782,3.9760782,3.9760782,3.9760782,3.9760782,3.9760782,3.9760782,3.9760782,4.07425297,4.07425297,4.07425297,3.9760782,3.9760782,4.07425297,4.07425297,3.9760782,3.9760782,3.9760782,3.9760782,3.9760782,3.9760782,3.9760782,3.9760782,3.9760782,3.9760782,3.87790343,3.87790343,3.87790343,3.87790343,3.87790343,3.87790343,3.87790343,3.77972866,3.87790343,3.87790343,3.77972866,3.77972866,3.77972866,3.87790343,3.77972866,3.77972866,3.77972866,3.87790343,3.87790343,3.87790343,3.87790343,3.87790343,3.87790343,3.87790343,3.87790343,3.87790343,3.87790343,3.87790343,3.9760782,3.9760782,3.9760782,3.9760782,3.9760782,3.9760782,3.9760782,3.9760782,3.9760782,3.9760782,3.9760782,3.9760782,3.9760782,3.9760782,3.9760782,3.9760782,3.9760782,3.9760782,3.9760782,3.9760782,3.9760782,3.9760782,3.9760782,4.07425297,4.07425297,4.07425297,4.17242774,4.17242774,4.27060251,4.27060251,4.36877728,4.46695205,4.46695205,4.56512682,4.56512682,4.6633016,4.76147637,4.76147637,4.76147637,4.85965114,4.85965114,4.95782591,4.95782591,4.95782591,4.95782591,4.95782591,4.95782591,5.05600068,5.05600068,4.95782591,5.05600068,5.05600068,5.05600068,5.05600068,5.15417545
288.395912886,C01,AP01,client_to_ap,VHT,2,2,2,80,SU,1,4,122,6637c97e16e6ce8a,6,-68.0,1.03083509,1.03083509,1.03083509,1.03083509,1.03083509,1.03083509,1.03083509,1.03083509,1.03083509,1.03083509,1.03083509,1.03083509,1.03083509,1.03083509,1.03083509,1.03083509,1.03083509,1.03083509,1.03083509,1.12900986,1.12900986,1.03083509,1.03083509,1.12900986,1.12900986,1.12900986,1.12900986,1.12900986,1.12900986,1.12900986,1.12900986,1.12900986,1.12900986,1.12900986,1.03083509,1.03083509,1.12900986,1.03083509,1.03083509,1.03083509,1.03083509,1.03083509,1.03083509,1.03083509,1.03083509,1.03083509,1.03083509,1.03083509,1.03083509,1.03083509,1.03083509,1.03083509,1.03083509,1.03083509,1.03083509,1.03083509,1.03083509,1.03083509,1.03083509,1.03083509,1.03083509,1.03083509,1.03083509,1.03083509,1.03083509,1.03083509,1.03083509,1.03083509,1.03083509,1.03083509,1.03083509,1.03083509,1.03083509,1.03083509,1.03083509,1.03083509,1.03083509,1.03083509,1.03083509,1.03083509,0.932660319,0.932660319,0.932660319,0.932660319,0.932660319,0.932660319,0.834485549,0.932660319,0.834485549,0.834485549,0.834485549,0.834485549,0.736310778,0.736310778,0.736310778,0.736310778,0.638136008,0.638136008,0.736310778,0.638136008,0.638136008,0.638136008,0.736310778,0.736310778,0.638136008,0.736310778,0.736310778,0.736310778,0.736310778,0.736310778,0.736310778,0.834485549,0.834485549,0.834485549,0.834485549,0.834485549,0.834485549,0.932660319,0.932660319,0.932660319,0.932660319,0.932660319,3.68155389,3.77972866,3.77972866,3.77972866,3.77972866,3.77972866,3.77972866,3.77972866,3.87790343,3.77972866,3.77972866,3.77972866,3.87790343,3.87790343,3.87790343,3.87790343,3.87790343,3.87790343,3.87790343,3.87790343,3.87790343,3.87790343,3.87790343,3.87790343,3.9760782,3.87790343,3.87790343,3.87790343,3.9760782,3.87790343,3.87790343,3.87790343,3.87790343,3.87790343,3.87790343,3.87790343,3.87790343,3.87790343,3.87790343,3.77972866,3.87790343,3.77972866,3.77972866,3.77972866,3.77972866,3.77972866,3.77972866,3.77972866,3.77972866,3.77972866,3.77972866,3.77972866,3.77972866,3.77972866,3.77972866,3.77972866,3.77972866,3.77972866,3.77972866,3.77972866,3.87790343,3.77972866,3.77972866,3.87790343,3.87790343,3.87790343,3.87790343,3.87790343,3.87790343,3.87790343,3.87790343,3.87790343,3.87790343,3.87790343,3.87790343,3.87790343,3.87790343,3.87790343,3.87790343,3.87790343,3.87790343,3.87790343,3.77972866,3.87790343,3.87790343,3.87790343,3.87790343,3.87790343,3.87790343,3.87790343,3.87790343,3.9760782,3.9760782,3.9760782,4.07425297,4.07425297,4.07425297,4.27060251,4.27060251,4.36877728,4.46695205,4.46695205,4.56512682,4.56512682,4.6633016,4.76147637,4.76147637,4.85965114,4.85965114,4.95782591,4.95782591,4.95782591,4.95782591,4.95782591,5.05600068,5.05600068,4.95782591,5.05600068,5.05600068,5.05600068,5.05600068,5.05600068
289.731127977,C01,AP01,client_to_ap,VHT,2,2,2,80,SU,1,4,122,6637c97e16e6ce8a,6,-68.0,1.03083509,1.03083509,1.03083509,1.03083509,1.03083509,1.03083509,1.03083509,1.03083509,1.03083509,1.03083509,1.03083509,1.12900986,1.03083509,1.03083509,1.03083509,1.12900986,1.12900986,1.03083509,1.03083509,1.12900986,1.12900986,1.12900986,1.12900986,1.12900986,1.12900986,1.12900986,1.12900986,1.12900986,1.12900986,1.12900986,1.12900986,1.12900986,1.12900986,1.12900986,1.12900986,1.12900986,1.12900986,1.12900986,1.12900986,1.12900986,1.03083509,1.03083509,1.03083509,1.03083509,1.03083509,1.03083509,1.03083509,1.03083509,1.03083509,1.03083509,1.03083509,1.03083509,1.03083509,1.03083509,1.03083509,1.03083509,1.03083509,1.03083509,1.03083509,1.03083509,1.03083509,1.03083509,1.03083509,1.03083509,1.03083509,1.03083509,1.03083509,1.03083509,1.03083509,1.03083509,1.03083509,1.03083509,1.03083509,1.03083509,1.03083509,1.03083509,1.03083509,1.03083509,1.03083509,1.03083509,0.932660319,0.932660319,0.932660319,0.932660319,0.932660319,0.834485549,0.834485549,0.834485549,0.834485549,0.834485549,0.834485549,0.834485549,0.736310778,0.736310778,0.736310778,0.736310778,0.638136008,0.736310778,0.736310778,0.638136008,0.638136008,0.638136008,0.736310778,0.638136008,0.638136008,0.736310778,0.736310778,0.736310778,0.736310778,0.736310778,0.736310778,0.834485549,0.834485549,0.834485549,0.834485549,0.834485549,0.834485549,0.834485549,0.932660319,0.932660319,0.932660319,0.932660319,3.68155389,3.77972866,3.77972866,3.77972866,3.87790343,3.87790343,3.87790343,3.87790343,3.87790343,3.87790343,3.87790343,3.87790343,3.87790343,3.87790343,3.9760782,3.87790343,3.9760782,3.87790343,3.9760782,3.9760782,3.9760782,3.9760782,3.9760782,3.9760782,4.07425297,3.9760782,3.9760782,3.9760782,4.07425297,3.9760782,3.9760782,3.9760782,3.9760782,3.9760782,3.9760782,3.9760782,3.9760782,3.9760782,3.87790343,3.87790343,3.9760782,3.87790343,3.87790343,3.87790343,3.87790343,3.87790343,3.77972866,3.77972866,3.87790343,3.77972866,3.77972866,3.77972866,3.77972866,3.77972866,3.77972866,3.77972866,3.77972866,3.77972866,3.77972866,3.87790343,3.87790343,3.87790343,3.87790343,3.87790343,3.87790343,3.87790343,3.87790343,3.87790343,3.87790343,3.87790343,3.87790343,3.9760782,3.87790343,3.9760782,3.9760782,3.9760782,3.87790343,3.87790343,3.87790343,3.87790343,3.87790343,3.87790343,3.87790343,3.87790343,3.87790343,3.87790343,3.87790343,3.87790343,3.87790343,3.87790343,3.9760782,3.9760782,3.9760782,3.9760782,4.17242774,4.17242774,4.27060251,4.27060251,4.36877728,4.36877728,4.46695205,4.56512682,4.6633016,4.6633016,4.6633016,4.76147637,4.76147637,4.85965114,4.85965114,4.95782591,4.95782591,4.95782591,5.05600068,4.95782591,5.05600068,5.05600068,5.05600068,5.05600068,5.15417545,5.15417545,5.15417545,5.05600068
291.062682867,C01,AP01,client_to_ap,VHT,2,2,2,80,SU,1,4,122,6637c97e16e6ce8a,6,-68.0,1.03083509,1.03083509,1.03083509,1.03083509,1.03083509,1.03083509,1.03083509,1.03083509,1.03083509,1.03083509,1.03083509,1.03083509,1.03083509,1.03083509,1.03083509,1.03083509,1.03083509,1.03083509,1.03083509,1.03083509,1.03083509,1.12900986,1.12900986,1.12900986,1.12900986,1.12900986,1.12900986,1.12900986,1.12900986,1.12900986,1.12900986,1.12900986,1.12900986,1.12900986,1.12900986,1.03083509,1.12900986,1.12900986,1.03083509,1.12900986,1.03083509,1.03083509,1.03083509,1.03083509,1.03083509,1.03083509,1.03083509,1.03083509,1.03083509,1.03083509,1.03083509,1.03083509,1.03083509,1.03083509,1.03083509,1.03083509,1.03083509,1.03083509,1.03083509,1.03083509,1.03083509,1.03083509,1.03083509,1.03083509,1.03083509,1.03083509,1.03083509,1.03083509,1.03083509,1.03083509,1.03083509,1.03083509,1.03083509,1.03083509,1.03083509,1.03083509,1.03083509,1.03083509,0.932660319,1.03083509,0.932660319,0.932660319,0.932660319,0.932660319,0.932660319,0.834485549,0.834485549,0.834485549,0.834485549,0.834485549,0.834485549,0.736310778,0.736310778,0.736310778,0.736310778,0.736310778,0.638136008,0.638136008,0.638136008,0.638136008,0.638136008,0.638136008,0.638136008,0.638136008,0.638136008,0.638136008,0.638136008,0.638136008,0.736310778,0.736310778,0.736310778,0.736310778,0.736310778,0.834485549,0.834485549,0.834485549,0.834485549,0.834485549,0.834485549,0.932660319,0.932660319,0.932660319,3.77972866,3.68155389,3.77972866,3.77972866,3.87790343,3.87790343,3.77972866,3.87790343,3.87790343,3.87790343,3.87790343,3.87790343,3.87790343,3.87790343,3.9760782,3.9760782,3.9760782,3.9760782,3.9760782,3.9760782,3.9760782,3.9760782,3.9760782,3.9760782,3.9760782,3.9760782,3.9760782,4.07425297,4.07425297,3.9760782,3.9760782,3.9760782,3.9760782,3.9760782,3.9760782,3.9760782,3.9760782,3.9760782,3.87790343,3.87790343,3.87790343,3.87790343,3.87790343,3.87790343,3.87790343,3.77972866,3.77972866,3.77972866,3.77972866,3.77972866,3.87790343,3.77972866,3.77972866,3.77972866,3.77972866,3.77972866,3.77972866,3.77972866,3.77972866,3.77972866,3.77972866,3.77972866,3.87790343,3.87790343,3.87790343,3.87790343,3.87790343,3.87790343,3.87790343,3.87790343,3.87790343,3.87790343,3.87790343,3.9760782,3.9760782,3.87790343,3.87790343,3.87790343,3.87790343,3.87790343,3.87790343,3.87790343,3.87790343,3.87790343,3.87790343,3.87790343,3.87790343,3.87790343,3.87790343,3.9760782,3.9760782,3.9760782,3.9760782,4.07425297,4.07425297,4.07425297,4.17242774,4.27060251,4.27060251,4.36877728,4.46695205,4.56512682,4.6633016,4.6633016,4.6633016,4.76147637,4.76147637,4.85965114,4.85965114,4.95782591,4.95782591,4.95782591,5.05600068,4.95782591,4.95782591,5.05600068,5.05600068,5.15417545,5.05600068,5.05600068,5.15417545,5.15417545
292.396209955,C01,AP01,client_to_ap,VHT,2,2,2,80,SU,1,4,122,6637c97e16e6ce8a,6,-68.0,1.03083509,1.03083509,1.03083509,1.03083509,1.03083509,1.03083509,1.03083509,1.03083509,1.03083509,1.03083509,1.03083509,1.03083509,1.03083509,1.03083509,1.12900986,1.12900986,1.12900986,1.12900986,1.03083509,1.12900986,1.12900986,1.12900986,1.12900986,1.12900986,1.12900986,1.12900986,1.12900986,1.12900986,1.12900986,1.12900986,1.12900986,1.12900986,1.12900986,1.12900986,1.12900986,1.12900986,1.12900986,1.12900986,1.12900986,1.12900986,1.12900986,1.03083509,1.12900986,1.03083509,1.03083509,1.03083509,1.03083509,1.03083509,1.03083509,1.03083509,1.03083509,1.03083509,1.03083509,1.03083509,1.03083509,1.03083509,1.03083509,1.03083509,1.03083509,1.03083509,1.03083509,1.03083509,1.03083509,1.03083509,1.03083509,1.03083509,1.03083509,1.03083509,1.03083509,1.03083509,1.03083509,1.03083509,1.03083509,1.03083509,1.03083509,1.03083509,1.03083509,1.03083509,1.03083509,1.03083509,0.932660319,0.932660319,0.932660319,0.932660319,0.932660319,0.932660319,0.834485549,0.834485549,0.834485549,0.834485549,0.834485549,0.834485549,0.736310778,0.736310778,0.736310778,0.736310778,0.638136008,0.638136008,0.638136008,0.736310778,0.638136008,0.638136008,0.736310778,0.736310778,0.736310778,0.736310778,0.736310778,0.736310778,0.736310778,0.736310778,0.736310778,0.736310778,0.834485549,0.834485549,0.834485549,0.834485549,0.834485549,0.834485549,0.932660319,0.932660319,0.932660319,0.932660319,3.68155389,3.77972866,3.77972866,3.87790343,3.87790343,3.87790343,3.87790343,3.87790343,3.9760782,3.9760782,3.9760782,3.9760782,3.87790343,3.9760782,3.9760782,3.9760782,3.9760782,3.9760782,3.9760782,3.9760782,3.9760782,3.9760782,4.07425297,4.07425297,4.07425297,3.9760782,3.9760782,4.07425297,4.07425297,3.9760782,3.9760782,4.07425297,3.9760782,3.9760782,3.9760782,3.9760782,3.9760782,3.9760782,3.87790343,3.87790343,3.9760782,3.87790343,3.87790343,3.87790343,3.87790343,3.77972866,3.87790343,3.87790343,3.77972866,3.77972866,3.87790343,3.77972866,3.87790343,3.87790343,3.77972866,3.77972866,3.77972866,3.77972866,3.77972866,3.87790343,3.87790343,3.87790343,3.87790343,3.87790343,3.87790343,3.87790343,3.87790343,3.87790343,3.87790343,3.87790343,3.9760782,3.9760782,3.9760782,3.9760782,3.9760782,3.9760782,3.9760782,3.9760782,3.9760782,3.9760782,3.87790343,3.87790343,3.87790343,3.87790343,3.87790343,3.87790343,3.87790343,3.87790343,3.87790343,3.9760782,3.9760782,3.9760782,4.07425297,4.07425297,4.17242774,4.17242774,4.27060251,4.36877728,4.36877728,4.36877728,4.46695205,4.56512682,4.6633016,4.6633016,4.76147637,4.76147637,4.76147637,4.85965114,4.85965114,4.95782591,4.95782591,4.95782591,4.95782591,4.95782591,5.05600068,5.05600068,5.05600068,5.05600068,5.05600068,5.05600068,5.05600068,5.05600068
293.731422901,C01,AP01,client_to_ap,VHT,2,2,2,80,SU,1,4,122,6637c97e16e6ce8a,6,-68.0,1.03083509,1.03083509,1.03083509,1.03083509,1.03083509,1.03083509,1.03083509,1.03083509,1.03083509,1.03083509,1.03083509,1.03083509,1.12900986,1.03083509,1.12900986,1.03083509,1.12900986,1.12900986,1.12900986,1.12900986,1.12900986,1.12900986,1.12900986,1.12900986,1.12900986,1.12900986,1.12900986,1.12900986,1.12900986,1.12900986,1.12900986,1.12900986,1.12900986,1.12900986,1.12900986,1.12900986,1.12900986,1.12900986,1.12900986,1.12900986,1.12900986,1.12900986,1.03083509,1.03083509,1.03083509,1.03083509,1.03083509,1.03083509,1.03083509,1.03083509,1.03083509,1.03083509,1.03083509,1.03083509,1.03083509,1.03083509,1.03083509,1.03083509,1.03083509,1.03083509,1.03083509,1.03083509,1.03083509,1.03083509,1.03083509,1.03083509,1.03083509,1.03083509,1.03083509,1.03083509,1.03083509,1.03083509,1.03083509,1.03083509,1.03083509,1.03083509,1.03083509,1.03083509,0.932660319,0.932660319,0.932660319,0.932660319,0.932660319,0.932660319,0.932660319,0.932660319,0.834485549,0.834485549,0.834485549,0.834485549,0.736310778,0.736310778,0.736310778,0.736310778,0.736310778,0.638136008,0.638136008,0.638136008,0.638136008,0.638136008,0.638136008,0.638136008,0.638136008,0.638136008,0.736310778,0.736310778,0.736310778,0.736310778,0.736310778,0.736310778,0.736310778,0.736310778,0.736310778,0.834485549,0.834485549,0.834485549,0.834485549,0.834485549,0.932660319,0.932660319,0.932660319,0.932660319,3.68155389,3.77972866,3.77972866,3.87790343,3.87790343,3.87790343,3.87790343,3.9760782,3.87790343,3.9760782,3.9760782,3.9760782,3.87790343,3.9760782,3.9760782,3.9760782,3.9760782,3.9760782,3.9760782,3.9760782,3.9760782,3.9760782,3.9760782,4.07425297,4.07425297,3.9760782,3.9760782,4.07425297,4.07425297,3.9760782,3.9760782,3.9760782,3.9760782,3.9760782,3.9760782,3.9760782,3.9760782,3.87790343,3.9760782,3.87790343,3.87790343,3.87790343,3.87790343,3.87790343,3.87790343,3.87790343,3.77972866,3.87790343,3.77972866,3.77972866,3.77972866,3.77972866,3.77972866,3.77972866,3.77972866,3.77972866,3.77972866,3.87790343,3.87790343,3.87790343,3.87790343,3.87790343,3.87790343,3.87790343,3.87790343,3.87790343,3.87790343,3.87790343,3.87790343,3.87790343,3.87790343,3.87790343,3.87790343,3.87790343,3.9760782,3.9760782,3.87790343,3.87790343,3.87790343,3.87790343,3.87790343,3.87790343,3.87790343,3.87790343,3.87790343,3.87790343,3.87790343,3.87790343,3.87790343,3.9760782,3.9760782,3.9760782,3.9760782,4.07425297,4.17242774,4.17242774,4.27060251,4.27060251,4.36877728,4.46695205,4.46695205,4.56512682,4.6633016,4.6633016,4.6633016,4.76147637,4.76147637,4.85965114,4.85965114,4.85965114,4.95782591,4.95782591,5.05600068,5.05600068,5.05600068,5.05600068,5.05600068,5.05600068,5.05600068,5.15417545,5.15417545,5.15417545
295.063111067,C01,AP01,client_to_ap,VHT,2,2,2,80,SU,1,4,122,6637c97e16e6ce8a,6,-68.0,1.03083509,1.03083509,1.03083509,1.03083509,1.03083509,1.03083509,1.03083509,1.03083509,1.03083509,1.03083509,1.03083509,1.12900986,1.03083509,1.12900986,1.12900986,1.12900986,1.12900986,1.12900986,1.12900986,1.12900986,1.12900986,1.12900986,1.12900986,1.12900986,1.12900986,1.12900986,1.12900986,1.12900986,1.12900986,1.12900986,1.12900986,1.12900986,1.12900986,1.12900986,1.12900986,1.12900986,1.12900986,1.12900986,1.12900986,1.03083509,1.03083509,1.03083509,1.03083509,1.03083509,1.03083509,1.03083509,1.03083509,1.03083509,1.03083509,1.03083509,1.03083509,1.03083509,1.03083509,1.03083509,1.03083509,1.03083509,1.03083509,1.03083509,1.03083509,1.03083509,1.03083509,1.03083509,1.03083509,1.03083509,1.03083509,1.03083509,1.03083509,1.03083509,1.03083509,1.03083509,1.03083509,1.03083509,1.03083509,1.03083509,1.03083509,1.03083509,1.03083509,1.03083509,1.03083509,1.03083509,0.932660319,0.932660319,0.932660319,0.932660319,0.932660319,0.932660319,0.932660319,0.834485549,0.834485549,0.834485549,0.834485549,0.736310778,0.736310778,0.736310778,0.736310778,0.736310778,0.638136008,0.638136008,0.638136008,0.638136008,0.638136008,0.638136008,0.638136008,0.638136008,0.638136008,0.736310778,0.736310778,0.736310778,0.736310778,0.736310778,0.736310778,0.736310778,0.834485549,0.834485549,0.834485549,0.834485549,0.932660319,0.932660319,0.932660319,0.932660319,0.932660319,1.03083509,3.68155389,3.68155389,3.68155389,3.68155389,3.77972866,3.77972866,3.77972866,3.77972866,3.77972866,3.77972866,3.77972866,3.77972866,3.77972866,3.77972866,3.77972866,3.68155389,3.77972866,3.77972866,3.77972866,3.77972866,3.77972866,3.77972866,3.77972866,3.77972866,3.77972866,3.77972866,3.77972866,3.77972866,3.77972866,3.77972866,3.77972866,3.77972866,3.77972866,3.77972866,3.77972866,3.77972866,3.77972866,3.77972866,3.77972866,3.68155389,3.77972866,3.77972866,3.68155389,3.68155389,3.68155389,3.68155389,3.68155389,3.68155389,3.68155389,3.68155389,3.68155389,3.68155389,3.68155389,3.77972866,3.68155389,3.68155389,3.68155389,3.77972866,3.77972866,3.77972866,3.77972866,3.77972866,3.77972866,3.77972866,3.77972866,3.77972866,3.77972866,3.77972866,3.77972866,3.77972866,3.77972866,3.87790343,3.77972866,3.77972866,3.77972866,3.77972866,3.77972866,3.77972866,3.77972866,3.77972866,3.77972866,3.77972866,3.77972866,3.77972866,3.77972866,3.77972866,3.77972866,3.77972866,3.77972866,3.87790343,3.77972866,3.77972866,3.87790343,3.87790343,3.9760782,4.07425297,4.07425297,4.17242774,4.27060251,4.27060251,4.36877728,4.46695205,4.56512682,4.56512682,4.6633016,4.6633016,4.76147637,4.85965114,4.76147637,4.85965114,4.85965114,4.95782591,4.95782591,4.95782591,4.95782591,5.05600068,5.05600068,5.05600068,5.05600068,5.05600068,5.05600068,5.05600068
296.395237923,C01,AP01,client_to_ap,VHT,2,2,2,80,SU,1,4,122,6637c97e16e6ce8a,6,-68.0,1.03083509,1.03083509,1.03083509,1.03083509,1.03083509,1.03083509,1.03083509,1.03083509,1.03083509,1.03083509,1.03083509,1.03083509,1.12900986,1.03083509,1.03083509,1.03083509,1.12900986,1.12900986,1.03083509,1.12900986,1.12900986,1.12900986,1.12900986,1.12900986,1.12900986,1.12900986,1.12900986,1.12900986,1.12900986,1.12900986,1.12900986,1.12900986,1.12900986,1.12900986,1.12900986,1.12900986,1.12900986,1.12900986,1.03083509,1.12900986,1.12900986,1.03083509,1.03083509,1.03083509,1.03083509,1.03083509,1.03083509,1.03083509,1.03083509,1.03083509,1.03083509,1.03083509,1.03083509,1.03083509,1.03083509,1.03083509,1.03083509,1.03083509,1.03083509,1.03083509,1.03083509,1.03083509,1.03083509,1.03083509,1.03083509,1.03083509,1.03083509,1.03083509,1.03083509,1.03083509,1.03083509,1.03083509,1.03083509,1.03083509,1.03083509,1.03083509,1.03083509,1.03083509,1.03083509,0.932660319,0.932660319,0.932660319,0.932660319,0.932660319,0.932660319,0.834485549,0.932660319,0.834485549,0.834485549,0.834485549,0.834485549,0.736310778,0.736310778,0.736310778,0.736310778,0.736310778,0.638136008,0.638136008,0.638136008,0.638136008,0.638136008,0.638136008,0.638136008,0.638136008,0.736310778,0.736310778,0.736310778,0.736310778,0.736310778,0.736310778,0.736310778,0.834485549,0.834485549,0.834485549,0.834485549,0.834485549,0.932660319,0.932660319,0.932660319,0.932660319,0.932660319,0.932660319,3.68155389,3.68155389,3.68155389,3.77972866,3.77972866,3.77972866,3.77972866,3.77972866,3.77972866,3.77972866,3.77972866,3.87790343,3.87790343,3.87790343,3.87790343,3.87790343,3.87790343,3.87790343,3.87790343,3.87790343,3.87790343,3.87790343,3.87790343,3.87790343,3.87790343,3.87790343,3.87790343,3.87790343,3.87790343,3.87790343,3.87790343,3.87790343,3.87790343,3.87790343,3.87790343,3.87790343,3.87790343,3.77972866,3.77972866,3.77972866,3.77972866,3.77972866,3.77972866,3.77972866,3.77972866,3.77972866,3.77972866,3.77972866,3.77972866,3.77972866,3.77972866,3.77972866,3.77972866,3.77972866,3.77972866,3.77972866,3.77972866,3.77972866,3.77972866,3.77972866,3.87790343,3.87790343,3.77972866,3.77972866,3.87790343,3.87790343,3.87790343,3.87790343,3.87790343,3.87790343,3.87790343,3.87790343,3.87790343,3.87790343,3.87790343,3.87790343,3.87790343,3.87790343,3.87790343,3.87790343,3.87790343,3.77972866,3.77972866,3.77972866,3.87790343,3.77972866,3.77972866,3.77972866,3.87790343,3.87790343,3.87790343,3.9760782,3.9760782,3.9760782,4.07425297,4.07425297,4.17242774,4.27060251,4.36877728,4.36877728,4.46695205,4.56512682,4.56512682,4.6633016,4.6633016,4.76147637,4.76147637,4.85965114,4.85965114,4.95782591,4.95782591,4.95782591,4.95782591,5.05600068,4.95782591,5.05600068,5.05600068,5.05600068,5.05600068,5.05600068,5.05600068,5.05600068
297.731178045,C01,AP01,client_to_ap,VHT,2,2,2,80,SU,1,4,122,6637c97e16e6ce8a,6,-68.0,1.03083509,1.03083509,1.03083509,1.03083509,1.03083509,1.03083509,1.03083509,1.03083509,1.03083509,1.03083509,1.03083509,1.03083509,1.03083509,1.03083509,1.03083509,1.03083509,1.03083509,1.12900986,1.12900986,1.12900986,1.12900986,1.12900986,1.12900986,1.12900986,1.12900986,1.12900986,1.12900986,1.12900986,1.12900986,1.12900986,1.12900986,1.12900986,1.12900986,1.12900986,1.12900986,1.12900986,1.12900986,1.12900986,1.12900986,1.12900986,1.12900986,1.03083509,1.03083509,1.03083509,1.03083509,1.03083509,1.03083509,1.03083509,1.03083509,1.03083509,1.03083509,1.03083509,1.03083509,1.03083509,1.03083509,1.03083509,1.03083509,1.03083509,1.03083509,1.03083509,1.03083509,1.03083509,1.03083509,1.03083509,1.03083509,1.03083509,1.03083509,1.03083509,1.03083509,1.03083509,1.03083509,1.03083509,1.03083509,1.03083509,1.03083509,1.03083509,1.03083509,0.932660319,1.03083509,0.932660319,0.932660319,0.932660319,0.932660319,0.932660319,0.932660319,0.834485549,0.834485549,0.834485549,0.834485549,0.834485549,0.736310778,0.736310778,0.736310778,0.736310778,0.736310778,0.638136008,0.638136008,0.638136008,0.638136008,0.638136008,0.638136008,0.638136008,0.638136008,0.638136008,0.638136008,0.638136008,0.638136008,0.736310778,0.736310778,0.736310778,0.736310778,0.736310778,0.736310778,0.736310778,0.834485549,0.834485549,0.834485549,0.834485549,0.932660319,0.932660319,0.932660319,0.932660319,3.77972866,3.77972866,3.77972866,3.87790343,3.87790343,3.87790343,3.87790343,3.87790343,3.87790343,3.87790343,3.9760782,3.9760782,3.9760782,3.9760782,3.9760782,3.87790343,3.9760782,3.87790343,3.9760782,3.9760782,3.9760782,3.9760782,3.9760782,3.9760782,3.9760782,3.9760782,3.9760782,3.9760782,3.9760782,3.9760782,3.9760782,3.9760782,3.9760782,3.9760782,3.9760782,3.9760782,3.9760782,3.9760782,3.87790343,3.87790343,3.87790343,3.87790343,3.77972866,3.87790343,3.77972866,3.87790343,3.77972866,3.77972866,3.77972866,3.77972866,3.77972866,3.77972866,3.77972866,3.77972866,3.77972866,3.77972866,3.77972866,3.77972866,3.87790343,3.87790343,3.87790343,3.77972866,3.87790343,3.87790343,3.87790343,3.87790343,3.87790343,3.87790343,3.87790343,3.87790343,3.87790343,3.87790343,3.87790343,3.87790343,3.87790343,3.87790343,3.87790343,3.87790343,3.87790343,3.87790343,3.87790343,3.87790343,3.87790343,3.87790343,3.87790343,3.87790343,3.87790343,3.87790343,3.87790343,3.87790343,3.9760782,3.9760782,3.9760782,4.07425297,4.07425297,4.07425297,4.17242774,4.27060251,4.27060251,4.36877728,4.46695205,4.56512682,4.56512682,4.6633016,4.76147637,4.76147637,4.76147637,4.76147637,4.85965114,4.95782591,4.95782591,4.95782591,4.95782591,5.05600068,5.05600068,5.05600068,5.05600068,5.05600068,5.05600068,5.05600068,5.05600068,5.15417545
299.063579082,C01,AP01,client_to_ap,VHT,2,2,2,80,SU,1,4,122,6637c97e16e6ce8a,6,-68.0,1.03083509,1.03083509,1.03083509,1.03083509,1.03083509,1.03083509,1.03083509,1.03083509,1.03083509,1.03083509,1.03083509,1.03083509,1.12900986,1.03083509,1.03083509,1.12900986,1.12900986,1.12900986,1.12900986,1.12900986,1.12900986,1.12900986,1.12900986,1.12900986,1.12900986,1.12900986,1.12900986,1.12900986,1.12900986,1.12900986,1.12900986,1.12900986,1.12900986,1.12900986,1.12900986,1.12900986,1.12900986,1.12900986,1.12900986,1.12900986,1.03083509,1.03083509,1.03083509,1.03083509,1.03083509,1.03083509,1.03083509,1.03083509,1.03083509,1.03083509,1.03083509,1.03083509,1.03083509,1.03083509,1.03083509,1.03083509,1.03083509,1.03083509,1.03083509,1.03083509,1.03083509,1.03083509,1.03083509,1.03083509,1.03083509,1.03083509,1.03083509,1.03083509,1.03083509,1.03083509,1.03083509,1.03083509,1.03083509,1.03083509,1.03083509,1.03083509,1.03083509,1.03083509,1.03083509,1.03083509,0.932660319,0.932660319,0.932660319,0.932660319,0.932660319,0.932660319,0.932660319,0.932660319,0.834485549,0.834485549,0.834485549,0.736310778,0.736310778,0.736310778,0.736310778,0.736310778,0.736310778,0.638136008,0.736310778,0.638136008,0.638136008,0.638136008,0.638136008,0.736310778,0.736310778,0.736310778,0.736310778,0.736310778,0.736310778,0.736310778,0.736310778,0.736310778,0.834485549,0.834485549,0.834485549,0.834485549,0.834485549,0.932660319,0.932660319,0.932660319,0.932660319,1.03083509,3.68155389,3.77972866,3.77972866,3.87790343,3.87790343,3.77972866,3.77972866,3.87790343,3.87790343,3.87790343,3.87790343,3.87790343,3.87790343,3.9760782,3.87790343,3.87790343,3.87790343,3.87790343,3.87790343,3.87790343,3.9760782,3.9760782,3.9760782,3.9760782,3.9760782,3.9760782,3.9760782,3.87790343,3.9760782,3.87790343,3.87790343,3.9760782,3.87790343,3.87790343,3.87790343,3.87790343,3.87790343,3.87790343,3.87790343,3.87790343,3.87790343,3.87790343,3.77972866,3.77972866,3.77972866,3.77972866,3.77972866,3.77972866,3.77972866,3.77972866,3.77972866,3.77972866,3.77972866,3.77972866,3.77972866,3.77972866,3.77972866,3.77972866,3.77972866,3.77972866,3.87790343,3.77972866,3.87790343,3.87790343,3.87790343,3.87790343,3.87790343,3.87790343,3.87790343,3.87790343,3.87790343,3.87790343,3.87790343,3.87790343,3.87790343,3.87790343,3.87790343,3.87790343,3.87790343,3.87790343,3.87790343,3.87790343,3.87790343,3.87790343,3.77972866,3.87790343,3.77972866,3.87790343,3.87790343,3.87790343,3.87790343,3.87790343,3.9760782,3.9760782,4.07425297,4.07425297,4.17242774,4.17242774,4.27060251,4.36877728,4.46695205,4.46695205,4.56512682,4.6633016,4.6633016,4.76147637,4.76147637,4.85965114,4.85965114,4.85965114,4.85965114,4.95782591,4.95782591,4.95782591,4.95782591,4.95782591,5.05600068,5.05600068,5.05600068,5.05600068,5.05600068,5.05600068
300.395304918,C01,AP01,client_to_ap,VHT,2,2,2,80,SU,1,4,122,6637c97e16e6ce8a,6,-68.0,1.03083509,1.03083509,1.03083509,1.03083509,1.03083509,1.03083509,1.03083509,1.03083509,1.03083509,1.03083509,1.12900986,1.03083509,1.03083509,1.03083509,1.03083509,1.12900986,1.12900986,1.12900986,1.03083509,1.12900986,1.12900986,1.12900986,1.12900986,1.12900986,1.12900986,1.12900986,1.12900986,1.12900986,1.12900986,1.12900986,1.12900986,1.12900986,1.12900986,1.12900986,1.12900986,1.12900986,1.12900986,1.12900986,1.12900986,1.12900986,1.12900986,1.12900986,1.12900986,1.12900986,1.03083509,1.12900986,1.03083509,1.03083509,1.03083509,1.03083509,1.12900986,1.03083509,1.03083509,1.03083509,1.03083509,1.03083509,1.03083509,1.03083509,1.03083509,1.03083509,1.03083509,1.03083509,1.03083509,1.03083509,0.932660319,0.932660319,0.932660319,0.932660319,0.932660319,0.932660319,0.932660319,0.932660319,0.932660319,0.932660319,0.932660319,0.932660319,0.932660319,0.932660319,0.932660319,0.834485549,0.834485549,0.834485549,0.834485549,0.834485549,0.834485549,0.834485549,0.834485549,0.736310778,0.736310778,0.736310778,0.736310778,0.736310778,0.736310778,0.736310778,0.736310778,0.638136008,0.736310778,0.736310778,0.736310778,0.736310778,0.736310778,0.736310778,0.736310778,0.736310778,0.736310778,0.834485549,0.834485549,0.834485549,0.834485549,0.834485549,0.932660319,0.834485549,0.932660319,0.932660319,0.932660319,0.932660319,0.932660319,0.932660319,1.03083509,1.03083509,1.03083509,1.03083509,3.87790343,3.9760782,3.9760782,3.9760782,4.07425297,4.07425297,4.07425297,4.07425297,4.17242774,4.17242774,4.07425297,4.17242774,4.27060251,4.17242774,4.17242774,4.17242774,4.27060251,4.17242774,4.27060251,4.27060251,4.27060251,4.27060251,4.27060251,4.27060251,4.27060251,4.27060251,4.36877728,4.27060251,4.36877728,4.27060251,4.36877728,4.36877728,4.36877728,4.36877728,4.36877728,4.36877728,4.36877728,4.36877728,4.36877728,4.36877728,4.36877728,4.36877728,4.36877728,4.36877728,4.36877728,4.36877728,4.36877728,4.36877728,4.27060251,4.27060251,4.27060251,4.17242774,4.17242774,4.17242774,4.17242774,4.17242774,4.07425297,4.07425297,4.07425297,4.07425297,4.07425297,4.07425297,4.07425297,4.07425297,4.07425297,4.17242774,4.17242774,4.17242774,4.17242774,4.17242774,4.27060251,4.17242774,4.27060251,4.27060251,4.27060251,4.27060251,4.27060251,4.27060251,4.27060251,4.27060251,4.27060251,4.27060251,4.27060251,4.36877728,4.36877728,4.36877728,4.27060251,4.36877728,4.36877728,4.36877728,4.36877728,4.46695205,4.46695205,4.46695205,4.56512682,4.6633016,4.76147637,4.76147637,4.95782591,4.95782591,4.95782591,5.05600068,5.15417545,5.15417545,5.15417545,5.15417545,5.25235022,5.25235022,5.35052499,5.25235022,5.25235022,5.35052499,5.35052499,5.44869976,5.35052499,5.44869976,5.35052499,5.44869976,5.35052499,5.44869976,5.35052499,5.44869976
301.726078987,C01,AP01,client_to_ap,VHT,2,2,2,80,SU,1,4,122,6637c97e16e6ce8a,6,-68.0,0.932660319,0.932660319,0.932660319,1.03083509,1.03083509,1.03083509,1.03083509,1.03083509,1.03083509,1.03083509,1.03083509,1.03083509,1.03083509,1.03083509,1.03083509,1.03083509,1.03083509,1.03083509,1.03083509,1.03083509,1.03083509,1.03083509,1.03083509,1.03083509,1.03083509,1.03083509,1.03083509,1.03083509,1.03083509,1.03083509,1.03083509,1.03083509,1.03083509,0.932660319,1.03083509,0.932660319,0.932660319,0.932660319,0.932660319,0.932660319,0.932660319,0.932660319,0.932660319,0.932660319,0.932660319,0.834485549,0.834485549,0.834485549,0.834485549,0.834485549,0.834485549,0.834485549,0.736310778,0.736310778,0.736310778,0.736310778,0.736310778,0.736310778,0.638136008,0.638136008,0.638136008,0.638136008,0.638136008,0.638136008,0.638136008,0.638136008,0.638136008,0.638136008,0.638136008,0.638136008,0.638136008,0.638136008,0.638136008,0.638136008,0.638136008,0.638136008,0.539961237,0.539961237,0.539961237,0.539961237,0.539961237,0.441786467,0.441786467,0.441786467,0.343611696,0.245436926,0.245436926,0.245436926,0.147262156,0.147262156,0.0490873852,0.0490873852,0.0490873852,0.0490873852,0.0490873852,0.147262156,0.147262156,0.245436926,0.245436926,0.245436926,0.343611696,0.441786467,0.441786467,0.441786467,0.539961237,0.539961237,0.539961237,0.638136008,0.638136008,0.638136008,0.638136008,0.638136008,0.736310778,0.736310778,0.736310778,0.736310778,0.736310778,0.736310778,0.736310778,0.736310778,0.736310778,0.736310778,3.87790343,3.9760782,3.9760782,3.9760782,3.9760782,3.9760782,3.9760782,4.07425297,4.07425297,4.07425297,3.9760782,3.9760782,4.07425297,4.07425297,4.07425297,3.9760782,4.07425297,4.07425297,3.9760782,4.07425297,3.9760782,4.07425297,3.9760782,3.9760782,3.9760782,3.9760782,3.9760782,3.9760782,3.9760782,3.9760782,3.9760782,3.9760782,3.9760782,3.9760782,3.9760782,3.9760782,4.07425297,4.07425297,3.9760782,4.07425297,4.07425297,4.07425297,3.9760782,4.07425297,4.07425297,4.07425297,4.07425297,3.9760782,4.07425297,3.9760782,3.9760782,3.9760782,3.9760782,3.87790343,3.9760782,3.9760782,3.87790343,3.87790343,3.87790343,3.87790343,3.87790343,3.87790343,3.87790343,3.87790343,3.87790343,3.87790343,3.9760782,3.87790343,3.9760782,3.9760782,3.9760782,3.9760782,3.9760782,3.9760782,3.9760782,3.9760782,3.87790343,3.87790343,3.87790343,3.87790343,3.77972866,3.77972866,3.77972866,3.77972866,3.68155389,3.68155389,3.68155389,3.48520435,3.48520435,3.19068004,4.17242774,4.56512682,1.61988371,0.539961237,0.441786467,0.245436926,0.245436926,0.147262156,0.245436926,0.245436926,0.245436926,0.0490873852,0.147262156,6.23409792,0.0490873852,0.0490873852,0.0490873852,6.23409792,6.23409792,6.13592315,6.13592315,6.13592315,6.13592315,6.03774838,6.03774838,5.93957361,5.84139884,5.84139884,5.84139884,5.74322407,5.74322407,5.6450493
303.053797960,C01,AP01,client_to_ap,VHT,2,2,2,80,SU,1,4,122,6637c97e16e6ce8a,6,-68.0,1.22718463,1.12900986,1.22718463,1.12900986,1.12900986,1.12900986,1.12900986,1.12900986,1.12900986,1.12900986,1.12900986,1.12900986,1.12900986,1.12900986,1.12900986,1.12900986,1.12900986,1.12900986,1.12900986,1.12900986,1.12900986,1.12900986,1.12900986,1.12900986,1.12900986,1.12900986,1.12900986,1.12900986,1.12900986,1.12900986,1.12900986,1.12900986,1.12900986,1.12900986,1.12900986,1.12900986,1.12900986,1.12900986,1.12900986,1.12900986,1.12900986,1.12900986,1.12900986,1.12900986,1.12900986,1.12900986,1.12900986,1.12900986,1.12900986,1.12900986,1.12900986,1.12900986,1.12900986,1.12900986,1.12900986,1.12900986,1.12900986,1.12900986,1.12900986,1.12900986,1.12900986,1.12900986,1.12900986,1.12900986,1.12900986,1.12900986,1.12900986,1.12900986,1.12900986,1.12900986,1.12900986,1.12900986,1.12900986,1.12900986,1.12900986,1.12900986,1.12900986,1.03083509,1.12900986,1.03083509,1.03083509,1.03083509,1.03083509,1.03083509,0.932660319,0.932660319,0.932660319,0.834485549,0.736310778,0.736310778,0.736310778,0.736310778,0.638136008,0.638136008,0.638136008,0.638136008,0.539961237,0.539961237,0.539961237,0.539961237,0.539961237,0.638136008,0.638136008,0.638136008,0.638136008,0.638136008,0.638136008,0.638136008,0.638136008,0.736310778,0.736310778,0.736310778,0.736310778,0.736310778,0.736310778,0.736310778,0.736310778,0.834485549,0.834485549,0.834485549,0.834485549,0.834485549,4.17242774,4.17242774,4.17242774,4.27060251,4.27060251,4.27060251,4.27060251,4.27060251,4.36877728,4.36877728,4.36877728,4.27060251,4.27060251,4.27060251,4.27060251,4.27060251,4.27060251,4.27060251,4.27060251,4.27060251,4.27060251,4.27060251,4.27060251,4.27060251,4.27060251,4.27060251,4.17242774,4.27060251,4.27060251,4.17242774,4.17242774,4.27060251,4.27060251,4.27060251,4.27060251,4.27060251,4.27060251,4.27060251,4.27060251,4.27060251,4.17242774,4.17242774,4.17242774,4.17242774,4.17242774,4.07425297,4.07425297,4.07425297,4.07425297,4.07425297,3.9760782,3.9760782,3.9760782,3.9760782,3.9760782,3.9760782,3.87790343,3.87790343,3.87790343,3.87790343,3.87790343,3.77972866,3.87790343,3.87790343,3.77972866,3.77972866,3.77972866,3.87790343,3.87790343,3.87790343,3.87790343,3.77972866,3.77972866,3.77972866,3.77972866,3.77972866,3.77972866,3.68155389,3.68155389,3.68155389,3.68155389,3.68155389,3.58337912,3.58337912,3.58337912,3.48520435,3.48520435,3.48520435,3.48520435,3.48520435,3.58337912,3.58337912,3.48520435,3.58337912,3.58337912,3.77972866,3.77972866,3.87790343,3.9760782,4.17242774,4.17242774,4.27060251,4.36877728,4.46695205,4.56512682,4.56512682,4.56512682,4.6633016,4.6633016,4.76147637,4.76147637,4.76147637,4.85965114,4.76147637,4.85965114,4.85965114,4.85965114,4.85965114,4.85965114,4.85965114,4.85965114,4.85965114
304.385336876,C01,AP01,client_to_ap,VHT,2,2,2,80,SU,1,4,122,6637c97e16e6ce8a,6,-68.0,1.03083509,1.03083509,1.03083509,1.03083509,1.03083509,1.12900986,1.12900986,1.12900986,1.12900986,1.12900986,1.12900986,1.12900986,1.12900986,1.12900986,1.12900986,1.12900986,1.12900986,1.12900986,1.12900986,1.12900986,1.12900986,1.12900986,1.12900986,1.12900986,1.12900986,1.12900986,1.12900986,1.12900986,1.12900986,1.12900986,1.12900986,1.12900986,1.12900986,1.12900986,1.12900986,1.12900986,1.12900986,1.12900986,1.12900986,1.12900986,1.12900986,1.12900986,1.12900986,1.12900986,1.12900986,1.12900986,1.12900986,1.12900986,1.12900986,1.12900986,1.12900986,1.12900986,1.12900986,1.12900986,1.12900986,1.03083509,1.12900986,1.03083509,1.03083509,1.03083509,1.03083509,1.03083509,1.03083509,1.03083509,1.03083509,1.03083509,1.03083509,1.03083509,1.03083509,1.03083509,1.03083509,1.03083509,1.03083509,1.03083509,1.03083509,1.03083509,1.03083509,1.03083509,1.03083509,1.03083509,1.03083509,1.03083509,1.03083509,1.03083509,1.03083509,1.03083509,1.03083509,1.03083509,0.932660319,0.932660319,0.932660319,0.932660319,0.932660319,0.932660319,0.932660319,0.834485549,0.932660319,0.834485549,0.932660319,0.834485549,0.834485549,0.834485549,0.834485549,0.932660319,0.834485549,0.834485549,0.932660319,0.932660319,0.932660319,0.932660319,0.932660319,0.932660319,0.932660319,0.932660319,1.03083509,1.03083509,1.03083509,1.03083509,1.03083509,1.03083509,1.03083509,1.03083509,4.07425297,4.07425297,4.07425297,4.17242774,4.17242774,4.17242774,4.17242774,4.17242774,4.17242774,4.17242774,4.17242774,4.17242774,4.17242774,4.17242774,4.17242774,4.17242774,4.17242774,4.17242774,4.17242774,4.17242774,4.17242774,4.07425297,4.07425297,4.17242774,4.07425297,4.07425297,4.07425297,4.07425297,4.07425297,4.07425297,4.07425297,4.07425297,4.07425297,4.07425297,4.07425297,4.07425297,4.07425297,4.07425297,4.07425297,4.07425297,3.9760782,4.07425297,4.07425297,4.07425297,4.07425297,3.9760782,3.9760782,4.07425297,4.07425297,3.9760782,3.9760782,3.9760782,3.9760782,3.9760782,3.9760782,3.9760782,3.9760782,3.9760782,3.9760782,3.9760782,4.07425297,3.9760782,4.07425297,4.07425297,4.07425297,3.9760782,4.07425297,4.07425297,4.07425297,4.07425297,4.07425297,4.07425297,4.07425297,4.17242774,4.17242774,4.17242774,4.07425297,4.07425297,4.17242774,4.17242774,4.07425297,4.07425297,4.07425297,4.07425297,4.07425297,4.17242774,4.07425297,4.17242774,4.17242774,4.17242774,4.17242774,4.17242774,4.17242774,4.27060251,4.27060251,4.27060251,4.36877728,4.36877728,4.46695205,4.36877728,4.56512682,4.46695205,4.56512682,4.6633016,4.6633016,4.6633016,4.6633016,4.76147637,4.76147637,4.85965114,4.85965114,4.76147637,4.85965114,4.85965114,4.85965114,4.85965114,4.85965114,4.85965114,4.95782591,4.95782591,4.95782591,4.95782591
305.721168041,C01,AP01,client_to_ap,VHT,2,2,2,80,SU,1,4,122,6637c97e16e6ce8a,6,-68.0,0.932660319,1.03083509,1.03083509,1.03083509,1.03083509,1.03083509,1.03083509,1.03083509,1.03083509,1.03083509,1.03083509,1.03083509,1.03083509,1.03083509,1.03083509,1.03083509,1.03083509,1.03083509,1.03083509,1.03083509,1.03083509,1.03083509,1.03083509,1.03083509,1.03083509,1.03083509,1.03083509,1.03083509,1.03083509,1.03083509,1.03083509,1.03083509,1.03083509,1.03083509,1.03083509,1.03083509,1.03083509,1.03083509,1.03083509,1.03083509,1.03083509,1.03083509,1.03083509,1.03083509,1.03083509,1.03083509,1.03083509,1.03083509,1.03083509,1.03083509,1.03083509,1.03083509,1.03083509,1.03083509,1.03083509,1.03083509,1.03083509,1.03083509,1.03083509,1.03083509,1.03083509,1.03083509,1.03083509,1.03083509,1.03083509,1.03083509,1.03083509,1.03083509,1.03083509,1.03083509,1.03083509,1.03083509,1.03083509,1.03083509,1.03083509,1.03083509,1.03083509,1.03083509,1.03083509,1.03083509,1.03083509,1.03083509,1.03083509,1.03083509,1.03083509,0.932660319,0.932660319,0.932660319,0.932660319,0.932660319,0.932660319,0.932660319,0.932660319,0.932660319,0.834485549,0.932660319,0.834485549,0.834485549,0.834485549,0.932660319,0.932660319,0.932660319,0.932660319,0.932660319,0.932660319,0.932660319,0.932660319,0.932660319,0.932660319,0.932660319,1.03083509,0.932660319,1.03083509,1.03083509,1.03083509,1.03083509,1.03083509,1.03083509,1.03083509,1.03083509,1.03083509,1.03083509,3.87790343,3.87790343,3.9760782,3.9760782,3.9760782,3.9760782,3.9760782,4.07425297,4.07425297,4.07425297,4.07425297,4.07425297,4.07425297,4.07425297,4.07425297,4.07425297,4.07425297,4.07425297,4.07425297,4.07425297,4.07425297,4.07425297,4.07425297,4.07425297,4.07425297,4.07425297,4.07425297,4.07425297,4.07425297,3.9760782,4.07425297,3.9760782,4.07425297,4.07425297,4.07425297,3.9760782,4.07425297,4.07425297,4.07425297,4.07425297,4.07425297,4.07425297,4.07425297,4.07425297,4.07425297,4.07425297,4.07425297,4.07425297,4.07425297,4.07425297,4.07425297,4.07425297,4.07425297,4.07425297,4.07425297,4.07425297,4.07425297,4.07425297,4.07425297,4.17242774,4.17242774,4.07425297,4.07425297,4.17242774,4.17242774,4.07425297,4.17242774,4.17242774,4.17242774,4.17242774,4.17242774,4.17242774,4.17242774,4.17242774,4.17242774,4.27060251,4.17242774,4.17242774,4.17242774,4.27060251,4.17242774,4.17242774,4.17242774,4.17242774,4.17242774,4.17242774,4.17242774,4.17242774,4.17242774,4.17242774,4.27060251,4.27060251,4.27060251,4.17242774,4.27060251,4.27060251,4.36877728,4.36877728,4.46695205,4.46695205,4.56512682,4.56512682,4.6633016,4.6633016,4.6633016,4.76147637,4.76147637,4.76147637,4.76147637,4.76147637,4.76147637,4.85965114,4.85965114,4.85965114,4.85965114,4.85965114,4.85965114,4.85965114,4.85965114,4.85965114,4.85965114,4.76147637
307.053313971,C01,AP01,client_to_ap,VHT,2,2,2,80,SU,1,4,122,6637c97e16e6ce8a,6,-68.0,1.03083509,1.12900986,1.12900986,1.12900986,1.12900986,1.12900986,1.12900986,1.12900986,1.12900986,1.12900986,1.12900986,1.12900986,1.12900986,1.12900986,1.12900986,1.12900986,1.12900986,1.12900986,1.12900986,1.12900986,1.12900986,1.12900986,1.12900986,1.12900986,1.12900986,1.12900986,1.12900986,1.12900986,1.12900986,1.12900986,1.12900986,1.12900986,1.12900986,1.12900986,1.12900986,1.12900986,1.12900986,1.03083509,1.12900986,1.03083509,1.03083509,1.03083509,1.03083509,1.03083509,1.03083509,1.03083509,1.03083509,1.03083509,1.03083509,1.03083509,1.03083509,1.03083509,1.03083509,1.03083509,1.03083509,1.03083509,1.03083509,1.03083509,1.03083509,1.03083509,1.03083509,1.03083509,1.03083509,1.03083509,1.03083509,1.03083509,1.03083509,1.03083509,1.03083509,1.03083509,1.03083509,1.03083509,1.03083509,1.03083509,1.03083509,1.03083509,1.03083509,1.03083509,1.03083509,1.03083509,1.03083509,1.03083509,1.03083509,0.932660319,1.03083509,0.932660319,0.932660319,0.932660319,0.932660319,0.932660319,0.932660319,0.932660319,0.932660319,0.932660319,0.834485549,0.834485549,0.834485549,0.834485549,0.834485549,0.834485549,0.834485549,0.834485549,0.834485549,0.834485549,0.834485549,0.834485549,0.834485549,0.834485549,0.932660319,0.834485549,0.932660319,0.932660319,0.932660319,0.932660319,0.932660319,0.932660319,0.932660319,0.932660319,0.932660319,0.932660319,1.03083509,1.03083509,3.9760782,3.9760782,3.9760782,3.9760782,4.07425297,4.07425297,4.07425297,4.07425297,4.07425297,4.07425297,4.07425297,4.07425297,3.9760782,4.07425297,4.07425297,4.07425297,4.07425297,3.9760782,3.9760782,3.9760782,3.9760782,3.9760782,3.9760782,3.9760782,3.9760782,3.9760782,3.9760782,3.9760782,3.9760782,3.87790343,3.9760782,3.9760782,3.9760782,3.9760782,3.9760782,3.9760782,3.9760782,3.9760782,3.9760782,3.9760782,3.9760782,3.9760782,3.9760782,3.9760782,3.9760782,3.9760782,3.9760782,3.9760782,3.9760782,3.9760782,3.9760782,3.9760782,3.9760782,3.9760782,3.9760782,4.07425297,3.9760782,4.07425297,4.07425297,4.07425297,4.07425297,4.07425297,4.07425297,4.07425297,4.07425297,4.17242774,4.17242774,4.17242774,4.17242774,4.17242774,4.17242774,4.17242774,4.17242774,4.27060251,4.27060251,4.27060251,4.27060251,4.27060251,4.27060251,4.27060251,4.27060251,4.27060251,4.27060251,4.27060251,4.27060251,4.27060251,4.27060251,4.27060251,4.27060251,4.27060251,4.27060251,4.27060251,4.27060251,4.17242774,4.27060251,4.27060251,4.36877728,4.36877728,4.36877728,4.46695205,4.56512682,4.56512682,4.6633016,4.6633016,4.6633016,4.6633016,4.76147637,4.76147637,4.76147637,4.85965114,4.85965114,4.85965114,4.76147637,4.95782591,4.85965114,4.85965114,4.85965114,4.95782591,4.95782591,4.95782591,4.95782591,4.95782591
308.385259867,C01,AP01,client_to_ap,VHT,2,2,2,80,SU,1,4,122,6637c97e16e6ce8a,6,-68.0,1.03083509,1.03083509,1.03083509,1.12900986,1.12900986,1.12900986,1.12900986,1.12900986,1.12900986,1.12900986,1.12900986,1.12900986,1.12900986,1.12900986,1.12900986,1.12900986,1.12900986,1.12900986,1.12900986,1.12900986,1.12900986,1.12900986,1.12900986,1.12900986,1.12900986,1.12900986,1.12900986,1.03083509,1.03083509,1.03083509,1.03083509,1.03083509,1.03083509,1.03083509,1.03083509,1.03083509,1.03083509,1.03083509,1.03083509,1.03083509,1.03083509,1.03083509,1.03083509,1.03083509,1.03083509,1.03083509,1.03083509,1.03083509,1.03083509,1.03083509,1.03083509,1.03083509,1.03083509,1.03083509,1.03083509,1.03083509,1.03083509,1.03083509,1.03083509,1.03083509,1.03083509,1.03083509,1.03083509,0.932660319,0.932660319,0.932660319,0.932660319,0.932660319,0.932660319,0.932660319,0.932660319,0.932660319,0.932660319,0.932660319,0.932660319,0.932660319,0.932660319,0.932660319,0.932660319,0.932660319,0.932660319,0.834485549,0.834485549,0.834485549,0.834485549,0.834485549,0.834485549,0.834485549,0.834485549,0.834485549,0.834485549,0.736310778,0.736310778,0.736310778,0.736310778,0.736310778,0.736310778,0.736310778,0.736310778,0.736310778,0.736310778,0.834485549,0.834485549,0.834485549,0.834485549,0.834485549,0.834485549,0.834485549,0.932660319,0.834485549,0.932660319,0.932660319,0.932660319,0.932660319,0.932660319,0.932660319,0.932660319,0.932660319,1.03083509,0.932660319,1.03083509,1.03083509,3.9760782,3.9760782,3.9760782,4.07425297,4.07425297,4.07425297,4.07425297,4.07425297,4.07425297,3.9760782,3.9760782,4.07425297,3.9760782,3.9760782,3.9760782,3.9760782,3.9760782,3.9760782,3.9760782,3.9760782,3.9760782,3.87790343,3.9760782,3.87790343,3.87790343,3.9760782,3.87790343,3.9760782,3.87790343,3.87790343,3.87790343,3.87790343,3.87790343,3.87790343,3.87790343,3.9760782,3.9760782,3.9760782,3.9760782,3.9760782,3.9760782,3.9760782,3.87790343,3.9760782,3.9760782,3.87790343,3.87790343,3.9760782,3.9760782,3.87790343,3.9760782,3.9760782,3.9760782,3.87790343,3.9760782,3.9760782,3.9760782,3.9760782,3.9760782,3.9760782,3.9760782,3.9760782,3.9760782,3.9760782,3.9760782,3.9760782,3.9760782,4.07425297,4.07425297,4.07425297,4.07425297,4.07425297,4.07425297,4.07425297,4.07425297,4.17242774,4.17242774,4.07425297,4.17242774,4.17242774,4.17242774,4.17242774,4.17242774,4.27060251,4.17242774,4.17242774,4.27060251,4.27060251,4.27060251,4.27060251,4.36877728,4.36877728,4.36877728,4.36877728,4.46695205,4.46695205,4.56512682,4.56512682,4.6633016,4.6633016,4.76147637,4.85965114,4.85965114,4.85965114,4.85965114,4.85965114,4.85965114,4.95782591,4.85965114,4.95782591,4.95782591,4.95782591,4.95782591,4.95782591,4.95782591,4.95782591,4.85965114,4.95782591,4.95782591,4.95782591,4.95782591,4.95782591
309.720875025,C01,AP01,client_to_ap,VHT,2,2,2,80,SU,1,4,122,6637c97e16e6ce8a,6,-68.0,1.03083509,1.03083509,1.12900986,1.12900986,1.12900986,1.12900986,1.12900986,1.12900986,1.12900986,1.12900986,1.12900986,1.12900986,1.12900986,1.12900986,1.12900986,1.12900986,1.12900986,1.12900986,1.12900986,1.12900986,1.12900986,1.12900986,1.03083509,1.12900986,1.12900986,1.03083509,1.03083509,1.12900986,1.03083509,1.03083509,1.03083509,1.03083509,1.03083509,1.03083509,1.03083509,1.03083509,1.03083509,1.03083509,1.03083509,1.03083509,1.03083509,1.03083509,1.03083509,1.03083509,1.03083509,1.03083509,1.03083509,1.03083509,1.03083509,1.03083509,1.03083509,1.03083509,1.03083509,1.03083509,1.03083509,1.03083509,1.03083509,1.03083509,1.03083509,1.03083509,1.03083509,1.03083509,1.03083509,1.03083509,0.932660319,1.03083509,0.932660319,0.932660319,0.932660319,0.932660319,0.932660319,0.932660319,0.932660319,0.932660319,0.932660319,0.932660319,0.932660319,0.932660319,0.932660319,0.932660319,0.932660319,0.834485549,0.932660319,0.834485549,0.834485549,0.834485549,0.834485549,0.834485549,0.834485549,0.736310778,0.736310778,0.736310778,0.736310778,0.736310778,0.736310778,0.736310778,0.736310778,0.736310778,0.736310778,0.736310778,0.736310778,0.736310778,0.736310778,0.834485549,0.834485549,0.834485549,0.834485549,0.834485549,0.834485549,0.834485549,0.834485549,0.834485549,0.932660319,0.932660319,0.932660319,0.932660319,0.932660319,0.932660319,0.932660319,0.932660319,0.932660319,1.03083509,3.9760782,4.07425297,3.9760782,4.07425297,4.07425297,4.07425297,4.07425297,4.07425297,4.07425297,4.07425297,3.9760782,4.07425297,3.9760782,4.07425297,3.9760782,3.9760782,3.9760782,3.9760782,3.9760782,3.9760782,3.9760782,3.9760782,3.9760782,3.9760782,3.87790343,3.87790343,3.9760782,3.9760782,3.9760782,3.87790343,3.9760782,3.9760782,3.9760782,3.9760782,3.9760782,3.9760782,3.9760782,3.9760782,3.9760782,3.9760782,3.9760782,3.9760782,3.9760782,3.9760782,3.9760782,3.9760782,3.9760782,3.9760782,3.9760782,3.9760782,3.9760782,3.87790343,3.9760782,3.87790343,3.9760782,3.9760782,3.9760782,3.9760782,3.9760782,3.9760782,3.9760782,3.9760782,3.9760782,3.9760782,3.9760782,3.9760782,3.9760782,4.07425297,4.07425297,4.07425297,4.07425297,4.07425297,4.07425297,4.07425297,4.07425297,4.07425297,4.07425297,4.07425297,4.07425297,4.17242774,4.07425297,4.17242774,4.17242774,4.17242774,4.17242774,4.17242774,4.17242774,4.17242774,4.27060251,4.17242774,4.27060251,4.27060251,4.27060251,4.36877728,4.36877728,4.46695205,4.46695205,4.56512682,4.56512682,4.6633016,4.6633016,4.6633016,4.76147637,4.85965114,4.76147637,4.85965114,4.85965114,4.85965114,4.85965114,4.85965114,4.85965114,4.85965114,4.95782591,4.95782591,4.95782591,4.95782591,4.95782591,4.95782591,4.95782591,4.95782591,4.95782591,4.95782591
311.053628922,C01,AP01,client_to_ap,VHT,2,2,2,80,SU,1,4,122,6637c97e16e6ce8a,6,-68.0,1.03083509,1.03083509,1.03083509,1.03083509,1.03083509,1.12900986,1.12900986,1.12900986,1.12900986,1.12900986,1.12900986,1.12900986,1.12900986,1.12900986,1.12900986,1.12900986,1.12900986,1.12900986,1.03083509,1.03083509,1.03083509,1.03083509,1.03083509,1.12900986,1.12900986,1.03083509,1.03083509,1.12900986,1.03083509,1.03083509,1.03083509,1.03083509,1.03083509,1.03083509,1.03083509,1.12900986,1.03083509,1.03083509,1.03083509,1.03083509,1.03083509,1.03083509,1.03083509,1.03083509,1.03083509,1.03083509,1.03083509,1.03083509,1.03083509,1.03083509,1.03083509,1.03083509,1.03083509,1.03083509,1.03083509,1.03083509,1.03083509,1.03083509,1.03083509,1.03083509,1.03083509,1.03083509,1.03083509,1.03083509,0.932660319,1.03083509,1.03083509,0.932660319,0.932660319,0.932660319,0.932660319,0.932660319,0.932660319,0.932660319,0.932660319,0.932660319,0.932660319,0.932660319,0.932660319,0.932660319,0.932660319,0.932660319,0.932660319,0.932660319,0.834485549,0.932660319,0.834485549,0.834485549,0.834485549,0.834485549,0.834485549,0.834485549,0.834485549,0.736310778,0.736310778,0.736310778,0.736310778,0.736310778,0.736310778,0.736310778,0.736310778,0.736310778,0.834485549,0.736310778,0.834485549,0.736310778,0.834485549,0.834485549,0.834485549,0.834485549,0.834485549,0.834485549,0.834485549,0.932660319,0.932660319,0.932660319,0.932660319,0.932660319,0.932660319,0.932660319,0.932660319,1.03083509,3.9760782,3.9760782,3.9760782,3.9760782,3.9760782,3.9760782,3.9760782,3.9760782,4.07425297,3.9760782,3.9760782,4.07425297,3.9760782,3.9760782,3.9760782,3.9760782,4.07425297,3.9760782,3.9760782,3.9760782,3.9760782,3.9760782,3.9760782,3.9760782,3.9760782,3.9760782,3.9760782,3.9760782,3.9760782,3.9760782,3.9760782,3.9760782,3.9760782,3.9760782,3.9760782,3.9760782,3.9760782,3.9760782,3.9760782,3.9760782,3.9760782,3.9760782,3.9760782,3.9760782,3.9760782,3.9760782,3.9760782,3.9760782,3.9760782,3.9760782,3.9760782,3.9760782,3.9760782,3.9760782,3.9760782,3.9760782,3.9760782,3.9760782,3.9760782,3.9760782,3.9760782,3.9760782,3.9760782,3.9760782,3.9760782,3.9760782,4.07425297,4.07425297,4.07425297,4.07425297,4.07425297,4.07425297,4.07425297,4.07425297,4.17242774,4.17242774,4.17242774,4.17242774,4.17242774,4.17242774,4.17242774,4.17242774,4.17242774,4.17242774,4.17242774,4.17242774,4.17242774,4.17242774,4.17242774,4.27060251,4.27060251,4.27060251,4.27060251,4.27060251,4.27060251,4.36877728,4.46695205,4.46695205,4.46695205,4.56512682,4.56512682,4.6633016,4.6633016,4.76147637,4.76147637,4.85965114,4.85965114,4.85965114,4.85965114,4.85965114,4.85965114,4.95782591,4.95782591,4.95782591,4.95782591,4.95782591,4.95782591,4.95782591,5.05600068,5.05600068,4.95782591,4.95782591
312.385623932,C01,AP01,client_to_ap,VHT,2,2,2,80,SU,1,4,122,6637c97e16e6ce8a,6,-68.0,1.03083509,1.03083509,1.03083509,1.12900986,1.03083509,1.03083509,1.03083509,1.12900986,1.12900986,1.12900986,1.12900986,1.12900986,1.12900986,1.03083509,1.03083509,1.12900986,1.12900986,1.03083509,1.03083509,1.03083509,1.12900986,1.03083509,1.12900986,1.03083509,1.12900986,1.03083509,1.12900986,1.12900986,1.12900986,1.03083509,1.03083509,1.03083509,1.03083509,1.03083509,1.03083509,1.12900986,1.03083509,1.03083509,1.03083509,1.03083509,1.03083509,1.03083509,1.03083509,1.03083509,1.03083509,1.03083509,1.03083509,1.03083509,1.03083509,1.03083509,1.03083509,1.03083509,1.03083509,1.03083509,1.03083509,1.03083509,1.03083509,1.03083509,1.03083509,1.03083509,1.03083509,1.03083509,1.03083509,1.03083509,0.932660319,0.932660319,1.03083509,0.932660319,0.932660319,0.932660319,0.932660319,0.932660319,0.932660319,0.932660319,0.932660319,0.932660319,0.932660319,0.932660319,0.932660319,0.932660319,0.932660319,0.932660319,0.932660319,0.932660319,0.932660319,0.932660319,0.932660319,0.834485549,0.834485549,0.834485549,0.834485549,0.834485549,0.834485549,0.834485549,0.834485549,0.736310778,0.736310778,0.736310778,0.736310778,0.736310778,0.736310778,0.736310778,0.736310778,0.736310778,0.736310778,0.834485549,0.834485549,0.834485549,0.834485549,0.834485549,0.834485549,0.834485549,0.932660319,0.932660319,0.932660319,0.932660319,0.932660319,0.932660319,0.932660319,0.932660319,1.03083509,1.03083509,3.9760782,3.9760782,3.9760782,3.9760782,4.07425297,4.07425297,3.9760782,3.9760782,4.07425297,3.9760782,3.9760782,4.07425297,4.07425297,4.07425297,4.07425297,4.07425297,3.9760782,3.9760782,4.07425297,3.9760782,3.9760782,4.07425297,4.07425297,3.9760782,3.9760782,3.9760782,3.9760782,3.9760782,3.9760782,3.9760782,3.9760782,3.9760782,3.9760782,4.07425297,3.9760782,3.9760782,3.9760782,3.9760782,3.9760782,3.9760782,3.9760782,3.9760782,3.9760782,3.9760782,3.9760782,3.9760782,3.9760782,3.9760782,3.9760782,3.9760782,3.9760782,3.9760782,3.9760782,3.9760782,3.9760782,3.9760782,3.9760782,3.9760782,3.9760782,3.9760782,3.9760782,3.9760782,3.9760782,3.9760782,4.07425297,4.07425297,4.07425297,4.07425297,4.07425297,4.07425297,4.07425297,4.07425297,4.17242774,4.17242774,4.17242774,4.17242774,4.17242774,4.17242774,4.17242774,4.17242774,4.17242774,4.17242774,4.17242774,4.17242774,4.17242774,4.17242774,4.17242774,4.17242774,4.27060251,4.17242774,4.17242774,4.27060251,4.27060251,4.27060251,4.27060251,4.36877728,4.36877728,4.46695205,4.46695205,4.56512682,4.6633016,4.6633016,4.6633016,4.76147637,4.76147637,4.85965114,4.85965114,4.85965114,4.85965114,4.95782591,4.95782591,4.95782591,4.95782591,4.95782591,4.95782591,4.95782591,4.95782591,5.05600068,5.05600068,5.05600068,5.05600068,5.05600068
313.721224070,C01,AP01,client_to_ap,VHT,2,2,2,80,SU,1,4,122,6637c97e16e6ce8a,6,-68.0,1.03083509,1.03083509,1.12900986,1.03083509,1.12900986,1.12900986,1.12900986,1.12900986,1.12900986,1.12900986,1.12900986,1.12900986,1.12900986,1.12900986,1.12900986,1.12900986,1.12900986,1.12900986,1.12900986,1.12900986,1.03083509,1.12900986,1.12900986,1.03083509,1.12900986,1.12900986,1.12900986,1.03083509,1.12900986,1.12900986,1.12900986,1.12900986,1.03083509,1.03083509,1.03083509,1.12900986,1.03083509,1.12900986,1.03083509,1.03083509,1.03083509,1.03083509,1.03083509,1.03083509,1.03083509,1.03083509,1.03083509,1.03083509,1.03083509,1.03083509,1.03083509,1.03083509,1.03083509,1.03083509,1.03083509,1.03083509,1.03083509,1.03083509,1.03083509,1.03083509,1.03083509,1.03083509,1.03083509,1.03083509,0.932660319,1.03083509,0.932660319,0.932660319,0.932660319,0.932660319,0.932660319,0.932660319,0.932660319,0.932660319,0.932660319,0.932660319,0.932660319,0.932660319,0.932660319,0.932660319,0.932660319,0.932660319,0.932660319,0.932660319,0.834485549,0.834485549,0.834485549,0.834485549,0.932660319,0.834485549,0.834485549,0.834485549,0.834485549,0.834485549,0.834485549,0.736310778,0.736310778,0.736310778,0.736310778,0.736310778,0.736310778,0.736310778,0.736310778,0.834485549,0.736310778,0.834485549,0.834485549,0.834485549,0.834485549,0.834485549,0.834485549,0.834485549,0.834485549,0.932660319,0.932660319,0.932660319,0.932660319,0.932660319,0.932660319,0.932660319,0.932660319,1.03083509,3.9760782,3.9760782,3.9760782,4.07425297,4.07425297,4.07425297,4.07425297,4.07425297,4.07425297,4.07425297,4.07425297,4.07425297,4.07425297,4.07425297,4.07425297,3.9760782,4.07425297,3.9760782,3.9760782,3.9760782,3.9760782,3.9760782,3.9760782,4.07425297,3.9760782,4.07425297,3.9760782,3.9760782,3.9760782,3.9760782,3.9760782,3.9760782,3.9760782,3.9760782,3.9760782,3.9760782,3.9760782,3.9760782,3.9760782,3.9760782,3.9760782,3.9760782,3.9760782,3.9760782,3.9760782,3.9760782,3.9760782,3.9760782,3.9760782,3.9760782,3.9760782,3.9760782,3.9760782,3.9760782,3.9760782,3.9760782,3.9760782,3.9760782,3.9760782,3.9760782,3.9760782,3.9760782,3.9760782,4.07425297,4.07425297,4.07425297,4.07425297,4.07425297,4.07425297,4.07425297,4.07425297,4.17242774,4.17242774,4.17242774,4.17242774,4.17242774,4.17242774,4.17242774,4.17242774,4.27060251,4.27060251,4.27060251,4.27060251,4.27060251,4.27060251,4.27060251,4.17242774,4.27060251,4.27060251,4.27060251,4.27060251,4.27060251,4.27060251,4.27060251,4.36877728,4.36877728,4.46695205,4.46695205,4.46695205,4.56512682,4.56512682,4.6633016,4.76147637,4.76147637,4.76147637,4.85965114,4.85965114,4.85965114,4.85965114,4.95782591,4.95782591,4.95782591,4.95782591,4.95782591,4.95782591,4.95782591,4.95782591,4.95782591,5.05600068,5.05600068,5.05600068,4.95782591
315.052999973,C01,AP01,client_to_ap,VHT,2,2,2,80,SU,1,4,122,6637c97e16e6ce8a,6,-68.0,1.12900986,1.03083509,1.03083509,1.12900986,1.12900986,1.12900986,1.12900986,1.12900986,1.12900986,1.12900986,1.12900986,1.12900986,1.12900986,1.12900986,1.12900986,1.12900986,1.12900986,1.12900986,1.12900986,1.12900986,1.12900986,1.12900986,1.12900986,1.12900986,1.12900986,1.12900986,1.12900986,1.12900986,1.12900986,1.12900986,1.12900986,1.12900986,1.12900986,1.12900986,1.12900986,1.12900986,1.12900986,1.12900986,1.03083509,1.12900986,1.03083509,1.03083509,1.03083509,1.03083509,1.03083509,1.03083509,1.03083509,1.03083509,1.03083509,1.03083509,1.03083509,1.03083509,1.03083509,1.03083509,1.03083509,1.03083509,1.03083509,1.03083509,1.03083509,1.03083509,1.03083509,1.03083509,1.03083509,1.03083509,1.03083509,1.03083509,1.03083509,1.03083509,0.932660319,1.03083509,1.03083509,0.932660319,0.932660319,0.932660319,0.932660319,0.932660319,0.932660319,0.932660319,0.932660319,0.932660319,0.932660319,0.932660319,0.932660319,0.932660319,0.932660319,0.932660319,0.932660319,0.932660319,0.834485549,0.834485549,0.834485549,0.834485549,0.834485549,0.834485549,0.834485549,0.834485549,0.736310778,0.736310778,0.834485549,0.736310778,0.736310778,0.834485549,0.834485549,0.834485549,0.834485549,0.834485549,0.834485549,0.834485549,0.834485549,0.834485549,0.834485549,0.834485549,0.932660319,0.932660319,0.932660319,0.932660319,0.932660319,0.932660319,1.03083509,1.03083509,0.932660319,1.03083509,3.9760782,3.9760782,3.9760782,3.9760782,3.9760782,4.07425297,3.9760782,3.9760782,4.07425297,4.07425297,3.9760782,4.07425297,3.9760782,4.07425297,3.9760782,3.9760782,4.07425297,3.9760782,3.9760782,3.9760782,3.9760782,3.9760782,3.9760782,3.9760782,3.9760782,3.9760782,3.9760782,3.9760782,3.9760782,3.9760782,3.9760782,3.9760782,3.9760782,3.9760782,3.9760782,3.9760782,3.9760782,3.9760782,3.9760782,3.9760782,3.9760782,3.9760782,3.9760782,3.9760782,3.9760782,3.9760782,3.9760782,3.9760782,3.9760782,3.9760782,3.9760782,3.9760782,3.9760782,3.9760782,3.9760782,3.9760782,3.9760782,3.9760782,3.9760782,3.9760782,3.9760782,3.9760782,3.9760782,4.07425297,4.07425297,3.9760782,4.07425297,4.07425297,4.07425297,4.07425297,4.07425297,4.17242774,4.17242774,4.17242774,4.17242774,4.17242774,4.17242774,4.17242774,4.17242774,4.17242774,4.17242774,4.17242774,4.17242774,4.17242774,4.27060251,4.27060251,4.17242774,4.27060251,4.17242774,4.17242774,4.27060251,4.27060251,4.27060251,4.27060251,4.36877728,4.36877728,4.46695205,4.46695205,4.46695205,4.56512682,4.56512682,4.6633016,4.6633016,4.76147637,4.76147637,4.85965114,4.85965114,4.85965114,4.85965114,4.95782591,4.95782591,4.95782591,4.95782591,4.95782591,4.95782591,4.95782591,4.95782591,4.95782591,5.05600068,5.05600068,5.05600068,5.05600068
316.384948015,C01,AP01,client_to_ap,VHT,2,2,2,80,SU,1,4,122,6637c97e16e6ce8a,6,-68.0,1.03083509,1.03083509,1.03083509,1.03083509,1.03083509,1.03083509,1.03083509,1.12900986,1.03083509,1.12900986,1.03083509,1.03083509,1.12900986,1.12900986,1.03083509,1.03083509,1.03083509,1.12900986,1.12900986,1.12900986,1.03083509,1.12900986,1.12900986,1.03083509,1.12900986,1.12900986,1.03083509,1.12900986,1.03083509,1.03083509,1.12900986,1.03083509,1.03083509,1.03083509,1.03083509,1.03083509,1.03083509,1.12900986,1.03083509,1.03083509,1.03083509,1.03083509,1.03083509,1.03083509,1.03083509,1.03083509,1.03083509,1.03083509,1.03083509,1.03083509,1.03083509,1.03083509,1.03083509,1.03083509,1.03083509,1.03083509,1.03083509,1.03083509,1.03083509,1.03083509,1.03083509,1.03083509,1.03083509,1.03083509,1.03083509,1.03083509,0.932660319,1.03083509,1.03083509,1.03083509,1.03083509,0.932660319,0.932660319,0.932660319,0.932660319,0.932660319,0.932660319,0.932660319,0.932660319,0.932660319,0.932660319,0.932660319,0.932660319,0.932660319,0.932660319,0.932660319,0.932660319,0.932660319,0.834485549,0.834485549,0.834485549,0.834485549,0.834485549,0.834485549,0.834485549,0.736310778,0.736310778,0.736310778,0.736310778,0.736310778,0.736310778,0.736310778,0.736310778,0.834485549,0.834485549,0.834485549,0.834485549,0.834485549,0.834485549,0.834485549,0.834485549,0.834485549,0.932660319,0.932660319,0.932660319,0.932660319,0.932660319,0.932660319,0.932660319,1.03083509,1.03083509,1.03083509,3.9760782,3.9760782,3.9760782,4.07425297,4.07425297,4.07425297,3.9760782,4.07425297,4.07425297,4.07425297,4.07425297,4.07425297,4.07425297,4.07425297,4.07425297,4.07425297,4.07425297,3.9760782,4.07425297,3.9760782,3.9760782,4.07425297,3.9760782,4.07425297,3.9760782,3.9760782,3.9760782,3.9760782,4.07425297,4.07425297,4.07425297,4.07425297,3.9760782,4.07425297,3.9760782,4.07425297,3.9760782,3.9760782,4.07425297,3.9760782,3.9760782,3.9760782,3.9760782,3.9760782,3.9760782,3.9760782,3.9760782,3.9760782,3.9760782,3.9760782,3.9760782,3.9760782,3.9760782,3.9760782,3.9760782,3.9760782,3.9760782,3.9760782,3.9760782,3.9760782,3.9760782,3.9760782,3.9760782,4.07425297,4.07425297,4.07425297,4.07425297,4.07425297,4.07425297,4.07425297,4.07425297,4.07425297,4.17242774,4.17242774,4.17242774,4.17242774,4.17242774,4.17242774,4.17242774,4.17242774,4.17242774,4.17242774,4.17242774,4.17242774,4.17242774,4.17242774,4.17242774,4.17242774,4.17242774,4.27060251,4.27060251,4.27060251,4.27060251,4.27060251,4.27060251,4.36877728,4.36877728,4.46695205,4.46695205,4.56512682,4.56512682,4.6633016,4.6633016,4.76147637,4.85965114,4.85965114,4.85965114,4.85965114,4.95782591,4.85965114,4.95782591,4.95782591,4.95782591,4.95782591,4.95782591,4.95782591,4.95782591,5.05600068,5.05600068,5.05600068,5.05600068,4.95782591
317.721061945,C01,AP01,client_to_ap,VHT,2,2,2,80,SU,1,4,122,6637c97e16e6ce8a,6,-68.0,1.03083509,1.03083509,1.03083509,1.12900986,1.12900986,1.03083509,1.12900986,1.12900986,1.12900986,1.12900986,1.03083509,1.12900986,1.12900986,1.12900986,1.03083509,1.03083509,1.12900986,1.03083509,1.12900986,1.12900986,1.03083509,1.03083509,1.03083509,1.12900986,1.12900986,1.12900986,1.12900986,1.12900986,1.03083509,1.12900986,1.03083509,1.12900986,1.03083509,1.03083509,1.12900986,1.12900986,1.03083509,1.03083509,1.12900986,1.12900986,1.03083509,1.03083509,1.03083509,1.03083509,1.03083509,1.03083509,1.03083509,1.03083509,1.03083509,1.03083509,1.03083509,1.03083509,1.03083509,1.03083509,1.03083509,1.03083509,1.03083509,1.03083509,1.03083509,1.03083509,1.03083509,1.03083509,1.03083509,1.03083509,1.03083509,1.03083509,1.03083509,1.03083509,1.03083509,0.932660319,1.03083509,0.932660319,0.932660319,0.932660319,0.932660319,0.932660319,0.932660319,0.932660319,0.932660319,0.932660319,0.932660319,0.932660319,0.932660319,0.932660319,0.932660319,0.932660319,0.932660319,0.932660319,0.834485549,0.834485549,0.834485549,0.834485549,0.834485549,0.736310778,0.834485549,0.834485549,0.736310778,0.834485549,0.736310778,0.736310778,0.736310778,0.736310778,0.834485549,0.834485549,0.834485549,0.834485549,0.834485549,0.834485549,0.834485549,0.834485549,0.932660319,0.932660319,0.834485549,0.932660319,0.932660319,0.932660319,0.932660319,0.932660319,0.932660319,0.932660319,1.03083509,1.03083509,3.9760782,3.9760782,3.9760782,4.07425297,4.07425297,4.07425297,4.07425297,4.07425297,4.07425297,4.07425297,4.07425297,4.07425297,4.07425297,4.07425297,4.07425297,4.07425297,4.07425297,4.07425297,4.07425297,4.07425297,4.07425297,4.07425297,4.07425297,3.9760782,4.07425297,4.07425297,4.07425297,3.9760782,4.07425297,3.9760782,3.9760782,3.9760782,4.07425297,4.07425297,3.9760782,4.07425297,3.9760782,3.9760782,3.9760782,3.9760782,3.9760782,3.9760782,3.9760782,3.9760782,3.9760782,3.9760782,3.9760782,3.9760782,3.9760782,3.9760782,3.9760782,3.9760782,3.9760782,3.9760782,3.9760782,3.9760782,3.9760782,3.9760782,3.9760782,3.9760782,3.9760782,3.9760782,3.9760782,4.07425297,4.07425297,4.07425297,4.07425297,4.07425297,4.07425297,4.07425297,4.07425297,4.17242774,4.17242774,4.17242774,4.17242774,4.17242774,4.17242774,4.17242774,4.17242774,4.17242774,4.17242774,4.17242774,4.17242774,4.17242774,4.17242774,4.17242774,4.17242774,4.17242774,4.17242774,4.27060251,4.27060251,4.27060251,4.27060251,4.27060251,4.36877728,4.36877728,4.36877728,4.36877728,4.46695205,4.56512682,4.56512682,4.6633016,4.76147637,4.76147637,4.76147637,4.85965114,4.85965114,4.85965114,4.85965114,4.85965114,4.95782591,4.95782591,4.95782591,4.95782591,4.95782591,4.95782591,4.95782591,5.05600068,5.05600068,5.05600068,5.05600068,5.05600068
319.053175926,C01,AP01,client_to_ap,VHT,2,2,2,80,SU,1,4,122,6637c97e16e6ce8a,6,-68.0,1.03083509,1.03083509,1.03083509,1.12900986,1.03083509,1.12900986,1.03083509,1.12900986,1.12900986,1.12900986,1.12900986,1.12900986,1.12900986,1.12900986,1.12900986,1.12900986,1.12900986,1.12900986,1.12900986,1.12900986,1.12900986,1.12900986,1.12900986,1.12900986,1.12900986,1.12900986,1.12900986,1.12900986,1.12900986,1.12900986,1.12900986,1.12900986,1.12900986,1.12900986,1.12900986,1.12900986,1.12900986,1.12900986,1.12900986,1.12900986,1.03083509,1.12900986,1.12900986,1.12900986,1.03083509,1.03083509,1.03083509,1.03083509,1.03083509,1.03083509,1.03083509,1.03083509,1.03083509,1.03083509,1.03083509,1.03083509,1.03083509,1.03083509,1.03083509,1.03083509,1.03083509,1.03083509,1.03083509,1.03083509,1.03083509,1.03083509,1.03083509,1.03083509,1.03083509,1.03083509,1.03083509,1.03083509,0.932660319,0.932660319,0.932660319,0.932660319,0.932660319,0.932660319,0.932660319,0.932660319,0.932660319,0.932660319,0.932660319,0.932660319,0.932660319,0.932660319,0.932660319,0.932660319,0.834485549,0.834485549,0.834485549,0.834485549,0.834485549,0.834485549,0.834485549,0.834485549,0.736310778,0.736310778,0.736310778,0.736310778,0.736310778,0.834485549,0.834485549,0.834485549,0.834485549,0.834485549,0.834485549,0.834485549,0.834485549,0.834485549,0.834485549,0.834485549,0.932660319,0.932660319,0.932660319,0.932660319,0.932660319,0.932660319,0.932660319,0.932660319,1.03083509,1.03083509,3.9760782,4.07425297,3.9760782,4.07425297,4.07425297,4.07425297,4.07425297,4.17242774,4.07425297,4.07425297,4.07425297,4.07425297,4.07425297,4.07425297,4.07425297,4.07425297,4.07425297,4.07425297,4.07425297,4.07425297,4.07425297,4.07425297,4.07425297,4.07425297,3.9760782,4.07425297,4.07425297,3.9760782,4.07425297,4.07425297,4.07425297,4.07425297,4.07425297,4.07425297,3.9760782,4.07425297,4.07425297,4.07425297,3.9760782,3.9760782,3.9760782,3.9760782,3.9760782,3.9760782,3.9760782,3.9760782,3.9760782,3.9760782,3.9760782,3.9760782,3.9760782,3.9760782,3.9760782,3.9760782,3.9760782,3.9760782,3.9760782,3.9760782,3.9760782,3.9760782,3.9760782,3.9760782,3.9760782,3.9760782,4.07425297,3.9760782,4.07425297,4.07425297,4.07425297,4.07425297,4.07425297,4.07425297,4.07425297,4.17242774,4.17242774,4.17242774,4.17242774,4.17242774,4.17242774,4.17242774,4.17242774,4.17242774,4.17242774,4.17242774,4.17242774,4.17242774,4.17242774,4.17242774,4.17242774,4.17242774,4.27060251,4.17242774,4.27060251,4.27060251,4.27060251,4.36877728,4.46695205,4.46695205,4.46695205,4.56512682,4.56512682,4.6633016,4.76147637,4.76147637,4.76147637,4.85965114,4.76147637,4.85965114,4.85965114,4.85965114,4.85965114,4.95782591,4.95782591,4.95782591,4.95782591,4.95782591,4.95782591,4.95782591,4.95782591,5.05600068,5.05600068,4.95782591
320.384921074,C01,AP01,client_to_ap,VHT,2,2,2,80,SU,1,4,122,6637c97e16e6ce8a,6,-68.0,1.12900986,1.12900986,1.12900986,1.12900986,1.12900986,1.12900986,1.12900986,1.12900986,1.12900986,1.12900986,1.12900986,1.12900986,1.12900986,1.12900986,1.12900986,1.12900986,1.12900986,1.12900986,1.12900986,1.12900986,1.12900986,1.12900986,1.12900986,1.12900986,1.12900986,1.12900986,1.12900986,1.12900986,1.12900986,1.12900986,1.12900986,1.12900986,1.12900986,1.12900986,1.12900986,1.12900986,1.12900986,1.12900986,1.12900986,1.12900986,1.12900986,1.12900986,1.12900986,1.12900986,1.12900986,1.12900986,1.03083509,1.12900986,1.12900986,1.03083509,1.03083509,1.03083509,1.03083509,1.03083509,1.03083509,1.03083509,1.03083509,1.03083509,1.03083509,1.03083509,1.03083509,1.03083509,1.03083509,1.03083509,1.03083509,1.03083509,1.03083509,1.03083509,1.03083509,1.03083509,1.03083509,1.03083509,1.03083509,1.03083509,1.03083509,1.03083509,0.932660319,0.932660319,0.932660319,0.932660319,0.932660319,0.932660319,0.932660319,0.932660319,0.932660319,0.932660319,0.932660319,0.834485549,0.834485549,0.834485549,0.834485549,0.834485549,0.834485549,0.834485549,0.834485549,0.834485549,0.736310778,0.834485549,0.834485549,0.834485549,0.736310778,0.834485549,0.834485549,0.834485549,0.834485549,0.834485549,0.834485549,0.834485549,0.834485549,0.834485549,0.932660319,0.932660319,0.932660319,0.932660319,0.932660319,0.932660319,0.932660319,0.932660319,1.03083509,0.932660319,1.03083509,1.03083509,4.07425297,4.07425297,4.07425297,4.07425297,4.07425297,4.07425297,4.07425297,4.07425297,4.17242774,4.07425297,4.07425297,4.07425297,4.07425297,4.07425297,4.07425297,4.07425297,4.07425297,4.07425297,4.07425297,4.07425297,4.07425297,4.07425297,4.07425297,4.07425297,4.07425297,4.07425297,4.07425297,4.07425297,4.07425297,4.07425297,4.07425297,4.07425297,4.07425297,4.07425297,4.07425297,4.07425297,4.07425297,4.07425297,4.07425297,4.07425297,4.07425297,3.9760782,3.9760782,4.07425297,3.9760782,3.9760782,3.9760782,3.9760782,3.9760782,3.9760782,3.9760782,3.9760782,3.9760782,3.9760782,3.9760782,3.9760782,3.9760782,3.9760782,3.9760782,3.9760782,3.9760782,3.9760782,3.9760782,4.07425297,4.07425297,3.9760782,3.9760782,4.07425297,4.07425297,4.07425297,4.07425297,4.07425297,4.07425297,4.07425297,4.17242774,4.17242774,4.07425297,4.17242774,4.17242774,4.17242774,4.17242774,4.17242774,4.17242774,4.17242774,4.17242774,4.17242774,4.17242774,4.17242774,4.17242774,4.27060251,4.27060251,4.27060251,4.27060251,4.27060251,4.27060251,4.36877728,4.46695205,4.46695205,4.46695205,4.56512682,4.56512682,4.6633016,4.6633016,4.76147637,4.76147637,4.76147637,4.85965114,4.85965114,4.85965114,4.85965114,4.85965114,4.95782591,4.95782591,4.95782591,4.95782591,4.95782591,4.95782591,4.95782591,4.95782591,4.95782591,4.95782591,4.95782591
321.720942020,C01,AP01,client_to_ap,VHT,2,2,2,80,SU,1,4,122,6637c97e16e6ce8a,6,-68.0,1.12900986,1.12900986,1.12900986,1.12900986,1.12900986,1.12900986,1.12900986,1.12900986,1.12900986,1.12900986,1.12900986,1.12900986,1.12900986,1.12900986,1.12900986,1.12900986,1.12900986,1.12900986,1.12900986,1.12900986,1.12900986,1.12900986,1.12900986,1.12900986,1.12900986,1.12900986,1.12900986,1.12900986,1.12900986,1.12900986,1.12900986,1.12900986,1.12900986,1.12900986,1.12900986,1.12900986,1.12900986,1.12900986,1.12900986,1.12900986,1.12900986,1.03083509,1.03083509,1.12900986,1.03083509,1.03083509,1.03083509,1.12900986,1.03083509,1.03083509,1.03083509,1.03083509,1.03083509,1.03083509,1.03083509,1.03083509,1.03083509,1.03083509,1.03083509,1.03083509,1.03083509,1.03083509,1.03083509,1.03083509,1.03083509,1.03083509,1.03083509,1.03083509,1.03083509,1.03083509,1.03083509,1.03083509,1.03083509,1.03083509,0.932660319,1.03083509,1.03083509,0.932660319,0.932660319,0.932660319,0.932660319,0.932660319,0.932660319,0.932660319,0.932660319,0.932660319,0.932660319,0.932660319,0.834485549,0.932660319,0.834485549,0.834485549,0.834485549,0.834485549,0.834485549,0.834485549,0.834485549,0.834485549,0.834485549,0.834485549,0.834485549,0.834485549,0.834485549,0.834485549,0.834485549,0.834485549,0.834485549,0.932660319,0.932660319,0.932660319,0.932660319,0.932660319,0.932660319,0.932660319,0.932660319,0.932660319,0.932660319,0.932660319,1.03083509,1.03083509,1.03083509,1.03083509,3.9760782,3.9760782,3.9760782,4.07425297,4.07425297,4.07425297,3.9760782,4.07425297,4.07425297,4.07425297,3.9760782,3.9760782,4.07425297,4.07425297,3.9760782,4.07425297,3.9760782,4.07425297,4.07425297,3.9760782,4.07425297,4.07425297,4.07425297,3.9760782,4.07425297,4.07425297,3.9760782,3.9760782,4.07425297,4.07425297,4.07425297,4.07425297,4.07425297,4.07425297,4.07425297,4.07425297,4.07425297,4.07425297,4.07425297,4.07425297,4.07425297,3.9760782,3.9760782,3.9760782,3.9760782,3.9760782,3.9760782,3.9760782,3.9760782,3.9760782,3.9760782,3.9760782,3.9760782,3.9760782,3.9760782,3.9760782,3.9760782,3.9760782,3.9760782,3.9760782,3.9760782,3.9760782,4.07425297,4.07425297,4.07425297,4.07425297,4.07425297,4.07425297,4.07425297,4.07425297,4.07425297,4.07425297,4.17242774,4.17242774,4.17242774,4.17242774,4.17242774,4.17242774,4.17242774,4.17242774,4.17242774,4.17242774,4.17242774,4.17242774,4.17242774,4.17242774,4.17242774,4.17242774,4.27060251,4.27060251,4.27060251,4.27060251,4.27060251,4.27060251,4.36877728,4.36877728,4.46695205,4.46695205,4.56512682,4.56512682,4.6633016,4.6633016,4.6633016,4.76147637,4.85965114,4.85965114,4.85965114,4.85965114,4.85965114,4.85965114,4.95782591,4.85965114,4.85965114,4.95782591,4.95782591,4.95782591,4.95782591,4.95782591,4.95782591,5.05600068,4.95782591,5.05600068
323.053772926,C01,AP01,client_to_ap,VHT,2,2,2,80,SU,1,4,122,6637c97e16e6ce8a,6,-68.0,1.12900986,1.03083509,1.03083509,1.12900986,1.12900986,1.12900986,1.12900986,1.12900986,1.12900986,1.12900986,1.12900986,1.03083509,1.12900986,1.12900986,1.03083509,1.03083509,1.03083509,1.03083509,1.03083509,1.03083509,1.03083509,1.03083509,1.03083509,1.03083509,1.03083509,1.03083509,1.03083509,1.03083509,1.03083509,1.03083509,1.03083509,1.03083509,1.03083509,1.03083509,1.03083509,1.03083509,1.03083509,1.03083509,1.03083509,1.12900986,1.03083509,1.03083509,1.03083509,1.03083509,1.03083509,1.03083509,1.03083509,1.03083509,1.03083509,1.03083509,1.03083509,1.03083509,1.03083509,1.03083509,1.03083509,1.03083509,1.03083509,1.03083509,1.03083509,1.03083509,1.03083509,1.03083509,1.03083509,1.03083509,1.03083509,1.03083509,1.03083509,1.03083509,1.03083509,1.03083509,1.03083509,1.03083509,1.03083509,1.03083509,1.03083509,1.03083509,0.932660319,0.932660319,0.932660319,0.932660319,0.932660319,0.932660319,0.932660319,0.932660319,0.932660319,0.932660319,0.932660319,0.834485549,0.834485549,0.834485549,0.834485549,0.834485549,0.834485549,0.834485549,0.834485549,0.736310778,0.736310778,0.834485549,0.834485549,0.736310778,0.736310778,0.736310778,0.834485549,0.834485549,0.834485549,0.834485549,0.834485549,0.834485549,0.834485549,0.834485549,0.932660319,0.932660319,0.932660319,0.932660319,0.932660319,0.932660319,0.932660319,1.03083509,1.03083509,1.03083509,1.03083509,1.03083509,3.9760782,3.9760782,3.9760782,3.9760782,4.07425297,4.07425297,4.07425297,3.9760782,4.07425297,4.07425297,3.9760782,4.07425297,4.07425297,4.07425297,4.07425297,3.9760782,4.07425297,3.9760782,3.9760782,3.9760782,3.9760782,3.9760782,3.9760782,3.9760782,4.07425297,3.9760782,3.9760782,3.9760782,3.9760782,4.07425297,4.07425297,4.07425297,4.07425297,4.07425297,4.07425297,4.07425297,4.07425297,4.07425297,4.07425297,4.07425297,4.07425297,4.07425297,3.9760782,4.07425297,3.9760782,3.9760782,3.9760782,3.9760782,3.9760782,3.9760782,3.9760782,3.9760782,3.9760782,3.9760782,3.9760782,3.9760782,3.9760782,3.9760782,3.9760782,3.9760782,4.07425297,3.9760782,3.9760782,4.07425297,4.07425297,3.9760782,4.07425297,4.07425297,4.07425297,4.07425297,4.07425297,4.07425297,4.07425297,4.07425297,4.17242774,4.17242774,4.17242774,4.17242774,4.07425297,4.17242774,4.17242774,4.17242774,4.17242774,4.17242774,4.17242774,4.17242774,4.17242774,4.17242774,4.17242774,4.17242774,4.27060251,4.27060251,4.27060251,4.27060251,4.27060251,4.36877728,4.36877728,4.46695205,4.46695205,4.56512682,4.56512682,4.6633016,4.76147637,4.76147637,4.76147637,4.85965114,4.85965114,4.85965114,4.85965114,4.85965114,4.95782591,4.95782591,4.95782591,4.85965114,4.95782591,4.95782591,4.95782591,4.95782591,4.95782591,4.95782591,4.95782591,4.95782591
324.385319948,C01,AP01,client_to_ap,VHT,2,2,2,80,SU,1,4,122,6637c97e16e6ce8a,6,-68.0,1.12900986,1.12900986,1.12900986,1.12900986,1.12900986,1.12900986,1.12900986,1.12900986,1.12900986,1.12900986,1.12900986,1.12900986,1.12900986,1.12900986,1.12900986,1.12900986,1.12900986,1.12900986,1.12900986,1.12900986,1.12900986,1.12900986,1.12900986,1.12900986,1.12900986,1.12900986,1.12900986,1.12900986,1.12900986,1.12900986,1.12900986,1.12900986,1.12900986,1.12900986,1.12900986,1.12900986,1.12900986,1.12900986,1.12900986,1.12900986,1.12900986,1.12900986,1.12900986,1.03083509,1.12900986,1.03083509,1.03083509,1.03083509,1.03083509,1.03083509,1.03083509,1.03083509,1.03083509,1.03083509,1.03083509,1.03083509,1.03083509,1.03083509,1.03083509,1.03083509,1.03083509,1.03083509,1.03083509,1.03083509,1.03083509,1.03083509,1.03083509,1.03083509,1.03083509,1.03083509,1.03083509,1.03083509,1.03083509,1.03083509,0.932660319,0.932660319,0.932660319,0.932660319,0.932660319,0.932660319,0.932660319,0.932660319,0.932660319,0.932660319,0.932660319,0.932660319,0.932660319,0.834485549,0.834485549,0.834485549,0.834485549,0.834485549,0.834485549,0.834485549,0.834485549,0.834485549,0.736310778,0.736310778,0.834485549,0.736310778,0.736310778,0.736310778,0.834485549,0.834485549,0.834485549,0.834485549,0.834485549,0.834485549,0.834485549,0.834485549,0.932660319,0.932660319,0.932660319,0.932660319,0.932660319,0.932660319,0.932660319,0.932660319,0.932660319,0.932660319,0.932660319,1.03083509,4.07425297,3.9760782,4.07425297,4.07425297,4.07425297,4.07425297,4.07425297,4.07425297,4.07425297,4.07425297,4.07425297,4.07425297,4.07425297,4.07425297,4.07425297,4.07425297,3.9760782,3.9760782,4.07425297,3.9760782,3.9760782,3.9760782,3.9760782,3.9760782,3.9760782,3.9760782,3.9760782,4.07425297,3.9760782,3.9760782,4.07425297,3.9760782,3.9760782,4.07425297,4.07425297,3.9760782,4.07425297,3.9760782,3.9760782,4.07425297,3.9760782,3.9760782,3.9760782,3.9760782,3.9760782,3.9760782,3.9760782,3.9760782,3.9760782,3.9760782,3.9760782,3.9760782,3.9760782,3.9760782,3.9760782,3.9760782,3.9760782,3.9760782,3.9760782,3.9760782,3.9760782,3.9760782,3.9760782,3.9760782,3.9760782,4.07425297,4.07425297,4.07425297,4.07425297,4.07425297,4.07425297,4.07425297,4.07425297,4.07425297,4.17242774,4.17242774,4.07425297,4.17242774,4.17242774,4.17242774,4.17242774,4.17242774,4.17242774,4.17242774,4.17242774,4.17242774,4.17242774,4.17242774,4.17242774,4.27060251,4.27060251,4.27060251,4.17242774,4.36877728,4.36877728,4.36877728,4.36877728,4.46695205,4.56512682,4.56512682,4.6633016,4.6633016,4.76147637,4.76147637,4.76147637,4.76147637,4.85965114,4.85965114,4.85965114,4.85965114,4.85965114,4.95782591,4.95782591,4.95782591,4.95782591,4.95782591,4.95782591,4.95782591,5.05600068,5.05600068,4.95782591,5.05600068
325.722193956,C01,AP01,client_to_ap,VHT,2,2,2,80,SU,1,4,122,6637c97e16e6ce8a,6,-68.0,1.12900986,1.12900986,1.12900986,1.12900986,1.12900986,1.12900986,1.12900986,1.12900986,1.12900986,1.12900986,1.12900986,1.12900986,1.12900986,1.12900986,1.12900986,1.12900986,1.12900986,1.12900986,1.12900986,1.12900986,1.12900986,1.12900986,1.12900986,1.12900986,1.12900986,1.12900986,1.12900986,1.12900986,1.12900986,1.12900986,1.12900986,1.12900986,1.12900986,1.12900986,1.12900986,1.12900986,1.12900986,1.12900986,1.12900986,1.12900986,1.12900986,1.12900986,1.12900986,1.12900986,1.12900986,1.03083509,1.03083509,1.03083509,1.03083509,1.03083509,1.03083509,1.03083509,1.03083509,1.03083509,1.03083509,1.03083509,1.03083509,1.03083509,1.03083509,1.03083509,1.03083509,1.03083509,1.03083509,1.03083509,1.03083509,1.03083509,1.03083509,1.03083509,1.03083509,1.03083509,1.03083509,1.03083509,1.03083509,1.03083509,1.03083509,0.932660319,1.03083509,0.932660319,0.932660319,0.932660319,0.932660319,0.932660319,0.932660319,0.932660319,0.932660319,0.932660319,0.932660319,0.932660319,0.834485549,0.834485549,0.834485549,0.834485549,0.834485549,0.834485549,0.834485549,0.736310778,0.736310778,0.834485549,0.834485549,0.834485549,0.736310778,0.834485549,0.834485549,0.834485549,0.834485549,0.834485549,0.834485549,0.834485549,0.834485549,0.834485549,0.932660319,0.932660319,0.932660319,0.932660319,0.932660319,0.932660319,0.932660319,0.932660319,1.03083509,1.03083509,1.03083509,1.03083509,3.9760782,3.9760782,3.9760782,4.07425297,4.07425297,4.07425297,4.07425297,4.07425297,4.07425297,4.07425297,4.07425297,4.07425297,4.07425297,4.07425297,4.07425297,3.9760782,4.07425297,3.9760782,4.07425297,4.07425297,3.9760782,3.9760782,4.07425297,3.9760782,3.9760782,4.07425297,3.9760782,4.07425297,4.07425297,4.07425297,4.07425297,4.07425297,4.07425297,4.07425297,4.07425297,4.07425297,4.07425297,4.07425297,4.07425297,4.07425297,3.9760782,3.9760782,3.9760782,3.9760782,3.9760782,3.9760782,3.9760782,3.9760782,3.9760782,3.9760782,3.9760782,3.9760782,3.9760782,3.9760782,3.9760782,3.9760782,3.9760782,3.9760782,3.9760782,3.9760782,3.9760782,3.9760782,3.9760782,4.07425297,3.9760782,3.9760782,4.07425297,4.07425297,4.07425297,4.07425297,4.07425297,4.07425297,4.17242774,4.07425297,4.17242774,4.17242774,4.17242774,4.17242774,4.17242774,4.17242774,4.17242774,4.17242774,4.17242774,4.17242774,4.17242774,4.17242774,4.17242774,4.27060251,4.27060251,4.27060251,4.27060251,4.27060251,4.27060251,4.27060251,4.36877728,4.36877728,4.36877728,4.46695205,4.56512682,4.56512682,4.6633016,4.6633016,4.76147637,4.76147637,4.76147637,4.85965114,4.95782591,4.85965114,4.85965114,4.95782591,4.95782591,4.95782591,4.95782591,4.95782591,4.95782591,4.95782591,4.95782591,4.95782591,4.95782591,4.95782591,5.05600068,4.95782591
327.053036928,C01,AP01,client_to_ap,VHT,2,2,2,80,SU,1,4,122,6637c97e16e6ce8a,6,-68.0,1.03083509,1.03083509,1.03083509,1.03083509,1.12900986,1.03083509,1.03083509,1.12900986,1.03083509,1.03083509,1.03083509,1.03083509,1.12900986,1.03083509,1.03083509,1.12900986,1.03083509,1.03083509,1.03083509,1.12900986,1.12900986,1.03083509,1.03083509,1.12900986,1.03083509,1.03083509,1.03083509,1.12900986,1.12900986,1.03083509,1.03083509,1.12900986,1.12900986,1.03083509,1.03083509,1.12900986,1.12900986,1.03083509,1.03083509,1.12900986,1.03083509,1.03083509,1.03083509,1.03083509,1.03083509,1.03083509,1.03083509,1.03083509,1.03083509,1.03083509,1.03083509,1.03083509,1.03083509,1.03083509,1.03083509,1.03083509,1.03083509,1.03083509,1.03083509,1.03083509,1.03083509,1.03083509,1.03083509,1.03083509,1.03083509,1.03083509,1.03083509,1.03083509,1.03083509,1.03083509,1.03083509,1.03083509,1.03083509,1.03083509,1.03083509,1.03083509,1.03083509,0.932660319,0.932660319,1.03083509,0.932660319,0.932660319,0.932660319,0.932660319,0.932660319,0.932660319,0.932660319,0.932660319,0.834485549,0.834485549,0.834485549,0.834485549,0.834485549,0.834485549,0.834485549,0.736310778,0.736310778,0.736310778,0.736310778,0.736310778,0.736310778,0.736310778,0.834485549,0.736310778,0.736310778,0.834485549,0.834485549,0.834485549,0.834485549,0.834485549,0.834485549,0.932660319,0.932660319,0.932660319,0.932660319,0.932660319,0.932660319,0.932660319,1.03083509,1.03083509,1.03083509,1.03083509,3.9760782,3.9760782,3.9760782,3.9760782,4.07425297,4.07425297,3.9760782,4.07425297,4.07425297,3.9760782,3.9760782,3.9760782,3.9760782,4.07425297,4.07425297,3.9760782,3.9760782,3.9760782,3.9760782,3.9760782,4.07425297,3.9760782,3.9760782,3.9760782,3.9760782,3.9760782,3.9760782,3.9760782,3.9760782,3.9760782,3.9760782,3.9760782,3.9760782,3.9760782,3.9760782,3.9760782,4.07425297,3.9760782,3.9760782,3.9760782,3.9760782,3.9760782,3.9760782,3.9760782,3.9760782,3.9760782,3.9760782,3.9760782,3.9760782,3.9760782,3.87790343,3.9760782,3.9760782,3.9760782,3.9760782,3.9760782,3.9760782,3.9760782,3.9760782,3.9760782,3.9760782,3.9760782,3.9760782,3.9760782,3.9760782,3.9760782,3.9760782,3.9760782,3.9760782,4.07425297,4.07425297,4.07425297,4.07425297,4.07425297,4.07425297,4.07425297,4.07425297,4.07425297,4.07425297,4.07425297,4.07425297,4.07425297,4.07425297,4.07425297,4.07425297,4.07425297,4.07425297,4.07425297,4.07425297,4.07425297,4.17242774,4.17242774,4.17242774,4.17242774,4.17242774,4.27060251,4.27060251,4.36877728,4.36877728,4.46695205,4.56512682,4.56512682,4.6633016,4.6633016,4.6633016,4.76147637,4.76147637,4.85965114,4.85965114,4.85965114,4.95782591,4.95782591,4.95782591,4.95782591,4.95782591,4.95782591,4.95782591,4.95782591,4.95782591,4.95782591,4.95782591,4.95782591
328.384887934,C01,AP01,client_to_ap,VHT,2,2,2,80,SU,1,4,122,6637c97e16e6ce8a,6,-68.0,1.03083509,1.03083509,1.03083509,1.03083509,1.03083509,1.03083509,1.03083509,1.12900986,1.03083509,1.12900986,1.03083509,1.03083509,1.12900986,1.03083509,1.03083509,1.12900986,1.03083509,1.03083509,1.03083509,1.12900986,1.03083509,1.03083509,1.03083509,1.03083509,1.03083509,1.03083509,1.03083509,1.12900986,1.12900986,1.03083509,1.03083509,1.12900986,1.03083509,1.12900986,1.03083509,1.12900986,1.03083509,1.03083509,1.03083509,1.03083509,1.03083509,1.03083509,1.03083509,1.03083509,1.03083509,1.03083509,1.03083509,1.03083509,1.03083509,1.03083509,1.03083509,1.03083509,1.03083509,1.03083509,1.03083509,1.03083509,1.03083509,1.03083509,1.03083509,1.03083509,1.03083509,1.03083509,1.03083509,1.03083509,1.03083509,1.03083509,1.03083509,1.03083509,1.03083509,1.03083509,1.03083509,1.03083509,1.03083509,0.932660319,1.03083509,1.03083509,0.932660319,0.932660319,0.932660319,0.932660319,0.932660319,0.932660319,0.932660319,0.932660319,0.932660319,0.932660319,0.932660319,0.834485549,0.834485549,0.834485549,0.834485549,0.834485549,0.834485549,0.834485549,0.834485549,0.736310778,0.834485549,0.834485549,0.736310778,0.736310778,0.736310778,0.736310778,0.834485549,0.834485549,0.834485549,0.834485549,0.834485549,0.834485549,0.834485549,0.834485549,0.932660319,0.932660319,0.932660319,0.932660319,0.932660319,0.932660319,0.932660319,0.932660319,1.03083509,1.03083509,1.03083509,1.03083509,3.9760782,4.07425297,3.9760782,3.9760782,3.9760782,4.07425297,3.9760782,4.07425297,4.07425297,4.07425297,4.07425297,4.07425297,4.07425297,4.07425297,4.07425297,4.07425297,4.07425297,3.9760782,4.07425297,4.07425297,4.07425297,3.9760782,3.9760782,4.07425297,4.07425297,4.07425297,3.9760782,4.07425297,4.07425297,4.07425297,4.07425297,4.07425297,4.07425297,4.07425297,4.07425297,4.07425297,3.9760782,3.9760782,3.9760782,3.9760782,3.9760782,3.9760782,3.9760782,3.9760782,3.9760782,3.9760782,3.9760782,3.9760782,3.9760782,3.9760782,3.9760782,3.9760782,3.9760782,3.9760782,3.9760782,3.9760782,3.9760782,3.9760782,3.9760782,3.9760782,4.07425297,3.9760782,3.9760782,3.9760782,3.9760782,4.07425297,4.07425297,4.07425297,4.07425297,4.07425297,4.07425297,4.07425297,4.07425297,4.07425297,4.07425297,4.07425297,4.07425297,4.07425297,4.17242774,4.17242774,4.17242774,4.07425297,4.17242774,4.17242774,4.07425297,4.17242774,4.17242774,4.17242774,4.17242774,4.17242774,4.17242774,4.17242774,4.17242774,4.27060251,4.27060251,4.36877728,4.36877728,4.36877728,4.46695205,4.46695205,4.56512682,4.56512682,4.6633016,4.76147637,4.76147637,4.76147637,4.85965114,4.85965114,4.85965114,4.85965114,4.95782591,4.85965114,4.95782591,4.95782591,4.95782591,4.95782591,4.95782591,4.95782591,4.95782591,4.95782591,4.95782591,4.95782591
329.720944881,C01,AP01,client_to_ap,VHT,2,2,2,80,SU,1,4,122,6637c97e16e6ce8a,6,-68.0,1.03083509,1.03083509,1.03083509,1.12900986,1.03083509,1.12900986,1.03083509,1.12900986,1.03083509,1.03083509,1.03083509,1.03083509,1.03083509,1.03083509,1.03083509,1.03083509,1.03083509,1.03083509,1.03083509,1.03083509,1.03083509,1.03083509,1.03083509,1.03083509,1.03083509,1.03083509,1.03083509,1.03083509,1.03083509,1.03083509,1.03083509,1.03083509,1.03083509,1.03083509,1.03083509,1.03083509,1.03083509,1.03083509,1.03083509,1.03083509,1.03083509,1.03083509,1.03083509,1.03083509,1.03083509,1.03083509,1.03083509,1.03083509,1.03083509,1.03083509,1.03083509,1.03083509,1.03083509,1.03083509,1.03083509,1.03083509,1.03083509,1.03083509,1.03083509,1.03083509,1.03083509,1.03083509,1.03083509,1.03083509,1.03083509,1.03083509,1.03083509,1.03083509,1.03083509,1.03083509,1.03083509,1.03083509,1.03083509,1.03083509,1.03083509,0.932660319,0.932660319,0.932660319,0.932660319,0.932660319,0.932660319,0.932660319,0.932660319,0.932660319,0.932660319,0.932660319,0.932660319,0.834485549,0.834485549,0.834485549,0.834485549,0.834485549,0.834485549,0.834485549,0.834485549,0.834485549,0.736310778,0.736310778,0.834485549,0.736310778,0.736310778,0.834485549,0.834485549,0.834485549,0.834485549,0.834485549,0.834485549,0.834485549,0.834485549,0.834485549,0.932660319,0.932660319,0.932660319,0.932660319,0.932660319,0.932660319,0.932660319,0.932660319,1.03083509,1.03083509,1.03083509,1.03083509,3.9760782,3.9760782,3.9760782,4.07425297,4.07425297,4.07425297,3.9760782,4.07425297,4.07425297,4.07425297,4.07425297,4.07425297,4.07425297,3.9760782,4.07425297,4.07425297,4.07425297,3.9760782,3.9760782,3.9760782,4.07425297,3.9760782,4.07425297,4.07425297,4.07425297,4.07425297,4.07425297,4.07425297,4.07425297,4.07425297,4.07425297,4.07425297,4.07425297,4.07425297,4.07425297,4.07425297,4.07425297,4.07425297,4.07425297,4.07425297,4.07425297,4.07425297,4.07425297,4.07425297,3.9760782,4.07425297,4.07425297,3.9760782,3.9760782,4.07425297,3.9760782,3.9760782,3.9760782,3.9760782,3.9760782,3.9760782,3.9760782,3.9760782,3.9760782,3.9760782,4.07425297,3.9760782,3.9760782,4.07425297,3.9760782,3.9760782,4.07425297,4.07425297,4.07425297,4.07425297,4.07425297,4.07425297,4.07425297,4.07425297,4.07425297,4.17242774,4.17242774,4.07425297,4.17242774,4.17242774,4.17242774,4.07425297,4.17242774,4.17242774,4.17242774,4.17242774,4.07425297,4.17242774,4.17242774,4.17242774,4.17242774,4.17242774,4.27060251,4.27060251,4.36877728,4.36877728,4.36877728,4.46695205,4.46695205,4.56512682,4.56512682,4.56512682,4.6633016,4.6633016,4.76147637,4.76147637,4.85965114,4.85965114,4.85965114,4.85965114,4.85965114,4.85965114,4.95782591,4.95782591,4.95782591,4.95782591,4.95782591,4.95782591,4.95782591,4.95782591,4.95782591,4.95782591
331.048232079,C01,AP01,client_to_ap,VHT,2,2,2,80,SU,1,4,122,6637c97e16e6ce8a,6,-68.0,1.03083509,1.03083509,1.12900986,1.12900986,1.12900986,1.12900986,1.12900986,1.12900986,1.12900986,1.03083509,1.03083509,1.12900986,1.03083509,1.03083509,1.03083509,1.12900986,1.03083509,1.03083509,1.03083509,1.03083509,1.03083509,1.03083509,1.03083509,1.03083509,1.03083509,1.03083509,1.03083509,1.03083509,1.03083509,1.03083509,1.03083509,1.03083509,1.03083509,1.03083509,1.03083509,1.03083509,1.03083509,1.03083509,1.03083509,1.12900986,1.03083509,1.03083509,1.03083509,1.03083509,1.03083509,1.03083509,1.03083509,1.03083509,1.03083509,1.03083509,1.03083509,1.03083509,1.03083509,1.03083509,1.03083509,1.03083509,1.03083509,1.03083509,1.03083509,1.03083509,1.03083509,1.03083509,1.03083509,1.03083509,1.03083509,1.03083509,1.03083509,1.03083509,1.03083509,1.03083509,1.03083509,1.03083509,1.03083509,1.03083509,1.03083509,1.03083509,1.03083509,0.932660319,0.932660319,1.03083509,0.932660319,0.932660319,0.932660319,0.932660319,0.932660319,0.932660319,0.932660319,0.932660319,0.834485549,0.834485549,0.834485549,0.834485549,0.834485549,0.834485549,0.834485549,0.834485549,0.834485549,0.736310778,0.736310778,0.736310778,0.834485549,0.834485549,0.834485549,0.834485549,0.834485549,0.834485549,0.834485549,0.834485549,0.834485549,0.932660319,0.932660319,0.932660319,0.932660319,0.932660319,0.932660319,0.932660319,0.932660319,1.03083509,1.03083509,1.03083509,1.03083509,1.03083509,3.9760782,3.9760782,3.9760782,3.9760782,3.9760782,3.9760782,4.07425297,3.9760782,4.07425297,4.07425297,4.07425297,3.9760782,3.9760782,4.07425297,3.9760782,3.9760782,3.9760782,3.9760782,3.9760782,3.9760782,3.9760782,3.9760782,4.07425297,3.9760782,4.07425297,4.07425297,4.07425297,4.07425297,4.07425297,4.07425297,4.07425297,4.07425297,4.07425297,4.07425297,4.07425297,4.07425297,4.07425297,4.07425297,4.07425297,4.07425297,4.07425297,4.07425297,3.9760782,4.07425297,4.07425297,4.07425297,3.9760782,3.9760782,4.07425297,3.9760782,3.9760782,3.9760782,4.07425297,3.9760782,3.9760782,3.9760782,3.9760782,3.9760782,3.9760782,3.9760782,4.07425297,3.9760782,3.9760782,4.07425297,4.07425297,4.07425297,4.07425297,4.07425297,4.07425297,4.07425297,4.07425297,4.17242774,4.17242774,4.07425297,4.17242774,4.17242774,4.17242774,4.17242774,4.07425297,4.17242774,4.17242774,4.17242774,4.17242774,4.17242774,4.17242774,4.17242774,4.17242774,4.17242774,4.17242774,4.17242774,4.17242774,4.17242774,4.17242774,4.27060251,4.27060251,4.27060251,4.36877728,4.46695205,4.46695205,4.56512682,4.56512682,4.6633016,4.6633016,4.76147637,4.76147637,4.76147637,4.85965114,4.85965114,4.85965114,4.85965114,4.85965114,4.95782591,4.95782591,4.95782591,4.85965114,4.95782591,4.85965114,4.85965114,4.95782591,4.95782591,4.95782591,4.85965114
332.376493931,C01,AP01,client_to_ap,VHT,2,2,2,80,SU,1,4,122,6637c97e16e6ce8a,6,-68.0,1.03083509,1.03083509,1.03083509,1.03083509,1.03083509,1.03083509,1.03083509,1.03083509,1.03083509,1.03083509,1.03083509,1.03083509,1.03083509,1.03083509,1.03083509,1.03083509,1.03083509,1.03083509,1.03083509,1.03083509,1.03083509,1.03083509,1.03083509,1.03083509,1.03083509,1.03083509,1.03083509,1.03083509,1.03083509,1.03083509,1.03083509,1.03083509,1.03083509,1.03083509,1.03083509,1.03083509,1.03083509,1.03083509,1.03083509,1.03083509,1.03083509,1.03083509,1.03083509,1.03083509,1.03083509,1.03083509,1.03083509,1.03083509,1.03083509,1.03083509,1.03083509,1.03083509,1.03083509,1.03083509,1.03083509,1.03083509,1.03083509,1.03083509,1.03083509,1.03083509,1.03083509,1.03083509,1.03083509,1.03083509,1.03083509,1.03083509,1.03083509,1.03083509,1.03083509,1.03083509,1.03083509,1.03083509,1.03083509,1.03083509,1.03083509,1.03083509,1.03083509,1.03083509,1.03083509,1.03083509,0.932660319,0.932660319,0.932660319,0.932660319,0.932660319,0.932660319,0.932660319,0.932660319,0.834485549,0.834485549,0.834485549,0.834485549,0.834485549,0.834485549,0.736310778,0.834485549,0.736310778,0.736310778,0.736310778,0.736310778,0.736310778,0.736310778,0.834485549,0.834485549,0.834485549,0.834485549,0.834485549,0.834485549,0.834485549,0.834485549,0.932660319,0.932660319,0.932660319,0.932660319,0.932660319,0.932660319,0.932660319,1.03083509,1.03083509,1.03083509,1.03083509,1.03083509,3.87790343,3.9760782,3.9760782,4.07425297,3.9760782,3.9760782,3.9760782,4.07425297,4.07425297,3.9760782,3.9760782,3.9760782,3.9760782,4.07425297,3.9760782,3.9760782,3.9760782,3.9760782,3.9760782,3.9760782,3.9760782,3.9760782,3.9760782,3.9760782,3.9760782,3.9760782,3.9760782,3.9760782,3.9760782,4.07425297,4.07425297,4.07425297,4.07425297,4.07425297,3.9760782,4.07425297,4.07425297,4.07425297,4.07425297,3.9760782,4.07425297,3.9760782,3.9760782,4.07425297,3.9760782,3.9760782,3.9760782,3.9760782,3.9760782,3.9760782,3.9760782,3.9760782,3.9760782,3.9760782,3.9760782,3.9760782,3.9760782,3.9760782,3.9760782,3.9760782,3.9760782,3.9760782,3.9760782,3.9760782,3.9760782,3.9760782,3.9760782,3.9760782,3.9760782,4.07425297,4.07425297,4.07425297,4.07425297,4.07425297,4.07425297,4.07425297,4.07425297,4.07425297,4.07425297,4.07425297,4.07425297,4.07425297,4.07425297,4.07425297,4.07425297,4.07425297,4.07425297,4.07425297,4.07425297,4.07425297,4.07425297,4.07425297,4.17242774,4.17242774,4.17242774,4.17242774,4.27060251,4.36877728,4.46695205,4.46695205,4.56512682,4.56512682,4.6633016,4.6633016,4.76147637,4.76147637,4.76147637,4.76147637,4.85965114,4.85965114,4.85965114,4.85965114,4.95782591,4.95782591,4.95782591,4.95782591,4.85965114,4.95782591,4.95782591,4.95782591,4.95782591,4.95782591
333.710811853,C01,AP01,client_to_ap,VHT,2,2,2,80,SU,1,4,122,6637c97e16e6ce8a,6,-68.0,1.03083509,1.12900986,1.12900986,1.12900986,1.12900986,1.12900986,1.12900986,1.12900986,1.12900986,1.12900986,1.12900986,1.12900986,1.12900986,1.12900986,1.12900986,1.12900986,1.12900986,1.12900986,1.12900986,1.12900986,1.12900986,1.12900986,1.12900986,1.12900986,1.12900986,1.12900986,1.12900986,1.12900986,1.12900986,1.12900986,1.12900986,1.12900986,1.12900986,1.12900986,1.12900986,1.12900986,1.12900986,1.12900986,1.12900986,1.12900986,1.12900986,1.12900986,1.12900986,1.03083509,1.12900986,1.12900986,1.12900986,1.03083509,1.03083509,1.03083509,1.03083509,1.03083509,1.03083509,1.03083509,1.03083509,1.03083509,1.03083509,1.03083509,1.03083509,1.03083509,1.03083509,1.03083509,1.03083509,1.03083509,1.03083509,1.03083509,1.03083509,1.03083509,1.03083509,1.03083509,1.03083509,1.03083509,1.03083509,1.03083509,1.03083509,1.03083509,1.03083509,1.03083509,0.932660319,0.932660319,0.932660319,0.932660319,0.932660319,0.932660319,0.932660319,0.932660319,0.932660319,0.932660319,0.834485549,0.932660319,0.834485549,0.834485549,0.834485549,0.834485549,0.834485549,0.834485549,0.834485549,0.834485549,0.834485549,0.834485549,0.834485549,0.834485549,0.834485549,0.834485549,0.834485549,0.834485549,0.834485549,0.834485549,0.834485549,0.932660319,0.932660319,0.932660319,0.932660319,0.932660319,0.932660319,0.932660319,0.932660319,0.932660319,1.03083509,0.932660319,1.03083509,1.03083509,3.9760782,3.9760782,4.07425297,3.9760782,4.07425297,3.9760782,4.07425297,4.07425297,4.07425297,4.07425297,4.07425297,4.07425297,4.07425297,4.07425297,4.07425297,4.07425297,4.07425297,4.07425297,4.07425297,4.07425297,4.07425297,4.07425297,4.07425297,4.07425297,3.9760782,4.07425297,4.07425297,4.07425297,4.07425297,4.07425297,4.07425297,4.07425297,4.07425297,4.07425297,4.07425297,4.07425297,4.07425297,4.07425297,4.07425297,4.07425297,4.07425297,3.9760782,3.9760782,3.9760782,3.9760782,3.9760782,3.9760782,3.9760782,3.9760782,3.9760782,3.9760782,3.9760782,3.9760782,3.9760782,3.9760782,3.9760782,3.9760782,3.9760782,3.9760782,3.9760782,3.9760782,3.9760782,4.07425297,3.9760782,4.07425297,4.07425297,4.07425297,4.07425297,4.07425297,4.07425297,4.17242774,4.07425297,4.07425297,4.07425297,4.17242774,4.17242774,4.17242774,4.17242774,4.17242774,4.17242774,4.17242774,4.17242774,4.17242774,4.17242774,4.17242774,4.17242774,4.27060251,4.27060251,4.17242774,4.17242774,4.17242774,4.27060251,4.27060251,4.27060251,4.27060251,4.36877728,4.46695205,4.46695205,4.46695205,4.56512682,4.56512682,4.6633016,4.6633016,4.6633016,4.76147637,4.76147637,4.85965114,4.85965114,4.85965114,4.85965114,4.85965114,4.85965114,4.95782591,4.95782591,4.95782591,4.95782591,4.95782591,4.95782591,4.95782591,4.95782591,4.95782591,4.95782591
335.042947054,C01,AP01,client_to_ap,VHT,2,2,2,80,SU,1,4,122,6637c97e16e6ce8a,6,-68.0,1.03083509,1.03083509,1.03083509,1.12900986,1.12900986,1.12900986,1.03083509,1.12900986,1.12900986,1.12900986,1.03083509,1.12900986,1.12900986,1.03083509,1.03083509,1.12900986,1.12900986,1.03083509,1.03083509,1.12900986,1.12900986,1.12900986,1.03083509,1.12900986,1.12900986,1.12900986,1.12900986,1.12900986,1.12900986,1.12900986,1.12900986,1.12900986,1.12900986,1.12900986,1.12900986,1.12900986,1.12900986,1.12900986,1.03083509,1.12900986,1.12900986,1.12900986,1.12900986,1.12900986,1.12900986,1.03083509,1.03083509,1.12900986,1.03083509,1.03083509,1.03083509,1.03083509,1.03083509,1.03083509,1.03083509,1.03083509,1.03083509,1.03083509,1.03083509,1.03083509,1.03083509,1.03083509,1.03083509,1.03083509,1.03083509,1.03083509,1.03083509,1.03083509,1.03083509,1.03083509,1.03083509,1.03083509,1.03083509,1.03083509,1.03083509,1.03083509,1.03083509,1.03083509,1.03083509,1.03083509,0.932660319,0.932660319,0.932660319,0.932660319,0.932660319,0.932660319,0.932660319,0.932660319,0.932660319,0.834485549,0.834485549,0.834485549,0.834485549,0.834485549,0.834485549,0.834485549,0.736310778,0.834485549,0.834485549,0.834485549,0.834485549,0.834485549,0.834485549,0.834485549,0.834485549,0.834485549,0.834485549,0.834485549,0.834485549,0.834485549,0.932660319,0.932660319,0.932660319,0.932660319,0.932660319,0.932660319,0.932660319,0.932660319,1.03083509,1.03083509,1.03083509,1.03083509,3.9760782,3.9760782,3.9760782,4.07425297,4.07425297,4.07425297,4.07425297,4.07425297,4.07425297,4.07425297,4.07425297,4.07425297,4.07425297,4.07425297,4.07425297,4.07425297,4.07425297,4.07425297,4.07425297,4.07425297,4.07425297,4.07425297,4.07425297,4.07425297,4.07425297,4.07425297,3.9760782,4.07425297,4.07425297,3.9760782,4.07425297,4.07425297,4.07425297,4.07425297,3.9760782,4.07425297,4.07425297,4.07425297,3.9760782,4.07425297,3.9760782,3.9760782,3.9760782,3.9760782,3.9760782,3.9760782,3.9760782,3.9760782,3.9760782,3.9760782,3.9760782,3.9760782,3.9760782,3.9760782,3.9760782,3.9760782,3.9760782,3.9760782,3.9760782,3.9760782,3.9760782,3.9760782,4.07425297,3.9760782,3.9760782,3.9760782,4.07425297,4.07425297,4.07425297,4.07425297,4.07425297,4.07425297,4.17242774,4.07425297,4.07425297,4.17242774,4.17242774,4.17242774,4.17242774,4.17242774,4.17242774,4.17242774,4.17242774,4.17242774,4.17242774,4.17242774,4.17242774,4.17242774,4.17242774,4.17242774,4.17242774,4.17242774,4.17242774,4.27060251,4.27060251,4.27060251,4.27060251,4.36877728,4.46695205,4.46695205,4.56512682,4.56512682,4.6633016,4.6633016,4.76147637,4.76147637,4.85965114,4.85965114,4.85965114,4.85965114,4.85965114,4.95782591,4.95782591,4.95782591,4.95782591,4.95782591,4.95782591,4.95782591,4.95782591,4.95782591,4.95782591,4.95782591
336.375153065,C01,AP01,client_to_ap,VHT,2,2,2,80,SU,1,4,122,6637c97e16e6ce8a,6,-68.0,1.03083509,1.12900986,1.12900986,1.12900986,1.12900986,1.12900986,1.12900986,1.12900986,1.12900986,1.12900986,1.12900986,1.12900986,1.12900986,1.12900986,1.12900986,1.12900986,1.12900986,1.12900986,1.12900986,1.12900986,1.12900986,1.03083509,1.12900986,1.12900986,1.12900986,1.12900986,1.12900986,1.12900986,1.12900986,1.12900986,1.12900986,1.12900986,1.12900986,1.12900986,1.12900986,1.12900986,1.03083509,1.03083509,1.03083509,1.12900986,1.03083509,1.03083509,1.03083509,1.03083509,1.03083509,1.03083509,1.03083509,1.03083509,1.03083509,1.03083509,1.03083509,1.03083509,1.03083509,1.03083509,1.03083509,1.03083509,1.03083509,1.03083509,1.03083509,1.03083509,1.03083509,1.03083509,1.03083509,1.03083509,1.03083509,1.03083509,1.03083509,1.03083509,0.932660319,1.03083509,0.932660319,0.932660319,0.932660319,1.03083509,0.932660319,0.932660319,0.932660319,0.932660319,0.932660319,0.932660319,0.932660319,0.932660319,0.932660319,0.932660319,0.932660319,0.932660319,0.932660319,0.834485549,0.932660319,0.834485549,0.834485549,0.834485549,0.834485549,0.834485549,0.834485549,0.834485549,0.834485549,0.736310778,0.736310778,0.736310778,0.736310778,0.834485549,0.834485549,0.834485549,0.834485549,0.834485549,0.834485549,0.834485549,0.834485549,0.834485549,0.834485549,0.932660319,0.932660319,0.932660319,0.932660319,0.932660319,0.932660319,0.932660319,0.932660319,1.03083509,1.03083509,1.03083509,3.9760782,3.9760782,3.9760782,4.07425297,3.9760782,3.9760782,3.9760782,4.07425297,4.07425297,4.07425297,3.9760782,4.07425297,3.9760782,4.07425297,3.9760782,4.07425297,3.9760782,3.9760782,3.9760782,3.9760782,3.9760782,3.9760782,3.9760782,3.9760782,3.9760782,3.9760782,3.9760782,3.9760782,3.9760782,3.9760782,3.9760782,4.07425297,3.9760782,4.07425297,3.9760782,3.9760782,3.9760782,3.9760782,3.9760782,3.9760782,3.9760782,3.9760782,3.9760782,3.9760782,3.9760782,3.9760782,3.9760782,3.9760782,3.9760782,3.9760782,3.9760782,3.9760782,3.9760782,3.9760782,3.9760782,3.9760782,3.9760782,3.9760782,3.9760782,3.9760782,3.9760782,3.9760782,3.9760782,4.07425297,4.07425297,4.07425297,4.07425297,4.07425297,4.07425297,4.07425297,4.17242774,4.17242774,4.17242774,4.17242774,4.17242774,4.17242774,4.17242774,4.17242774,4.17242774,4.17242774,4.17242774,4.17242774,4.17242774,4.27060251,4.27060251,4.27060251,4.27060251,4.27060251,4.27060251,4.27060251,4.27060251,4.27060251,4.27060251,4.36877728,4.36877728,4.46695205,4.46695205,4.46695205,4.56512682,4.56512682,4.6633016,4.6633016,4.76147637,4.76147637,4.76147637,4.85965114,4.85965114,4.85965114,4.95782591,4.95782591,4.95782591,4.95782591,4.95782591,4.95782591,4.95782591,4.95782591,4.95782591,4.95782591,5.05600068,5.05600068,4.95782591,5.05600068
337.710950851,C01,AP01,client_to_ap,VHT,2,2,2,80,SU,1,4,122,6637c97e16e6ce8a,6,-68.0,1.03083509,0.932660319,1.03083509,1.03083509,1.03083509,1.03083509,1.03083509,1.03083509,1.03083509,1.03083509,1.03083509,1.03083509,1.03083509,1.03083509,1.03083509,1.03083509,1.03083509,1.03083509,1.03083509,1.03083509,1.03083509,1.03083509,1.03083509,1.03083509,1.03083509,1.03083509,1.03083509,1.03083509,1.03083509,1.03083509,1.03083509,1.03083509,1.03083509,1.03083509,1.03083509,1.03083509,1.03083509,1.03083509,1.03083509,1.03083509,1.03083509,0.932660319,1.03083509,0.932660319,0.932660319,0.932660319,0.932660319,0.932660319,0.932660319,0.932660319,0.932660319,0.932660319,0.932660319,0.932660319,0.932660319,0.932660319,0.932660319,0.932660319,0.932660319,0.932660319,0.932660319,0.932660319,0.932660319,0.932660319,0.932660319,0.932660319,0.932660319,0.932660319,0.834485549,0.932660319,0.932660319,0.834485549,0.834485549,0.834485549,0.834485549,0.834485549,0.834485549,0.834485549,0.834485549,0.834485549,0.834485549,0.834485549,0.834485549,0.834485549,0.834485549,0.834485549,0.834485549,0.736310778,0.736310778,0.736310778,0.736310778,0.736310778,0.736310778,0.736310778,0.638136008,0.736310778,0.638136008,0.638136008,0.638136008,0.638136008,0.638136008,0.638136008,0.736310778,0.736310778,0.736310778,0.736310778,0.736310778,0.736310778,0.736310778,0.736310778,0.736310778,0.736310778,0.834485549,0.834485549,0.834485549,0.834485549,0.834485549,0.834485549,0.834485549,0.834485549,0.834485549,0.932660319,3.9760782,3.9760782,3.9760782,4.07425297,4.07425297,4.07425297,4.07425297,4.07425297,4.07425297,4.07425297,3.9760782,4.07425297,4.07425297,4.07425297,4.07425297,4.07425297,4.07425297,4.07425297,4.07425297,3.9760782,4.07425297,4.07425297,4.07425297,4.07425297,3.9760782,4.07425297,4.07425297,4.07425297,4.07425297,3.9760782,4.07425297,4.07425297,3.9760782,4.07425297,3.9760782,4.07425297,4.07425297,4.07425297,3.9760782,3.9760782,3.9760782,3.9760782,3.9760782,3.9760782,3.9760782,3.9760782,3.9760782,3.9760782,3.9760782,3.9760782,3.9760782,3.9760782,3.9760782,3.9760782,3.9760782,3.9760782,3.9760782,3.9760782,3.9760782,3.9760782,3.9760782,3.9760782,4.07425297,3.9760782,3.9760782,4.07425297,4.07425297,4.07425297,4.07425297,4.07425297,4.07425297,4.17242774,4.07425297,4.17242774,4.17242774,4.17242774,4.17242774,4.17242774,4.17242774,4.17242774,4.17242774,4.17242774,4.17242774,4.17242774,4.17242774,4.17242774,4.17242774,4.17242774,4.17242774,4.17242774,4.27060251,4.27060251,4.27060251,4.27060251,4.27060251,4.36877728,4.36877728,4.46695205,4.46695205,4.56512682,4.56512682,4.6633016,4.6633016,4.76147637,4.76147637,4.85965114,4.85965114,4.85965114,4.85965114,4.95782591,4.95782591,4.95782591,4.95782591,4.95782591,4.95782591,4.95782591,4.95782591,5.05600068,4.95782591,4.95782591,4.95782591,5.05600068
339.042687893,C01,AP01,client_to_ap,VHT,2,2,2,80,SU,1,4,122,6637c97e16e6ce8a,6,-68.0,1.03083509,1.03083509,1.03083509,1.03083509,1.03083509,1.03083509,1.03083509,1.03083509,1.03083509,1.03083509,1.03083509,1.03083509,1.03083509,1.03083509,1.03083509,1.03083509,1.03083509,1.03083509,1.03083509,1.03083509,1.03083509,1.03083509,1.03083509,1.03083509,1.03083509,1.03083509,1.03083509,1.03083509,1.03083509,1.03083509,1.03083509,1.03083509,1.03083509,1.03083509,1.03083509,1.03083509,1.03083509,1.03083509,1.03083509,1.03083509,1.03083509,1.03083509,1.03083509,1.03083509,1.03083509,1.03083509,1.03083509,1.03083509,1.03083509,1.03083509,1.03083509,1.03083509,1.03083509,1.03083509,1.03083509,1.03083509,1.03083509,1.03083509,1.03083509,1.03083509,1.03083509,1.03083509,1.03083509,1.03083509,1.03083509,1.03083509,1.03083509,1.03083509,0.932660319,1.03083509,1.03083509,1.03083509,1.03083509,1.03083509,1.03083509,1.03083509,0.932660319,1.03083509,0.932660319,1.03083509,0.932660319,0.932660319,0.932660319,0.932660319,0.932660319,0.932660319,0.932660319,0.834485549,0.834485549,0.834485549,0.834485549,0.834485549,0.834485549,0.834485549,0.736310778,0.736310778,0.736310778,0.736310778,0.736310778,0.736310778,0.736310778,0.736310778,0.736310778,0.736310778,0.736310778,0.736310778,0.834485549,0.834485549,0.834485549,0.834485549,0.834485549,0.834485549,0.834485549,0.932660319,0.932660319,0.932660319,0.932660319,0.932660319,0.932660319,0.932660319,1.03083509,1.03083509,3.9760782,3.9760782,3.9760782,4.07425297,3.9760782,4.07425297,4.07425297,4.07425297,4.07425297,4.07425297,4.07425297,4.07425297,3.9760782,4.07425297,4.07425297,3.9760782,4.07425297,3.9760782,3.9760782,3.9760782,3.9760782,3.9760782,3.9760782,3.9760782,3.9760782,3.9760782,3.9760782,3.9760782,3.9760782,3.9760782,3.9760782,3.9760782,4.07425297,3.9760782,3.9760782,3.9760782,3.9760782,3.9760782,3.9760782,3.9760782,3.9760782,3.9760782,3.9760782,3.9760782,3.9760782,3.9760782,3.9760782,3.9760782,3.9760782,3.9760782,3.9760782,3.9760782,3.9760782,3.9760782,3.9760782,3.9760782,3.9760782,3.9760782,3.9760782,3.9760782,3.9760782,3.9760782,3.9760782,3.9760782,3.9760782,3.9760782,3.9760782,4.07425297,4.07425297,4.07425297,4.07425297,4.07425297,4.07425297,4.07425297,4.07425297,4.07425297,4.07425297,4.07425297,4.07425297,4.07425297,4.07425297,4.07425297,4.07425297,4.07425297,4.07425297,4.07425297,4.07425297,4.07425297,4.07425297,4.17242774,4.07425297,4.07425297,4.17242774,4.17242774,4.27060251,4.27060251,4.27060251,4.36877728,4.36877728,4.46695205,4.46695205,4.56512682,4.6633016,4.6633016,4.76147637,4.76147637,4.76147637,4.85965114,4.85965114,4.95782591,4.95782591,4.95782591,4.95782591,4.95782591,4.95782591,4.95782591,4.95782591,4.95782591,4.95782591,4.95782591,4.95782591,4.95782591
340.375329971,C01,AP01,client_to_ap,VHT,2,2,2,80,SU,1,4,122,6637c97e16e6ce8a,6,-68.0,1.03083509,1.03083509,1.12900986,1.12900986,1.03083509,1.03083509,1.03083509,1.12900986,1.12900986,1.12900986,1.12900986,1.12900986,1.12900986,1.12900986,1.12900986,1.12900986,1.12900986,1.12900986,1.12900986,1.12900986,1.12900986,1.12900986,1.03083509,1.12900986,1.12900986,1.12900986,1.12900986,1.12900986,1.03083509,1.12900986,1.12900986,1.03083509,1.12900986,1.12900986,1.12900986,1.12900986,1.03083509,1.03083509,1.12900986,1.12900986,1.03083509,1.03083509,1.03083509,1.03083509,1.03083509,1.03083509,1.03083509,1.03083509,1.03083509,1.03083509,1.03083509,1.03083509,1.03083509,1.03083509,1.03083509,1.03083509,1.03083509,1.03083509,1.03083509,1.03083509,1.03083509,1.03083509,1.03083509,1.03083509,1.03083509,1.03083509,1.03083509,1.03083509,0.932660319,0.932660319,1.03083509,1.03083509,1.03083509,1.03083509,0.932660319,0.932660319,1.03083509,1.03083509,0.932660319,0.932660319,1.03083509,0.932660319,0.932660319,0.932660319,0.932660319,0.932660319,0.932660319,0.932660319,0.834485549,0.834485549,0.932660319,0.834485549,0.932660319,0.834485549,0.834485549,0.834485549,0.834485549,0.834485549,0.834485549,0.736310778,0.736310778,0.834485549,0.834485549,0.834485549,0.834485549,0.834485549,0.834485549,0.834485549,0.834485549,0.834485549,0.932660319,0.932660319,0.932660319,0.932660319,0.932660319,0.932660319,0.932660319,0.932660319,0.932660319,0.932660319,0.932660319,1.03083509,3.9760782,3.9760782,3.9760782,4.07425297,3.9760782,4.07425297,4.07425297,4.07425297,4.07425297,4.07425297,4.07425297,4.07425297,4.07425297,4.07425297,4.07425297,4.07425297,3.9760782,3.9760782,4.07425297,4.07425297,4.07425297,4.07425297,4.07425297,4.07425297,4.07425297,4.07425297,4.07425297,4.07425297,4.07425297,4.07425297,4.07425297,4.07425297,4.07425297,4.07425297,4.07425297,4.07425297,4.07425297,4.07425297,3.9760782,3.9760782,3.9760782,3.9760782,4.07425297,3.9760782,3.9760782,3.9760782,3.9760782,3.9760782,3.9760782,3.9760782,3.9760782,3.9760782,3.9760782,3.9760782,3.9760782,3.9760782,3.9760782,3.9760782,3.9760782,3.9760782,3.9760782,3.9760782,4.07425297,4.07425297,4.07425297,4.07425297,4.07425297,4.07425297,4.07425297,4.07425297,4.07425297,4.17242774,4.17242774,4.17242774,4.17242774,4.17242774,4.17242774,4.17242774,4.17242774,4.17242774,4.17242774,4.17242774,4.17242774,4.17242774,4.17242774,4.17242774,4.17242774,4.17242774,4.27060251,4.17242774,4.27060251,4.27060251,4.27060251,4.27060251,4.27060251,4.36877728,4.36877728,4.36877728,4.46695205,4.56512682,4.56512682,4.6633016,4.6633016,4.76147637,4.76147637,4.76147637,4.85965114,4.85965114,4.85965114,4.85965114,4.85965114,4.95782591,4.95782591,4.95782591,4.95782591,4.95782591,4.95782591,4.95782591,4.95782591,4.95782591,4.95782591,5.05600068
341.711216927,C01,AP01,client_to_ap,VHT,2,2,2,80,SU,1,4,122,6637c97e16e6ce8a,6,-68.0,1.03083509,1.03083509,1.03083509,1.03083509,1.03083509,1.03083509,1.03083509,1.12900986,1.12900986,1.12900986,1.12900986,1.12900986,1.12900986,1.12900986,1.12900986,1.12900986,1.12900986,1.12900986,1.03083509,1.12900986,1.03083509,1.03083509,1.12900986,1.12900986,1.12900986,1.12900986,1.12900986,1.12900986,1.12900986,1.12900986,1.12900986,1.12900986,1.12900986,1.03083509,1.12900986,1.12900986,1.12900986,1.03083509,1.03083509,1.03083509,1.12900986,1.03083509,1.03083509,1.03083509,1.03083509,1.03083509,1.03083509,1.03083509,1.03083509,1.03083509,1.03083509,1.03083509,1.03083509,1.03083509,1.03083509,1.03083509,1.03083509,1.03083509,1.03083509,1.03083509,1.03083509,1.03083509,1.03083509,1.03083509,1.03083509,1.03083509,1.03083509,1.03083509,0.932660319,0.932660319,1.03083509,1.03083509,0.932660319,0.932660319,0.932660319,0.932660319,1.03083509,0.932660319,0.932660319,0.932660319,0.932660319,0.932660319,0.932660319,0.932660319,0.932660319,0.932660319,0.932660319,0.932660319,0.834485549,0.932660319,0.834485549,0.834485549,0.834485549,0.834485549,0.834485549,0.834485549,0.834485549,0.834485549,0.834485549,0.736310778,0.736310778,0.834485549,0.834485549,0.834485549,0.834485549,0.834485549,0.834485549,0.834485549,0.834485549,0.834485549,0.834485549,0.834485549,0.834485549,0.932660319,0.932660319,0.932660319,0.932660319,0.932660319,0.932660319,0.932660319,0.932660319,1.03083509,3.9760782,3.9760782,3.9760782,4.07425297,4.07425297,4.07425297,4.07425297,4.07425297,4.07425297,4.07425297,4.07425297,4.07425297,4.07425297,4.07425297,4.07425297,4.07425297,4.07425297,4.07425297,4.07425297,4.07425297,4.07425297,4.07425297,4.07425297,4.07425297,4.07425297,4.07425297,4.07425297,3.9760782,4.07425297,4.07425297,4.07425297,4.07425297,4.07425297,4.07425297,4.07425297,4.07425297,4.07425297,4.07425297,3.9760782,4.07425297,3.9760782,3.9760782,3.9760782,3.9760782,3.9760782,3.9760782,3.9760782,3.9760782,3.9760782,3.9760782,3.9760782,3.9760782,3.9760782,3.9760782,3.9760782,3.9760782,3.9760782,3.9760782,3.9760782,3.9760782,3.9760782,4.07425297,4.07425297,4.07425297,4.07425297,4.07425297,4.07425297,4.07425297,4.07425297,4.07425297,4.07425297,4.07425297,4.17242774,4.17242774,4.17242774,4.17242774,4.17242774,4.17242774,4.17242774,4.17242774,4.17242774,4.17242774,4.27060251,4.17242774,4.17242774,4.17242774,4.17242774,4.17242774,4.17242774,4.27060251,4.27060251,4.17242774,4.27060251,4.27060251,4.27060251,4.36877728,4.36877728,4.46695205,4.46695205,4.56512682,4.56512682,4.6633016,4.76147637,4.76147637,4.76147637,4.76147637,4.85965114,4.85965114,4.85965114,4.85965114,4.95782591,4.95782591,4.95782591,4.95782591,4.95782591,4.95782591,4.95782591,4.95782591,4.95782591,5.05600068,4.95782591,5.05600068
343.043505907,C01,AP01,client_to_ap,VHT,2,2,2,80,SU,1,4,122,6637c97e16e6ce8a,6,-68.0,1.12900986,1.12900986,1.12900986,1.12900986,1.12900986,1.12900986,1.12900986,1.12900986,1.12900986,1.12900986,1.12900986,1.12900986,1.12900986,1.12900986,1.12900986,1.12900986,1.12900986,1.12900986,1.12900986,1.12900986,1.12900986,1.12900986,1.12900986,1.12900986,1.12900986,1.12900986,1.12900986,1.12900986,1.12900986,1.12900986,1.12900986,1.12900986,1.12900986,1.12900986,1.12900986,1.12900986,1.03083509,1.12900986,1.12900986,1.12900986,1.12900986,1.03083509,1.03083509,1.03083509,1.03083509,1.03083509,1.03083509,1.03083509,1.03083509,1.03083509,1.03083509,1.03083509,1.03083509,1.03083509,1.03083509,1.03083509,1.03083509,1.03083509,1.03083509,1.03083509,1.03083509,1.03083509,1.03083509,1.03083509,1.03083509,1.03083509,1.03083509,1.03083509,1.03083509,1.03083509,1.03083509,1.03083509,1.03083509,1.03083509,0.932660319,0.932660319,0.932660319,0.932660319,0.932660319,0.932660319,0.932660319,0.932660319,0.932660319,0.932660319,0.932660319,0.932660319,0.932660319,0.932660319,0.932660319,0.932660319,0.834485549,0.834485549,0.834485549,0.834485549,0.834485549,0.834485549,0.834485549,0.834485549,0.736310778,0.834485549,0.834485549,0.834485549,0.834485549,0.834485549,0.834485549,0.834485549,0.834485549,0.834485549,0.834485549,0.834485549,0.834485549,0.834485549,0.932660319,0.932660319,0.932660319,0.932660319,0.932660319,0.932660319,0.932660319,0.932660319,1.03083509,1.03083509,3.9760782,3.9760782,3.9760782,3.9760782,3.9760782,3.9760782,3.9760782,3.9760782,4.07425297,3.9760782,3.9760782,4.07425297,3.9760782,4.07425297,3.9760782,3.9760782,3.9760782,3.9760782,4.07425297,3.9760782,3.9760782,3.9760782,3.9760782,3.9760782,3.9760782,3.9760782,3.9760782,4.07425297,4.07425297,3.9760782,3.9760782,3.9760782,3.9760782,3.9760782,4.07425297,3.9760782,3.9760782,3.9760782,3.9760782,3.9760782,3.9760782,3.9760782,3.9760782,3.9760782,3.9760782,3.9760782,3.9760782,3.9760782,3.9760782,3.9760782,3.9760782,3.9760782,3.9760782,3.9760782,3.9760782,3.9760782,3.9760782,3.9760782,3.9760782,4.07425297,3.9760782,3.9760782,4.07425297,4.07425297,4.07425297,4.07425297,4.07425297,4.07425297,4.07425297,4.07425297,4.07425297,4.07425297,4.17242774,4.17242774,4.17242774,4.17242774,4.17242774,4.17242774,4.17242774,4.17242774,4.17242774,4.17242774,4.17242774,4.17242774,4.27060251,4.27060251,4.17242774,4.27060251,4.27060251,4.27060251,4.27060251,4.27060251,4.27060251,4.27060251,4.36877728,4.36877728,4.46695205,4.46695205,4.56512682,4.56512682,4.56512682,4.6633016,4.6633016,4.76147637,4.76147637,4.76147637,4.85965114,4.85965114,4.85965114,4.95782591,4.95782591,4.95782591,4.95782591,4.95782591,4.95782591,4.95782591,4.95782591,4.95782591,5.05600068,4.95782591,4.95782591,5.05600068
344.375097036,C01,AP01,client_to_ap,VHT,2,2,2,80,SU,1,4,122,6637c97e16e6ce8a,6,-68.0,1.03083509,1.03083509,1.03083509,1.03083509,1.03083509,1.03083509,1.03083509,1.03083509,1.03083509,1.03083509,1.03083509,1.03083509,1.03083509,1.03083509,1.03083509,1.03083509,1.03083509,1.03083509,1.03083509,1.03083509,1.03083509,1.03083509,1.03083509,1.03083509,1.03083509,1.03083509,1.03083509,1.03083509,1.03083509,1.03083509,1.03083509,1.03083509,1.03083509,1.03083509,1.03083509,1.03083509,1.03083509,1.03083509,1.03083509,1.03083509,1.03083509,1.03083509,1.03083509,1.03083509,1.03083509,1.03083509,1.03083509,1.03083509,1.03083509,1.03083509,1.03083509,1.03083509,1.03083509,1.03083509,1.03083509,1.03083509,1.03083509,1.03083509,1.03083509,1.03083509,1.03083509,1.03083509,1.03083509,1.03083509,1.03083509,1.03083509,1.03083509,1.03083509,1.03083509,1.03083509,1.03083509,1.03083509,1.03083509,1.03083509,1.03083509,1.03083509,1.03083509,1.03083509,1.03083509,1.03083509,0.932660319,0.932660319,0.932660319,0.932660319,0.932660319,0.932660319,0.932660319,0.932660319,0.834485549,0.834485549,0.834485549,0.834485549,0.834485549,0.834485549,0.834485549,0.736310778,0.736310778,0.736310778,0.736310778,0.736310778,0.736310778,0.736310778,0.834485549,0.736310778,0.736310778,0.736310778,0.834485549,0.834485549,0.834485549,0.834485549,0.834485549,0.834485549,0.932660319,0.932660319,0.932660319,0.932660319,0.932660319,0.932660319,1.03083509,1.03083509,1.03083509,1.03083509,3.9760782,3.9760782,3.9760782,3.9760782,4.07425297,3.9760782,3.9760782,4.07425297,4.07425297,4.07425297,3.9760782,4.07425297,3.9760782,4.07425297,4.07425297,4.07425297,3.9760782,3.9760782,3.9760782,3.9760782,3.9760782,3.9760782,3.9760782,4.07425297,4.07425297,3.9760782,3.9760782,3.9760782,3.9760782,3.9760782,3.9760782,3.9760782,4.07425297,3.9760782,3.9760782,3.9760782,4.07425297,3.9760782,3.9760782,4.07425297,3.9760782,3.9760782,3.9760782,3.9760782,3.9760782,3.9760782,3.9760782,3.9760782,3.9760782,3.9760782,3.9760782,3.9760782,3.9760782,3.9760782,3.9760782,3.9760782,3.9760782,3.9760782,3.9760782,3.9760782,3.9760782,3.9760782,3.9760782,3.9760782,3.9760782,3.9760782,3.9760782,3.9760782,3.9760782,3.9760782,4.07425297,4.07425297,4.07425297,4.07425297,4.07425297,4.07425297,4.07425297,4.07425297,4.07425297,4.07425297,4.07425297,4.07425297,4.07425297,4.07425297,4.07425297,4.07425297,4.07425297,4.07425297,4.07425297,4.07425297,4.07425297,4.17242774,4.17242774,4.07425297,4.17242774,4.27060251,4.27060251,4.36877728,4.36877728,4.46695205,4.46695205,4.56512682,4.6633016,4.6633016,4.76147637,4.76147637,4.76147637,4.76147637,4.85965114,4.85965114,4.85965114,4.95782591,4.95782591,4.95782591,4.95782591,4.95782591,4.95782591,4.95782591,4.95782591,4.95782591,4.95782591,4.95782591
345.710886002,C01,AP01,client_to_ap,VHT,2,2,2,80,SU,1,4,122,6637c97e16e6ce8a,6,-68.0,1.12900986,1.12900986,1.12900986,1.12900986,1.12900986,1.12900986,1.12900986,1.12900986,1.12900986,1.12900986,1.12900986,1.12900986,1.12900986,1.12900986,1.12900986,1.12900986,1.12900986,1.12900986,1.12900986,1.12900986,1.12900986,1.12900986,1.03083509,1.12900986,1.12900986,1.03083509,1.12900986,1.12900986,1.12900986,1.12900986,1.12900986,1.12900986,1.03083509,1.12900986,1.12900986,1.12900986,1.03083509,1.12900986,1.12900986,1.12900986,1.12900986,1.12900986,1.12900986,1.12900986,1.12900986,1.12900986,1.12900986,1.12900986,1.12900986,1.12900986,1.12900986,1.12900986,1.03083509,1.12900986,1.12900986,1.03083509,1.03083509,1.03083509,1.12900986,1.03083509,1.03083509,1.03083509,1.03083509,1.03083509,1.03083509,1.03083509,1.03083509,1.03083509,1.03083509,1.03083509,1.03083509,1.03083509,1.03083509,1.03083509,1.03083509,1.03083509,1.03083509,1.03083509,1.03083509,1.03083509,1.03083509,1.03083509,0.932660319,0.932660319,0.932660319,0.932660319,0.932660319,0.932660319,0.932660319,0.932660319,0.834485549,0.932660319,0.834485549,0.834485549,0.834485549,0.834485549,0.834485549,0.834485549,0.834485549,0.834485549,0.834485549,0.834485549,0.834485549,0.834485549,0.834485549,0.834485549,0.834485549,0.834485549,0.834485549,0.932660319,0.932660319,0.932660319,0.932660319,0.932660319,0.932660319,0.932660319,0.932660319,1.03083509,1.03083509,1.03083509,1.03083509,1.03083509,3.9760782,3.9760782,4.07425297,4.07425297,4.07425297,3.9760782,4.07425297,4.07425297,4.07425297,4.07425297,4.07425297,4.07425297,3.9760782,4.07425297,4.07425297,4.07425297,4.07425297,4.07425297,3.9760782,4.07425297,4.07425297,4.07425297,4.07425297,4.07425297,4.07425297,4.07425297,4.07425297,4.07425297,4.07425297,4.07425297,4.07425297,4.07425297,4.07425297,4.07425297,4.07425297,4.17242774,4.07425297,4.07425297,4.07425297,4.07425297,4.07425297,4.07425297,4.07425297,4.07425297,4.07425297,4.07425297,4.07425297,4.07425297,4.07425297,4.07425297,4.07425297,4.07425297,4.07425297,3.9760782,3.9760782,3.9760782,3.9760782,4.07425297,3.9760782,3.9760782,3.9760782,3.9760782,3.9760782,4.07425297,4.07425297,3.9760782,3.9760782,4.07425297,4.07425297,4.07425297,4.07425297,4.07425297,4.07425297,4.07425297,4.07425297,4.07425297,4.07425297,4.17242774,4.07425297,4.17242774,4.17242774,4.17242774,4.17242774,4.17242774,4.07425297,4.17242774,4.17242774,4.17242774,4.17242774,4.17242774,4.17242774,4.17242774,4.17242774,4.17242774,4.27060251,4.27060251,4.36877728,4.36877728,4.46695205,4.56512682,4.56512682,4.56512682,4.6633016,4.6633016,4.76147637,4.76147637,4.76147637,4.85965114,4.85965114,4.85965114,4.85965114,4.85965114,4.85965114,4.95782591,4.95782591,4.95782591,4.95782591,4.95782591,4.95782591,4.95782591,4.95782591,4.95782591
347.042718887,C01,AP01,client_to_ap,VHT,2,2,2,80,SU,1,4,122,6637c97e16e6ce8a,6,-68.0,1.03083509,1.03083509,1.03083509,1.03083509,1.03083509,1.03083509,1.03083509,1.12900986,1.12900986,1.03083509,1.03083509,1.03083509,1.03083509,1.12900986,1.03083509,1.03083509,1.03083509,1.03083509,1.03083509,1.03083509,1.03083509,1.03083509,1.03083509,1.03083509,1.03083509,1.03083509,1.03083509,1.03083509,1.03083509,1.03083509,1.03083509,1.03083509,1.03083509,1.03083509,1.03083509,1.03083509,1.03083509,1.03083509,1.03083509,1.03083509,1.03083509,1.03083509,1.03083509,1.03083509,1.03083509,1.03083509,1.03083509,1.03083509,1.03083509,1.03083509,1.03083509,1.03083509,1.03083509,1.03083509,1.03083509,1.03083509,1.03083509,1.03083509,1.03083509,1.03083509,1.03083509,1.03083509,1.03083509,1.03083509,1.03083509,1.03083509,1.03083509,1.03083509,1.03083509,1.03083509,1.03083509,1.03083509,1.03083509,1.03083509,1.03083509,1.03083509,1.03083509,0.932660319,0.932660319,0.932660319,0.932660319,0.932660319,0.932660319,0.932660319,0.932660319,0.932660319,0.834485549,0.834485549,0.834485549,0.834485549,0.834485549,0.834485549,0.834485549,0.736310778,0.736310778,0.736310778,0.736310778,0.736310778,0.736310778,0.736310778,0.736310778,0.834485549,0.834485549,0.834485549,0.834485549,0.834485549,0.834485549,0.834485549,0.834485549,0.834485549,0.932660319,0.932660319,0.932660319,0.932660319,0.932660319,0.932660319,0.932660319,0.932660319,1.03083509,1.03083509,1.03083509,1.03083509,3.9760782,4.07425297,4.07425297,4.07425297,4.07425297,4.07425297,4.07425297,4.07425297,4.07425297,4.07425297,3.9760782,4.07425297,4.07425297,4.07425297,3.9760782,3.9760782,4.07425297,3.9760782,3.9760782,3.9760782,3.9760782,4.07425297,3.9760782,3.9760782,3.9760782,3.9760782,3.9760782,3.9760782,4.07425297,3.9760782,3.9760782,4.07425297,4.07425297,4.07425297,4.07425297,4.07425297,4.07425297,4.07425297,4.07425297,4.07425297,4.07425297,4.07425297,4.07425297,4.07425297,4.07425297,4.07425297,3.9760782,3.9760782,4.07425297,4.07425297,3.9760782,3.9760782,3.9760782,4.07425297,3.9760782,4.07425297,3.9760782,3.9760782,3.9760782,3.9760782,3.9760782,3.9760782,3.9760782,4.07425297,3.9760782,3.9760782,3.9760782,4.07425297,4.07425297,4.07425297,4.07425297,4.07425297,4.07425297,4.07425297,4.07425297,4.07425297,4.07425297,4.07425297,4.07425297,4.07425297,4.07425297,4.07425297,4.07425297,4.07425297,4.17242774,4.07425297,4.07425297,4.07425297,4.07425297,4.17242774,4.17242774,4.17242774,4.17242774,4.17242774,4.27060251,4.27060251,4.36877728,4.46695205,4.46695205,4.46695205,4.56512682,4.6633016,4.6633016,4.76147637,4.76147637,4.76147637,4.76147637,4.85965114,4.85965114,4.85965114,4.85965114,4.95782591,4.95782591,4.95782591,4.95782591,4.95782591,4.95782591,4.95782591,4.95782591,4.95782591,4.95782591,4.95782591
348.375010967,C01,AP01,client_to_ap,VHT,2,2,2,80,SU,1,4,122,6637c97e16e6ce8a,6,-68.0,1.03083509,1.03083509,1.03083509,1.12900986,1.03083509,1.12900986,1.03083509,1.12900986,1.12900986,1.12900986,1.12900986,1.12900986,1.12900986,1.03083509,1.12900986,1.03083509,1.12900986,1.03083509,1.03083509,1.03083509,1.03083509,1.03083509,1.03083509,1.03083509,1.03083509,1.03083509,1.03083509,1.03083509,1.03083509,1.03083509,1.03083509,1.03083509,1.03083509,1.03083509,1.03083509,1.03083509,1.03083509,1.03083509,1.03083509,1.03083509,1.03083509,1.03083509,1.03083509,1.03083509,1.03083509,1.03083509,1.03083509,1.03083509,1.03083509,1.03083509,1.03083509,1.03083509,1.03083509,1.03083509,1.03083509,1.03083509,1.03083509,1.03083509,1.03083509,1.03083509,1.03083509,1.03083509,1.03083509,1.03083509,1.03083509,1.03083509,1.03083509,1.03083509,1.03083509,1.03083509,1.03083509,1.03083509,1.03083509,1.03083509,1.03083509,1.03083509,1.03083509,1.03083509,1.03083509,1.03083509,0.932660319,0.932660319,0.932660319,0.932660319,0.932660319,0.932660319,0.932660319,0.932660319,0.834485549,0.834485549,0.834485549,0.834485549,0.834485549,0.834485549,0.834485549,0.736310778,0.736310778,0.834485549,0.736310778,0.736310778,0.736310778,0.834485549,0.834485549,0.834485549,0.834485549,0.834485549,0.834485549,0.834485549,0.834485549,0.834485549,0.834485549,0.834485549,0.932660319,0.932660319,0.932660319,0.932660319,0.932660319,1.03083509,1.03083509,1.03083509,1.03083509,1.03083509,3.9760782,3.9760782,4.07425297,4.07425297,4.07425297,4.07425297,3.9760782,4.07425297,4.07425297,4.07425297,4.07425297,4.07425297,4.07425297,4.07425297,4.07425297,4.07425297,4.07425297,4.07425297,3.9760782,4.07425297,4.07425297,3.9760782,4.07425297,3.9760782,4.07425297,3.9760782,4.07425297,4.07425297,4.07425297,4.07425297,4.07425297,4.07425297,4.07425297,4.07425297,4.07425297,4.07425297,4.07425297,4.07425297,4.07425297,4.07425297,4.07425297,4.07425297,4.07425297,4.07425297,3.9760782,4.07425297,4.07425297,4.07425297,4.07425297,4.07425297,3.9760782,3.9760782,4.07425297,4.07425297,3.9760782,4.07425297,3.9760782,3.9760782,3.9760782,4.07425297,4.07425297,3.9760782,4.07425297,4.07425297,4.07425297,4.07425297,4.07425297,4.07425297,4.07425297,4.07425297,4.07425297,4.07425297,4.17242774,4.07425297,4.17242774,4.07425297,4.07425297,4.07425297,4.17242774,4.17242774,4.07425297,4.17242774,4.07425297,4.07425297,4.07425297,4.17242774,4.17242774,4.17242774,4.17242774,4.17242774,4.17242774,4.17242774,4.27060251,4.27060251,4.27060251,4.36877728,4.36877728,4.46695205,4.56512682,4.56512682,4.56512682,4.6633016,4.76147637,4.76147637,4.76147637,4.85965114,4.85965114,4.85965114,4.85965114,4.85965114,4.95782591,4.85965114,4.95782591,4.95782591,4.95782591,4.95782591,4.95782591,4.95782591,4.95782591,5.05600068,4.95782591,4.95782591
349.737027884,C01,AP01,client_to_ap,VHT,2,2,2,80,SU,1,4,122,6637c97e16e6ce8a,6,-68.0,1.03083509,1.03083509,1.03083509,1.12900986,1.12900986,1.12900986,1.12900986,1.12900986,1.12900986,1.12900986,1.12900986,1.12900986,1.12900986,1.12900986,1.12900986,1.12900986,1.12900986,1.12900986,1.12900986,1.12900986,1.12900986,1.12900986,1.12900986,1.12900986,1.12900986,1.12900986,1.12900986,1.12900986,1.12900986,1.22718463,1.12900986,1.22718463,1.12900986,1.12900986,1.12900986,1.12900986,1.12900986,1.12900986,1.12900986,1.12900986,1.12900986,1.12900986,1.12900986,1.12900986,1.12900986,1.12900986,1.12900986,1.12900986,1.12900986,1.12900986,1.12900986,1.12900986,1.12900986,1.12900986,1.12900986,1.03083509,1.03083509,1.03083509,1.03083509,1.03083509,1.03083509,1.03083509,1.03083509,1.03083509,1.03083509,1.03083509,1.03083509,1.03083509,1.03083509,1.03083509,1.03083509,1.03083509,1.03083509,1.03083509,1.03083509,1.03083509,1.03083509,1.03083509,1.03083509,1.03083509,0.932660319,0.932660319,0.932660319,0.932660319,0.932660319,0.932660319,0.932660319,0.834485549,0.834485549,0.834485549,0.834485549,0.834485549,0.834485549,0.736310778,0.736310778,0.736310778,0.736310778,0.736310778,0.736310778,0.736310778,0.736310778,0.736310778,0.834485549,0.834485549,0.736310778,0.834485549,0.834485549,0.834485549,0.834485549,0.834485549,0.834485549,0.834485549,0.834485549,0.834485549,0.932660319,0.932660319,0.932660319,0.932660319,0.932660319,0.932660319,0.932660319,0.932660319,4.07425297,4.07425297,4.07425297,4.17242774,4.17242774,4.17242774,4.17242774,4.17242774,4.17242774,4.27060251,4.17242774,4.17242774,4.17242774,4.17242774,4.17242774,4.17242774,4.17242774,4.17242774,4.17242774,4.17242774,4.17242774,4.07425297,4.07425297,4.07425297,4.07425297,4.07425297,4.07425297,4.07425297,4.07425297,3.9760782,3.9760782,3.9760782,3.9760782,3.9760782,3.9760782,3.9760782,3.9760782,3.9760782,3.87790343,3.87790343,3.9760782,3.87790343,3.9760782,3.87790343,3.87790343,3.87790343,3.87790343,3.87790343,3.87790343,3.87790343,3.87790343,3.87790343,3.87790343,3.87790343,3.87790343,3.87790343,3.87790343,3.87790343,3.87790343,3.87790343,3.87790343,3.87790343,3.87790343,3.87790343,3.87790343,3.87790343,3.87790343,3.9760782,3.87790343,3.9760782,3.9760782,3.9760782,3.9760782,3.9760782,3.9760782,3.9760782,3.9760782,3.87790343,3.9760782,3.9760782,3.9760782,3.9760782,3.87790343,3.87790343,3.9760782,3.9760782,3.9760782,3.9760782,3.9760782,3.9760782,4.07425297,4.07425297,4.17242774,4.17242774,4.17242774,4.27060251,4.27060251,4.36877728,4.46695205,4.46695205,4.56512682,4.56512682,4.56512682,4.6633016,4.6633016,4.76147637,4.76147637,4.76147637,4.76147637,4.76147637,4.76147637,4.76147637,4.85965114,4.85965114,4.85965114,4.85965114,4.85965114,4.95782591,4.95782591,4.95782591,4.95782591,4.95782591
351.043140888,C01,AP01,client_to_ap,VHT,2,2,2,80,SU,1,4,122,6637c97e16e6ce8a,6,-68.0,1.03083509,1.03083509,1.03083509,1.03083509,1.12900986,1.03083509,1.03083509,1.12900986,1.12900986,1.12900986,1.12900986,1.03083509,1.03083509,1.12900986,1.03083509,1.03083509,1.03083509,1.03083509,1.03083509,1.03083509,1.03083509,1.03083509,1.03083509,1.03083509,1.03083509,1.03083509,1.12900986,1.03083509,1.03083509,1.03083509,1.12900986,1.12900986,1.03083509,1.12900986,1.12900986,1.12900986,1.12900986,1.12900986,1.12900986,1.12900986,1.12900986,1.12900986,1.12900986,1.12900986,1.12900986,1.12900986,1.12900986,1.12900986,1.12900986,1.12900986,1.12900986,1.12900986,1.12900986,1.12900986,1.12900986,1.03083509,1.03083509,1.03083509,1.03083509,1.03083509,1.03083509,1.03083509,1.03083509,1.03083509,1.03083509,1.03083509,1.03083509,1.03083509,1.03083509,1.03083509,1.03083509,1.03083509,1.03083509,1.03083509,0.932660319,0.932660319,1.03083509,0.932660319,0.932660319,0.932660319,0.932660319,0.932660319,0.932660319,0.932660319,0.932660319,0.932660319,0.932660319,0.834485549,0.834485549,0.932660319,0.834485549,0.834485549,0.932660319,0.932660319,0.834485549,0.932660319,0.932660319,0.932660319,0.932660319,0.932660319,0.932660319,0.932660319,0.932660319,0.932660319,0.932660319,1.03083509,0.932660319,1.03083509,1.03083509,1.03083509,1.03083509,1.03083509,1.03083509,1.03083509,1.03083509,1.03083509,1.03083509,1.03083509,1.03083509,1.03083509,1.12900986,1.03083509,3.87790343,3.9760782,3.9760782,3.9760782,3.9760782,3.9760782,3.9760782,3.9760782,3.9760782,3.9760782,4.07425297,4.07425297,3.9760782,4.07425297,4.07425297,4.07425297,4.07425297,4.07425297,4.07425297,4.07425297,4.07425297,4.07425297,4.07425297,4.07425297,4.17242774,4.07425297,4.07425297,4.17242774,4.17242774,4.07425297,4.17242774,4.07425297,4.17242774,4.17242774,4.07425297,4.17242774,4.17242774,4.17242774,4.17242774,4.07425297,4.07425297,4.07425297,4.07425297,4.07425297,4.07425297,4.07425297,4.07425297,4.07425297,3.9760782,3.9760782,3.9760782,3.9760782,3.9760782,3.9760782,3.9760782,3.9760782,3.9760782,3.9760782,3.9760782,3.9760782,3.9760782,3.9760782,3.9760782,3.9760782,3.9760782,3.9760782,3.9760782,4.07425297,4.07425297,4.07425297,4.07425297,4.07425297,4.07425297,4.07425297,4.07425297,4.07425297,4.17242774,4.17242774,4.17242774,4.17242774,4.17242774,4.17242774,4.17242774,4.27060251,4.27060251,4.27060251,4.27060251,4.27060251,4.36877728,4.36877728,4.46695205,4.46695205,4.46695205,4.46695205,4.56512682,4.56512682,4.6633016,4.6633016,4.6633016,4.76147637,4.76147637,4.76147637,4.85965114,4.76147637,4.76147637,4.85965114,4.85965114,4.85965114,4.85965114,4.85965114,4.85965114,4.85965114,4.85965114,4.85965114,4.85965114,4.85965114,4.85965114,4.85965114,4.85965114,4.85965114,4.85965114,4.85965114
352.375088930,C01,AP01,client_to_ap,VHT,2,2,2,80,SU,1,4,122,6637c97e16e6ce8a,6,-68.0,1.22718463,1.22718463,1.22718463,1.22718463,1.22718463,1.22718463,1.22718463,1.22718463,1.22718463,1.22718463,1.22718463,1.22718463,1.22718463,1.22718463,1.22718463,1.22718463,1.22718463,1.22718463,1.22718463,1.22718463,1.22718463,1.22718463,1.22718463,1.22718463,1.22718463,1.22718463,1.22718463,1.22718463,1.22718463,1.22718463,1.22718463,1.22718463,1.22718463,1.22718463,1.22718463,1.22718463,1.22718463,1.22718463,1.22718463,1.22718463,1.22718463,1.12900986,1.12900986,1.12900986,1.12900986,1.12900986,1.12900986,1.12900986,1.12900986,1.12900986,1.12900986,1.12900986,1.12900986,1.12900986,1.12900986,1.12900986,1.12900986,1.12900986,1.12900986,1.12900986,1.12900986,1.12900986,1.12900986,1.12900986,1.12900986,1.12900986,1.12900986,1.12900986,1.12900986,1.12900986,1.12900986,1.12900986,1.12900986,1.12900986,1.12900986,1.12900986,1.12900986,1.12900986,1.12900986,1.12900986,1.12900986,1.12900986,1.12900986,1.12900986,1.12900986,1.12900986,1.12900986,1.12900986,1.12900986,1.12900986,1.12900986,1.12900986,1.03083509,1.12900986,1.12900986,1.03083509,1.03083509,1.12900986,1.12900986,1.12900986,1.12900986,1.12900986,1.12900986,1.12900986,1.12900986,1.12900986,1.12900986,1.12900986,1.12900986,1.22718463,1.12900986,1.12900986,1.12900986,1.12900986,1.22718463,1.22718463,1.12900986,1.22718463,1.22718463,1.22718463,1.12900986,1.22718463,3.87790343,3.87790343,3.87790343,3.87790343,3.9760782,3.9760782,3.87790343,3.87790343,3.9760782,3.87790343,3.87790343,3.87790343,3.87790343,3.87790343,3.87790343,3.77972866,3.77972866,3.68155389,3.58337912,3.58337912,3.68155389,3.58337912,3.58337912,3.58337912,3.48520435,3.58337912,3.48520435,3.48520435,3.58337912,3.58337912,3.48520435,3.48520435,3.58337912,3.58337912,3.48520435,3.48520435,3.48520435,3.58337912,3.48520435,3.48520435,3.58337912,3.58337912,3.48520435,3.48520435,3.48520435,3.58337912,3.48520435,3.48520435,3.58337912,3.58337912,3.58337912,3.58337912,3.58337912,3.58337912,3.58337912,3.58337912,3.68155389,3.68155389,3.68155389,3.68155389,3.77972866,3.77972866,3.77972866,3.77972866,3.87790343,3.87790343,3.87790343,3.87790343,3.9760782,3.9760782,3.9760782,3.9760782,4.07425297,3.9760782,4.07425297,4.07425297,4.07425297,4.07425297,4.07425297,4.07425297,4.07425297,4.07425297,4.07425297,4.07425297,4.07425297,4.07425297,4.07425297,4.17242774,4.17242774,4.17242774,4.17242774,4.17242774,4.17242774,4.27060251,4.36877728,4.27060251,4.36877728,4.46695205,4.46695205,4.46695205,4.46695205,4.56512682,4.6633016,4.76147637,4.76147637,4.76147637,4.76147637,4.85965114,4.76147637,4.76147637,4.85965114,4.76147637,4.76147637,4.76147637,4.76147637,4.85965114,4.76147637,4.76147637,4.85965114,4.85965114,4.85965114,4.85965114
353.711225033,C01,AP01,client_to_ap,VHT,2,2,2,80,SU,1,4,122,6637c97e16e6ce8a,6,-68.0,0.834485549,0.834485549,0.834485549,0.834485549,0.834485549,0.834485549,0.834485549,0.834485549,0.834485549,0.834485549,0.834485549,0.834485549,0.834485549,0.736310778,0.834485549,0.834485549,0.834485549,0.834485549,0.834485549,0.834485549,0.834485549,0.834485549,0.834485549,0.834485549,0.834485549,0.834485549,0.834485549,0.834485549,0.834485549,0.834485549,0.834485549,0.834485549,0.834485549,0.834485549,0.834485549,0.834485549,0.834485549,0.834485549,0.834485549,0.834485549,0.834485549,0.834485549,0.834485549,0.834485549,0.834485549,0.834485549,0.834485549,0.834485549,0.834485549,0.834485549,0.736310778,0.834485549,0.834485549,0.736310778,0.736310778,0.736310778,0.834485549,0.736310778,0.736310778,0.736310778,0.736310778,0.736310778,0.736310778,0.736310778,0.736310778,0.736310778,0.736310778,0.736310778,0.736310778,0.736310778,0.736310778,0.638136008,0.638136008,0.736310778,0.638136008,0.638136008,0.638136008,0.638136008,0.638136008,0.638136008,0.638136008,0.539961237,0.539961237,0.539961237,0.539961237,0.441786467,0.441786467,0.441786467,0.441786467,0.343611696,0.343611696,0.343611696,0.343611696,0.343611696,0.245436926,0.245436926,0.245436926,0.245436926,0.343611696,0.343611696,0.343611696,0.441786467,0.441786467,0.441786467,0.441786467,0.441786467,0.539961237,0.539961237,0.539961237,0.539961237,0.638136008,0.638136008,0.638136008,0.638136008,0.638136008,0.638136008,0.736310778,0.736310778,0.736310778,0.736310778,0.736310778,0.736310778,4.17242774,4.27060251,4.27060251,4.27060251,4.27060251,4.27060251,4.27060251,4.27060251,4.36877728,4.36877728,4.36877728,4.36877728,4.36877728,4.36877728,4.36877728,4.36877728,4.46695205,4.46695205,4.46695205,4.46695205,4.46695205,4.46695205,4.46695205,4.46695205,4.46695205,4.46695205,4.46695205,4.46695205,4.46695205,4.46695205,4.46695205,4.46695205,4.46695205,4.46695205,4.46695205,4.46695205,4.46695205,4.46695205,4.46695205,4.46695205,4.46695205,4.46695205,4.46695205,4.46695205,4.46695205,4.46695205,4.46695205,4.46695205,4.46695205,4.46695205,4.46695205,4.46695205,4.36877728,4.36877728,4.36877728,4.46695205,4.36877728,4.36877728,4.36877728,4.36877728,4.36877728,4.36877728,4.36877728,4.36877728,4.36877728,4.36877728,4.36877728,4.36877728,4.36877728,4.36877728,4.36877728,4.36877728,4.36877728,4.36877728,4.36877728,4.36877728,4.27060251,4.27060251,4.27060251,4.27060251,4.27060251,4.27060251,4.27060251,4.17242774,4.27060251,4.27060251,4.27060251,4.27060251,4.27060251,4.46695205,4.46695205,4.56512682,4.56512682,4.76147637,4.95782591,4.95782591,5.15417545,5.15417545,5.25235022,5.35052499,5.44869976,5.54687453,5.54687453,5.54687453,5.54687453,5.54687453,5.6450493,5.54687453,5.54687453,5.6450493,5.54687453,5.54687453,5.6450493,5.6450493,5.6450493,5.6450493,5.54687453,5.54687453,5.54687453,5.54687453,5.54687453,5.54687453
355.042514086,C01,AP01,client_to_ap,VHT,2,2,2,80,SU,1,4,122,6637c97e16e6ce8a,6,-68.0,0.932660319,0.932660319,0.932660319,1.03083509,0.932660319,1.03083509,0.932660319,1.03083509,1.03083509,1.03083509,1.03083509,1.03083509,1.03083509,1.03083509,1.03083509,1.03083509,1.03083509,1.03083509,1.03083509,1.03083509,1.03083509,1.03083509,1.03083509,1.03083509,1.03083509,1.03083509,1.03083509,1.03083509,1.03083509,1.03083509,1.03083509,1.03083509,1.03083509,1.03083509,1.03083509,1.03083509,1.03083509,1.03083509,1.03083509,1.03083509,1.03083509,1.03083509,1.03083509,1.03083509,1.03083509,1.03083509,1.03083509,1.03083509,1.03083509,1.03083509,1.03083509,1.03083509,1.03083509,1.03083509,1.03083509,1.03083509,1.03083509,0.932660319,0.932660319,0.932660319,1.03083509,0.932660319,0.932660319,0.932660319,0.932660319,0.932660319,0.932660319,0.932660319,0.932660319,0.932660319,0.932660319,0.932660319,0.932660319,0.932660319,0.932660319,0.932660319,0.932660319,0.932660319,0.932660319,0.932660319,0.834485549,0.834485549,0.834485549,0.834485549,0.834485549,0.736310778,0.736310778,0.736310778,0.736310778,0.736310778,0.638136008,0.638136008,0.638136008,0.638136008,0.638136008,0.638136008,0.638136008,0.638136008,0.638136008,0.638136008,0.638136008,0.638136008,0.638136008,0.638136008,0.638136008,0.736310778,0.736310778,0.736310778,0.736310778,0.736310778,0.736310778,0.834485549,0.834485549,0.834485549,0.834485549,0.834485549,0.834485549,0.834485549,0.932660319,0.932660319,0.932660319,0.932660319,3.87790343,3.9760782,3.9760782,3.9760782,3.9760782,3.9760782,3.9760782,4.07425297,3.9760782,3.9760782,3.9760782,4.07425297,4.07425297,4.07425297,4.07425297,4.07425297,4.07425297,3.9760782,4.07425297,4.07425297,4.07425297,4.07425297,3.9760782,4.07425297,4.07425297,4.07425297,4.07425297,4.07425297,4.07425297,4.07425297,4.07425297,4.07425297,4.07425297,4.07425297,4.07425297,4.07425297,4.07425297,4.07425297,4.07425297,4.07425297,3.9760782,3.9760782,3.9760782,3.9760782,3.9760782,3.9760782,3.9760782,3.9760782,3.9760782,3.87790343,3.87790343,3.9760782,3.87790343,3.87790343,3.87790343,3.87790343,3.87790343,3.87790343,3.87790343,3.87790343,3.9760782,3.9760782,3.9760782,3.9760782,3.9760782,3.9760782,3.9760782,3.9760782,3.9760782,3.9760782,4.07425297,4.07425297,4.07425297,4.07425297,4.07425297,4.07425297,4.07425297,4.07425297,3.9760782,3.9760782,4.07425297,4.07425297,3.9760782,4.07425297,4.07425297,4.07425297,3.9760782,4.07425297,4.07425297,4.07425297,4.07425297,4.07425297,4.17242774,4.17242774,4.27060251,4.27060251,4.36877728,4.46695205,4.46695205,4.56512682,4.6633016,4.76147637,4.76147637,4.76147637,4.95782591,4.95782591,4.95782591,4.95782591,4.95782591,5.05600068,5.05600068,5.15417545,5.15417545,5.05600068,5.15417545,5.15417545,5.15417545,5.15417545,5.15417545,5.25235022,5.25235022,5.15417545
356.374906063,C01,AP01,client_to_ap,VHT,2,2,2,80,SU,1,4,122,6637c97e16e6ce8a,6,-68.0,0.932660319,0.932660319,1.03083509,0.932660319,0.932660319,0.932660319,1.03083509,1.03083509,1.03083509,1.03083509,1.03083509,0.932660319,1.03083509,0.932660319,1.03083509,1.03083509,1.03083509,1.03083509,1.03083509,1.03083509,1.03083509,1.03083509,1.03083509,1.03083509,1.03083509,1.03083509,1.03083509,1.03083509,1.03083509,1.03083509,1.03083509,1.03083509,1.03083509,1.03083509,1.03083509,1.03083509,1.03083509,1.03083509,1.03083509,1.03083509,1.03083509,1.03083509,1.03083509,1.03083509,1.03083509,1.03083509,1.03083509,1.03083509,1.03083509,1.03083509,1.03083509,1.03083509,1.03083509,1.03083509,1.03083509,1.03083509,1.03083509,1.03083509,1.03083509,1.03083509,0.932660319,0.932660319,0.932660319,0.932660319,0.932660319,0.932660319,0.932660319,0.932660319,0.932660319,0.932660319,0.932660319,0.932660319,0.932660319,0.932660319,0.932660319,0.932660319,0.932660319,0.932660319,0.932660319,0.932660319,0.834485549,0.834485549,0.834485549,0.834485549,0.834485549,0.834485549,0.736310778,0.736310778,0.736310778,0.736310778,0.736310778,0.736310778,0.736310778,0.638136008,0.638136008,0.638136008,0.638136008,0.638136008,0.638136008,0.638136008,0.638136008,0.638136008,0.638136008,0.638136008,0.638136008,0.638136008,0.638136008,0.736310778,0.638136008,0.736310778,0.736310778,0.736310778,0.736310778,0.736310778,0.736310778,0.736310778,0.834485549,0.834485549,0.834485549,0.834485549,0.834485549,0.834485549,3.68155389,3.68155389,3.68155389,3.77972866,3.77972866,3.77972866,3.77972866,3.77972866,3.77972866,3.77972866,3.77972866,3.87790343,3.77972866,3.87790343,3.87790343,3.87790343,3.87790343,3.87790343,3.87790343,3.87790343,3.87790343,3.87790343,3.9760782,3.87790343,3.9760782,3.9760782,3.9760782,3.9760782,3.9760782,3.9760782,3.9760782,3.9760782,3.9760782,3.9760782,3.9760782,3.9760782,3.9760782,3.9760782,3.9760782,3.9760782,3.9760782,3.9760782,3.9760782,3.9760782,3.87790343,3.87790343,3.87790343,3.87790343,3.87790343,3.87790343,3.87790343,3.87790343,3.87790343,3.87790343,3.87790343,3.87790343,3.87790343,3.87790343,3.87790343,3.87790343,3.87790343,3.87790343,3.87790343,3.87790343,3.87790343,3.87790343,3.87790343,3.87790343,3.87790343,3.87790343,3.9760782,3.9760782,3.9760782,3.87790343,3.87790343,3.9760782,3.9760782,3.9760782,3.87790343,3.87790343,3.9760782,3.87790343,3.9760782,3.87790343,3.87790343,3.9760782,3.9760782,3.9760782,3.9760782,3.9760782,3.9760782,4.07425297,4.07425297,4.07425297,4.07425297,4.17242774,4.27060251,4.27060251,4.27060251,4.36877728,4.46695205,4.56512682,4.56512682,4.56512682,4.56512682,4.76147637,4.76147637,4.76147637,4.76147637,4.85965114,4.85965114,4.85965114,4.95782591,4.95782591,4.95782591,4.95782591,4.95782591,5.05600068,5.05600068,5.05600068,5.05600068,5.05600068
357.710738897,C01,AP01,client_to_ap,VHT,2,2,2,80,SU,1,4,122,6637c97e16e6ce8a,6,-67.0,0.932660319,0.932660319,1.03083509,1.03083509,1.03083509,1.03083509,1.03083509,1.03083509,1.03083509,1.03083509,1.03083509,1.03083509,1.03083509,1.03083509,1.03083509,1.03083509,1.03083509,1.03083509,1.03083509,1.03083509,1.03083509,1.03083509,1.03083509,1.03083509,1.03083509,1.03083509,1.03083509,1.03083509,1.03083509,1.03083509,1.03083509,1.03083509,1.03083509,1.03083509,1.03083509,1.03083509,1.03083509,1.03083509,1.03083509,1.03083509,1.03083509,1.03083509,1.03083509,1.03083509,1.03083509,1.03083509,1.03083509,1.03083509,1.03083509,1.03083509,1.03083509,1.03083509,1.03083509,1.03083509,1.03083509,1.03083509,1.03083509,1.03083509,1.03083509,1.03083509,1.03083509,1.03083509,1.03083509,0.932660319,0.932660319,0.932660319,0.932660319,0.932660319,0.932660319,0.932660319,0.932660319,0.932660319,0.932660319,0.932660319,0.932660319,0.932660319,0.932660319,0.932660319,0.932660319,0.932660319,0.932660319,0.834485549,0.834485549,0.834485549,0.834485549,0.834485549,0.834485549,0.736310778,0.736310778,0.736310778,0.736310778,0.736310778,0.638136008,0.638136008,0.638136008,0.638136008,0.638136008,0.638136008,0.638136008,0.638136008,0.638136008,0.638136008,0.638136008,0.638136008,0.638136008,0.638136008,0.638136008,0.736310778,0.736310778,0.736310778,0.736310778,0.736310778,0.736310778,0.834485549,0.834485549,0.834485549,0.834485549,0.834485549,0.834485549,0.834485549,0.834485549,0.932660319,3.68155389,3.68155389,3.77972866,3.77972866,3.77972866,3.77972866,3.77972866,3.77972866,3.77972866,3.77972866,3.77972866,3.77972866,3.77972866,3.77972866,3.77972866,3.87790343,3.87790343,3.87790343,3.87790343,3.87790343,3.87790343,3.87790343,3.87790343,3.87790343,3.9760782,3.87790343,3.9760782,3.9760782,3.9760782,3.9760782,3.9760782,3.9760782,3.9760782,3.9760782,3.9760782,3.9760782,3.9760782,3.9760782,3.9760782,3.9760782,3.9760782,3.9760782,3.9760782,3.9760782,3.87790343,3.87790343,3.87790343,3.87790343,3.87790343,3.87790343,3.87790343,3.87790343,3.87790343,3.87790343,3.87790343,3.87790343,3.87790343,3.87790343,3.87790343,3.87790343,3.87790343,3.87790343,3.87790343,3.87790343,3.87790343,3.87790343,3.87790343,3.87790343,3.87790343,3.87790343,3.9760782,3.9760782,3.9760782,3.9760782,3.9760782,3.9760782,3.87790343,3.87790343,3.87790343,3.87790343,3.87790343,3.87790343,3.87790343,3.9760782,3.9760782,3.87790343,3.87790343,3.9760782,3.9760782,3.9760782,3.9760782,3.9760782,4.07425297,4.17242774,4.17242774,4.27060251,4.27060251,4.36877728,4.36877728,4.46695205,4.56512682,4.56512682,4.6633016,4.6633016,4.76147637,4.76147637,4.85965114,4.85965114,4.95782591,4.95782591,4.95782591,4.95782591,4.95782591,5.05600068,5.05600068,5.05600068,5.05600068,5.05600068,5.15417545,5.15417545,5.05600068,5.15417545
359.042515039,C01,AP01,client_to_ap,VHT,2,2,2,80,SU,1,4,122,6637c97e16e6ce8a,6,-68.0,0.932660319,0.932660319,0.932660319,0.932660319,1.03083509,1.03083509,1.03083509,1.03083509,1.03083509,1.03083509,1.03083509,1.03083509,1.03083509,1.03083509,1.03083509,1.03083509,1.03083509,1.03083509,1.03083509,1.03083509,1.03083509,1.03083509,1.03083509,1.03083509,1.03083509,1.03083509,1.03083509,1.03083509,1.03083509,1.03083509,1.03083509,1.03083509,1.03083509,1.03083509,1.03083509,1.03083509,1.03083509,1.03083509,1.03083509,1.03083509,1.03083509,1.03083509,1.03083509,1.03083509,1.03083509,1.03083509,1.03083509,1.03083509,1.03083509,1.03083509,1.03083509,1.03083509,1.03083509,1.03083509,1.03083509,1.03083509,1.03083509,1.03083509,1.03083509,1.03083509,1.03083509,1.03083509,1.03083509,1.03083509,0.932660319,0.932660319,1.03083509,0.932660319,0.932660319,0.932660319,0.932660319,0.932660319,0.932660319,0.932660319,0.932660319,0.932660319,0.932660319,0.932660319,0.932660319,0.932660319,0.834485549,0.834485549,0.834485549,0.834485549,0.834485549,0.834485549,0.834485549,0.736310778,0.736310778,0.736310778,0.736310778,0.638136008,0.638136008,0.638136008,0.638136008,0.638136008,0.638136008,0.638136008,0.638136008,0.638136008,0.638136008,0.638136008,0.638136008,0.638136008,0.638136008,0.638136008,0.638136008,0.736310778,0.736310778,0.736310778,0.736310778,0.736310778,0.736310778,0.834485549,0.834485549,0.834485549,0.834485549,0.834485549,0.932660319,0.932660319,0.932660319,0.932660319,3.77972866,3.77972866,3.77972866,3.77972866,3.77972866,3.87790343,3.77972866,3.87790343,3.87790343,3.87790343,3.87790343,3.87790343,3.87790343,3.87790343,3.87790343,3.87790343,3.87790343,3.87790343,3.87790343,3.87790343,3.9760782,3.9760782,3.9760782,3.9760782,3.9760782,3.87790343,3.9760782,3.9760782,3.9760782,3.9760782,3.9760782,3.9760782,3.9760782,3.9760782,3.9760782,3.9760782,3.9760782,3.9760782,3.9760782,3.9760782,3.9760782,3.9760782,3.9760782,3.9760782,3.9760782,3.9760782,3.9760782,3.9760782,3.9760782,3.9760782,3.87790343,3.87790343,3.87790343,3.87790343,3.87790343,3.87790343,3.87790343,3.87790343,3.87790343,3.87790343,3.87790343,3.87790343,3.87790343,3.87790343,3.87790343,3.87790343,3.87790343,3.87790343,3.87790343,3.87790343,3.87790343,3.87790343,3.9760782,3.9760782,3.9760782,3.9760782,3.87790343,3.87790343,3.87790343,3.87790343,3.87790343,3.87790343,3.87790343,3.87790343,3.87790343,3.9760782,3.87790343,3.87790343,3.9760782,3.9760782,3.9760782,3.9760782,4.07425297,4.07425297,4.17242774,4.17242774,4.27060251,4.27060251,4.46695205,4.46695205,4.56512682,4.56512682,4.6633016,4.76147637,4.76147637,4.85965114,4.85965114,4.85965114,4.95782591,4.95782591,4.95782591,4.95782591,5.05600068,5.05600068,5.05600068,5.05600068,5.05600068,5.05600068,5.15417545,5.05600068,5.05600068,5.15417545
360.375664949,C01,AP01,client_to_ap,VHT,2,2,2,80,SU,1,4,122,6637c97e16e6ce8a,6,-68.0,0.932660319,0.932660319,0.932660319,1.03083509,1.03083509,1.03083509,1.03083509,1.03083509,1.03083509,1.03083509,1.03083509,1.03083509,1.03083509,1.03083509,1.03083509,1.03083509,1.03083509,1.03083509,1.03083509,1.03083509,1.03083509,1.03083509,1.03083509,1.03083509,1.03083509,1.03083509,1.03083509,1.03083509,1.03083509,1.03083509,1.03083509,1.03083509,1.03083509,1.03083509,1.03083509,1.03083509,1.03083509,1.03083509,1.03083509,1.03083509,1.03083509,1.03083509,1.03083509,1.03083509,1.03083509,1.03083509,1.03083509,1.03083509,1.03083509,1.03083509,1.03083509,1.03083509,1.03083509,1.03083509,1.03083509,1.03083509,1.03083509,1.03083509,1.03083509,1.03083509,1.03083509,1.03083509,1.03083509,1.03083509,1.03083509,1.03083509,1.03083509,0.932660319,0.932660319,0.932660319,1.03083509,0.932660319,0.932660319,0.932660319,0.932660319,0.932660319,0.932660319,0.932660319,0.932660319,0.932660319,0.932660319,0.834485549,0.932660319,0.834485549,0.834485549,0.834485549,0.834485549,0.736310778,0.736310778,0.736310778,0.736310778,0.736310778,0.736310778,0.638136008,0.638136008,0.638136008,0.638136008,0.638136008,0.638136008,0.638136008,0.638136008,0.638136008,0.638136008,0.638136008,0.638136008,0.638136008,0.736310778,0.736310778,0.736310778,0.736310778,0.736310778,0.736310778,0.736310778,0.834485549,0.834485549,0.834485549,0.834485549,0.834485549,0.834485549,0.932660319,0.932660319,0.932660319,3.77972866,3.77972866,3.77972866,3.77972866,3.87790343,3.87790343,3.87790343,3.77972866,3.87790343,3.87790343,3.87790343,3.87790343,3.87790343,3.87790343,3.87790343,3.87790343,3.87790343,3.87790343,3.9760782,3.87790343,3.9760782,3.9760782,3.9760782,3.9760782,3.9760782,3.9760782,3.9760782,3.9760782,3.9760782,3.9760782,3.9760782,3.9760782,3.9760782,3.9760782,3.9760782,3.9760782,3.9760782,3.9760782,3.9760782,3.9760782,3.9760782,3.9760782,3.9760782,3.9760782,3.9760782,3.9760782,3.9760782,3.9760782,3.9760782,3.9760782,3.87790343,3.87790343,3.9760782,3.87790343,3.87790343,3.87790343,3.87790343,3.87790343,3.87790343,3.87790343,3.87790343,3.87790343,3.87790343,3.87790343,3.87790343,3.87790343,3.87790343,3.87790343,3.9760782,3.87790343,3.87790343,3.9760782,3.9760782,3.87790343,3.87790343,3.9760782,3.9760782,3.87790343,3.87790343,3.87790343,3.87790343,3.9760782,3.9760782,3.87790343,3.87790343,3.9760782,3.87790343,3.9760782,3.9760782,3.9760782,3.9760782,4.07425297,4.07425297,4.07425297,4.17242774,4.17242774,4.27060251,4.27060251,4.36877728,4.46695205,4.46695205,4.56512682,4.6633016,4.6633016,4.76147637,4.76147637,4.85965114,4.85965114,4.85965114,4.85965114,4.95782591,4.95782591,4.95782591,4.95782591,5.05600068,5.05600068,5.05600068,5.05600068,5.05600068,5.05600068,5.05600068,5.05600068
361.710898876,C01,AP01,client_to_ap,VHT,2,2,2,80,SU,1,4,122,6637c97e16e6ce8a,6,-68.0,1.03083509,0.932660319,1.03083509,0.932660319,1.03083509,1.03083509,1.03083509,1.03083509,1.03083509,1.03083509,1.03083509,1.03083509,1.03083509,1.03083509,1.03083509,1.03083509,1.03083509,1.03083509,1.03083509,1.03083509,1.03083509,1.03083509,1.03083509,1.03083509,1.03083509,1.03083509,1.03083509,1.03083509,1.03083509,1.03083509,1.03083509,1.03083509,1.03083509,1.03083509,1.03083509,1.03083509,1.03083509,1.03083509,1.03083509,1.03083509,1.03083509,1.03083509,1.03083509,1.03083509,1.03083509,1.03083509,1.03083509,1.03083509,1.03083509,1.03083509,1.03083509,1.03083509,1.03083509,1.03083509,1.03083509,1.03083509,1.03083509,1.03083509,1.03083509,1.03083509,1.03083509,1.03083509,1.03083509,1.03083509,0.932660319,0.932660319,1.03083509,0.932660319,0.932660319,1.03083509,1.03083509,0.932660319,0.932660319,0.932660319,0.932660319,0.932660319,0.932660319,0.932660319,0.932660319,0.932660319,0.932660319,0.932660319,0.932660319,0.834485549,0.834485549,0.834485549,0.834485549,0.834485549,0.736310778,0.736310778,0.736310778,0.736310778,0.736310778,0.638136008,0.638136008,0.638136008,0.638136008,0.638136008,0.638136008,0.638136008,0.638136008,0.638136008,0.638136008,0.638136008,0.638136008,0.638136008,0.736310778,0.736310778,0.736310778,0.736310778,0.736310778,0.736310778,0.736310778,0.736310778,0.834485549,0.834485549,0.834485549,0.834485549,0.834485549,0.932660319,0.932660319,0.932660319,3.77972866,3.77972866,3.77972866,3.77972866,3.77972866,3.77972866,3.77972866,3.77972866,3.77972866,3.77972866,3.77972866,3.87790343,3.87790343,3.87790343,3.87790343,3.87790343,3.87790343,3.87790343,3.87790343,3.87790343,3.87790343,3.9760782,3.9760782,3.9760782,3.9760782,3.9760782,3.9760782,3.9760782,3.9760782,3.9760782,3.9760782,3.9760782,3.9760782,3.9760782,3.9760782,3.9760782,3.9760782,3.9760782,3.9760782,3.9760782,3.9760782,3.9760782,3.9760782,3.9760782,3.9760782,3.9760782,3.87790343,3.87790343,3.9760782,3.87790343,3.87790343,3.87790343,3.87790343,3.87790343,3.87790343,3.87790343,3.87790343,3.87790343,3.87790343,3.87790343,3.87790343,3.87790343,3.87790343,3.87790343,3.87790343,3.87790343,3.87790343,3.87790343,3.87790343,3.9760782,3.87790343,3.9760782,3.9760782,3.9760782,3.9760782,3.9760782,3.87790343,3.87790343,3.87790343,3.87790343,3.87790343,3.87790343,3.87790343,3.87790343,3.87790343,3.87790343,3.87790343,3.9760782,3.9760782,3.9760782,3.9760782,4.07425297,4.07425297,4.07425297,4.17242774,4.17242774,4.27060251,4.27060251,4.36877728,4.36877728,4.46695205,4.56512682,4.56512682,4.6633016,4.6633016,4.76147637,4.76147637,4.85965114,4.85965114,4.85965114,4.95782591,4.95782591,4.95782591,4.95782591,4.95782591,5.05600068,5.05600068,5.05600068,5.05600068,5.05600068,5.05600068,5.05600068
363.043309927,C01,AP01,client_to_ap,VHT,2,2,2,80,SU,1,4,122,6637c97e16e6ce8a,6,-68.0,0.932660319,0.932660319,1.03083509,1.03083509,1.03083509,1.03083509,1.03083509,1.03083509,1.03083509,1.03083509,1.03083509,1.03083509,1.03083509,1.03083509,1.03083509,1.03083509,1.03083509,1.03083509,1.03083509,1.03083509,1.03083509,1.03083509,1.03083509,1.03083509,1.03083509,1.03083509,1.03083509,1.03083509,1.03083509,1.03083509,1.03083509,1.03083509,1.03083509,1.03083509,1.03083509,1.03083509,1.03083509,1.03083509,1.03083509,1.03083509,1.03083509,1.03083509,1.03083509,1.03083509,1.03083509,1.03083509,1.03083509,1.03083509,1.03083509,1.03083509,1.03083509,1.03083509,1.03083509,1.03083509,1.03083509,1.03083509,1.03083509,1.03083509,1.03083509,1.03083509,1.03083509,1.03083509,1.03083509,1.03083509,0.932660319,1.03083509,0.932660319,0.932660319,0.932660319,0.932660319,0.932660319,0.932660319,0.932660319,0.932660319,0.932660319,0.932660319,0.932660319,0.932660319,0.932660319,0.932660319,0.932660319,0.834485549,0.834485549,0.834485549,0.834485549,0.834485549,0.834485549,0.834485549,0.736310778,0.736310778,0.736310778,0.736310778,0.638136008,0.638136008,0.638136008,0.638136008,0.638136008,0.638136008,0.638136008,0.638136008,0.638136008,0.638136008,0.638136008,0.638136008,0.638136008,0.638136008,0.638136008,0.736310778,0.736310778,0.736310778,0.736310778,0.736310778,0.736310778,0.834485549,0.834485549,0.834485549,0.834485549,0.834485549,0.834485549,0.834485549,0.932660319,0.932660319,3.77972866,3.77972866,3.77972866,3.77972866,3.77972866,3.77972866,3.77972866,3.77972866,3.87790343,3.87790343,3.87790343,3.87790343,3.77972866,3.87790343,3.87790343,3.87790343,3.87790343,3.87790343,3.87790343,3.87790343,3.87790343,3.9760782,3.9760782,3.87790343,3.87790343,3.9760782,3.9760782,3.9760782,3.9760782,3.9760782,3.9760782,3.9760782,3.9760782,3.9760782,3.9760782,3.9760782,3.9760782,3.9760782,3.9760782,3.9760782,3.9760782,3.9760782,3.9760782,3.9760782,3.9760782,3.9760782,3.87790343,3.9760782,3.87790343,3.87790343,3.87790343,3.87790343,3.87790343,3.87790343,3.87790343,3.87790343,3.87790343,3.87790343,3.87790343,3.87790343,3.87790343,3.87790343,3.87790343,3.87790343,3.87790343,3.87790343,3.87790343,3.87790343,3.87790343,3.87790343,3.87790343,3.87790343,3.87790343,3.87790343,3.9760782,3.87790343,3.87790343,3.87790343,3.87790343,3.87790343,3.87790343,3.87790343,3.87790343,3.87790343,3.87790343,3.87790343,3.87790343,3.9760782,3.87790343,3.9760782,3.9760782,3.9760782,4.07425297,4.07425297,4.17242774,4.17242774,4.17242774,4.27060251,4.27060251,4.36877728,4.46695205,4.56512682,4.56512682,4.6633016,4.6633016,4.76147637,4.76147637,4.76147637,4.85965114,4.85965114,4.95782591,4.95782591,4.95782591,4.95782591,4.95782591,4.95782591,5.05600068,5.05600068,5.05600068,5.05600068,5.05600068,5.05600068
364.374619007,C01,AP01,client_to_ap,VHT,2,2,2,80,SU,1,4,122,6637c97e16e6ce8a,6,-68.0,0.932660319,0.932660319,0.932660319,0.932660319,0.932660319,1.03083509,1.03083509,1.03083509,1.03083509,1.03083509,1.03083509,1.03083509,1.03083509,1.03083509,1.03083509,1.03083509,1.03083509,1.03083509,1.03083509,1.03083509,1.03083509,1.03083509,1.03083509,1.03083509,1.03083509,1.03083509,1.03083509,1.03083509,1.03083509,1.03083509,1.03083509,1.03083509,1.03083509,1.03083509,1.03083509,1.03083509,1.03083509,1.03083509,1.03083509,1.03083509,1.03083509,1.03083509,1.03083509,1.03083509,1.03083509,1.03083509,1.03083509,1.03083509,1.03083509,1.03083509,1.03083509,1.03083509,1.03083509,1.03083509,1.03083509,1.03083509,1.03083509,1.03083509,1.03083509,1.03083509,1.03083509,1.03083509,0.932660319,1.03083509,0.932660319,0.932660319,0.932660319,0.932660319,0.932660319,0.932660319,0.932660319,0.932660319,0.932660319,0.932660319,0.932660319,0.932660319,0.932660319,0.932660319,0.932660319,0.932660319,0.932660319,0.834485549,0.834485549,0.834485549,0.834485549,0.834485549,0.834485549,0.736310778,0.736310778,0.736310778,0.736310778,0.638136008,0.638136008,0.638136008,0.638136008,0.638136008,0.638136008,0.539961237,0.539961237,0.539961237,0.539961237,0.638136008,0.638136008,0.638136008,0.638136008,0.638136008,0.638136008,0.736310778,0.736310778,0.736310778,0.736310778,0.736310778,0.736310778,0.736310778,0.834485549,0.834485549,0.834485549,0.834485549,0.834485549,0.834485549,0.834485549,0.932660319,3.68155389,3.77972866,3.77972866,3.77972866,3.77972866,3.77972866,3.77972866,3.77972866,3.87790343,3.87790343,3.77972866,3.87790343,3.87790343,3.87790343,3.87790343,3.87790343,3.87790343,3.87790343,3.87790343,3.87790343,3.87790343,3.87790343,3.87790343,3.87790343,3.9760782,3.87790343,3.87790343,3.87790343,3.9760782,3.9760782,3.9760782,3.9760782,3.9760782,3.9760782,3.9760782,3.9760782,3.9760782,3.9760782,3.9760782,3.9760782,3.9760782,3.87790343,3.9760782,3.87790343,3.87790343,3.9760782,3.87790343,3.87790343,3.87790343,3.87790343,3.87790343,3.87790343,3.87790343,3.87790343,3.87790343,3.87790343,3.87790343,3.87790343,3.87790343,3.87790343,3.87790343,3.87790343,3.87790343,3.87790343,3.87790343,3.87790343,3.87790343,3.87790343,3.87790343,3.87790343,3.87790343,3.87790343,3.87790343,3.87790343,3.87790343,3.87790343,3.87790343,3.87790343,3.87790343,3.87790343,3.87790343,3.87790343,3.87790343,3.87790343,3.87790343,3.87790343,3.87790343,3.87790343,3.87790343,3.9760782,3.9760782,3.9760782,3.9760782,4.07425297,4.07425297,4.17242774,4.17242774,4.27060251,4.36877728,4.46695205,4.46695205,4.56512682,4.56512682,4.6633016,4.76147637,4.76147637,4.85965114,4.85965114,4.85965114,4.85965114,4.95782591,4.95782591,4.95782591,4.95782591,5.05600068,5.05600068,5.05600068,5.05600068,5.15417545,5.05600068,5.15417545,5.05600068
365.711194992,C01,AP01,client_to_ap,VHT,2,2,2,80,SU,1,4,122,6637c97e16e6ce8a,6,-68.0,0.932660319,1.03083509,0.932660319,1.03083509,1.03083509,1.03083509,1.03083509,1.03083509,1.03083509,1.03083509,1.03083509,1.03083509,1.03083509,1.03083509,1.03083509,1.03083509,1.03083509,1.03083509,1.03083509,1.03083509,1.03083509,1.03083509,1.03083509,1.03083509,1.03083509,1.03083509,1.03083509,1.03083509,1.03083509,1.03083509,1.03083509,1.03083509,1.03083509,1.03083509,1.03083509,1.03083509,1.03083509,1.03083509,1.03083509,1.03083509,1.03083509,1.03083509,1.03083509,1.03083509,1.03083509,1.03083509,1.03083509,1.03083509,1.03083509,1.03083509,1.03083509,1.03083509,1.03083509,1.03083509,1.03083509,1.03083509,1.03083509,1.03083509,1.03083509,1.03083509,1.03083509,1.03083509,1.03083509,1.03083509,1.03083509,1.03083509,1.03083509,1.03083509,0.932660319,1.03083509,1.03083509,0.932660319,0.932660319,0.932660319,0.932660319,0.932660319,0.932660319,0.932660319,0.932660319,0.932660319,0.932660319,0.932660319,0.932660319,0.834485549,0.834485549,0.834485549,0.834485549,0.736310778,0.736310778,0.736310778,0.736310778,0.736310778,0.638136008,0.638136008,0.638136008,0.638136008,0.638136008,0.638136008,0.638136008,0.638136008,0.638136008,0.638136008,0.638136008,0.638136008,0.638136008,0.638136008,0.638136008,0.736310778,0.736310778,0.736310778,0.736310778,0.736310778,0.736310778,0.834485549,0.834485549,0.834485549,0.834485549,0.834485549,0.834485549,0.932660319,0.932660319,0.932660319,3.77972866,3.77972866,3.77972866,3.77972866,3.77972866,3.77972866,3.77972866,3.87790343,3.87790343,3.87790343,3.87790343,3.87790343,3.87790343,3.87790343,3.87790343,3.87790343,3.87790343,3.87790343,3.9760782,3.87790343,3.9760782,3.87790343,3.87790343,3.87790343,3.9760782,3.9760782,3.9760782,3.9760782,3.9760782,3.9760782,3.9760782,3.9760782,3.9760782,3.9760782,3.9760782,3.9760782,3.9760782,3.9760782,3.9760782,3.9760782,3.9760782,3.9760782,3.9760782,3.9760782,3.9760782,3.9760782,3.87790343,3.9760782,3.9760782,3.87790343,3.87790343,3.87790343,3.87790343,3.87790343,3.87790343,3.87790343,3.87790343,3.87790343,3.87790343,3.87790343,3.87790343,3.87790343,3.87790343,3.87790343,3.87790343,3.87790343,3.87790343,3.87790343,3.87790343,3.87790343,3.87790343,3.87790343,3.87790343,3.87790343,3.9760782,3.87790343,3.87790343,3.87790343,3.87790343,3.87790343,3.87790343,3.87790343,3.87790343,3.87790343,3.87790343,3.87790343,3.87790343,3.87790343,3.87790343,3.9760782,3.9760782,3.9760782,3.9760782,4.07425297,4.07425297,4.17242774,4.27060251,4.27060251,4.36877728,4.36877728,4.46695205,4.56512682,4.6633016,4.6633016,4.76147637,4.76147637,4.85965114,4.85965114,4.85965114,4.95782591,4.95782591,4.95782591,4.95782591,5.05600068,4.95782591,5.05600068,5.05600068,5.05600068,5.05600068,5.05600068,5.05600068,5.05600068
367.043154001,C01,AP01,client_to_ap,VHT,2,2,2,80,SU,1,4,122,6637c97e16e6ce8a,6,-68.0,0.932660319,0.932660319,0.932660319,0.932660319,1.03083509,1.03083509,1.03083509,1.03083509,1.03083509,1.03083509,1.03083509,1.03083509,1.03083509,1.03083509,0.932660319,1.03083509,1.03083509,1.03083509,1.03083509,1.03083509,1.03083509,1.03083509,1.03083509,1.03083509,1.03083509,1.03083509,1.03083509,1.03083509,1.03083509,1.03083509,1.03083509,1.03083509,1.03083509,1.03083509,1.03083509,1.03083509,1.03083509,1.03083509,1.03083509,1.03083509,1.03083509,1.03083509,1.03083509,1.03083509,1.03083509,1.03083509,1.03083509,1.03083509,1.03083509,1.03083509,1.03083509,1.03083509,1.03083509,1.03083509,1.03083509,1.03083509,1.03083509,1.03083509,1.03083509,1.03083509,1.03083509,1.03083509,1.03083509,0.932660319,0.932660319,0.932660319,0.932660319,0.932660319,0.932660319,0.932660319,0.932660319,0.932660319,0.932660319,0.932660319,0.932660319,0.932660319,0.932660319,0.932660319,0.932660319,0.932660319,0.932660319,0.834485549,0.834485549,0.834485549,0.834485549,0.834485549,0.834485549,0.736310778,0.736310778,0.736310778,0.736310778,0.638136008,0.638136008,0.638136008,0.638136008,0.638136008,0.539961237,0.638136008,0.539961237,0.638136008,0.539961237,0.638136008,0.638136008,0.638136008,0.638136008,0.638136008,0.638136008,0.638136008,0.736310778,0.736310778,0.736310778,0.736310778,0.736310778,0.736310778,0.834485549,0.834485549,0.834485549,0.834485549,0.834485549,0.834485549,0.834485549,0.932660319,3.68155389,3.77972866,3.68155389,3.77972866,3.77972866,3.77972866,3.77972866,3.87790343,3.87790343,3.77972866,3.77972866,3.87790343,3.87790343,3.87790343,3.87790343,3.87790343,3.87790343,3.87790343,3.87790343,3.87790343,3.87790343,3.87790343,3.87790343,3.87790343,3.87790343,3.9760782,3.9760782,3.9760782,3.9760782,3.9760782,3.9760782,3.9760782,3.9760782,3.9760782,3.9760782,3.9760782,3.9760782,3.9760782,3.9760782,3.9760782,3.9760782,3.9760782,3.9760782,3.9760782,3.9760782,3.87790343,3.87790343,3.87790343,3.87790343,3.87790343,3.87790343,3.87790343,3.87790343,3.87790343,3.87790343,3.87790343,3.87790343,3.87790343,3.87790343,3.87790343,3.87790343,3.87790343,3.87790343,3.87790343,3.87790343,3.87790343,3.87790343,3.87790343,3.87790343,3.87790343,3.87790343,3.87790343,3.87790343,3.87790343,3.87790343,3.87790343,3.87790343,3.87790343,3.87790343,3.87790343,3.87790343,3.87790343,3.87790343,3.87790343,3.87790343,3.87790343,3.87790343,3.87790343,3.87790343,3.9760782,3.9760782,3.9760782,3.9760782,4.07425297,4.17242774,4.17242774,4.27060251,4.27060251,4.27060251,4.46695205,4.46695205,4.56512682,4.6633016,4.6633016,4.76147637,4.85965114,4.85965114,4.85965114,4.85965114,4.95782591,4.95782591,4.95782591,4.95782591,4.95782591,5.05600068,5.05600068,5.05600068,5.05600068,5.05600068,5.05600068,5.05600068,5.15417545
368.376203060,C01,AP01,client_to_ap,VHT,2,2,2,80,SU,1,4,122,6637c97e16e6ce8a,6,-67.0,0.932660319,0.932660319,0.932660319,1.03083509,1.03083509,1.03083509,1.03083509,1.03083509,1.03083509,1.03083509,1.03083509,1.03083509,1.03083509,1.03083509,1.03083509,1.03083509,1.03083509,1.03083509,1.03083509,1.03083509,1.03083509,1.03083509,1.03083509,1.03083509,1.03083509,1.03083509,1.03083509,1.03083509,1.03083509,1.03083509,1.03083509,1.03083509,1.03083509,1.03083509,1.03083509,1.03083509,1.03083509,1.03083509,1.03083509,1.03083509,1.03083509,1.03083509,1.03083509,1.03083509,1.03083509,1.03083509,1.03083509,1.03083509,1.03083509,1.03083509,1.03083509,1.03083509,1.03083509,1.03083509,1.03083509,1.03083509,1.03083509,1.03083509,1.03083509,1.03083509,1.03083509,1.03083509,1.03083509,1.03083509,0.932660319,1.03083509,1.03083509,0.932660319,0.932660319,0.932660319,1.03083509,0.932660319,0.932660319,0.932660319,0.932660319,0.932660319,0.932660319,0.932660319,0.932660319,0.932660319,0.932660319,0.932660319,0.932660319,0.834485549,0.834485549,0.834485549,0.834485549,0.834485549,0.736310778,0.736310778,0.736310778,0.736310778,0.638136008,0.638136008,0.638136008,0.638136008,0.638136008,0.638136008,0.638136008,0.638136008,0.638136008,0.638136008,0.638136008,0.638136008,0.638136008,0.638136008,0.638136008,0.736310778,0.736310778,0.736310778,0.736310778,0.736310778,0.736310778,0.834485549,0.834485549,0.834485549,0.834485549,0.834485549,0.834485549,0.834485549,0.834485549,0.932660319,3.77972866,3.77972866,3.77972866,3.77972866,3.77972866,3.77972866,3.77972866,3.77972866,3.87790343,3.87790343,3.77972866,3.87790343,3.87790343,3.87790343,3.87790343,3.87790343,3.87790343,3.87790343,3.87790343,3.87790343,3.87790343,3.87790343,3.87790343,3.9760782,3.87790343,3.9760782,3.9760782,3.9760782,3.9760782,3.9760782,3.9760782,3.9760782,3.9760782,3.9760782,3.9760782,3.9760782,3.9760782,3.9760782,3.9760782,3.9760782,3.9760782,3.9760782,3.9760782,3.9760782,3.9760782,3.9760782,3.87790343,3.87790343,3.9760782,3.87790343,3.9760782,3.87790343,3.87790343,3.87790343,3.87790343,3.87790343,3.87790343,3.87790343,3.87790343,3.87790343,3.87790343,3.87790343,3.87790343,3.87790343,3.87790343,3.87790343,3.87790343,3.87790343,3.87790343,3.87790343,3.87790343,3.9760782,3.87790343,3.87790343,3.9760782,3.9760782,3.87790343,3.87790343,3.87790343,3.87790343,3.87790343,3.87790343,3.87790343,3.87790343,3.87790343,3.87790343,3.87790343,3.87790343,3.9760782,3.9760782,3.9760782,3.9760782,4.07425297,4.07425297,4.07425297,4.17242774,4.27060251,4.27060251,4.36877728,4.46695205,4.46695205,4.56512682,4.56512682,4.6633016,4.6633016,4.76147637,4.76147637,4.85965114,4.95782591,4.85965114,4.85965114,4.95782591,4.95782591,4.95782591,4.95782591,4.95782591,5.05600068,5.05600068,5.05600068,5.05600068,5.05600068,5.05600068
369.711368084,C01,AP01,client_to_ap,VHT,2,2,2,80,SU,1,4,122,6637c97e16e6ce8a,6,-68.0,0.932660319,0.932660319,1.03083509,1.03083509,1.03083509,1.03083509,1.03083509,1.03083509,1.03083509,1.03083509,1.03083509,1.03083509,1.03083509,1.03083509,1.03083509,1.03083509,1.03083509,1.03083509,1.03083509,1.03083509,1.03083509,1.03083509,1.03083509,1.03083509,1.03083509,1.03083509,1.03083509,1.03083509,1.03083509,1.03083509,1.03083509,1.03083509,1.03083509,1.03083509,1.03083509,1.03083509,1.03083509,1.03083509,1.03083509,1.03083509,1.03083509,1.03083509,1.03083509,1.03083509,1.03083509,1.03083509,1.03083509,1.03083509,1.03083509,1.03083509,1.03083509,1.03083509,1.03083509,1.03083509,1.03083509,1.03083509,1.03083509,1.03083509,1.03083509,1.03083509,1.03083509,1.03083509,1.03083509,1.03083509,0.932660319,0.932660319,1.03083509,1.03083509,0.932660319,0.932660319,1.03083509,1.03083509,0.932660319,0.932660319,0.932660319,0.932660319,0.932660319,0.932660319,0.932660319,0.932660319,0.932660319,0.932660319,0.932660319,0.834485549,0.834485549,0.834485549,0.834485549,0.834485549,0.736310778,0.736310778,0.736310778,0.736310778,0.638136008,0.638136008,0.638136008,0.638136008,0.638136008,0.638136008,0.638136008,0.638136008,0.638136008,0.638136008,0.638136008,0.638136008,0.638136008,0.638136008,0.638136008,0.736310778,0.736310778,0.736310778,0.736310778,0.736310778,0.736310778,0.736310778,0.834485549,0.834485549,0.834485549,0.834485549,0.834485549,0.834485549,0.932660319,0.932660319,3.77972866,3.77972866,3.77972866,3.77972866,3.77972866,3.77972866,3.77972866,3.77972866,3.87790343,3.87790343,3.87790343,3.87790343,3.87790343,3.87790343,3.87790343,3.87790343,3.87790343,3.87790343,3.87790343,3.87790343,3.9760782,3.9760782,3.9760782,3.9760782,3.9760782,3.9760782,3.9760782,3.9760782,3.9760782,3.9760782,3.9760782,3.9760782,3.9760782,3.9760782,3.9760782,3.9760782,3.9760782,3.9760782,3.9760782,3.9760782,3.9760782,3.9760782,3.9760782,3.9760782,3.9760782,3.87790343,3.9760782,3.87790343,3.87790343,3.9760782,3.87790343,3.87790343,3.87790343,3.87790343,3.87790343,3.87790343,3.87790343,3.87790343,3.87790343,3.87790343,3.87790343,3.87790343,3.87790343,3.87790343,3.87790343,3.87790343,3.87790343,3.87790343,3.87790343,3.87790343,3.87790343,3.87790343,3.9760782,3.87790343,3.87790343,3.9760782,3.87790343,3.87790343,3.87790343,3.87790343,3.87790343,3.87790343,3.87790343,3.87790343,3.87790343,3.87790343,3.87790343,3.87790343,3.9760782,3.9760782,3.9760782,3.9760782,3.9760782,4.07425297,4.07425297,4.17242774,4.17242774,4.27060251,4.36877728,4.36877728,4.46695205,4.56512682,4.6633016,4.6633016,4.6633016,4.76147637,4.85965114,4.85965114,4.85965114,4.85965114,4.95782591,4.85965114,4.95782591,4.95782591,4.95782591,5.05600068,5.05600068,5.05600068,5.05600068,5.05600068,5.05600068,5.05600068
371.043915987,C01,AP01,client_to_ap,VHT,2,2,2,80,SU,1,4,122,6637c97e16e6ce8a,6,-68.0,0.932660319,0.932660319,0.932660319,0.932660319,1.03083509,1.03083509,1.03083509,1.03083509,1.03083509,1.03083509,1.03083509,1.03083509,1.03083509,1.03083509,1.03083509,1.03083509,1.03083509,1.03083509,1.03083509,1.03083509,1.03083509,1.03083509,1.03083509,1.03083509,1.03083509,1.03083509,1.03083509,1.03083509,1.03083509,1.03083509,1.03083509,1.03083509,1.03083509,1.03083509,1.03083509,1.03083509,1.03083509,1.03083509,1.03083509,1.03083509,1.03083509,1.03083509,1.03083509,1.03083509,1.03083509,1.03083509,1.03083509,1.03083509,1.03083509,1.03083509,1.03083509,1.03083509,1.03083509,1.03083509,1.03083509,1.03083509,1.03083509,1.03083509,1.03083509,1.03083509,1.03083509,0.932660319,1.03083509,1.03083509,0.932660319,0.932660319,0.932660319,0.932660319,0.932660319,0.932660319,0.932660319,0.932660319,0.932660319,0.932660319,0.932660319,0.932660319,0.932660319,0.932660319,0.932660319,0.932660319,0.932660319,0.834485549,0.834485549,0.834485549,0.834485549,0.834485549,0.834485549,0.834485549,0.736310778,0.736310778,0.736310778,0.736310778,0.638136008,0.638136008,0.638136008,0.638136008,0.638136008,0.638136008,0.638136008,0.638136008,0.638136008,0.638136008,0.638136008,0.638136008,0.638136008,0.638136008,0.638136008,0.638136008,0.638136008,0.736310778,0.736310778,0.736310778,0.736310778,0.736310778,0.834485549,0.834485549,0.834485549,0.834485549,0.834485549,0.834485549,0.834485549,0.932660319,3.77972866,3.77972866,3.77972866,3.77972866,3.77972866,3.77972866,3.77972866,3.77972866,3.77972866,3.77972866,3.87790343,3.87790343,3.87790343,3.87790343,3.87790343,3.87790343,3.87790343,3.87790343,3.87790343,3.87790343,3.87790343,3.87790343,3.87790343,3.87790343,3.87790343,3.9760782,3.9760782,3.9760782,3.9760782,3.9760782,3.9760782,3.9760782,3.9760782,3.9760782,3.9760782,3.9760782,3.9760782,3.9760782,3.9760782,3.9760782,3.9760782,3.9760782,3.9760782,3.9760782,3.9760782,3.87790343,3.87790343,3.9760782,3.87790343,3.87790343,3.87790343,3.87790343,3.87790343,3.87790343,3.87790343,3.87790343,3.87790343,3.87790343,3.87790343,3.87790343,3.87790343,3.87790343,3.87790343,3.87790343,3.87790343,3.87790343,3.87790343,3.87790343,3.87790343,3.87790343,3.87790343,3.87790343,3.87790343,3.87790343,3.87790343,3.87790343,3.87790343,3.87790343,3.87790343,3.87790343,3.87790343,3.87790343,3.87790343,3.87790343,3.87790343,3.87790343,3.87790343,3.87790343,3.87790343,3.9760782,3.9760782,3.9760782,3.9760782,4.07425297,4.07425297,4.07425297,4.17242774,4.27060251,4.27060251,4.46695205,4.46695205,4.56512682,4.56512682,4.6633016,4.6633016,4.76147637,4.76147637,4.85965114,4.85965114,4.95782591,4.95782591,4.95782591,4.95782591,5.05600068,4.95782591,5.05600068,5.05600068,5.05600068,5.05600068,5.05600068,5.05600068,5.05600068
372.375519037,C01,AP01,client_to_ap,VHT,2,2,2,80,SU,1,4,122,6637c97e16e6ce8a,6,-68.0,0.932660319,0.932660319,1.03083509,0.932660319,1.03083509,1.03083509,1.03083509,1.03083509,1.03083509,1.03083509,1.03083509,1.03083509,1.03083509,1.03083509,1.03083509,1.03083509,1.03083509,1.03083509,1.03083509,1.03083509,1.03083509,1.03083509,1.03083509,1.03083509,1.03083509,1.03083509,1.03083509,1.03083509,1.03083509,1.03083509,1.03083509,1.03083509,1.03083509,1.03083509,1.03083509,1.03083509,1.03083509,1.03083509,1.03083509,1.03083509,1.03083509,1.03083509,1.03083509,1.03083509,1.03083509,1.03083509,1.03083509,1.03083509,1.03083509,1.03083509,1.03083509,1.03083509,1.03083509,1.03083509,1.03083509,1.03083509,1.03083509,1.03083509,1.03083509,1.03083509,1.03083509,1.03083509,1.03083509,1.03083509,0.932660319,1.03083509,1.03083509,0.932660319,0.932660319,0.932660319,0.932660319,0.932660319,0.932660319,0.932660319,0.932660319,0.932660319,0.932660319,0.932660319,0.932660319,0.932660319,0.932660319,0.932660319,0.932660319,0.834485549,0.834485549,0.834485549,0.834485549,0.736310778,0.736310778,0.736310778,0.736310778,0.638136008,0.638136008,0.638136008,0.638136008,0.638136008,0.638136008,0.638136008,0.539961237,0.638136008,0.638136008,0.638136008,0.638136008,0.638136008,0.638136008,0.638136008,0.638136008,0.736310778,0.736310778,0.736310778,0.736310778,0.736310778,0.834485549,0.736310778,0.834485549,0.834485549,0.834485549,0.834485549,0.834485549,0.834485549,0.932660319,0.932660319,3.68155389,3.77972866,3.77972866,3.77972866,3.77972866,3.77972866,3.77972866,3.87790343,3.77972866,3.77972866,3.87790343,3.87790343,3.87790343,3.87790343,3.87790343,3.87790343,3.87790343,3.87790343,3.87790343,3.87790343,3.87790343,3.87790343,3.87790343,3.87790343,3.9760782,3.9760782,3.9760782,3.87790343,3.9760782,3.9760782,3.9760782,3.9760782,3.9760782,3.9760782,3.9760782,3.9760782,3.9760782,3.9760782,3.9760782,3.9760782,3.9760782,3.9760782,3.9760782,3.9760782,3.9760782,3.9760782,3.9760782,3.87790343,3.87790343,3.87790343,3.87790343,3.87790343,3.87790343,3.87790343,3.87790343,3.87790343,3.87790343,3.87790343,3.87790343,3.87790343,3.87790343,3.87790343,3.87790343,3.87790343,3.87790343,3.87790343,3.87790343,3.87790343,3.87790343,3.87790343,3.87790343,3.87790343,3.87790343,3.87790343,3.87790343,3.9760782,3.87790343,3.87790343,3.87790343,3.87790343,3.87790343,3.87790343,3.87790343,3.87790343,3.87790343,3.87790343,3.87790343,3.87790343,3.87790343,3.9760782,3.9760782,3.9760782,3.9760782,4.07425297,4.07425297,4.17242774,4.17242774,4.27060251,4.27060251,4.46695205,4.46695205,4.56512682,4.56512682,4.6633016,4.6633016,4.76147637,4.85965114,4.85965114,4.85965114,4.85965114,4.85965114,4.95782591,4.95782591,4.95782591,4.95782591,5.05600068,5.05600068,5.05600068,5.05600068,5.05600068,5.05600068,5.05600068
373.732295036,C01,AP01,client_to_ap,VHT,2,2,2,80,SU,1,4,122,6637c97e16e6ce8a,6,-68.0,0.932660319,0.932660319,0.932660319,1.03083509,1.03083509,1.03083509,1.03083509,1.03083509,1.03083509,1.03083509,1.03083509,1.03083509,1.03083509,1.03083509,1.03083509,1.03083509,1.03083509,1.03083509,1.03083509,1.03083509,1.03083509,1.03083509,1.03083509,1.03083509,1.03083509,1.03083509,1.03083509,1.03083509,1.03083509,1.03083509,1.03083509,1.03083509,1.03083509,1.03083509,1.03083509,1.03083509,1.03083509,1.03083509,1.03083509,1.03083509,1.03083509,1.03083509,1.03083509,1.03083509,1.03083509,1.03083509,1.03083509,1.03083509,1.03083509,1.03083509,1.03083509,1.03083509,1.03083509,1.03083509,1.03083509,1.03083509,1.03083509,1.03083509,1.03083509,1.03083509,1.03083509,1.03083509,1.03083509,1.03083509,1.03083509,1.03083509,1.03083509,1.03083509,0.932660319,1.03083509,1.03083509,1.03083509,0.932660319,0.932660319,0.932660319,0.932660319,0.932660319,0.932660319,0.932660319,0.932660319,0.932660319,0.932660319,0.932660319,0.834485549,0.834485549,0.834485549,0.834485549,0.736310778,0.736310778,0.736310778,0.736310778,0.736310778,0.638136008,0.638136008,0.638136008,0.638136008,0.638136008,0.539961237,0.539961237,0.539961237,0.539961237,0.638136008,0.638136008,0.638136008,0.638136008,0.638136008,0.638136008,0.736310778,0.736310778,0.736310778,0.736310778,0.736310778,0.736310778,0.834485549,0.834485549,0.834485549,0.834485549,0.834485549,0.834485549,0.834485549,0.932660319,0.932660319,3.77972866,3.77972866,3.77972866,3.77972866,3.77972866,3.77972866,3.77972866,3.77972866,3.87790343,3.87790343,3.77972866,3.87790343,3.87790343,3.87790343,3.87790343,3.87790343,3.87790343,3.87790343,3.87790343,3.87790343,3.87790343,3.9760782,3.9760782,3.9760782,3.9760782,3.9760782,3.9760782,3.87790343,3.9760782,3.9760782,3.9760782,3.9760782,3.9760782,3.9760782,3.9760782,3.9760782,3.9760782,3.9760782,3.9760782,3.9760782,3.9760782,3.9760782,3.9760782,3.9760782,3.9760782,3.9760782,3.9760782,3.87790343,3.9760782,3.87790343,3.9760782,3.87790343,3.87790343,3.87790343,3.87790343,3.87790343,3.87790343,3.87790343,3.87790343,3.87790343,3.87790343,3.87790343,3.87790343,3.87790343,3.87790343,3.87790343,3.87790343,3.87790343,3.87790343,3.87790343,3.87790343,3.87790343,3.87790343,3.87790343,3.87790343,3.87790343,3.87790343,3.87790343,3.87790343,3.87790343,3.87790343,3.87790343,3.87790343,3.87790343,3.87790343,3.87790343,3.87790343,3.87790343,3.87790343,3.9760782,3.9760782,3.9760782,3.9760782,4.07425297,4.17242774,4.17242774,4.17242774,4.27060251,4.36877728,4.36877728,4.46695205,4.56512682,4.6633016,4.6633016,4.76147637,4.76147637,4.85965114,4.85965114,4.85965114,4.95782591,4.95782591,4.95782591,4.95782591,4.95782591,4.95782591,5.05600068,5.05600068,5.05600068,5.05600068,5.05600068,5.05600068,5.05600068
375.043459892,C01,AP01,client_to_ap,VHT,2,2,2,80,SU,1,4,122,6637c97e16e6ce8a,6,-68.0,0.932660319,0.932660319,0.932660319,0.932660319,1.03083509,1.03083509,1.03083509,1.03083509,1.03083509,1.03083509,1.03083509,1.03083509,1.03083509,1.03083509,1.03083509,1.03083509,1.03083509,1.03083509,1.03083509,1.03083509,1.03083509,1.03083509,1.03083509,1.03083509,1.03083509,1.03083509,1.03083509,1.03083509,1.03083509,1.03083509,1.03083509,1.03083509,1.03083509,1.03083509,1.03083509,1.03083509,1.03083509,1.03083509,1.03083509,1.03083509,1.03083509,1.03083509,1.03083509,1.03083509,1.03083509,1.03083509,1.03083509,1.03083509,1.03083509,1.03083509,1.03083509,1.03083509,1.03083509,1.03083509,1.03083509,1.03083509,1.03083509,1.03083509,1.03083509,1.03083509,1.03083509,1.03083509,1.03083509,1.03083509,1.03083509,1.03083509,1.03083509,1.03083509,0.932660319,0.932660319,1.03083509,1.03083509,0.932660319,0.932660319,0.932660319,0.932660319,0.932660319,0.932660319,0.932660319,0.932660319,0.932660319,0.932660319,0.834485549,0.834485549,0.834485549,0.834485549,0.834485549,0.736310778,0.736310778,0.736310778,0.736310778,0.638136008,0.638136008,0.638136008,0.638136008,0.638136008,0.638136008,0.638136008,0.638136008,0.638136008,0.638136008,0.638136008,0.638136008,0.638136008,0.638136008,0.638136008,0.638136008,0.736310778,0.736310778,0.736310778,0.736310778,0.736310778,0.736310778,0.736310778,0.834485549,0.834485549,0.834485549,0.834485549,0.834485549,0.932660319,0.834485549,0.932660319,3.77972866,3.77972866,3.77972866,3.77972866,3.77972866,3.77972866,3.77972866,3.77972866,3.77972866,3.87790343,3.87790343,3.87790343,3.87790343,3.87790343,3.87790343,3.87790343,3.87790343,3.87790343,3.87790343,3.87790343,3.87790343,3.9760782,3.9760782,3.9760782,3.9760782,3.9760782,3.9760782,3.9760782,3.9760782,3.9760782,3.9760782,3.9760782,3.9760782,3.9760782,3.9760782,3.9760782,3.9760782,3.9760782,3.9760782,3.9760782,3.9760782,3.9760782,3.9760782,3.9760782,3.9760782,3.87790343,3.9760782,3.9760782,3.9760782,3.87790343,3.87790343,3.87790343,3.87790343,3.87790343,3.87790343,3.87790343,3.87790343,3.87790343,3.87790343,3.87790343,3.87790343,3.87790343,3.87790343,3.87790343,3.87790343,3.87790343,3.87790343,3.87790343,3.87790343,3.87790343,3.87790343,3.87790343,3.87790343,3.87790343,3.87790343,3.87790343,3.87790343,3.87790343,3.87790343,3.87790343,3.87790343,3.87790343,3.87790343,3.87790343,3.87790343,3.87790343,3.87790343,3.87790343,3.87790343,3.87790343,3.9760782,3.9760782,4.07425297,3.9760782,4.07425297,4.17242774,4.17242774,4.17242774,4.27060251,4.36877728,4.46695205,4.46695205,4.56512682,4.6633016,4.6633016,4.76147637,4.76147637,4.85965114,4.85965114,4.85965114,4.85965114,4.95782591,4.95782591,4.95782591,5.05600068,5.05600068,5.05600068,5.05600068,5.05600068,5.05600068,5.05600068,5.05600068
376.375782013,C01,AP01,client_to_ap,VHT,2,2,2,80,SU,1,4,122,6637c97e16e6ce8a,6,-68.0,1.03083509,0.932660319,1.03083509,1.03083509,1.03083509,1.03083509,1.03083509,1.03083509,1.03083509,1.03083509,1.03083509,1.03083509,1.03083509,1.03083509,1.03083509,1.03083509,1.03083509,1.03083509,1.03083509,1.03083509,1.03083509,1.03083509,1.03083509,1.03083509,1.03083509,1.03083509,1.03083509,1.03083509,1.03083509,1.03083509,1.03083509,1.03083509,1.03083509,1.03083509,1.03083509,1.03083509,1.03083509,1.03083509,1.03083509,1.03083509,1.03083509,1.03083509,1.03083509,1.03083509,1.03083509,1.03083509,1.03083509,1.03083509,1.03083509,1.03083509,1.03083509,1.03083509,1.03083509,1.03083509,1.03083509,1.03083509,1.03083509,1.03083509,1.03083509,1.03083509,1.03083509,1.03083509,1.03083509,1.03083509,0.932660319,1.03083509,1.03083509,0.932660319,0.932660319,0.932660319,1.03083509,0.932660319,0.932660319,0.932660319,0.932660319,0.932660319,0.932660319,0.932660319,0.932660319,0.932660319,0.932660319,0.932660319,0.932660319,0.834485549,0.834485549,0.834485549,0.834485549,0.834485549,0.736310778,0.736310778,0.736310778,0.736310778,0.638136008,0.638136008,0.638136008,0.638136008,0.638136008,0.638136008,0.638136008,0.638136008,0.638136008,0.638136008,0.638136008,0.638136008,0.638136008,0.638136008,0.638136008,0.638136008,0.736310778,0.736310778,0.736310778,0.736310778,0.736310778,0.736310778,0.834485549,0.834485549,0.834485549,0.834485549,0.834485549,0.834485549,0.932660319,0.932660319,3.77972866,3.68155389,3.68155389,3.77972866,3.77972866,3.77972866,3.77972866,3.77972866,3.77972866,3.77972866,3.77972866,3.87790343,3.87790343,3.87790343,3.87790343,3.87790343,3.87790343,3.87790343,3.87790343,3.87790343,3.9760782,3.9760782,3.9760782,3.87790343,3.9760782,3.9760782,3.9760782,3.9760782,3.9760782,3.9760782,3.9760782,3.9760782,3.9760782,3.9760782,3.9760782,3.9760782,3.9760782,3.9760782,3.9760782,3.9760782,3.9760782,3.9760782,3.9760782,3.9760782,3.9760782,3.9760782,3.9760782,3.9760782,3.87790343,3.9760782,3.87790343,3.87790343,3.87790343,3.87790343,3.87790343,3.87790343,3.87790343,3.87790343,3.87790343,3.87790343,3.87790343,3.87790343,3.87790343,3.87790343,3.87790343,3.87790343,3.87790343,3.87790343,3.87790343,3.87790343,3.87790343,3.87790343,3.87790343,3.87790343,3.87790343,3.87790343,3.87790343,3.87790343,3.87790343,3.87790343,3.87790343,3.87790343,3.87790343,3.87790343,3.87790343,3.87790343,3.87790343,3.87790343,3.87790343,3.9760782,3.9760782,3.9760782,4.07425297,4.07425297,4.07425297,4.07425297,4.17242774,4.27060251,4.27060251,4.36877728,4.46695205,4.56512682,4.6633016,4.6633016,4.76147637,4.76147637,4.76147637,4.85965114,4.85965114,4.85965114,4.85965114,4.95782591,4.95782591,4.95782591,4.95782591,5.05600068,5.05600068,5.05600068,5.05600068,5.05600068,5.05600068,5.05600068
377.711394072,C01,AP01,client_to_ap,VHT,2,2,2,80,SU,1,4,122,6637c97e16e6ce8a,6,-68.0,0.932660319,0.932660319,0.932660319,1.03083509,1.03083509,1.03083509,1.03083509,1.03083509,1.03083509,1.03083509,1.03083509,1.03083509,1.03083509,1.03083509,1.03083509,1.03083509,1.03083509,1.03083509,1.03083509,1.03083509,1.03083509,1.03083509,1.03083509,1.03083509,1.03083509,1.03083509,1.03083509,1.03083509,1.03083509,1.03083509,1.03083509,1.03083509,1.03083509,1.03083509,1.03083509,1.03083509,1.03083509,1.03083509,1.03083509,1.03083509,1.03083509,1.03083509,1.03083509,1.03083509,1.03083509,1.03083509,1.03083509,1.03083509,1.03083509,1.03083509,1.03083509,1.03083509,1.03083509,1.03083509,1.03083509,1.03083509,1.03083509,1.03083509,1.03083509,1.03083509,1.03083509,1.03083509,1.03083509,1.03083509,0.932660319,0.932660319,1.03083509,1.03083509,0.932660319,0.932660319,0.932660319,0.932660319,0.932660319,0.932660319,0.932660319,0.932660319,0.932660319,0.932660319,0.932660319,0.932660319,0.932660319,0.834485549,0.932660319,0.932660319,0.834485549,0.834485549,0.834485549,0.834485549,0.736310778,0.736310778,0.736310778,0.736310778,0.638136008,0.638136008,0.638136008,0.638136008,0.638136008,0.638136008,0.638136008,0.638136008,0.638136008,0.638136008,0.638136008,0.638136008,0.638136008,0.638136008,0.638136008,0.736310778,0.736310778,0.736310778,0.736310778,0.736310778,0.736310778,0.834485549,0.834485549,0.834485549,0.834485549,0.834485549,0.834485549,0.834485549,0.834485549,0.932660319,3.68155389,3.77972866,3.77972866,3.77972866,3.77972866,3.77972866,3.77972866,3.77972866,3.77972866,3.87790343,3.77972866,3.87790343,3.77972866,3.87790343,3.87790343,3.87790343,3.87790343,3.87790343,3.87790343,3.87790343,3.9760782,3.9760782,3.9760782,3.9760782,3.9760782,3.9760782,3.9760782,3.9760782,3.9760782,3.9760782,3.9760782,3.9760782,3.9760782,3.9760782,3.9760782,3.9760782,3.9760782,3.9760782,3.9760782,3.9760782,3.9760782,3.9760782,3.9760782,3.9760782,3.9760782,3.9760782,3.9760782,3.9760782,3.9760782,3.9760782,3.87790343,3.87790343,3.87790343,3.87790343,3.87790343,3.87790343,3.87790343,3.87790343,3.87790343,3.87790343,3.87790343,3.87790343,3.87790343,3.87790343,3.87790343,3.87790343,3.87790343,3.87790343,3.87790343,3.87790343,3.9760782,3.9760782,3.9760782,3.87790343,3.9760782,3.9760782,3.9760782,3.9760782,3.87790343,3.87790343,3.87790343,3.87790343,3.87790343,3.9760782,3.87790343,3.87790343,3.87790343,3.9760782,3.9760782,3.9760782,3.9760782,3.9760782,4.07425297,4.07425297,4.17242774,4.17242774,4.27060251,4.27060251,4.36877728,4.36877728,4.46695205,4.56512682,4.6633016,4.6633016,4.76147637,4.76147637,4.76147637,4.85965114,4.85965114,4.85965114,4.85965114,4.95782591,4.95782591,4.95782591,4.95782591,5.05600068,5.05600068,5.05600068,5.05600068,5.05600068,5.05600068,4.95782591
379.043503046,C01,AP01,client_to_ap,VHT,2,2,2,80,SU,1,4,122,6637c97e16e6ce8a,6,-68.0,0.932660319,0.932660319,0.932660319,1.03083509,1.03083509,1.03083509,1.03083509,1.03083509,1.03083509,1.03083509,1.03083509,1.03083509,1.03083509,1.03083509,1.03083509,1.03083509,1.03083509,1.03083509,1.03083509,1.03083509,1.03083509,1.03083509,1.03083509,1.03083509,1.03083509,1.03083509,1.03083509,1.03083509,1.03083509,1.03083509,1.03083509,1.03083509,1.03083509,1.03083509,1.03083509,1.03083509,1.03083509,1.03083509,1.03083509,1.03083509,1.03083509,1.03083509,1.03083509,1.03083509,1.03083509,1.03083509,1.03083509,1.03083509,1.03083509,1.03083509,1.03083509,1.03083509,1.03083509,1.03083509,1.03083509,1.03083509,1.03083509,1.03083509,1.03083509,1.03083509,1.03083509,1.03083509,1.03083509,0.932660319,0.932660319,0.932660319,0.932660319,0.932660319,0.932660319,0.932660319,0.932660319,0.932660319,0.932660319,0.932660319,0.932660319,0.932660319,0.932660319,0.932660319,0.932660319,0.932660319,0.932660319,0.932660319,0.834485549,0.834485549,0.834485549,0.834485549,0.834485549,0.834485549,0.736310778,0.736310778,0.736310778,0.736310778,0.638136008,0.638136008,0.638136008,0.638136008,0.638136008,0.539961237,0.638136008,0.638136008,0.638136008,0.638136008,0.638136008,0.638136008,0.638136008,0.638136008,0.638136008,0.638136008,0.736310778,0.736310778,0.736310778,0.736310778,0.736310778,0.736310778,0.834485549,0.834485549,0.834485549,0.834485549,0.834485549,0.834485549,0.834485549,0.932660319,3.68155389,3.77972866,3.68155389,3.77972866,3.77972866,3.77972866,3.77972866,3.77972866,3.77972866,3.77972866,3.77972866,3.77972866,3.77972866,3.77972866,3.87790343,3.77972866,3.87790343,3.87790343,3.87790343,3.87790343,3.87790343,3.87790343,3.87790343,3.87790343,3.87790343,3.87790343,3.87790343,3.9760782,3.9760782,3.9760782,3.9760782,3.9760782,3.9760782,3.9760782,3.9760782,3.9760782,3.9760782,3.9760782,3.9760782,3.87790343,3.9760782,3.9760782,3.87790343,3.9760782,3.87790343,3.87790343,3.87790343,3.87790343,3.87790343,3.87790343,3.87790343,3.87790343,3.87790343,3.87790343,3.87790343,3.87790343,3.87790343,3.87790343,3.87790343,3.87790343,3.87790343,3.87790343,3.87790343,3.87790343,3.87790343,3.87790343,3.87790343,3.87790343,3.87790343,3.87790343,3.87790343,3.87790343,3.87790343,3.87790343,3.87790343,3.87790343,3.87790343,3.87790343,3.87790343,3.87790343,3.87790343,3.87790343,3.87790343,3.87790343,3.87790343,3.87790343,3.87790343,3.87790343,3.87790343,3.9760782,3.9760782,3.9760782,3.9760782,4.07425297,4.07425297,4.17242774,4.17242774,4.27060251,4.27060251,4.36877728,4.46695205,4.46695205,4.6633016,4.6633016,4.6633016,4.76147637,4.76147637,4.85965114,4.85965114,4.85965114,4.85965114,4.95782591,4.95782591,4.95782591,5.05600068,5.05600068,5.05600068,5.05600068,5.05600068,5.05600068,5.05600068,5.05600068
380.375292063,C01,AP01,client_to_ap,VHT,2,2,2,80,SU,1,4,122,6637c97e16e6ce8a,6,-67.0,0.932660319,0.932660319,0.932660319,1.03083509,1.03083509,1.03083509,1.03083509,1.03083509,1.03083509,1.03083509,1.03083509,1.03083509,1.03083509,1.03083509,1.03083509,1.03083509,1.03083509,1.03083509,1.03083509,1.03083509,1.03083509,1.03083509,1.03083509,1.03083509,1.03083509,1.03083509,1.03083509,1.03083509,1.03083509,1.03083509,1.03083509,1.03083509,1.03083509,1.03083509,1.03083509,1.03083509,1.03083509,1.03083509,1.03083509,1.03083509,1.03083509,1.03083509,1.03083509,1.03083509,1.03083509,1.03083509,1.03083509,1.03083509,1.03083509,1.03083509,1.03083509,1.03083509,1.03083509,1.03083509,1.03083509,1.03083509,1.03083509,1.03083509,1.03083509,1.03083509,1.03083509,1.03083509,1.03083509,1.03083509,1.03083509,0.932660319,1.03083509,0.932660319,0.932660319,0.932660319,1.03083509,0.932660319,0.932660319,0.932660319,0.932660319,0.932660319,0.932660319,0.932660319,0.932660319,0.932660319,0.932660319,0.932660319,0.932660319,0.834485549,0.834485549,0.834485549,0.834485549,0.834485549,0.736310778,0.736310778,0.736310778,0.638136008,0.638136008,0.638136008,0.638136008,0.638136008,0.539961237,0.539961237,0.638136008,0.638136008,0.638136008,0.638136008,0.638136008,0.638136008,0.638136008,0.638136008,0.638136008,0.638136008,0.638136008,0.736310778,0.736310778,0.736310778,0.736310778,0.736310778,0.834485549,0.834485549,0.834485549,0.834485549,0.834485549,0.834485549,0.834485549,0.932660319,3.77972866,3.77972866,3.77972866,3.77972866,3.77972866,3.77972866,3.87790343,3.77972866,3.87790343,3.87790343,3.77972866,3.87790343,3.77972866,3.87790343,3.87790343,3.87790343,3.87790343,3.87790343,3.87790343,3.87790343,3.87790343,3.9760782,3.9760782,3.9760782,3.9760782,3.9760782,3.9760782,3.9760782,3.9760782,3.9760782,3.9760782,3.9760782,3.9760782,3.9760782,3.9760782,3.9760782,3.9760782,3.9760782,3.9760782,3.9760782,3.9760782,3.9760782,3.9760782,3.9760782,3.9760782,3.87790343,3.9760782,3.9760782,3.9760782,3.87790343,3.87790343,3.87790343,3.87790343,3.87790343,3.87790343,3.87790343,3.87790343,3.87790343,3.87790343,3.87790343,3.87790343,3.87790343,3.87790343,3.87790343,3.87790343,3.87790343,3.87790343,3.87790343,3.87790343,3.87790343,3.87790343,3.9760782,3.87790343,3.87790343,3.87790343,3.87790343,3.87790343,3.87790343,3.87790343,3.87790343,3.87790343,3.87790343,3.87790343,3.87790343,3.87790343,3.87790343,3.87790343,3.9760782,3.87790343,3.87790343,3.9760782,3.9760782,3.9760782,4.07425297,4.07425297,4.17242774,4.17242774,4.27060251,4.36877728,4.36877728,4.46695205,4.56512682,4.56512682,4.6633016,4.6633016,4.76147637,4.76147637,4.85965114,4.85965114,4.95782591,4.95782591,4.95782591,4.95782591,4.95782591,5.05600068,5.05600068,5.05600068,5.05600068,5.05600068,5.05600068,5.05600068,5.05600068
381.711204052,C01,AP01,client_to_ap,VHT,2,2,2,80,SU,1,4,122,6637c97e16e6ce8a,6,-68.0,0.932660319,1.03083509,1.03083509,1.03083509,1.03083509,1.03083509,1.03083509,1.03083509,1.03083509,1.03083509,1.03083509,1.03083509,1.03083509,1.03083509,1.03083509,1.03083509,1.03083509,1.03083509,1.03083509,1.03083509,1.03083509,1.03083509,1.03083509,1.03083509,1.03083509,1.03083509,1.03083509,1.03083509,1.03083509,1.03083509,1.03083509,1.03083509,1.03083509,1.03083509,1.03083509,1.03083509,1.03083509,1.03083509,1.03083509,1.03083509,1.03083509,1.03083509,1.03083509,1.03083509,1.03083509,1.03083509,1.03083509,1.03083509,1.03083509,1.03083509,1.03083509,1.03083509,1.03083509,1.03083509,1.03083509,1.03083509,1.03083509,1.03083509,1.03083509,1.03083509,1.03083509,1.03083509,1.03083509,1.03083509,1.03083509,1.03083509,1.03083509,1.03083509,1.03083509,1.03083509,1.03083509,1.03083509,1.03083509,1.03083509,0.932660319,0.932660319,0.932660319,0.932660319,0.932660319,0.932660319,0.932660319,0.932660319,0.932660319,0.932660319,0.834485549,0.834485549,0.834485549,0.834485549,0.736310778,0.736310778,0.736310778,0.736310778,0.736310778,0.638136008,0.638136008,0.638136008,0.638136008,0.638136008,0.638136008,0.638136008,0.638136008,0.638136008,0.638136008,0.638136008,0.638136008,0.638136008,0.638136008,0.736310778,0.736310778,0.736310778,0.736310778,0.736310778,0.736310778,0.834485549,0.834485549,0.834485549,0.834485549,0.834485549,0.834485549,0.932660319,0.932660319,0.932660319,3.68155389,3.68155389,3.77972866,3.77972866,3.77972866,3.77972866,3.77972866,3.77972866,3.87790343,3.87790343,3.77972866,3.87790343,3.87790343,3.87790343,3.87790343,3.87790343,3.87790343,3.87790343,3.87790343,3.87790343,3.9760782,3.87790343,3.9760782,3.9760782,3.9760782,3.9760782,3.9760782,3.9760782,3.9760782,3.9760782,3.9760782,3.9760782,3.9760782,3.9760782,3.9760782,3.9760782,3.9760782,3.9760782,3.9760782,3.9760782,3.9760782,3.9760782,3.9760782,3.9760782,3.9760782,3.9760782,3.87790343,3.9760782,3.9760782,3.9760782,3.9760782,3.87790343,3.87790343,3.87790343,3.87790343,3.87790343,3.87790343,3.87790343,3.87790343,3.87790343,3.87790343,3.87790343,3.87790343,3.87790343,3.87790343,3.87790343,3.87790343,3.87790343,3.87790343,3.87790343,3.87790343,3.87790343,3.87790343,3.87790343,3.87790343,3.87790343,3.87790343,3.87790343,3.87790343,3.87790343,3.87790343,3.87790343,3.87790343,3.87790343,3.87790343,3.87790343,3.87790343,3.87790343,3.87790343,3.87790343,3.9760782,3.9760782,3.9760782,4.07425297,4.07425297,4.17242774,4.17242774,4.27060251,4.36877728,4.36877728,4.46695205,4.46695205,4.6633016,4.6633016,4.6633016,4.76147637,4.76147637,4.85965114,4.85965114,4.85965114,4.85965114,4.95782591,4.95782591,4.95782591,4.95782591,4.95782591,5.05600068,5.05600068,5.05600068,5.05600068,5.05600068,5.05600068
383.038136959,C01,AP01,client_to_ap,VHT,2,2,2,80,SU,1,4,122,6637c97e16e6ce8a,6,-68.0,0.932660319,1.03083509,0.932660319,0.932660319,0.932660319,1.03083509,1.03083509,1.03083509,1.03083509,1.03083509,1.03083509,1.03083509,1.03083509,1.03083509,1.03083509,1.03083509,1.03083509,1.03083509,1.03083509,1.03083509,1.03083509,1.03083509,1.03083509,1.03083509,1.03083509,1.03083509,1.03083509,1.03083509,1.03083509,1.03083509,1.03083509,1.03083509,1.03083509,1.03083509,1.03083509,1.03083509,1.03083509,1.03083509,1.03083509,1.03083509,1.03083509,1.03083509,1.03083509,1.03083509,1.03083509,1.03083509,1.03083509,1.03083509,1.03083509,1.03083509,1.03083509,1.03083509,1.03083509,1.03083509,1.03083509,1.03083509,1.03083509,1.03083509,1.03083509,1.03083509,1.03083509,1.03083509,1.03083509,1.03083509,1.03083509,1.03083509,1.03083509,0.932660319,0.932660319,0.932660319,0.932660319,0.932660319,0.932660319,0.932660319,0.932660319,0.932660319,0.932660319,0.932660319,0.932660319,0.932660319,0.932660319,0.932660319,0.932660319,0.834485549,0.834485549,0.834485549,0.834485549,0.834485549,0.736310778,0.736310778,0.736310778,0.736310778,0.638136008,0.638136008,0.638136008,0.638136008,0.638136008,0.638136008,0.638136008,0.638136008,0.539961237,0.638136008,0.638136008,0.638136008,0.638136008,0.638136008,0.638136008,0.736310778,0.736310778,0.736310778,0.736310778,0.736310778,0.736310778,0.736310778,0.736310778,0.834485549,0.834485549,0.834485549,0.834485549,0.834485549,0.834485549,0.932660319,3.68155389,3.77972866,3.77972866,3.77972866,3.77972866,3.77972866,3.77972866,3.77972866,3.77972866,3.87790343,3.87790343,3.87790343,3.87790343,3.87790343,3.87790343,3.87790343,3.87790343,3.87790343,3.87790343,3.87790343,3.87790343,3.87790343,3.9760782,3.9760782,3.9760782,3.9760782,3.9760782,3.9760782,3.9760782,3.9760782,3.9760782,3.9760782,3.9760782,3.9760782,3.9760782,3.9760782,3.9760782,3.9760782,3.9760782,3.9760782,3.9760782,3.9760782,3.9760782,3.9760782,3.9760782,3.9760782,3.9760782,3.9760782,3.9760782,3.87790343,3.87790343,3.87790343,3.87790343,3.87790343,3.87790343,3.87790343,3.87790343,3.87790343,3.87790343,3.87790343,3.87790343,3.87790343,3.87790343,3.87790343,3.87790343,3.87790343,3.87790343,3.87790343,3.87790343,3.87790343,3.9760782,3.9760782,3.9760782,3.87790343,3.87790343,3.87790343,3.9760782,3.87790343,3.87790343,3.87790343,3.87790343,3.87790343,3.87790343,3.87790343,3.87790343,3.87790343,3.87790343,3.87790343,3.87790343,3.9760782,3.9760782,3.9760782,3.9760782,4.07425297,4.07425297,4.17242774,4.27060251,4.27060251,4.27060251,4.36877728,4.46695205,4.56512682,4.56512682,4.6633016,4.6633016,4.76147637,4.76147637,4.85965114,4.85965114,4.85965114,4.95782591,4.95782591,4.95782591,4.95782591,4.95782591,5.05600068,4.95782591,5.05600068,5.05600068,5.05600068,5.15417545,5.15417545
384.367107868,C01,AP01,client_to_ap,VHT,2,2,2,80,SU,1,4,122,6637c97e16e6ce8a,6,-68.0,0.932660319,0.932660319,0.932660319,1.03083509,0.932660319,1.03083509,1.03083509,1.03083509,1.03083509,1.03083509,1.03083509,1.03083509,1.03083509,1.03083509,1.03083509,1.03083509,1.03083509,1.03083509,1.03083509,1.03083509,1.03083509,1.03083509,1.03083509,1.03083509,1.03083509,1.03083509,1.03083509,1.03083509,1.03083509,1.03083509,1.03083509,1.03083509,1.03083509,1.03083509,1.03083509,1.03083509,1.03083509,1.03083509,1.03083509,1.03083509,1.03083509,1.03083509,1.03083509,1.03083509,1.03083509,1.03083509,1.03083509,1.03083509,1.03083509,1.03083509,1.03083509,1.03083509,1.03083509,1.03083509,1.03083509,1.03083509,1.03083509,1.03083509,1.03083509,1.03083509,1.03083509,1.03083509,1.03083509,1.03083509,1.03083509,1.03083509,1.03083509,0.932660319,0.932660319,0.932660319,1.03083509,1.03083509,0.932660319,0.932660319,0.932660319,0.932660319,0.932660319,0.932660319,0.932660319,0.932660319,0.932660319,0.932660319,0.932660319,0.834485549,0.834485549,0.834485549,0.834485549,0.834485549,0.736310778,0.736310778,0.736310778,0.736310778,0.638136008,0.638136008,0.638136008,0.638136008,0.638136008,0.638136008,0.638136008,0.638136008,0.638136008,0.638136008,0.638136008,0.638136008,0.638136008,0.638136008,0.638136008,0.638136008,0.736310778,0.736310778,0.736310778,0.736310778,0.736310778,0.736310778,0.834485549,0.834485549,0.834485549,0.834485549,0.834485549,0.834485549,0.834485549,0.834485549,3.68155389,3.77972866,3.77972866,3.77972866,3.77972866,3.77972866,3.77972866,3.77972866,3.77972866,3.77972866,3.77972866,3.77972866,3.77972866,3.87790343,3.87790343,3.87790343,3.87790343,3.87790343,3.87790343,3.87790343,3.87790343,3.87790343,3.9760782,3.9760782,3.9760782,3.9760782,3.9760782,3.9760782,3.9760782,3.9760782,3.9760782,3.9760782,3.9760782,3.9760782,3.9760782,3.9760782,3.9760782,3.9760782,3.9760782,3.9760782,3.9760782,3.9760782,3.9760782,3.9760782,3.9760782,3.9760782,3.9760782,3.9760782,3.87790343,3.87790343,3.87790343,3.87790343,3.87790343,3.87790343,3.87790343,3.87790343,3.87790343,3.87790343,3.87790343,3.87790343,3.87790343,3.87790343,3.87790343,3.87790343,3.87790343,3.87790343,3.87790343,3.87790343,3.87790343,3.87790343,3.87790343,3.87790343,3.87790343,3.87790343,3.87790343,3.87790343,3.87790343,3.87790343,3.87790343,3.9760782,3.87790343,3.87790343,3.87790343,3.87790343,3.87790343,3.87790343,3.87790343,3.87790343,3.87790343,3.87790343,3.9760782,3.9760782,3.9760782,3.9760782,4.07425297,4.17242774,4.17242774,4.27060251,4.27060251,4.36877728,4.46695205,4.56512682,4.56512682,4.6633016,4.6633016,4.76147637,4.76147637,4.76147637,4.85965114,4.95782591,4.85965114,4.85965114,4.95782591,4.95782591,4.95782591,5.05600068,5.05600068,5.05600068,5.05600068,5.05600068,5.05600068,5.15417545
385.701267004,C01,AP01,client_to_ap,VHT,2,2,2,80,SU,1,4,122,6637c97e16e6ce8a,6,-68.0,0.932660319,0.932660319,0.932660319,1.03083509,1.03083509,1.03083509,1.03083509,1.03083509,1.03083509,1.03083509,1.03083509,1.03083509,1.03083509,1.03083509,1.03083509,1.03083509,1.03083509,1.03083509,1.03083509,1.03083509,1.03083509,1.03083509,1.03083509,1.03083509,1.03083509,1.03083509,1.03083509,1.03083509,1.03083509,1.03083509,1.03083509,1.03083509,1.03083509,1.03083509,1.03083509,1.03083509,1.03083509,1.03083509,1.03083509,1.03083509,1.03083509,1.03083509,1.03083509,1.03083509,1.03083509,1.03083509,1.03083509,1.03083509,1.03083509,1.03083509,1.03083509,1.03083509,1.03083509,1.03083509,1.03083509,1.03083509,1.03083509,1.03083509,1.03083509,1.03083509,1.03083509,1.03083509,1.03083509,1.03083509,1.03083509,1.03083509,1.03083509,0.932660319,0.932660319,1.03083509,1.03083509,0.932660319,0.932660319,0.932660319,0.932660319,0.932660319,0.932660319,0.932660319,0.932660319,0.932660319,0.932660319,0.932660319,0.932660319,0.932660319,0.834485549,0.834485549,0.834485549,0.834485549,0.736310778,0.736310778,0.736310778,0.736310778,0.736310778,0.638136008,0.638136008,0.638136008,0.638136008,0.638136008,0.638136008,0.638136008,0.638136008,0.638136008,0.638136008,0.638136008,0.638136008,0.638136008,0.638136008,0.736310778,0.736310778,0.736310778,0.736310778,0.736310778,0.736310778,0.834485549,0.834485549,0.834485549,0.834485549,0.834485549,0.834485549,0.834485549,0.834485549,0.932660319,3.77972866,3.77972866,3.77972866,3.77972866,3.77972866,3.77972866,3.77972866,3.77972866,3.87790343,3.77972866,3.87790343,3.77972866,3.87790343,3.87790343,3.87790343,3.87790343,3.87790343,3.87790343,3.87790343,3.87790343,3.87790343,3.87790343,3.87790343,3.9760782,3.9760782,3.9760782,3.9760782,3.9760782,3.9760782,3.9760782,3.9760782,3.9760782,3.9760782,3.9760782,3.9760782,3.9760782,3.9760782,3.9760782,3.9760782,3.9760782,3.9760782,3.9760782,3.9760782,3.9760782,3.9760782,3.87790343,3.87790343,3.9760782,3.87790343,3.87790343,3.87790343,3.87790343,3.87790343,3.87790343,3.87790343,3.87790343,3.87790343,3.87790343,3.87790343,3.87790343,3.87790343,3.77972866,3.87790343,3.87790343,3.87790343,3.87790343,3.87790343,3.87790343,3.87790343,3.87790343,3.87790343,3.87790343,3.87790343,3.87790343,3.87790343,3.9760782,3.87790343,3.87790343,3.87790343,3.87790343,3.87790343,3.87790343,3.87790343,3.87790343,3.87790343,3.87790343,3.87790343,3.87790343,3.87790343,3.9760782,3.9760782,3.9760782,3.9760782,4.07425297,4.07425297,4.17242774,4.27060251,4.27060251,4.36877728,4.36877728,4.46695205,4.56512682,4.56512682,4.6633016,4.6633016,4.76147637,4.76147637,4.85965114,4.85965114,4.85965114,4.85965114,4.95782591,4.95782591,4.95782591,4.95782591,5.05600068,5.05600068,4.95782591,5.05600068,5.05600068,5.05600068,5.05600068
387.033398867,C01,AP01,client_to_ap,VHT,2,2,2,80,SU,1,4,122,6637c97e16e6ce8a,6,-68.0,0.932660319,1.03083509,1.03083509,1.03083509,1.03083509,1.03083509,1.03083509,1.03083509,1.03083509,1.03083509,1.03083509,1.03083509,1.03083509,1.03083509,1.03083509,1.03083509,1.03083509,1.03083509,1.03083509,1.03083509,1.03083509,1.03083509,1.03083509,1.03083509,1.03083509,1.03083509,1.03083509,1.03083509,1.03083509,1.03083509,1.03083509,1.03083509,1.03083509,1.03083509,1.03083509,1.03083509,1.03083509,1.03083509,1.03083509,1.03083509,1.03083509,1.03083509,1.03083509,1.03083509,1.03083509,1.03083509,1.03083509,1.03083509,1.03083509,1.03083509,1.03083509,1.03083509,1.03083509,1.03083509,1.03083509,1.03083509,1.03083509,1.03083509,1.03083509,1.03083509,1.03083509,1.03083509,1.03083509,1.03083509,1.03083509,1.03083509,1.03083509,1.03083509,0.932660319,1.03083509,1.03083509,1.03083509,0.932660319,0.932660319,0.932660319,0.932660319,0.932660319,0.932660319,0.932660319,0.932660319,0.932660319,0.932660319,0.932660319,0.932660319,0.834485549,0.834485549,0.834485549,0.834485549,0.736310778,0.736310778,0.736310778,0.736310778,0.638136008,0.736310778,0.638136008,0.638136008,0.638136008,0.638136008,0.638136008,0.638136008,0.638136008,0.638136008,0.638136008,0.638136008,0.638136008,0.638136008,0.638136008,0.736310778,0.736310778,0.736310778,0.736310778,0.736310778,0.736310778,0.834485549,0.834485549,0.834485549,0.834485549,0.834485549,0.834485549,0.834485549,0.932660319,0.932660319,3.68155389,3.77972866,3.77972866,3.77972866,3.77972866,3.77972866,3.77972866,3.77972866,3.87790343,3.87790343,3.77972866,3.87790343,3.87790343,3.87790343,3.87790343,3.87790343,3.87790343,3.87790343,3.87790343,3.87790343,3.87790343,3.87790343,3.87790343,3.87790343,3.9760782,3.9760782,3.9760782,3.9760782,3.9760782,3.9760782,3.9760782,3.9760782,3.9760782,3.9760782,3.9760782,3.9760782,3.9760782,3.9760782,3.9760782,3.9760782,3.9760782,3.9760782,3.9760782,3.9760782,3.9760782,3.9760782,3.9760782,3.9760782,3.87790343,3.87790343,3.87790343,3.87790343,3.87790343,3.87790343,3.87790343,3.87790343,3.87790343,3.87790343,3.87790343,3.87790343,3.87790343,3.87790343,3.87790343,3.87790343,3.87790343,3.87790343,3.87790343,3.87790343,3.87790343,3.87790343,3.87790343,3.87790343,3.87790343,3.87790343,3.87790343,3.87790343,3.87790343,3.87790343,3.87790343,3.87790343,3.87790343,3.87790343,3.87790343,3.87790343,3.87790343,3.87790343,3.87790343,3.87790343,3.87790343,3.87790343,3.9760782,3.9760782,3.9760782,4.07425297,4.07425297,4.17242774,4.17242774,4.27060251,4.36877728,4.36877728,4.46695205,4.46695205,4.56512682,4.6633016,4.6633016,4.76147637,4.76147637,4.76147637,4.85965114,4.85965114,4.85965114,4.85965114,4.95782591,5.05600068,4.95782591,5.05600068,4.95782591,5.05600068,5.05600068,5.05600068,5.05600068,5.05600068
388.365787983,C01,AP01,client_to_ap,VHT,2,2,2,80,SU,1,4,122,6637c97e16e6ce8a,6,-68.0,0.932660319,0.932660319,0.932660319,0.932660319,1.03083509,1.03083509,0.932660319,1.03083509,1.03083509,1.03083509,1.03083509,1.03083509,1.03083509,1.03083509,1.03083509,1.03083509,1.03083509,1.03083509,1.03083509,1.03083509,1.03083509,1.03083509,1.03083509,1.03083509,1.03083509,1.03083509,1.03083509,1.03083509,1.03083509,1.03083509,1.03083509,1.03083509,1.03083509,1.03083509,1.03083509,1.03083509,1.03083509,1.03083509,1.03083509,1.03083509,1.03083509,1.03083509,1.03083509,1.03083509,1.03083509,1.03083509,1.03083509,1.03083509,1.03083509,1.03083509,1.03083509,1.03083509,1.03083509,1.03083509,1.03083509,1.03083509,1.03083509,1.03083509,1.03083509,1.03083509,1.03083509,1.03083509,1.03083509,0.932660319,0.932660319,0.932660319,0.932660319,0.932660319,0.932660319,0.932660319,0.932660319,0.932660319,0.932660319,0.932660319,0.932660319,0.932660319,0.932660319,0.932660319,0.932660319,0.932660319,0.932660319,0.834485549,0.834485549,0.834485549,0.834485549,0.834485549,0.834485549,0.736310778,0.736310778,0.736310778,0.736310778,0.638136008,0.638136008,0.638136008,0.638136008,0.638136008,0.638136008,0.638136008,0.539961237,0.539961237,0.539961237,0.539961237,0.638136008,0.638136008,0.638136008,0.638136008,0.638136008,0.638136008,0.638136008,0.736310778,0.736310778,0.736310778,0.736310778,0.736310778,0.834485549,0.736310778,0.834485549,0.834485549,0.834485549,0.834485549,0.834485549,0.932660319,3.68155389,3.77972866,3.77972866,3.77972866,3.77972866,3.77972866,3.77972866,3.77972866,3.87790343,3.77972866,3.77972866,3.87790343,3.77972866,3.77972866,3.77972866,3.77972866,3.87790343,3.77972866,3.87790343,3.87790343,3.87790343,3.87790343,3.87790343,3.87790343,3.87790343,3.87790343,3.87790343,3.87790343,3.9760782,3.87790343,3.9760782,3.9760782,3.9760782,3.9760782,3.87790343,3.9760782,3.9760782,3.9760782,3.9760782,3.9760782,3.9760782,3.87790343,3.9760782,3.87790343,3.87790343,3.87790343,3.87790343,3.87790343,3.87790343,3.87790343,3.87790343,3.87790343,3.87790343,3.87790343,3.87790343,3.87790343,3.87790343,3.87790343,3.87790343,3.87790343,3.87790343,3.87790343,3.87790343,3.87790343,3.87790343,3.87790343,3.87790343,3.87790343,3.87790343,3.87790343,3.87790343,3.87790343,3.87790343,3.87790343,3.87790343,3.87790343,3.87790343,3.87790343,3.87790343,3.87790343,3.87790343,3.87790343,3.77972866,3.77972866,3.87790343,3.87790343,3.77972866,3.87790343,3.87790343,3.87790343,3.87790343,3.9760782,3.9760782,3.9760782,4.07425297,4.07425297,4.17242774,4.17242774,4.27060251,4.36877728,4.46695205,4.46695205,4.56512682,4.6633016,4.6633016,4.76147637,4.85965114,4.85965114,4.85965114,4.85965114,4.85965114,4.85965114,4.95782591,5.05600068,5.05600068,4.95782591,5.05600068,5.05600068,5.05600068,5.05600068,5.05600068,5.05600068
389.701397896,C01,AP01,client_to_ap,VHT,2,2,2,80,SU,1,4,122,6637c97e16e6ce8a,6,-68.0,0.932660319,0.932660319,1.03083509,1.03083509,1.03083509,1.03083509,1.03083509,1.03083509,1.03083509,1.03083509,1.03083509,1.03083509,1.03083509,1.03083509,1.03083509,1.03083509,1.03083509,1.03083509,1.03083509,1.03083509,1.03083509,1.03083509,1.03083509,1.03083509,1.03083509,1.03083509,1.03083509,1.03083509,1.03083509,1.03083509,1.03083509,1.03083509,1.03083509,1.03083509,1.03083509,1.03083509,1.03083509,1.03083509,1.03083509,1.03083509,1.03083509,1.03083509,1.03083509,1.03083509,1.03083509,1.03083509,1.03083509,1.03083509,1.03083509,1.03083509,1.03083509,1.03083509,1.03083509,1.03083509,1.03083509,1.03083509,1.03083509,1.03083509,1.03083509,1.03083509,1.03083509,1.03083509,1.03083509,1.03083509,1.03083509,1.03083509,1.03083509,1.03083509,0.932660319,1.03083509,1.03083509,0.932660319,0.932660319,0.932660319,0.932660319,0.932660319,0.932660319,0.932660319,0.932660319,0.932660319,0.932660319,0.932660319,0.932660319,0.834485549,0.834485549,0.834485549,0.834485549,0.736310778,0.736310778,0.736310778,0.736310778,0.736310778,0.736310778,0.638136008,0.638136008,0.638136008,0.638136008,0.638136008,0.638136008,0.638136008,0.539961237,0.638136008,0.638136008,0.638136008,0.638136008,0.638136008,0.638136008,0.638136008,0.736310778,0.736310778,0.736310778,0.736310778,0.736310778,0.736310778,0.834485549,0.834485549,0.834485549,0.834485549,0.834485549,0.834485549,0.834485549,0.932660319,3.68155389,3.77972866,3.77972866,3.77972866,3.77972866,3.77972866,3.77972866,3.77972866,3.87790343,3.77972866,3.77972866,3.77972866,3.87790343,3.87790343,3.87790343,3.87790343,3.87790343,3.87790343,3.87790343,3.87790343,3.87790343,3.87790343,3.9760782,3.9760782,3.9760782,3.9760782,3.9760782,3.9760782,3.9760782,3.9760782,3.9760782,3.9760782,3.9760782,3.9760782,3.9760782,3.9760782,3.9760782,3.9760782,3.9760782,3.9760782,3.9760782,3.9760782,3.9760782,3.9760782,3.9760782,3.9760782,3.9760782,3.9760782,3.87790343,3.87790343,3.87790343,3.87790343,3.87790343,3.87790343,3.87790343,3.87790343,3.87790343,3.87790343,3.87790343,3.87790343,3.87790343,3.87790343,3.87790343,3.87790343,3.87790343,3.87790343,3.87790343,3.87790343,3.87790343,3.87790343,3.87790343,3.87790343,3.87790343,3.87790343,3.87790343,3.87790343,3.87790343,3.87790343,3.87790343,3.87790343,3.87790343,3.87790343,3.87790343,3.87790343,3.87790343,3.87790343,3.87790343,3.87790343,3.87790343,3.87790343,3.9760782,3.9760782,3.9760782,3.9760782,4.07425297,4.17242774,4.17242774,4.27060251,4.27060251,4.36877728,4.36877728,4.56512682,4.56512682,4.6633016,4.6633016,4.6633016,4.76147637,4.76147637,4.85965114,4.85965114,4.85965114,4.95782591,4.95782591,4.95782591,4.95782591,4.95782591,4.95782591,5.05600068,5.05600068,5.05600068,5.05600068,5.05600068
391.033290863,C01,AP01,client_to_ap,VHT,2,2,2,80,SU,1,4,122,6637c97e16e6ce8a,6,-68.0,0.932660319,0.932660319,0.932660319,1.03083509,1.03083509,1.03083509,1.03083509,1.03083509,1.03083509,1.03083509,1.03083509,1.03083509,1.03083509,1.03083509,1.03083509,1.03083509,1.03083509,1.03083509,1.03083509,1.03083509,1.03083509,1.03083509,1.03083509,1.03083509,1.03083509,1.03083509,1.03083509,1.03083509,1.03083509,1.03083509,1.03083509,1.03083509,1.03083509,1.03083509,1.03083509,1.03083509,1.03083509,1.03083509,1.03083509,1.03083509,1.03083509,1.03083509,1.03083509,1.03083509,1.03083509,1.03083509,1.03083509,1.03083509,1.03083509,1.03083509,1.03083509,1.03083509,1.03083509,1.03083509,1.03083509,1.03083509,1.03083509,1.03083509,1.03083509,1.03083509,1.03083509,1.03083509,1.03083509,1.03083509,0.932660319,1.03083509,0.932660319,0.932660319,0.932660319,0.932660319,0.932660319,0.932660319,0.932660319,0.932660319,0.932660319,0.932660319,0.932660319,0.932660319,0.932660319,0.932660319,0.932660319,0.932660319,0.932660319,0.834485549,0.834485549,0.834485549,0.834485549,0.736310778,0.736310778,0.736310778,0.736310778,0.736310778,0.638136008,0.638136008,0.638136008,0.638136008,0.638136008,0.539961237,0.539961237,0.539961237,0.539961237,0.638136008,0.638136008,0.638136008,0.638136008,0.638136008,0.638136008,0.638136008,0.736310778,0.736310778,0.736310778,0.736310778,0.736310778,0.736310778,0.736310778,0.736310778,0.834485549,0.834485549,0.834485549,0.834485549,0.834485549,0.932660319,3.77972866,3.68155389,3.77972866,3.77972866,3.77972866,3.77972866,3.77972866,3.77972866,3.77972866,3.77972866,3.77972866,3.87790343,3.77972866,3.87790343,3.87790343,3.77972866,3.87790343,3.77972866,3.87790343,3.87790343,3.87790343,3.87790343,3.87790343,3.87790343,3.87790343,3.87790343,3.87790343,3.87790343,3.87790343,3.87790343,3.9760782,3.9760782,3.87790343,3.9760782,3.9760782,3.9760782,3.9760782,3.9760782,3.9760782,3.87790343,3.87790343,3.9760782,3.9760782,3.87790343,3.87790343,3.87790343,3.87790343,3.87790343,3.87790343,3.87790343,3.87790343,3.87790343,3.87790343,3.87790343,3.87790343,3.87790343,3.87790343,3.87790343,3.77972866,3.87790343,3.87790343,3.77972866,3.87790343,3.77972866,3.87790343,3.87790343,3.87790343,3.87790343,3.87790343,3.87790343,3.87790343,3.87790343,3.87790343,3.87790343,3.87790343,3.87790343,3.87790343,3.87790343,3.87790343,3.87790343,3.87790343,3.87790343,3.77972866,3.87790343,3.77972866,3.87790343,3.87790343,3.87790343,3.87790343,3.87790343,3.87790343,3.87790343,3.9760782,3.9760782,4.07425297,4.17242774,4.07425297,4.17242774,4.27060251,4.36877728,4.36877728,4.46695205,4.56512682,4.6633016,4.6633016,4.76147637,4.76147637,4.76147637,4.85965114,4.85965114,4.95782591,4.95782591,4.95782591,4.95782591,4.95782591,5.05600068,5.05600068,5.05600068,5.05600068,5.05600068,5.05600068,5.05600068
392.366464853,C01,AP01,client_to_ap,VHT,2,2,2,80,SU,1,4,122,6637c97e16e6ce8a,6,-68.0,0.932660319,0.932660319,1.03083509,1.03083509,1.03083509,1.03083509,1.03083509,1.03083509,1.03083509,1.03083509,1.03083509,1.03083509,1.03083509,1.03083509,1.03083509,1.03083509,1.03083509,1.03083509,1.03083509,1.03083509,1.03083509,1.03083509,1.03083509,1.03083509,1.03083509,1.03083509,1.03083509,1.03083509,1.03083509,1.03083509,1.03083509,1.03083509,1.03083509,1.03083509,1.03083509,1.03083509,1.03083509,1.03083509,1.03083509,1.03083509,1.03083509,1.03083509,1.03083509,1.03083509,1.03083509,1.03083509,1.03083509,1.03083509,1.03083509,1.03083509,1.03083509,1.03083509,1.03083509,1.03083509,1.03083509,1.03083509,1.03083509,1.03083509,1.03083509,1.03083509,1.03083509,1.03083509,1.03083509,1.03083509,0.932660319,0.932660319,1.03083509,0.932660319,0.932660319,0.932660319,0.932660319,0.932660319,0.932660319,0.932660319,0.932660319,0.932660319,0.932660319,0.932660319,0.932660319,0.932660319,0.932660319,0.932660319,0.834485549,0.834485549,0.834485549,0.834485549,0.834485549,0.834485549,0.736310778,0.736310778,0.736310778,0.736310778,0.638136008,0.638136008,0.638136008,0.638136008,0.638136008,0.638136008,0.638136008,0.638136008,0.539961237,0.638136008,0.638136008,0.638136008,0.638136008,0.638136008,0.638136008,0.638136008,0.638136008,0.736310778,0.736310778,0.736310778,0.736310778,0.736310778,0.736310778,0.736310778,0.834485549,0.834485549,0.834485549,0.834485549,0.834485549,0.932660319,3.68155389,3.77972866,3.77972866,3.77972866,3.77972866,3.77972866,3.77972866,3.77972866,3.77972866,3.77972866,3.77972866,3.77972866,3.77972866,3.87790343,3.77972866,3.87790343,3.87790343,3.87790343,3.87790343,3.87790343,3.87790343,3.87790343,3.87790343,3.9760782,3.9760782,3.9760782,3.9760782,3.9760782,3.9760782,3.9760782,3.9760782,3.9760782,3.9760782,3.9760782,3.9760782,3.9760782,3.9760782,3.9760782,3.9760782,3.9760782,3.9760782,3.9760782,3.9760782,3.9760782,3.9760782,3.9760782,3.87790343,3.9760782,3.9760782,3.87790343,3.87790343,3.87790343,3.87790343,3.87790343,3.87790343,3.87790343,3.87790343,3.87790343,3.87790343,3.87790343,3.87790343,3.87790343,3.87790343,3.87790343,3.87790343,3.87790343,3.87790343,3.87790343,3.87790343,3.87790343,3.87790343,3.87790343,3.87790343,3.87790343,3.87790343,3.87790343,3.87790343,3.87790343,3.87790343,3.87790343,3.87790343,3.87790343,3.87790343,3.87790343,3.87790343,3.87790343,3.87790343,3.87790343,3.87790343,3.87790343,3.9760782,3.9760782,3.9760782,4.07425297,4.17242774,4.17242774,4.17242774,4.27060251,4.27060251,4.36877728,4.46695205,4.46695205,4.56512682,4.6633016,4.6633016,4.76147637,4.76147637,4.76147637,4.85965114,4.85965114,4.85965114,4.95782591,4.95782591,5.05600068,4.95782591,5.05600068,4.95782591,5.05600068,5.05600068,5.05600068,5.05600068,5.05600068
393.702130079,C01,AP01,client_to_ap,VHT,2,2,2,80,SU,1,4,122,6637c97e16e6ce8a,6,-67.0,1.03083509,0.932660319,1.03083509,1.03083509,1.03083509,1.03083509,1.03083509,1.03083509,1.03083509,1.03083509,1.03083509,1.03083509,1.03083509,1.03083509,1.03083509,1.03083509,1.03083509,1.03083509,1.03083509,1.03083509,1.03083509,1.03083509,1.03083509,1.03083509,1.03083509,1.03083509,1.03083509,1.03083509,1.03083509,1.03083509,1.03083509,1.03083509,1.03083509,1.03083509,1.03083509,1.03083509,1.03083509,1.03083509,1.03083509,1.03083509,1.03083509,1.03083509,1.03083509,1.03083509,1.03083509,1.03083509,1.03083509,1.03083509,1.03083509,1.03083509,1.03083509,1.03083509,1.03083509,1.03083509,1.03083509,1.03083509,1.03083509,1.03083509,1.03083509,1.03083509,1.03083509,1.03083509,1.03083509,1.03083509,1.03083509,1.03083509,1.03083509,1.03083509,0.932660319,0.932660319,1.03083509,0.932660319,0.932660319,0.932660319,0.932660319,0.932660319,0.932660319,0.932660319,0.932660319,0.932660319,0.932660319,0.932660319,0.932660319,0.834485549,0.834485549,0.834485549,0.834485549,0.834485549,0.736310778,0.736310778,0.736310778,0.736310778,0.638136008,0.638136008,0.638136008,0.638136008,0.638136008,0.638136008,0.638136008,0.638136008,0.638136008,0.638136008,0.638136008,0.638136008,0.638136008,0.638136008,0.638136008,0.638136008,0.736310778,0.736310778,0.736310778,0.736310778,0.736310778,0.834485549,0.834485549,0.834485549,0.834485549,0.834485549,0.834485549,0.834485549,0.834485549,0.834485549,3.68155389,3.77972866,3.77972866,3.77972866,3.77972866,3.77972866,3.77972866,3.77972866,3.87790343,3.77972866,3.77972866,3.87790343,3.77972866,3.77972866,3.87790343,3.87790343,3.87790343,3.87790343,3.87790343,3.87790343,3.87790343,3.87790343,3.87790343,3.9760782,3.9760782,3.9760782,3.9760782,3.9760782,3.9760782,3.9760782,3.9760782,3.9760782,3.9760782,3.9760782,3.9760782,3.9760782,3.9760782,3.9760782,3.9760782,3.9760782,3.9760782,3.9760782,3.9760782,3.9760782,3.9760782,3.87790343,3.87790343,3.9760782,3.87790343,3.87790343,3.87790343,3.87790343,3.87790343,3.87790343,3.87790343,3.87790343,3.87790343,3.87790343,3.87790343,3.87790343,3.87790343,3.87790343,3.87790343,3.87790343,3.87790343,3.87790343,3.87790343,3.87790343,3.87790343,3.87790343,3.87790343,3.87790343,3.87790343,3.87790343,3.87790343,3.87790343,3.87790343,3.87790343,3.87790343,3.87790343,3.87790343,3.87790343,3.87790343,3.87790343,3.87790343,3.87790343,3.87790343,3.87790343,3.9760782,3.9760782,3.9760782,3.9760782,3.9760782,4.07425297,4.07425297,4.17242774,4.17242774,4.27060251,4.27060251,4.36877728,4.46695205,4.46695205,4.56512682,4.6633016,4.6633016,4.76147637,4.76147637,4.85965114,4.85965114,4.85965114,4.85965114,4.95782591,4.95782591,4.95782591,4.95782591,5.05600068,5.05600068,5.05600068,5.05600068,5.05600068,5.05600068,5.05600068
395.033608913,C01,AP01,client_to_ap,VHT,2,2,2,80,SU,1,4,122,6637c97e16e6ce8a,6,-68.0,1.03083509,0.932660319,0.932660319,0.932660319,1.03083509,0.932660319,1.03083509,1.03083509,1.03083509,1.03083509,1.03083509,1.03083509,1.03083509,1.03083509,1.03083509,1.03083509,1.03083509,1.03083509,1.03083509,1.03083509,1.03083509,1.03083509,1.03083509,1.03083509,1.03083509,1.03083509,1.03083509,1.03083509,1.03083509,1.03083509,1.03083509,1.03083509,1.03083509,1.03083509,1.03083509,1.03083509,1.03083509,1.03083509,1.03083509,1.03083509,1.03083509,1.03083509,1.03083509,1.03083509,1.03083509,1.03083509,1.03083509,1.03083509,1.03083509,1.03083509,1.03083509,1.03083509,1.03083509,1.03083509,1.03083509,1.03083509,1.03083509,1.03083509,1.03083509,1.03083509,1.03083509,1.03083509,1.03083509,1.03083509,0.932660319,1.03083509,1.03083509,0.932660319,0.932660319,0.932660319,0.932660319,0.932660319,0.932660319,0.932660319,0.932660319,0.932660319,0.932660319,0.932660319,0.932660319,0.932660319,0.932660319,0.932660319,0.932660319,0.834485549,0.834485549,0.834485549,0.834485549,0.834485549,0.736310778,0.736310778,0.736310778,0.736310778,0.638136008,0.638136008,0.638136008,0.638136008,0.638136008,0.539961237,0.539961237,0.539961237,0.539961237,0.638136008,0.638136008,0.638136008,0.638136008,0.638136008,0.638136008,0.736310778,0.736310778,0.736310778,0.736310778,0.736310778,0.736310778,0.736310778,0.736310778,0.736310778,0.834485549,0.834485549,0.834485549,0.834485549,0.834485549,0.834485549,3.68155389,3.68155389,3.68155389,3.77972866,3.77972866,3.77972866,3.77972866,3.77972866,3.77972866,3.77972866,3.77972866,3.87790343,3.87790343,3.87790343,3.87790343,3.87790343,3.87790343,3.77972866,3.87790343,3.87790343,3.87790343,3.87790343,3.87790343,3.87790343,3.87790343,3.87790343,3.87790343,3.87790343,3.87790343,3.87790343,3.9760782,3.87790343,3.9760782,3.9760782,3.9760782,3.9760782,3.9760782,3.9760782,3.9760782,3.9760782,3.9760782,3.9760782,3.9760782,3.9760782,3.87790343,3.9760782,3.87790343,3.9760782,3.87790343,3.87790343,3.87790343,3.87790343,3.87790343,3.87790343,3.87790343,3.87790343,3.87790343,3.87790343,3.87790343,3.87790343,3.87790343,3.87790343,3.87790343,3.87790343,3.87790343,3.87790343,3.87790343,3.87790343,3.87790343,3.87790343,3.87790343,3.87790343,3.87790343,3.87790343,3.87790343,3.87790343,3.87790343,3.87790343,3.87790343,3.87790343,3.87790343,3.87790343,3.87790343,3.77972866,3.77972866,3.87790343,3.87790343,3.87790343,3.87790343,3.9760782,3.87790343,3.87790343,3.9760782,3.9760782,4.07425297,4.07425297,4.17242774,4.17242774,4.27060251,4.36877728,4.46695205,4.56512682,4.6633016,4.6633016,4.6633016,4.76147637,4.76147637,4.85965114,4.85965114,4.85965114,4.95782591,4.95782591,4.95782591,4.95782591,4.95782591,4.95782591,4.95782591,5.05600068,5.05600068,5.05600068,5.05600068,5.05600068
396.365572929,C01,AP01,client_to_ap,VHT,2,2,2,80,SU,1,4,122,6637c97e16e6ce8a,6,-68.0,0.932660319,0.932660319,0.932660319,0.932660319,0.932660319,1.03083509,1.03083509,1.03083509,1.03083509,1.03083509,1.03083509,1.03083509,1.03083509,1.03083509,1.03083509,1.03083509,1.03083509,1.03083509,1.03083509,1.03083509,1.03083509,1.03083509,1.03083509,1.03083509,1.03083509,1.03083509,1.03083509,1.03083509,1.03083509,1.03083509,1.03083509,1.03083509,1.03083509,1.03083509,1.03083509,1.03083509,1.03083509,1.03083509,1.03083509,1.03083509,1.03083509,1.03083509,1.03083509,1.03083509,1.03083509,1.03083509,1.03083509,1.03083509,1.03083509,1.03083509,1.03083509,1.03083509,1.03083509,0.932660319,1.03083509,1.03083509,1.03083509,1.03083509,1.03083509,1.03083509,0.932660319,0.932660319,0.932660319,0.932660319,0.932660319,0.932660319,0.932660319,0.932660319,0.932660319,0.932660319,0.932660319,0.932660319,0.932660319,0.932660319,0.932660319,0.932660319,0.932660319,0.932660319,0.932660319,0.932660319,0.932660319,0.834485549,0.834485549,0.834485549,0.834485549,0.834485549,0.736310778,0.736310778,0.736310778,0.736310778,0.638136008,0.638136008,0.638136008,0.638136008,0.638136008,0.539961237,0.539961237,0.539961237,0.539961237,0.539961237,0.539961237,0.539961237,0.539961237,0.539961237,0.638136008,0.638136008,0.638136008,0.638136008,0.638136008,0.736310778,0.736310778,0.736310778,0.736310778,0.736310778,0.736310778,0.736310778,0.834485549,0.834485549,0.834485549,0.834485549,0.932660319,0.834485549,3.68155389,3.68155389,3.77972866,3.77972866,3.77972866,3.77972866,3.77972866,3.77972866,3.77972866,3.77972866,3.77972866,3.77972866,3.77972866,3.77972866,3.77972866,3.77972866,3.77972866,3.77972866,3.77972866,3.77972866,3.87790343,3.87790343,3.87790343,3.87790343,3.87790343,3.87790343,3.87790343,3.87790343,3.87790343,3.87790343,3.87790343,3.87790343,3.87790343,3.87790343,3.87790343,3.87790343,3.87790343,3.87790343,3.87790343,3.87790343,3.87790343,3.87790343,3.87790343,3.87790343,3.87790343,3.87790343,3.87790343,3.87790343,3.87790343,3.87790343,3.87790343,3.87790343,3.87790343,3.87790343,3.87790343,3.87790343,3.87790343,3.77972866,3.77972866,3.87790343,3.77972866,3.77972866,3.77972866,3.77972866,3.87790343,3.87790343,3.87790343,3.87790343,3.77972866,3.87790343,3.77972866,3.87790343,3.87790343,3.87790343,3.87790343,3.87790343,3.77972866,3.87790343,3.77972866,3.77972866,3.77972866,3.77972866,3.77972866,3.77972866,3.77972866,3.77972866,3.77972866,3.77972866,3.77972866,3.77972866,3.87790343,3.87790343,3.87790343,3.87790343,3.9760782,4.07425297,4.07425297,4.17242774,4.27060251,4.27060251,4.36877728,4.46695205,4.56512682,4.56512682,4.6633016,4.76147637,4.76147637,4.76147637,4.85965114,4.85965114,4.95782591,4.95782591,4.95782591,4.95782591,4.95782591,5.05600068,5.05600068,5.05600068,5.05600068,5.05600068,5.05600068,5.05600068
397.701313019,C01,AP01,client_to_ap,VHT,2,2,2,80,SU,1,4,122,6637c97e16e6ce8a,6,-68.0,0.932660319,0.932660319,0.932660319,1.03083509,1.03083509,1.03083509,1.03083509,1.03083509,1.03083509,1.03083509,1.03083509,1.03083509,1.03083509,1.03083509,1.03083509,1.03083509,1.03083509,1.03083509,1.03083509,1.03083509,1.03083509,1.03083509,1.03083509,1.03083509,1.03083509,1.03083509,1.03083509,1.03083509,1.03083509,1.03083509,1.03083509,1.03083509,1.03083509,1.03083509,1.03083509,1.03083509,1.03083509,1.03083509,1.03083509,1.03083509,1.03083509,1.03083509,1.03083509,1.03083509,1.03083509,1.03083509,1.03083509,1.03083509,1.03083509,1.03083509,1.03083509,1.03083509,1.03083509,1.03083509,1.03083509,1.03083509,1.03083509,1.03083509,1.03083509,1.03083509,1.03083509,1.03083509,1.03083509,1.03083509,0.932660319,0.932660319,0.932660319,0.932660319,0.932660319,0.932660319,0.932660319,0.932660319,0.932660319,0.932660319,0.932660319,0.932660319,0.932660319,0.932660319,0.932660319,0.932660319,0.932660319,0.932660319,0.834485549,0.834485549,0.834485549,0.834485549,0.834485549,0.834485549,0.736310778,0.736310778,0.736310778,0.736310778,0.638136008,0.638136008,0.638136008,0.638136008,0.638136008,0.638136008,0.539961237,0.638136008,0.638136008,0.638136008,0.638136008,0.638136008,0.638136008,0.638136008,0.638136008,0.638136008,0.736310778,0.736310778,0.736310778,0.736310778,0.736310778,0.736310778,0.736310778,0.834485549,0.834485549,0.834485549,0.834485549,0.834485549,0.834485549,0.932660319,3.68155389,3.68155389,3.68155389,3.77972866,3.77972866,3.77972866,3.77972866,3.77972866,3.77972866,3.77972866,3.77972866,3.87790343,3.77972866,3.87790343,3.87790343,3.87790343,3.87790343,3.87790343,3.87790343,3.87790343,3.87790343,3.87790343,3.9760782,3.9760782,3.9760782,3.87790343,3.9760782,3.9760782,3.9760782,3.9760782,3.9760782,3.9760782,3.9760782,3.9760782,3.9760782,3.9760782,3.9760782,3.9760782,3.9760782,3.9760782,3.9760782,3.9760782,3.9760782,3.9760782,3.9760782,3.87790343,3.87790343,3.87790343,3.87790343,3.87790343,3.87790343,3.87790343,3.87790343,3.87790343,3.87790343,3.87790343,3.87790343,3.87790343,3.87790343,3.87790343,3.87790343,3.87790343,3.87790343,3.87790343,3.87790343,3.87790343,3.87790343,3.87790343,3.87790343,3.87790343,3.87790343,3.87790343,3.87790343,3.87790343,3.9760782,3.9760782,3.87790343,3.9760782,3.87790343,3.87790343,3.87790343,3.87790343,3.9760782,3.87790343,3.87790343,3.87790343,3.87790343,3.87790343,3.87790343,3.9760782,3.9760782,3.9760782,3.9760782,4.07425297,4.07425297,4.17242774,4.17242774,4.27060251,4.27060251,4.36877728,4.46695205,4.56512682,4.6633016,4.6633016,4.6633016,4.6633016,4.76147637,4.76147637,4.85965114,4.85965114,4.85965114,4.85965114,4.95782591,4.95782591,4.95782591,4.95782591,5.05600068,5.05600068,5.05600068,5.05600068,5.05600068,5.05600068
399.053842068,C01,AP01,client_to_ap,VHT,2,2,2,80,SU,1,4,122,6637c97e16e6ce8a,6,-68.0,0.932660319,1.03083509,1.03083509,1.03083509,1.03083509,1.03083509,1.03083509,1.03083509,1.03083509,1.03083509,1.03083509,1.03083509,1.03083509,1.03083509,1.03083509,1.03083509,1.03083509,1.03083509,1.03083509,1.03083509,1.03083509,1.03083509,1.03083509,1.03083509,1.03083509,1.03083509,1.03083509,1.03083509,1.03083509,1.03083509,1.03083509,1.03083509,1.03083509,1.03083509,1.03083509,1.03083509,1.03083509,1.03083509,1.03083509,1.03083509,1.03083509,1.03083509,1.03083509,1.03083509,1.03083509,1.03083509,1.03083509,1.03083509,1.03083509,1.03083509,1.03083509,1.03083509,1.03083509,1.03083509,1.03083509,1.03083509,1.03083509,1.03083509,1.03083509,1.03083509,1.03083509,1.03083509,1.03083509,1.03083509,1.03083509,1.03083509,0.932660319,0.932660319,0.932660319,0.932660319,0.932660319,0.932660319,0.932660319,0.932660319,0.932660319,0.932660319,0.932660319,0.932660319,0.932660319,0.932660319,0.932660319,0.932660319,0.932660319,0.834485549,0.834485549,0.834485549,0.834485549,0.834485549,0.736310778,0.736310778,0.736310778,0.736310778,0.736310778,0.638136008,0.638136008,0.638136008,0.638136008,0.638136008,0.638136008,0.638136008,0.638136008,0.638136008,0.638136008,0.638136008,0.638136008,0.638136008,0.638136008,0.736310778,0.736310778,0.736310778,0.736310778,0.736310778,0.736310778,0.736310778,0.834485549,0.834485549,0.834485549,0.834485549,0.834485549,0.834485549,0.932660319,0.932660319,3.68155389,3.77972866,3.77972866,3.77972866,3.77972866,3.77972866,3.77972866,3.77972866,3.77972866,3.77972866,3.77972866,3.77972866,3.77972866,3.87790343,3.87790343,3.87790343,3.87790343,3.87790343,3.87790343,3.87790343,3.87790343,3.87790343,3.9760782,3.9760782,3.9760782,3.9760782,3.9760782,3.9760782,3.9760782,3.9760782,3.9760782,3.9760782,3.9760782,3.9760782,3.9760782,3.9760782,3.9760782,3.9760782,3.9760782,3.9760782,3.9760782,3.9760782,3.9760782,3.9760782,3.9760782,3.87790343,3.9760782,3.9760782,3.87790343,3.87790343,3.87790343,3.87790343,3.87790343,3.87790343,3.87790343,3.87790343,3.87790343,3.87790343,3.87790343,3.87790343,3.87790343,3.87790343,3.87790343,3.87790343,3.87790343,3.87790343,3.87790343,3.87790343,3.87790343,3.87790343,3.87790343,3.87790343,3.9760782,3.87790343,3.87790343,3.9760782,3.87790343,3.87790343,3.87790343,3.87790343,3.87790343,3.87790343,3.87790343,3.87790343,3.87790343,3.87790343,3.87790343,3.87790343,3.87790343,3.87790343,3.9760782,3.9760782,3.9760782,4.07425297,4.07425297,4.17242774,4.17242774,4.27060251,4.36877728,4.36877728,4.46695205,4.46695205,4.56512682,4.6633016,4.6633016,4.76147637,4.85965114,4.85965114,4.85965114,4.85965114,4.85965114,4.95782591,4.95782591,4.95782591,4.95782591,5.05600068,5.05600068,5.05600068,5.15417545,5.05600068,5.05600068,5.05600068
400.366389036,C01,AP01,client_to_ap,VHT,2,2,2,80,SU,1,4,122,6637c97e16e6ce8a,6,-67.0,0.932660319,1.03083509,0.932660319,0.932660319,1.03083509,1.03083509,1.03083509,1.03083509,1.03083509,1.03083509,1.03083509,1.03083509,1.03083509,1.03083509,1.03083509,1.03083509,1.03083509,1.03083509,1.03083509,1.03083509,1.03083509,1.03083509,1.03083509,1.03083509,1.03083509,1.03083509,1.03083509,1.03083509,1.03083509,1.03083509,1.03083509,1.03083509,1.03083509,1.03083509,1.03083509,1.03083509,1.03083509,1.03083509,1.03083509,1.03083509,1.03083509,1.03083509,1.03083509,1.03083509,1.03083509,1.03083509,1.03083509,1.03083509,1.03083509,1.03083509,1.03083509,1.03083509,1.03083509,1.03083509,1.03083509,1.03083509,1.03083509,1.03083509,1.03083509,1.03083509,1.03083509,1.03083509,1.03083509,1.03083509,1.03083509,1.03083509,1.03083509,1.03083509,0.932660319,0.932660319,1.03083509,1.03083509,0.932660319,0.932660319,0.932660319,0.932660319,0.932660319,0.932660319,0.932660319,0.932660319,0.932660319,0.932660319,0.834485549,0.932660319,0.834485549,0.834485549,0.834485549,0.834485549,0.736310778,0.736310778,0.736310778,0.736310778,0.638136008,0.736310778,0.638136008,0.638136008,0.638136008,0.638136008,0.638136008,0.638136008,0.539961237,0.638136008,0.638136008,0.638136008,0.638136008,0.638136008,0.638136008,0.638136008,0.736310778,0.736310778,0.736310778,0.736310778,0.736310778,0.736310778,0.834485549,0.834485549,0.834485549,0.834485549,0.834485549,0.834485549,0.834485549,0.932660319,3.68155389,3.77972866,3.68155389,3.77972866,3.77972866,3.77972866,3.77972866,3.77972866,3.77972866,3.87790343,3.77972866,3.87790343,3.77972866,3.87790343,3.87790343,3.87790343,3.87790343,3.87790343,3.87790343,3.87790343,3.87790343,3.9760782,3.9760782,3.9760782,3.9760782,3.9760782,3.9760782,3.9760782,3.9760782,3.9760782,3.9760782,3.9760782,3.9760782,3.9760782,3.9760782,3.9760782,3.9760782,3.9760782,3.9760782,3.9760782,3.9760782,3.9760782,3.9760782,3.9760782,3.9760782,3.87790343,3.87790343,3.87790343,3.9760782,3.87790343,3.87790343,3.87790343,3.87790343,3.87790343,3.87790343,3.87790343,3.87790343,3.87790343,3.87790343,3.87790343,3.87790343,3.87790343,3.87790343,3.87790343,3.87790343,3.87790343,3.87790343,3.87790343,3.87790343,3.87790343,3.87790343,3.87790343,3.9760782,3.87790343,3.87790343,3.87790343,3.87790343,3.87790343,3.87790343,3.87790343,3.87790343,3.87790343,3.87790343,3.87790343,3.87790343,3.87790343,3.87790343,3.87790343,3.87790343,3.87790343,3.9760782,3.9760782,3.9760782,3.9760782,4.07425297,4.17242774,4.17242774,4.27060251,4.36877728,4.36877728,4.46695205,4.46695205,4.56512682,4.6633016,4.6633016,4.6633016,4.76147637,4.76147637,4.85965114,4.85965114,4.85965114,4.95782591,4.95782591,4.95782591,4.95782591,4.95782591,4.95782591,5.05600068,5.05600068,5.05600068,5.05600068,5.05600068
401.701109886,C01,AP01,client_to_ap,VHT,2,2,2,80,SU,1,4,122,6637c97e16e6ce8a,6,-68.0,1.03083509,0.932660319,1.03083509,1.03083509,1.03083509,1.03083509,1.03083509,1.03083509,1.03083509,1.03083509,1.03083509,1.03083509,1.03083509,1.03083509,1.03083509,1.03083509,1.03083509,1.03083509,1.03083509,1.03083509,1.03083509,1.03083509,1.03083509,1.03083509,1.03083509,1.03083509,1.03083509,1.03083509,1.03083509,1.03083509,1.03083509,1.03083509,1.03083509,1.03083509,1.03083509,1.03083509,1.03083509,1.03083509,1.03083509,1.03083509,1.03083509,1.03083509,1.03083509,1.03083509,1.03083509,1.03083509,1.03083509,1.03083509,1.03083509,1.03083509,1.03083509,1.03083509,1.03083509,1.03083509,1.03083509,1.03083509,1.03083509,1.03083509,1.03083509,1.03083509,1.03083509,1.03083509,1.03083509,1.03083509,0.932660319,1.03083509,1.03083509,0.932660319,1.03083509,1.03083509,1.03083509,0.932660319,0.932660319,0.932660319,0.932660319,0.932660319,0.932660319,0.932660319,0.932660319,0.932660319,0.932660319,0.932660319,0.932660319,0.834485549,0.834485549,0.834485549,0.834485549,0.834485549,0.736310778,0.736310778,0.736310778,0.736310778,0.638136008,0.638136008,0.638136008,0.638136008,0.638136008,0.638136008,0.638136008,0.638136008,0.638136008,0.638136008,0.638136008,0.638136008,0.638136008,0.638136008,0.638136008,0.638136008,0.736310778,0.736310778,0.736310778,0.736310778,0.736310778,0.736310778,0.834485549,0.834485549,0.834485549,0.834485549,0.834485549,0.834485549,0.834485549,0.932660319,3.68155389,3.68155389,3.77972866,3.77972866,3.77972866,3.77972866,3.77972866,3.77972866,3.77972866,3.77972866,3.77972866,3.87790343,3.87790343,3.87790343,3.87790343,3.87790343,3.87790343,3.87790343,3.87790343,3.87790343,3.9760782,3.9760782,3.87790343,3.9760782,3.9760782,3.87790343,3.9760782,3.9760782,3.9760782,3.9760782,3.9760782,3.9760782,3.9760782,3.9760782,3.9760782,3.9760782,3.9760782,3.9760782,3.9760782,3.9760782,3.9760782,3.9760782,3.9760782,3.9760782,3.87790343,3.9760782,3.87790343,3.87790343,3.87790343,3.87790343,3.87790343,3.87790343,3.87790343,3.87790343,3.87790343,3.87790343,3.87790343,3.87790343,3.87790343,3.87790343,3.87790343,3.87790343,3.87790343,3.87790343,3.87790343,3.87790343,3.87790343,3.87790343,3.87790343,3.87790343,3.87790343,3.87790343,3.9760782,3.87790343,3.87790343,3.87790343,3.87790343,3.87790343,3.87790343,3.87790343,3.87790343,3.87790343,3.87790343,3.87790343,3.87790343,3.87790343,3.87790343,3.87790343,3.87790343,3.9760782,3.9760782,3.9760782,3.9760782,3.9760782,4.07425297,4.07425297,4.17242774,4.27060251,4.27060251,4.36877728,4.46695205,4.56512682,4.56512682,4.56512682,4.6633016,4.76147637,4.76147637,4.85965114,4.85965114,4.95782591,4.85965114,4.95782591,4.95782591,4.95782591,4.95782591,4.95782591,4.95782591,5.05600068,5.05600068,5.05600068,5.05600068,5.05600068
403.033196926,C01,AP01,client_to_ap,VHT,2,2,2,80,SU,1,4,122,6637c97e16e6ce8a,6,-68.0,1.03083509,0.932660319,1.03083509,1.03083509,1.03083509,1.03083509,1.03083509,1.03083509,1.03083509,1.03083509,1.03083509,1.03083509,1.03083509,1.03083509,1.03083509,1.03083509,1.03083509,1.03083509,1.03083509,1.03083509,1.03083509,1.03083509,1.03083509,1.03083509,1.03083509,1.03083509,1.03083509,1.03083509,1.03083509,1.03083509,1.03083509,1.03083509,1.03083509,1.03083509,1.03083509,1.03083509,1.03083509,1.03083509,1.03083509,1.03083509,1.03083509,1.03083509,1.03083509,1.03083509,1.03083509,1.03083509,1.03083509,1.03083509,1.03083509,1.03083509,1.03083509,1.03083509,1.03083509,1.03083509,1.03083509,1.03083509,1.03083509,1.03083509,1.03083509,1.03083509,1.03083509,1.03083509,1.03083509,1.03083509,1.03083509,0.932660319,1.03083509,0.932660319,0.932660319,0.932660319,1.03083509,0.932660319,0.932660319,0.932660319,0.932660319,0.932660319,0.932660319,0.932660319,0.932660319,0.932660319,0.932660319,0.932660319,0.932660319,0.834485549,0.834485549,0.834485549,0.834485549,0.834485549,0.736310778,0.736310778,0.736310778,0.736310778,0.638136008,0.638136008,0.638136008,0.638136008,0.539961237,0.638136008,0.638136008,0.638136008,0.638136008,0.638136008,0.638136008,0.638136008,0.638136008,0.638136008,0.638136008,0.638136008,0.736310778,0.736310778,0.736310778,0.736310778,0.736310778,0.736310778,0.834485549,0.736310778,0.834485549,0.834485549,0.834485549,0.834485549,0.834485549,0.932660319,3.68155389,3.77972866,3.68155389,3.77972866,3.77972866,3.77972866,3.77972866,3.77972866,3.77972866,3.77972866,3.77972866,3.77972866,3.77972866,3.87790343,3.87790343,3.87790343,3.87790343,3.87790343,3.87790343,3.87790343,3.87790343,3.9760782,3.87790343,3.87790343,3.9760782,3.9760782,3.9760782,3.9760782,3.9760782,3.9760782,3.9760782,3.9760782,3.9760782,3.9760782,3.9760782,3.9760782,3.9760782,3.9760782,3.9760782,3.9760782,3.9760782,3.9760782,3.9760782,3.9760782,3.9760782,3.9760782,3.87790343,3.87790343,3.87790343,3.87790343,3.87790343,3.87790343,3.87790343,3.87790343,3.87790343,3.87790343,3.87790343,3.87790343,3.87790343,3.87790343,3.87790343,3.87790343,3.87790343,3.87790343,3.87790343,3.87790343,3.87790343,3.87790343,3.87790343,3.87790343,3.87790343,3.87790343,3.87790343,3.87790343,3.87790343,3.87790343,3.87790343,3.87790343,3.87790343,3.87790343,3.87790343,3.87790343,3.87790343,3.87790343,3.87790343,3.87790343,3.87790343,3.87790343,3.87790343,3.87790343,3.9760782,3.9760782,3.9760782,3.9760782,4.07425297,4.17242774,4.17242774,4.27060251,4.27060251,4.36877728,4.46695205,4.46695205,4.56512682,4.6633016,4.6633016,4.76147637,4.76147637,4.85965114,4.85965114,4.85965114,4.95782591,4.95782591,4.95782591,4.95782591,4.95782591,5.05600068,5.05600068,5.05600068,5.05600068,5.05600068,5.05600068,5.05600068
404.366638899,C01,AP01,client_to_ap,VHT,2,2,2,80,SU,1,4,122,6637c97e16e6ce8a,6,-68.0,0.932660319,1.03083509,1.03083509,1.03083509,1.03083509,1.03083509,1.03083509,1.03083509,1.03083509,1.03083509,1.03083509,1.03083509,1.03083509,1.03083509,1.03083509,1.03083509,1.03083509,1.03083509,1.03083509,1.03083509,1.03083509,1.03083509,1.03083509,1.03083509,1.03083509,1.03083509,1.03083509,1.03083509,1.03083509,1.03083509,1.03083509,1.03083509,1.03083509,1.03083509,1.03083509,1.03083509,1.03083509,1.03083509,1.03083509,1.03083509,1.03083509,1.03083509,1.03083509,1.03083509,1.03083509,1.03083509,1.03083509,1.03083509,1.03083509,1.03083509,1.03083509,1.03083509,1.03083509,1.03083509,1.03083509,1.03083509,1.03083509,1.03083509,1.03083509,1.03083509,1.03083509,1.03083509,1.03083509,1.03083509,1.03083509,1.03083509,1.03083509,0.932660319,0.932660319,1.03083509,1.03083509,0.932660319,0.932660319,0.932660319,0.932660319,0.932660319,0.932660319,0.932660319,0.932660319,0.932660319,0.932660319,0.932660319,0.932660319,0.834485549,0.834485549,0.834485549,0.834485549,0.834485549,0.736310778,0.736310778,0.736310778,0.736310778,0.736310778,0.638136008,0.638136008,0.638136008,0.638136008,0.638136008,0.638136008,0.638136008,0.638136008,0.638136008,0.638136008,0.638136008,0.638136008,0.638136008,0.638136008,0.638136008,0.736310778,0.736310778,0.736310778,0.736310778,0.736310778,0.834485549,0.834485549,0.834485549,0.834485549,0.834485549,0.834485549,0.834485549,0.834485549,0.932660319,3.68155389,3.77972866,3.77972866,3.77972866,3.77972866,3.77972866,3.77972866,3.87790343,3.87790343,3.77972866,3.87790343,3.77972866,3.87790343,3.87790343,3.87790343,3.77972866,3.87790343,3.87790343,3.87790343,3.87790343,3.87790343,3.87790343,3.87790343,3.87790343,3.9760782,3.9760782,3.9760782,3.9760782,3.9760782,3.9760782,3.9760782,3.9760782,3.9760782,3.9760782,3.9760782,3.9760782,3.9760782,3.9760782,3.9760782,3.9760782,3.9760782,3.87790343,3.9760782,3.9760782,3.9760782,3.9760782,3.87790343,3.87790343,3.9760782,3.87790343,3.9760782,3.87790343,3.87790343,3.87790343,3.87790343,3.87790343,3.87790343,3.87790343,3.87790343,3.87790343,3.87790343,3.87790343,3.87790343,3.87790343,3.87790343,3.87790343,3.87790343,3.87790343,3.87790343,3.87790343,3.87790343,3.9760782,3.87790343,3.87790343,3.87790343,3.87790343,3.87790343,3.87790343,3.87790343,3.87790343,3.87790343,3.87790343,3.87790343,3.87790343,3.87790343,3.87790343,3.87790343,3.87790343,3.87790343,3.9760782,3.9760782,3.87790343,3.9760782,3.9760782,4.07425297,4.17242774,4.17242774,4.27060251,4.36877728,4.36877728,4.46695205,4.46695205,4.56512682,4.6633016,4.6633016,4.76147637,4.76147637,4.85965114,4.85965114,4.85965114,4.85965114,4.95782591,4.95782591,4.95782591,5.05600068,5.05600068,5.05600068,5.05600068,5.05600068,5.05600068,5.05600068,5.05600068
405.701169014,C01,AP01,client_to_ap,VHT,2,2,2,80,SU,1,4,122,6637c97e16e6ce8a,6,-68.0,0.932660319,1.03083509,1.03083509,1.03083509,1.03083509,1.03083509,1.03083509,1.03083509,1.03083509,1.03083509,1.03083509,1.03083509,1.03083509,1.03083509,1.03083509,1.03083509,1.03083509,1.03083509,1.03083509,1.03083509,1.03083509,1.03083509,1.03083509,1.03083509,1.03083509,1.03083509,1.03083509,1.03083509,1.03083509,1.03083509,1.03083509,1.03083509,1.03083509,1.03083509,1.03083509,1.03083509,1.03083509,1.03083509,1.03083509,1.03083509,1.03083509,1.03083509,1.03083509,1.03083509,1.03083509,1.03083509,1.03083509,1.03083509,1.03083509,1.03083509,1.03083509,1.03083509,1.03083509,1.03083509,1.03083509,1.03083509,1.03083509,1.03083509,1.03083509,1.03083509,1.03083509,1.03083509,1.03083509,1.03083509,1.03083509,1.03083509,1.03083509,1.03083509,0.932660319,0.932660319,1.03083509,1.03083509,0.932660319,0.932660319,0.932660319,0.932660319,0.932660319,0.932660319,0.932660319,0.932660319,0.932660319,0.932660319,0.932660319,0.834485549,0.834485549,0.834485549,0.834485549,0.834485549,0.736310778,0.736310778,0.736310778,0.736310778,0.638136008,0.638136008,0.638136008,0.638136008,0.638136008,0.638136008,0.638136008,0.638136008,0.638136008,0.638136008,0.638136008,0.638136008,0.638136008,0.638136008,0.638136008,0.736310778,0.736310778,0.736310778,0.736310778,0.736310778,0.736310778,0.736310778,0.834485549,0.834485549,0.834485549,0.834485549,0.932660319,0.932660319,0.932660319,0.932660319,3.77972866,3.68155389,3.77972866,3.77972866,3.77972866,3.77972866,3.77972866,3.77972866,3.77972866,3.77972866,3.77972866,3.77972866,3.87790343,3.87790343,3.87790343,3.87790343,3.87790343,3.87790343,3.87790343,3.87790343,3.87790343,3.87790343,3.87790343,3.87790343,3.87790343,3.9760782,3.87790343,3.87790343,3.9760782,3.9760782,3.9760782,3.9760782,3.9760782,3.9760782,3.9760782,3.9760782,3.9760782,3.9760782,3.9760782,3.9760782,3.9760782,3.9760782,3.9760782,3.9760782,3.9760782,3.87790343,3.87790343,3.87790343,3.87790343,3.87790343,3.87790343,3.87790343,3.87790343,3.87790343,3.87790343,3.87790343,3.87790343,3.87790343,3.87790343,3.87790343,3.87790343,3.87790343,3.87790343,3.87790343,3.87790343,3.87790343,3.87790343,3.87790343,3.87790343,3.87790343,3.87790343,3.87790343,3.87790343,3.87790343,3.87790343,3.87790343,3.87790343,3.87790343,3.87790343,3.87790343,3.87790343,3.87790343,3.87790343,3.87790343,3.87790343,3.87790343,3.77972866,3.87790343,3.87790343,3.87790343,3.9760782,3.9760782,3.9760782,3.9760782,4.07425297,4.17242774,4.17242774,4.27060251,4.36877728,4.36877728,4.46695205,4.46695205,4.56512682,4.6633016,4.6633016,4.6633016,4.76147637,4.85965114,4.85965114,4.85965114,4.95782591,4.85965114,4.95782591,4.95782591,4.95782591,5.05600068,4.95782591,5.05600068,5.05600068,5.05600068,5.05600068,5.05600068
407.034373999,C01,AP01,client_to_ap,VHT,2,2,2,80,SU,1,4,122,6637c97e16e6ce8a,6,-68.0,0.932660319,0.932660319,0.932660319,1.03083509,1.03083509,1.03083509,1.03083509,1.03083509,1.03083509,1.03083509,1.03083509,1.03083509,1.03083509,1.03083509,1.03083509,1.03083509,1.03083509,1.03083509,1.03083509,1.03083509,1.03083509,1.03083509,1.03083509,1.03083509,1.03083509,1.03083509,1.03083509,1.03083509,1.03083509,1.03083509,1.03083509,1.03083509,1.03083509,1.03083509,1.03083509,1.03083509,1.03083509,1.03083509,1.03083509,1.03083509,1.03083509,1.03083509,1.03083509,1.03083509,1.03083509,1.03083509,1.03083509,1.03083509,1.03083509,1.03083509,1.03083509,1.03083509,1.03083509,1.03083509,1.03083509,1.03083509,1.03083509,1.03083509,1.03083509,1.03083509,1.03083509,1.03083509,1.03083509,1.03083509,0.932660319,0.932660319,1.03083509,0.932660319,0.932660319,0.932660319,1.03083509,0.932660319,0.932660319,0.932660319,0.932660319,0.932660319,0.932660319,0.932660319,0.932660319,0.932660319,0.932660319,0.932660319,0.932660319,0.834485549,0.834485549,0.834485549,0.834485549,0.736310778,0.736310778,0.736310778,0.736310778,0.638136008,0.638136008,0.638136008,0.638136008,0.638136008,0.638136008,0.539961237,0.638136008,0.638136008,0.539961237,0.638136008,0.638136008,0.638136008,0.638136008,0.638136008,0.638136008,0.638136008,0.638136008,0.736310778,0.736310778,0.736310778,0.736310778,0.736310778,0.736310778,0.834485549,0.834485549,0.834485549,0.834485549,0.834485549,0.834485549,0.932660319,3.68155389,3.77972866,3.77972866,3.77972866,3.77972866,3.77972866,3.77972866,3.77972866,3.77972866,3.77972866,3.77972866,3.77972866,3.77972866,3.77972866,3.87790343,3.87790343,3.87790343,3.87790343,3.87790343,3.87790343,3.87790343,3.87790343,3.87790343,3.87790343,3.87790343,3.87790343,3.87790343,3.9760782,3.87790343,3.87790343,3.9760782,3.9760782,3.9760782,3.9760782,3.9760782,3.9760782,3.9760782,3.9760782,3.9760782,3.9760782,3.9760782,3.9760782,3.9760782,3.9760782,3.87790343,3.87790343,3.87790343,3.87790343,3.87790343,3.87790343,3.87790343,3.87790343,3.87790343,3.87790343,3.87790343,3.87790343,3.87790343,3.87790343,3.87790343,3.87790343,3.87790343,3.77972866,3.87790343,3.87790343,3.87790343,3.87790343,3.87790343,3.87790343,3.87790343,3.87790343,3.87790343,3.87790343,3.87790343,3.87790343,3.87790343,3.87790343,3.87790343,3.87790343,3.87790343,3.87790343,3.87790343,3.87790343,3.87790343,3.87790343,3.87790343,3.87790343,3.87790343,3.87790343,3.87790343,3.87790343,3.9760782,3.9760782,3.9760782,3.9760782,4.07425297,4.07425297,4.17242774,4.27060251,4.27060251,4.36877728,4.46695205,4.46695205,4.56512682,4.6633016,4.6633016,4.76147637,4.76147637,4.85965114,4.85965114,4.85965114,4.95782591,4.95782591,4.95782591,4.95782591,5.05600068,5.05600068,4.95782591,5.05600068,5.05600068,5.05600068,5.05600068,5.05600068
408.366261005,C01,AP01,client_to_ap,VHT,2,2,2,80,SU,1,4,122,6637c97e16e6ce8a,6,-68.0,1.03083509,0.932660319,1.03083509,1.03083509,1.03083509,1.03083509,1.03083509,1.03083509,1.03083509,1.03083509,1.03083509,1.03083509,1.03083509,1.03083509,1.03083509,1.03083509,1.03083509,1.03083509,1.03083509,1.03083509,1.03083509,1.03083509,1.03083509,1.03083509,1.03083509,1.03083509,1.03083509,1.03083509,1.03083509,1.03083509,1.03083509,1.03083509,1.03083509,1.03083509,1.03083509,1.03083509,1.03083509,1.03083509,1.03083509,1.03083509,1.03083509,1.03083509,1.03083509,1.03083509,1.03083509,1.03083509,1.03083509,1.03083509,1.03083509,1.03083509,1.03083509,1.03083509,1.03083509,1.03083509,1.03083509,1.03083509,1.03083509,1.03083509,1.03083509,1.03083509,1.03083509,1.03083509,1.03083509,1.03083509,1.03083509,1.03083509,1.03083509,1.03083509,0.932660319,1.03083509,1.03083509,1.03083509,1.03083509,0.932660319,0.932660319,0.932660319,0.932660319,0.932660319,0.932660319,0.932660319,0.932660319,0.932660319,0.932660319,0.932660319,0.834485549,0.834485549,0.834485549,0.834485549,0.736310778,0.736310778,0.736310778,0.736310778,0.736310778,0.638136008,0.638136008,0.638136008,0.638136008,0.638136008,0.638136008,0.638136008,0.638136008,0.638136008,0.638136008,0.638136008,0.638136008,0.638136008,0.638136008,0.736310778,0.736310778,0.736310778,0.736310778,0.736310778,0.736310778,0.834485549,0.834485549,0.834485549,0.834485549,0.834485549,0.834485549,0.834485549,0.834485549,0.932660319,3.68155389,3.77972866,3.77972866,3.77972866,3.77972866,3.77972866,3.77972866,3.77972866,3.77972866,3.77972866,3.77972866,3.87790343,3.87790343,3.87790343,3.87790343,3.87790343,3.87790343,3.87790343,3.87790343,3.87790343,3.87790343,3.87790343,3.9760782,3.9760782,3.87790343,3.87790343,3.9760782,3.9760782,3.9760782,3.9760782,3.9760782,3.9760782,3.9760782,3.9760782,3.9760782,3.9760782,3.9760782,3.9760782,3.9760782,3.9760782,3.9760782,3.9760782,3.9760782,3.9760782,3.87790343,3.87790343,3.87790343,3.87790343,3.87790343,3.87790343,3.87790343,3.87790343,3.87790343,3.87790343,3.87790343,3.87790343,3.87790343,3.87790343,3.87790343,3.87790343,3.87790343,3.87790343,3.87790343,3.87790343,3.87790343,3.87790343,3.87790343,3.87790343,3.87790343,3.87790343,3.87790343,3.87790343,3.87790343,3.87790343,3.87790343,3.87790343,3.87790343,3.87790343,3.87790343,3.87790343,3.87790343,3.87790343,3.77972866,3.87790343,3.87790343,3.87790343,3.87790343,3.87790343,3.87790343,3.87790343,3.87790343,3.9760782,3.9760782,4.07425297,4.07425297,4.07425297,4.17242774,4.27060251,4.27060251,4.36877728,4.46695205,4.46695205,4.56512682,4.6633016,4.76147637,4.76147637,4.76147637,4.76147637,4.85965114,4.85965114,4.95782591,4.95782591,4.95782591,4.95782591,4.95782591,5.05600068,5.05600068,5.05600068,5.05600068,5.05600068,5.05600068,5.05600068
409.701961994,C01,AP01,client_to_ap,VHT,2,2,2,80,SU,1,4,122,6637c97e16e6ce8a,6,-68.0,1.03083509,0.932660319,0.932660319,1.03083509,1.03083509,1.03083509,1.03083509,1.03083509,1.03083509,1.03083509,1.03083509,1.03083509,1.03083509,1.03083509,1.03083509,1.03083509,1.03083509,1.03083509,1.03083509,1.03083509,1.03083509,1.03083509,1.03083509,1.03083509,1.03083509,1.03083509,1.03083509,1.03083509,1.03083509,1.03083509,1.03083509,1.03083509,1.03083509,1.03083509,1.03083509,1.03083509,1.03083509,1.03083509,1.03083509,1.03083509,1.03083509,1.03083509,1.03083509,1.03083509,1.03083509,1.03083509,1.03083509,1.03083509,1.03083509,1.03083509,1.03083509,1.03083509,1.03083509,1.03083509,1.03083509,1.03083509,1.03083509,1.03083509,1.03083509,1.03083509,1.03083509,1.03083509,1.03083509,1.03083509,1.03083509,1.03083509,1.03083509,0.932660319,0.932660319,0.932660319,1.03083509,1.03083509,0.932660319,0.932660319,0.932660319,0.932660319,0.932660319,0.932660319,0.932660319,0.932660319,0.932660319,0.932660319,0.932660319,0.834485549,0.834485549,0.834485549,0.834485549,0.834485549,0.736310778,0.736310778,0.736310778,0.736310778,0.736310778,0.638136008,0.638136008,0.638136008,0.638136008,0.539961237,0.638136008,0.638136008,0.638136008,0.638136008,0.638136008,0.638136008,0.638136008,0.638136008,0.638136008,0.638136008,0.638136008,0.736310778,0.736310778,0.736310778,0.736310778,0.834485549,0.834485549,0.834485549,0.834485549,0.834485549,0.834485549,0.834485549,0.834485549,0.932660319,3.68155389,3.68155389,3.77972866,3.77972866,3.77972866,3.77972866,3.77972866,3.77972866,3.87790343,3.77972866,3.77972866,3.87790343,3.77972866,3.87790343,3.87790343,3.87790343,3.87790343,3.87790343,3.87790343,3.87790343,3.87790343,3.9760782,3.9760782,3.87790343,3.9760782,3.9760782,3.9760782,3.9760782,3.9760782,3.9760782,3.9760782,3.9760782,3.9760782,3.9760782,3.9760782,3.9760782,3.9760782,3.9760782,3.9760782,3.9760782,3.9760782,3.9760782,3.9760782,3.9760782,3.9760782,3.9760782,3.87790343,3.87790343,3.9760782,3.87790343,3.9760782,3.87790343,3.87790343,3.87790343,3.87790343,3.87790343,3.87790343,3.87790343,3.87790343,3.87790343,3.87790343,3.77972866,3.87790343,3.87790343,3.87790343,3.87790343,3.87790343,3.87790343,3.87790343,3.87790343,3.87790343,3.87790343,3.87790343,3.87790343,3.9760782,3.87790343,3.87790343,3.87790343,3.87790343,3.87790343,3.87790343,3.87790343,3.87790343,3.87790343,3.87790343,3.87790343,3.87790343,3.87790343,3.87790343,3.9760782,3.9760782,3.9760782,3.9760782,4.07425297,4.07425297,4.07425297,4.17242774,4.27060251,4.27060251,4.36877728,4.46695205,4.46695205,4.56512682,4.56512682,4.6633016,4.76147637,4.76147637,4.76147637,4.85965114,4.85965114,4.85965114,4.95782591,4.95782591,4.95782591,4.95782591,4.95782591,4.95782591,5.05600068,5.05600068,5.05600068,5.05600068,5.05600068
411.034331083,C01,AP01,client_to_ap,VHT,2,2,2,80,SU,1,4,122,6637c97e16e6ce8a,6,-68.0,1.03083509,0.932660319,1.03083509,1.03083509,1.03083509,1.03083509,1.03083509,1.03083509,1.03083509,1.03083509,1.03083509,1.03083509,1.03083509,1.03083509,1.03083509,1.03083509,1.03083509,1.03083509,1.03083509,1.03083509,1.03083509,1.03083509,1.03083509,1.03083509,1.03083509,1.03083509,1.03083509,1.03083509,1.03083509,1.03083509,1.03083509,1.03083509,1.03083509,1.03083509,1.03083509,1.03083509,1.03083509,1.03083509,1.03083509,1.03083509,1.03083509,1.03083509,1.03083509,1.03083509,1.03083509,1.03083509,1.03083509,1.03083509,1.03083509,1.03083509,1.03083509,1.03083509,1.03083509,1.03083509,1.03083509,1.03083509,1.03083509,1.03083509,1.03083509,1.03083509,1.03083509,1.03083509,1.03083509,1.03083509,1.03083509,1.03083509,1.03083509,0.932660319,1.03083509,0.932660319,1.03083509,1.03083509,0.932660319,0.932660319,0.932660319,0.932660319,0.932660319,0.932660319,0.932660319,0.932660319,0.932660319,0.932660319,0.932660319,0.834485549,0.834485549,0.834485549,0.834485549,0.834485549,0.736310778,0.736310778,0.736310778,0.736310778,0.736310778,0.638136008,0.638136008,0.638136008,0.638136008,0.638136008,0.638136008,0.638136008,0.638136008,0.638136008,0.638136008,0.638136008,0.638136008,0.638136008,0.638136008,0.638136008,0.736310778,0.736310778,0.736310778,0.736310778,0.736310778,0.736310778,0.834485549,0.834485549,0.834485549,0.834485549,0.834485549,0.834485549,0.834485549,0.932660319,3.68155389,3.77972866,3.77972866,3.77972866,3.77972866,3.77972866,3.77972866,3.77972866,3.77972866,3.77972866,3.77972866,3.87790343,3.77972866,3.87790343,3.87790343,3.87790343,3.87790343,3.87790343,3.87790343,3.87790343,3.87790343,3.87790343,3.9760782,3.9760782,3.9760782,3.9760782,3.9760782,3.9760782,3.9760782,3.9760782,3.9760782,3.9760782,3.9760782,3.9760782,3.9760782,3.9760782,3.9760782,3.9760782,3.9760782,3.9760782,3.9760782,3.9760782,3.9760782,3.9760782,3.9760782,3.9760782,3.87790343,3.9760782,3.9760782,3.87790343,3.87790343,3.87790343,3.87790343,3.87790343,3.87790343,3.87790343,3.87790343,3.87790343,3.87790343,3.87790343,3.87790343,3.87790343,3.87790343,3.87790343,3.87790343,3.87790343,3.87790343,3.87790343,3.87790343,3.87790343,3.87790343,3.87790343,3.87790343,3.87790343,3.87790343,3.87790343,3.87790343,3.87790343,3.87790343,3.87790343,3.87790343,3.87790343,3.87790343,3.87790343,3.87790343,3.87790343,3.87790343,3.87790343,3.87790343,3.87790343,3.9760782,3.9760782,3.9760782,3.9760782,4.07425297,4.17242774,4.17242774,4.17242774,4.27060251,4.36877728,4.46695205,4.46695205,4.56512682,4.6633016,4.6633016,4.76147637,4.76147637,4.76147637,4.85965114,4.85965114,4.85965114,4.95782591,4.95782591,4.95782591,4.95782591,4.95782591,4.95782591,4.95782591,5.05600068,5.05600068,5.05600068,5.05600068
412.366852999,C01,AP01,client_to_ap,VHT,2,2,2,80,SU,1,4,122,6637c97e16e6ce8a,6,-68.0,0.932660319,0.932660319,0.932660319,1.03083509,1.03083509,1.03083509,1.03083509,1.03083509,1.03083509,1.03083509,1.03083509,1.03083509,1.03083509,1.03083509,1.03083509,1.03083509,1.03083509,1.03083509,1.03083509,1.03083509,1.03083509,1.03083509,1.03083509,1.03083509,1.03083509,1.03083509,1.03083509,1.03083509,1.03083509,1.03083509,1.03083509,1.03083509,1.03083509,1.03083509,1.03083509,1.03083509,1.03083509,1.03083509,1.03083509,1.03083509,1.03083509,1.03083509,1.03083509,1.03083509,1.03083509,1.03083509,1.03083509,1.03083509,1.03083509,1.03083509,1.03083509,1.03083509,1.03083509,1.03083509,1.03083509,1.03083509,1.03083509,1.03083509,1.03083509,1.03083509,1.03083509,1.03083509,1.03083509,0.932660319,0.932660319,0.932660319,0.932660319,0.932660319,0.932660319,0.932660319,0.932660319,0.932660319,0.932660319,0.932660319,0.932660319,0.932660319,0.932660319,0.932660319,0.932660319,0.932660319,0.932660319,0.932660319,0.834485549,0.834485549,0.834485549,0.834485549,0.834485549,0.834485549,0.736310778,0.736310778,0.736310778,0.736310778,0.638136008,0.638136008,0.638136008,0.638136008,0.539961237,0.539961237,0.539961237,0.539961237,0.539961237,0.638136008,0.638136008,0.638136008,0.638136008,0.638136008,0.638136008,0.638136008,0.638136008,0.638136008,0.736310778,0.736310778,0.736310778,0.736310778,0.736310778,0.834485549,0.834485549,0.834485549,0.834485549,0.834485549,0.834485549,0.932660319,3.68155389,3.68155389,3.68155389,3.77972866,3.77972866,3.77972866,3.77972866,3.77972866,3.77972866,3.77972866,3.77972866,3.77972866,3.77972866,3.77972866,3.77972866,3.77972866,3.87790343,3.87790343,3.87790343,3.87790343,3.87790343,3.87790343,3.87790343,3.87790343,3.87790343,3.87790343,3.87790343,3.87790343,3.87790343,3.87790343,3.9760782,3.9760782,3.9760782,3.9760782,3.87790343,3.9760782,3.87790343,3.87790343,3.9760782,3.87790343,3.87790343,3.87790343,3.87790343,3.87790343,3.87790343,3.87790343,3.87790343,3.87790343,3.87790343,3.87790343,3.87790343,3.87790343,3.87790343,3.87790343,3.87790343,3.87790343,3.87790343,3.87790343,3.87790343,3.87790343,3.87790343,3.87790343,3.87790343,3.87790343,3.87790343,3.77972866,3.87790343,3.87790343,3.87790343,3.87790343,3.87790343,3.87790343,3.87790343,3.87790343,3.87790343,3.87790343,3.87790343,3.87790343,3.87790343,3.87790343,3.87790343,3.87790343,3.87790343,3.87790343,3.77972866,3.77972866,3.87790343,3.87790343,3.87790343,3.87790343,3.9760782,3.9760782,3.9760782,3.9760782,3.9760782,4.07425297,4.17242774,4.27060251,4.27060251,4.36877728,4.36877728,4.46695205,4.56512682,4.56512682,4.6633016,4.76147637,4.76147637,4.85965114,4.85965114,4.85965114,4.95782591,4.95782591,4.95782591,4.95782591,5.05600068,5.05600068,5.05600068,5.05600068,5.05600068,5.05600068,5.15417545,5.05600068
413.701578856,C01,AP01,client_to_ap,VHT,2,2,2,80,SU,1,4,122,6637c97e16e6ce8a,6,-68.0,1.03083509,1.03083509,1.03083509,1.03083509,1.03083509,1.03083509,1.03083509,1.03083509,1.03083509,1.03083509,1.03083509,1.03083509,1.03083509,1.03083509,1.03083509,1.03083509,1.03083509,1.03083509,1.03083509,1.03083509,1.03083509,1.03083509,1.03083509,1.03083509,1.03083509,1.03083509,1.03083509,1.03083509,1.03083509,1.03083509,1.03083509,1.03083509,1.03083509,1.03083509,1.03083509,1.03083509,1.03083509,1.03083509,1.03083509,1.03083509,1.03083509,1.03083509,1.03083509,1.03083509,1.03083509,1.03083509,1.03083509,1.03083509,1.03083509,1.03083509,1.03083509,1.03083509,1.03083509,1.03083509,1.03083509,1.03083509,1.03083509,1.03083509,1.03083509,1.03083509,1.03083509,1.03083509,1.03083509,1.03083509,1.03083509,1.03083509,1.03083509,1.03083509,1.03083509,1.03083509,1.03083509,1.03083509,1.03083509,0.932660319,1.03083509,0.932660319,0.932660319,0.932660319,0.932660319,0.932660319,0.932660319,0.932660319,0.932660319,0.932660319,0.834485549,0.834485549,0.834485549,0.834485549,0.736310778,0.736310778,0.736310778,0.736310778,0.736310778,0.638136008,0.638136008,0.638136008,0.638136008,0.638136008,0.638136008,0.638136008,0.638136008,0.638136008,0.638136008,0.638136008,0.638136008,0.638136008,0.638136008,0.736310778,0.736310778,0.736310778,0.736310778,0.736310778,0.736310778,0.834485549,0.834485549,0.834485549,0.834485549,0.834485549,0.932660319,0.834485549,0.834485549,0.932660319,3.68155389,3.68155389,3.77972866,3.77972866,3.77972866,3.77972866,3.77972866,3.77972866,3.77972866,3.77972866,3.77972866,3.87790343,3.87790343,3.87790343,3.87790343,3.87790343,3.87790343,3.87790343,3.87790343,3.87790343,3.87790343,3.9760782,3.87790343,3.9760782,3.9760782,3.9760782,3.9760782,3.9760782,3.9760782,3.9760782,3.9760782,3.9760782,3.9760782,3.9760782,3.9760782,3.9760782,3.9760782,3.9760782,3.9760782,3.9760782,3.9760782,3.9760782,3.9760782,3.9760782,3.9760782,3.9760782,3.87790343,3.9760782,3.9760782,3.87790343,3.87790343,3.87790343,3.87790343,3.87790343,3.87790343,3.87790343,3.87790343,3.87790343,3.87790343,3.87790343,3.87790343,3.77972866,3.87790343,3.87790343,3.87790343,3.87790343,3.87790343,3.87790343,3.87790343,3.87790343,3.87790343,3.87790343,3.87790343,3.87790343,3.87790343,3.87790343,3.87790343,3.87790343,3.87790343,3.87790343,3.87790343,3.87790343,3.87790343,3.87790343,3.87790343,3.87790343,3.87790343,3.87790343,3.87790343,3.87790343,3.9760782,3.9760782,3.9760782,3.9760782,4.07425297,4.07425297,4.17242774,4.27060251,4.27060251,4.36877728,4.46695205,4.46695205,4.56512682,4.6633016,4.6633016,4.76147637,4.76147637,4.76147637,4.85965114,4.85965114,4.85965114,4.95782591,4.95782591,4.95782591,4.95782591,5.05600068,5.05600068,4.95782591,5.05600068,5.05600068,5.05600068,5.05600068
415.034398079,C01,AP01,client_to_ap,VHT,2,2,2,80,SU,1,4,122,6637c97e16e6ce8a,6,-68.0,0.932660319,0.932660319,0.932660319,1.03083509,1.03083509,1.03083509,1.03083509,1.03083509,1.03083509,1.03083509,1.03083509,1.03083509,1.03083509,1.03083509,1.03083509,1.03083509,1.03083509,1.03083509,1.03083509,1.03083509,1.03083509,1.03083509,1.03083509,1.03083509,1.03083509,1.03083509,1.03083509,1.03083509,1.03083509,1.03083509,1.03083509,1.03083509,1.03083509,1.03083509,1.03083509,1.03083509,1.03083509,1.03083509,1.03083509,1.03083509,1.03083509,1.03083509,1.03083509,1.03083509,1.03083509,1.03083509,1.03083509,1.03083509,1.03083509,1.03083509,1.03083509,1.03083509,1.03083509,1.03083509,1.03083509,1.03083509,1.03083509,1.03083509,1.03083509,1.03083509,1.03083509,1.03083509,1.03083509,1.03083509,0.932660319,0.932660319,1.03083509,0.932660319,0.932660319,0.932660319,0.932660319,0.932660319,0.932660319,0.932660319,0.932660319,0.932660319,0.932660319,0.932660319,0.932660319,0.932660319,0.932660319,0.932660319,0.932660319,0.834485549,0.834485549,0.834485549,0.834485549,0.834485549,0.736310778,0.736310778,0.736310778,0.736310778,0.638136008,0.638136008,0.638136008,0.638136008,0.638136008,0.638136008,0.539961237,0.539961237,0.539961237,0.539961237,0.638136008,0.638136008,0.638136008,0.638136008,0.638136008,0.638136008,0.736310778,0.736310778,0.736310778,0.736310778,0.736310778,0.834485549,0.834485549,0.834485549,0.834485549,0.834485549,0.834485549,0.834485549,0.834485549,0.932660319,3.68155389,3.68155389,3.77972866,3.77972866,3.77972866,3.77972866,3.77972866,3.77972866,3.77972866,3.77972866,3.87790343,3.77972866,3.87790343,3.87790343,3.77972866,3.87790343,3.77972866,3.77972866,3.87790343,3.87790343,3.87790343,3.87790343,3.87790343,3.87790343,3.9760782,3.87790343,3.87790343,3.87790343,3.9760782,3.87790343,3.9760782,3.9760782,3.9760782,3.9760782,3.9760782,3.9760782,3.9760782,3.9760782,3.9760782,3.9760782,3.9760782,3.9760782,3.87790343,3.87790343,3.87790343,3.87790343,3.87790343,3.87790343,3.87790343,3.87790343,3.87790343,3.87790343,3.87790343,3.87790343,3.87790343,3.87790343,3.87790343,3.87790343,3.87790343,3.87790343,3.87790343,3.87790343,3.87790343,3.87790343,3.87790343,3.87790343,3.87790343,3.87790343,3.87790343,3.87790343,3.87790343,3.87790343,3.87790343,3.87790343,3.87790343,3.87790343,3.87790343,3.87790343,3.87790343,3.87790343,3.87790343,3.87790343,3.87790343,3.87790343,3.77972866,3.87790343,3.87790343,3.87790343,3.87790343,3.87790343,3.87790343,3.9760782,3.9760782,3.9760782,3.9760782,4.07425297,4.17242774,4.27060251,4.27060251,4.36877728,4.46695205,4.46695205,4.56512682,4.6633016,4.6633016,4.6633016,4.76147637,4.85965114,4.85965114,4.85965114,4.85965114,4.95782591,4.95782591,4.95782591,4.95782591,4.95782591,4.95782591,4.95782591,5.05600068,5.05600068,5.05600068,5.05600068
416.367007017,C01,AP01,client_to_ap,VHT,2,2,2,80,SU,1,4,122,6637c97e16e6ce8a,6,-68.0,0.932660319,0.932660319,0.932660319,0.932660319,1.03083509,1.03083509,1.03083509,1.03083509,1.03083509,1.03083509,1.03083509,1.03083509,1.03083509,1.03083509,1.03083509,1.03083509,1.03083509,1.03083509,1.03083509,1.03083509,1.03083509,1.03083509,1.03083509,1.03083509,1.03083509,1.03083509,1.03083509,1.03083509,1.03083509,1.03083509,1.03083509,1.03083509,1.03083509,1.03083509,1.03083509,1.03083509,1.03083509,1.03083509,1.03083509,1.03083509,1.03083509,1.03083509,1.03083509,1.03083509,1.03083509,1.03083509,1.03083509,1.03083509,1.03083509,1.03083509,1.03083509,1.03083509,1.03083509,1.03083509,1.03083509,1.03083509,1.03083509,1.03083509,1.03083509,1.03083509,1.03083509,1.03083509,1.03083509,1.03083509,0.932660319,0.932660319,0.932660319,0.932660319,0.932660319,0.932660319,1.03083509,0.932660319,0.932660319,0.932660319,0.932660319,0.932660319,0.932660319,0.932660319,0.932660319,0.932660319,0.932660319,0.834485549,0.834485549,0.834485549,0.834485549,0.834485549,0.834485549,0.736310778,0.736310778,0.736310778,0.736310778,0.638136008,0.638136008,0.638136008,0.638136008,0.638136008,0.539961237,0.638136008,0.638136008,0.539961237,0.539961237,0.539961237,0.638136008,0.539961237,0.638136008,0.638136008,0.638136008,0.638136008,0.638136008,0.736310778,0.736310778,0.736310778,0.736310778,0.736310778,0.834485549,0.834485549,0.834485549,0.834485549,0.834485549,0.834485549,0.932660319,0.932660319,3.68155389,3.68155389,3.77972866,3.77972866,3.77972866,3.77972866,3.77972866,3.77972866,3.77972866,3.77972866,3.77972866,3.77972866,3.77972866,3.77972866,3.77972866,3.77972866,3.77972866,3.87790343,3.77972866,3.87790343,3.87790343,3.87790343,3.87790343,3.87790343,3.87790343,3.87790343,3.87790343,3.87790343,3.87790343,3.87790343,3.87790343,3.87790343,3.9760782,3.9760782,3.87790343,3.9760782,3.9760782,3.87790343,3.87790343,3.87790343,3.87790343,3.87790343,3.87790343,3.87790343,3.87790343,3.87790343,3.87790343,3.87790343,3.87790343,3.87790343,3.87790343,3.87790343,3.87790343,3.87790343,3.87790343,3.87790343,3.87790343,3.87790343,3.87790343,3.87790343,3.87790343,3.77972866,3.87790343,3.87790343,3.87790343,3.87790343,3.87790343,3.87790343,3.87790343,3.87790343,3.87790343,3.87790343,3.87790343,3.87790343,3.87790343,3.87790343,3.87790343,3.87790343,3.77972866,3.77972866,3.77972866,3.77972866,3.77972866,3.77972866,3.77972866,3.77972866,3.77972866,3.77972866,3.77972866,3.87790343,3.77972866,3.87790343,3.9760782,3.9760782,3.9760782,4.07425297,4.17242774,4.17242774,4.17242774,4.36877728,4.36877728,4.46695205,4.56512682,4.56512682,4.6633016,4.76147637,4.76147637,4.76147637,4.76147637,4.85965114,4.95782591,4.85965114,4.95782591,4.95782591,4.95782591,5.05600068,5.05600068,5.05600068,5.05600068,5.15417545,5.05600068,5.05600068
417.701484919,C01,AP01,client_to_ap,VHT,2,2,2,80,SU,1,4,122,6637c97e16e6ce8a,6,-68.0,0.932660319,0.932660319,1.03083509,1.03083509,1.03083509,1.03083509,1.03083509,1.03083509,1.03083509,1.03083509,1.03083509,1.03083509,1.03083509,1.03083509,1.03083509,1.03083509,1.03083509,1.03083509,1.03083509,1.03083509,1.03083509,1.03083509,1.03083509,1.03083509,1.03083509,1.03083509,1.03083509,1.03083509,1.03083509,1.03083509,1.03083509,1.03083509,1.03083509,1.03083509,1.03083509,1.03083509,1.03083509,1.03083509,1.03083509,1.03083509,1.03083509,1.03083509,1.03083509,1.03083509,1.03083509,1.03083509,1.03083509,1.03083509,1.03083509,1.03083509,1.03083509,1.03083509,1.03083509,1.03083509,1.03083509,1.03083509,1.03083509,1.03083509,1.03083509,1.03083509,1.03083509,1.03083509,1.03083509,1.03083509,1.03083509,1.03083509,1.03083509,0.932660319,0.932660319,0.932660319,1.03083509,1.03083509,0.932660319,0.932660319,0.932660319,0.932660319,0.932660319,0.932660319,0.932660319,0.932660319,0.932660319,0.932660319,0.932660319,0.834485549,0.834485549,0.834485549,0.834485549,0.834485549,0.736310778,0.736310778,0.736310778,0.736310778,0.638136008,0.638136008,0.638136008,0.638136008,0.638136008,0.638136008,0.638136008,0.638136008,0.638136008,0.638136008,0.638136008,0.638136008,0.638136008,0.638136008,0.638136008,0.736310778,0.736310778,0.736310778,0.736310778,0.736310778,0.736310778,0.834485549,0.834485549,0.834485549,0.834485549,0.834485549,0.834485549,0.834485549,0.932660319,0.932660319,3.68155389,3.68155389,3.68155389,3.77972866,3.77972866,3.77972866,3.77972866,3.77972866,3.77972866,3.77972866,3.77972866,3.87790343,3.77972866,3.87790343,3.87790343,3.87790343,3.87790343,3.87790343,3.87790343,3.87790343,3.87790343,3.87790343,3.87790343,3.87790343,3.87790343,3.87790343,3.9760782,3.9760782,3.9760782,3.9760782,3.9760782,3.9760782,3.9760782,3.9760782,3.9760782,3.9760782,3.9760782,3.9760782,3.9760782,3.9760782,3.9760782,3.9760782,3.9760782,3.9760782,3.9760782,3.9760782,3.9760782,3.9760782,3.9760782,3.87790343,3.87790343,3.87790343,3.87790343,3.87790343,3.87790343,3.87790343,3.87790343,3.87790343,3.87790343,3.87790343,3.87790343,3.87790343,3.87790343,3.87790343,3.87790343,3.87790343,3.87790343,3.87790343,3.87790343,3.87790343,3.87790343,3.87790343,3.87790343,3.87790343,3.9760782,3.87790343,3.87790343,3.87790343,3.87790343,3.87790343,3.87790343,3.87790343,3.87790343,3.87790343,3.87790343,3.87790343,3.87790343,3.87790343,3.87790343,3.87790343,3.87790343,3.9760782,3.9760782,3.9760782,4.07425297,4.17242774,4.17242774,4.27060251,4.36877728,4.36877728,4.46695205,4.46695205,4.56512682,4.6633016,4.6633016,4.76147637,4.76147637,4.85965114,4.85965114,4.85965114,4.85965114,4.85965114,4.95782591,4.95782591,4.95782591,4.95782591,5.05600068,5.05600068,5.05600068,5.05600068,5.05600068,5.05600068
419.034071922,C01,AP01,client_to_ap,VHT,2,2,2,80,SU,1,4,122,6637c97e16e6ce8a,6,-68.0,0.932660319,0.932660319,0.932660319,1.03083509,1.03083509,1.03083509,1.03083509,1.03083509,1.03083509,1.03083509,1.03083509,1.03083509,1.03083509,1.03083509,1.03083509,1.03083509,1.03083509,1.03083509,1.03083509,1.03083509,1.03083509,1.03083509,1.03083509,1.03083509,1.03083509,1.03083509,1.03083509,1.03083509,1.03083509,1.03083509,1.03083509,1.03083509,1.03083509,1.03083509,1.03083509,1.03083509,1.03083509,1.03083509,1.03083509,1.03083509,1.03083509,1.03083509,1.03083509,1.03083509,1.03083509,1.03083509,1.03083509,1.03083509,1.03083509,1.03083509,1.03083509,1.03083509,1.03083509,1.03083509,1.03083509,1.03083509,1.03083509,1.03083509,1.03083509,1.03083509,1.03083509,1.03083509,1.03083509,1.03083509,0.932660319,0.932660319,0.932660319,1.03083509,0.932660319,1.03083509,1.03083509,0.932660319,0.932660319,0.932660319,0.932660319,0.932660319,0.932660319,0.932660319,0.932660319,0.932660319,0.932660319,0.932660319,0.932660319,0.932660319,0.834485549,0.834485549,0.834485549,0.834485549,0.736310778,0.736310778,0.736310778,0.736310778,0.638136008,0.638136008,0.638136008,0.638136008,0.638136008,0.638136008,0.638136008,0.638136008,0.638136008,0.638136008,0.638136008,0.638136008,0.638136008,0.638136008,0.638136008,0.736310778,0.736310778,0.736310778,0.736310778,0.736310778,0.736310778,0.834485549,0.834485549,0.834485549,0.834485549,0.834485549,0.834485549,0.834485549,0.834485549,0.932660319,3.68155389,3.77972866,3.77972866,3.77972866,3.77972866,3.77972866,3.77972866,3.77972866,3.77972866,3.77972866,3.77972866,3.87790343,3.87790343,3.87790343,3.87790343,3.87790343,3.87790343,3.87790343,3.87790343,3.87790343,3.87790343,3.87790343,3.87790343,3.87790343,3.87790343,3.87790343,3.87790343,3.87790343,3.9760782,3.9760782,3.9760782,3.9760782,3.9760782,3.9760782,3.9760782,3.9760782,3.9760782,3.9760782,3.9760782,3.9760782,3.9760782,3.9760782,3.9760782,3.9760782,3.9760782,3.9760782,3.87790343,3.87790343,3.87790343,3.87790343,3.9760782,3.87790343,3.87790343,3.87790343,3.87790343,3.87790343,3.87790343,3.87790343,3.87790343,3.87790343,3.87790343,3.87790343,3.87790343,3.87790343,3.87790343,3.87790343,3.87790343,3.87790343,3.87790343,3.87790343,3.87790343,3.87790343,3.87790343,3.87790343,3.87790343,3.87790343,3.87790343,3.87790343,3.87790343,3.87790343,3.87790343,3.87790343,3.87790343,3.87790343,3.87790343,3.87790343,3.87790343,3.87790343,3.87790343,3.87790343,3.9760782,3.9760782,3.9760782,4.07425297,4.07425297,4.07425297,4.17242774,4.27060251,4.27060251,4.36877728,4.46695205,4.46695205,4.56512682,4.6633016,4.6633016,4.76147637,4.76147637,4.85965114,4.85965114,4.85965114,4.85965114,4.95782591,4.95782591,4.95782591,4.95782591,4.95782591,4.95782591,5.05600068,5.05600068,5.05600068,5.05600068,5.05600068
