t_rel_s,client,ap,direction,format,Nr,Nc,Ng,bandwidth_mhz,feedback,codebook,bits_psi,subcarriers,series_id,psi_0000_rad,psi_0001_rad,psi_0002_rad,psi_0003_rad,psi_0004_rad,psi_0005_rad,psi_0006_rad,psi_0007_rad,psi_0008_rad,psi_0009_rad,psi_0010_rad,psi_0011_rad,psi_0012_rad,psi_0013_rad,psi_0014_rad,psi_0015_rad,psi_0016_rad,psi_0017_rad,psi_0018_rad,psi_0019_rad,psi_0020_rad,psi_0021_rad,psi_0022_rad,psi_0023_rad,psi_0024_rad,psi_0025_rad,psi_0026_rad,psi_0027_rad,psi_0028_rad,psi_0029_rad,psi_0030_rad,psi_0031_rad,psi_0032_rad,psi_0033_rad,psi_0034_rad,psi_0035_rad,psi_0036_rad,psi_0037_rad,psi_0038_rad,psi_0039_rad,psi_0040_rad,psi_0041_rad,psi_0042_rad,psi_0043_rad,psi_0044_rad,psi_0045_rad,psi_0046_rad,psi_0047_rad,psi_0048_rad,psi_0049_rad,psi_0050_rad,psi_0051_rad,psi_0052_rad,psi_0053_rad,psi_0054_rad,psi_0055_rad,psi_0056_rad,psi_0057_rad,psi_0058_rad,psi_0059_rad,psi_0060_rad,psi_0061_rad,psi_0062_rad,psi_0063_rad,psi_0064_rad,psi_0065_rad,psi_0066_rad,psi_0067_rad,psi_0068_rad,psi_0069_rad,psi_0070_rad,psi_0071_rad,psi_0072_rad,psi_0073_rad,psi_0074_rad,psi_0075_rad,psi_0076_rad,psi_0077_rad,psi_0078_rad,psi_0079_rad,psi_0080_rad,psi_0081_rad,psi_0082_rad,psi_0083_rad,psi_0084_rad,psi_0085_rad,psi_0086_rad,psi_0087_rad,psi_0088_rad,psi_0089_rad,psi_0090_rad,psi_0091_rad,psi_0092_rad,psi_0093_rad,psi_0094_rad,psi_0095_rad,psi_0096_rad,psi_0097_rad,psi_0098_rad,psi_0099_rad,psi_0100_rad,psi_0101_rad,psi_0102_rad,psi_0103_rad,psi_0104_rad,psi_0105_rad,psi_0106_rad,psi_0107_rad,psi_0108_rad,psi_0109_rad,psi_0110_rad,psi_0111_rad,psi_0112_rad,psi_0113_rad,psi_0114_rad,psi_0115_rad,psi_0116_rad,psi_0117_rad,psi_0118_rad,psi_0119_rad,psi_0120_rad,psi_0121_rad
0.222124100,C01,AP01,client_to_ap,VHT,2,2,2,80,SU,1,4,122,6637c97e16e6ce8a,0.834485549,0.834485549,0.834485549,0.834485549,0.834485549,0.834485549,0.834485549,0.834485549,0.834485549,0.834485549,0.834485549,0.736310778,0.834485549,0.736310778,0.736310778,0.736310778,0.736310778,0.736310778,0.736310778,0.736310778,0.736310778,0.736310778,0.736310778,0.736310778,0.736310778,0.736310778,0.736310778,0.736310778,0.736310778,0.736310778,0.736310778,0.638136008,0.638136008,0.638136008,0.638136008,0.638136008,0.638136008,0.638136008,0.638136008,0.638136008,0.638136008,0.638136008,0.638136008,0.638136008,0.638136008,0.638136008,0.638136008,0.539961237,0.539961237,0.539961237,0.539961237,0.539961237,0.539961237,0.539961237,0.539961237,0.441786467,0.441786467,0.441786467,0.441786467,0.441786467,0.343611696,0.343611696,0.343611696,0.343611696,0.245436926,0.245436926,0.245436926,0.245436926,0.245436926,0.245436926,0.147262156,0.147262156,0.147262156,0.147262156,0.147262156,0.147262156,0.0490873852,0.0490873852,0.0490873852,0.0490873852,0.0490873852,0.147262156,0.147262156,0.245436926,0.245436926,0.343611696,0.343611696,0.343611696,0.441786467,0.441786467,0.539961237,0.539961237,0.539961237,0.638136008,0.638136008,0.638136008,0.638136008,0.638136008,0.638136008,0.638136008,0.638136008,0.638136008,0.539961237,0.539961237,0.539961237,0.539961237,0.539961237,0.539961237,0.539961237,0.539961237,0.539961237,0.539961237,0.539961237,0.539961237,0.539961237,0.441786467,0.539961237,0.539961237,0.441786467,0.441786467,0.441786467,0.441786467
1.553817987,C01,AP01,client_to_ap,VHT,2,2,2,80,SU,1,4,122,6637c97e16e6ce8a,0.834485549,0.834485549,0.834485549,0.834485549,0.834485549,0.834485549,0.834485549,0.834485549,0.736310778,0.834485549,0.736310778,0.736310778,0.736310778,0.736310778,0.736310778,0.736310778,0.736310778,0.736310778,0.736310778,0.736310778,0.736310778,0.736310778,0.736310778,0.736310778,0.736310778,0.736310778,0.736310778,0.736310778,0.736310778,0.736310778,0.638136008,0.638136008,0.638136008,0.638136008,0.638136008,0.638136008,0.638136008,0.638136008,0.638136008,0.638136008,0.638136008,0.638136008,0.638136008,0.539961237,0.539961237,0.638136008,0.539961237,0.539961237,0.539961237,0.539961237,0.539961237,0.539961237,0.539961237,0.539961237,0.539961237,0.441786467,0.441786467,0.441786467,0.441786467,0.441786467,0.343611696,0.343611696,0.343611696,0.343611696,0.245436926,0.245436926,0.245436926,0.245436926,0.245436926,0.245436926,0.147262156,0.147262156,0.147262156,0.147262156,0.147262156,0.147262156,0.147262156,0.147262156,0.0490873852,0.0490873852,0.0490873852,0.147262156,0.147262156,0.147262156,0.245436926,0.245436926,0.343611696,0.343611696,0.441786467,0.441786467,0.441786467,0.539961237,0.539961237,0.539961237,0.638136008,0.638136008,0.638136008,0.638136008,0.638136008,0.638136008,0.539961237,0.539961237,0.539961237,0.539961237,0.539961237,0.539961237,0.539961237,0.539961237,0.539961237,0.539961237,0.441786467,0.539961237,0.441786467,0.441786467,0.441786467,0.441786467,0.441786467,0.441786467,0.441786467,0.441786467,0.441786467,0.441786467
2.890259027,C01,AP01,client_to_ap,VHT,2,2,2,80,SU,1,4,122,6637c97e16e6ce8a,0.834485549,0.834485549,0.834485549,0.834485549,0.834485549,0.834485549,0.834485549,0.834485549,0.834485549,0.834485549,0.834485549,0.834485549,0.834485549,0.736310778,0.736310778,0.736310778,0.736310778,0.736310778,0.736310778,0.736310778,0.736310778,0.736310778,0.736310778,0.736310778,0.736310778,0.736310778,0.736310778,0.736310778,0.736310778,0.736310778,0.736310778,0.638136008,0.638136008,0.638136008,0.638136008,0.638136008,0.638136008,0.638136008,0.638136008,0.638136008,0.638136008,0.638136008,0.638136008,0.638136008,0.638136008,0.638136008,0.638136008,0.539961237,0.539961237,0.539961237,0.539961237,0.539961237,0.539961237,0.539961237,0.539961237,0.441786467,0.441786467,0.441786467,0.441786467,0.441786467,0.343611696,0.343611696,0.343611696,0.343611696,0.245436926,0.245436926,0.245436926,0.245436926,0.245436926,0.245436926,0.147262156,0.147262156,0.147262156,0.147262156,0.147262156,0.147262156,0.147262156,0.147262156,0.0490873852,0.0490873852,0.0490873852,0.147262156,0.147262156,0.147262156,0.245436926,0.245436926,0.343611696,0.343611696,0.441786467,0.441786467,0.539961237,0.539961237,0.539961237,0.638136008,0.638136008,0.638136008,0.638136008,0.638136008,0.638136008,0.638136008,0.638136008,0.638136008,0.638136008,0.539961237,0.539961237,0.539961237,0.539961237,0.539961237,0.539961237,0.539961237,0.539961237,0.539961237,0.539961237,0.441786467,0.539961237,0.441786467,0.441786467,0.441786467,0.441786467,0.441786467,0.441786467,0.441786467
4.221785069,C01,AP01,client_to_ap,VHT,2,2,2,80,SU,1,4,122,6637c97e16e6ce8a,0.834485549,0.834485549,0.834485549,0.834485549,0.834485549,0.834485549,0.834485549,0.834485549,0.834485549,0.834485549,0.834485549,0.834485549,0.834485549,0.736310778,0.736310778,0.736310778,0.736310778,0.736310778,0.736310778,0.736310778,0.736310778,0.736310778,0.736310778,0.736310778,0.736310778,0.736310778,0.736310778,0.736310778,0.736310778,0.736310778,0.736310778,0.736310778,0.638136008,0.638136008,0.638136008,0.638136008,0.638136008,0.638136008,0.638136008,0.638136008,0.638136008,0.638136008,0.638136008,0.638136008,0.638136008,0.638136008,0.638136008,0.539961237,0.539961237,0.539961237,0.539961237,0.539961237,0.539961237,0.539961237,0.539961237,0.539961237,0.441786467,0.441786467,0.441786467,0.441786467,0.441786467,0.343611696,0.343611696,0.343611696,0.343611696,0.245436926,0.245436926,0.245436926,0.245436926,0.245436926,0.147262156,0.147262156,0.147262156,0.147262156,0.147262156,0.147262156,0.147262156,0.0490873852,0.0490873852,0.0490873852,0.0490873852,0.147262156,0.147262156,0.147262156,0.245436926,0.245436926,0.343611696,0.441786467,0.441786467,0.441786467,0.539961237,0.539961237,0.638136008,0.638136008,0.638136008,0.638136008,0.638136008,0.638136008,0.638136008,0.638136008,0.638136008,0.638136008,0.638136008,0.539961237,0.539961237,0.539961237,0.539961237,0.539961237,0.539961237,0.539961237,0.539961237,0.539961237,0.539961237,0.539961237,0.539961237,0.539961237,0.441786467,0.441786467,0.441786467,0.441786467,0.441786467,0.441786467
5.554110050,C01,AP01,client_to_ap,VHT,2,2,2,80,SU,1,4,122,6637c97e16e6ce8a,0.834485549,0.834485549,0.834485549,0.834485549,0.834485549,0.834485549,0.834485549,0.834485549,0.834485549,0.834485549,0.834485549,0.834485549,0.834485549,0.736310778,0.736310778,0.736310778,0.736310778,0.736310778,0.736310778,0.736310778,0.736310778,0.736310778,0.736310778,0.736310778,0.736310778,0.736310778,0.736310778,0.736310778,0.736310778,0.736310778,0.736310778,0.736310778,0.638136008,0.638136008,0.638136008,0.638136008,0.638136008,0.638136008,0.638136008,0.638136008,0.638136008,0.638136008,0.638136008,0.638136008,0.638136008,0.638136008,0.638136008,0.539961237,0.539961237,0.539961237,0.539961237,0.539961237,0.539961237,0.539961237,0.539961237,0.539961237,0.441786467,0.441786467,0.441786467,0.441786467,0.343611696,0.343611696,0.343611696,0.343611696,0.245436926,0.245436926,0.245436926,0.245436926,0.245436926,0.245436926,0.245436926,0.147262156,0.147262156,0.147262156,0.147262156,0.147262156,0.147262156,0.147262156,0.0490873852,0.147262156,0.0490873852,0.147262156,0.147262156,0.147262156,0.245436926,0.245436926,0.343611696,0.343611696,0.441786467,0.441786467,0.539961237,0.539961237,0.539961237,0.638136008,0.638136008,0.638136008,0.638136008,0.638136008,0.638136008,0.638136008,0.638136008,0.638136008,0.638136008,0.539961237,0.539961237,0.539961237,0.539961237,0.539961237,0.539961237,0.539961237,0.539961237,0.539961237,0.539961237,0.539961237,0.539961237,0.539961237,0.539961237,0.539961237,0.441786467,0.441786467,0.441786467,0.441786467
6.890433073,C01,AP01,client_to_ap,VHT,2,2,2,80,SU,1,4,122,6637c97e16e6ce8a,0.834485549,0.834485549,0.834485549,0.834485549,0.834485549,0.834485549,0.834485549,0.834485549,0.834485549,0.834485549,0.834485549,0.736310778,0.736310778,0.736310778,0.736310778,0.736310778,0.736310778,0.736310778,0.736310778,0.736310778,0.736310778,0.736310778,0.736310778,0.736310778,0.736310778,0.736310778,0.736310778,0.736310778,0.736310778,0.736310778,0.638136008,0.638136008,0.638136008,0.638136008,0.638136008,0.638136008,0.638136008,0.638136008,0.638136008,0.638136008,0.638136008,0.638136008,0.638136008,0.638136008,0.638136008,0.638136008,0.638136008,0.539961237,0.539961237,0.539961237,0.539961237,0.539961237,0.539961237,0.539961237,0.539961237,0.441786467,0.441786467,0.441786467,0.441786467,0.441786467,0.343611696,0.343611696,0.343611696,0.343611696,0.245436926,0.245436926,0.245436926,0.245436926,0.245436926,0.245436926,0.147262156,0.147262156,0.147262156,0.147262156,0.147262156,0.147262156,0.147262156,0.147262156,0.0490873852,0.0490873852,0.0490873852,0.147262156,0.147262156,0.147262156,0.245436926,0.245436926,0.343611696,0.343611696,0.441786467,0.441786467,0.539961237,0.539961237,0.539961237,0.638136008,0.638136008,0.638136008,0.638136008,0.638136008,0.638136008,0.638136008,0.638136008,0.638136008,0.638136008,0.539961237,0.539961237,0.539961237,0.539961237,0.539961237,0.539961237,0.539961237,0.539961237,0.539961237,0.441786467,0.441786467,0.539961237,0.441786467,0.441786467,0.441786467,0.441786467,0.441786467,0.441786467,0.441786467
8.222131968,C01,AP01,client_to_ap,VHT,2,2,2,80,SU,1,4,122,6637c97e16e6ce8a,0.834485549,0.834485549,0.834485549,0.834485549,0.834485549,0.834485549,0.834485549,0.834485549,0.736310778,0.834485549,0.834485549,0.736310778,0.736310778,0.736310778,0.736310778,0.736310778,0.736310778,0.736310778,0.736310778,0.736310778,0.736310778,0.736310778,0.736310778,0.736310778,0.736310778,0.736310778,0.736310778,0.736310778,0.736310778,0.736310778,0.736310778,0.638136008,0.638136008,0.638136008,0.638136008,0.638136008,0.638136008,0.638136008,0.638136008,0.638136008,0.638136008,0.638136008,0.638136008,0.638136008,0.638136008,0.638136008,0.638136008,0.539961237,0.539961237,0.539961237,0.539961237,0.539961237,0.539961237,0.539961237,0.539961237,0.441786467,0.441786467,0.441786467,0.441786467,0.441786467,0.343611696,0.343611696,0.343611696,0.343611696,0.245436926,0.245436926,0.245436926,0.245436926,0.245436926,0.245436926,0.147262156,0.147262156,0.147262156,0.147262156,0.147262156,0.147262156,0.147262156,0.147262156,0.0490873852,0.0490873852,0.147262156,0.147262156,0.147262156,0.147262156,0.245436926,0.245436926,0.343611696,0.343611696,0.441786467,0.441786467,0.539961237,0.539961237,0.539961237,0.539961237,0.638136008,0.638136008,0.638136008,0.638136008,0.638136008,0.638136008,0.638136008,0.638136008,0.638136008,0.539961237,0.539961237,0.539961237,0.539961237,0.539961237,0.539961237,0.539961237,0.539961237,0.539961237,0.539961237,0.441786467,0.539961237,0.441786467,0.441786467,0.441786467,0.441786467,0.441786467,0.441786467,0.441786467
9.553738117,C01,AP01,client_to_ap,VHT,2,2,2,80,SU,1,4,122,6637c97e16e6ce8a,0.834485549,0.834485549,0.834485549,0.834485549,0.834485549,0.834485549,0.834485549,0.834485549,0.834485549,0.834485549,0.834485549,0.736310778,0.834485549,0.736310778,0.736310778,0.736310778,0.736310778,0.736310778,0.736310778,0.736310778,0.736310778,0.736310778,0.736310778,0.736310778,0.736310778,0.736310778,0.736310778,0.736310778,0.736310778,0.736310778,0.736310778,0.638136008,0.638136008,0.638136008,0.638136008,0.638136008,0.638136008,0.638136008,0.638136008,0.638136008,0.638136008,0.638136008,0.638136008,0.638136008,0.638136008,0.638136008,0.638136008,0.539961237,0.539961237,0.539961237,0.539961237,0.539961237,0.539961237,0.539961237,0.539961237,0.441786467,0.441786467,0.441786467,0.441786467,0.441786467,0.343611696,0.343611696,0.343611696,0.343611696,0.245436926,0.245436926,0.245436926,0.245436926,0.245436926,0.245436926,0.245436926,0.147262156,0.147262156,0.147262156,0.147262156,0.147262156,0.147262156,0.147262156,0.0490873852,0.147262156,0.147262156,0.147262156,0.147262156,0.147262156,0.245436926,0.245436926,0.343611696,0.343611696,0.441786467,0.441786467,0.539961237,0.539961237,0.539961237,0.638136008,0.638136008,0.638136008,0.638136008,0.638136008,0.638136008,0.638136008,0.638136008,0.638136008,0.638136008,0.539961237,0.539961237,0.539961237,0.539961237,0.539961237,0.539961237,0.539961237,0.539961237,0.539961237,0.539961237,0.539961237,0.539961237,0.539961237,0.539961237,0.441786467,0.441786467,0.441786467,0.441786467,0.441786467
10.890115023,C01,AP01,client_to_ap,VHT,2,2,2,80,SU,1,4,122,6637c97e16e6ce8a,0.834485549,0.834485549,0.834485549,0.834485549,0.834485549,0.834485549,0.834485549,0.834485549,0.834485549,0.834485549,0.736310778,0.736310778,0.736310778,0.736310778,0.736310778,0.736310778,0.736310778,0.736310778,0.736310778,0.736310778,0.736310778,0.736310778,0.736310778,0.736310778,0.736310778,0.736310778,0.736310778,0.736310778,0.736310778,0.736310778,0.638136008,0.638136008,0.638136008,0.638136008,0.638136008,0.638136008,0.638136008,0.638136008,0.638136008,0.638136008,0.638136008,0.638136008,0.638136008,0.638136008,0.638136008,0.638136008,0.539961237,0.539961237,0.539961237,0.539961237,0.539961237,0.539961237,0.539961237,0.539961237,0.539961237,0.441786467,0.441786467,0.441786467,0.441786467,0.441786467,0.343611696,0.343611696,0.343611696,0.343611696,0.245436926,0.245436926,0.245436926,0.245436926,0.245436926,0.245436926,0.245436926,0.147262156,0.147262156,0.147262156,0.147262156,0.147262156,0.147262156,0.0490873852,0.0490873852,0.0490873852,0.147262156,0.147262156,0.147262156,0.147262156,0.245436926,0.245436926,0.343611696,0.343611696,0.441786467,0.441786467,0.539961237,0.539961237,0.539961237,0.638136008,0.638136008,0.638136008,0.638136008,0.638136008,0.638136008,0.638136008,0.638136008,0.539961237,0.539961237,0.539961237,0.539961237,0.539961237,0.539961237,0.539961237,0.539961237,0.539961237,0.539961237,0.539961237,0.539961237,0.539961237,0.539961237,0.441786467,0.441786467,0.441786467,0.441786467,0.441786467,0.441786467,0.441786467
12.221986055,C01,AP01,client_to_ap,VHT,2,2,2,80,SU,1,4,122,6637c97e16e6ce8a,0.834485549,0.834485549,0.834485549,0.834485549,0.834485549,0.834485549,0.834485549,0.834485549,0.834485549,0.834485549,0.736310778,0.736310778,0.736310778,0.736310778,0.736310778,0.736310778,0.736310778,0.736310778,0.736310778,0.736310778,0.736310778,0.736310778,0.736310778,0.736310778,0.736310778,0.736310778,0.736310778,0.736310778,0.736310778,0.736310778,0.638136008,0.638136008,0.638136008,0.638136008,0.638136008,0.638136008,0.638136008,0.638136008,0.638136008,0.638136008,0.638136008,0.638136008,0.638136008,0.638136008,0.638136008,0.638136008,0.539961237,0.539961237,0.539961237,0.539961237,0.539961237,0.539961237,0.539961237,0.539961237,0.539961237,0.441786467,0.441786467,0.441786467,0.441786467,0.441786467,0.343611696,0.343611696,0.343611696,0.343611696,0.245436926,0.245436926,0.245436926,0.245436926,0.245436926,0.245436926,0.147262156,0.147262156,0.147262156,0.147262156,0.147262156,0.147262156,0.147262156,0.0490873852,0.0490873852,0.147262156,0.0490873852,0.147262156,0.147262156,0.147262156,0.245436926,0.245436926,0.343611696,0.343611696,0.441786467,0.441786467,0.539961237,0.539961237,0.539961237,0.638136008,0.638136008,0.638136008,0.638136008,0.638136008,0.638136008,0.638136008,0.638136008,0.638136008,0.539961237,0.539961237,0.539961237,0.539961237,0.539961237,0.539961237,0.539961237,0.539961237,0.539961237,0.539961237,0.441786467,0.539961237,0.441786467,0.441786467,0.539961237,0.539961237,0.441786467,0.441786467,0.441786467,0.441786467
13.554739952,C01,AP01,client_to_ap,VHT,2,2,2,80,SU,1,4,122,6637c97e16e6ce8a,0.834485549,0.834485549,0.834485549,0.834485549,0.834485549,0.834485549,0.834485549,0.834485549,0.834485549,0.834485549,0.834485549,0.736310778,0.736310778,0.736310778,0.736310778,0.736310778,0.736310778,0.736310778,0.736310778,0.736310778,0.736310778,0.736310778,0.736310778,0.736310778,0.736310778,0.736310778,0.736310778,0.736310778,0.736310778,0.736310778,0.736310778,0.638136008,0.638136008,0.638136008,0.638136008,0.638136008,0.638136008,0.638136008,0.638136008,0.638136008,0.638136008,0.638136008,0.638136008,0.638136008,0.638136008,0.638136008,0.638136008,0.539961237,0.539961237,0.539961237,0.539961237,0.539961237,0.539961237,0.539961237,0.539961237,0.441786467,0.441786467,0.441786467,0.441786467,0.441786467,0.343611696,0.343611696,0.343611696,0.343611696,0.245436926,0.245436926,0.245436926,0.245436926,0.245436926,0.245436926,0.245436926,0.245436926,0.147262156,0.147262156,0.147262156,0.147262156,0.147262156,0.147262156,0.0490873852,0.0490873852,0.147262156,0.147262156,0.147262156,0.147262156,0.245436926,0.245436926,0.343611696,0.343611696,0.441786467,0.441786467,0.539961237,0.539961237,0.539961237,0.539961237,0.638136008,0.638136008,0.638136008,0.638136008,0.638136008,0.638136008,0.638136008,0.638136008,0.638136008,0.539961237,0.539961237,0.539961237,0.539961237,0.539961237,0.539961237,0.539961237,0.539961237,0.539961237,0.539961237,0.441786467,0.539961237,0.539961237,0.441786467,0.441786467,0.441786467,0.441786467,0.441786467,0.441786467
14.889992952,C01,AP01,client_to_ap,VHT,2,2,2,80,SU,1,4,122,6637c97e16e6ce8a,0.834485549,0.834485549,0.834485549,0.834485549,0.834485549,0.834485549,0.834485549,0.834485549,0.834485549,0.834485549,0.736310778,0.736310778,0.736310778,0.736310778,0.736310778,0.736310778,0.736310778,0.736310778,0.736310778,0.736310778,0.736310778,0.736310778,0.736310778,0.736310778,0.736310778,0.736310778,0.736310778,0.736310778,0.736310778,0.736310778,0.638136008,0.638136008,0.638136008,0.638136008,0.638136008,0.638136008,0.638136008,0.638136008,0.638136008,0.638136008,0.638136008,0.638136008,0.638136008,0.638136008,0.638136008,0.638136008,0.638136008,0.539961237,0.539961237,0.539961237,0.539961237,0.539961237,0.539961237,0.539961237,0.539961237,0.441786467,0.441786467,0.441786467,0.441786467,0.441786467,0.343611696,0.343611696,0.343611696,0.343611696,0.343611696,0.245436926,0.245436926,0.245436926,0.245436926,0.245436926,0.245436926,0.147262156,0.147262156,0.147262156,0.147262156,0.147262156,0.147262156,0.147262156,0.0490873852,0.147262156,0.0490873852,0.147262156,0.147262156,0.147262156,0.245436926,0.245436926,0.343611696,0.343611696,0.441786467,0.441786467,0.539961237,0.539961237,0.539961237,0.539961237,0.638136008,0.638136008,0.638136008,0.638136008,0.638136008,0.638136008,0.638136008,0.638136008,0.539961237,0.539961237,0.539961237,0.539961237,0.539961237,0.539961237,0.539961237,0.539961237,0.539961237,0.539961237,0.539961237,0.441786467,0.441786467,0.441786467,0.441786467,0.441786467,0.441786467,0.441786467,0.441786467,0.441786467
16.222140074,C01,AP01,client_to_ap,VHT,2,2,2,80,SU,1,4,122,6637c97e16e6ce8a,0.834485549,0.834485549,0.834485549,0.834485549,0.834485549,0.834485549,0.834485549,0.834485549,0.834485549,0.834485549,0.834485549,0.736310778,0.736310778,0.736310778,0.736310778,0.736310778,0.736310778,0.736310778,0.736310778,0.736310778,0.736310778,0.736310778,0.736310778,0.736310778,0.736310778,0.736310778,0.736310778,0.736310778,0.736310778,0.736310778,0.736310778,0.638136008,0.638136008,0.638136008,0.638136008,0.638136008,0.638136008,0.638136008,0.638136008,0.638136008,0.638136008,0.638136008,0.638136008,0.638136008,0.638136008,0.638136008,0.638136008,0.539961237,0.539961237,0.539961237,0.539961237,0.539961237,0.539961237,0.539961237,0.539961237,0.441786467,0.441786467,0.441786467,0.441786467,0.441786467,0.343611696,0.343611696,0.343611696,0.343611696,0.245436926,0.245436926,0.245436926,0.245436926,0.245436926,0.245436926,0.245436926,0.147262156,0.147262156,0.147262156,0.147262156,0.147262156,0.147262156,0.0490873852,0.0490873852,0.147262156,0.147262156,0.147262156,0.147262156,0.147262156,0.245436926,0.245436926,0.343611696,0.343611696,0.441786467,0.441786467,0.539961237,0.539961237,0.539961237,0.539961237,0.638136008,0.638136008,0.638136008,0.638136008,0.638136008,0.638136008,0.638136008,0.638136008,0.539961237,0.539961237,0.539961237,0.539961237,0.539961237,0.539961237,0.539961237,0.539961237,0.539961237,0.539961237,0.441786467,0.441786467,0.539961237,0.539961237,0.441786467,0.441786467,0.441786467,0.441786467,0.441786467,0.441786467
17.549356937,C01,AP01,client_to_ap,VHT,2,2,2,80,SU,1,4,122,6637c97e16e6ce8a,0.834485549,0.834485549,0.834485549,0.834485549,0.834485549,0.834485549,0.834485549,0.834485549,0.834485549,0.834485549,0.834485549,0.736310778,0.736310778,0.736310778,0.736310778,0.736310778,0.736310778,0.736310778,0.736310778,0.736310778,0.736310778,0.736310778,0.736310778,0.736310778,0.736310778,0.736310778,0.736310778,0.736310778,0.736310778,0.736310778,0.736310778,0.638136008,0.638136008,0.638136008,0.638136008,0.638136008,0.638136008,0.638136008,0.638136008,0.638136008,0.638136008,0.638136008,0.638136008,0.638136008,0.638136008,0.638136008,0.638136008,0.539961237,0.539961237,0.539961237,0.539961237,0.539961237,0.539961237,0.539961237,0.539961237,0.441786467,0.441786467,0.441786467,0.441786467,0.441786467,0.343611696,0.343611696,0.343611696,0.343611696,0.245436926,0.245436926,0.245436926,0.245436926,0.245436926,0.245436926,0.147262156,0.147262156,0.147262156,0.147262156,0.147262156,0.147262156,0.147262156,0.147262156,0.0490873852,0.0490873852,0.0490873852,0.147262156,0.147262156,0.147262156,0.245436926,0.245436926,0.343611696,0.343611696,0.441786467,0.441786467,0.539961237,0.539961237,0.539961237,0.638136008,0.638136008,0.638136008,0.638136008,0.638136008,0.638136008,0.638136008,0.638136008,0.638136008,0.539961237,0.539961237,0.539961237,0.539961237,0.539961237,0.539961237,0.539961237,0.539961237,0.539961237,0.539961237,0.441786467,0.441786467,0.539961237,0.441786467,0.441786467,0.441786467,0.441786467,0.441786467,0.441786467,0.441786467
18.879681110,C01,AP01,client_to_ap,VHT,2,2,2,80,SU,1,4,122,6637c97e16e6ce8a,0.834485549,0.834485549,0.834485549,0.834485549,0.834485549,0.834485549,0.834485549,0.834485549,0.834485549,0.834485549,0.834485549,0.736310778,0.834485549,0.736310778,0.736310778,0.736310778,0.736310778,0.736310778,0.736310778,0.736310778,0.736310778,0.736310778,0.736310778,0.736310778,0.736310778,0.736310778,0.736310778,0.736310778,0.736310778,0.736310778,0.638136008,0.638136008,0.638136008,0.638136008,0.638136008,0.638136008,0.638136008,0.638136008,0.638136008,0.638136008,0.638136008,0.638136008,0.638136008,0.638136008,0.638136008,0.638136008,0.638136008,0.539961237,0.539961237,0.539961237,0.539961237,0.539961237,0.539961237,0.539961237,0.539961237,0.441786467,0.441786467,0.441786467,0.441786467,0.441786467,0.343611696,0.343611696,0.343611696,0.343611696,0.245436926,0.245436926,0.245436926,0.245436926,0.245436926,0.245436926,0.245436926,0.147262156,0.147262156,0.147262156,0.147262156,0.147262156,0.147262156,0.0490873852,0.0490873852,0.0490873852,0.147262156,0.147262156,0.147262156,0.147262156,0.245436926,0.245436926,0.343611696,0.343611696,0.441786467,0.441786467,0.539961237,0.539961237,0.539961237,0.638136008,0.638136008,0.638136008,0.638136008,0.638136008,0.638136008,0.638136008,0.638136008,0.638136008,0.539961237,0.539961237,0.539961237,0.539961237,0.539961237,0.539961237,0.539961237,0.539961237,0.539961237,0.539961237,0.539961237,0.539961237,0.539961237,0.441786467,0.441786467,0.441786467,0.441786467,0.441786467,0.441786467,0.441786467
20.211858988,C01,AP01,client_to_ap,VHT,2,2,2,80,SU,1,4,122,6637c97e16e6ce8a,0.834485549,0.834485549,0.834485549,0.834485549,0.834485549,0.834485549,0.834485549,0.834485549,0.834485549,0.834485549,0.834485549,0.736310778,0.736310778,0.736310778,0.736310778,0.736310778,0.736310778,0.736310778,0.736310778,0.736310778,0.736310778,0.736310778,0.736310778,0.736310778,0.736310778,0.736310778,0.736310778,0.736310778,0.736310778,0.736310778,0.638136008,0.638136008,0.638136008,0.638136008,0.638136008,0.638136008,0.638136008,0.638136008,0.638136008,0.638136008,0.638136008,0.638136008,0.638136008,0.638136008,0.638136008,0.638136008,0.539961237,0.539961237,0.539961237,0.539961237,0.539961237,0.539961237,0.539961237,0.539961237,0.539961237,0.441786467,0.441786467,0.441786467,0.441786467,0.441786467,0.343611696,0.343611696,0.343611696,0.343611696,0.245436926,0.245436926,0.245436926,0.245436926,0.245436926,0.245436926,0.147262156,0.147262156,0.147262156,0.147262156,0.147262156,0.147262156,0.147262156,0.0490873852,0.0490873852,0.0490873852,0.147262156,0.147262156,0.147262156,0.147262156,0.245436926,0.245436926,0.343611696,0.343611696,0.441786467,0.441786467,0.441786467,0.539961237,0.539961237,0.539961237,0.638136008,0.638136008,0.638136008,0.638136008,0.638136008,0.638136008,0.638136008,0.638136008,0.638136008,0.539961237,0.539961237,0.539961237,0.539961237,0.539961237,0.539961237,0.539961237,0.539961237,0.539961237,0.441786467,0.441786467,0.539961237,0.441786467,0.441786467,0.441786467,0.441786467,0.441786467,0.441786467,0.441786467
21.543540955,C01,AP01,client_to_ap,VHT,2,2,2,80,SU,1,4,122,6637c97e16e6ce8a,0.834485549,0.834485549,0.834485549,0.834485549,0.834485549,0.834485549,0.834485549,0.834485549,0.834485549,0.834485549,0.834485549,0.834485549,0.736310778,0.736310778,0.736310778,0.736310778,0.736310778,0.736310778,0.736310778,0.736310778,0.736310778,0.736310778,0.736310778,0.736310778,0.736310778,0.736310778,0.736310778,0.736310778,0.736310778,0.736310778,0.638136008,0.638136008,0.638136008,0.638136008,0.638136008,0.638136008,0.638136008,0.638136008,0.638136008,0.638136008,0.638136008,0.638136008,0.638136008,0.638136008,0.638136008,0.638136008,0.638136008,0.539961237,0.539961237,0.539961237,0.539961237,0.539961237,0.539961237,0.539961237,0.539961237,0.441786467,0.441786467,0.441786467,0.441786467,0.441786467,0.343611696,0.343611696,0.343611696,0.343611696,0.245436926,0.245436926,0.245436926,0.245436926,0.245436926,0.245436926,0.147262156,0.147262156,0.147262156,0.147262156,0.147262156,0.147262156,0.147262156,0.0490873852,0.0490873852,0.0490873852,0.0490873852,0.147262156,0.147262156,0.147262156,0.245436926,0.245436926,0.343611696,0.343611696,0.441786467,0.441786467,0.539961237,0.539961237,0.539961237,0.539961237,0.638136008,0.638136008,0.638136008,0.638136008,0.638136008,0.638136008,0.638136008,0.638136008,0.638136008,0.539961237,0.539961237,0.539961237,0.539961237,0.539961237,0.539961237,0.539961237,0.539961237,0.539961237,0.539961237,0.539961237,0.539961237,0.441786467,0.441786467,0.441786467,0.441786467,0.441786467,0.441786467,0.441786467
22.879997969,C01,AP01,client_to_ap,VHT,2,2,2,80,SU,1,4,122,6637c97e16e6ce8a,0.834485549,0.834485549,0.834485549,0.834485549,0.834485549,0.834485549,0.834485549,0.834485549,0.834485549,0.834485549,0.736310778,0.736310778,0.736310778,0.736310778,0.736310778,0.736310778,0.736310778,0.736310778,0.736310778,0.736310778,0.736310778,0.736310778,0.736310778,0.736310778,0.736310778,0.736310778,0.736310778,0.736310778,0.736310778,0.736310778,0.736310778,0.638136008,0.638136008,0.638136008,0.638136008,0.638136008,0.638136008,0.638136008,0.638136008,0.638136008,0.638136008,0.638136008,0.638136008,0.638136008,0.638136008,0.638136008,0.539961237,0.539961237,0.539961237,0.539961237,0.539961237,0.539961237,0.539961237,0.539961237,0.539961237,0.441786467,0.441786467,0.441786467,0.441786467,0.441786467,0.343611696,0.343611696,0.343611696,0.343611696,0.245436926,0.245436926,0.245436926,0.245436926,0.245436926,0.245436926,0.245436926,0.147262156,0.147262156,0.147262156,0.147262156,0.147262156,0.147262156,0.0490873852,0.0490873852,0.147262156,0.147262156,0.147262156,0.147262156,0.147262156,0.245436926,0.245436926,0.343611696,0.343611696,0.441786467,0.441786467,0.539961237,0.539961237,0.539961237,0.539961237,0.638136008,0.638136008,0.638136008,0.638136008,0.638136008,0.638136008,0.638136008,0.539961237,0.539961237,0.539961237,0.539961237,0.539961237,0.539961237,0.539961237,0.539961237,0.539961237,0.539961237,0.539961237,0.441786467,0.539961237,0.539961237,0.441786467,0.539961237,0.441786467,0.441786467,0.441786467,0.441786467,0.441786467
24.211704016,C01,AP01,client_to_ap,VHT,2,2,2,80,SU,1,4,122,6637c97e16e6ce8a,0.834485549,0.834485549,0.834485549,0.834485549,0.834485549,0.834485549,0.834485549,0.834485549,0.834485549,0.834485549,0.736310778,0.736310778,0.736310778,0.736310778,0.736310778,0.736310778,0.736310778,0.736310778,0.736310778,0.736310778,0.736310778,0.736310778,0.736310778,0.736310778,0.736310778,0.736310778,0.736310778,0.736310778,0.736310778,0.736310778,0.638136008,0.638136008,0.638136008,0.638136008,0.638136008,0.638136008,0.638136008,0.638136008,0.638136008,0.638136008,0.638136008,0.638136008,0.638136008,0.638136008,0.638136008,0.638136008,0.539961237,0.539961237,0.539961237,0.539961237,0.539961237,0.539961237,0.539961237,0.539961237,0.539961237,0.441786467,0.441786467,0.441786467,0.441786467,0.441786467,0.343611696,0.343611696,0.343611696,0.343611696,0.245436926,0.245436926,0.245436926,0.245436926,0.245436926,0.245436926,0.245436926,0.147262156,0.147262156,0.147262156,0.147262156,0.147262156,0.147262156,0.147262156,0.0490873852,0.0490873852,0.0490873852,0.147262156,0.147262156,0.147262156,0.245436926,0.245436926,0.343611696,0.343611696,0.441786467,0.441786467,0.539961237,0.539961237,0.539961237,0.638136008,0.638136008,0.638136008,0.638136008,0.638136008,0.638136008,0.638136008,0.638136008,0.638136008,0.539961237,0.539961237,0.539961237,0.539961237,0.539961237,0.539961237,0.539961237,0.539961237,0.539961237,0.539961237,0.539961237,0.539961237,0.539961237,0.441786467,0.441786467,0.441786467,0.441786467,0.441786467,0.441786467,0.441786467
25.543848991,C01,AP01,client_to_ap,VHT,2,2,2,80,SU,1,4,122,6637c97e16e6ce8a,0.834485549,0.834485549,0.834485549,0.834485549,0.834485549,0.834485549,0.834485549,0.834485549,0.834485549,0.834485549,0.834485549,0.736310778,0.834485549,0.736310778,0.736310778,0.736310778,0.736310778,0.736310778,0.736310778,0.736310778,0.736310778,0.736310778,0.736310778,0.736310778,0.736310778,0.736310778,0.736310778,0.736310778,0.736310778,0.736310778,0.736310778,0.638136008,0.638136008,0.638136008,0.638136008,0.638136008,0.638136008,0.638136008,0.638136008,0.638136008,0.638136008,0.638136008,0.638136008,0.638136008,0.638136008,0.638136008,0.638136008,0.539961237,0.539961237,0.539961237,0.539961237,0.539961237,0.539961237,0.539961237,0.539961237,0.441786467,0.441786467,0.441786467,0.441786467,0.441786467,0.343611696,0.343611696,0.343611696,0.343611696,0.245436926,0.245436926,0.245436926,0.245436926,0.245436926,0.245436926,0.245436926,0.147262156,0.147262156,0.147262156,0.147262156,0.147262156,0.147262156,0.147262156,0.0490873852,0.0490873852,0.0490873852,0.147262156,0.147262156,0.147262156,0.245436926,0.245436926,0.343611696,0.343611696,0.441786467,0.441786467,0.539961237,0.539961237,0.539961237,0.539961237,0.638136008,0.638136008,0.638136008,0.638136008,0.638136008,0.638136008,0.638136008,0.638136008,0.539961237,0.539961237,0.539961237,0.539961237,0.539961237,0.539961237,0.539961237,0.539961237,0.539961237,0.539961237,0.539961237,0.539961237,0.539961237,0.441786467,0.441786467,0.441786467,0.441786467,0.441786467,0.441786467,0.441786467
26.880190134,C01,AP01,client_to_ap,VHT,2,2,2,80,SU,1,4,122,6637c97e16e6ce8a,0.834485549,0.834485549,0.834485549,0.834485549,0.834485549,0.834485549,0.834485549,0.834485549,0.834485549,0.834485549,0.834485549,0.834485549,0.736310778,0.736310778,0.736310778,0.736310778,0.736310778,0.736310778,0.736310778,0.736310778,0.736310778,0.736310778,0.736310778,0.736310778,0.736310778,0.736310778,0.736310778,0.736310778,0.736310778,0.736310778,0.736310778,0.638136008,0.638136008,0.638136008,0.638136008,0.638136008,0.638136008,0.638136008,0.638136008,0.638136008,0.638136008,0.638136008,0.638136008,0.638136008,0.638136008,0.638136008,0.638136008,0.539961237,0.539961237,0.539961237,0.539961237,0.539961237,0.539961237,0.539961237,0.539961237,0.539961237,0.441786467,0.441786467,0.441786467,0.441786467,0.343611696,0.343611696,0.343611696,0.343611696,0.343611696,0.245436926,0.245436926,0.245436926,0.245436926,0.245436926,0.245436926,0.147262156,0.147262156,0.147262156,0.147262156,0.147262156,0.147262156,0.147262156,0.0490873852,0.147262156,0.0490873852,0.147262156,0.147262156,0.245436926,0.245436926,0.245436926,0.343611696,0.441786467,0.441786467,0.539961237,0.539961237,0.539961237,0.539961237,0.638136008,0.638136008,0.638136008,0.638136008,0.638136008,0.638136008,0.638136008,0.638136008,0.638136008,0.638136008,0.539961237,0.539961237,0.539961237,0.539961237,0.539961237,0.539961237,0.539961237,0.539961237,0.539961237,0.539961237,0.539961237,0.539961237,0.539961237,0.441786467,0.441786467,0.539961237,0.441786467,0.441786467,0.441786467
28.211524010,C01,AP01,client_to_ap,VHT,2,2,2,80,SU,1,4,122,6637c97e16e6ce8a,0.834485549,0.834485549,0.834485549,0.834485549,0.834485549,0.834485549,0.834485549,0.834485549,0.834485549,0.834485549,0.736310778,0.736310778,0.736310778,0.736310778,0.736310778,0.736310778,0.736310778,0.736310778,0.736310778,0.736310778,0.736310778,0.736310778,0.736310778,0.736310778,0.736310778,0.736310778,0.736310778,0.736310778,0.736310778,0.736310778,0.638136008,0.638136008,0.638136008,0.638136008,0.638136008,0.638136008,0.638136008,0.638136008,0.638136008,0.638136008,0.638136008,0.638136008,0.638136008,0.638136008,0.638136008,0.638136008,0.638136008,0.539961237,0.539961237,0.539961237,0.539961237,0.539961237,0.539961237,0.539961237,0.539961237,0.441786467,0.441786467,0.441786467,0.441786467,0.441786467,0.343611696,0.343611696,0.343611696,0.343611696,0.245436926,0.245436926,0.245436926,0.245436926,0.245436926,0.245436926,0.147262156,0.147262156,0.147262156,0.147262156,0.147262156,0.147262156,0.147262156,0.147262156,0.0490873852,0.0490873852,0.0490873852,0.147262156,0.147262156,0.147262156,0.245436926,0.245436926,0.343611696,0.343611696,0.441786467,0.441786467,0.539961237,0.539961237,0.539961237,0.638136008,0.638136008,0.638136008,0.638136008,0.638136008,0.638136008,0.638136008,0.638136008,0.638136008,0.638136008,0.539961237,0.539961237,0.539961237,0.539961237,0.539961237,0.539961237,0.539961237,0.539961237,0.539961237,0.441786467,0.441786467,0.539961237,0.441786467,0.441786467,0.441786467,0.441786467,0.441786467,0.441786467,0.441786467
29.545212030,C01,AP01,client_to_ap,VHT,2,2,2,80,SU,1,4,122,6637c97e16e6ce8a,0.834485549,0.834485549,0.834485549,0.834485549,0.834485549,0.834485549,0.834485549,0.834485549,0.834485549,0.834485549,0.736310778,0.736310778,0.736310778,0.736310778,0.736310778,0.736310778,0.736310778,0.736310778,0.736310778,0.736310778,0.736310778,0.736310778,0.736310778,0.736310778,0.736310778,0.736310778,0.736310778,0.736310778,0.736310778,0.736310778,0.638136008,0.638136008,0.638136008,0.638136008,0.638136008,0.638136008,0.638136008,0.638136008,0.638136008,0.638136008,0.638136008,0.638136008,0.638136008,0.638136008,0.638136008,0.539961237,0.638136008,0.539961237,0.539961237,0.539961237,0.539961237,0.539961237,0.539961237,0.539961237,0.539961237,0.441786467,0.441786467,0.441786467,0.441786467,0.441786467,0.343611696,0.343611696,0.343611696,0.343611696,0.245436926,0.245436926,0.245436926,0.245436926,0.245436926,0.245436926,0.147262156,0.147262156,0.147262156,0.147262156,0.147262156,0.147262156,0.147262156,0.147262156,0.0490873852,0.0490873852,0.147262156,0.147262156,0.147262156,0.245436926,0.245436926,0.245436926,0.343611696,0.343611696,0.441786467,0.441786467,0.539961237,0.539961237,0.539961237,0.539961237,0.638136008,0.638136008,0.638136008,0.638136008,0.638136008,0.638136008,0.638136008,0.539961237,0.539961237,0.539961237,0.539961237,0.539961237,0.539961237,0.539961237,0.539961237,0.539961237,0.539961237,0.539961237,0.539961237,0.539961237,0.539961237,0.539961237,0.441786467,0.441786467,0.441786467,0.441786467,0.441786467,0.441786467
30.880582094,C01,AP01,client_to_ap,VHT,2,2,2,80,SU,1,4,122,6637c97e16e6ce8a,0.834485549,0.834485549,0.834485549,0.834485549,0.834485549,0.834485549,0.834485549,0.834485549,0.834485549,0.834485549,0.834485549,0.736310778,0.736310778,0.736310778,0.736310778,0.736310778,0.736310778,0.736310778,0.736310778,0.736310778,0.736310778,0.736310778,0.736310778,0.736310778,0.736310778,0.736310778,0.736310778,0.736310778,0.736310778,0.736310778,0.638136008,0.638136008,0.638136008,0.638136008,0.638136008,0.638136008,0.638136008,0.638136008,0.638136008,0.638136008,0.638136008,0.638136008,0.638136008,0.638136008,0.638136008,0.638136008,0.539961237,0.539961237,0.539961237,0.539961237,0.539961237,0.539961237,0.539961237,0.539961237,0.539961237,0.539961237,0.441786467,0.441786467,0.441786467,0.441786467,0.343611696,0.343611696,0.343611696,0.343611696,0.245436926,0.245436926,0.245436926,0.245436926,0.245436926,0.245436926,0.245436926,0.147262156,0.147262156,0.147262156,0.147262156,0.147262156,0.147262156,0.147262156,0.0490873852,0.0490873852,0.0490873852,0.147262156,0.147262156,0.147262156,0.245436926,0.245436926,0.343611696,0.343611696,0.441786467,0.441786467,0.539961237,0.539961237,0.539961237,0.539961237,0.638136008,0.638136008,0.638136008,0.638136008,0.638136008,0.638136008,0.638136008,0.638136008,0.539961237,0.539961237,0.539961237,0.539961237,0.539961237,0.539961237,0.539961237,0.539961237,0.539961237,0.539961237,0.539961237,0.539961237,0.539961237,0.441786467,0.441786467,0.441786467,0.441786467,0.441786467,0.441786467,0.441786467
32.212172985,C01,AP01,client_to_ap,VHT,2,2,2,80,SU,1,4,122,6637c97e16e6ce8a,0.834485549,0.834485549,0.834485549,0.834485549,0.834485549,0.834485549,0.834485549,0.834485549,0.834485549,0.834485549,0.834485549,0.736310778,0.736310778,0.736310778,0.736310778,0.736310778,0.736310778,0.736310778,0.736310778,0.736310778,0.736310778,0.736310778,0.736310778,0.736310778,0.736310778,0.736310778,0.736310778,0.736310778,0.736310778,0.736310778,0.638136008,0.638136008,0.638136008,0.638136008,0.638136008,0.638136008,0.638136008,0.638136008,0.638136008,0.638136008,0.638136008,0.638136008,0.638136008,0.638136008,0.638136008,0.638136008,0.638136008,0.539961237,0.539961237,0.539961237,0.539961237,0.539961237,0.539961237,0.539961237,0.539961237,0.441786467,0.441786467,0.441786467,0.441786467,0.441786467,0.343611696,0.343611696,0.343611696,0.343611696,0.245436926,0.245436926,0.245436926,0.245436926,0.245436926,0.245436926,0.245436926,0.147262156,0.147262156,0.147262156,0.147262156,0.147262156,0.147262156,0.147262156,0.0490873852,0.0490873852,0.0490873852,0.147262156,0.147262156,0.147262156,0.245436926,0.245436926,0.343611696,0.343611696,0.441786467,0.441786467,0.539961237,0.539961237,0.539961237,0.638136008,0.638136008,0.638136008,0.638136008,0.638136008,0.638136008,0.638136008,0.638136008,0.638136008,0.539961237,0.539961237,0.539961237,0.539961237,0.539961237,0.539961237,0.539961237,0.539961237,0.539961237,0.539961237,0.539961237,0.539961237,0.539961237,0.441786467,0.441786467,0.441786467,0.441786467,0.441786467,0.441786467,0.441786467
33.543570042,C01,AP01,client_to_ap,VHT,2,2,2,80,SU,1,4,122,6637c97e16e6ce8a,0.834485549,0.834485549,0.834485549,0.834485549,0.834485549,0.834485549,0.834485549,0.834485549,0.834485549,0.736310778,0.834485549,0.736310778,0.736310778,0.736310778,0.736310778,0.736310778,0.736310778,0.736310778,0.736310778,0.736310778,0.736310778,0.736310778,0.736310778,0.736310778,0.736310778,0.736310778,0.736310778,0.736310778,0.736310778,0.736310778,0.638136008,0.638136008,0.638136008,0.638136008,0.638136008,0.638136008,0.638136008,0.638136008,0.638136008,0.638136008,0.638136008,0.638136008,0.638136008,0.638136008,0.638136008,0.539961237,0.539961237,0.539961237,0.539961237,0.539961237,0.539961237,0.539961237,0.539961237,0.539961237,0.539961237,0.441786467,0.441786467,0.441786467,0.441786467,0.441786467,0.343611696,0.343611696,0.343611696,0.343611696,0.343611696,0.245436926,0.245436926,0.245436926,0.245436926,0.245436926,0.245436926,0.147262156,0.147262156,0.147262156,0.147262156,0.147262156,0.147262156,0.0490873852,0.0490873852,0.0490873852,0.0490873852,0.147262156,0.147262156,0.147262156,0.245436926,0.245436926,0.343611696,0.343611696,0.441786467,0.441786467,0.539961237,0.539961237,0.539961237,0.638136008,0.638136008,0.638136008,0.638136008,0.638136008,0.638136008,0.638136008,0.638136008,0.638136008,0.638136008,0.539961237,0.539961237,0.539961237,0.539961237,0.539961237,0.539961237,0.539961237,0.539961237,0.539961237,0.539961237,0.539961237,0.539961237,0.441786467,0.539961237,0.441786467,0.441786467,0.441786467,0.441786467,0.441786467
34.880216122,C01,AP01,client_to_ap,VHT,2,2,2,80,SU,1,4,122,6637c97e16e6ce8a,0.834485549,0.834485549,0.834485549,0.834485549,0.834485549,0.834485549,0.834485549,0.834485549,0.834485549,0.834485549,0.834485549,0.736310778,0.736310778,0.736310778,0.736310778,0.736310778,0.736310778,0.736310778,0.736310778,0.736310778,0.736310778,0.736310778,0.736310778,0.736310778,0.736310778,0.736310778,0.736310778,0.736310778,0.736310778,0.736310778,0.736310778,0.638136008,0.638136008,0.638136008,0.638136008,0.638136008,0.638136008,0.638136008,0.638136008,0.638136008,0.638136008,0.638136008,0.638136008,0.638136008,0.638136008,0.638136008,0.638136008,0.539961237,0.539961237,0.539961237,0.539961237,0.539961237,0.539961237,0.539961237,0.539961237,0.441786467,0.441786467,0.441786467,0.441786467,0.441786467,0.343611696,0.343611696,0.343611696,0.343611696,0.245436926,0.245436926,0.245436926,0.245436926,0.245436926,0.245436926,0.245436926,0.147262156,0.147262156,0.147262156,0.147262156,0.147262156,0.147262156,0.147262156,0.0490873852,0.0490873852,0.147262156,0.147262156,0.147262156,0.147262156,0.245436926,0.245436926,0.343611696,0.343611696,0.441786467,0.441786467,0.539961237,0.539961237,0.539961237,0.539961237,0.638136008,0.638136008,0.638136008,0.638136008,0.638136008,0.638136008,0.638136008,0.638136008,0.539961237,0.539961237,0.539961237,0.539961237,0.539961237,0.539961237,0.539961237,0.539961237,0.539961237,0.539961237,0.441786467,0.441786467,0.441786467,0.441786467,0.441786467,0.441786467,0.441786467,0.441786467,0.441786467,0.441786467
36.211215973,C01,AP01,client_to_ap,VHT,2,2,2,80,SU,1,4,122,6637c97e16e6ce8a,0.834485549,0.834485549,0.834485549,0.834485549,0.834485549,0.834485549,0.834485549,0.834485549,0.834485549,0.834485549,0.736310778,0.736310778,0.736310778,0.736310778,0.736310778,0.736310778,0.736310778,0.736310778,0.736310778,0.736310778,0.736310778,0.736310778,0.736310778,0.736310778,0.736310778,0.736310778,0.736310778,0.736310778,0.736310778,0.736310778,0.638136008,0.638136008,0.638136008,0.638136008,0.638136008,0.638136008,0.638136008,0.638136008,0.638136008,0.638136008,0.638136008,0.638136008,0.638136008,0.638136008,0.638136008,0.638136008,0.539961237,0.539961237,0.539961237,0.539961237,0.539961237,0.539961237,0.539961237,0.539961237,0.539961237,0.441786467,0.441786467,0.441786467,0.441786467,0.441786467,0.343611696,0.343611696,0.343611696,0.343611696,0.245436926,0.245436926,0.245436926,0.245436926,0.245436926,0.245436926,0.245436926,0.147262156,0.147262156,0.147262156,0.147262156,0.147262156,0.147262156,0.0490873852,0.0490873852,0.0490873852,0.0490873852,0.147262156,0.147262156,0.147262156,0.245436926,0.245436926,0.343611696,0.343611696,0.441786467,0.441786467,0.539961237,0.539961237,0.539961237,0.539961237,0.638136008,0.638136008,0.638136008,0.638136008,0.638136008,0.638136008,0.638136008,0.638136008,0.539961237,0.539961237,0.539961237,0.539961237,0.539961237,0.539961237,0.539961237,0.539961237,0.539961237,0.539961237,0.539961237,0.539961237,0.441786467,0.441786467,0.441786467,0.441786467,0.441786467,0.441786467,0.441786467,0.441786467
37.538592100,C01,AP01,client_to_ap,VHT,2,2,2,80,SU,1,4,122,6637c97e16e6ce8a,0.834485549,0.834485549,0.834485549,0.834485549,0.834485549,0.834485549,0.834485549,0.834485549,0.834485549,0.834485549,0.736310778,0.736310778,0.736310778,0.736310778,0.736310778,0.736310778,0.736310778,0.736310778,0.736310778,0.736310778,0.736310778,0.736310778,0.736310778,0.736310778,0.736310778,0.736310778,0.736310778,0.736310778,0.736310778,0.736310778,0.638136008,0.638136008,0.638136008,0.638136008,0.638136008,0.638136008,0.638136008,0.638136008,0.638136008,0.638136008,0.638136008,0.638136008,0.638136008,0.539961237,0.539961237,0.539961237,0.539961237,0.539961237,0.539961237,0.539961237,0.539961237,0.539961237,0.539961237,0.539961237,0.441786467,0.441786467,0.441786467,0.441786467,0.441786467,0.441786467,0.343611696,0.343611696,0.343611696,0.343611696,0.245436926,0.245436926,0.245436926,0.245436926,0.245436926,0.245436926,0.147262156,0.147262156,0.147262156,0.147262156,0.147262156,0.147262156,0.147262156,0.0490873852,0.0490873852,0.0490873852,0.0490873852,0.147262156,0.147262156,0.147262156,0.245436926,0.245436926,0.343611696,0.343611696,0.441786467,0.441786467,0.539961237,0.539961237,0.539961237,0.539961237,0.638136008,0.638136008,0.638136008,0.638136008,0.638136008,0.638136008,0.638136008,0.539961237,0.539961237,0.539961237,0.539961237,0.539961237,0.539961237,0.539961237,0.539961237,0.539961237,0.539961237,0.539961237,0.441786467,0.441786467,0.441786467,0.441786467,0.441786467,0.441786467,0.441786467,0.441786467,0.441786467,0.441786467
38.869451046,C01,AP01,client_to_ap,VHT,2,2,2,80,SU,1,4,122,6637c97e16e6ce8a,0.834485549,0.834485549,0.834485549,0.834485549,0.834485549,0.834485549,0.834485549,0.834485549,0.834485549,0.834485549,0.834485549,0.736310778,0.736310778,0.736310778,0.736310778,0.736310778,0.736310778,0.736310778,0.736310778,0.736310778,0.736310778,0.736310778,0.736310778,0.736310778,0.736310778,0.736310778,0.736310778,0.736310778,0.736310778,0.736310778,0.638136008,0.638136008,0.638136008,0.638136008,0.638136008,0.638136008,0.638136008,0.638136008,0.638136008,0.638136008,0.638136008,0.638136008,0.638136008,0.638136008,0.638136008,0.638136008,0.539961237,0.539961237,0.539961237,0.539961237,0.539961237,0.539961237,0.539961237,0.539961237,0.539961237,0.441786467,0.441786467,0.441786467,0.441786467,0.441786467,0.343611696,0.343611696,0.343611696,0.343611696,0.245436926,0.245436926,0.245436926,0.245436926,0.245436926,0.245436926,0.147262156,0.147262156,0.147262156,0.147262156,0.147262156,0.147262156,0.147262156,0.147262156,0.0490873852,0.147262156,0.147262156,0.147262156,0.147262156,0.147262156,0.245436926,0.245436926,0.343611696,0.343611696,0.441786467,0.441786467,0.539961237,0.539961237,0.539961237,0.539961237,0.638136008,0.638136008,0.638136008,0.638136008,0.638136008,0.638136008,0.638136008,0.638136008,0.539961237,0.539961237,0.539961237,0.539961237,0.539961237,0.539961237,0.539961237,0.539961237,0.539961237,0.539961237,0.539961237,0.441786467,0.441786467,0.441786467,0.441786467,0.441786467,0.441786467,0.441786467,0.441786467,0.441786467
40.201574087,C01,AP01,client_to_ap,VHT,2,2,2,80,SU,1,4,122,6637c97e16e6ce8a,0.834485549,0.834485549,0.834485549,0.834485549,0.834485549,0.834485549,0.834485549,0.834485549,0.834485549,0.834485549,0.736310778,0.736310778,0.834485549,0.736310778,0.736310778,0.736310778,0.736310778,0.736310778,0.736310778,0.736310778,0.736310778,0.736310778,0.736310778,0.736310778,0.736310778,0.736310778,0.736310778,0.736310778,0.736310778,0.736310778,0.638136008,0.638136008,0.638136008,0.638136008,0.638136008,0.638136008,0.638136008,0.638136008,0.638136008,0.638136008,0.638136008,0.638136008,0.638136008,0.638136008,0.638136008,0.638136008,0.638136008,0.539961237,0.539961237,0.539961237,0.539961237,0.539961237,0.539961237,0.539961237,0.539961237,0.539961237,0.441786467,0.441786467,0.441786467,0.441786467,0.441786467,0.343611696,0.343611696,0.343611696,0.245436926,0.245436926,0.245436926,0.245436926,0.245436926,0.245436926,0.245436926,0.147262156,0.147262156,0.147262156,0.147262156,0.147262156,0.147262156,0.0490873852,0.147262156,0.0490873852,0.0490873852,0.147262156,0.147262156,0.147262156,0.245436926,0.245436926,0.343611696,0.343611696,0.441786467,0.441786467,0.539961237,0.539961237,0.638136008,0.638136008,0.638136008,0.638136008,0.638136008,0.638136008,0.638136008,0.638136008,0.638136008,0.638136008,0.539961237,0.539961237,0.539961237,0.539961237,0.539961237,0.539961237,0.539961237,0.539961237,0.539961237,0.539961237,0.539961237,0.539961237,0.539961237,0.539961237,0.539961237,0.539961237,0.441786467,0.441786467,0.441786467,0.441786467
41.533435106,C01,AP01,client_to_ap,VHT,2,2,2,80,SU,1,4,122,6637c97e16e6ce8a,0.834485549,0.834485549,0.834485549,0.834485549,0.834485549,0.834485549,0.834485549,0.834485549,0.834485549,0.834485549,0.834485549,0.834485549,0.834485549,0.736310778,0.736310778,0.736310778,0.736310778,0.736310778,0.736310778,0.736310778,0.736310778,0.736310778,0.736310778,0.736310778,0.736310778,0.736310778,0.736310778,0.736310778,0.736310778,0.736310778,0.736310778,0.638136008,0.638136008,0.638136008,0.638136008,0.638136008,0.638136008,0.638136008,0.638136008,0.638136008,0.638136008,0.638136008,0.638136008,0.638136008,0.638136008,0.638136008,0.638136008,0.539961237,0.539961237,0.539961237,0.539961237,0.539961237,0.539961237,0.539961237,0.539961237,0.441786467,0.441786467,0.441786467,0.441786467,0.441786467,0.343611696,0.343611696,0.343611696,0.343611696,0.343611696,0.245436926,0.245436926,0.245436926,0.245436926,0.245436926,0.245436926,0.245436926,0.147262156,0.147262156,0.147262156,0.147262156,0.147262156,0.0490873852,0.0490873852,0.0490873852,0.147262156,0.147262156,0.147262156,0.147262156,0.245436926,0.245436926,0.343611696,0.441786467,0.441786467,0.441786467,0.539961237,0.539961237,0.539961237,0.638136008,0.638136008,0.638136008,0.638136008,0.638136008,0.638136008,0.638136008,0.638136008,0.638136008,0.638136008,0.539961237,0.539961237,0.539961237,0.539961237,0.539961237,0.539961237,0.539961237,0.539961237,0.539961237,0.539961237,0.539961237,0.441786467,0.441786467,0.539961237,0.441786467,0.441786467,0.539961237,0.441786467,0.539961237
42.869668007,C01,AP01,client_to_ap,VHT,2,2,2,80,SU,1,4,122,6637c97e16e6ce8a,0.834485549,0.834485549,0.834485549,0.834485549,0.834485549,0.834485549,0.834485549,0.834485549,0.834485549,0.834485549,0.736310778,0.736310778,0.736310778,0.736310778,0.736310778,0.736310778,0.736310778,0.736310778,0.736310778,0.736310778,0.736310778,0.736310778,0.736310778,0.736310778,0.736310778,0.736310778,0.736310778,0.736310778,0.736310778,0.736310778,0.638136008,0.638136008,0.638136008,0.638136008,0.638136008,0.638136008,0.638136008,0.638136008,0.638136008,0.638136008,0.638136008,0.638136008,0.638136008,0.638136008,0.638136008,0.638136008,0.539961237,0.539961237,0.539961237,0.539961237,0.539961237,0.539961237,0.539961237,0.539961237,0.539961237,0.441786467,0.441786467,0.441786467,0.441786467,0.441786467,0.343611696,0.343611696,0.343611696,0.343611696,0.245436926,0.245436926,0.245436926,0.245436926,0.245436926,0.245436926,0.245436926,0.245436926,0.147262156,0.147262156,0.147262156,0.147262156,0.147262156,0.147262156,0.0490873852,0.0490873852,0.147262156,0.147262156,0.147262156,0.147262156,0.245436926,0.245436926,0.343611696,0.343611696,0.441786467,0.441786467,0.539961237,0.539961237,0.539961237,0.638136008,0.638136008,0.638136008,0.638136008,0.638136008,0.638136008,0.638136008,0.638136008,0.638136008,0.539961237,0.539961237,0.539961237,0.539961237,0.539961237,0.539961237,0.539961237,0.539961237,0.539961237,0.441786467,0.539961237,0.539961237,0.441786467,0.441786467,0.441786467,0.441786467,0.441786467,0.441786467,0.441786467,0.441786467
44.201766014,C01,AP01,client_to_ap,VHT,2,2,2,80,SU,1,4,122,6637c97e16e6ce8a,0.834485549,0.834485549,0.834485549,0.834485549,0.834485549,0.834485549,0.834485549,0.834485549,0.834485549,0.834485549,0.834485549,0.834485549,0.736310778,0.736310778,0.736310778,0.736310778,0.736310778,0.736310778,0.736310778,0.736310778,0.736310778,0.736310778,0.736310778,0.736310778,0.736310778,0.736310778,0.736310778,0.736310778,0.736310778,0.736310778,0.638136008,0.638136008,0.638136008,0.638136008,0.638136008,0.638136008,0.638136008,0.638136008,0.638136008,0.638136008,0.638136008,0.638136008,0.638136008,0.638136008,0.638136008,0.539961237,0.539961237,0.539961237,0.539961237,0.539961237,0.539961237,0.539961237,0.539961237,0.539961237,0.539961237,0.441786467,0.441786467,0.441786467,0.441786467,0.441786467,0.343611696,0.343611696,0.343611696,0.343611696,0.245436926,0.245436926,0.245436926,0.245436926,0.245436926,0.245436926,0.147262156,0.147262156,0.147262156,0.147262156,0.147262156,0.147262156,0.147262156,0.147262156,0.0490873852,0.0490873852,0.147262156,0.147262156,0.147262156,0.147262156,0.245436926,0.245436926,0.343611696,0.343611696,0.441786467,0.441786467,0.539961237,0.539961237,0.539961237,0.638136008,0.638136008,0.638136008,0.638136008,0.638136008,0.638136008,0.638136008,0.638136008,0.638136008,0.539961237,0.539961237,0.539961237,0.539961237,0.539961237,0.539961237,0.539961237,0.539961237,0.539961237,0.539961237,0.539961237,0.539961237,0.441786467,0.441786467,0.539961237,0.441786467,0.441786467,0.441786467,0.441786467,0.441786467
45.533509970,C01,AP01,client_to_ap,VHT,2,2,2,80,SU,1,4,122,6637c97e16e6ce8a,0.834485549,0.834485549,0.834485549,0.834485549,0.834485549,0.834485549,0.834485549,0.834485549,0.834485549,0.834485549,0.834485549,0.834485549,0.834485549,0.736310778,0.736310778,0.736310778,0.736310778,0.736310778,0.736310778,0.736310778,0.736310778,0.736310778,0.736310778,0.736310778,0.736310778,0.736310778,0.736310778,0.736310778,0.736310778,0.736310778,0.736310778,0.638136008,0.638136008,0.638136008,0.638136008,0.638136008,0.638136008,0.638136008,0.638136008,0.638136008,0.638136008,0.638136008,0.638136008,0.638136008,0.638136008,0.638136008,0.638136008,0.539961237,0.539961237,0.539961237,0.539961237,0.539961237,0.539961237,0.539961237,0.539961237,0.539961237,0.441786467,0.441786467,0.441786467,0.441786467,0.343611696,0.343611696,0.343611696,0.343611696,0.245436926,0.245436926,0.245436926,0.245436926,0.245436926,0.245436926,0.245436926,0.245436926,0.147262156,0.147262156,0.147262156,0.147262156,0.147262156,0.147262156,0.0490873852,0.0490873852,0.0490873852,0.147262156,0.147262156,0.147262156,0.245436926,0.343611696,0.343611696,0.343611696,0.441786467,0.441786467,0.539961237,0.539961237,0.539961237,0.638136008,0.638136008,0.638136008,0.638136008,0.638136008,0.638136008,0.638136008,0.638136008,0.638136008,0.539961237,0.539961237,0.539961237,0.539961237,0.539961237,0.539961237,0.539961237,0.539961237,0.539961237,0.539961237,0.539961237,0.539961237,0.539961237,0.441786467,0.441786467,0.539961237,0.441786467,0.441786467,0.441786467,0.441786467
46.870069027,C01,AP01,client_to_ap,VHT,2,2,2,80,SU,1,4,122,6637c97e16e6ce8a,0.834485549,0.834485549,0.834485549,0.834485549,0.834485549,0.834485549,0.834485549,0.834485549,0.834485549,0.834485549,0.834485549,0.736310778,0.834485549,0.736310778,0.736310778,0.736310778,0.736310778,0.736310778,0.736310778,0.736310778,0.736310778,0.736310778,0.736310778,0.736310778,0.736310778,0.736310778,0.736310778,0.736310778,0.736310778,0.736310778,0.736310778,0.638136008,0.638136008,0.638136008,0.638136008,0.638136008,0.638136008,0.638136008,0.638136008,0.638136008,0.638136008,0.638136008,0.638136008,0.638136008,0.638136008,0.638136008,0.638136008,0.638136008,0.539961237,0.539961237,0.539961237,0.539961237,0.539961237,0.539961237,0.539961237,0.539961237,0.441786467,0.441786467,0.441786467,0.441786467,0.343611696,0.343611696,0.343611696,0.343611696,0.245436926,0.245436926,0.245436926,0.245436926,0.245436926,0.245436926,0.245436926,0.147262156,0.147262156,0.147262156,0.147262156,0.147262156,0.147262156,0.0490873852,0.0490873852,0.147262156,0.147262156,0.147262156,0.147262156,0.147262156,0.245436926,0.245436926,0.343611696,0.343611696,0.441786467,0.441786467,0.539961237,0.539961237,0.638136008,0.638136008,0.638136008,0.638136008,0.638136008,0.638136008,0.638136008,0.638136008,0.638136008,0.638136008,0.638136008,0.539961237,0.539961237,0.539961237,0.539961237,0.539961237,0.539961237,0.539961237,0.539961237,0.539961237,0.539961237,0.539961237,0.539961237,0.539961237,0.441786467,0.441786467,0.441786467,0.441786467,0.441786467,0.441786467
48.201766014,C01,AP01,client_to_ap,VHT,2,2,2,80,SU,1,4,122,6637c97e16e6ce8a,0.834485549,0.834485549,0.834485549,0.834485549,0.834485549,0.834485549,0.834485549,0.834485549,0.834485549,0.834485549,0.834485549,0.736310778,0.736310778,0.736310778,0.736310778,0.736310778,0.736310778,0.736310778,0.736310778,0.736310778,0.736310778,0.736310778,0.736310778,0.736310778,0.736310778,0.736310778,0.736310778,0.736310778,0.736310778,0.736310778,0.736310778,0.638136008,0.638136008,0.638136008,0.638136008,0.638136008,0.638136008,0.638136008,0.638136008,0.638136008,0.638136008,0.638136008,0.638136008,0.638136008,0.638136008,0.638136008,0.638136008,0.539961237,0.539961237,0.539961237,0.539961237,0.539961237,0.539961237,0.539961237,0.539961237,0.441786467,0.441786467,0.441786467,0.441786467,0.441786467,0.343611696,0.343611696,0.343611696,0.343611696,0.245436926,0.245436926,0.245436926,0.245436926,0.245436926,0.245436926,0.147262156,0.147262156,0.147262156,0.147262156,0.147262156,0.147262156,0.147262156,0.147262156,0.0490873852,0.0490873852,0.0490873852,0.147262156,0.147262156,0.147262156,0.245436926,0.245436926,0.343611696,0.343611696,0.441786467,0.441786467,0.539961237,0.539961237,0.539961237,0.539961237,0.638136008,0.638136008,0.638136008,0.638136008,0.638136008,0.638136008,0.638136008,0.638136008,0.638136008,0.539961237,0.539961237,0.539961237,0.539961237,0.539961237,0.539961237,0.539961237,0.539961237,0.539961237,0.539961237,0.441786467,0.441786467,0.441786467,0.441786467,0.441786467,0.441786467,0.441786467,0.441786467,0.441786467
49.533862114,C01,AP01,client_to_ap,VHT,2,2,2,80,SU,1,4,122,6637c97e16e6ce8a,0.834485549,0.834485549,0.834485549,0.834485549,0.834485549,0.834485549,0.834485549,0.834485549,0.834485549,0.834485549,0.736310778,0.736310778,0.736310778,0.736310778,0.736310778,0.736310778,0.736310778,0.736310778,0.736310778,0.736310778,0.736310778,0.736310778,0.736310778,0.736310778,0.736310778,0.736310778,0.736310778,0.736310778,0.736310778,0.736310778,0.638136008,0.638136008,0.638136008,0.638136008,0.638136008,0.638136008,0.638136008,0.638136008,0.638136008,0.638136008,0.638136008,0.638136008,0.638136008,0.638136008,0.638136008,0.638136008,0.539961237,0.539961237,0.539961237,0.539961237,0.539961237,0.539961237,0.539961237,0.539961237,0.539961237,0.441786467,0.441786467,0.441786467,0.441786467,0.441786467,0.343611696,0.343611696,0.343611696,0.343611696,0.245436926,0.245436926,0.245436926,0.245436926,0.245436926,0.245436926,0.147262156,0.147262156,0.147262156,0.147262156,0.147262156,0.147262156,0.147262156,0.0490873852,0.0490873852,0.0490873852,0.0490873852,0.147262156,0.147262156,0.147262156,0.245436926,0.245436926,0.343611696,0.343611696,0.441786467,0.441786467,0.539961237,0.539961237,0.539961237,0.539961237,0.638136008,0.638136008,0.638136008,0.638136008,0.638136008,0.638136008,0.638136008,0.638136008,0.539961237,0.539961237,0.539961237,0.539961237,0.539961237,0.539961237,0.539961237,0.539961237,0.539961237,0.539961237,0.539961237,0.441786467,0.539961237,0.441786467,0.441786467,0.441786467,0.441786467,0.441786467,0.441786467,0.441786467
50.870288134,C01,AP01,client_to_ap,VHT,2,2,2,80,SU,1,4,122,6637c97e16e6ce8a,0.834485549,0.834485549,0.834485549,0.834485549,0.834485549,0.834485549,0.834485549,0.834485549,0.834485549,0.834485549,0.834485549,0.736310778,0.834485549,0.736310778,0.736310778,0.736310778,0.736310778,0.736310778,0.736310778,0.736310778,0.736310778,0.736310778,0.736310778,0.736310778,0.736310778,0.736310778,0.736310778,0.736310778,0.736310778,0.736310778,0.638136008,0.638136008,0.638136008,0.638136008,0.638136008,0.638136008,0.638136008,0.638136008,0.638136008,0.638136008,0.638136008,0.638136008,0.638136008,0.638136008,0.638136008,0.638136008,0.638136008,0.539961237,0.539961237,0.539961237,0.539961237,0.539961237,0.539961237,0.539961237,0.539961237,0.539961237,0.441786467,0.441786467,0.441786467,0.441786467,0.343611696,0.343611696,0.343611696,0.343611696,0.245436926,0.245436926,0.245436926,0.245436926,0.245436926,0.245436926,0.245436926,0.147262156,0.147262156,0.147262156,0.147262156,0.147262156,0.147262156,0.0490873852,0.0490873852,0.0490873852,0.0490873852,0.147262156,0.147262156,0.147262156,0.245436926,0.245436926,0.343611696,0.343611696,0.441786467,0.441786467,0.539961237,0.539961237,0.539961237,0.638136008,0.638136008,0.638136008,0.638136008,0.638136008,0.638136008,0.638136008,0.638136008,0.638136008,0.638136008,0.539961237,0.539961237,0.539961237,0.539961237,0.539961237,0.539961237,0.539961237,0.539961237,0.539961237,0.539961237,0.539961237,0.539961237,0.441786467,0.441786467,0.441786467,0.441786467,0.441786467,0.441786467,0.441786467
52.202443123,C01,AP01,client_to_ap,VHT,2,2,2,80,SU,1,4,122,6637c97e16e6ce8a,0.834485549,0.834485549,0.834485549,0.834485549,0.834485549,0.834485549,0.834485549,0.834485549,0.834485549,0.834485549,0.834485549,0.736310778,0.736310778,0.736310778,0.736310778,0.736310778,0.736310778,0.736310778,0.736310778,0.736310778,0.736310778,0.736310778,0.736310778,0.736310778,0.736310778,0.736310778,0.736310778,0.736310778,0.736310778,0.736310778,0.638136008,0.638136008,0.638136008,0.638136008,0.638136008,0.638136008,0.638136008,0.638136008,0.638136008,0.638136008,0.638136008,0.638136008,0.638136008,0.638136008,0.638136008,0.539961237,0.638136008,0.539961237,0.539961237,0.539961237,0.539961237,0.539961237,0.539961237,0.539961237,0.539961237,0.441786467,0.441786467,0.441786467,0.441786467,0.441786467,0.343611696,0.343611696,0.343611696,0.343611696,0.245436926,0.245436926,0.245436926,0.245436926,0.245436926,0.245436926,0.147262156,0.245436926,0.147262156,0.147262156,0.147262156,0.147262156,0.147262156,0.147262156,0.0490873852,0.0490873852,0.0490873852,0.147262156,0.147262156,0.147262156,0.245436926,0.245436926,0.343611696,0.343611696,0.441786467,0.441786467,0.539961237,0.539961237,0.539961237,0.638136008,0.638136008,0.638136008,0.638136008,0.638136008,0.638136008,0.638136008,0.638136008,0.638136008,0.638136008,0.539961237,0.539961237,0.539961237,0.539961237,0.539961237,0.539961237,0.539961237,0.539961237,0.539961237,0.441786467,0.441786467,0.539961237,0.441786467,0.441786467,0.441786467,0.441786467,0.441786467,0.441786467,0.441786467
53.534049988,C01,AP01,client_to_ap,VHT,2,2,2,80,SU,1,4,122,6637c97e16e6ce8a,0.834485549,0.834485549,0.834485549,0.834485549,0.834485549,0.834485549,0.834485549,0.834485549,0.834485549,0.834485549,0.834485549,0.736310778,0.736310778,0.736310778,0.736310778,0.736310778,0.736310778,0.736310778,0.736310778,0.736310778,0.736310778,0.736310778,0.736310778,0.736310778,0.736310778,0.736310778,0.736310778,0.736310778,0.736310778,0.736310778,0.638136008,0.638136008,0.638136008,0.638136008,0.638136008,0.638136008,0.638136008,0.638136008,0.638136008,0.638136008,0.638136008,0.638136008,0.638136008,0.638136008,0.638136008,0.638136008,0.539961237,0.539961237,0.539961237,0.539961237,0.539961237,0.539961237,0.539961237,0.539961237,0.539961237,0.441786467,0.441786467,0.441786467,0.441786467,0.441786467,0.343611696,0.343611696,0.343611696,0.343611696,0.245436926,0.245436926,0.245436926,0.245436926,0.245436926,0.245436926,0.245436926,0.147262156,0.147262156,0.147262156,0.147262156,0.147262156,0.147262156,0.147262156,0.0490873852,0.0490873852,0.147262156,0.147262156,0.147262156,0.147262156,0.245436926,0.245436926,0.343611696,0.343611696,0.441786467,0.441786467,0.539961237,0.539961237,0.539961237,0.539961237,0.638136008,0.638136008,0.638136008,0.638136008,0.638136008,0.638136008,0.638136008,0.638136008,0.539961237,0.539961237,0.539961237,0.539961237,0.539961237,0.539961237,0.539961237,0.539961237,0.539961237,0.441786467,0.539961237,0.441786467,0.539961237,0.441786467,0.441786467,0.441786467,0.441786467,0.441786467,0.441786467,0.441786467
54.870012999,C01,AP01,client_to_ap,VHT,2,2,2,80,SU,1,4,122,6637c97e16e6ce8a,0.834485549,0.834485549,0.834485549,0.834485549,0.834485549,0.834485549,0.834485549,0.834485549,0.834485549,0.834485549,0.834485549,0.736310778,0.736310778,0.736310778,0.736310778,0.736310778,0.736310778,0.736310778,0.736310778,0.736310778,0.736310778,0.736310778,0.736310778,0.736310778,0.736310778,0.736310778,0.736310778,0.736310778,0.736310778,0.736310778,0.638136008,0.638136008,0.638136008,0.638136008,0.638136008,0.638136008,0.638136008,0.638136008,0.638136008,0.638136008,0.638136008,0.638136008,0.638136008,0.638136008,0.638136008,0.638136008,0.638136008,0.539961237,0.539961237,0.539961237,0.539961237,0.539961237,0.539961237,0.539961237,0.539961237,0.441786467,0.441786467,0.441786467,0.441786467,0.441786467,0.343611696,0.343611696,0.343611696,0.343611696,0.245436926,0.245436926,0.245436926,0.245436926,0.245436926,0.245436926,0.147262156,0.147262156,0.147262156,0.147262156,0.147262156,0.147262156,0.147262156,0.147262156,0.0490873852,0.0490873852,0.0490873852,0.147262156,0.147262156,0.147262156,0.245436926,0.245436926,0.343611696,0.343611696,0.441786467,0.441786467,0.539961237,0.539961237,0.539961237,0.539961237,0.638136008,0.638136008,0.638136008,0.638136008,0.638136008,0.638136008,0.638136008,0.638136008,0.638136008,0.539961237,0.539961237,0.539961237,0.539961237,0.539961237,0.539961237,0.539961237,0.539961237,0.539961237,0.539961237,0.441786467,0.539961237,0.441786467,0.441786467,0.441786467,0.441786467,0.441786467,0.441786467,0.441786467
56.201987028,C01,AP01,client_to_ap,VHT,2,2,2,80,SU,1,4,122,6637c97e16e6ce8a,0.834485549,0.834485549,0.834485549,0.834485549,0.834485549,0.834485549,0.834485549,0.834485549,0.834485549,0.834485549,0.834485549,0.736310778,0.736310778,0.736310778,0.736310778,0.736310778,0.736310778,0.736310778,0.736310778,0.736310778,0.736310778,0.736310778,0.736310778,0.736310778,0.736310778,0.736310778,0.736310778,0.736310778,0.736310778,0.736310778,0.736310778,0.638136008,0.638136008,0.638136008,0.638136008,0.638136008,0.638136008,0.638136008,0.638136008,0.638136008,0.638136008,0.638136008,0.638136008,0.638136008,0.638136008,0.638136008,0.638136008,0.539961237,0.539961237,0.539961237,0.539961237,0.539961237,0.539961237,0.539961237,0.539961237,0.441786467,0.441786467,0.441786467,0.441786467,0.441786467,0.343611696,0.343611696,0.343611696,0.343611696,0.245436926,0.245436926,0.245436926,0.245436926,0.245436926,0.245436926,0.245436926,0.147262156,0.147262156,0.147262156,0.147262156,0.147262156,0.147262156,0.147262156,0.0490873852,0.0490873852,0.147262156,0.147262156,0.147262156,0.147262156,0.245436926,0.245436926,0.343611696,0.343611696,0.441786467,0.441786467,0.539961237,0.539961237,0.539961237,0.638136008,0.638136008,0.638136008,0.638136008,0.638136008,0.638136008,0.638136008,0.539961237,0.638136008,0.638136008,0.539961237,0.539961237,0.539961237,0.539961237,0.539961237,0.539961237,0.539961237,0.539961237,0.539961237,0.441786467,0.441786467,0.539961237,0.441786467,0.441786467,0.441786467,0.441786467,0.441786467,0.441786467,0.441786467
57.534093142,C01,AP01,client_to_ap,VHT,2,2,2,80,SU,1,4,122,6637c97e16e6ce8a,0.834485549,0.834485549,0.834485549,0.834485549,0.834485549,0.834485549,0.834485549,0.834485549,0.834485549,0.834485549,0.834485549,0.834485549,0.834485549,0.736310778,0.736310778,0.736310778,0.736310778,0.736310778,0.736310778,0.736310778,0.736310778,0.736310778,0.736310778,0.736310778,0.736310778,0.736310778,0.736310778,0.736310778,0.736310778,0.736310778,0.736310778,0.638136008,0.638136008,0.638136008,0.638136008,0.638136008,0.638136008,0.638136008,0.638136008,0.638136008,0.638136008,0.638136008,0.638136008,0.638136008,0.638136008,0.638136008,0.638136008,0.539961237,0.539961237,0.539961237,0.539961237,0.539961237,0.539961237,0.539961237,0.539961237,0.539961237,0.441786467,0.441786467,0.441786467,0.441786467,0.343611696,0.343611696,0.343611696,0.343611696,0.245436926,0.245436926,0.245436926,0.245436926,0.245436926,0.245436926,0.245436926,0.147262156,0.147262156,0.147262156,0.147262156,0.147262156,0.147262156,0.147262156,0.0490873852,0.0490873852,0.0490873852,0.147262156,0.147262156,0.147262156,0.245436926,0.245436926,0.343611696,0.343611696,0.441786467,0.441786467,0.539961237,0.539961237,0.638136008,0.638136008,0.638136008,0.638136008,0.638136008,0.638136008,0.638136008,0.638136008,0.638136008,0.638136008,0.638136008,0.539961237,0.539961237,0.539961237,0.539961237,0.539961237,0.539961237,0.539961237,0.539961237,0.539961237,0.539961237,0.539961237,0.539961237,0.441786467,0.539961237,0.539961237,0.441786467,0.441786467,0.441786467,0.441786467
58.870113134,C01,AP01,client_to_ap,VHT,2,2,2,80,SU,1,4,122,6637c97e16e6ce8a,0.834485549,0.834485549,0.834485549,0.834485549,0.834485549,0.834485549,0.834485549,0.834485549,0.834485549,0.834485549,0.834485549,0.834485549,0.834485549,0.736310778,0.736310778,0.736310778,0.736310778,0.736310778,0.736310778,0.736310778,0.736310778,0.736310778,0.736310778,0.736310778,0.736310778,0.736310778,0.736310778,0.736310778,0.736310778,0.736310778,0.736310778,0.736310778,0.638136008,0.638136008,0.638136008,0.638136008,0.638136008,0.638136008,0.638136008,0.638136008,0.638136008,0.638136008,0.638136008,0.638136008,0.638136008,0.638136008,0.638136008,0.539961237,0.539961237,0.539961237,0.539961237,0.539961237,0.539961237,0.539961237,0.539961237,0.539961237,0.441786467,0.441786467,0.441786467,0.441786467,0.441786467,0.343611696,0.343611696,0.343611696,0.245436926,0.245436926,0.245436926,0.245436926,0.245436926,0.245436926,0.245436926,0.147262156,0.147262156,0.147262156,0.147262156,0.147262156,0.147262156,0.147262156,0.0490873852,0.0490873852,0.0490873852,0.147262156,0.147262156,0.147262156,0.245436926,0.245436926,0.343611696,0.343611696,0.441786467,0.441786467,0.539961237,0.539961237,0.638136008,0.638136008,0.638136008,0.638136008,0.638136008,0.638136008,0.638136008,0.638136008,0.638136008,0.638136008,0.638136008,0.539961237,0.539961237,0.539961237,0.539961237,0.539961237,0.539961237,0.539961237,0.539961237,0.539961237,0.539961237,0.539961237,0.539961237,0.539961237,0.441786467,0.441786467,0.441786467,0.441786467,0.441786467,0.441786467
60.202006102,C01,AP01,client_to_ap,VHT,2,2,2,80,SU,1,4,122,6637c97e16e6ce8a,0.834485549,0.834485549,0.834485549,0.834485549,0.834485549,0.834485549,0.834485549,0.834485549,0.834485549,0.834485549,0.834485549,0.736310778,0.834485549,0.736310778,0.736310778,0.736310778,0.736310778,0.736310778,0.736310778,0.736310778,0.736310778,0.736310778,0.736310778,0.736310778,0.736310778,0.736310778,0.736310778,0.736310778,0.736310778,0.736310778,0.736310778,0.638136008,0.638136008,0.638136008,0.638136008,0.638136008,0.638136008,0.638136008,0.638136008,0.638136008,0.638136008,0.638136008,0.638136008,0.638136008,0.638136008,0.638136008,0.638136008,0.539961237,0.539961237,0.539961237,0.539961237,0.539961237,0.539961237,0.539961237,0.539961237,0.441786467,0.441786467,0.441786467,0.441786467,0.441786467,0.343611696,0.343611696,0.343611696,0.343611696,0.245436926,0.245436926,0.245436926,0.245436926,0.245436926,0.245436926,0.245436926,0.245436926,0.147262156,0.147262156,0.147262156,0.147262156,0.147262156,0.147262156,0.0490873852,0.147262156,0.147262156,0.147262156,0.147262156,0.147262156,0.245436926,0.245436926,0.343611696,0.343611696,0.441786467,0.441786467,0.539961237,0.539961237,0.539961237,0.539961237,0.638136008,0.638136008,0.638136008,0.638136008,0.638136008,0.638136008,0.638136008,0.638136008,0.539961237,0.539961237,0.539961237,0.539961237,0.539961237,0.539961237,0.539961237,0.539961237,0.539961237,0.539961237,0.539961237,0.539961237,0.539961237,0.539961237,0.441786467,0.441786467,0.441786467,0.441786467,0.441786467,0.441786467
61.533501148,C01,AP01,client_to_ap,VHT,2,2,2,80,SU,1,4,122,6637c97e16e6ce8a,0.834485549,0.834485549,0.834485549,0.834485549,0.834485549,0.834485549,0.834485549,0.834485549,0.834485549,0.834485549,0.736310778,0.736310778,0.736310778,0.736310778,0.736310778,0.736310778,0.736310778,0.736310778,0.736310778,0.736310778,0.736310778,0.736310778,0.736310778,0.736310778,0.736310778,0.736310778,0.736310778,0.736310778,0.736310778,0.736310778,0.638136008,0.638136008,0.638136008,0.638136008,0.638136008,0.638136008,0.638136008,0.638136008,0.638136008,0.638136008,0.638136008,0.638136008,0.638136008,0.638136008,0.638136008,0.638136008,0.638136008,0.539961237,0.539961237,0.539961237,0.539961237,0.539961237,0.539961237,0.539961237,0.539961237,0.539961237,0.441786467,0.441786467,0.441786467,0.441786467,0.343611696,0.343611696,0.343611696,0.343611696,0.245436926,0.245436926,0.245436926,0.245436926,0.245436926,0.245436926,0.245436926,0.147262156,0.147262156,0.147262156,0.147262156,0.147262156,0.147262156,0.0490873852,0.0490873852,0.0490873852,0.0490873852,0.147262156,0.147262156,0.147262156,0.245436926,0.245436926,0.343611696,0.343611696,0.441786467,0.441786467,0.539961237,0.539961237,0.539961237,0.638136008,0.638136008,0.638136008,0.638136008,0.638136008,0.638136008,0.638136008,0.638136008,0.638136008,0.638136008,0.539961237,0.539961237,0.539961237,0.539961237,0.539961237,0.539961237,0.539961237,0.539961237,0.539961237,0.539961237,0.539961237,0.441786467,0.539961237,0.539961237,0.441786467,0.441786467,0.441786467,0.441786467,0.441786467
62.862004042,C01,AP01,client_to_ap,VHT,2,2,2,80,SU,1,4,122,6637c97e16e6ce8a,0.834485549,0.834485549,0.834485549,0.834485549,0.834485549,0.834485549,0.834485549,0.834485549,0.834485549,0.834485549,0.834485549,0.834485549,0.834485549,0.834485549,0.736310778,0.736310778,0.736310778,0.736310778,0.736310778,0.736310778,0.736310778,0.736310778,0.736310778,0.736310778,0.736310778,0.736310778,0.736310778,0.736310778,0.736310778,0.736310778,0.736310778,0.638136008,0.638136008,0.638136008,0.638136008,0.638136008,0.638136008,0.638136008,0.638136008,0.638136008,0.638136008,0.638136008,0.638136008,0.638136008,0.638136008,0.638136008,0.638136008,0.539961237,0.539961237,0.539961237,0.539961237,0.539961237,0.539961237,0.539961237,0.539961237,0.539961237,0.441786467,0.441786467,0.441786467,0.441786467,0.343611696,0.343611696,0.343611696,0.343611696,0.343611696,0.245436926,0.245436926,0.245436926,0.245436926,0.245436926,0.245436926,0.147262156,0.147262156,0.147262156,0.147262156,0.147262156,0.147262156,0.147262156,0.0490873852,0.147262156,0.147262156,0.147262156,0.147262156,0.245436926,0.245436926,0.245436926,0.343611696,0.441786467,0.441786467,0.539961237,0.539961237,0.539961237,0.638136008,0.638136008,0.638136008,0.638136008,0.638136008,0.638136008,0.638136008,0.638136008,0.638136008,0.638136008,0.638136008,0.539961237,0.539961237,0.539961237,0.539961237,0.539961237,0.539961237,0.539961237,0.539961237,0.539961237,0.539961237,0.539961237,0.539961237,0.539961237,0.441786467,0.441786467,0.441786467,0.441786467,0.441786467,0.441786467
64.191799164,C01,AP01,client_to_ap,VHT,2,2,2,80,SU,1,4,122,6637c97e16e6ce8a,0.834485549,0.834485549,0.834485549,0.834485549,0.834485549,0.834485549,0.834485549,0.834485549,0.834485549,0.834485549,0.834485549,0.736310778,0.834485549,0.736310778,0.736310778,0.736310778,0.736310778,0.736310778,0.736310778,0.736310778,0.736310778,0.736310778,0.736310778,0.736310778,0.736310778,0.736310778,0.736310778,0.736310778,0.736310778,0.736310778,0.638136008,0.638136008,0.638136008,0.638136008,0.638136008,0.638136008,0.638136008,0.638136008,0.638136008,0.638136008,0.638136008,0.638136008,0.638136008,0.638136008,0.638136008,0.638136008,0.638136008,0.539961237,0.539961237,0.539961237,0.539961237,0.539961237,0.539961237,0.539961237,0.539961237,0.539961237,0.441786467,0.441786467,0.441786467,0.441786467,0.343611696,0.343611696,0.343611696,0.343611696,0.245436926,0.245436926,0.245436926,0.245436926,0.245436926,0.245436926,0.245436926,0.147262156,0.147262156,0.147262156,0.147262156,0.147262156,0.147262156,0.147262156,0.0490873852,0.0490873852,0.0490873852,0.147262156,0.147262156,0.147262156,0.245436926,0.245436926,0.343611696,0.343611696,0.441786467,0.441786467,0.539961237,0.539961237,0.539961237,0.638136008,0.638136008,0.638136008,0.638136008,0.638136008,0.638136008,0.638136008,0.638136008,0.638136008,0.638136008,0.539961237,0.539961237,0.539961237,0.539961237,0.539961237,0.539961237,0.539961237,0.539961237,0.539961237,0.539961237,0.539961237,0.539961237,0.539961237,0.441786467,0.441786467,0.441786467,0.441786467,0.441786467,0.441786467
65.523030996,C01,AP01,client_to_ap,VHT,2,2,2,80,SU,1,4,122,6637c97e16e6ce8a,0.834485549,0.834485549,0.834485549,0.834485549,0.834485549,0.834485549,0.834485549,0.834485549,0.834485549,0.834485549,0.834485549,0.834485549,0.834485549,0.736310778,0.736310778,0.736310778,0.736310778,0.736310778,0.736310778,0.736310778,0.736310778,0.736310778,0.736310778,0.736310778,0.736310778,0.736310778,0.736310778,0.736310778,0.736310778,0.736310778,0.736310778,0.638136008,0.638136008,0.638136008,0.638136008,0.638136008,0.638136008,0.638136008,0.638136008,0.638136008,0.638136008,0.638136008,0.638136008,0.638136008,0.638136008,0.638136008,0.539961237,0.539961237,0.539961237,0.539961237,0.539961237,0.539961237,0.539961237,0.539961237,0.539961237,0.539961237,0.441786467,0.441786467,0.441786467,0.441786467,0.343611696,0.343611696,0.343611696,0.343611696,0.245436926,0.245436926,0.245436926,0.245436926,0.245436926,0.245436926,0.147262156,0.147262156,0.147262156,0.147262156,0.147262156,0.147262156,0.147262156,0.0490873852,0.0490873852,0.0490873852,0.147262156,0.147262156,0.147262156,0.147262156,0.245436926,0.245436926,0.343611696,0.343611696,0.441786467,0.441786467,0.539961237,0.539961237,0.539961237,0.638136008,0.638136008,0.638136008,0.638136008,0.638136008,0.638136008,0.638136008,0.638136008,0.638136008,0.638136008,0.539961237,0.539961237,0.539961237,0.539961237,0.539961237,0.539961237,0.539961237,0.539961237,0.539961237,0.441786467,0.539961237,0.539961237,0.441786467,0.441786467,0.441786467,0.441786467,0.441786467,0.441786467,0.441786467
66.851456165,C01,AP01,client_to_ap,VHT,2,2,2,80,SU,1,4,122,6637c97e16e6ce8a,0.834485549,0.834485549,0.834485549,0.834485549,0.834485549,0.834485549,0.834485549,0.834485549,0.834485549,0.736310778,0.736310778,0.736310778,0.736310778,0.736310778,0.736310778,0.736310778,0.736310778,0.736310778,0.736310778,0.736310778,0.736310778,0.736310778,0.736310778,0.736310778,0.736310778,0.736310778,0.736310778,0.736310778,0.736310778,0.736310778,0.638136008,0.638136008,0.638136008,0.638136008,0.638136008,0.638136008,0.638136008,0.638136008,0.638136008,0.638136008,0.638136008,0.539961237,0.638136008,0.539961237,0.539961237,0.539961237,0.539961237,0.539961237,0.539961237,0.539961237,0.539961237,0.539961237,0.539961237,0.539961237,0.441786467,0.441786467,0.441786467,0.441786467,0.441786467,0.441786467,0.343611696,0.343611696,0.343611696,0.343611696,0.245436926,0.245436926,0.245436926,0.245436926,0.245436926,0.147262156,0.147262156,0.147262156,0.147262156,0.147262156,0.147262156,0.0490873852,0.0490873852,0.0490873852,0.0490873852,0.0490873852,0.0490873852,0.147262156,0.147262156,0.245436926,0.245436926,0.245436926,0.343611696,0.343611696,0.441786467,0.441786467,0.539961237,0.539961237,0.539961237,0.539961237,0.638136008,0.638136008,0.638136008,0.638136008,0.638136008,0.638136008,0.539961237,0.539961237,0.539961237,0.539961237,0.539961237,0.539961237,0.539961237,0.539961237,0.539961237,0.539961237,0.539961237,0.539961237,0.441786467,0.441786467,0.441786467,0.441786467,0.441786467,0.441786467,0.441786467,0.441786467,0.441786467,0.441786467
68.181451082,C01,AP01,client_to_ap,VHT,2,2,2,80,SU,1,4,122,6637c97e16e6ce8a,0.834485549,0.834485549,0.834485549,0.834485549,0.834485549,0.834485549,0.834485549,0.834485549,0.834485549,0.834485549,0.834485549,0.834485549,0.834485549,0.736310778,0.736310778,0.736310778,0.736310778,0.736310778,0.736310778,0.736310778,0.736310778,0.736310778,0.736310778,0.736310778,0.736310778,0.736310778,0.736310778,0.736310778,0.736310778,0.736310778,0.736310778,0.638136008,0.638136008,0.638136008,0.638136008,0.638136008,0.638136008,0.638136008,0.638136008,0.638136008,0.638136008,0.638136008,0.638136008,0.638136008,0.638136008,0.638136008,0.638136008,0.539961237,0.539961237,0.539961237,0.539961237,0.539961237,0.539961237,0.539961237,0.539961237,0.441786467,0.441786467,0.441786467,0.441786467,0.441786467,0.343611696,0.343611696,0.343611696,0.343611696,0.245436926,0.245436926,0.245436926,0.245436926,0.245436926,0.245436926,0.147262156,0.147262156,0.147262156,0.147262156,0.147262156,0.147262156,0.147262156,0.147262156,0.0490873852,0.0490873852,0.147262156,0.147262156,0.147262156,0.147262156,0.245436926,0.245436926,0.343611696,0.343611696,0.441786467,0.441786467,0.441786467,0.539961237,0.539961237,0.638136008,0.638136008,0.638136008,0.638136008,0.638136008,0.638136008,0.638136008,0.638136008,0.638136008,0.638136008,0.539961237,0.539961237,0.539961237,0.539961237,0.539961237,0.539961237,0.539961237,0.539961237,0.539961237,0.539961237,0.539961237,0.441786467,0.441786467,0.441786467,0.441786467,0.441786467,0.441786467,0.441786467,0.441786467
69.513214111,C01,AP01,client_to_ap,VHT,2,2,2,80,SU,1,4,122,6637c97e16e6ce8a,0.834485549,0.834485549,0.834485549,0.834485549,0.834485549,0.834485549,0.834485549,0.834485549,0.834485549,0.834485549,0.834485549,0.834485549,0.736310778,0.736310778,0.736310778,0.736310778,0.736310778,0.736310778,0.736310778,0.736310778,0.736310778,0.736310778,0.736310778,0.736310778,0.736310778,0.736310778,0.736310778,0.736310778,0.736310778,0.736310778,0.736310778,0.638136008,0.638136008,0.638136008,0.638136008,0.638136008,0.638136008,0.638136008,0.638136008,0.638136008,0.638136008,0.638136008,0.638136008,0.638136008,0.638136008,0.638136008,0.638136008,0.539961237,0.539961237,0.539961237,0.539961237,0.539961237,0.539961237,0.539961237,0.539961237,0.441786467,0.441786467,0.441786467,0.441786467,0.441786467,0.343611696,0.343611696,0.343611696,0.343611696,0.343611696,0.245436926,0.245436926,0.245436926,0.245436926,0.245436926,0.147262156,0.147262156,0.147262156,0.147262156,0.147262156,0.147262156,0.147262156,0.147262156,0.0490873852,0.0490873852,0.0490873852,0.147262156,0.147262156,0.147262156,0.245436926,0.245436926,0.343611696,0.343611696,0.441786467,0.441786467,0.539961237,0.539961237,0.539961237,0.638136008,0.638136008,0.638136008,0.638136008,0.638136008,0.638136008,0.638136008,0.638136008,0.638136008,0.638136008,0.539961237,0.539961237,0.539961237,0.539961237,0.539961237,0.539961237,0.539961237,0.539961237,0.539961237,0.539961237,0.539961237,0.539961237,0.441786467,0.441786467,0.441786467,0.441786467,0.441786467,0.441786467,0.441786467
70.849473000,C01,AP01,client_to_ap,VHT,2,2,2,80,SU,1,4,122,6637c97e16e6ce8a,0.834485549,0.834485549,0.834485549,0.834485549,0.834485549,0.834485549,0.834485549,0.834485549,0.834485549,0.834485549,0.834485549,0.834485549,0.834485549,0.736310778,0.736310778,0.736310778,0.736310778,0.736310778,0.736310778,0.736310778,0.736310778,0.736310778,0.736310778,0.736310778,0.736310778,0.736310778,0.736310778,0.736310778,0.736310778,0.736310778,0.736310778,0.736310778,0.638136008,0.638136008,0.638136008,0.638136008,0.638136008,0.638136008,0.638136008,0.638136008,0.638136008,0.638136008,0.638136008,0.638136008,0.638136008,0.638136008,0.638136008,0.539961237,0.539961237,0.539961237,0.539961237,0.539961237,0.539961237,0.539961237,0.539961237,0.441786467,0.441786467,0.441786467,0.441786467,0.441786467,0.343611696,0.343611696,0.343611696,0.343611696,0.245436926,0.245436926,0.245436926,0.245436926,0.245436926,0.245436926,0.245436926,0.147262156,0.147262156,0.147262156,0.147262156,0.147262156,0.147262156,0.147262156,0.0490873852,0.0490873852,0.0490873852,0.147262156,0.147262156,0.147262156,0.245436926,0.245436926,0.343611696,0.343611696,0.441786467,0.441786467,0.539961237,0.539961237,0.539961237,0.638136008,0.638136008,0.638136008,0.638136008,0.638136008,0.638136008,0.638136008,0.638136008,0.638136008,0.539961237,0.539961237,0.539961237,0.539961237,0.539961237,0.539961237,0.539961237,0.539961237,0.539961237,0.539961237,0.539961237,0.539961237,0.539961237,0.441786467,0.441786467,0.441786467,0.441786467,0.441786467,0.441786467,0.441786467
72.181066036,C01,AP01,client_to_ap,VHT,2,2,2,80,SU,1,4,122,6637c97e16e6ce8a,0.834485549,0.834485549,0.834485549,0.834485549,0.834485549,0.834485549,0.834485549,0.834485549,0.834485549,0.834485549,0.834485549,0.834485549,0.736310778,0.736310778,0.736310778,0.736310778,0.736310778,0.736310778,0.736310778,0.736310778,0.736310778,0.736310778,0.736310778,0.736310778,0.736310778,0.736310778,0.736310778,0.736310778,0.736310778,0.736310778,0.736310778,0.638136008,0.638136008,0.638136008,0.638136008,0.638136008,0.638136008,0.638136008,0.638136008,0.638136008,0.638136008,0.638136008,0.638136008,0.638136008,0.638136008,0.638136008,0.638136008,0.539961237,0.539961237,0.539961237,0.539961237,0.539961237,0.539961237,0.539961237,0.539961237,0.441786467,0.441786467,0.441786467,0.441786467,0.441786467,0.343611696,0.343611696,0.343611696,0.343611696,0.343611696,0.245436926,0.245436926,0.245436926,0.245436926,0.245436926,0.147262156,0.147262156,0.147262156,0.147262156,0.147262156,0.147262156,0.147262156,0.147262156,0.0490873852,0.147262156,0.147262156,0.147262156,0.147262156,0.147262156,0.245436926,0.245436926,0.343611696,0.343611696,0.441786467,0.441786467,0.539961237,0.539961237,0.539961237,0.638136008,0.638136008,0.638136008,0.638136008,0.638136008,0.638136008,0.638136008,0.638136008,0.638136008,0.638136008,0.539961237,0.539961237,0.539961237,0.539961237,0.539961237,0.539961237,0.539961237,0.539961237,0.539961237,0.539961237,0.539961237,0.539961237,0.539961237,0.441786467,0.441786467,0.441786467,0.441786467,0.441786467,0.441786467
73.513266087,C01,AP01,client_to_ap,VHT,2,2,2,80,SU,1,4,122,6637c97e16e6ce8a,0.834485549,0.834485549,0.834485549,0.834485549,0.834485549,0.834485549,0.834485549,0.834485549,0.834485549,0.834485549,0.834485549,0.834485549,0.834485549,0.736310778,0.736310778,0.736310778,0.736310778,0.736310778,0.736310778,0.736310778,0.736310778,0.736310778,0.736310778,0.736310778,0.736310778,0.736310778,0.736310778,0.736310778,0.736310778,0.736310778,0.736310778,0.736310778,0.638136008,0.638136008,0.638136008,0.638136008,0.638136008,0.638136008,0.638136008,0.638136008,0.638136008,0.638136008,0.638136008,0.638136008,0.638136008,0.638136008,0.638136008,0.539961237,0.539961237,0.539961237,0.539961237,0.539961237,0.539961237,0.539961237,0.539961237,0.441786467,0.441786467,0.441786467,0.441786467,0.441786467,0.343611696,0.343611696,0.343611696,0.343611696,0.245436926,0.245436926,0.245436926,0.245436926,0.245436926,0.245436926,0.245436926,0.245436926,0.147262156,0.147262156,0.147262156,0.147262156,0.147262156,0.147262156,0.0490873852,0.0490873852,0.147262156,0.147262156,0.147262156,0.147262156,0.245436926,0.245436926,0.343611696,0.343611696,0.441786467,0.441786467,0.539961237,0.539961237,0.539961237,0.638136008,0.638136008,0.638136008,0.638136008,0.638136008,0.638136008,0.638136008,0.638136008,0.638136008,0.638136008,0.539961237,0.539961237,0.539961237,0.539961237,0.539961237,0.539961237,0.539961237,0.539961237,0.539961237,0.539961237,0.441786467,0.539961237,0.441786467,0.441786467,0.441786467,0.441786467,0.441786467,0.441786467,0.441786467
74.849574089,C01,AP01,client_to_ap,VHT,2,2,2,80,SU,1,4,122,6637c97e16e6ce8a,0.834485549,0.834485549,0.834485549,0.834485549,0.834485549,0.834485549,0.834485549,0.834485549,0.834485549,0.834485549,0.834485549,0.834485549,0.834485549,0.736310778,0.736310778,0.736310778,0.736310778,0.736310778,0.736310778,0.736310778,0.736310778,0.736310778,0.736310778,0.736310778,0.736310778,0.736310778,0.736310778,0.736310778,0.736310778,0.736310778,0.736310778,0.736310778,0.638136008,0.638136008,0.638136008,0.638136008,0.638136008,0.638136008,0.638136008,0.638136008,0.638136008,0.638136008,0.638136008,0.638136008,0.638136008,0.638136008,0.638136008,0.539961237,0.539961237,0.539961237,0.539961237,0.539961237,0.539961237,0.539961237,0.539961237,0.539961237,0.441786467,0.441786467,0.441786467,0.441786467,0.343611696,0.343611696,0.343611696,0.343611696,0.245436926,0.245436926,0.245436926,0.245436926,0.245436926,0.245436926,0.245436926,0.245436926,0.147262156,0.147262156,0.147262156,0.147262156,0.147262156,0.147262156,0.147262156,0.0490873852,0.0490873852,0.147262156,0.147262156,0.147262156,0.245436926,0.245436926,0.343611696,0.343611696,0.441786467,0.441786467,0.539961237,0.539961237,0.638136008,0.638136008,0.638136008,0.638136008,0.638136008,0.638136008,0.638136008,0.638136008,0.638136008,0.638136008,0.638136008,0.539961237,0.539961237,0.539961237,0.539961237,0.539961237,0.539961237,0.539961237,0.539961237,0.539961237,0.539961237,0.539961237,0.539961237,0.441786467,0.441786467,0.441786467,0.441786467,0.441786467,0.441786467,0.441786467
76.181349039,C01,AP01,client_to_ap,VHT,2,2,2,80,SU,1,4,122,6637c97e16e6ce8a,0.834485549,0.834485549,0.834485549,0.834485549,0.834485549,0.834485549,0.834485549,0.834485549,0.834485549,0.834485549,0.834485549,0.834485549,0.834485549,0.736310778,0.736310778,0.736310778,0.736310778,0.736310778,0.736310778,0.736310778,0.736310778,0.736310778,0.736310778,0.736310778,0.736310778,0.736310778,0.736310778,0.736310778,0.736310778,0.736310778,0.638136008,0.736310778,0.638136008,0.638136008,0.638136008,0.638136008,0.638136008,0.638136008,0.638136008,0.638136008,0.638136008,0.638136008,0.638136008,0.638136008,0.638136008,0.638136008,0.638136008,0.539961237,0.539961237,0.539961237,0.539961237,0.539961237,0.539961237,0.539961237,0.539961237,0.441786467,0.441786467,0.441786467,0.441786467,0.441786467,0.343611696,0.343611696,0.343611696,0.343611696,0.343611696,0.245436926,0.245436926,0.245436926,0.245436926,0.245436926,0.245436926,0.147262156,0.147262156,0.147262156,0.147262156,0.147262156,0.147262156,0.0490873852,0.0490873852,0.147262156,0.0490873852,0.147262156,0.147262156,0.147262156,0.245436926,0.245436926,0.343611696,0.343611696,0.441786467,0.441786467,0.539961237,0.539961237,0.638136008,0.638136008,0.638136008,0.638136008,0.638136008,0.638136008,0.638136008,0.638136008,0.638136008,0.638136008,0.638136008,0.539961237,0.539961237,0.539961237,0.539961237,0.539961237,0.539961237,0.539961237,0.539961237,0.539961237,0.441786467,0.539961237,0.539961237,0.441786467,0.441786467,0.441786467,0.441786467,0.441786467,0.441786467,0.441786467
77.513364077,C01,AP01,client_to_ap,VHT,2,2,2,80,SU,1,4,122,6637c97e16e6ce8a,0.834485549,0.834485549,0.834485549,0.834485549,0.834485549,0.834485549,0.834485549,0.834485549,0.834485549,0.834485549,0.834485549,0.834485549,0.834485549,0.736310778,0.736310778,0.736310778,0.736310778,0.736310778,0.736310778,0.736310778,0.736310778,0.736310778,0.736310778,0.736310778,0.736310778,0.736310778,0.736310778,0.736310778,0.736310778,0.736310778,0.638136008,0.736310778,0.638136008,0.638136008,0.638136008,0.638136008,0.638136008,0.638136008,0.638136008,0.638136008,0.638136008,0.638136008,0.638136008,0.638136008,0.638136008,0.638136008,0.638136008,0.539961237,0.539961237,0.539961237,0.539961237,0.539961237,0.539961237,0.539961237,0.539961237,0.441786467,0.441786467,0.441786467,0.441786467,0.441786467,0.441786467,0.343611696,0.343611696,0.343611696,0.245436926,0.245436926,0.245436926,0.245436926,0.245436926,0.245436926,0.245436926,0.245436926,0.147262156,0.147262156,0.147262156,0.147262156,0.147262156,0.147262156,0.0490873852,0.0490873852,0.0490873852,0.147262156,0.147262156,0.147262156,0.245436926,0.245436926,0.343611696,0.343611696,0.441786467,0.441786467,0.539961237,0.539961237,0.638136008,0.638136008,0.638136008,0.638136008,0.638136008,0.638136008,0.638136008,0.638136008,0.638136008,0.638136008,0.638136008,0.539961237,0.539961237,0.539961237,0.539961237,0.539961237,0.539961237,0.539961237,0.539961237,0.539961237,0.539961237,0.539961237,0.539961237,0.441786467,0.441786467,0.441786467,0.441786467,0.441786467,0.441786467,0.441786467
78.849447012,C01,AP01,client_to_ap,VHT,2,2,2,80,SU,1,4,122,6637c97e16e6ce8a,0.834485549,0.834485549,0.834485549,0.834485549,0.834485549,0.834485549,0.834485549,0.834485549,0.834485549,0.834485549,0.834485549,0.834485549,0.834485549,0.736310778,0.736310778,0.736310778,0.736310778,0.736310778,0.736310778,0.736310778,0.736310778,0.736310778,0.736310778,0.736310778,0.736310778,0.736310778,0.736310778,0.736310778,0.736310778,0.736310778,0.638136008,0.638136008,0.638136008,0.638136008,0.638136008,0.638136008,0.638136008,0.638136008,0.638136008,0.638136008,0.638136008,0.638136008,0.638136008,0.638136008,0.638136008,0.638136008,0.638136008,0.539961237,0.539961237,0.539961237,0.539961237,0.539961237,0.539961237,0.539961237,0.539961237,0.441786467,0.441786467,0.441786467,0.441786467,0.441786467,0.343611696,0.343611696,0.343611696,0.343611696,0.245436926,0.245436926,0.245436926,0.245436926,0.245436926,0.245436926,0.245436926,0.147262156,0.147262156,0.147262156,0.147262156,0.147262156,0.147262156,0.0490873852,0.0490873852,0.147262156,0.147262156,0.147262156,0.147262156,0.147262156,0.245436926,0.245436926,0.343611696,0.343611696,0.441786467,0.441786467,0.539961237,0.539961237,0.539961237,0.638136008,0.638136008,0.638136008,0.638136008,0.638136008,0.638136008,0.638136008,0.638136008,0.638136008,0.638136008,0.539961237,0.539961237,0.539961237,0.539961237,0.539961237,0.539961237,0.539961237,0.539961237,0.539961237,0.539961237,0.539961237,0.539961237,0.441786467,0.539961237,0.441786467,0.441786467,0.441786467,0.441786467,0.441786467
80.181673050,C01,AP01,client_to_ap,VHT,2,2,2,80,SU,1,4,122,6637c97e16e6ce8a,0.834485549,0.834485549,0.834485549,0.834485549,0.834485549,0.834485549,0.834485549,0.834485549,0.834485549,0.834485549,0.834485549,0.834485549,0.834485549,0.736310778,0.736310778,0.736310778,0.736310778,0.736310778,0.736310778,0.736310778,0.736310778,0.736310778,0.736310778,0.736310778,0.736310778,0.736310778,0.736310778,0.736310778,0.736310778,0.736310778,0.736310778,0.638136008,0.638136008,0.638136008,0.638136008,0.638136008,0.638136008,0.638136008,0.638136008,0.638136008,0.638136008,0.638136008,0.638136008,0.638136008,0.638136008,0.638136008,0.638136008,0.539961237,0.539961237,0.539961237,0.539961237,0.539961237,0.539961237,0.539961237,0.539961237,0.539961237,0.441786467,0.441786467,0.441786467,0.441786467,0.343611696,0.343611696,0.343611696,0.343611696,0.343611696,0.245436926,0.245436926,0.245436926,0.245436926,0.245436926,0.245436926,0.245436926,0.147262156,0.147262156,0.147262156,0.147262156,0.147262156,0.0490873852,0.147262156,0.0490873852,0.0490873852,0.147262156,0.147262156,0.147262156,0.245436926,0.245436926,0.343611696,0.343611696,0.441786467,0.441786467,0.539961237,0.539961237,0.539961237,0.638136008,0.638136008,0.638136008,0.638136008,0.638136008,0.638136008,0.638136008,0.638136008,0.638136008,0.539961237,0.539961237,0.539961237,0.539961237,0.539961237,0.539961237,0.539961237,0.539961237,0.539961237,0.539961237,0.441786467,0.539961237,0.539961237,0.441786467,0.441786467,0.441786467,0.441786467,0.441786467,0.441786467,0.441786467
81.513772011,C01,AP01,client_to_ap,VHT,2,2,2,80,SU,1,4,122,6637c97e16e6ce8a,0.834485549,0.834485549,0.834485549,0.834485549,0.834485549,0.834485549,0.834485549,0.834485549,0.834485549,0.834485549,0.834485549,0.834485549,0.834485549,0.736310778,0.736310778,0.736310778,0.736310778,0.736310778,0.736310778,0.736310778,0.736310778,0.736310778,0.736310778,0.736310778,0.736310778,0.736310778,0.736310778,0.736310778,0.736310778,0.736310778,0.736310778,0.638136008,0.638136008,0.638136008,0.638136008,0.638136008,0.638136008,0.638136008,0.638136008,0.638136008,0.638136008,0.638136008,0.638136008,0.638136008,0.638136008,0.638136008,0.638136008,0.638136008,0.539961237,0.539961237,0.539961237,0.539961237,0.539961237,0.539961237,0.539961237,0.539961237,0.441786467,0.441786467,0.441786467,0.441786467,0.343611696,0.343611696,0.343611696,0.343611696,0.245436926,0.245436926,0.245436926,0.245436926,0.245436926,0.245436926,0.245436926,0.147262156,0.147262156,0.147262156,0.147262156,0.147262156,0.147262156,0.0490873852,0.0490873852,0.0490873852,0.0490873852,0.147262156,0.147262156,0.147262156,0.245436926,0.245436926,0.343611696,0.343611696,0.441786467,0.441786467,0.539961237,0.539961237,0.638136008,0.638136008,0.638136008,0.638136008,0.638136008,0.638136008,0.638136008,0.638136008,0.638136008,0.638136008,0.539961237,0.539961237,0.539961237,0.539961237,0.539961237,0.539961237,0.539961237,0.539961237,0.539961237,0.539961237,0.539961237,0.441786467,0.539961237,0.441786467,0.441786467,0.441786467,0.441786467,0.441786467,0.441786467,0.441786467
82.849573135,C01,AP01,client_to_ap,VHT,2,2,2,80,SU,1,4,122,6637c97e16e6ce8a,0.834485549,0.834485549,0.834485549,0.834485549,0.834485549,0.834485549,0.834485549,0.834485549,0.834485549,0.834485549,0.834485549,0.834485549,0.834485549,0.736310778,0.736310778,0.736310778,0.736310778,0.736310778,0.736310778,0.736310778,0.736310778,0.736310778,0.736310778,0.736310778,0.736310778,0.736310778,0.736310778,0.736310778,0.736310778,0.736310778,0.638136008,0.638136008,0.638136008,0.638136008,0.638136008,0.638136008,0.638136008,0.638136008,0.638136008,0.638136008,0.638136008,0.638136008,0.638136008,0.638136008,0.638136008,0.638136008,0.638136008,0.638136008,0.539961237,0.539961237,0.539961237,0.539961237,0.539961237,0.539961237,0.539961237,0.441786467,0.441786467,0.441786467,0.441786467,0.441786467,0.441786467,0.343611696,0.343611696,0.343611696,0.245436926,0.245436926,0.245436926,0.245436926,0.245436926,0.245436926,0.245436926,0.147262156,0.147262156,0.147262156,0.147262156,0.147262156,0.147262156,0.0490873852,0.0490873852,0.0490873852,0.0490873852,0.147262156,0.147262156,0.147262156,0.245436926,0.245436926,0.343611696,0.343611696,0.441786467,0.441786467,0.539961237,0.539961237,0.539961237,0.638136008,0.638136008,0.638136008,0.638136008,0.638136008,0.638136008,0.638136008,0.638136008,0.638136008,0.539961237,0.539961237,0.539961237,0.539961237,0.539961237,0.539961237,0.539961237,0.539961237,0.539961237,0.539961237,0.539961237,0.441786467,0.441786467,0.441786467,0.539961237,0.441786467,0.441786467,0.441786467,0.441786467,0.441786467
84.181372166,C01,AP01,client_to_ap,VHT,2,2,2,80,SU,1,4,122,6637c97e16e6ce8a,0.834485549,0.834485549,0.834485549,0.834485549,0.834485549,0.834485549,0.834485549,0.834485549,0.834485549,0.834485549,0.834485549,0.736310778,0.834485549,0.736310778,0.736310778,0.736310778,0.736310778,0.736310778,0.736310778,0.736310778,0.736310778,0.736310778,0.736310778,0.736310778,0.736310778,0.736310778,0.736310778,0.736310778,0.736310778,0.736310778,0.638136008,0.638136008,0.638136008,0.638136008,0.638136008,0.638136008,0.638136008,0.638136008,0.638136008,0.638136008,0.638136008,0.638136008,0.638136008,0.638136008,0.638136008,0.638136008,0.638136008,0.539961237,0.539961237,0.539961237,0.539961237,0.539961237,0.539961237,0.539961237,0.539961237,0.539961237,0.441786467,0.441786467,0.441786467,0.441786467,0.441786467,0.343611696,0.343611696,0.343611696,0.245436926,0.245436926,0.245436926,0.245436926,0.245436926,0.245436926,0.245436926,0.147262156,0.147262156,0.147262156,0.147262156,0.147262156,0.147262156,0.147262156,0.0490873852,0.0490873852,0.0490873852,0.147262156,0.147262156,0.147262156,0.245436926,0.245436926,0.343611696,0.343611696,0.441786467,0.441786467,0.539961237,0.539961237,0.539961237,0.638136008,0.638136008,0.638136008,0.638136008,0.638136008,0.638136008,0.638136008,0.638136008,0.638136008,0.638136008,0.539961237,0.539961237,0.539961237,0.539961237,0.539961237,0.539961237,0.539961237,0.539961237,0.539961237,0.539961237,0.539961237,0.539961237,0.539961237,0.441786467,0.441786467,0.441786467,0.441786467,0.441786467,0.441786467
85.513020992,C01,AP01,client_to_ap,VHT,2,2,2,80,SU,1,4,122,6637c97e16e6ce8a,0.834485549,0.834485549,0.834485549,0.834485549,0.834485549,0.834485549,0.834485549,0.834485549,0.834485549,0.834485549,0.834485549,0.834485549,0.736310778,0.736310778,0.736310778,0.736310778,0.736310778,0.736310778,0.736310778,0.736310778,0.736310778,0.736310778,0.736310778,0.736310778,0.736310778,0.736310778,0.736310778,0.736310778,0.736310778,0.736310778,0.736310778,0.638136008,0.638136008,0.638136008,0.638136008,0.638136008,0.638136008,0.638136008,0.638136008,0.638136008,0.638136008,0.638136008,0.638136008,0.638136008,0.638136008,0.638136008,0.638136008,0.539961237,0.539961237,0.539961237,0.539961237,0.539961237,0.539961237,0.539961237,0.539961237,0.441786467,0.441786467,0.441786467,0.441786467,0.441786467,0.343611696,0.343611696,0.343611696,0.343611696,0.245436926,0.245436926,0.245436926,0.245436926,0.245436926,0.245436926,0.147262156,0.147262156,0.147262156,0.147262156,0.147262156,0.147262156,0.147262156,0.147262156,0.0490873852,0.0490873852,0.147262156,0.147262156,0.147262156,0.147262156,0.245436926,0.245436926,0.343611696,0.441786467,0.441786467,0.441786467,0.539961237,0.539961237,0.539961237,0.638136008,0.638136008,0.638136008,0.638136008,0.638136008,0.638136008,0.638136008,0.638136008,0.638136008,0.638136008,0.539961237,0.539961237,0.539961237,0.539961237,0.539961237,0.539961237,0.539961237,0.539961237,0.539961237,0.441786467,0.539961237,0.539961237,0.441786467,0.441786467,0.441786467,0.441786467,0.441786467,0.441786467,0.441786467
86.849483013,C01,AP01,client_to_ap,VHT,2,2,2,80,SU,1,4,122,6637c97e16e6ce8a,0.834485549,0.834485549,0.834485549,0.834485549,0.834485549,0.834485549,0.834485549,0.834485549,0.834485549,0.834485549,0.834485549,0.736310778,0.834485549,0.736310778,0.736310778,0.736310778,0.736310778,0.736310778,0.736310778,0.736310778,0.736310778,0.736310778,0.736310778,0.736310778,0.736310778,0.736310778,0.736310778,0.736310778,0.736310778,0.736310778,0.736310778,0.638136008,0.638136008,0.638136008,0.638136008,0.638136008,0.638136008,0.638136008,0.638136008,0.638136008,0.638136008,0.638136008,0.638136008,0.638136008,0.638136008,0.638136008,0.638136008,0.539961237,0.539961237,0.539961237,0.539961237,0.539961237,0.539961237,0.539961237,0.539961237,0.441786467,0.441786467,0.441786467,0.441786467,0.441786467,0.441786467,0.343611696,0.343611696,0.343611696,0.245436926,0.245436926,0.245436926,0.245436926,0.245436926,0.245436926,0.245436926,0.147262156,0.147262156,0.147262156,0.147262156,0.147262156,0.147262156,0.147262156,0.0490873852,0.0490873852,0.0490873852,0.147262156,0.147262156,0.147262156,0.245436926,0.245436926,0.343611696,0.343611696,0.441786467,0.441786467,0.539961237,0.539961237,0.539961237,0.638136008,0.638136008,0.638136008,0.638136008,0.638136008,0.638136008,0.638136008,0.638136008,0.638136008,0.638136008,0.539961237,0.539961237,0.539961237,0.539961237,0.539961237,0.539961237,0.539961237,0.539961237,0.539961237,0.539961237,0.539961237,0.539961237,0.441786467,0.441786467,0.441786467,0.441786467,0.441786467,0.441786467,0.441786467
88.180859089,C01,AP01,client_to_ap,VHT,2,2,2,80,SU,1,4,122,6637c97e16e6ce8a,0.834485549,0.834485549,0.834485549,0.834485549,0.834485549,0.834485549,0.834485549,0.834485549,0.834485549,0.834485549,0.834485549,0.736310778,0.834485549,0.736310778,0.736310778,0.736310778,0.736310778,0.736310778,0.736310778,0.736310778,0.736310778,0.736310778,0.736310778,0.736310778,0.736310778,0.736310778,0.736310778,0.736310778,0.736310778,0.736310778,0.736310778,0.638136008,0.638136008,0.638136008,0.638136008,0.638136008,0.638136008,0.638136008,0.638136008,0.638136008,0.638136008,0.638136008,0.638136008,0.638136008,0.638136008,0.638136008,0.638136008,0.539961237,0.539961237,0.539961237,0.539961237,0.539961237,0.539961237,0.539961237,0.539961237,0.441786467,0.441786467,0.441786467,0.441786467,0.441786467,0.343611696,0.343611696,0.343611696,0.343611696,0.245436926,0.245436926,0.245436926,0.245436926,0.245436926,0.245436926,0.245436926,0.147262156,0.147262156,0.147262156,0.147262156,0.147262156,0.147262156,0.0490873852,0.0490873852,0.0490873852,0.0490873852,0.147262156,0.147262156,0.147262156,0.245436926,0.245436926,0.343611696,0.343611696,0.441786467,0.441786467,0.539961237,0.539961237,0.539961237,0.539961237,0.638136008,0.638136008,0.638136008,0.638136008,0.638136008,0.638136008,0.638136008,0.638136008,0.638136008,0.539961237,0.539961237,0.539961237,0.539961237,0.539961237,0.539961237,0.539961237,0.539961237,0.539961237,0.539961237,0.539961237,0.539961237,0.441786467,0.441786467,0.441786467,0.441786467,0.441786467,0.441786467,0.441786467
89.513230085,C01,AP01,client_to_ap,VHT,2,2,2,80,SU,1,4,122,6637c97e16e6ce8a,0.834485549,0.834485549,0.834485549,0.834485549,0.834485549,0.834485549,0.834485549,0.834485549,0.834485549,0.834485549,0.834485549,0.834485549,0.736310778,0.834485549,0.736310778,0.736310778,0.736310778,0.736310778,0.736310778,0.736310778,0.736310778,0.736310778,0.736310778,0.736310778,0.736310778,0.736310778,0.736310778,0.736310778,0.736310778,0.736310778,0.736310778,0.638136008,0.638136008,0.638136008,0.638136008,0.638136008,0.638136008,0.638136008,0.638136008,0.638136008,0.638136008,0.638136008,0.638136008,0.638136008,0.638136008,0.638136008,0.638136008,0.539961237,0.539961237,0.539961237,0.539961237,0.539961237,0.539961237,0.539961237,0.539961237,0.441786467,0.441786467,0.441786467,0.441786467,0.441786467,0.343611696,0.343611696,0.343611696,0.343611696,0.343611696,0.245436926,0.245436926,0.245436926,0.245436926,0.245436926,0.245436926,0.147262156,0.147262156,0.147262156,0.147262156,0.147262156,0.147262156,0.0490873852,0.0490873852,0.0490873852,0.147262156,0.147262156,0.147262156,0.147262156,0.245436926,0.245436926,0.343611696,0.343611696,0.441786467,0.441786467,0.539961237,0.539961237,0.539961237,0.539961237,0.638136008,0.638136008,0.638136008,0.638136008,0.638136008,0.638136008,0.638136008,0.638136008,0.539961237,0.539961237,0.539961237,0.539961237,0.539961237,0.539961237,0.539961237,0.539961237,0.539961237,0.539961237,0.441786467,0.441786467,0.539961237,0.441786467,0.441786467,0.441786467,0.441786467,0.441786467,0.441786467,0.441786467
90.849496126,C01,AP01,client_to_ap,VHT,2,2,2,80,SU,1,4,122,6637c97e16e6ce8a,0.834485549,0.834485549,0.834485549,0.834485549,0.834485549,0.834485549,0.834485549,0.834485549,0.834485549,0.834485549,0.834485549,0.736310778,0.834485549,0.736310778,0.736310778,0.736310778,0.736310778,0.736310778,0.736310778,0.736310778,0.736310778,0.736310778,0.736310778,0.736310778,0.736310778,0.736310778,0.736310778,0.736310778,0.736310778,0.736310778,0.638136008,0.638136008,0.638136008,0.638136008,0.638136008,0.638136008,0.638136008,0.638136008,0.638136008,0.638136008,0.638136008,0.638136008,0.638136008,0.638136008,0.638136008,0.638136008,0.638136008,0.539961237,0.539961237,0.539961237,0.539961237,0.539961237,0.539961237,0.539961237,0.539961237,0.441786467,0.441786467,0.441786467,0.441786467,0.441786467,0.343611696,0.343611696,0.343611696,0.343611696,0.245436926,0.245436926,0.245436926,0.245436926,0.245436926,0.245436926,0.245436926,0.147262156,0.147262156,0.147262156,0.147262156,0.147262156,0.147262156,0.147262156,0.0490873852,0.0490873852,0.0490873852,0.147262156,0.147262156,0.147262156,0.245436926,0.245436926,0.343611696,0.343611696,0.441786467,0.441786467,0.539961237,0.539961237,0.539961237,0.539961237,0.638136008,0.638136008,0.638136008,0.638136008,0.638136008,0.638136008,0.638136008,0.638136008,0.638136008,0.539961237,0.539961237,0.539961237,0.539961237,0.539961237,0.539961237,0.539961237,0.539961237,0.539961237,0.539961237,0.441786467,0.539961237,0.441786467,0.441786467,0.441786467,0.441786467,0.441786467,0.441786467,0.441786467
92.181096077,C01,AP01,client_to_ap,VHT,2,2,2,80,SU,1,4,122,6637c97e16e6ce8a,0.834485549,0.834485549,0.834485549,0.834485549,0.834485549,0.834485549,0.834485549,0.834485549,0.834485549,0.834485549,0.834485549,0.834485549,0.834485549,0.736310778,0.736310778,0.736310778,0.736310778,0.736310778,0.736310778,0.736310778,0.736310778,0.736310778,0.736310778,0.736310778,0.736310778,0.736310778,0.736310778,0.736310778,0.736310778,0.736310778,0.736310778,0.638136008,0.638136008,0.638136008,0.638136008,0.638136008,0.638136008,0.638136008,0.638136008,0.638136008,0.638136008,0.638136008,0.638136008,0.638136008,0.638136008,0.638136008,0.638136008,0.539961237,0.539961237,0.539961237,0.539961237,0.539961237,0.539961237,0.539961237,0.539961237,0.441786467,0.441786467,0.441786467,0.441786467,0.441786467,0.343611696,0.343611696,0.343611696,0.343611696,0.343611696,0.245436926,0.245436926,0.245436926,0.245436926,0.245436926,0.245436926,0.147262156,0.147262156,0.147262156,0.147262156,0.147262156,0.147262156,0.0490873852,0.0490873852,0.0490873852,0.0490873852,0.147262156,0.147262156,0.147262156,0.245436926,0.245436926,0.343611696,0.343611696,0.441786467,0.441786467,0.539961237,0.539961237,0.539961237,0.638136008,0.638136008,0.638136008,0.638136008,0.638136008,0.638136008,0.638136008,0.638136008,0.638136008,0.638136008,0.539961237,0.539961237,0.539961237,0.539961237,0.539961237,0.539961237,0.539961237,0.539961237,0.539961237,0.441786467,0.539961237,0.539961237,0.441786467,0.441786467,0.441786467,0.441786467,0.441786467,0.441786467,0.441786467
93.513371944,C01,AP01,client_to_ap,VHT,2,2,2,80,SU,1,4,122,6637c97e16e6ce8a,0.834485549,0.834485549,0.834485549,0.834485549,0.834485549,0.834485549,0.834485549,0.834485549,0.834485549,0.834485549,0.834485549,0.736310778,0.736310778,0.736310778,0.736310778,0.736310778,0.736310778,0.736310778,0.736310778,0.736310778,0.736310778,0.736310778,0.736310778,0.736310778,0.736310778,0.736310778,0.736310778,0.736310778,0.736310778,0.736310778,0.736310778,0.638136008,0.638136008,0.638136008,0.638136008,0.638136008,0.638136008,0.638136008,0.638136008,0.638136008,0.638136008,0.638136008,0.638136008,0.638136008,0.638136008,0.638136008,0.638136008,0.539961237,0.539961237,0.539961237,0.539961237,0.539961237,0.539961237,0.539961237,0.539961237,0.441786467,0.441786467,0.441786467,0.441786467,0.441786467,0.441786467,0.343611696,0.343611696,0.343611696,0.343611696,0.245436926,0.245436926,0.245436926,0.245436926,0.245436926,0.245436926,0.147262156,0.147262156,0.147262156,0.147262156,0.147262156,0.147262156,0.147262156,0.0490873852,0.147262156,0.147262156,0.147262156,0.147262156,0.147262156,0.245436926,0.245436926,0.343611696,0.343611696,0.441786467,0.441786467,0.539961237,0.539961237,0.539961237,0.638136008,0.638136008,0.638136008,0.638136008,0.638136008,0.638136008,0.638136008,0.638136008,0.638136008,0.638136008,0.539961237,0.539961237,0.539961237,0.539961237,0.539961237,0.539961237,0.539961237,0.539961237,0.539961237,0.539961237,0.441786467,0.539961237,0.441786467,0.441786467,0.441786467,0.441786467,0.441786467,0.441786467,0.441786467
94.849281073,C01,AP01,client_to_ap,VHT,2,2,2,80,SU,1,4,122,6637c97e16e6ce8a,0.834485549,0.834485549,0.834485549,0.834485549,0.834485549,0.834485549,0.834485549,0.834485549,0.834485549,0.834485549,0.834485549,0.834485549,0.736310778,0.736310778,0.736310778,0.736310778,0.736310778,0.736310778,0.736310778,0.736310778,0.736310778,0.736310778,0.736310778,0.736310778,0.736310778,0.736310778,0.736310778,0.736310778,0.736310778,0.736310778,0.638136008,0.638136008,0.638136008,0.638136008,0.638136008,0.638136008,0.638136008,0.638136008,0.638136008,0.638136008,0.638136008,0.638136008,0.638136008,0.638136008,0.638136008,0.638136008,0.539961237,0.539961237,0.539961237,0.539961237,0.539961237,0.539961237,0.539961237,0.539961237,0.539961237,0.441786467,0.441786467,0.441786467,0.441786467,0.441786467,0.343611696,0.343611696,0.343611696,0.343611696,0.245436926,0.245436926,0.245436926,0.245436926,0.245436926,0.245436926,0.245436926,0.147262156,0.147262156,0.147262156,0.147262156,0.147262156,0.147262156,0.147262156,0.0490873852,0.0490873852,0.0490873852,0.147262156,0.147262156,0.147262156,0.245436926,0.245436926,0.343611696,0.343611696,0.441786467,0.441786467,0.539961237,0.539961237,0.539961237,0.638136008,0.638136008,0.638136008,0.638136008,0.638136008,0.638136008,0.638136008,0.638136008,0.638136008,0.539961237,0.539961237,0.539961237,0.539961237,0.539961237,0.539961237,0.539961237,0.539961237,0.539961237,0.539961237,0.539961237,0.539961237,0.539961237,0.441786467,0.441786467,0.441786467,0.441786467,0.441786467,0.441786467,0.441786467
96.181723118,C01,AP01,client_to_ap,VHT,2,2,2,80,SU,1,4,122,6637c97e16e6ce8a,0.834485549,0.834485549,0.834485549,0.834485549,0.834485549,0.834485549,0.834485549,0.834485549,0.834485549,0.834485549,0.834485549,0.736310778,0.736310778,0.736310778,0.736310778,0.736310778,0.736310778,0.736310778,0.736310778,0.736310778,0.736310778,0.736310778,0.736310778,0.736310778,0.736310778,0.736310778,0.736310778,0.736310778,0.736310778,0.736310778,0.638136008,0.638136008,0.638136008,0.638136008,0.638136008,0.638136008,0.638136008,0.638136008,0.638136008,0.638136008,0.638136008,0.638136008,0.638136008,0.638136008,0.638136008,0.638136008,0.638136008,0.539961237,0.539961237,0.539961237,0.539961237,0.539961237,0.539961237,0.539961237,0.539961237,0.441786467,0.441786467,0.441786467,0.441786467,0.441786467,0.343611696,0.343611696,0.343611696,0.343611696,0.343611696,0.245436926,0.245436926,0.245436926,0.245436926,0.245436926,0.245436926,0.147262156,0.147262156,0.147262156,0.147262156,0.147262156,0.147262156,0.147262156,0.0490873852,0.0490873852,0.0490873852,0.147262156,0.147262156,0.245436926,0.245436926,0.245436926,0.343611696,0.343611696,0.441786467,0.441786467,0.539961237,0.539961237,0.539961237,0.638136008,0.638136008,0.638136008,0.638136008,0.638136008,0.638136008,0.638136008,0.638136008,0.638136008,0.539961237,0.539961237,0.539961237,0.539961237,0.539961237,0.539961237,0.539961237,0.539961237,0.539961237,0.539961237,0.539961237,0.539961237,0.539961237,0.441786467,0.441786467,0.441786467,0.441786467,0.441786467,0.441786467,0.441786467
97.513432980,C01,AP01,client_to_ap,VHT,2,2,2,80,SU,1,4,122,6637c97e16e6ce8a,0.834485549,0.834485549,0.834485549,0.834485549,0.834485549,0.834485549,0.834485549,0.834485549,0.834485549,0.834485549,0.834485549,0.834485549,0.834485549,0.736310778,0.736310778,0.736310778,0.736310778,0.736310778,0.736310778,0.736310778,0.736310778,0.736310778,0.736310778,0.736310778,0.736310778,0.736310778,0.736310778,0.736310778,0.736310778,0.736310778,0.638136008,0.638136008,0.638136008,0.638136008,0.638136008,0.638136008,0.638136008,0.638136008,0.638136008,0.638136008,0.638136008,0.638136008,0.638136008,0.638136008,0.638136008,0.638136008,0.539961237,0.539961237,0.539961237,0.539961237,0.539961237,0.539961237,0.539961237,0.539961237,0.539961237,0.441786467,0.441786467,0.441786467,0.441786467,0.441786467,0.343611696,0.343611696,0.343611696,0.343611696,0.343611696,0.245436926,0.245436926,0.245436926,0.245436926,0.245436926,0.245436926,0.147262156,0.147262156,0.147262156,0.147262156,0.147262156,0.147262156,0.0490873852,0.0490873852,0.0490873852,0.0490873852,0.147262156,0.147262156,0.147262156,0.245436926,0.245436926,0.343611696,0.441786467,0.441786467,0.441786467,0.539961237,0.539961237,0.638136008,0.638136008,0.638136008,0.638136008,0.638136008,0.638136008,0.638136008,0.638136008,0.638136008,0.638136008,0.539961237,0.539961237,0.539961237,0.539961237,0.539961237,0.539961237,0.539961237,0.539961237,0.539961237,0.539961237,0.539961237,0.441786467,0.539961237,0.441786467,0.441786467,0.441786467,0.441786467,0.441786467,0.441786467,0.441786467
98.849131107,C01,AP01,client_to_ap,VHT,2,2,2,80,SU,1,4,122,6637c97e16e6ce8a,0.834485549,0.834485549,0.834485549,0.834485549,0.834485549,0.834485549,0.834485549,0.834485549,0.834485549,0.834485549,0.834485549,0.736310778,0.736310778,0.736310778,0.736310778,0.736310778,0.736310778,0.736310778,0.736310778,0.736310778,0.736310778,0.736310778,0.736310778,0.736310778,0.736310778,0.736310778,0.736310778,0.736310778,0.736310778,0.736310778,0.736310778,0.638136008,0.638136008,0.638136008,0.638136008,0.638136008,0.638136008,0.638136008,0.638136008,0.638136008,0.638136008,0.638136008,0.638136008,0.638136008,0.638136008,0.638136008,0.638136008,0.539961237,0.539961237,0.539961237,0.539961237,0.539961237,0.539961237,0.539961237,0.539961237,0.441786467,0.441786467,0.441786467,0.441786467,0.441786467,0.343611696,0.343611696,0.343611696,0.343611696,0.245436926,0.245436926,0.245436926,0.245436926,0.245436926,0.245436926,0.245436926,0.147262156,0.147262156,0.147262156,0.147262156,0.147262156,0.147262156,0.0490873852,0.0490873852,0.147262156,0.0490873852,0.147262156,0.147262156,0.147262156,0.245436926,0.245436926,0.343611696,0.343611696,0.441786467,0.441786467,0.539961237,0.539961237,0.539961237,0.539961237,0.638136008,0.638136008,0.638136008,0.638136008,0.638136008,0.638136008,0.638136008,0.638136008,0.638136008,0.539961237,0.539961237,0.539961237,0.539961237,0.539961237,0.539961237,0.539961237,0.539961237,0.539961237,0.539961237,0.441786467,0.441786467,0.539961237,0.441786467,0.441786467,0.441786467,0.441786467,0.441786467,0.441786467
100.181513071,C01,AP01,client_to_ap,VHT,2,2,2,80,SU,1,4,122,6637c97e16e6ce8a,0.834485549,0.834485549,0.834485549,0.834485549,0.834485549,0.834485549,0.834485549,0.834485549,0.834485549,0.834485549,0.834485549,0.736310778,0.736310778,0.736310778,0.736310778,0.736310778,0.736310778,0.736310778,0.736310778,0.736310778,0.736310778,0.736310778,0.736310778,0.736310778,0.736310778,0.736310778,0.736310778,0.736310778,0.736310778,0.736310778,0.638136008,0.638136008,0.638136008,0.638136008,0.638136008,0.638136008,0.638136008,0.638136008,0.638136008,0.638136008,0.638136008,0.638136008,0.638136008,0.638136008,0.638136008,0.638136008,0.638136008,0.539961237,0.539961237,0.539961237,0.539961237,0.539961237,0.539961237,0.539961237,0.539961237,0.441786467,0.441786467,0.441786467,0.441786467,0.441786467,0.343611696,0.343611696,0.343611696,0.343611696,0.245436926,0.245436926,0.245436926,0.245436926,0.245436926,0.245436926,0.245436926,0.147262156,0.147262156,0.147262156,0.147262156,0.147262156,0.147262156,0.0490873852,0.0490873852,0.0490873852,0.147262156,0.147262156,0.147262156,0.147262156,0.245436926,0.245436926,0.343611696,0.343611696,0.441786467,0.441786467,0.539961237,0.539961237,0.539961237,0.638136008,0.638136008,0.638136008,0.638136008,0.638136008,0.638136008,0.638136008,0.638136008,0.638136008,0.638136008,0.539961237,0.539961237,0.539961237,0.539961237,0.539961237,0.539961237,0.539961237,0.539961237,0.539961237,0.441786467,0.539961237,0.441786467,0.441786467,0.441786467,0.441786467,0.441786467,0.441786467,0.441786467,0.441786467
101.513644934,C01,AP01,client_to_ap,VHT,2,2,2,80,SU,1,4,122,6637c97e16e6ce8a,0.834485549,0.834485549,0.834485549,0.834485549,0.834485549,0.834485549,0.834485549,0.834485549,0.834485549,0.834485549,0.834485549,0.834485549,0.736310778,0.736310778,0.736310778,0.736310778,0.736310778,0.736310778,0.736310778,0.736310778,0.736310778,0.736310778,0.736310778,0.736310778,0.736310778,0.736310778,0.736310778,0.736310778,0.736310778,0.736310778,0.736310778,0.638136008,0.638136008,0.638136008,0.638136008,0.638136008,0.638136008,0.638136008,0.638136008,0.638136008,0.638136008,0.638136008,0.638136008,0.638136008,0.638136008,0.638136008,0.638136008,0.539961237,0.539961237,0.539961237,0.539961237,0.539961237,0.539961237,0.539961237,0.539961237,0.441786467,0.441786467,0.441786467,0.441786467,0.441786467,0.343611696,0.343611696,0.343611696,0.343611696,0.245436926,0.245436926,0.245436926,0.245436926,0.245436926,0.245436926,0.147262156,0.147262156,0.147262156,0.147262156,0.147262156,0.147262156,0.147262156,0.147262156,0.0490873852,0.0490873852,0.147262156,0.147262156,0.147262156,0.147262156,0.245436926,0.245436926,0.343611696,0.343611696,0.441786467,0.441786467,0.539961237,0.539961237,0.539961237,0.638136008,0.638136008,0.638136008,0.638136008,0.638136008,0.638136008,0.638136008,0.638136008,0.638136008,0.638136008,0.539961237,0.539961237,0.539961237,0.539961237,0.539961237,0.539961237,0.539961237,0.539961237,0.539961237,0.441786467,0.441786467,0.441786467,0.441786467,0.441786467,0.441786467,0.441786467,0.441786467,0.441786467,0.441786467
102.849701166,C01,AP01,client_to_ap,VHT,2,2,2,80,SU,1,4,122,6637c97e16e6ce8a,0.834485549,0.834485549,0.834485549,0.834485549,0.834485549,0.834485549,0.834485549,0.834485549,0.834485549,0.834485549,0.736310778,0.834485549,0.834485549,0.736310778,0.736310778,0.736310778,0.736310778,0.736310778,0.736310778,0.736310778,0.736310778,0.736310778,0.736310778,0.736310778,0.736310778,0.736310778,0.736310778,0.736310778,0.736310778,0.736310778,0.638136008,0.638136008,0.638136008,0.638136008,0.638136008,0.638136008,0.638136008,0.638136008,0.638136008,0.638136008,0.638136008,0.638136008,0.638136008,0.638136008,0.638136008,0.638136008,0.638136008,0.539961237,0.539961237,0.539961237,0.539961237,0.539961237,0.539961237,0.539961237,0.539961237,0.441786467,0.441786467,0.441786467,0.441786467,0.441786467,0.343611696,0.343611696,0.343611696,0.343611696,0.245436926,0.245436926,0.245436926,0.245436926,0.245436926,0.245436926,0.245436926,0.147262156,0.147262156,0.147262156,0.147262156,0.147262156,0.0490873852,0.0490873852,0.0490873852,0.0490873852,0.147262156,0.147262156,0.147262156,0.147262156,0.245436926,0.245436926,0.343611696,0.343611696,0.441786467,0.441786467,0.539961237,0.539961237,0.539961237,0.638136008,0.638136008,0.638136008,0.638136008,0.638136008,0.638136008,0.638136008,0.638136008,0.539961237,0.539961237,0.539961237,0.539961237,0.539961237,0.539961237,0.539961237,0.539961237,0.539961237,0.539961237,0.441786467,0.539961237,0.539961237,0.441786467,0.441786467,0.441786467,0.441786467,0.441786467,0.441786467,0.441786467,0.441786467
104.181376934,C01,AP01,client_to_ap,VHT,2,2,2,80,SU,1,4,122,6637c97e16e6ce8a,0.834485549,0.834485549,0.834485549,0.834485549,0.834485549,0.834485549,0.834485549,0.834485549,0.834485549,0.834485549,0.834485549,0.736310778,0.834485549,0.736310778,0.736310778,0.736310778,0.736310778,0.736310778,0.736310778,0.736310778,0.736310778,0.736310778,0.736310778,0.736310778,0.736310778,0.736310778,0.736310778,0.736310778,0.736310778,0.736310778,0.736310778,0.638136008,0.638136008,0.638136008,0.638136008,0.638136008,0.638136008,0.638136008,0.638136008,0.638136008,0.638136008,0.638136008,0.638136008,0.638136008,0.638136008,0.638136008,0.638136008,0.539961237,0.539961237,0.539961237,0.539961237,0.539961237,0.539961237,0.539961237,0.539961237,0.539961237,0.441786467,0.441786467,0.441786467,0.441786467,0.343611696,0.343611696,0.343611696,0.343611696,0.245436926,0.245436926,0.245436926,0.245436926,0.245436926,0.245436926,0.245436926,0.245436926,0.147262156,0.147262156,0.147262156,0.147262156,0.147262156,0.147262156,0.0490873852,0.0490873852,0.0490873852,0.147262156,0.147262156,0.147262156,0.245436926,0.245436926,0.343611696,0.343611696,0.441786467,0.441786467,0.539961237,0.539961237,0.539961237,0.638136008,0.638136008,0.638136008,0.638136008,0.638136008,0.638136008,0.638136008,0.638136008,0.638136008,0.638136008,0.539961237,0.539961237,0.539961237,0.539961237,0.539961237,0.539961237,0.539961237,0.539961237,0.539961237,0.539961237,0.539961237,0.539961237,0.441786467,0.441786467,0.441786467,0.441786467,0.441786467,0.441786467,0.441786467
105.513555050,C01,AP01,client_to_ap,VHT,2,2,2,80,SU,1,4,122,6637c97e16e6ce8a,0.834485549,0.834485549,0.834485549,0.834485549,0.834485549,0.834485549,0.834485549,0.834485549,0.834485549,0.834485549,0.834485549,0.834485549,0.834485549,0.736310778,0.736310778,0.736310778,0.736310778,0.736310778,0.736310778,0.736310778,0.736310778,0.736310778,0.736310778,0.736310778,0.736310778,0.736310778,0.736310778,0.736310778,0.736310778,0.736310778,0.736310778,0.736310778,0.638136008,0.638136008,0.638136008,0.638136008,0.638136008,0.638136008,0.638136008,0.638136008,0.638136008,0.638136008,0.638136008,0.638136008,0.638136008,0.638136008,0.638136008,0.539961237,0.539961237,0.539961237,0.539961237,0.539961237,0.539961237,0.539961237,0.539961237,0.539961237,0.441786467,0.441786467,0.441786467,0.441786467,0.441786467,0.343611696,0.343611696,0.343611696,0.245436926,0.245436926,0.245436926,0.245436926,0.245436926,0.245436926,0.245436926,0.147262156,0.147262156,0.147262156,0.147262156,0.147262156,0.147262156,0.147262156,0.0490873852,0.147262156,0.147262156,0.147262156,0.147262156,0.147262156,0.245436926,0.245436926,0.343611696,0.343611696,0.441786467,0.441786467,0.539961237,0.539961237,0.539961237,0.638136008,0.638136008,0.638136008,0.638136008,0.638136008,0.638136008,0.638136008,0.638136008,0.638136008,0.539961237,0.539961237,0.539961237,0.539961237,0.539961237,0.539961237,0.539961237,0.539961237,0.539961237,0.539961237,0.539961237,0.539961237,0.539961237,0.539961237,0.441786467,0.441786467,0.441786467,0.441786467,0.441786467,0.441786467
106.850168943,C01,AP01,client_to_ap,VHT,2,2,2,80,SU,1,4,122,6637c97e16e6ce8a,0.834485549,0.834485549,0.834485549,0.834485549,0.834485549,0.834485549,0.834485549,0.834485549,0.834485549,0.834485549,0.834485549,0.736310778,0.736310778,0.736310778,0.736310778,0.736310778,0.736310778,0.736310778,0.736310778,0.736310778,0.736310778,0.736310778,0.736310778,0.736310778,0.736310778,0.736310778,0.736310778,0.736310778,0.736310778,0.736310778,0.638136008,0.638136008,0.638136008,0.638136008,0.638136008,0.638136008,0.638136008,0.638136008,0.638136008,0.638136008,0.638136008,0.638136008,0.638136008,0.638136008,0.638136008,0.638136008,0.638136008,0.539961237,0.539961237,0.539961237,0.539961237,0.539961237,0.539961237,0.539961237,0.539961237,0.441786467,0.441786467,0.441786467,0.441786467,0.441786467,0.343611696,0.343611696,0.343611696,0.343611696,0.245436926,0.245436926,0.245436926,0.245436926,0.245436926,0.245436926,0.245436926,0.147262156,0.147262156,0.147262156,0.147262156,0.147262156,0.147262156,0.0490873852,0.0490873852,0.0490873852,0.0490873852,0.147262156,0.147262156,0.147262156,0.245436926,0.245436926,0.343611696,0.343611696,0.441786467,0.441786467,0.539961237,0.539961237,0.539961237,0.638136008,0.638136008,0.638136008,0.638136008,0.638136008,0.638136008,0.638136008,0.638136008,0.638136008,0.539961237,0.539961237,0.539961237,0.539961237,0.539961237,0.539961237,0.539961237,0.539961237,0.539961237,0.441786467,0.539961237,0.441786467,0.441786467,0.441786467,0.441786467,0.441786467,0.441786467,0.441786467,0.441786467,0.441786467
108.181501150,C01,AP01,client_to_ap,VHT,2,2,2,80,SU,1,4,122,6637c97e16e6ce8a,0.834485549,0.834485549,0.834485549,0.834485549,0.834485549,0.834485549,0.834485549,0.834485549,0.834485549,0.834485549,0.834485549,0.736310778,0.736310778,0.736310778,0.736310778,0.736310778,0.736310778,0.736310778,0.736310778,0.736310778,0.736310778,0.736310778,0.736310778,0.736310778,0.736310778,0.736310778,0.736310778,0.736310778,0.736310778,0.736310778,0.638136008,0.638136008,0.638136008,0.638136008,0.638136008,0.638136008,0.638136008,0.638136008,0.638136008,0.638136008,0.638136008,0.638136008,0.638136008,0.638136008,0.638136008,0.638136008,0.638136008,0.539961237,0.539961237,0.539961237,0.539961237,0.539961237,0.539961237,0.539961237,0.539961237,0.441786467,0.441786467,0.441786467,0.441786467,0.441786467,0.343611696,0.343611696,0.343611696,0.343611696,0.245436926,0.245436926,0.245436926,0.245436926,0.245436926,0.245436926,0.245436926,0.147262156,0.147262156,0.147262156,0.147262156,0.147262156,0.147262156,0.147262156,0.0490873852,0.0490873852,0.0490873852,0.147262156,0.147262156,0.147262156,0.245436926,0.245436926,0.343611696,0.343611696,0.441786467,0.441786467,0.539961237,0.539961237,0.539961237,0.539961237,0.638136008,0.638136008,0.638136008,0.638136008,0.638136008,0.638136008,0.638136008,0.638136008,0.539961237,0.539961237,0.539961237,0.539961237,0.539961237,0.539961237,0.539961237,0.539961237,0.539961237,0.539961237,0.441786467,0.441786467,0.441786467,0.441786467,0.441786467,0.441786467,0.441786467,0.441786467,0.441786467,0.441786467
109.513927937,C01,AP01,client_to_ap,VHT,2,2,2,80,SU,1,4,122,6637c97e16e6ce8a,0.834485549,0.834485549,0.834485549,0.834485549,0.834485549,0.834485549,0.834485549,0.834485549,0.834485549,0.834485549,0.736310778,0.736310778,0.736310778,0.736310778,0.736310778,0.736310778,0.736310778,0.736310778,0.736310778,0.736310778,0.736310778,0.736310778,0.736310778,0.736310778,0.736310778,0.736310778,0.736310778,0.736310778,0.736310778,0.736310778,0.638136008,0.638136008,0.638136008,0.638136008,0.638136008,0.638136008,0.638136008,0.638136008,0.638136008,0.638136008,0.638136008,0.638136008,0.638136008,0.638136008,0.638136008,0.638136008,0.539961237,0.539961237,0.539961237,0.539961237,0.539961237,0.539961237,0.539961237,0.539961237,0.539961237,0.441786467,0.441786467,0.441786467,0.441786467,0.441786467,0.343611696,0.343611696,0.343611696,0.343611696,0.245436926,0.245436926,0.245436926,0.245436926,0.245436926,0.245436926,0.245436926,0.245436926,0.147262156,0.147262156,0.147262156,0.147262156,0.147262156,0.147262156,0.0490873852,0.0490873852,0.147262156,0.147262156,0.147262156,0.147262156,0.245436926,0.245436926,0.343611696,0.343611696,0.441786467,0.441786467,0.539961237,0.539961237,0.539961237,0.539961237,0.638136008,0.638136008,0.638136008,0.638136008,0.638136008,0.638136008,0.638136008,0.638136008,0.539961237,0.539961237,0.539961237,0.539961237,0.539961237,0.539961237,0.539961237,0.539961237,0.539961237,0.539961237,0.441786467,0.441786467,0.441786467,0.441786467,0.441786467,0.441786467,0.441786467,0.441786467,0.441786467,0.441786467
110.849566936,C01,AP01,client_to_ap,VHT,2,2,2,80,SU,1,4,122,6637c97e16e6ce8a,0.834485549,0.834485549,0.834485549,0.834485549,0.834485549,0.834485549,0.834485549,0.834485549,0.834485549,0.834485549,0.834485549,0.834485549,0.736310778,0.736310778,0.736310778,0.736310778,0.736310778,0.736310778,0.736310778,0.736310778,0.736310778,0.736310778,0.736310778,0.736310778,0.736310778,0.736310778,0.736310778,0.736310778,0.736310778,0.736310778,0.638136008,0.638136008,0.638136008,0.638136008,0.638136008,0.638136008,0.638136008,0.638136008,0.638136008,0.638136008,0.638136008,0.638136008,0.638136008,0.638136008,0.638136008,0.638136008,0.638136008,0.539961237,0.539961237,0.539961237,0.539961237,0.539961237,0.539961237,0.539961237,0.539961237,0.441786467,0.441786467,0.441786467,0.441786467,0.441786467,0.343611696,0.343611696,0.343611696,0.343611696,0.245436926,0.245436926,0.245436926,0.245436926,0.245436926,0.245436926,0.147262156,0.147262156,0.147262156,0.147262156,0.147262156,0.147262156,0.147262156,0.147262156,0.0490873852,0.0490873852,0.0490873852,0.147262156,0.147262156,0.147262156,0.245436926,0.245436926,0.343611696,0.343611696,0.441786467,0.441786467,0.539961237,0.539961237,0.539961237,0.539961237,0.638136008,0.638136008,0.638136008,0.638136008,0.638136008,0.638136008,0.638136008,0.638136008,0.539961237,0.539961237,0.539961237,0.539961237,0.539961237,0.539961237,0.539961237,0.539961237,0.539961237,0.441786467,0.441786467,0.441786467,0.539961237,0.441786467,0.441786467,0.441786467,0.441786467,0.441786467,0.441786467,0.441786467
112.182104111,C01,AP01,client_to_ap,VHT,2,2,2,80,SU,1,4,122,6637c97e16e6ce8a,0.834485549,0.834485549,0.834485549,0.834485549,0.834485549,0.834485549,0.834485549,0.834485549,0.834485549,0.834485549,0.736310778,0.736310778,0.736310778,0.736310778,0.736310778,0.736310778,0.736310778,0.736310778,0.736310778,0.736310778,0.736310778,0.736310778,0.736310778,0.736310778,0.736310778,0.736310778,0.736310778,0.736310778,0.736310778,0.736310778,0.638136008,0.638136008,0.638136008,0.638136008,0.638136008,0.638136008,0.638136008,0.638136008,0.638136008,0.638136008,0.638136008,0.638136008,0.638136008,0.638136008,0.638136008,0.638136008,0.638136008,0.539961237,0.539961237,0.539961237,0.539961237,0.539961237,0.539961237,0.539961237,0.539961237,0.539961237,0.441786467,0.441786467,0.441786467,0.441786467,0.343611696,0.343611696,0.343611696,0.343611696,0.245436926,0.245436926,0.245436926,0.245436926,0.245436926,0.245436926,0.147262156,0.147262156,0.147262156,0.147262156,0.147262156,0.147262156,0.147262156,0.0490873852,0.0490873852,0.0490873852,0.147262156,0.147262156,0.147262156,0.147262156,0.245436926,0.245436926,0.343611696,0.343611696,0.441786467,0.441786467,0.539961237,0.539961237,0.539961237,0.539961237,0.638136008,0.638136008,0.638136008,0.539961237,0.638136008,0.638136008,0.638136008,0.539961237,0.638136008,0.539961237,0.539961237,0.539961237,0.539961237,0.539961237,0.539961237,0.539961237,0.539961237,0.539961237,0.441786467,0.441786467,0.441786467,0.441786467,0.441786467,0.441786467,0.441786467,0.441786467,0.441786467,0.441786467
113.513935089,C01,AP01,client_to_ap,VHT,2,2,2,80,SU,1,4,122,6637c97e16e6ce8a,0.834485549,0.834485549,0.834485549,0.834485549,0.834485549,0.834485549,0.834485549,0.834485549,0.834485549,0.834485549,0.834485549,0.736310778,0.736310778,0.736310778,0.736310778,0.736310778,0.736310778,0.736310778,0.736310778,0.736310778,0.736310778,0.736310778,0.736310778,0.736310778,0.736310778,0.736310778,0.736310778,0.736310778,0.736310778,0.736310778,0.638136008,0.638136008,0.638136008,0.638136008,0.638136008,0.638136008,0.638136008,0.638136008,0.638136008,0.638136008,0.638136008,0.638136008,0.638136008,0.638136008,0.638136008,0.638136008,0.638136008,0.539961237,0.539961237,0.539961237,0.539961237,0.539961237,0.539961237,0.539961237,0.539961237,0.441786467,0.441786467,0.441786467,0.441786467,0.441786467,0.343611696,0.343611696,0.343611696,0.343611696,0.245436926,0.245436926,0.245436926,0.245436926,0.245436926,0.245436926,0.147262156,0.147262156,0.147262156,0.147262156,0.147262156,0.147262156,0.147262156,0.147262156,0.0490873852,0.0490873852,0.0490873852,0.147262156,0.147262156,0.147262156,0.245436926,0.245436926,0.343611696,0.343611696,0.441786467,0.441786467,0.539961237,0.539961237,0.539961237,0.539961237,0.638136008,0.638136008,0.638136008,0.638136008,0.638136008,0.638136008,0.638136008,0.638136008,0.539961237,0.539961237,0.539961237,0.539961237,0.539961237,0.539961237,0.539961237,0.539961237,0.539961237,0.539961237,0.441786467,0.441786467,0.539961237,0.441786467,0.441786467,0.441786467,0.441786467,0.441786467,0.441786467,0.441786467
114.849812031,C01,AP01,client_to_ap,VHT,2,2,2,80,SU,1,4,122,6637c97e16e6ce8a,0.834485549,0.834485549,0.834485549,0.834485549,0.834485549,0.834485549,0.834485549,0.834485549,0.834485549,0.834485549,0.834485549,0.834485549,0.834485549,0.736310778,0.736310778,0.736310778,0.736310778,0.736310778,0.736310778,0.736310778,0.736310778,0.736310778,0.736310778,0.736310778,0.736310778,0.736310778,0.736310778,0.736310778,0.736310778,0.736310778,0.736310778,0.736310778,0.638136008,0.638136008,0.638136008,0.638136008,0.638136008,0.638136008,0.638136008,0.638136008,0.638136008,0.638136008,0.638136008,0.638136008,0.638136008,0.638136008,0.638136008,0.539961237,0.539961237,0.539961237,0.539961237,0.539961237,0.539961237,0.539961237,0.539961237,0.539961237,0.441786467,0.441786467,0.441786467,0.441786467,0.343611696,0.343611696,0.343611696,0.343611696,0.245436926,0.245436926,0.245436926,0.245436926,0.245436926,0.245436926,0.245436926,0.147262156,0.147262156,0.147262156,0.147262156,0.147262156,0.147262156,0.147262156,0.0490873852,0.0490873852,0.0490873852,0.147262156,0.147262156,0.147262156,0.245436926,0.245436926,0.343611696,0.343611696,0.441786467,0.441786467,0.539961237,0.539961237,0.539961237,0.638136008,0.638136008,0.638136008,0.638136008,0.638136008,0.638136008,0.638136008,0.638136008,0.638136008,0.638136008,0.539961237,0.539961237,0.539961237,0.539961237,0.539961237,0.539961237,0.539961237,0.539961237,0.539961237,0.539961237,0.539961237,0.539961237,0.441786467,0.539961237,0.441786467,0.441786467,0.441786467,0.441786467,0.441786467
116.181813955,C01,AP01,client_to_ap,VHT,2,2,2,80,SU,1,4,122,6637c97e16e6ce8a,0.834485549,0.834485549,0.834485549,0.834485549,0.834485549,0.834485549,0.834485549,0.834485549,0.834485549,0.834485549,0.834485549,0.834485549,0.736310778,0.736310778,0.736310778,0.736310778,0.736310778,0.736310778,0.736310778,0.736310778,0.736310778,0.736310778,0.736310778,0.736310778,0.736310778,0.736310778,0.736310778,0.736310778,0.736310778,0.736310778,0.638136008,0.638136008,0.638136008,0.638136008,0.638136008,0.638136008,0.638136008,0.638136008,0.638136008,0.638136008,0.638136008,0.638136008,0.638136008,0.638136008,0.638136008,0.638136008,0.638136008,0.539961237,0.539961237,0.539961237,0.539961237,0.539961237,0.539961237,0.539961237,0.539961237,0.441786467,0.441786467,0.441786467,0.441786467,0.441786467,0.343611696,0.343611696,0.343611696,0.343611696,0.343611696,0.245436926,0.245436926,0.245436926,0.245436926,0.245436926,0.245436926,0.147262156,0.147262156,0.147262156,0.147262156,0.147262156,0.147262156,0.0490873852,0.0490873852,0.147262156,0.147262156,0.147262156,0.147262156,0.147262156,0.245436926,0.245436926,0.343611696,0.343611696,0.441786467,0.441786467,0.539961237,0.539961237,0.539961237,0.539961237,0.638136008,0.638136008,0.638136008,0.638136008,0.638136008,0.638136008,0.638136008,0.638136008,0.539961237,0.539961237,0.539961237,0.539961237,0.539961237,0.539961237,0.539961237,0.539961237,0.539961237,0.539961237,0.441786467,0.441786467,0.441786467,0.441786467,0.441786467,0.441786467,0.441786467,0.441786467,0.441786467,0.441786467
117.513710976,C01,AP01,client_to_ap,VHT,2,2,2,80,SU,1,4,122,6637c97e16e6ce8a,0.834485549,0.834485549,0.834485549,0.834485549,0.834485549,0.834485549,0.834485549,0.834485549,0.834485549,0.834485549,0.834485549,0.834485549,0.834485549,0.834485549,0.736310778,0.736310778,0.736310778,0.736310778,0.736310778,0.736310778,0.736310778,0.736310778,0.736310778,0.736310778,0.736310778,0.736310778,0.736310778,0.736310778,0.736310778,0.736310778,0.736310778,0.638136008,0.638136008,0.638136008,0.638136008,0.638136008,0.638136008,0.638136008,0.638136008,0.638136008,0.638136008,0.638136008,0.638136008,0.638136008,0.638136008,0.638136008,0.638136008,0.539961237,0.539961237,0.539961237,0.539961237,0.539961237,0.539961237,0.539961237,0.539961237,0.441786467,0.441786467,0.441786467,0.441786467,0.441786467,0.441786467,0.343611696,0.343611696,0.343611696,0.245436926,0.245436926,0.245436926,0.245436926,0.245436926,0.245436926,0.245436926,0.147262156,0.147262156,0.147262156,0.147262156,0.147262156,0.147262156,0.0490873852,0.0490873852,0.0490873852,0.147262156,0.147262156,0.147262156,0.147262156,0.245436926,0.245436926,0.343611696,0.441786467,0.441786467,0.441786467,0.539961237,0.539961237,0.638136008,0.638136008,0.638136008,0.638136008,0.638136008,0.638136008,0.638136008,0.638136008,0.638136008,0.638136008,0.638136008,0.539961237,0.539961237,0.539961237,0.539961237,0.539961237,0.539961237,0.539961237,0.539961237,0.539961237,0.539961237,0.539961237,0.539961237,0.539961237,0.539961237,0.441786467,0.441786467,0.539961237,0.441786467,0.441786467
118.849847078,C01,AP01,client_to_ap,VHT,2,2,2,80,SU,1,4,122,6637c97e16e6ce8a,0.834485549,0.834485549,0.834485549,0.834485549,0.834485549,0.834485549,0.834485549,0.834485549,0.834485549,0.834485549,0.834485549,0.834485549,0.834485549,0.736310778,0.736310778,0.736310778,0.736310778,0.736310778,0.736310778,0.736310778,0.736310778,0.736310778,0.736310778,0.736310778,0.736310778,0.736310778,0.736310778,0.736310778,0.736310778,0.736310778,0.736310778,0.638136008,0.638136008,0.638136008,0.638136008,0.638136008,0.638136008,0.638136008,0.638136008,0.638136008,0.638136008,0.638136008,0.638136008,0.638136008,0.638136008,0.638136008,0.638136008,0.539961237,0.539961237,0.539961237,0.539961237,0.539961237,0.539961237,0.539961237,0.539961237,0.539961237,0.441786467,0.441786467,0.441786467,0.441786467,0.343611696,0.343611696,0.343611696,0.343611696,0.245436926,0.245436926,0.245436926,0.245436926,0.245436926,0.245436926,0.245436926,0.245436926,0.147262156,0.147262156,0.147262156,0.147262156,0.147262156,0.147262156,0.0490873852,0.147262156,0.147262156,0.147262156,0.147262156,0.147262156,0.245436926,0.245436926,0.343611696,0.343611696,0.441786467,0.441786467,0.539961237,0.539961237,0.539961237,0.638136008,0.638136008,0.638136008,0.638136008,0.638136008,0.638136008,0.638136008,0.638136008,0.638136008,0.638136008,0.539961237,0.539961237,0.539961237,0.539961237,0.539961237,0.539961237,0.539961237,0.539961237,0.539961237,0.539961237,0.441786467,0.539961237,0.441786467,0.441786467,0.441786467,0.441786467,0.441786467,0.441786467,0.441786467
120.181488991,C01,AP01,client_to_ap,VHT,2,2,2,80,SU,1,4,122,6637c97e16e6ce8a,0.834485549,0.834485549,0.834485549,0.834485549,0.834485549,0.834485549,0.834485549,0.834485549,0.834485549,0.834485549,0.834485549,0.736310778,0.736310778,0.736310778,0.736310778,0.736310778,0.736310778,0.736310778,0.736310778,0.736310778,0.736310778,0.736310778,0.736310778,0.736310778,0.736310778,0.736310778,0.736310778,0.736310778,0.736310778,0.736310778,0.638136008,0.638136008,0.638136008,0.638136008,0.638136008,0.638136008,0.638136008,0.638136008,0.638136008,0.638136008,0.638136008,0.638136008,0.638136008,0.638136008,0.638136008,0.638136008,0.638136008,0.539961237,0.539961237,0.539961237,0.539961237,0.539961237,0.539961237,0.539961237,0.539961237,0.441786467,0.441786467,0.441786467,0.441786467,0.441786467,0.343611696,0.343611696,0.343611696,0.343611696,0.245436926,0.245436926,0.245436926,0.245436926,0.245436926,0.245436926,0.245436926,0.147262156,0.147262156,0.147262156,0.147262156,0.147262156,0.147262156,0.147262156,0.0490873852,0.0490873852,0.0490873852,0.147262156,0.147262156,0.147262156,0.245436926,0.245436926,0.343611696,0.343611696,0.441786467,0.441786467,0.539961237,0.539961237,0.539961237,0.539961237,0.638136008,0.638136008,0.638136008,0.638136008,0.638136008,0.638136008,0.638136008,0.539961237,0.539961237,0.539961237,0.539961237,0.539961237,0.539961237,0.539961237,0.539961237,0.539961237,0.539961237,0.539961237,0.441786467,0.539961237,0.441786467,0.441786467,0.441786467,0.441786467,0.441786467,0.441786467,0.441786467,0.441786467
121.513836145,C01,AP01,client_to_ap,VHT,2,2,2,80,SU,1,4,122,6637c97e16e6ce8a,0.834485549,0.834485549,0.834485549,0.834485549,0.834485549,0.834485549,0.834485549,0.834485549,0.834485549,0.834485549,0.834485549,0.736310778,0.736310778,0.834485549,0.736310778,0.736310778,0.736310778,0.736310778,0.736310778,0.736310778,0.736310778,0.736310778,0.736310778,0.736310778,0.736310778,0.736310778,0.736310778,0.736310778,0.736310778,0.736310778,0.736310778,0.736310778,0.638136008,0.638136008,0.638136008,0.638136008,0.638136008,0.638136008,0.638136008,0.638136008,0.638136008,0.638136008,0.638136008,0.638136008,0.638136008,0.638136008,0.638136008,0.539961237,0.539961237,0.539961237,0.539961237,0.539961237,0.539961237,0.539961237,0.539961237,0.441786467,0.441786467,0.441786467,0.441786467,0.441786467,0.343611696,0.343611696,0.343611696,0.343611696,0.245436926,0.245436926,0.245436926,0.245436926,0.245436926,0.245436926,0.147262156,0.245436926,0.147262156,0.147262156,0.147262156,0.147262156,0.147262156,0.147262156,0.0490873852,0.0490873852,0.147262156,0.147262156,0.147262156,0.245436926,0.245436926,0.245436926,0.343611696,0.343611696,0.441786467,0.441786467,0.539961237,0.539961237,0.638136008,0.638136008,0.638136008,0.638136008,0.638136008,0.638136008,0.638136008,0.638136008,0.638136008,0.638136008,0.638136008,0.539961237,0.539961237,0.539961237,0.539961237,0.539961237,0.539961237,0.539961237,0.539961237,0.539961237,0.539961237,0.441786467,0.539961237,0.539961237,0.441786467,0.441786467,0.539961237,0.441786467,0.441786467,0.441786467
122.849811077,C01,AP01,client_to_ap,VHT,2,2,2,80,SU,1,4,122,6637c97e16e6ce8a,0.834485549,0.834485549,0.834485549,0.834485549,0.834485549,0.834485549,0.834485549,0.834485549,0.834485549,0.834485549,0.834485549,0.834485549,0.834485549,0.736310778,0.736310778,0.736310778,0.736310778,0.736310778,0.736310778,0.736310778,0.736310778,0.736310778,0.736310778,0.736310778,0.736310778,0.736310778,0.736310778,0.736310778,0.736310778,0.736310778,0.736310778,0.638136008,0.638136008,0.638136008,0.638136008,0.638136008,0.638136008,0.638136008,0.638136008,0.638136008,0.638136008,0.638136008,0.638136008,0.638136008,0.638136008,0.638136008,0.638136008,0.638136008,0.539961237,0.539961237,0.539961237,0.539961237,0.539961237,0.539961237,0.539961237,0.539961237,0.441786467,0.441786467,0.441786467,0.441786467,0.441786467,0.343611696,0.343611696,0.343611696,0.343611696,0.245436926,0.245436926,0.245436926,0.245436926,0.245436926,0.245436926,0.147262156,0.147262156,0.147262156,0.147262156,0.147262156,0.147262156,0.147262156,0.0490873852,0.147262156,0.0490873852,0.147262156,0.147262156,0.147262156,0.245436926,0.343611696,0.343611696,0.343611696,0.441786467,0.441786467,0.539961237,0.539961237,0.638136008,0.638136008,0.638136008,0.638136008,0.638136008,0.638136008,0.638136008,0.638136008,0.638136008,0.638136008,0.539961237,0.539961237,0.539961237,0.539961237,0.539961237,0.539961237,0.539961237,0.539961237,0.539961237,0.539961237,0.539961237,0.539961237,0.539961237,0.539961237,0.539961237,0.539961237,0.441786467,0.441786467,0.441786467,0.441786467
124.181322098,C01,AP01,client_to_ap,VHT,2,2,2,80,SU,1,4,122,6637c97e16e6ce8a,0.834485549,0.834485549,0.834485549,0.834485549,0.834485549,0.834485549,0.834485549,0.834485549,0.834485549,0.834485549,0.834485549,0.736310778,0.736310778,0.736310778,0.736310778,0.736310778,0.736310778,0.736310778,0.736310778,0.736310778,0.736310778,0.736310778,0.736310778,0.736310778,0.736310778,0.736310778,0.736310778,0.736310778,0.736310778,0.736310778,0.736310778,0.638136008,0.638136008,0.638136008,0.638136008,0.638136008,0.638136008,0.638136008,0.638136008,0.638136008,0.638136008,0.638136008,0.638136008,0.638136008,0.638136008,0.638136008,0.638136008,0.539961237,0.539961237,0.539961237,0.539961237,0.539961237,0.539961237,0.539961237,0.539961237,0.441786467,0.441786467,0.441786467,0.441786467,0.441786467,0.343611696,0.343611696,0.343611696,0.343611696,0.245436926,0.245436926,0.245436926,0.245436926,0.245436926,0.245436926,0.147262156,0.147262156,0.147262156,0.147262156,0.147262156,0.147262156,0.147262156,0.147262156,0.0490873852,0.0490873852,0.0490873852,0.147262156,0.147262156,0.147262156,0.245436926,0.245436926,0.343611696,0.343611696,0.441786467,0.441786467,0.539961237,0.539961237,0.539961237,0.638136008,0.638136008,0.638136008,0.638136008,0.638136008,0.638136008,0.638136008,0.638136008,0.539961237,0.638136008,0.539961237,0.539961237,0.539961237,0.539961237,0.539961237,0.539961237,0.539961237,0.539961237,0.539961237,0.539961237,0.441786467,0.539961237,0.441786467,0.441786467,0.441786467,0.441786467,0.441786467,0.441786467,0.441786467
125.508970022,C01,AP01,client_to_ap,VHT,2,2,2,80,SU,1,4,122,6637c97e16e6ce8a,0.834485549,0.834485549,0.834485549,0.834485549,0.834485549,0.834485549,0.834485549,0.834485549,0.834485549,0.834485549,0.834485549,0.736310778,0.834485549,0.736310778,0.736310778,0.736310778,0.736310778,0.736310778,0.736310778,0.736310778,0.736310778,0.736310778,0.736310778,0.736310778,0.736310778,0.736310778,0.736310778,0.736310778,0.736310778,0.736310778,0.736310778,0.638136008,0.638136008,0.638136008,0.638136008,0.638136008,0.638136008,0.638136008,0.638136008,0.638136008,0.638136008,0.638136008,0.638136008,0.638136008,0.638136008,0.638136008,0.638136008,0.539961237,0.539961237,0.539961237,0.539961237,0.539961237,0.539961237,0.539961237,0.539961237,0.441786467,0.441786467,0.441786467,0.441786467,0.441786467,0.343611696,0.343611696,0.343611696,0.343611696,0.245436926,0.245436926,0.245436926,0.245436926,0.245436926,0.245436926,0.245436926,0.147262156,0.147262156,0.147262156,0.147262156,0.147262156,0.147262156,0.147262156,0.0490873852,0.0490873852,0.0490873852,0.147262156,0.147262156,0.147262156,0.245436926,0.245436926,0.343611696,0.343611696,0.441786467,0.441786467,0.539961237,0.539961237,0.539961237,0.539961237,0.638136008,0.638136008,0.638136008,0.638136008,0.638136008,0.638136008,0.638136008,0.638136008,0.539961237,0.539961237,0.539961237,0.539961237,0.539961237,0.539961237,0.539961237,0.539961237,0.539961237,0.539961237,0.539961237,0.539961237,0.539961237,0.539961237,0.539961237,0.441786467,0.441786467,0.441786467,0.441786467,0.441786467
126.839993954,C01,AP01,client_to_ap,VHT,2,2,2,80,SU,1,4,122,6637c97e16e6ce8a,0.834485549,0.834485549,0.834485549,0.834485549,0.834485549,0.834485549,0.834485549,0.834485549,0.834485549,0.834485549,0.834485549,0.834485549,0.834485549,0.736310778,0.736310778,0.736310778,0.736310778,0.736310778,0.736310778,0.736310778,0.736310778,0.736310778,0.736310778,0.736310778,0.736310778,0.736310778,0.736310778,0.736310778,0.736310778,0.736310778,0.736310778,0.638136008,0.638136008,0.638136008,0.638136008,0.638136008,0.638136008,0.638136008,0.638136008,0.638136008,0.638136008,0.638136008,0.638136008,0.638136008,0.638136008,0.638136008,0.638136008,0.539961237,0.539961237,0.539961237,0.539961237,0.539961237,0.539961237,0.539961237,0.539961237,0.539961237,0.441786467,0.441786467,0.441786467,0.441786467,0.343611696,0.343611696,0.343611696,0.343611696,0.245436926,0.245436926,0.245436926,0.245436926,0.245436926,0.245436926,0.245436926,0.245436926,0.147262156,0.147262156,0.147262156,0.147262156,0.147262156,0.147262156,0.0490873852,0.147262156,0.147262156,0.147262156,0.147262156,0.147262156,0.245436926,0.245436926,0.343611696,0.343611696,0.441786467,0.441786467,0.539961237,0.539961237,0.539961237,0.638136008,0.638136008,0.638136008,0.638136008,0.638136008,0.638136008,0.638136008,0.638136008,0.638136008,0.539961237,0.539961237,0.539961237,0.539961237,0.539961237,0.539961237,0.539961237,0.539961237,0.539961237,0.539961237,0.539961237,0.539961237,0.539961237,0.539961237,0.441786467,0.441786467,0.441786467,0.441786467,0.441786467,0.441786467
128.172677040,C01,AP01,client_to_ap,VHT,2,2,2,80,SU,1,4,122,6637c97e16e6ce8a,0.834485549,0.834485549,0.834485549,0.834485549,0.834485549,0.834485549,0.834485549,0.834485549,0.736310778,0.834485549,0.834485549,0.736310778,0.736310778,0.736310778,0.736310778,0.736310778,0.736310778,0.736310778,0.736310778,0.736310778,0.736310778,0.736310778,0.736310778,0.736310778,0.736310778,0.736310778,0.736310778,0.638136008,0.638136008,0.736310778,0.638136008,0.638136008,0.638136008,0.638136008,0.638136008,0.638136008,0.638136008,0.638136008,0.638136008,0.539961237,0.539961237,0.539961237,0.539961237,0.539961237,0.539961237,0.539961237,0.539961237,0.539961237,0.539961237,0.539961237,0.539961237,0.539961237,0.441786467,0.441786467,0.441786467,0.441786467,0.441786467,0.441786467,0.441786467,0.343611696,0.343611696,0.343611696,0.245436926,0.245436926,0.245436926,0.245436926,0.245436926,0.245436926,0.245436926,0.147262156,0.147262156,0.147262156,0.147262156,0.147262156,0.0490873852,0.0490873852,0.0490873852,0.0490873852,0.0490873852,0.0490873852,0.147262156,0.147262156,0.147262156,0.245436926,0.245436926,0.343611696,0.343611696,0.343611696,0.441786467,0.441786467,0.539961237,0.539961237,0.539961237,0.539961237,0.638136008,0.638136008,0.539961237,0.539961237,0.638136008,0.638136008,0.539961237,0.539961237,0.539961237,0.539961237,0.539961237,0.539961237,0.539961237,0.539961237,0.539961237,0.539961237,0.539961237,0.539961237,0.441786467,0.441786467,0.539961237,0.539961237,0.441786467,0.441786467,0.441786467,0.441786467,0.441786467,0.441786467
129.503314018,C01,AP01,client_to_ap,VHT,2,2,2,80,SU,1,4,122,6637c97e16e6ce8a,0.834485549,0.834485549,0.834485549,0.834485549,0.834485549,0.834485549,0.834485549,0.834485549,0.834485549,0.834485549,0.736310778,0.834485549,0.834485549,0.736310778,0.736310778,0.736310778,0.736310778,0.736310778,0.736310778,0.736310778,0.736310778,0.736310778,0.736310778,0.736310778,0.736310778,0.736310778,0.736310778,0.736310778,0.736310778,0.736310778,0.638136008,0.638136008,0.638136008,0.638136008,0.638136008,0.638136008,0.638136008,0.638136008,0.638136008,0.638136008,0.638136008,0.638136008,0.638136008,0.638136008,0.638136008,0.638136008,0.539961237,0.539961237,0.539961237,0.539961237,0.539961237,0.539961237,0.539961237,0.539961237,0.539961237,0.441786467,0.441786467,0.441786467,0.441786467,0.441786467,0.343611696,0.343611696,0.343611696,0.343611696,0.245436926,0.245436926,0.245436926,0.245436926,0.245436926,0.245436926,0.245436926,0.147262156,0.147262156,0.147262156,0.147262156,0.147262156,0.147262156,0.147262156,0.0490873852,0.0490873852,0.0490873852,0.147262156,0.147262156,0.147262156,0.245436926,0.245436926,0.343611696,0.343611696,0.441786467,0.441786467,0.539961237,0.539961237,0.539961237,0.638136008,0.638136008,0.638136008,0.638136008,0.638136008,0.638136008,0.638136008,0.638136008,0.638136008,0.539961237,0.539961237,0.539961237,0.539961237,0.539961237,0.539961237,0.539961237,0.539961237,0.539961237,0.539961237,0.539961237,0.539961237,0.539961237,0.441786467,0.441786467,0.441786467,0.441786467,0.441786467,0.441786467,0.441786467
130.839867115,C01,AP01,client_to_ap,VHT,2,2,2,80,SU,1,4,122,6637c97e16e6ce8a,0.834485549,0.834485549,0.834485549,0.834485549,0.834485549,0.834485549,0.834485549,0.834485549,0.834485549,0.736310778,0.736310778,0.736310778,0.736310778,0.736310778,0.736310778,0.736310778,0.736310778,0.736310778,0.736310778,0.736310778,0.736310778,0.736310778,0.736310778,0.736310778,0.736310778,0.736310778,0.736310778,0.736310778,0.736310778,0.638136008,0.638136008,0.638136008,0.638136008,0.638136008,0.638136008,0.638136008,0.638136008,0.638136008,0.638136008,0.638136008,0.638136008,0.539961237,0.539961237,0.539961237,0.539961237,0.539961237,0.539961237,0.539961237,0.539961237,0.539961237,0.539961237,0.539961237,0.539961237,0.539961237,0.441786467,0.441786467,0.441786467,0.441786467,0.441786467,0.441786467,0.343611696,0.343611696,0.343611696,0.343611696,0.245436926,0.245436926,0.245436926,0.245436926,0.245436926,0.147262156,0.147262156,0.147262156,0.147262156,0.147262156,0.147262156,0.0490873852,0.0490873852,0.0490873852,0.0490873852,0.0490873852,0.0490873852,0.147262156,0.147262156,0.147262156,0.245436926,0.245436926,0.343611696,0.343611696,0.441786467,0.441786467,0.539961237,0.539961237,0.539961237,0.539961237,0.539961237,0.539961237,0.638136008,0.638136008,0.638136008,0.638136008,0.539961237,0.539961237,0.539961237,0.539961237,0.539961237,0.539961237,0.539961237,0.539961237,0.539961237,0.539961237,0.539961237,0.441786467,0.539961237,0.539961237,0.441786467,0.441786467,0.441786467,0.441786467,0.441786467,0.441786467,0.441786467,0.441786467
132.171131134,C01,AP01,client_to_ap,VHT,2,2,2,80,SU,1,4,122,6637c97e16e6ce8a,0.834485549,0.834485549,0.834485549,0.834485549,0.834485549,0.834485549,0.834485549,0.834485549,0.834485549,0.834485549,0.834485549,0.834485549,0.736310778,0.736310778,0.736310778,0.736310778,0.736310778,0.736310778,0.736310778,0.736310778,0.736310778,0.736310778,0.736310778,0.736310778,0.736310778,0.736310778,0.736310778,0.736310778,0.736310778,0.736310778,0.638136008,0.638136008,0.638136008,0.638136008,0.638136008,0.638136008,0.638136008,0.638136008,0.638136008,0.638136008,0.638136008,0.638136008,0.638136008,0.638136008,0.638136008,0.638136008,0.638136008,0.539961237,0.539961237,0.539961237,0.539961237,0.539961237,0.539961237,0.539961237,0.539961237,0.441786467,0.441786467,0.441786467,0.441786467,0.441786467,0.343611696,0.343611696,0.343611696,0.343611696,0.245436926,0.245436926,0.245436926,0.245436926,0.245436926,0.245436926,0.147262156,0.147262156,0.147262156,0.147262156,0.147262156,0.147262156,0.147262156,0.147262156,0.0490873852,0.0490873852,0.0490873852,0.147262156,0.147262156,0.147262156,0.245436926,0.245436926,0.245436926,0.343611696,0.441786467,0.441786467,0.539961237,0.539961237,0.539961237,0.539961237,0.638136008,0.638136008,0.638136008,0.638136008,0.638136008,0.638136008,0.638136008,0.539961237,0.638136008,0.539961237,0.539961237,0.539961237,0.539961237,0.539961237,0.539961237,0.539961237,0.539961237,0.539961237,0.539961237,0.441786467,0.539961237,0.441786467,0.441786467,0.441786467,0.441786467,0.441786467,0.441786467,0.441786467
133.503301144,C01,AP01,client_to_ap,VHT,2,2,2,80,SU,1,4,122,6637c97e16e6ce8a,0.834485549,0.834485549,0.834485549,0.834485549,0.834485549,0.834485549,0.834485549,0.834485549,0.834485549,0.834485549,0.834485549,0.736310778,0.834485549,0.834485549,0.736310778,0.736310778,0.736310778,0.736310778,0.736310778,0.736310778,0.736310778,0.736310778,0.736310778,0.736310778,0.736310778,0.736310778,0.736310778,0.736310778,0.736310778,0.736310778,0.736310778,0.638136008,0.638136008,0.638136008,0.638136008,0.638136008,0.638136008,0.638136008,0.638136008,0.638136008,0.638136008,0.638136008,0.638136008,0.638136008,0.638136008,0.638136008,0.638136008,0.539961237,0.539961237,0.539961237,0.539961237,0.539961237,0.539961237,0.539961237,0.539961237,0.441786467,0.441786467,0.441786467,0.441786467,0.441786467,0.343611696,0.343611696,0.343611696,0.343611696,0.245436926,0.245436926,0.245436926,0.245436926,0.245436926,0.245436926,0.147262156,0.147262156,0.147262156,0.147262156,0.147262156,0.147262156,0.147262156,0.0490873852,0.0490873852,0.0490873852,0.147262156,0.147262156,0.147262156,0.147262156,0.245436926,0.245436926,0.343611696,0.343611696,0.441786467,0.441786467,0.539961237,0.539961237,0.539961237,0.638136008,0.638136008,0.638136008,0.638136008,0.638136008,0.638136008,0.638136008,0.638136008,0.638136008,0.638136008,0.539961237,0.539961237,0.539961237,0.539961237,0.539961237,0.539961237,0.539961237,0.539961237,0.539961237,0.539961237,0.539961237,0.539961237,0.539961237,0.441786467,0.441786467,0.441786467,0.441786467,0.441786467,0.441786467
134.830656052,C01,AP01,client_to_ap,VHT,2,2,2,80,SU,1,4,122,6637c97e16e6ce8a,0.834485549,0.834485549,0.834485549,0.834485549,0.834485549,0.834485549,0.834485549,0.834485549,0.834485549,0.834485549,0.834485549,0.736310778,0.834485549,0.736310778,0.736310778,0.736310778,0.736310778,0.736310778,0.736310778,0.736310778,0.736310778,0.736310778,0.736310778,0.736310778,0.736310778,0.736310778,0.736310778,0.736310778,0.736310778,0.736310778,0.736310778,0.736310778,0.638136008,0.638136008,0.638136008,0.638136008,0.638136008,0.638136008,0.638136008,0.638136008,0.638136008,0.638136008,0.638136008,0.638136008,0.638136008,0.638136008,0.638136008,0.539961237,0.539961237,0.539961237,0.539961237,0.539961237,0.539961237,0.539961237,0.539961237,0.539961237,0.441786467,0.441786467,0.441786467,0.441786467,0.343611696,0.343611696,0.343611696,0.343611696,0.343611696,0.245436926,0.245436926,0.245436926,0.245436926,0.245436926,0.245436926,0.245436926,0.147262156,0.147262156,0.147262156,0.147262156,0.147262156,0.147262156,0.0490873852,0.0490873852,0.147262156,0.147262156,0.147262156,0.147262156,0.245436926,0.245436926,0.343611696,0.343611696,0.441786467,0.441786467,0.539961237,0.539961237,0.539961237,0.638136008,0.638136008,0.638136008,0.638136008,0.638136008,0.638136008,0.638136008,0.638136008,0.638136008,0.638136008,0.539961237,0.539961237,0.539961237,0.539961237,0.539961237,0.539961237,0.539961237,0.539961237,0.539961237,0.539961237,0.539961237,0.539961237,0.441786467,0.441786467,0.441786467,0.441786467,0.441786467,0.441786467,0.441786467
136.161132097,C01,AP01,client_to_ap,VHT,2,2,2,80,SU,1,4,122,6637c97e16e6ce8a,0.834485549,0.834485549,0.834485549,0.834485549,0.834485549,0.834485549,0.834485549,0.834485549,0.834485549,0.834485549,0.834485549,0.834485549,0.834485549,0.736310778,0.736310778,0.736310778,0.736310778,0.736310778,0.736310778,0.736310778,0.736310778,0.736310778,0.736310778,0.736310778,0.736310778,0.736310778,0.736310778,0.736310778,0.736310778,0.736310778,0.638136008,0.638136008,0.638136008,0.638136008,0.638136008,0.638136008,0.638136008,0.638136008,0.638136008,0.638136008,0.638136008,0.638136008,0.638136008,0.638136008,0.638136008,0.638136008,0.638136008,0.539961237,0.539961237,0.539961237,0.539961237,0.539961237,0.539961237,0.539961237,0.539961237,0.539961237,0.441786467,0.441786467,0.441786467,0.441786467,0.441786467,0.343611696,0.343611696,0.343611696,0.343611696,0.245436926,0.245436926,0.245436926,0.245436926,0.245436926,0.245436926,0.147262156,0.147262156,0.147262156,0.147262156,0.147262156,0.147262156,0.147262156,0.0490873852,0.0490873852,0.0490873852,0.147262156,0.147262156,0.147262156,0.245436926,0.245436926,0.343611696,0.343611696,0.441786467,0.441786467,0.539961237,0.539961237,0.638136008,0.638136008,0.638136008,0.638136008,0.638136008,0.638136008,0.638136008,0.638136008,0.638136008,0.638136008,0.638136008,0.539961237,0.539961237,0.539961237,0.539961237,0.539961237,0.539961237,0.539961237,0.539961237,0.539961237,0.539961237,0.539961237,0.539961237,0.539961237,0.441786467,0.441786467,0.441786467,0.441786467,0.441786467,0.441786467
137.491899014,C01,AP01,client_to_ap,VHT,2,2,2,80,SU,1,4,122,6637c97e16e6ce8a,0.834485549,0.834485549,0.834485549,0.834485549,0.834485549,0.834485549,0.834485549,0.834485549,0.834485549,0.834485549,0.736310778,0.736310778,0.834485549,0.736310778,0.736310778,0.736310778,0.736310778,0.736310778,0.736310778,0.736310778,0.736310778,0.736310778,0.736310778,0.736310778,0.736310778,0.736310778,0.736310778,0.736310778,0.736310778,0.736310778,0.638136008,0.638136008,0.638136008,0.638136008,0.638136008,0.638136008,0.638136008,0.638136008,0.638136008,0.638136008,0.638136008,0.638136008,0.638136008,0.638136008,0.638136008,0.638136008,0.638136008,0.539961237,0.539961237,0.539961237,0.539961237,0.539961237,0.539961237,0.539961237,0.539961237,0.441786467,0.441786467,0.441786467,0.441786467,0.441786467,0.343611696,0.343611696,0.343611696,0.343611696,0.245436926,0.245436926,0.245436926,0.245436926,0.245436926,0.245436926,0.147262156,0.147262156,0.147262156,0.147262156,0.147262156,0.147262156,0.147262156,0.147262156,0.0490873852,0.0490873852,0.147262156,0.147262156,0.147262156,0.147262156,0.245436926,0.245436926,0.343611696,0.343611696,0.441786467,0.441786467,0.539961237,0.539961237,0.539961237,0.638136008,0.638136008,0.638136008,0.638136008,0.638136008,0.638136008,0.638136008,0.638136008,0.638136008,0.539961237,0.539961237,0.539961237,0.539961237,0.539961237,0.539961237,0.539961237,0.539961237,0.539961237,0.539961237,0.539961237,0.539961237,0.441786467,0.441786467,0.441786467,0.441786467,0.441786467,0.441786467,0.441786467,0.441786467
138.818932056,C01,AP01,client_to_ap,VHT,2,2,2,80,SU,1,4,122,6637c97e16e6ce8a,0.834485549,0.834485549,0.834485549,0.834485549,0.834485549,0.834485549,0.834485549,0.834485549,0.834485549,0.834485549,0.834485549,0.834485549,0.834485549,0.736310778,0.736310778,0.736310778,0.736310778,0.736310778,0.736310778,0.736310778,0.736310778,0.736310778,0.736310778,0.736310778,0.736310778,0.736310778,0.736310778,0.736310778,0.736310778,0.736310778,0.638136008,0.638136008,0.638136008,0.638136008,0.638136008,0.638136008,0.638136008,0.638136008,0.638136008,0.638136008,0.638136008,0.638136008,0.638136008,0.638136008,0.638136008,0.638136008,0.638136008,0.539961237,0.539961237,0.539961237,0.539961237,0.539961237,0.539961237,0.539961237,0.539961237,0.441786467,0.441786467,0.441786467,0.441786467,0.441786467,0.343611696,0.343611696,0.343611696,0.343611696,0.343611696,0.245436926,0.245436926,0.245436926,0.245436926,0.245436926,0.245436926,0.147262156,0.147262156,0.147262156,0.147262156,0.147262156,0.147262156,0.0490873852,0.0490873852,0.147262156,0.147262156,0.147262156,0.147262156,0.147262156,0.245436926,0.245436926,0.343611696,0.343611696,0.441786467,0.441786467,0.539961237,0.539961237,0.539961237,0.539961237,0.638136008,0.638136008,0.638136008,0.638136008,0.638136008,0.638136008,0.638136008,0.638136008,0.539961237,0.539961237,0.539961237,0.539961237,0.539961237,0.539961237,0.539961237,0.539961237,0.539961237,0.539961237,0.441786467,0.441786467,0.539961237,0.441786467,0.441786467,0.441786467,0.441786467,0.441786467,0.441786467,0.441786467
140.150961161,C01,AP01,client_to_ap,VHT,2,2,2,80,SU,1,4,122,6637c97e16e6ce8a,0.834485549,0.834485549,0.834485549,0.834485549,0.834485549,0.834485549,0.834485549,0.834485549,0.834485549,0.834485549,0.736310778,0.834485549,0.834485549,0.736310778,0.736310778,0.736310778,0.736310778,0.736310778,0.736310778,0.736310778,0.736310778,0.736310778,0.736310778,0.736310778,0.736310778,0.736310778,0.736310778,0.736310778,0.736310778,0.736310778,0.638136008,0.638136008,0.638136008,0.638136008,0.638136008,0.638136008,0.638136008,0.638136008,0.638136008,0.638136008,0.638136008,0.638136008,0.638136008,0.638136008,0.638136008,0.638136008,0.638136008,0.539961237,0.539961237,0.539961237,0.539961237,0.539961237,0.539961237,0.539961237,0.539961237,0.441786467,0.441786467,0.441786467,0.441786467,0.441786467,0.343611696,0.343611696,0.343611696,0.343611696,0.245436926,0.245436926,0.245436926,0.245436926,0.245436926,0.245436926,0.245436926,0.147262156,0.147262156,0.147262156,0.147262156,0.147262156,0.147262156,0.147262156,0.0490873852,0.0490873852,0.0490873852,0.147262156,0.147262156,0.147262156,0.245436926,0.245436926,0.343611696,0.343611696,0.441786467,0.441786467,0.539961237,0.539961237,0.539961237,0.539961237,0.638136008,0.638136008,0.638136008,0.638136008,0.638136008,0.638136008,0.638136008,0.638136008,0.539961237,0.539961237,0.539961237,0.539961237,0.539961237,0.539961237,0.539961237,0.539961237,0.539961237,0.539961237,0.539961237,0.539961237,0.539961237,0.441786467,0.441786467,0.441786467,0.441786467,0.441786467,0.441786467,0.441786467
141.482468128,C01,AP01,client_to_ap,VHT,2,2,2,80,SU,1,4,122,6637c97e16e6ce8a,0.834485549,0.834485549,0.834485549,0.834485549,0.834485549,0.834485549,0.834485549,0.834485549,0.834485549,0.834485549,0.834485549,0.834485549,0.834485549,0.736310778,0.736310778,0.736310778,0.736310778,0.736310778,0.736310778,0.736310778,0.736310778,0.736310778,0.736310778,0.736310778,0.736310778,0.736310778,0.736310778,0.736310778,0.736310778,0.736310778,0.736310778,0.638136008,0.638136008,0.638136008,0.638136008,0.638136008,0.638136008,0.638136008,0.638136008,0.638136008,0.638136008,0.638136008,0.638136008,0.638136008,0.638136008,0.638136008,0.638136008,0.539961237,0.539961237,0.539961237,0.539961237,0.539961237,0.539961237,0.539961237,0.539961237,0.539961237,0.441786467,0.441786467,0.441786467,0.441786467,0.343611696,0.343611696,0.343611696,0.343611696,0.245436926,0.245436926,0.245436926,0.245436926,0.245436926,0.245436926,0.245436926,0.147262156,0.147262156,0.147262156,0.147262156,0.147262156,0.147262156,0.147262156,0.0490873852,0.147262156,0.0490873852,0.147262156,0.147262156,0.147262156,0.245436926,0.245436926,0.343611696,0.343611696,0.441786467,0.441786467,0.539961237,0.539961237,0.539961237,0.638136008,0.638136008,0.638136008,0.638136008,0.638136008,0.638136008,0.638136008,0.638136008,0.638136008,0.539961237,0.539961237,0.539961237,0.539961237,0.539961237,0.539961237,0.539961237,0.539961237,0.539961237,0.539961237,0.539961237,0.539961237,0.539961237,0.539961237,0.441786467,0.441786467,0.441786467,0.441786467,0.441786467,0.441786467
142.814311028,C01,AP01,client_to_ap,VHT,2,2,2,80,SU,1,4,122,6637c97e16e6ce8a,0.834485549,0.834485549,0.834485549,0.834485549,0.834485549,0.834485549,0.834485549,0.834485549,0.834485549,0.834485549,0.834485549,0.736310778,0.736310778,0.736310778,0.736310778,0.736310778,0.736310778,0.736310778,0.736310778,0.736310778,0.736310778,0.736310778,0.736310778,0.736310778,0.736310778,0.736310778,0.736310778,0.736310778,0.736310778,0.736310778,0.638136008,0.638136008,0.638136008,0.638136008,0.638136008,0.638136008,0.638136008,0.638136008,0.638136008,0.638136008,0.638136008,0.638136008,0.638136008,0.638136008,0.638136008,0.638136008,0.638136008,0.539961237,0.539961237,0.539961237,0.539961237,0.539961237,0.539961237,0.539961237,0.539961237,0.441786467,0.441786467,0.441786467,0.441786467,0.441786467,0.343611696,0.343611696,0.343611696,0.343611696,0.245436926,0.245436926,0.245436926,0.245436926,0.245436926,0.245436926,0.245436926,0.147262156,0.147262156,0.147262156,0.147262156,0.147262156,0.147262156,0.147262156,0.0490873852,0.0490873852,0.147262156,0.147262156,0.147262156,0.147262156,0.245436926,0.245436926,0.343611696,0.343611696,0.441786467,0.441786467,0.539961237,0.539961237,0.539961237,0.638136008,0.638136008,0.638136008,0.638136008,0.638136008,0.638136008,0.638136008,0.638136008,0.638136008,0.539961237,0.539961237,0.539961237,0.539961237,0.539961237,0.539961237,0.539961237,0.539961237,0.539961237,0.539961237,0.539961237,0.539961237,0.441786467,0.441786467,0.441786467,0.441786467,0.441786467,0.441786467,0.441786467,0.441786467
144.142657995,C01,AP01,client_to_ap,VHT,2,2,2,80,SU,1,4,122,6637c97e16e6ce8a,0.834485549,0.834485549,0.834485549,0.834485549,0.834485549,0.834485549,0.834485549,0.834485549,0.834485549,0.834485549,0.834485549,0.736310778,0.736310778,0.736310778,0.736310778,0.736310778,0.736310778,0.736310778,0.736310778,0.736310778,0.736310778,0.736310778,0.736310778,0.736310778,0.736310778,0.736310778,0.736310778,0.736310778,0.736310778,0.736310778,0.638136008,0.638136008,0.638136008,0.638136008,0.638136008,0.638136008,0.638136008,0.638136008,0.638136008,0.638136008,0.638136008,0.638136008,0.638136008,0.638136008,0.539961237,0.638136008,0.638136008,0.539961237,0.539961237,0.539961237,0.539961237,0.539961237,0.539961237,0.539961237,0.539961237,0.441786467,0.441786467,0.441786467,0.441786467,0.441786467,0.343611696,0.343611696,0.343611696,0.343611696,0.245436926,0.245436926,0.245436926,0.245436926,0.245436926,0.245436926,0.147262156,0.147262156,0.147262156,0.147262156,0.147262156,0.147262156,0.147262156,0.147262156,0.0490873852,0.147262156,0.147262156,0.147262156,0.147262156,0.147262156,0.245436926,0.245436926,0.343611696,0.343611696,0.441786467,0.441786467,0.539961237,0.539961237,0.539961237,0.539961237,0.638136008,0.638136008,0.638136008,0.638136008,0.638136008,0.638136008,0.638136008,0.539961237,0.539961237,0.539961237,0.539961237,0.539961237,0.539961237,0.539961237,0.539961237,0.539961237,0.539961237,0.539961237,0.539961237,0.441786467,0.441786467,0.539961237,0.441786467,0.441786467,0.441786467,0.441786467,0.441786467,0.441786467
145.472984076,C01,AP01,client_to_ap,VHT,2,2,2,80,SU,1,4,122,6637c97e16e6ce8a,0.834485549,0.834485549,0.834485549,0.834485549,0.834485549,0.834485549,0.834485549,0.834485549,0.736310778,0.736310778,0.736310778,0.736310778,0.736310778,0.736310778,0.736310778,0.736310778,0.736310778,0.736310778,0.736310778,0.736310778,0.736310778,0.736310778,0.736310778,0.736310778,0.736310778,0.736310778,0.736310778,0.736310778,0.736310778,0.638136008,0.638136008,0.638136008,0.638136008,0.638136008,0.638136008,0.638136008,0.638136008,0.638136008,0.638136008,0.638136008,0.638136008,0.638136008,0.539961237,0.539961237,0.539961237,0.539961237,0.539961237,0.539961237,0.539961237,0.539961237,0.539961237,0.539961237,0.539961237,0.539961237,0.441786467,0.441786467,0.441786467,0.441786467,0.441786467,0.343611696,0.343611696,0.343611696,0.343611696,0.343611696,0.245436926,0.245436926,0.245436926,0.245436926,0.245436926,0.147262156,0.147262156,0.147262156,0.147262156,0.147262156,0.147262156,0.147262156,0.0490873852,0.0490873852,0.0490873852,0.0490873852,0.0490873852,0.147262156,0.147262156,0.147262156,0.245436926,0.245436926,0.343611696,0.343611696,0.441786467,0.441786467,0.441786467,0.539961237,0.539961237,0.539961237,0.539961237,0.539961237,0.539961237,0.638136008,0.539961237,0.539961237,0.539961237,0.539961237,0.539961237,0.539961237,0.539961237,0.539961237,0.539961237,0.539961237,0.539961237,0.539961237,0.539961237,0.539961237,0.441786467,0.441786467,0.441786467,0.441786467,0.441786467,0.441786467,0.441786467,0.441786467,0.441786467,0.441786467
146.808977127,C01,AP01,client_to_ap,VHT,2,2,2,80,SU,1,4,122,6637c97e16e6ce8a,0.834485549,0.834485549,0.834485549,0.834485549,0.834485549,0.834485549,0.834485549,0.834485549,0.834485549,0.834485549,0.834485549,0.834485549,0.834485549,0.736310778,0.736310778,0.736310778,0.736310778,0.736310778,0.736310778,0.736310778,0.736310778,0.736310778,0.736310778,0.736310778,0.736310778,0.736310778,0.736310778,0.736310778,0.736310778,0.736310778,0.638136008,0.638136008,0.638136008,0.638136008,0.638136008,0.638136008,0.638136008,0.638136008,0.638136008,0.638136008,0.638136008,0.638136008,0.638136008,0.638136008,0.638136008,0.638136008,0.539961237,0.539961237,0.539961237,0.539961237,0.539961237,0.539961237,0.539961237,0.539961237,0.539961237,0.539961237,0.441786467,0.441786467,0.441786467,0.441786467,0.343611696,0.343611696,0.343611696,0.343611696,0.245436926,0.245436926,0.245436926,0.245436926,0.245436926,0.245436926,0.245436926,0.147262156,0.147262156,0.147262156,0.147262156,0.147262156,0.147262156,0.147262156,0.147262156,0.0490873852,0.0490873852,0.147262156,0.147262156,0.147262156,0.245436926,0.245436926,0.343611696,0.343611696,0.441786467,0.441786467,0.539961237,0.539961237,0.539961237,0.539961237,0.638136008,0.638136008,0.638136008,0.638136008,0.638136008,0.638136008,0.539961237,0.539961237,0.539961237,0.539961237,0.539961237,0.539961237,0.539961237,0.539961237,0.539961237,0.539961237,0.539961237,0.539961237,0.539961237,0.539961237,0.441786467,0.441786467,0.441786467,0.441786467,0.441786467,0.441786467,0.441786467,0.441786467
148.142790079,C01,AP01,client_to_ap,VHT,2,2,2,80,SU,1,4,122,6637c97e16e6ce8a,0.834485549,0.834485549,0.834485549,0.834485549,0.834485549,0.834485549,0.834485549,0.834485549,0.834485549,0.834485549,0.834485549,0.834485549,0.834485549,0.736310778,0.736310778,0.736310778,0.736310778,0.736310778,0.736310778,0.736310778,0.736310778,0.736310778,0.736310778,0.736310778,0.736310778,0.736310778,0.736310778,0.736310778,0.736310778,0.736310778,0.638136008,0.638136008,0.638136008,0.638136008,0.638136008,0.638136008,0.638136008,0.638136008,0.638136008,0.638136008,0.638136008,0.638136008,0.638136008,0.638136008,0.638136008,0.638136008,0.638136008,0.539961237,0.539961237,0.539961237,0.539961237,0.539961237,0.539961237,0.539961237,0.539961237,0.441786467,0.441786467,0.441786467,0.441786467,0.441786467,0.441786467,0.343611696,0.343611696,0.343611696,0.245436926,0.245436926,0.245436926,0.245436926,0.245436926,0.245436926,0.147262156,0.147262156,0.147262156,0.147262156,0.147262156,0.147262156,0.0490873852,0.0490873852,0.0490873852,0.0490873852,0.0490873852,0.147262156,0.147262156,0.245436926,0.245436926,0.245436926,0.343611696,0.343611696,0.441786467,0.441786467,0.539961237,0.539961237,0.539961237,0.638136008,0.638136008,0.638136008,0.638136008,0.638136008,0.638136008,0.638136008,0.638136008,0.638136008,0.539961237,0.539961237,0.539961237,0.539961237,0.539961237,0.539961237,0.539961237,0.539961237,0.539961237,0.539961237,0.539961237,0.539961237,0.539961237,0.441786467,0.441786467,0.441786467,0.441786467,0.441786467,0.441786467,0.441786467
149.472288132,C01,AP01,client_to_ap,VHT,2,2,2,80,SU,1,4,122,6637c97e16e6ce8a,0.834485549,0.834485549,0.834485549,0.834485549,0.834485549,0.834485549,0.834485549,0.834485549,0.834485549,0.834485549,0.834485549,0.834485549,0.834485549,0.736310778,0.736310778,0.736310778,0.736310778,0.736310778,0.736310778,0.736310778,0.736310778,0.736310778,0.736310778,0.736310778,0.736310778,0.736310778,0.736310778,0.736310778,0.736310778,0.736310778,0.736310778,0.638136008,0.638136008,0.638136008,0.638136008,0.638136008,0.638136008,0.638136008,0.638136008,0.638136008,0.638136008,0.638136008,0.638136008,0.638136008,0.638136008,0.638136008,0.638136008,0.539961237,0.539961237,0.539961237,0.539961237,0.539961237,0.539961237,0.539961237,0.539961237,0.539961237,0.441786467,0.441786467,0.441786467,0.441786467,0.343611696,0.343611696,0.343611696,0.343611696,0.343611696,0.245436926,0.245436926,0.245436926,0.245436926,0.245436926,0.147262156,0.147262156,0.147262156,0.147262156,0.147262156,0.147262156,0.147262156,0.147262156,0.0490873852,0.147262156,0.147262156,0.147262156,0.147262156,0.147262156,0.245436926,0.245436926,0.343611696,0.441786467,0.441786467,0.441786467,0.539961237,0.539961237,0.638136008,0.539961237,0.638136008,0.638136008,0.638136008,0.638136008,0.638136008,0.638136008,0.638136008,0.638136008,0.539961237,0.539961237,0.539961237,0.539961237,0.539961237,0.539961237,0.539961237,0.539961237,0.539961237,0.539961237,0.441786467,0.441786467,0.539961237,0.441786467,0.441786467,0.441786467,0.441786467,0.441786467,0.441786467,0.441786467
150.808823109,C01,AP01,client_to_ap,VHT,2,2,2,80,SU,1,4,122,6637c97e16e6ce8a,0.834485549,0.834485549,0.834485549,0.834485549,0.834485549,0.834485549,0.834485549,0.834485549,0.834485549,0.834485549,0.834485549,0.834485549,0.834485549,0.736310778,0.736310778,0.736310778,0.736310778,0.736310778,0.736310778,0.736310778,0.736310778,0.736310778,0.736310778,0.736310778,0.736310778,0.736310778,0.736310778,0.736310778,0.736310778,0.736310778,0.736310778,0.638136008,0.638136008,0.638136008,0.638136008,0.638136008,0.638136008,0.638136008,0.638136008,0.638136008,0.638136008,0.638136008,0.638136008,0.638136008,0.638136008,0.638136008,0.638136008,0.539961237,0.539961237,0.539961237,0.539961237,0.539961237,0.539961237,0.539961237,0.539961237,0.539961237,0.441786467,0.441786467,0.441786467,0.441786467,0.343611696,0.343611696,0.343611696,0.343611696,0.245436926,0.245436926,0.245436926,0.245436926,0.245436926,0.245436926,0.245436926,0.147262156,0.147262156,0.147262156,0.147262156,0.147262156,0.147262156,0.147262156,0.0490873852,0.147262156,0.147262156,0.147262156,0.147262156,0.147262156,0.245436926,0.245436926,0.343611696,0.343611696,0.441786467,0.441786467,0.539961237,0.539961237,0.539961237,0.638136008,0.638136008,0.638136008,0.638136008,0.638136008,0.638136008,0.638136008,0.638136008,0.638136008,0.638136008,0.539961237,0.539961237,0.539961237,0.539961237,0.539961237,0.539961237,0.539961237,0.539961237,0.539961237,0.441786467,0.539961237,0.539961237,0.539961237,0.441786467,0.441786467,0.441786467,0.441786467,0.441786467,0.441786467
152.140817165,C01,AP01,client_to_ap,VHT,2,2,2,80,SU,1,4,122,6637c97e16e6ce8a,0.834485549,0.834485549,0.834485549,0.834485549,0.834485549,0.834485549,0.834485549,0.834485549,0.834485549,0.834485549,0.834485549,0.736310778,0.736310778,0.736310778,0.736310778,0.736310778,0.736310778,0.736310778,0.736310778,0.736310778,0.736310778,0.736310778,0.736310778,0.736310778,0.736310778,0.736310778,0.736310778,0.736310778,0.736310778,0.736310778,0.638136008,0.638136008,0.638136008,0.638136008,0.638136008,0.638136008,0.638136008,0.638136008,0.638136008,0.638136008,0.638136008,0.638136008,0.638136008,0.638136008,0.638136008,0.638136008,0.638136008,0.539961237,0.539961237,0.539961237,0.539961237,0.539961237,0.539961237,0.539961237,0.539961237,0.441786467,0.441786467,0.441786467,0.441786467,0.441786467,0.343611696,0.343611696,0.343611696,0.343611696,0.245436926,0.245436926,0.245436926,0.245436926,0.245436926,0.245436926,0.147262156,0.147262156,0.147262156,0.147262156,0.147262156,0.147262156,0.147262156,0.147262156,0.0490873852,0.0490873852,0.0490873852,0.147262156,0.147262156,0.147262156,0.245436926,0.245436926,0.245436926,0.343611696,0.441786467,0.441786467,0.539961237,0.539961237,0.539961237,0.539961237,0.638136008,0.638136008,0.638136008,0.638136008,0.638136008,0.638136008,0.638136008,0.539961237,0.638136008,0.539961237,0.539961237,0.539961237,0.539961237,0.539961237,0.539961237,0.539961237,0.539961237,0.539961237,0.441786467,0.441786467,0.539961237,0.441786467,0.441786467,0.441786467,0.441786467,0.441786467,0.441786467,0.441786467
153.472836971,C01,AP01,client_to_ap,VHT,2,2,2,80,SU,1,4,122,6637c97e16e6ce8a,0.834485549,0.834485549,0.834485549,0.834485549,0.834485549,0.834485549,0.834485549,0.834485549,0.834485549,0.834485549,0.834485549,0.736310778,0.736310778,0.736310778,0.736310778,0.736310778,0.736310778,0.736310778,0.736310778,0.736310778,0.736310778,0.736310778,0.736310778,0.736310778,0.736310778,0.736310778,0.736310778,0.736310778,0.736310778,0.736310778,0.638136008,0.638136008,0.638136008,0.638136008,0.638136008,0.638136008,0.638136008,0.638136008,0.638136008,0.638136008,0.638136008,0.638136008,0.638136008,0.638136008,0.638136008,0.638136008,0.638136008,0.539961237,0.539961237,0.539961237,0.539961237,0.539961237,0.539961237,0.539961237,0.539961237,0.441786467,0.441786467,0.441786467,0.441786467,0.441786467,0.343611696,0.343611696,0.343611696,0.343611696,0.245436926,0.245436926,0.245436926,0.245436926,0.245436926,0.245436926,0.245436926,0.147262156,0.147262156,0.147262156,0.147262156,0.147262156,0.147262156,0.147262156,0.0490873852,0.0490873852,0.0490873852,0.147262156,0.147262156,0.147262156,0.245436926,0.245436926,0.343611696,0.343611696,0.441786467,0.441786467,0.441786467,0.539961237,0.539961237,0.539961237,0.638136008,0.638136008,0.638136008,0.638136008,0.638136008,0.638136008,0.638136008,0.638136008,0.638136008,0.539961237,0.539961237,0.539961237,0.539961237,0.539961237,0.539961237,0.539961237,0.539961237,0.539961237,0.441786467,0.441786467,0.441786467,0.441786467,0.441786467,0.441786467,0.441786467,0.441786467,0.441786467,0.441786467
154.808781147,C01,AP01,client_to_ap,VHT,2,2,2,80,SU,1,4,122,6637c97e16e6ce8a,0.834485549,0.834485549,0.834485549,0.834485549,0.834485549,0.834485549,0.834485549,0.834485549,0.834485549,0.834485549,0.834485549,0.736310778,0.736310778,0.736310778,0.736310778,0.736310778,0.736310778,0.736310778,0.736310778,0.736310778,0.736310778,0.736310778,0.736310778,0.736310778,0.736310778,0.736310778,0.736310778,0.736310778,0.736310778,0.736310778,0.736310778,0.638136008,0.638136008,0.638136008,0.638136008,0.638136008,0.638136008,0.638136008,0.638136008,0.638136008,0.638136008,0.638136008,0.638136008,0.638136008,0.638136008,0.638136008,0.638136008,0.539961237,0.539961237,0.539961237,0.539961237,0.539961237,0.539961237,0.539961237,0.539961237,0.441786467,0.441786467,0.441786467,0.441786467,0.441786467,0.343611696,0.343611696,0.343611696,0.343611696,0.245436926,0.245436926,0.245436926,0.245436926,0.245436926,0.245436926,0.245436926,0.147262156,0.147262156,0.147262156,0.147262156,0.147262156,0.147262156,0.0490873852,0.0490873852,0.147262156,0.147262156,0.147262156,0.147262156,0.147262156,0.245436926,0.245436926,0.343611696,0.343611696,0.441786467,0.441786467,0.539961237,0.539961237,0.539961237,0.539961237,0.638136008,0.638136008,0.638136008,0.638136008,0.638136008,0.638136008,0.638136008,0.638136008,0.539961237,0.539961237,0.539961237,0.539961237,0.539961237,0.539961237,0.539961237,0.539961237,0.539961237,0.539961237,0.441786467,0.441786467,0.441786467,0.441786467,0.441786467,0.441786467,0.441786467,0.441786467,0.441786467,0.441786467
156.140727997,C01,AP01,client_to_ap,VHT,2,2,2,80,SU,1,4,122,6637c97e16e6ce8a,0.834485549,0.834485549,0.834485549,0.834485549,0.834485549,0.834485549,0.834485549,0.834485549,0.834485549,0.834485549,0.834485549,0.736310778,0.736310778,0.736310778,0.736310778,0.736310778,0.736310778,0.736310778,0.736310778,0.736310778,0.736310778,0.736310778,0.736310778,0.736310778,0.736310778,0.736310778,0.736310778,0.736310778,0.736310778,0.736310778,0.638136008,0.638136008,0.638136008,0.638136008,0.638136008,0.638136008,0.638136008,0.638136008,0.638136008,0.638136008,0.638136008,0.638136008,0.638136008,0.638136008,0.638136008,0.638136008,0.638136008,0.539961237,0.539961237,0.539961237,0.539961237,0.539961237,0.539961237,0.539961237,0.539961237,0.441786467,0.441786467,0.441786467,0.441786467,0.441786467,0.343611696,0.343611696,0.343611696,0.343611696,0.245436926,0.245436926,0.245436926,0.245436926,0.245436926,0.245436926,0.245436926,0.147262156,0.147262156,0.147262156,0.147262156,0.147262156,0.147262156,0.147262156,0.0490873852,0.0490873852,0.0490873852,0.147262156,0.147262156,0.147262156,0.245436926,0.245436926,0.343611696,0.343611696,0.441786467,0.441786467,0.539961237,0.539961237,0.539961237,0.539961237,0.638136008,0.638136008,0.638136008,0.638136008,0.638136008,0.638136008,0.638136008,0.539961237,0.539961237,0.539961237,0.539961237,0.539961237,0.539961237,0.539961237,0.539961237,0.539961237,0.539961237,0.539961237,0.539961237,0.441786467,0.441786467,0.441786467,0.441786467,0.441786467,0.441786467,0.441786467,0.441786467,0.441786467
157.472902060,C01,AP01,client_to_ap,VHT,2,2,2,80,SU,1,4,122,6637c97e16e6ce8a,0.834485549,0.834485549,0.834485549,0.834485549,0.834485549,0.834485549,0.834485549,0.834485549,0.834485549,0.834485549,0.834485549,0.736310778,0.834485549,0.736310778,0.736310778,0.736310778,0.736310778,0.736310778,0.736310778,0.736310778,0.736310778,0.736310778,0.736310778,0.736310778,0.736310778,0.736310778,0.736310778,0.736310778,0.736310778,0.736310778,0.736310778,0.638136008,0.638136008,0.638136008,0.638136008,0.638136008,0.638136008,0.638136008,0.638136008,0.638136008,0.638136008,0.638136008,0.638136008,0.638136008,0.638136008,0.638136008,0.638136008,0.539961237,0.539961237,0.539961237,0.539961237,0.539961237,0.539961237,0.539961237,0.539961237,0.441786467,0.441786467,0.441786467,0.441786467,0.441786467,0.441786467,0.343611696,0.343611696,0.343611696,0.343611696,0.245436926,0.245436926,0.245436926,0.245436926,0.245436926,0.245436926,0.245436926,0.147262156,0.147262156,0.147262156,0.147262156,0.147262156,0.147262156,0.147262156,0.147262156,0.147262156,0.147262156,0.147262156,0.147262156,0.245436926,0.245436926,0.343611696,0.343611696,0.441786467,0.441786467,0.539961237,0.539961237,0.539961237,0.638136008,0.638136008,0.638136008,0.638136008,0.638136008,0.638136008,0.638136008,0.638136008,0.638136008,0.539961237,0.539961237,0.539961237,0.539961237,0.539961237,0.539961237,0.539961237,0.539961237,0.539961237,0.539961237,0.441786467,0.441786467,0.539961237,0.441786467,0.441786467,0.441786467,0.441786467,0.441786467,0.441786467,0.441786467
158.808818102,C01,AP01,client_to_ap,VHT,2,2,2,80,SU,1,4,122,6637c97e16e6ce8a,0.834485549,0.834485549,0.834485549,0.834485549,0.834485549,0.834485549,0.834485549,0.834485549,0.834485549,0.834485549,0.834485549,0.736310778,0.736310778,0.736310778,0.736310778,0.736310778,0.736310778,0.736310778,0.736310778,0.736310778,0.736310778,0.736310778,0.736310778,0.736310778,0.736310778,0.736310778,0.736310778,0.736310778,0.736310778,0.736310778,0.638136008,0.638136008,0.638136008,0.638136008,0.638136008,0.638136008,0.638136008,0.638136008,0.638136008,0.638136008,0.638136008,0.638136008,0.638136008,0.638136008,0.638136008,0.638136008,0.638136008,0.539961237,0.539961237,0.539961237,0.539961237,0.539961237,0.539961237,0.539961237,0.539961237,0.441786467,0.441786467,0.441786467,0.441786467,0.441786467,0.343611696,0.343611696,0.343611696,0.343611696,0.245436926,0.245436926,0.245436926,0.245436926,0.245436926,0.245436926,0.245436926,0.147262156,0.147262156,0.147262156,0.147262156,0.147262156,0.147262156,0.147262156,0.0490873852,0.147262156,0.0490873852,0.147262156,0.147262156,0.147262156,0.245436926,0.245436926,0.343611696,0.343611696,0.441786467,0.441786467,0.441786467,0.539961237,0.539961237,0.539961237,0.638136008,0.638136008,0.638136008,0.638136008,0.638136008,0.638136008,0.638136008,0.638136008,0.539961237,0.539961237,0.539961237,0.539961237,0.539961237,0.539961237,0.539961237,0.539961237,0.539961237,0.539961237,0.539961237,0.441786467,0.441786467,0.441786467,0.441786467,0.441786467,0.441786467,0.441786467,0.441786467,0.441786467
160.140928030,C01,AP01,client_to_ap,VHT,2,2,2,80,SU,1,4,122,6637c97e16e6ce8a,0.834485549,0.834485549,0.834485549,0.834485549,0.834485549,0.834485549,0.834485549,0.834485549,0.834485549,0.834485549,0.834485549,0.736310778,0.736310778,0.736310778,0.736310778,0.736310778,0.736310778,0.736310778,0.736310778,0.736310778,0.736310778,0.736310778,0.736310778,0.736310778,0.736310778,0.736310778,0.736310778,0.736310778,0.736310778,0.736310778,0.736310778,0.638136008,0.638136008,0.638136008,0.638136008,0.638136008,0.638136008,0.638136008,0.638136008,0.638136008,0.638136008,0.638136008,0.638136008,0.638136008,0.638136008,0.638136008,0.638136008,0.539961237,0.539961237,0.539961237,0.539961237,0.539961237,0.539961237,0.539961237,0.539961237,0.441786467,0.441786467,0.441786467,0.441786467,0.441786467,0.343611696,0.343611696,0.343611696,0.343611696,0.245436926,0.245436926,0.245436926,0.245436926,0.245436926,0.245436926,0.245436926,0.147262156,0.147262156,0.147262156,0.147262156,0.147262156,0.147262156,0.0490873852,0.0490873852,0.0490873852,0.0490873852,0.147262156,0.147262156,0.147262156,0.245436926,0.245436926,0.343611696,0.343611696,0.441786467,0.441786467,0.539961237,0.539961237,0.539961237,0.539961237,0.638136008,0.638136008,0.638136008,0.638136008,0.638136008,0.638136008,0.638136008,0.539961237,0.638136008,0.539961237,0.539961237,0.539961237,0.539961237,0.539961237,0.539961237,0.539961237,0.539961237,0.539961237,0.441786467,0.441786467,0.539961237,0.441786467,0.441786467,0.441786467,0.441786467,0.441786467,0.441786467,0.441786467
161.472913027,C01,AP01,client_to_ap,VHT,2,2,2,80,SU,1,4,122,6637c97e16e6ce8a,0.834485549,0.834485549,0.834485549,0.834485549,0.834485549,0.834485549,0.834485549,0.834485549,0.834485549,0.834485549,0.736310778,0.834485549,0.736310778,0.736310778,0.736310778,0.736310778,0.736310778,0.736310778,0.736310778,0.736310778,0.736310778,0.736310778,0.736310778,0.736310778,0.736310778,0.736310778,0.736310778,0.736310778,0.736310778,0.736310778,0.638136008,0.638136008,0.638136008,0.638136008,0.638136008,0.638136008,0.638136008,0.638136008,0.638136008,0.638136008,0.638136008,0.638136008,0.638136008,0.638136008,0.638136008,0.638136008,0.539961237,0.539961237,0.539961237,0.539961237,0.539961237,0.539961237,0.539961237,0.539961237,0.539961237,0.441786467,0.441786467,0.441786467,0.441786467,0.441786467,0.343611696,0.343611696,0.343611696,0.343611696,0.245436926,0.245436926,0.245436926,0.245436926,0.245436926,0.245436926,0.245436926,0.147262156,0.147262156,0.147262156,0.147262156,0.147262156,0.147262156,0.147262156,0.0490873852,0.0490873852,0.0490873852,0.147262156,0.147262156,0.147262156,0.245436926,0.245436926,0.343611696,0.343611696,0.343611696,0.441786467,0.539961237,0.539961237,0.539961237,0.539961237,0.638136008,0.638136008,0.638136008,0.638136008,0.638136008,0.638136008,0.638136008,0.539961237,0.539961237,0.539961237,0.539961237,0.539961237,0.539961237,0.539961237,0.539961237,0.539961237,0.539961237,0.539961237,0.441786467,0.441786467,0.441786467,0.441786467,0.441786467,0.441786467,0.441786467,0.441786467,0.441786467,0.441786467
162.808834076,C01,AP01,client_to_ap,VHT,2,2,2,80,SU,1,4,122,6637c97e16e6ce8a,0.834485549,0.834485549,0.834485549,0.834485549,0.834485549,0.834485549,0.834485549,0.834485549,0.736310778,0.834485549,0.834485549,0.736310778,0.736310778,0.736310778,0.736310778,0.736310778,0.736310778,0.736310778,0.736310778,0.736310778,0.736310778,0.736310778,0.736310778,0.736310778,0.736310778,0.736310778,0.736310778,0.736310778,0.736310778,0.736310778,0.638136008,0.638136008,0.638136008,0.638136008,0.638136008,0.638136008,0.638136008,0.638136008,0.638136008,0.638136008,0.638136008,0.638136008,0.638136008,0.638136008,0.539961237,0.638136008,0.638136008,0.539961237,0.539961237,0.539961237,0.539961237,0.539961237,0.539961237,0.539961237,0.539961237,0.441786467,0.441786467,0.441786467,0.441786467,0.441786467,0.343611696,0.343611696,0.343611696,0.343611696,0.343611696,0.245436926,0.245436926,0.245436926,0.245436926,0.245436926,0.147262156,0.147262156,0.147262156,0.147262156,0.147262156,0.147262156,0.147262156,0.147262156,0.0490873852,0.0490873852,0.147262156,0.147262156,0.147262156,0.245436926,0.245436926,0.245436926,0.343611696,0.343611696,0.441786467,0.441786467,0.539961237,0.539961237,0.539961237,0.539961237,0.638136008,0.638136008,0.638136008,0.638136008,0.638136008,0.638136008,0.638136008,0.539961237,0.539961237,0.539961237,0.539961237,0.539961237,0.539961237,0.539961237,0.539961237,0.539961237,0.539961237,0.539961237,0.441786467,0.441786467,0.539961237,0.539961237,0.441786467,0.441786467,0.441786467,0.441786467,0.441786467,0.441786467
164.140393019,C01,AP01,client_to_ap,VHT,2,2,2,80,SU,1,4,122,6637c97e16e6ce8a,0.834485549,0.834485549,0.834485549,0.834485549,0.834485549,0.834485549,0.834485549,0.834485549,0.834485549,0.834485549,0.834485549,0.736310778,0.834485549,0.736310778,0.736310778,0.736310778,0.736310778,0.736310778,0.736310778,0.736310778,0.736310778,0.736310778,0.736310778,0.736310778,0.736310778,0.736310778,0.736310778,0.736310778,0.736310778,0.736310778,0.736310778,0.638136008,0.638136008,0.638136008,0.638136008,0.638136008,0.638136008,0.638136008,0.638136008,0.638136008,0.638136008,0.638136008,0.638136008,0.638136008,0.638136008,0.638136008,0.638136008,0.539961237,0.539961237,0.539961237,0.539961237,0.539961237,0.539961237,0.539961237,0.539961237,0.539961237,0.441786467,0.441786467,0.441786467,0.441786467,0.343611696,0.343611696,0.343611696,0.343611696,0.245436926,0.245436926,0.245436926,0.245436926,0.245436926,0.245436926,0.245436926,0.147262156,0.147262156,0.147262156,0.147262156,0.147262156,0.147262156,0.147262156,0.147262156,0.147262156,0.147262156,0.147262156,0.147262156,0.147262156,0.245436926,0.245436926,0.343611696,0.343611696,0.441786467,0.441786467,0.539961237,0.539961237,0.539961237,0.539961237,0.638136008,0.638136008,0.638136008,0.638136008,0.638136008,0.638136008,0.638136008,0.638136008,0.539961237,0.539961237,0.539961237,0.539961237,0.539961237,0.539961237,0.539961237,0.539961237,0.539961237,0.539961237,0.441786467,0.539961237,0.539961237,0.441786467,0.441786467,0.441786467,0.441786467,0.441786467,0.441786467,0.441786467
165.472538948,C01,AP01,client_to_ap,VHT,2,2,2,80,SU,1,4,122,6637c97e16e6ce8a,0.834485549,0.834485549,0.834485549,0.834485549,0.834485549,0.834485549,0.834485549,0.834485549,0.834485549,0.834485549,0.834485549,0.736310778,0.736310778,0.736310778,0.736310778,0.736310778,0.736310778,0.736310778,0.736310778,0.736310778,0.736310778,0.736310778,0.736310778,0.736310778,0.736310778,0.736310778,0.736310778,0.736310778,0.736310778,0.736310778,0.638136008,0.638136008,0.638136008,0.638136008,0.638136008,0.638136008,0.638136008,0.638136008,0.638136008,0.638136008,0.638136008,0.638136008,0.638136008,0.638136008,0.638136008,0.638136008,0.638136008,0.539961237,0.539961237,0.539961237,0.539961237,0.539961237,0.539961237,0.539961237,0.539961237,0.441786467,0.441786467,0.441786467,0.441786467,0.441786467,0.343611696,0.343611696,0.343611696,0.343611696,0.245436926,0.245436926,0.245436926,0.245436926,0.245436926,0.245436926,0.245436926,0.147262156,0.147262156,0.147262156,0.147262156,0.147262156,0.147262156,0.147262156,0.0490873852,0.147262156,0.0490873852,0.147262156,0.147262156,0.147262156,0.245436926,0.245436926,0.343611696,0.343611696,0.441786467,0.441786467,0.539961237,0.539961237,0.539961237,0.539961237,0.638136008,0.638136008,0.638136008,0.638136008,0.638136008,0.638136008,0.638136008,0.638136008,0.539961237,0.539961237,0.539961237,0.539961237,0.539961237,0.539961237,0.539961237,0.539961237,0.539961237,0.539961237,0.539961237,0.539961237,0.441786467,0.441786467,0.441786467,0.441786467,0.441786467,0.441786467,0.441786467,0.441786467
166.808604002,C01,AP01,client_to_ap,VHT,2,2,2,80,SU,1,4,122,6637c97e16e6ce8a,0.834485549,0.834485549,0.834485549,0.834485549,0.834485549,0.834485549,0.834485549,0.834485549,0.834485549,0.834485549,0.736310778,0.736310778,0.736310778,0.736310778,0.736310778,0.736310778,0.736310778,0.736310778,0.736310778,0.736310778,0.736310778,0.736310778,0.736310778,0.736310778,0.736310778,0.736310778,0.736310778,0.736310778,0.736310778,0.736310778,0.638136008,0.638136008,0.638136008,0.638136008,0.638136008,0.638136008,0.638136008,0.638136008,0.638136008,0.638136008,0.638136008,0.638136008,0.638136008,0.638136008,0.638136008,0.638136008,0.638136008,0.539961237,0.539961237,0.539961237,0.539961237,0.539961237,0.539961237,0.539961237,0.539961237,0.441786467,0.441786467,0.441786467,0.441786467,0.441786467,0.343611696,0.343611696,0.343611696,0.343611696,0.245436926,0.245436926,0.245436926,0.245436926,0.245436926,0.245436926,0.245436926,0.245436926,0.147262156,0.147262156,0.147262156,0.147262156,0.147262156,0.147262156,0.147262156,0.0490873852,0.147262156,0.147262156,0.147262156,0.147262156,0.245436926,0.245436926,0.343611696,0.343611696,0.441786467,0.441786467,0.539961237,0.539961237,0.539961237,0.638136008,0.638136008,0.638136008,0.638136008,0.638136008,0.638136008,0.638136008,0.638136008,0.638136008,0.539961237,0.539961237,0.539961237,0.539961237,0.539961237,0.539961237,0.539961237,0.539961237,0.539961237,0.539961237,0.539961237,0.441786467,0.441786467,0.441786467,0.441786467,0.441786467,0.441786467,0.441786467,0.441786467,0.441786467
168.140738010,C01,AP01,client_to_ap,VHT,2,2,2,80,SU,1,4,122,6637c97e16e6ce8a,0.834485549,0.834485549,0.834485549,0.834485549,0.834485549,0.834485549,0.834485549,0.834485549,0.834485549,0.834485549,0.834485549,0.736310778,0.736310778,0.736310778,0.736310778,0.736310778,0.736310778,0.736310778,0.736310778,0.736310778,0.736310778,0.736310778,0.736310778,0.736310778,0.736310778,0.736310778,0.736310778,0.736310778,0.736310778,0.736310778,0.736310778,0.638136008,0.638136008,0.638136008,0.638136008,0.638136008,0.638136008,0.638136008,0.638136008,0.638136008,0.638136008,0.638136008,0.638136008,0.638136008,0.638136008,0.638136008,0.638136008,0.539961237,0.539961237,0.539961237,0.539961237,0.539961237,0.539961237,0.539961237,0.539961237,0.539961237,0.441786467,0.441786467,0.441786467,0.441786467,0.343611696,0.343611696,0.343611696,0.343611696,0.245436926,0.245436926,0.245436926,0.245436926,0.245436926,0.245436926,0.245436926,0.147262156,0.147262156,0.147262156,0.147262156,0.147262156,0.147262156,0.147262156,0.0490873852,0.147262156,0.147262156,0.147262156,0.147262156,0.147262156,0.245436926,0.245436926,0.343611696,0.343611696,0.441786467,0.441786467,0.539961237,0.539961237,0.539961237,0.539961237,0.638136008,0.638136008,0.638136008,0.638136008,0.638136008,0.638136008,0.638136008,0.638136008,0.539961237,0.539961237,0.539961237,0.539961237,0.539961237,0.539961237,0.539961237,0.539961237,0.539961237,0.539961237,0.441786467,0.441786467,0.539961237,0.441786467,0.441786467,0.441786467,0.441786467,0.441786467,0.441786467,0.441786467
169.472903967,C01,AP01,client_to_ap,VHT,2,2,2,80,SU,1,4,122,6637c97e16e6ce8a,0.834485549,0.834485549,0.834485549,0.834485549,0.834485549,0.834485549,0.834485549,0.834485549,0.834485549,0.834485549,0.834485549,0.736310778,0.736310778,0.736310778,0.736310778,0.736310778,0.736310778,0.736310778,0.736310778,0.736310778,0.736310778,0.736310778,0.736310778,0.736310778,0.736310778,0.736310778,0.736310778,0.736310778,0.736310778,0.736310778,0.736310778,0.638136008,0.638136008,0.638136008,0.638136008,0.638136008,0.638136008,0.638136008,0.638136008,0.638136008,0.638136008,0.638136008,0.638136008,0.638136008,0.638136008,0.638136008,0.638136008,0.539961237,0.539961237,0.539961237,0.539961237,0.539961237,0.539961237,0.539961237,0.539961237,0.441786467,0.441786467,0.441786467,0.441786467,0.441786467,0.441786467,0.343611696,0.343611696,0.343611696,0.343611696,0.245436926,0.245436926,0.245436926,0.245436926,0.245436926,0.245436926,0.147262156,0.147262156,0.147262156,0.147262156,0.147262156,0.147262156,0.147262156,0.0490873852,0.147262156,0.0490873852,0.147262156,0.147262156,0.147262156,0.245436926,0.245436926,0.343611696,0.343611696,0.441786467,0.441786467,0.539961237,0.539961237,0.539961237,0.638136008,0.638136008,0.638136008,0.638136008,0.638136008,0.638136008,0.638136008,0.638136008,0.638136008,0.539961237,0.539961237,0.539961237,0.539961237,0.539961237,0.539961237,0.539961237,0.539961237,0.539961237,0.539961237,0.539961237,0.539961237,0.441786467,0.441786467,0.441786467,0.441786467,0.441786467,0.441786467,0.441786467,0.441786467
170.808567047,C01,AP01,client_to_ap,VHT,2,2,2,80,SU,1,4,122,6637c97e16e6ce8a,0.834485549,0.834485549,0.834485549,0.834485549,0.834485549,0.834485549,0.834485549,0.834485549,0.834485549,0.834485549,0.834485549,0.736310778,0.736310778,0.736310778,0.736310778,0.736310778,0.736310778,0.736310778,0.736310778,0.736310778,0.736310778,0.736310778,0.736310778,0.736310778,0.736310778,0.736310778,0.736310778,0.736310778,0.736310778,0.736310778,0.638136008,0.638136008,0.638136008,0.638136008,0.638136008,0.638136008,0.638136008,0.638136008,0.638136008,0.638136008,0.638136008,0.638136008,0.638136008,0.638136008,0.638136008,0.638136008,0.638136008,0.539961237,0.539961237,0.539961237,0.539961237,0.539961237,0.539961237,0.539961237,0.539961237,0.441786467,0.441786467,0.441786467,0.441786467,0.441786467,0.343611696,0.343611696,0.343611696,0.343611696,0.245436926,0.245436926,0.245436926,0.245436926,0.245436926,0.245436926,0.147262156,0.147262156,0.147262156,0.147262156,0.147262156,0.147262156,0.147262156,0.147262156,0.0490873852,0.0490873852,0.147262156,0.147262156,0.147262156,0.147262156,0.245436926,0.245436926,0.343611696,0.343611696,0.441786467,0.441786467,0.539961237,0.539961237,0.539961237,0.539961237,0.638136008,0.638136008,0.638136008,0.638136008,0.638136008,0.638136008,0.638136008,0.539961237,0.539961237,0.539961237,0.539961237,0.539961237,0.539961237,0.539961237,0.539961237,0.539961237,0.539961237,0.539961237,0.441786467,0.441786467,0.539961237,0.441786467,0.441786467,0.441786467,0.441786467,0.441786467,0.441786467,0.441786467
172.141274929,C01,AP01,client_to_ap,VHT,2,2,2,80,SU,1,4,122,6637c97e16e6ce8a,0.834485549,0.834485549,0.834485549,0.834485549,0.834485549,0.834485549,0.834485549,0.834485549,0.834485549,0.834485549,0.736310778,0.834485549,0.834485549,0.736310778,0.736310778,0.736310778,0.736310778,0.736310778,0.736310778,0.736310778,0.736310778,0.736310778,0.736310778,0.736310778,0.736310778,0.736310778,0.736310778,0.736310778,0.736310778,0.736310778,0.638136008,0.638136008,0.638136008,0.638136008,0.638136008,0.638136008,0.638136008,0.638136008,0.638136008,0.638136008,0.638136008,0.638136008,0.638136008,0.638136008,0.638136008,0.638136008,0.638136008,0.539961237,0.539961237,0.539961237,0.539961237,0.539961237,0.539961237,0.539961237,0.539961237,0.441786467,0.441786467,0.441786467,0.441786467,0.441786467,0.343611696,0.343611696,0.343611696,0.343611696,0.245436926,0.245436926,0.245436926,0.245436926,0.245436926,0.245436926,0.245436926,0.147262156,0.147262156,0.147262156,0.147262156,0.147262156,0.147262156,0.147262156,0.147262156,0.0490873852,0.147262156,0.147262156,0.147262156,0.147262156,0.245436926,0.245436926,0.343611696,0.343611696,0.441786467,0.441786467,0.539961237,0.539961237,0.539961237,0.539961237,0.638136008,0.638136008,0.638136008,0.638136008,0.638136008,0.638136008,0.638136008,0.638136008,0.539961237,0.539961237,0.539961237,0.539961237,0.539961237,0.539961237,0.539961237,0.539961237,0.539961237,0.539961237,0.539961237,0.441786467,0.539961237,0.441786467,0.441786467,0.441786467,0.441786467,0.441786467,0.441786467,0.441786467
173.473029137,C01,AP01,client_to_ap,VHT,2,2,2,80,SU,1,4,122,6637c97e16e6ce8a,0.834485549,0.834485549,0.834485549,0.834485549,0.834485549,0.834485549,0.834485549,0.834485549,0.834485549,0.834485549,0.834485549,0.736310778,0.736310778,0.736310778,0.736310778,0.736310778,0.736310778,0.736310778,0.736310778,0.736310778,0.736310778,0.736310778,0.736310778,0.736310778,0.736310778,0.736310778,0.736310778,0.736310778,0.736310778,0.736310778,0.736310778,0.638136008,0.638136008,0.638136008,0.638136008,0.638136008,0.638136008,0.638136008,0.638136008,0.638136008,0.638136008,0.638136008,0.638136008,0.638136008,0.638136008,0.638136008,0.638136008,0.539961237,0.539961237,0.539961237,0.539961237,0.539961237,0.539961237,0.539961237,0.539961237,0.441786467,0.441786467,0.441786467,0.441786467,0.441786467,0.343611696,0.343611696,0.343611696,0.343611696,0.245436926,0.245436926,0.245436926,0.245436926,0.245436926,0.245436926,0.245436926,0.147262156,0.147262156,0.147262156,0.147262156,0.147262156,0.147262156,0.0490873852,0.0490873852,0.0490873852,0.147262156,0.147262156,0.147262156,0.147262156,0.245436926,0.245436926,0.343611696,0.343611696,0.441786467,0.441786467,0.441786467,0.539961237,0.539961237,0.539961237,0.638136008,0.638136008,0.638136008,0.638136008,0.638136008,0.638136008,0.638136008,0.638136008,0.539961237,0.539961237,0.539961237,0.539961237,0.539961237,0.539961237,0.539961237,0.539961237,0.539961237,0.539961237,0.539961237,0.441786467,0.441786467,0.539961237,0.441786467,0.441786467,0.441786467,0.441786467,0.441786467,0.441786467
174.809545040,C01,AP01,client_to_ap,VHT,2,2,2,80,SU,1,4,122,6637c97e16e6ce8a,0.834485549,0.834485549,0.834485549,0.834485549,0.834485549,0.834485549,0.834485549,0.834485549,0.834485549,0.834485549,0.834485549,0.736310778,0.834485549,0.736310778,0.736310778,0.736310778,0.736310778,0.736310778,0.736310778,0.736310778,0.736310778,0.736310778,0.736310778,0.736310778,0.736310778,0.736310778,0.736310778,0.736310778,0.736310778,0.736310778,0.736310778,0.638136008,0.638136008,0.638136008,0.638136008,0.638136008,0.638136008,0.638136008,0.638136008,0.638136008,0.638136008,0.638136008,0.638136008,0.638136008,0.638136008,0.638136008,0.539961237,0.539961237,0.539961237,0.539961237,0.539961237,0.539961237,0.539961237,0.539961237,0.539961237,0.441786467,0.441786467,0.441786467,0.441786467,0.441786467,0.343611696,0.343611696,0.343611696,0.343611696,0.245436926,0.245436926,0.245436926,0.245436926,0.245436926,0.245436926,0.245436926,0.147262156,0.147262156,0.147262156,0.147262156,0.147262156,0.147262156,0.147262156,0.0490873852,0.147262156,0.147262156,0.147262156,0.147262156,0.147262156,0.245436926,0.245436926,0.343611696,0.343611696,0.441786467,0.441786467,0.539961237,0.539961237,0.539961237,0.539961237,0.638136008,0.638136008,0.638136008,0.638136008,0.638136008,0.638136008,0.638136008,0.539961237,0.539961237,0.539961237,0.539961237,0.539961237,0.539961237,0.539961237,0.539961237,0.539961237,0.539961237,0.539961237,0.539961237,0.441786467,0.539961237,0.441786467,0.441786467,0.441786467,0.441786467,0.441786467,0.441786467,0.441786467
176.141366005,C01,AP01,client_to_ap,VHT,2,2,2,80,SU,1,4,122,6637c97e16e6ce8a,0.834485549,0.834485549,0.834485549,0.834485549,0.834485549,0.834485549,0.834485549,0.834485549,0.834485549,0.834485549,0.834485549,0.834485549,0.834485549,0.736310778,0.736310778,0.736310778,0.736310778,0.736310778,0.736310778,0.736310778,0.736310778,0.736310778,0.736310778,0.736310778,0.736310778,0.736310778,0.736310778,0.736310778,0.736310778,0.736310778,0.736310778,0.638136008,0.638136008,0.638136008,0.638136008,0.638136008,0.638136008,0.638136008,0.638136008,0.638136008,0.638136008,0.638136008,0.638136008,0.638136008,0.638136008,0.638136008,0.638136008,0.539961237,0.539961237,0.539961237,0.539961237,0.539961237,0.539961237,0.539961237,0.539961237,0.441786467,0.441786467,0.441786467,0.441786467,0.441786467,0.343611696,0.343611696,0.343611696,0.343611696,0.245436926,0.245436926,0.245436926,0.245436926,0.245436926,0.245436926,0.245436926,0.245436926,0.147262156,0.147262156,0.147262156,0.147262156,0.147262156,0.147262156,0.0490873852,0.147262156,0.147262156,0.147262156,0.147262156,0.147262156,0.245436926,0.245436926,0.343611696,0.343611696,0.441786467,0.441786467,0.539961237,0.539961237,0.539961237,0.539961237,0.638136008,0.638136008,0.638136008,0.638136008,0.638136008,0.638136008,0.638136008,0.638136008,0.539961237,0.539961237,0.539961237,0.539961237,0.539961237,0.539961237,0.539961237,0.539961237,0.539961237,0.539961237,0.441786467,0.539961237,0.441786467,0.441786467,0.441786467,0.441786467,0.441786467,0.441786467,0.441786467,0.441786467
177.473729134,C01,AP01,client_to_ap,VHT,2,2,2,80,SU,1,4,122,6637c97e16e6ce8a,0.834485549,0.834485549,0.834485549,0.834485549,0.834485549,0.834485549,0.834485549,0.834485549,0.834485549,0.834485549,0.834485549,0.834485549,0.834485549,0.736310778,0.736310778,0.736310778,0.736310778,0.736310778,0.736310778,0.736310778,0.736310778,0.736310778,0.736310778,0.736310778,0.736310778,0.736310778,0.736310778,0.736310778,0.736310778,0.736310778,0.736310778,0.638136008,0.638136008,0.638136008,0.638136008,0.638136008,0.638136008,0.638136008,0.638136008,0.638136008,0.638136008,0.638136008,0.638136008,0.638136008,0.638136008,0.638136008,0.539961237,0.539961237,0.539961237,0.539961237,0.539961237,0.539961237,0.539961237,0.539961237,0.539961237,0.441786467,0.441786467,0.441786467,0.441786467,0.441786467,0.343611696,0.343611696,0.343611696,0.343611696,0.245436926,0.245436926,0.245436926,0.245436926,0.245436926,0.245436926,0.245436926,0.147262156,0.147262156,0.147262156,0.147262156,0.147262156,0.147262156,0.0490873852,0.0490873852,0.0490873852,0.147262156,0.147262156,0.147262156,0.147262156,0.245436926,0.245436926,0.343611696,0.343611696,0.441786467,0.441786467,0.539961237,0.539961237,0.539961237,0.539961237,0.638136008,0.638136008,0.638136008,0.638136008,0.638136008,0.638136008,0.539961237,0.638136008,0.539961237,0.539961237,0.539961237,0.539961237,0.539961237,0.539961237,0.539961237,0.539961237,0.539961237,0.539961237,0.441786467,0.539961237,0.441786467,0.441786467,0.441786467,0.441786467,0.441786467,0.441786467,0.441786467,0.441786467
178.809064150,C01,AP01,client_to_ap,VHT,2,2,2,80,SU,1,4,122,6637c97e16e6ce8a,0.834485549,0.834485549,0.834485549,0.834485549,0.834485549,0.834485549,0.834485549,0.834485549,0.834485549,0.834485549,0.834485549,0.736310778,0.736310778,0.736310778,0.736310778,0.736310778,0.736310778,0.736310778,0.736310778,0.736310778,0.736310778,0.736310778,0.736310778,0.736310778,0.736310778,0.736310778,0.736310778,0.736310778,0.736310778,0.736310778,0.736310778,0.638136008,0.638136008,0.638136008,0.638136008,0.638136008,0.638136008,0.638136008,0.638136008,0.638136008,0.638136008,0.638136008,0.638136008,0.638136008,0.638136008,0.638136008,0.638136008,0.539961237,0.539961237,0.539961237,0.539961237,0.539961237,0.539961237,0.539961237,0.539961237,0.441786467,0.441786467,0.441786467,0.441786467,0.441786467,0.343611696,0.343611696,0.343611696,0.343611696,0.245436926,0.245436926,0.245436926,0.245436926,0.245436926,0.245436926,0.147262156,0.147262156,0.147262156,0.147262156,0.147262156,0.147262156,0.147262156,0.147262156,0.0490873852,0.0490873852,0.0490873852,0.147262156,0.147262156,0.147262156,0.245436926,0.245436926,0.343611696,0.343611696,0.441786467,0.441786467,0.539961237,0.539961237,0.539961237,0.539961237,0.638136008,0.638136008,0.638136008,0.638136008,0.638136008,0.638136008,0.638136008,0.539961237,0.539961237,0.539961237,0.539961237,0.539961237,0.539961237,0.539961237,0.539961237,0.539961237,0.539961237,0.539961237,0.539961237,0.441786467,0.539961237,0.441786467,0.441786467,0.441786467,0.441786467,0.441786467,0.441786467,0.441786467
180.140699148,C01,AP01,client_to_ap,VHT,2,2,2,80,SU,1,4,122,6637c97e16e6ce8a,0.834485549,0.834485549,0.834485549,0.834485549,0.834485549,0.834485549,0.834485549,0.834485549,0.834485549,0.834485549,0.834485549,0.736310778,0.736310778,0.736310778,0.736310778,0.736310778,0.736310778,0.736310778,0.736310778,0.736310778,0.736310778,0.736310778,0.736310778,0.736310778,0.736310778,0.736310778,0.736310778,0.736310778,0.736310778,0.736310778,0.638136008,0.638136008,0.638136008,0.638136008,0.638136008,0.638136008,0.638136008,0.638136008,0.638136008,0.638136008,0.638136008,0.638136008,0.638136008,0.638136008,0.638136008,0.638136008,0.638136008,0.539961237,0.539961237,0.539961237,0.539961237,0.539961237,0.539961237,0.539961237,0.539961237,0.441786467,0.441786467,0.441786467,0.441786467,0.441786467,0.343611696,0.343611696,0.343611696,0.343611696,0.245436926,0.245436926,0.245436926,0.245436926,0.245436926,0.245436926,0.147262156,0.147262156,0.147262156,0.147262156,0.147262156,0.147262156,0.147262156,0.147262156,0.0490873852,0.0490873852,0.0490873852,0.147262156,0.147262156,0.147262156,0.245436926,0.245436926,0.245436926,0.343611696,0.441786467,0.441786467,0.539961237,0.539961237,0.539961237,0.539961237,0.638136008,0.638136008,0.638136008,0.638136008,0.638136008,0.638136008,0.638136008,0.539961237,0.638136008,0.539961237,0.539961237,0.539961237,0.539961237,0.539961237,0.539961237,0.539961237,0.539961237,0.539961237,0.539961237,0.539961237,0.539961237,0.441786467,0.441786467,0.441786467,0.441786467,0.441786467,0.441786467,0.441786467
181.472939014,C01,AP01,client_to_ap,VHT,2,2,2,80,SU,1,4,122,6637c97e16e6ce8a,0.834485549,0.834485549,0.834485549,0.834485549,0.834485549,0.834485549,0.834485549,0.834485549,0.834485549,0.834485549,0.834485549,0.736310778,0.736310778,0.736310778,0.736310778,0.736310778,0.736310778,0.736310778,0.736310778,0.736310778,0.736310778,0.736310778,0.736310778,0.736310778,0.736310778,0.736310778,0.736310778,0.736310778,0.736310778,0.736310778,0.736310778,0.638136008,0.638136008,0.638136008,0.638136008,0.638136008,0.638136008,0.638136008,0.638136008,0.638136008,0.638136008,0.638136008,0.638136008,0.638136008,0.638136008,0.638136008,0.638136008,0.539961237,0.539961237,0.539961237,0.539961237,0.539961237,0.539961237,0.539961237,0.539961237,0.441786467,0.441786467,0.441786467,0.441786467,0.441786467,0.343611696,0.343611696,0.343611696,0.343611696,0.245436926,0.245436926,0.245436926,0.245436926,0.245436926,0.245436926,0.245436926,0.147262156,0.147262156,0.147262156,0.147262156,0.147262156,0.147262156,0.147262156,0.0490873852,0.0490873852,0.0490873852,0.147262156,0.147262156,0.147262156,0.245436926,0.245436926,0.343611696,0.343611696,0.441786467,0.441786467,0.539961237,0.539961237,0.539961237,0.539961237,0.638136008,0.638136008,0.638136008,0.638136008,0.638136008,0.638136008,0.638136008,0.539961237,0.539961237,0.539961237,0.539961237,0.539961237,0.539961237,0.539961237,0.539961237,0.539961237,0.539961237,0.539961237,0.539961237,0.539961237,0.539961237,0.441786467,0.441786467,0.441786467,0.441786467,0.441786467,0.441786467,0.441786467
182.809056044,C01,AP01,client_to_ap,VHT,2,2,2,80,SU,1,4,122,6637c97e16e6ce8a,0.834485549,0.834485549,0.834485549,0.834485549,0.834485549,0.834485549,0.834485549,0.834485549,0.834485549,0.834485549,0.834485549,0.736310778,0.834485549,0.736310778,0.736310778,0.736310778,0.736310778,0.736310778,0.736310778,0.736310778,0.736310778,0.736310778,0.736310778,0.736310778,0.736310778,0.736310778,0.736310778,0.736310778,0.736310778,0.736310778,0.638136008,0.638136008,0.638136008,0.638136008,0.638136008,0.638136008,0.638136008,0.638136008,0.638136008,0.638136008,0.638136008,0.638136008,0.638136008,0.638136008,0.638136008,0.638136008,0.638136008,0.539961237,0.539961237,0.539961237,0.539961237,0.539961237,0.539961237,0.539961237,0.539961237,0.441786467,0.441786467,0.441786467,0.441786467,0.441786467,0.343611696,0.343611696,0.343611696,0.343611696,0.245436926,0.245436926,0.245436926,0.245436926,0.245436926,0.245436926,0.147262156,0.147262156,0.147262156,0.147262156,0.147262156,0.147262156,0.0490873852,0.0490873852,0.0490873852,0.0490873852,0.0490873852,0.147262156,0.147262156,0.147262156,0.245436926,0.245436926,0.343611696,0.343611696,0.441786467,0.441786467,0.539961237,0.539961237,0.539961237,0.539961237,0.638136008,0.638136008,0.638136008,0.638136008,0.638136008,0.638136008,0.638136008,0.638136008,0.539961237,0.539961237,0.539961237,0.539961237,0.539961237,0.539961237,0.539961237,0.539961237,0.539961237,0.539961237,0.441786467,0.539961237,0.539961237,0.441786467,0.441786467,0.441786467,0.441786467,0.441786467,0.441786467,0.441786467
184.141129971,C01,AP01,client_to_ap,VHT,2,2,2,80,SU,1,4,122,6637c97e16e6ce8a,0.834485549,0.834485549,0.834485549,0.834485549,0.834485549,0.834485549,0.834485549,0.834485549,0.834485549,0.834485549,0.834485549,0.736310778,0.834485549,0.736310778,0.736310778,0.736310778,0.736310778,0.736310778,0.736310778,0.736310778,0.736310778,0.736310778,0.736310778,0.736310778,0.736310778,0.736310778,0.736310778,0.736310778,0.736310778,0.736310778,0.736310778,0.638136008,0.638136008,0.638136008,0.638136008,0.638136008,0.638136008,0.638136008,0.638136008,0.638136008,0.638136008,0.638136008,0.638136008,0.638136008,0.638136008,0.638136008,0.638136008,0.539961237,0.539961237,0.539961237,0.539961237,0.539961237,0.539961237,0.539961237,0.539961237,0.441786467,0.441786467,0.441786467,0.441786467,0.441786467,0.343611696,0.343611696,0.343611696,0.343611696,0.245436926,0.245436926,0.245436926,0.245436926,0.245436926,0.245436926,0.245436926,0.147262156,0.147262156,0.147262156,0.147262156,0.147262156,0.147262156,0.0490873852,0.0490873852,0.0490873852,0.0490873852,0.147262156,0.147262156,0.147262156,0.245436926,0.245436926,0.343611696,0.343611696,0.441786467,0.441786467,0.539961237,0.539961237,0.539961237,0.539961237,0.638136008,0.638136008,0.638136008,0.638136008,0.638136008,0.638136008,0.638136008,0.638136008,0.638136008,0.539961237,0.539961237,0.539961237,0.539961237,0.539961237,0.539961237,0.539961237,0.539961237,0.539961237,0.441786467,0.539961237,0.539961237,0.441786467,0.441786467,0.441786467,0.441786467,0.441786467,0.441786467,0.441786467
185.472533941,C01,AP01,client_to_ap,VHT,2,2,2,80,SU,1,4,122,6637c97e16e6ce8a,0.834485549,0.834485549,0.834485549,0.834485549,0.834485549,0.834485549,0.834485549,0.834485549,0.834485549,0.834485549,0.834485549,0.834485549,0.834485549,0.736310778,0.736310778,0.736310778,0.736310778,0.736310778,0.736310778,0.736310778,0.736310778,0.736310778,0.736310778,0.736310778,0.736310778,0.736310778,0.736310778,0.736310778,0.736310778,0.736310778,0.736310778,0.736310778,0.638136008,0.638136008,0.638136008,0.638136008,0.638136008,0.638136008,0.638136008,0.638136008,0.638136008,0.638136008,0.638136008,0.638136008,0.638136008,0.638136008,0.638136008,0.638136008,0.539961237,0.539961237,0.539961237,0.539961237,0.539961237,0.539961237,0.539961237,0.539961237,0.441786467,0.441786467,0.441786467,0.441786467,0.441786467,0.343611696,0.343611696,0.343611696,0.343611696,0.245436926,0.245436926,0.245436926,0.245436926,0.245436926,0.245436926,0.147262156,0.147262156,0.147262156,0.147262156,0.147262156,0.0490873852,0.0490873852,0.0490873852,0.0490873852,0.147262156,0.147262156,0.147262156,0.245436926,0.245436926,0.245436926,0.343611696,0.441786467,0.441786467,0.441786467,0.539961237,0.539961237,0.539961237,0.638136008,0.638136008,0.638136008,0.638136008,0.638136008,0.638136008,0.638136008,0.638136008,0.638136008,0.638136008,0.539961237,0.539961237,0.539961237,0.539961237,0.539961237,0.539961237,0.539961237,0.539961237,0.539961237,0.539961237,0.539961237,0.539961237,0.539961237,0.441786467,0.441786467,0.441786467,0.441786467,0.441786467,0.441786467
186.809035063,C01,AP01,client_to_ap,VHT,2,2,2,80,SU,1,4,122,6637c97e16e6ce8a,0.834485549,0.834485549,0.834485549,0.834485549,0.834485549,0.834485549,0.834485549,0.834485549,0.834485549,0.834485549,0.834485549,0.834485549,0.834485549,0.834485549,0.736310778,0.736310778,0.736310778,0.736310778,0.736310778,0.736310778,0.736310778,0.736310778,0.736310778,0.736310778,0.736310778,0.736310778,0.736310778,0.736310778,0.736310778,0.736310778,0.736310778,0.736310778,0.638136008,0.638136008,0.638136008,0.638136008,0.638136008,0.638136008,0.638136008,0.638136008,0.638136008,0.638136008,0.638136008,0.638136008,0.638136008,0.638136008,0.638136008,0.539961237,0.638136008,0.539961237,0.539961237,0.539961237,0.539961237,0.539961237,0.539961237,0.539961237,0.441786467,0.441786467,0.441786467,0.441786467,0.441786467,0.343611696,0.343611696,0.343611696,0.245436926,0.245436926,0.245436926,0.245436926,0.245436926,0.245436926,0.245436926,0.147262156,0.147262156,0.147262156,0.147262156,0.147262156,0.147262156,0.147262156,0.0490873852,0.0490873852,0.0490873852,0.147262156,0.147262156,0.147262156,0.245436926,0.245436926,0.343611696,0.441786467,0.441786467,0.539961237,0.539961237,0.539961237,0.638136008,0.638136008,0.638136008,0.638136008,0.638136008,0.638136008,0.638136008,0.638136008,0.638136008,0.638136008,0.638136008,0.638136008,0.539961237,0.539961237,0.539961237,0.539961237,0.539961237,0.539961237,0.539961237,0.539961237,0.539961237,0.539961237,0.539961237,0.539961237,0.441786467,0.441786467,0.441786467,0.441786467,0.539961237,0.441786467
188.141237974,C01,AP01,client_to_ap,VHT,2,2,2,80,SU,1,4,122,6637c97e16e6ce8a,0.834485549,0.834485549,0.834485549,0.834485549,0.834485549,0.834485549,0.834485549,0.834485549,0.834485549,0.834485549,0.834485549,0.834485549,0.834485549,0.736310778,0.736310778,0.736310778,0.736310778,0.736310778,0.736310778,0.736310778,0.736310778,0.736310778,0.736310778,0.736310778,0.736310778,0.736310778,0.736310778,0.736310778,0.736310778,0.736310778,0.736310778,0.638136008,0.638136008,0.638136008,0.638136008,0.638136008,0.638136008,0.638136008,0.638136008,0.638136008,0.638136008,0.638136008,0.638136008,0.638136008,0.638136008,0.638136008,0.638136008,0.539961237,0.539961237,0.539961237,0.539961237,0.539961237,0.539961237,0.539961237,0.539961237,0.441786467,0.441786467,0.441786467,0.441786467,0.441786467,0.343611696,0.343611696,0.343611696,0.343611696,0.245436926,0.245436926,0.245436926,0.245436926,0.245436926,0.245436926,0.147262156,0.147262156,0.147262156,0.147262156,0.147262156,0.147262156,0.0490873852,0.0490873852,0.0490873852,0.0490873852,0.0490873852,0.147262156,0.147262156,0.147262156,0.245436926,0.245436926,0.343611696,0.343611696,0.441786467,0.441786467,0.539961237,0.539961237,0.638136008,0.638136008,0.638136008,0.638136008,0.638136008,0.638136008,0.638136008,0.638136008,0.638136008,0.638136008,0.638136008,0.539961237,0.539961237,0.539961237,0.539961237,0.539961237,0.539961237,0.539961237,0.539961237,0.539961237,0.539961237,0.539961237,0.539961237,0.441786467,0.441786467,0.539961237,0.441786467,0.441786467,0.441786467,0.441786467
189.472718954,C01,AP01,client_to_ap,VHT,2,2,2,80,SU,1,4,122,6637c97e16e6ce8a,0.834485549,0.834485549,0.834485549,0.834485549,0.834485549,0.834485549,0.834485549,0.834485549,0.834485549,0.834485549,0.834485549,0.834485549,0.834485549,0.736310778,0.736310778,0.736310778,0.736310778,0.736310778,0.736310778,0.736310778,0.736310778,0.736310778,0.736310778,0.736310778,0.736310778,0.736310778,0.736310778,0.736310778,0.736310778,0.736310778,0.736310778,0.638136008,0.638136008,0.638136008,0.638136008,0.638136008,0.638136008,0.638136008,0.638136008,0.638136008,0.638136008,0.638136008,0.638136008,0.638136008,0.638136008,0.638136008,0.638136008,0.539961237,0.539961237,0.539961237,0.539961237,0.539961237,0.539961237,0.539961237,0.539961237,0.539961237,0.441786467,0.441786467,0.441786467,0.441786467,0.441786467,0.343611696,0.343611696,0.343611696,0.343611696,0.245436926,0.245436926,0.245436926,0.245436926,0.245436926,0.245436926,0.245436926,0.147262156,0.147262156,0.147262156,0.147262156,0.147262156,0.147262156,0.0490873852,0.0490873852,0.0490873852,0.147262156,0.147262156,0.147262156,0.245436926,0.245436926,0.343611696,0.441786467,0.441786467,0.441786467,0.539961237,0.539961237,0.638136008,0.638136008,0.638136008,0.638136008,0.638136008,0.638136008,0.638136008,0.638136008,0.638136008,0.638136008,0.638136008,0.539961237,0.539961237,0.539961237,0.539961237,0.539961237,0.539961237,0.539961237,0.539961237,0.539961237,0.539961237,0.539961237,0.539961237,0.441786467,0.441786467,0.441786467,0.441786467,0.441786467,0.441786467,0.441786467
190.809064150,C01,AP01,client_to_ap,VHT,2,2,2,80,SU,1,4,122,6637c97e16e6ce8a,0.834485549,0.834485549,0.834485549,0.834485549,0.834485549,0.834485549,0.834485549,0.834485549,0.834485549,0.834485549,0.834485549,0.834485549,0.736310778,0.736310778,0.736310778,0.736310778,0.736310778,0.736310778,0.736310778,0.736310778,0.736310778,0.736310778,0.736310778,0.736310778,0.736310778,0.736310778,0.736310778,0.736310778,0.736310778,0.736310778,0.736310778,0.736310778,0.638136008,0.638136008,0.638136008,0.638136008,0.638136008,0.638136008,0.638136008,0.638136008,0.638136008,0.638136008,0.638136008,0.638136008,0.638136008,0.638136008,0.638136008,0.638136008,0.638136008,0.539961237,0.539961237,0.539961237,0.539961237,0.539961237,0.539961237,0.539961237,0.441786467,0.441786467,0.441786467,0.441786467,0.441786467,0.343611696,0.343611696,0.343611696,0.343611696,0.245436926,0.245436926,0.245436926,0.245436926,0.245436926,0.245436926,0.245436926,0.147262156,0.147262156,0.147262156,0.147262156,0.147262156,0.147262156,0.0490873852,0.0490873852,0.0490873852,0.147262156,0.147262156,0.147262156,0.245436926,0.245436926,0.343611696,0.343611696,0.441786467,0.441786467,0.539961237,0.539961237,0.539961237,0.638136008,0.638136008,0.638136008,0.638136008,0.638136008,0.638136008,0.638136008,0.638136008,0.638136008,0.638136008,0.539961237,0.539961237,0.539961237,0.539961237,0.539961237,0.539961237,0.539961237,0.539961237,0.539961237,0.539961237,0.539961237,0.539961237,0.539961237,0.441786467,0.441786467,0.441786467,0.441786467,0.441786467,0.441786467
192.141039133,C01,AP01,client_to_ap,VHT,2,2,2,80,SU,1,4,122,6637c97e16e6ce8a,0.834485549,0.834485549,0.834485549,0.834485549,0.834485549,0.834485549,0.834485549,0.834485549,0.834485549,0.834485549,0.834485549,0.834485549,0.834485549,0.736310778,0.736310778,0.736310778,0.736310778,0.736310778,0.736310778,0.736310778,0.736310778,0.736310778,0.736310778,0.736310778,0.736310778,0.736310778,0.736310778,0.736310778,0.736310778,0.736310778,0.736310778,0.638136008,0.638136008,0.638136008,0.638136008,0.638136008,0.638136008,0.638136008,0.638136008,0.638136008,0.638136008,0.638136008,0.638136008,0.638136008,0.638136008,0.638136008,0.638136008,0.638136008,0.539961237,0.539961237,0.539961237,0.539961237,0.539961237,0.539961237,0.539961237,0.539961237,0.441786467,0.441786467,0.441786467,0.441786467,0.441786467,0.343611696,0.343611696,0.343611696,0.343611696,0.245436926,0.245436926,0.245436926,0.245436926,0.245436926,0.245436926,0.245436926,0.147262156,0.147262156,0.147262156,0.147262156,0.147262156,0.0490873852,0.0490873852,0.0490873852,0.0490873852,0.147262156,0.147262156,0.147262156,0.245436926,0.245436926,0.343611696,0.343611696,0.441786467,0.441786467,0.539961237,0.539961237,0.638136008,0.638136008,0.638136008,0.638136008,0.638136008,0.638136008,0.638136008,0.638136008,0.638136008,0.638136008,0.638136008,0.539961237,0.539961237,0.539961237,0.539961237,0.539961237,0.539961237,0.539961237,0.539961237,0.539961237,0.539961237,0.539961237,0.539961237,0.539961237,0.441786467,0.441786467,0.441786467,0.441786467,0.441786467,0.441786467
193.472805023,C01,AP01,client_to_ap,VHT,2,2,2,80,SU,1,4,122,6637c97e16e6ce8a,0.834485549,0.834485549,0.834485549,0.834485549,0.834485549,0.834485549,0.834485549,0.834485549,0.834485549,0.834485549,0.834485549,0.834485549,0.834485549,0.736310778,0.736310778,0.736310778,0.736310778,0.736310778,0.736310778,0.736310778,0.736310778,0.736310778,0.736310778,0.736310778,0.736310778,0.736310778,0.736310778,0.736310778,0.736310778,0.736310778,0.736310778,0.736310778,0.638136008,0.638136008,0.638136008,0.638136008,0.638136008,0.638136008,0.638136008,0.638136008,0.638136008,0.638136008,0.638136008,0.638136008,0.638136008,0.638136008,0.638136008,0.638136008,0.638136008,0.539961237,0.539961237,0.539961237,0.539961237,0.539961237,0.539961237,0.539961237,0.441786467,0.441786467,0.441786467,0.441786467,0.441786467,0.343611696,0.343611696,0.343611696,0.343611696,0.245436926,0.245436926,0.245436926,0.245436926,0.245436926,0.245436926,0.147262156,0.147262156,0.147262156,0.147262156,0.147262156,0.147262156,0.0490873852,0.0490873852,0.0490873852,0.147262156,0.147262156,0.147262156,0.147262156,0.245436926,0.245436926,0.343611696,0.441786467,0.441786467,0.441786467,0.539961237,0.539961237,0.638136008,0.638136008,0.638136008,0.638136008,0.638136008,0.638136008,0.638136008,0.638136008,0.638136008,0.638136008,0.638136008,0.638136008,0.539961237,0.539961237,0.539961237,0.539961237,0.539961237,0.539961237,0.539961237,0.539961237,0.539961237,0.539961237,0.539961237,0.441786467,0.539961237,0.441786467,0.441786467,0.441786467,0.441786467,0.441786467
194.809205055,C01,AP01,client_to_ap,VHT,2,2,2,80,SU,1,4,122,6637c97e16e6ce8a,0.834485549,0.834485549,0.834485549,0.834485549,0.834485549,0.834485549,0.834485549,0.834485549,0.834485549,0.834485549,0.834485549,0.736310778,0.834485549,0.736310778,0.736310778,0.736310778,0.736310778,0.736310778,0.736310778,0.736310778,0.736310778,0.736310778,0.736310778,0.736310778,0.736310778,0.736310778,0.736310778,0.736310778,0.736310778,0.736310778,0.736310778,0.736310778,0.638136008,0.638136008,0.638136008,0.638136008,0.638136008,0.638136008,0.638136008,0.638136008,0.638136008,0.638136008,0.638136008,0.638136008,0.638136008,0.638136008,0.638136008,0.638136008,0.539961237,0.539961237,0.539961237,0.539961237,0.539961237,0.539961237,0.539961237,0.539961237,0.441786467,0.441786467,0.441786467,0.441786467,0.343611696,0.343611696,0.343611696,0.343611696,0.245436926,0.245436926,0.245436926,0.245436926,0.245436926,0.245436926,0.245436926,0.147262156,0.147262156,0.147262156,0.147262156,0.147262156,0.147262156,0.0490873852,0.0490873852,0.0490873852,0.0490873852,0.147262156,0.147262156,0.147262156,0.245436926,0.245436926,0.343611696,0.441786467,0.441786467,0.539961237,0.539961237,0.539961237,0.638136008,0.638136008,0.638136008,0.638136008,0.638136008,0.638136008,0.638136008,0.638136008,0.638136008,0.638136008,0.638136008,0.539961237,0.539961237,0.539961237,0.539961237,0.539961237,0.539961237,0.539961237,0.539961237,0.539961237,0.539961237,0.539961237,0.539961237,0.539961237,0.539961237,0.539961237,0.441786467,0.441786467,0.441786467,0.441786467
196.141319990,C01,AP01,client_to_ap,VHT,2,2,2,80,SU,1,4,122,6637c97e16e6ce8a,0.834485549,0.834485549,0.834485549,0.834485549,0.834485549,0.834485549,0.834485549,0.834485549,0.834485549,0.834485549,0.834485549,0.736310778,0.834485549,0.736310778,0.736310778,0.736310778,0.736310778,0.736310778,0.736310778,0.736310778,0.736310778,0.736310778,0.736310778,0.736310778,0.736310778,0.736310778,0.736310778,0.736310778,0.736310778,0.736310778,0.736310778,0.736310778,0.638136008,0.638136008,0.638136008,0.638136008,0.638136008,0.638136008,0.638136008,0.638136008,0.638136008,0.638136008,0.638136008,0.638136008,0.638136008,0.638136008,0.638136008,0.539961237,0.638136008,0.539961237,0.539961237,0.539961237,0.539961237,0.539961237,0.539961237,0.441786467,0.441786467,0.441786467,0.441786467,0.441786467,0.441786467,0.343611696,0.343611696,0.343611696,0.343611696,0.245436926,0.245436926,0.245436926,0.245436926,0.245436926,0.245436926,0.147262156,0.147262156,0.147262156,0.147262156,0.147262156,0.147262156,0.0490873852,0.0490873852,0.0490873852,0.0490873852,0.147262156,0.147262156,0.147262156,0.245436926,0.245436926,0.343611696,0.343611696,0.441786467,0.441786467,0.539961237,0.539961237,0.539961237,0.638136008,0.638136008,0.638136008,0.638136008,0.638136008,0.638136008,0.638136008,0.638136008,0.638136008,0.638136008,0.539961237,0.539961237,0.539961237,0.539961237,0.539961237,0.539961237,0.539961237,0.539961237,0.539961237,0.539961237,0.539961237,0.539961237,0.441786467,0.441786467,0.441786467,0.441786467,0.441786467,0.441786467,0.441786467
197.472658157,C01,AP01,client_to_ap,VHT,2,2,2,80,SU,1,4,122,6637c97e16e6ce8a,0.834485549,0.834485549,0.834485549,0.834485549,0.834485549,0.834485549,0.834485549,0.834485549,0.834485549,0.834485549,0.834485549,0.834485549,0.834485549,0.736310778,0.736310778,0.736310778,0.736310778,0.736310778,0.736310778,0.736310778,0.736310778,0.736310778,0.736310778,0.736310778,0.736310778,0.736310778,0.736310778,0.736310778,0.736310778,0.736310778,0.736310778,0.736310778,0.638136008,0.638136008,0.638136008,0.638136008,0.638136008,0.638136008,0.638136008,0.638136008,0.638136008,0.638136008,0.638136008,0.638136008,0.638136008,0.638136008,0.638136008,0.638136008,0.539961237,0.638136008,0.539961237,0.539961237,0.539961237,0.539961237,0.539961237,0.539961237,0.441786467,0.441786467,0.441786467,0.441786467,0.441786467,0.343611696,0.343611696,0.343611696,0.343611696,0.245436926,0.245436926,0.245436926,0.245436926,0.245436926,0.245436926,0.147262156,0.147262156,0.147262156,0.147262156,0.147262156,0.147262156,0.147262156,0.0490873852,0.0490873852,0.0490873852,0.147262156,0.147262156,0.147262156,0.245436926,0.245436926,0.343611696,0.441786467,0.441786467,0.441786467,0.539961237,0.638136008,0.638136008,0.638136008,0.638136008,0.638136008,0.638136008,0.638136008,0.638136008,0.638136008,0.638136008,0.638136008,0.638136008,0.638136008,0.539961237,0.539961237,0.539961237,0.539961237,0.539961237,0.539961237,0.539961237,0.539961237,0.539961237,0.539961237,0.539961237,0.539961237,0.441786467,0.539961237,0.441786467,0.441786467,0.441786467,0.441786467
198.809031963,C01,AP01,client_to_ap,VHT,2,2,2,80,SU,1,4,122,6637c97e16e6ce8a,0.834485549,0.834485549,0.834485549,0.834485549,0.834485549,0.834485549,0.834485549,0.834485549,0.834485549,0.834485549,0.834485549,0.834485549,0.834485549,0.736310778,0.736310778,0.736310778,0.736310778,0.736310778,0.736310778,0.736310778,0.736310778,0.736310778,0.736310778,0.736310778,0.736310778,0.736310778,0.736310778,0.736310778,0.736310778,0.736310778,0.736310778,0.638136008,0.638136008,0.638136008,0.638136008,0.638136008,0.638136008,0.638136008,0.638136008,0.638136008,0.638136008,0.638136008,0.638136008,0.638136008,0.638136008,0.638136008,0.638136008,0.638136008,0.638136008,0.539961237,0.539961237,0.539961237,0.539961237,0.539961237,0.539961237,0.539961237,0.441786467,0.441786467,0.441786467,0.441786467,0.441786467,0.343611696,0.343611696,0.343611696,0.343611696,0.245436926,0.245436926,0.245436926,0.245436926,0.245436926,0.245436926,0.245436926,0.147262156,0.147262156,0.147262156,0.147262156,0.147262156,0.147262156,0.0490873852,0.0490873852,0.0490873852,0.147262156,0.147262156,0.147262156,0.245436926,0.245436926,0.343611696,0.343611696,0.441786467,0.441786467,0.539961237,0.539961237,0.539961237,0.638136008,0.638136008,0.638136008,0.638136008,0.638136008,0.638136008,0.638136008,0.638136008,0.638136008,0.638136008,0.539961237,0.539961237,0.539961237,0.539961237,0.539961237,0.539961237,0.539961237,0.539961237,0.539961237,0.539961237,0.539961237,0.539961237,0.539961237,0.539961237,0.441786467,0.441786467,0.441786467,0.441786467,0.441786467
200.141134024,C01,AP01,client_to_ap,VHT,2,2,2,80,SU,1,4,122,6637c97e16e6ce8a,0.834485549,0.834485549,0.834485549,0.834485549,0.834485549,0.834485549,0.834485549,0.834485549,0.834485549,0.834485549,0.834485549,0.834485549,0.736310778,0.736310778,0.736310778,0.736310778,0.736310778,0.736310778,0.736310778,0.736310778,0.736310778,0.736310778,0.736310778,0.736310778,0.736310778,0.736310778,0.736310778,0.736310778,0.736310778,0.736310778,0.736310778,0.736310778,0.638136008,0.638136008,0.638136008,0.638136008,0.638136008,0.638136008,0.638136008,0.638136008,0.638136008,0.638136008,0.638136008,0.638136008,0.638136008,0.638136008,0.638136008,0.539961237,0.539961237,0.539961237,0.539961237,0.539961237,0.539961237,0.539961237,0.539961237,0.539961237,0.441786467,0.441786467,0.441786467,0.441786467,0.441786467,0.343611696,0.343611696,0.343611696,0.245436926,0.245436926,0.245436926,0.245436926,0.245436926,0.245436926,0.147262156,0.147262156,0.147262156,0.147262156,0.147262156,0.147262156,0.147262156,0.0490873852,0.0490873852,0.0490873852,0.0490873852,0.147262156,0.147262156,0.245436926,0.245436926,0.245436926,0.343611696,0.441786467,0.441786467,0.441786467,0.539961237,0.539961237,0.638136008,0.638136008,0.638136008,0.638136008,0.638136008,0.638136008,0.638136008,0.638136008,0.638136008,0.638136008,0.638136008,0.539961237,0.539961237,0.539961237,0.539961237,0.539961237,0.539961237,0.539961237,0.539961237,0.539961237,0.539961237,0.539961237,0.539961237,0.539961237,0.441786467,0.441786467,0.441786467,0.441786467,0.441786467,0.441786467
201.472402096,C01,AP01,client_to_ap,VHT,2,2,2,80,SU,1,4,122,6637c97e16e6ce8a,0.834485549,0.834485549,0.834485549,0.834485549,0.834485549,0.834485549,0.834485549,0.834485549,0.834485549,0.834485549,0.834485549,0.834485549,0.834485549,0.736310778,0.736310778,0.736310778,0.736310778,0.736310778,0.736310778,0.736310778,0.736310778,0.736310778,0.736310778,0.736310778,0.736310778,0.736310778,0.736310778,0.736310778,0.736310778,0.736310778,0.736310778,0.736310778,0.638136008,0.638136008,0.638136008,0.638136008,0.638136008,0.638136008,0.638136008,0.638136008,0.638136008,0.638136008,0.638136008,0.638136008,0.638136008,0.638136008,0.638136008,0.638136008,0.539961237,0.539961237,0.539961237,0.539961237,0.539961237,0.539961237,0.539961237,0.539961237,0.441786467,0.441786467,0.441786467,0.441786467,0.343611696,0.343611696,0.343611696,0.343611696,0.245436926,0.245436926,0.245436926,0.245436926,0.245436926,0.245436926,0.147262156,0.147262156,0.147262156,0.147262156,0.147262156,0.147262156,0.147262156,0.0490873852,0.0490873852,0.0490873852,0.0490873852,0.147262156,0.147262156,0.147262156,0.245436926,0.245436926,0.343611696,0.441786467,0.441786467,0.441786467,0.539961237,0.539961237,0.638136008,0.638136008,0.638136008,0.638136008,0.638136008,0.638136008,0.638136008,0.638136008,0.638136008,0.638136008,0.638136008,0.539961237,0.539961237,0.539961237,0.539961237,0.539961237,0.539961237,0.539961237,0.539961237,0.539961237,0.539961237,0.539961237,0.539961237,0.441786467,0.441786467,0.441786467,0.441786467,0.441786467,0.441786467,0.441786467
202.809023142,C01,AP01,client_to_ap,VHT,2,2,2,80,SU,1,4,122,6637c97e16e6ce8a,0.834485549,0.834485549,0.834485549,0.834485549,0.834485549,0.834485549,0.834485549,0.834485549,0.834485549,0.834485549,0.834485549,0.834485549,0.736310778,0.736310778,0.736310778,0.736310778,0.736310778,0.736310778,0.736310778,0.736310778,0.736310778,0.736310778,0.736310778,0.736310778,0.736310778,0.736310778,0.736310778,0.736310778,0.736310778,0.736310778,0.736310778,0.638136008,0.638136008,0.638136008,0.638136008,0.638136008,0.638136008,0.638136008,0.638136008,0.638136008,0.638136008,0.638136008,0.638136008,0.638136008,0.638136008,0.638136008,0.638136008,0.539961237,0.539961237,0.539961237,0.539961237,0.539961237,0.539961237,0.539961237,0.539961237,0.539961237,0.441786467,0.441786467,0.441786467,0.441786467,0.441786467,0.343611696,0.343611696,0.343611696,0.343611696,0.245436926,0.245436926,0.245436926,0.245436926,0.245436926,0.245436926,0.147262156,0.147262156,0.147262156,0.147262156,0.147262156,0.147262156,0.0490873852,0.0490873852,0.0490873852,0.0490873852,0.147262156,0.147262156,0.147262156,0.245436926,0.245436926,0.343611696,0.343611696,0.441786467,0.441786467,0.539961237,0.539961237,0.638136008,0.638136008,0.638136008,0.638136008,0.638136008,0.638136008,0.638136008,0.638136008,0.638136008,0.638136008,0.638136008,0.539961237,0.539961237,0.539961237,0.539961237,0.539961237,0.539961237,0.539961237,0.539961237,0.539961237,0.539961237,0.539961237,0.539961237,0.539961237,0.441786467,0.441786467,0.441786467,0.441786467,0.441786467,0.441786467
204.140598059,C01,AP01,client_to_ap,VHT,2,2,2,80,SU,1,4,122,6637c97e16e6ce8a,0.834485549,0.834485549,0.834485549,0.834485549,0.834485549,0.834485549,0.834485549,0.834485549,0.834485549,0.834485549,0.834485549,0.834485549,0.834485549,0.736310778,0.736310778,0.736310778,0.736310778,0.736310778,0.736310778,0.736310778,0.736310778,0.736310778,0.736310778,0.736310778,0.736310778,0.736310778,0.736310778,0.736310778,0.736310778,0.736310778,0.736310778,0.736310778,0.736310778,0.638136008,0.638136008,0.638136008,0.638136008,0.638136008,0.638136008,0.638136008,0.638136008,0.638136008,0.638136008,0.638136008,0.638136008,0.638136008,0.638136008,0.638136008,0.638136008,0.638136008,0.539961237,0.539961237,0.539961237,0.539961237,0.539961237,0.539961237,0.441786467,0.441786467,0.441786467,0.441786467,0.441786467,0.343611696,0.343611696,0.343611696,0.343611696,0.245436926,0.245436926,0.245436926,0.245436926,0.245436926,0.245436926,0.245436926,0.147262156,0.147262156,0.147262156,0.147262156,0.147262156,0.0490873852,0.0490873852,0.0490873852,0.0490873852,0.147262156,0.147262156,0.147262156,0.245436926,0.245436926,0.343611696,0.441786467,0.441786467,0.539961237,0.539961237,0.638136008,0.638136008,0.638136008,0.638136008,0.638136008,0.638136008,0.638136008,0.638136008,0.638136008,0.638136008,0.638136008,0.638136008,0.638136008,0.539961237,0.539961237,0.539961237,0.539961237,0.539961237,0.539961237,0.539961237,0.539961237,0.539961237,0.539961237,0.539961237,0.539961237,0.441786467,0.441786467,0.441786467,0.539961237,0.539961237,0.539961237
205.473071098,C01,AP01,client_to_ap,VHT,2,2,2,80,SU,1,4,122,6637c97e16e6ce8a,0.834485549,0.834485549,0.834485549,0.834485549,0.834485549,0.834485549,0.834485549,0.834485549,0.834485549,0.834485549,0.834485549,0.834485549,0.834485549,0.834485549,0.736310778,0.736310778,0.736310778,0.736310778,0.736310778,0.736310778,0.736310778,0.736310778,0.736310778,0.736310778,0.736310778,0.736310778,0.736310778,0.736310778,0.736310778,0.736310778,0.736310778,0.736310778,0.638136008,0.638136008,0.638136008,0.638136008,0.638136008,0.638136008,0.638136008,0.638136008,0.638136008,0.638136008,0.638136008,0.638136008,0.638136008,0.638136008,0.638136008,0.638136008,0.638136008,0.539961237,0.539961237,0.539961237,0.539961237,0.539961237,0.539961237,0.539961237,0.441786467,0.441786467,0.441786467,0.441786467,0.441786467,0.343611696,0.343611696,0.343611696,0.343611696,0.245436926,0.245436926,0.245436926,0.245436926,0.245436926,0.245436926,0.147262156,0.147262156,0.147262156,0.147262156,0.147262156,0.0490873852,0.0490873852,0.0490873852,0.0490873852,0.0490873852,0.147262156,0.147262156,0.245436926,0.245436926,0.343611696,0.343611696,0.441786467,0.441786467,0.539961237,0.539961237,0.539961237,0.638136008,0.638136008,0.638136008,0.638136008,0.638136008,0.638136008,0.638136008,0.638136008,0.638136008,0.638136008,0.638136008,0.539961237,0.539961237,0.539961237,0.539961237,0.539961237,0.539961237,0.539961237,0.539961237,0.539961237,0.539961237,0.539961237,0.539961237,0.539961237,0.539961237,0.539961237,0.539961237,0.441786467,0.441786467,0.441786467
206.804773092,C01,AP01,client_to_ap,VHT,2,2,2,80,SU,1,4,122,6637c97e16e6ce8a,0.834485549,0.834485549,0.834485549,0.834485549,0.834485549,0.834485549,0.834485549,0.834485549,0.834485549,0.834485549,0.834485549,0.834485549,0.834485549,0.736310778,0.736310778,0.736310778,0.736310778,0.736310778,0.736310778,0.736310778,0.736310778,0.736310778,0.736310778,0.736310778,0.736310778,0.736310778,0.736310778,0.736310778,0.736310778,0.736310778,0.736310778,0.736310778,0.638136008,0.638136008,0.638136008,0.638136008,0.638136008,0.638136008,0.638136008,0.638136008,0.638136008,0.638136008,0.638136008,0.638136008,0.638136008,0.638136008,0.638136008,0.638136008,0.539961237,0.539961237,0.539961237,0.539961237,0.539961237,0.539961237,0.539961237,0.539961237,0.441786467,0.441786467,0.441786467,0.441786467,0.441786467,0.343611696,0.343611696,0.343611696,0.245436926,0.245436926,0.245436926,0.245436926,0.245436926,0.245436926,0.147262156,0.147262156,0.147262156,0.147262156,0.147262156,0.147262156,0.147262156,0.147262156,0.0490873852,0.0490873852,0.0490873852,0.147262156,0.147262156,0.147262156,0.245436926,0.245436926,0.343611696,0.441786467,0.441786467,0.539961237,0.539961237,0.539961237,0.539961237,0.638136008,0.638136008,0.638136008,0.638136008,0.638136008,0.638136008,0.638136008,0.638136008,0.638136008,0.638136008,0.539961237,0.539961237,0.539961237,0.539961237,0.539961237,0.539961237,0.539961237,0.539961237,0.539961237,0.539961237,0.539961237,0.539961237,0.441786467,0.441786467,0.539961237,0.441786467,0.441786467,0.441786467,0.441786467
208.132658005,C01,AP01,client_to_ap,VHT,2,2,2,80,SU,1,4,122,6637c97e16e6ce8a,0.834485549,0.834485549,0.834485549,0.834485549,0.834485549,0.834485549,0.834485549,0.834485549,0.834485549,0.834485549,0.834485549,0.834485549,0.834485549,0.736310778,0.736310778,0.736310778,0.736310778,0.736310778,0.736310778,0.736310778,0.736310778,0.736310778,0.736310778,0.736310778,0.736310778,0.736310778,0.736310778,0.736310778,0.736310778,0.736310778,0.736310778,0.736310778,0.638136008,0.638136008,0.638136008,0.638136008,0.638136008,0.638136008,0.638136008,0.638136008,0.638136008,0.638136008,0.638136008,0.638136008,0.638136008,0.638136008,0.638136008,0.638136008,0.539961237,0.638136008,0.539961237,0.539961237,0.539961237,0.539961237,0.539961237,0.539961237,0.441786467,0.441786467,0.441786467,0.441786467,0.441786467,0.343611696,0.343611696,0.343611696,0.343611696,0.245436926,0.245436926,0.245436926,0.245436926,0.245436926,0.245436926,0.147262156,0.147262156,0.147262156,0.147262156,0.147262156,0.0490873852,0.0490873852,0.0490873852,0.0490873852,0.0490873852,0.147262156,0.147262156,0.245436926,0.245436926,0.343611696,0.343611696,0.441786467,0.441786467,0.441786467,0.539961237,0.638136008,0.638136008,0.638136008,0.638136008,0.638136008,0.638136008,0.638136008,0.638136008,0.638136008,0.638136008,0.638136008,0.638136008,0.638136008,0.539961237,0.539961237,0.539961237,0.539961237,0.539961237,0.539961237,0.539961237,0.539961237,0.539961237,0.539961237,0.539961237,0.539961237,0.539961237,0.539961237,0.539961237,0.539961237,0.539961237,0.441786467
209.462929010,C01,AP01,client_to_ap,VHT,2,2,2,80,SU,1,4,122,6637c97e16e6ce8a,0.834485549,0.834485549,0.834485549,0.834485549,0.834485549,0.834485549,0.834485549,0.834485549,0.834485549,0.834485549,0.834485549,0.834485549,0.834485549,0.834485549,0.736310778,0.736310778,0.736310778,0.736310778,0.736310778,0.736310778,0.736310778,0.736310778,0.736310778,0.736310778,0.736310778,0.736310778,0.736310778,0.736310778,0.736310778,0.736310778,0.736310778,0.736310778,0.736310778,0.638136008,0.638136008,0.638136008,0.638136008,0.638136008,0.638136008,0.638136008,0.638136008,0.638136008,0.638136008,0.638136008,0.638136008,0.638136008,0.638136008,0.638136008,0.638136008,0.638136008,0.539961237,0.539961237,0.539961237,0.539961237,0.539961237,0.539961237,0.441786467,0.441786467,0.441786467,0.441786467,0.441786467,0.343611696,0.343611696,0.343611696,0.343611696,0.343611696,0.245436926,0.245436926,0.245436926,0.245436926,0.245436926,0.245436926,0.147262156,0.147262156,0.147262156,0.147262156,0.147262156,0.0490873852,0.0490873852,0.0490873852,0.0490873852,0.147262156,0.147262156,0.147262156,0.245436926,0.245436926,0.343611696,0.441786467,0.441786467,0.539961237,0.539961237,0.638136008,0.638136008,0.638136008,0.638136008,0.638136008,0.638136008,0.638136008,0.638136008,0.638136008,0.638136008,0.638136008,0.638136008,0.539961237,0.539961237,0.539961237,0.539961237,0.539961237,0.539961237,0.539961237,0.539961237,0.539961237,0.539961237,0.539961237,0.539961237,0.539961237,0.539961237,0.539961237,0.441786467,0.539961237,0.441786467,0.441786467
210.794212103,C01,AP01,client_to_ap,VHT,2,2,2,80,SU,1,4,122,6637c97e16e6ce8a,0.834485549,0.834485549,0.834485549,0.834485549,0.834485549,0.834485549,0.834485549,0.834485549,0.834485549,0.834485549,0.834485549,0.834485549,0.834485549,0.736310778,0.736310778,0.736310778,0.736310778,0.736310778,0.736310778,0.736310778,0.736310778,0.736310778,0.736310778,0.736310778,0.736310778,0.736310778,0.736310778,0.736310778,0.736310778,0.736310778,0.736310778,0.736310778,0.638136008,0.638136008,0.638136008,0.638136008,0.638136008,0.638136008,0.638136008,0.638136008,0.638136008,0.638136008,0.638136008,0.638136008,0.638136008,0.638136008,0.638136008,0.638136008,0.638136008,0.539961237,0.539961237,0.539961237,0.539961237,0.539961237,0.539961237,0.539961237,0.441786467,0.441786467,0.441786467,0.441786467,0.441786467,0.343611696,0.343611696,0.343611696,0.343611696,0.245436926,0.245436926,0.245436926,0.245436926,0.245436926,0.245436926,0.147262156,0.147262156,0.147262156,0.147262156,0.147262156,0.147262156,0.0490873852,0.0490873852,0.0490873852,0.0490873852,0.147262156,0.147262156,0.147262156,0.245436926,0.245436926,0.343611696,0.441786467,0.441786467,0.539961237,0.539961237,0.638136008,0.638136008,0.638136008,0.638136008,0.638136008,0.638136008,0.638136008,0.638136008,0.638136008,0.638136008,0.638136008,0.638136008,0.539961237,0.539961237,0.539961237,0.539961237,0.539961237,0.539961237,0.539961237,0.539961237,0.539961237,0.539961237,0.539961237,0.539961237,0.539961237,0.441786467,0.441786467,0.441786467,0.441786467,0.441786467,0.441786467
212.121124029,C01,AP01,client_to_ap,VHT,2,2,2,80,SU,1,4,122,6637c97e16e6ce8a,0.834485549,0.834485549,0.834485549,0.834485549,0.834485549,0.834485549,0.834485549,0.834485549,0.834485549,0.834485549,0.834485549,0.736310778,0.834485549,0.736310778,0.736310778,0.736310778,0.736310778,0.736310778,0.736310778,0.736310778,0.736310778,0.736310778,0.736310778,0.736310778,0.736310778,0.736310778,0.736310778,0.736310778,0.736310778,0.736310778,0.736310778,0.736310778,0.638136008,0.638136008,0.638136008,0.638136008,0.638136008,0.638136008,0.638136008,0.638136008,0.638136008,0.638136008,0.638136008,0.638136008,0.638136008,0.638136008,0.638136008,0.638136008,0.638136008,0.539961237,0.539961237,0.539961237,0.539961237,0.539961237,0.539961237,0.539961237,0.441786467,0.441786467,0.441786467,0.441786467,0.441786467,0.343611696,0.343611696,0.343611696,0.343611696,0.245436926,0.245436926,0.245436926,0.245436926,0.245436926,0.245436926,0.147262156,0.147262156,0.147262156,0.147262156,0.147262156,0.0490873852,0.0490873852,0.0490873852,0.0490873852,0.0490873852,0.147262156,0.147262156,0.147262156,0.245436926,0.343611696,0.343611696,0.441786467,0.441786467,0.441786467,0.539961237,0.539961237,0.638136008,0.638136008,0.638136008,0.638136008,0.638136008,0.638136008,0.638136008,0.638136008,0.638136008,0.638136008,0.638136008,0.638136008,0.539961237,0.539961237,0.539961237,0.539961237,0.539961237,0.539961237,0.539961237,0.539961237,0.539961237,0.539961237,0.539961237,0.441786467,0.539961237,0.441786467,0.539961237,0.441786467,0.441786467,0.441786467
213.451805115,C01,AP01,client_to_ap,VHT,2,2,2,80,SU,1,4,122,6637c97e16e6ce8a,0.834485549,0.834485549,0.834485549,0.834485549,0.834485549,0.834485549,0.834485549,0.834485549,0.834485549,0.834485549,0.834485549,0.834485549,0.834485549,0.736310778,0.736310778,0.736310778,0.736310778,0.736310778,0.736310778,0.736310778,0.736310778,0.736310778,0.736310778,0.736310778,0.736310778,0.736310778,0.736310778,0.736310778,0.736310778,0.736310778,0.736310778,0.736310778,0.638136008,0.638136008,0.638136008,0.638136008,0.638136008,0.638136008,0.638136008,0.638136008,0.638136008,0.638136008,0.638136008,0.638136008,0.638136008,0.638136008,0.638136008,0.638136008,0.539961237,0.539961237,0.539961237,0.539961237,0.539961237,0.539961237,0.539961237,0.539961237,0.441786467,0.441786467,0.441786467,0.441786467,0.343611696,0.343611696,0.343611696,0.343611696,0.343611696,0.245436926,0.245436926,0.245436926,0.245436926,0.245436926,0.245436926,0.147262156,0.147262156,0.147262156,0.147262156,0.147262156,0.0490873852,0.0490873852,0.0490873852,0.0490873852,0.0490873852,0.147262156,0.147262156,0.245436926,0.245436926,0.245436926,0.343611696,0.441786467,0.441786467,0.539961237,0.539961237,0.638136008,0.539961237,0.638136008,0.638136008,0.638136008,0.638136008,0.638136008,0.638136008,0.638136008,0.638136008,0.638136008,0.638136008,0.539961237,0.539961237,0.539961237,0.539961237,0.539961237,0.539961237,0.539961237,0.539961237,0.539961237,0.539961237,0.539961237,0.539961237,0.539961237,0.441786467,0.441786467,0.441786467,0.539961237,0.441786467,0.441786467
214.788444042,C01,AP01,client_to_ap,VHT,2,2,2,80,SU,1,4,122,6637c97e16e6ce8a,0.834485549,0.834485549,0.834485549,0.834485549,0.834485549,0.834485549,0.834485549,0.834485549,0.834485549,0.834485549,0.834485549,0.834485549,0.834485549,0.834485549,0.736310778,0.736310778,0.736310778,0.736310778,0.736310778,0.736310778,0.736310778,0.736310778,0.736310778,0.736310778,0.736310778,0.736310778,0.736310778,0.736310778,0.736310778,0.736310778,0.736310778,0.736310778,0.736310778,0.638136008,0.638136008,0.638136008,0.638136008,0.638136008,0.638136008,0.638136008,0.638136008,0.638136008,0.638136008,0.638136008,0.638136008,0.638136008,0.638136008,0.638136008,0.638136008,0.638136008,0.539961237,0.539961237,0.539961237,0.539961237,0.539961237,0.539961237,0.539961237,0.441786467,0.441786467,0.441786467,0.441786467,0.343611696,0.343611696,0.343611696,0.343611696,0.245436926,0.245436926,0.245436926,0.245436926,0.245436926,0.245436926,0.147262156,0.147262156,0.147262156,0.147262156,0.147262156,0.147262156,0.0490873852,0.0490873852,0.0490873852,0.0490873852,0.147262156,0.147262156,0.245436926,0.245436926,0.343611696,0.343611696,0.441786467,0.441786467,0.539961237,0.539961237,0.638136008,0.638136008,0.638136008,0.638136008,0.638136008,0.638136008,0.638136008,0.638136008,0.638136008,0.638136008,0.638136008,0.638136008,0.638136008,0.539961237,0.539961237,0.539961237,0.539961237,0.539961237,0.539961237,0.539961237,0.539961237,0.539961237,0.539961237,0.539961237,0.539961237,0.539961237,0.539961237,0.539961237,0.539961237,0.441786467,0.441786467
216.120442152,C01,AP01,client_to_ap,VHT,2,2,2,80,SU,1,4,122,6637c97e16e6ce8a,0.834485549,0.834485549,0.834485549,0.834485549,0.834485549,0.834485549,0.834485549,0.834485549,0.834485549,0.834485549,0.834485549,0.736310778,0.736310778,0.834485549,0.736310778,0.736310778,0.736310778,0.736310778,0.736310778,0.736310778,0.736310778,0.736310778,0.736310778,0.736310778,0.736310778,0.736310778,0.736310778,0.736310778,0.736310778,0.736310778,0.736310778,0.638136008,0.638136008,0.638136008,0.638136008,0.638136008,0.638136008,0.638136008,0.638136008,0.638136008,0.638136008,0.638136008,0.638136008,0.638136008,0.638136008,0.638136008,0.638136008,0.638136008,0.539961237,0.539961237,0.539961237,0.539961237,0.539961237,0.539961237,0.539961237,0.539961237,0.441786467,0.441786467,0.441786467,0.441786467,0.343611696,0.343611696,0.343611696,0.343611696,0.343611696,0.245436926,0.245436926,0.245436926,0.245436926,0.245436926,0.147262156,0.147262156,0.147262156,0.147262156,0.147262156,0.147262156,0.147262156,0.147262156,0.0490873852,0.0490873852,0.0490873852,0.147262156,0.147262156,0.245436926,0.245436926,0.245436926,0.343611696,0.441786467,0.441786467,0.539961237,0.539961237,0.539961237,0.638136008,0.638136008,0.638136008,0.638136008,0.638136008,0.638136008,0.638136008,0.638136008,0.638136008,0.638136008,0.638136008,0.638136008,0.539961237,0.539961237,0.539961237,0.539961237,0.539961237,0.539961237,0.539961237,0.539961237,0.539961237,0.441786467,0.539961237,0.539961237,0.441786467,0.441786467,0.441786467,0.539961237,0.441786467,0.441786467
217.452651978,C01,AP01,client_to_ap,VHT,2,2,2,80,SU,1,4,122,6637c97e16e6ce8a,0.834485549,0.834485549,0.834485549,0.834485549,0.834485549,0.834485549,0.834485549,0.834485549,0.834485549,0.834485549,0.834485549,0.834485549,0.834485549,0.736310778,0.736310778,0.736310778,0.736310778,0.736310778,0.736310778,0.736310778,0.736310778,0.736310778,0.736310778,0.736310778,0.736310778,0.736310778,0.736310778,0.736310778,0.736310778,0.736310778,0.736310778,0.736310778,0.638136008,0.638136008,0.638136008,0.638136008,0.638136008,0.638136008,0.638136008,0.638136008,0.638136008,0.638136008,0.638136008,0.638136008,0.638136008,0.638136008,0.638136008,0.638136008,0.539961237,0.539961237,0.539961237,0.539961237,0.539961237,0.539961237,0.539961237,0.539961237,0.441786467,0.441786467,0.441786467,0.441786467,0.441786467,0.343611696,0.343611696,0.343611696,0.343611696,0.245436926,0.245436926,0.245436926,0.245436926,0.245436926,0.245436926,0.147262156,0.147262156,0.147262156,0.147262156,0.147262156,0.147262156,0.0490873852,0.0490873852,0.0490873852,0.0490873852,0.147262156,0.147262156,0.147262156,0.245436926,0.343611696,0.343611696,0.441786467,0.441786467,0.539961237,0.539961237,0.539961237,0.539961237,0.638136008,0.638136008,0.638136008,0.638136008,0.638136008,0.638136008,0.638136008,0.638136008,0.638136008,0.638136008,0.539961237,0.539961237,0.539961237,0.539961237,0.539961237,0.539961237,0.539961237,0.539961237,0.539961237,0.539961237,0.539961237,0.539961237,0.539961237,0.539961237,0.539961237,0.441786467,0.441786467,0.441786467,0.441786467
218.788630962,C01,AP01,client_to_ap,VHT,2,2,2,80,SU,1,4,122,6637c97e16e6ce8a,0.834485549,0.834485549,0.834485549,0.834485549,0.834485549,0.834485549,0.834485549,0.834485549,0.834485549,0.834485549,0.834485549,0.834485549,0.834485549,0.736310778,0.736310778,0.736310778,0.736310778,0.736310778,0.736310778,0.736310778,0.736310778,0.736310778,0.736310778,0.736310778,0.736310778,0.736310778,0.736310778,0.736310778,0.736310778,0.736310778,0.736310778,0.736310778,0.638136008,0.638136008,0.638136008,0.638136008,0.638136008,0.638136008,0.638136008,0.638136008,0.638136008,0.638136008,0.638136008,0.638136008,0.638136008,0.638136008,0.638136008,0.638136008,0.638136008,0.539961237,0.539961237,0.539961237,0.539961237,0.539961237,0.539961237,0.539961237,0.441786467,0.441786467,0.441786467,0.441786467,0.441786467,0.343611696,0.343611696,0.343611696,0.343611696,0.245436926,0.245436926,0.245436926,0.245436926,0.245436926,0.245436926,0.147262156,0.147262156,0.147262156,0.147262156,0.147262156,0.147262156,0.0490873852,0.0490873852,0.0490873852,0.0490873852,0.147262156,0.147262156,0.147262156,0.245436926,0.245436926,0.343611696,0.343611696,0.441786467,0.441786467,0.539961237,0.539961237,0.638136008,0.638136008,0.638136008,0.638136008,0.638136008,0.638136008,0.638136008,0.638136008,0.638136008,0.638136008,0.638136008,0.539961237,0.539961237,0.539961237,0.539961237,0.539961237,0.539961237,0.539961237,0.539961237,0.539961237,0.539961237,0.539961237,0.539961237,0.539961237,0.441786467,0.441786467,0.441786467,0.441786467,0.441786467,0.441786467
220.120157957,C01,AP01,client_to_ap,VHT,2,2,2,80,SU,1,4,122,6637c97e16e6ce8a,0.834485549,0.834485549,0.834485549,0.834485549,0.834485549,0.834485549,0.834485549,0.834485549,0.834485549,0.834485549,0.834485549,0.834485549,0.736310778,0.736310778,0.736310778,0.736310778,0.736310778,0.736310778,0.736310778,0.736310778,0.736310778,0.736310778,0.736310778,0.736310778,0.736310778,0.736310778,0.736310778,0.736310778,0.736310778,0.736310778,0.736310778,0.736310778,0.638136008,0.638136008,0.638136008,0.638136008,0.638136008,0.638136008,0.638136008,0.638136008,0.638136008,0.638136008,0.638136008,0.638136008,0.638136008,0.638136008,0.638136008,0.638136008,0.539961237,0.539961237,0.539961237,0.539961237,0.539961237,0.539961237,0.539961237,0.539961237,0.441786467,0.441786467,0.441786467,0.441786467,0.441786467,0.343611696,0.343611696,0.343611696,0.343611696,0.245436926,0.245436926,0.245436926,0.245436926,0.245436926,0.245436926,0.147262156,0.147262156,0.147262156,0.147262156,0.147262156,0.147262156,0.0490873852,0.0490873852,0.0490873852,0.0490873852,0.147262156,0.147262156,0.147262156,0.245436926,0.343611696,0.343611696,0.441786467,0.441786467,0.441786467,0.539961237,0.539961237,0.638136008,0.638136008,0.638136008,0.638136008,0.638136008,0.638136008,0.638136008,0.638136008,0.638136008,0.638136008,0.638136008,0.638136008,0.539961237,0.539961237,0.539961237,0.539961237,0.539961237,0.539961237,0.539961237,0.539961237,0.539961237,0.539961237,0.539961237,0.539961237,0.539961237,0.441786467,0.441786467,0.441786467,0.441786467,0.441786467
221.451714993,C01,AP01,client_to_ap,VHT,2,2,2,80,SU,1,4,122,6637c97e16e6ce8a,0.834485549,0.834485549,0.834485549,0.834485549,0.834485549,0.834485549,0.834485549,0.834485549,0.834485549,0.834485549,0.834485549,0.834485549,0.736310778,0.736310778,0.736310778,0.736310778,0.834485549,0.736310778,0.736310778,0.736310778,0.736310778,0.736310778,0.736310778,0.736310778,0.736310778,0.736310778,0.736310778,0.736310778,0.736310778,0.736310778,0.736310778,0.736310778,0.638136008,0.638136008,0.638136008,0.638136008,0.638136008,0.638136008,0.638136008,0.638136008,0.638136008,0.638136008,0.638136008,0.638136008,0.638136008,0.638136008,0.638136008,0.539961237,0.638136008,0.539961237,0.539961237,0.539961237,0.539961237,0.539961237,0.539961237,0.539961237,0.441786467,0.441786467,0.441786467,0.441786467,0.441786467,0.343611696,0.343611696,0.343611696,0.343611696,0.245436926,0.245436926,0.245436926,0.245436926,0.245436926,0.245436926,0.147262156,0.147262156,0.147262156,0.147262156,0.147262156,0.147262156,0.0490873852,0.0490873852,0.0490873852,0.0490873852,0.147262156,0.147262156,0.147262156,0.245436926,0.343611696,0.343611696,0.441786467,0.441786467,0.539961237,0.539961237,0.539961237,0.638136008,0.638136008,0.638136008,0.638136008,0.638136008,0.638136008,0.638136008,0.638136008,0.638136008,0.638136008,0.638136008,0.539961237,0.539961237,0.539961237,0.539961237,0.539961237,0.539961237,0.539961237,0.539961237,0.539961237,0.539961237,0.539961237,0.539961237,0.441786467,0.539961237,0.539961237,0.441786467,0.441786467,0.441786467,0.441786467
222.779377937,C01,AP01,client_to_ap,VHT,2,2,2,80,SU,1,4,122,6637c97e16e6ce8a,0.834485549,0.834485549,0.834485549,0.834485549,0.834485549,0.834485549,0.834485549,0.834485549,0.834485549,0.834485549,0.834485549,0.834485549,0.834485549,0.736310778,0.736310778,0.736310778,0.736310778,0.736310778,0.736310778,0.736310778,0.736310778,0.736310778,0.736310778,0.736310778,0.736310778,0.736310778,0.736310778,0.736310778,0.736310778,0.736310778,0.736310778,0.736310778,0.638136008,0.638136008,0.638136008,0.638136008,0.638136008,0.638136008,0.638136008,0.638136008,0.638136008,0.638136008,0.638136008,0.638136008,0.638136008,0.638136008,0.638136008,0.638136008,0.638136008,0.539961237,0.539961237,0.539961237,0.539961237,0.539961237,0.539961237,0.539961237,0.441786467,0.441786467,0.441786467,0.441786467,0.441786467,0.343611696,0.343611696,0.343611696,0.343611696,0.245436926,0.245436926,0.245436926,0.245436926,0.245436926,0.147262156,0.147262156,0.147262156,0.147262156,0.147262156,0.147262156,0.147262156,0.0490873852,0.0490873852,0.0490873852,0.0490873852,0.147262156,0.147262156,0.147262156,0.245436926,0.245436926,0.343611696,0.441786467,0.441786467,0.441786467,0.539961237,0.539961237,0.638136008,0.638136008,0.638136008,0.638136008,0.638136008,0.638136008,0.638136008,0.638136008,0.638136008,0.638136008,0.638136008,0.539961237,0.539961237,0.539961237,0.539961237,0.539961237,0.539961237,0.539961237,0.539961237,0.539961237,0.539961237,0.539961237,0.539961237,0.539961237,0.441786467,0.441786467,0.539961237,0.441786467,0.539961237,0.441786467
224.110957146,C01,AP01,client_to_ap,VHT,2,2,2,80,SU,1,4,122,6637c97e16e6ce8a,0.834485549,0.834485549,0.834485549,0.834485549,0.834485549,0.834485549,0.834485549,0.834485549,0.834485549,0.834485549,0.834485549,0.736310778,0.736310778,0.736310778,0.736310778,0.736310778,0.736310778,0.736310778,0.736310778,0.736310778,0.736310778,0.736310778,0.736310778,0.736310778,0.736310778,0.736310778,0.736310778,0.736310778,0.736310778,0.736310778,0.736310778,0.736310778,0.638136008,0.638136008,0.638136008,0.638136008,0.638136008,0.638136008,0.638136008,0.638136008,0.638136008,0.638136008,0.638136008,0.638136008,0.638136008,0.638136008,0.638136008,0.539961237,0.539961237,0.539961237,0.539961237,0.539961237,0.539961237,0.539961237,0.539961237,0.539961237,0.441786467,0.441786467,0.441786467,0.441786467,0.441786467,0.343611696,0.343611696,0.343611696,0.245436926,0.245436926,0.245436926,0.245436926,0.245436926,0.245436926,0.245436926,0.147262156,0.147262156,0.147262156,0.147262156,0.147262156,0.147262156,0.0490873852,0.0490873852,0.0490873852,0.0490873852,0.147262156,0.147262156,0.245436926,0.245436926,0.245436926,0.343611696,0.441786467,0.441786467,0.539961237,0.539961237,0.539961237,0.638136008,0.638136008,0.638136008,0.638136008,0.638136008,0.638136008,0.638136008,0.638136008,0.638136008,0.638136008,0.638136008,0.638136008,0.539961237,0.539961237,0.539961237,0.539961237,0.539961237,0.539961237,0.539961237,0.539961237,0.539961237,0.539961237,0.539961237,0.539961237,0.539961237,0.539961237,0.441786467,0.539961237,0.441786467,0.441786467
225.442588091,C01,AP01,client_to_ap,VHT,2,2,2,80,SU,1,4,122,6637c97e16e6ce8a,0.834485549,0.834485549,0.834485549,0.834485549,0.834485549,0.834485549,0.834485549,0.834485549,0.834485549,0.834485549,0.834485549,0.834485549,0.834485549,0.736310778,0.736310778,0.736310778,0.736310778,0.736310778,0.736310778,0.736310778,0.736310778,0.736310778,0.736310778,0.736310778,0.736310778,0.736310778,0.736310778,0.736310778,0.736310778,0.736310778,0.736310778,0.736310778,0.736310778,0.638136008,0.638136008,0.638136008,0.638136008,0.638136008,0.638136008,0.638136008,0.638136008,0.638136008,0.638136008,0.638136008,0.638136008,0.638136008,0.638136008,0.638136008,0.638136008,0.638136008,0.539961237,0.539961237,0.539961237,0.539961237,0.539961237,0.539961237,0.441786467,0.441786467,0.441786467,0.441786467,0.441786467,0.343611696,0.343611696,0.343611696,0.343611696,0.245436926,0.245436926,0.245436926,0.245436926,0.245436926,0.245436926,0.245436926,0.147262156,0.147262156,0.147262156,0.147262156,0.147262156,0.0490873852,0.0490873852,0.0490873852,0.0490873852,0.147262156,0.147262156,0.245436926,0.245436926,0.343611696,0.343611696,0.441786467,0.441786467,0.539961237,0.539961237,0.638136008,0.638136008,0.638136008,0.638136008,0.638136008,0.638136008,0.638136008,0.638136008,0.638136008,0.638136008,0.638136008,0.638136008,0.638136008,0.539961237,0.539961237,0.539961237,0.539961237,0.539961237,0.539961237,0.539961237,0.539961237,0.539961237,0.539961237,0.539961237,0.539961237,0.539961237,0.539961237,0.441786467,0.441786467,0.441786467,0.539961237
226.778208017,C01,AP01,client_to_ap,VHT,2,2,2,80,SU,1,4,122,6637c97e16e6ce8a,0.834485549,0.834485549,0.834485549,0.834485549,0.834485549,0.834485549,0.834485549,0.834485549,0.834485549,0.834485549,0.834485549,0.834485549,0.834485549,0.736310778,0.736310778,0.736310778,0.736310778,0.736310778,0.736310778,0.736310778,0.736310778,0.736310778,0.736310778,0.736310778,0.736310778,0.736310778,0.736310778,0.736310778,0.736310778,0.736310778,0.736310778,0.736310778,0.638136008,0.638136008,0.638136008,0.638136008,0.638136008,0.638136008,0.638136008,0.638136008,0.638136008,0.638136008,0.638136008,0.638136008,0.638136008,0.638136008,0.638136008,0.638136008,0.539961237,0.638136008,0.539961237,0.539961237,0.539961237,0.539961237,0.539961237,0.539961237,0.441786467,0.441786467,0.441786467,0.441786467,0.343611696,0.441786467,0.343611696,0.343611696,0.343611696,0.343611696,0.245436926,0.245436926,0.245436926,0.245436926,0.245436926,0.147262156,0.147262156,0.147262156,0.147262156,0.147262156,0.147262156,0.147262156,0.0490873852,0.147262156,0.0490873852,0.147262156,0.147262156,0.245436926,0.245436926,0.245436926,0.343611696,0.441786467,0.441786467,0.441786467,0.539961237,0.638136008,0.638136008,0.638136008,0.638136008,0.638136008,0.638136008,0.638136008,0.638136008,0.638136008,0.638136008,0.638136008,0.638136008,0.638136008,0.539961237,0.539961237,0.539961237,0.539961237,0.539961237,0.539961237,0.539961237,0.539961237,0.539961237,0.441786467,0.539961237,0.539961237,0.539961237,0.441786467,0.539961237,0.539961237,0.441786467,0.441786467
228.110792160,C01,AP01,client_to_ap,VHT,2,2,2,80,SU,1,4,122,6637c97e16e6ce8a,0.834485549,0.834485549,0.834485549,0.834485549,0.834485549,0.834485549,0.834485549,0.834485549,0.834485549,0.834485549,0.834485549,0.834485549,0.834485549,0.736310778,0.736310778,0.736310778,0.736310778,0.736310778,0.736310778,0.736310778,0.736310778,0.736310778,0.736310778,0.736310778,0.736310778,0.736310778,0.736310778,0.736310778,0.736310778,0.736310778,0.736310778,0.736310778,0.638136008,0.638136008,0.638136008,0.638136008,0.638136008,0.638136008,0.638136008,0.638136008,0.638136008,0.638136008,0.638136008,0.638136008,0.638136008,0.638136008,0.638136008,0.638136008,0.638136008,0.539961237,0.539961237,0.539961237,0.539961237,0.539961237,0.539961237,0.539961237,0.441786467,0.441786467,0.441786467,0.441786467,0.441786467,0.343611696,0.343611696,0.343611696,0.343611696,0.245436926,0.245436926,0.245436926,0.245436926,0.245436926,0.245436926,0.245436926,0.147262156,0.147262156,0.147262156,0.147262156,0.0490873852,0.0490873852,0.0490873852,0.0490873852,0.0490873852,0.147262156,0.147262156,0.245436926,0.245436926,0.343611696,0.343611696,0.441786467,0.441786467,0.539961237,0.539961237,0.539961237,0.638136008,0.638136008,0.638136008,0.638136008,0.638136008,0.638136008,0.638136008,0.638136008,0.638136008,0.638136008,0.638136008,0.539961237,0.539961237,0.539961237,0.539961237,0.539961237,0.539961237,0.539961237,0.539961237,0.539961237,0.539961237,0.539961237,0.539961237,0.539961237,0.539961237,0.539961237,0.441786467,0.441786467,0.441786467,0.441786467
229.442440033,C01,AP01,client_to_ap,VHT,2,2,2,80,SU,1,4,122,6637c97e16e6ce8a,0.834485549,0.834485549,0.834485549,0.834485549,0.834485549,0.834485549,0.834485549,0.834485549,0.834485549,0.834485549,0.834485549,0.834485549,0.834485549,0.736310778,0.736310778,0.736310778,0.736310778,0.736310778,0.736310778,0.736310778,0.736310778,0.736310778,0.736310778,0.736310778,0.736310778,0.736310778,0.736310778,0.736310778,0.736310778,0.736310778,0.736310778,0.736310778,0.638136008,0.638136008,0.638136008,0.638136008,0.638136008,0.638136008,0.638136008,0.638136008,0.638136008,0.638136008,0.638136008,0.638136008,0.638136008,0.638136008,0.638136008,0.638136008,0.638136008,0.638136008,0.539961237,0.539961237,0.539961237,0.539961237,0.539961237,0.539961237,0.441786467,0.441786467,0.441786467,0.441786467,0.441786467,0.343611696,0.343611696,0.343611696,0.343611696,0.343611696,0.245436926,0.245436926,0.245436926,0.245436926,0.245436926,0.245436926,0.147262156,0.147262156,0.147262156,0.147262156,0.147262156,0.147262156,0.0490873852,0.0490873852,0.0490873852,0.147262156,0.147262156,0.147262156,0.245436926,0.343611696,0.343611696,0.441786467,0.441786467,0.539961237,0.539961237,0.638136008,0.638136008,0.638136008,0.638136008,0.638136008,0.638136008,0.638136008,0.638136008,0.638136008,0.638136008,0.638136008,0.638136008,0.638136008,0.539961237,0.539961237,0.539961237,0.539961237,0.539961237,0.539961237,0.539961237,0.539961237,0.539961237,0.539961237,0.539961237,0.539961237,0.539961237,0.539961237,0.539961237,0.539961237,0.539961237,0.441786467
230.778676987,C01,AP01,client_to_ap,VHT,2,2,2,80,SU,1,4,122,6637c97e16e6ce8a,0.834485549,0.834485549,0.834485549,0.834485549,0.834485549,0.834485549,0.834485549,0.834485549,0.834485549,0.834485549,0.834485549,0.834485549,0.834485549,0.834485549,0.736310778,0.736310778,0.736310778,0.736310778,0.736310778,0.736310778,0.736310778,0.736310778,0.736310778,0.736310778,0.736310778,0.736310778,0.736310778,0.736310778,0.736310778,0.736310778,0.736310778,0.736310778,0.736310778,0.736310778,0.638136008,0.638136008,0.638136008,0.638136008,0.638136008,0.638136008,0.638136008,0.638136008,0.638136008,0.638136008,0.638136008,0.638136008,0.638136008,0.638136008,0.638136008,0.638136008,0.539961237,0.539961237,0.539961237,0.539961237,0.539961237,0.539961237,0.539961237,0.441786467,0.441786467,0.441786467,0.441786467,0.343611696,0.343611696,0.343611696,0.343611696,0.245436926,0.245436926,0.245436926,0.245436926,0.245436926,0.245436926,0.245436926,0.147262156,0.147262156,0.147262156,0.147262156,0.147262156,0.147262156,0.0490873852,0.0490873852,0.0490873852,0.147262156,0.147262156,0.245436926,0.245436926,0.343611696,0.343611696,0.441786467,0.441786467,0.539961237,0.539961237,0.638136008,0.638136008,0.638136008,0.638136008,0.638136008,0.638136008,0.638136008,0.638136008,0.638136008,0.638136008,0.638136008,0.638136008,0.638136008,0.539961237,0.539961237,0.539961237,0.539961237,0.539961237,0.539961237,0.539961237,0.539961237,0.539961237,0.539961237,0.539961237,0.539961237,0.539961237,0.539961237,0.539961237,0.441786467,0.441786467,0.441786467
232.110810995,C01,AP01,client_to_ap,VHT,2,2,2,80,SU,1,4,122,6637c97e16e6ce8a,0.834485549,0.834485549,0.834485549,0.834485549,0.834485549,0.834485549,0.834485549,0.834485549,0.834485549,0.834485549,0.834485549,0.834485549,0.834485549,0.736310778,0.736310778,0.736310778,0.736310778,0.736310778,0.736310778,0.736310778,0.736310778,0.736310778,0.736310778,0.736310778,0.736310778,0.736310778,0.736310778,0.736310778,0.736310778,0.736310778,0.736310778,0.736310778,0.638136008,0.638136008,0.638136008,0.638136008,0.638136008,0.638136008,0.638136008,0.638136008,0.638136008,0.638136008,0.638136008,0.638136008,0.638136008,0.638136008,0.638136008,0.638136008,0.638136008,0.638136008,0.539961237,0.539961237,0.539961237,0.539961237,0.539961237,0.539961237,0.539961237,0.441786467,0.441786467,0.441786467,0.441786467,0.343611696,0.343611696,0.343611696,0.343611696,0.245436926,0.245436926,0.245436926,0.245436926,0.245436926,0.245436926,0.245436926,0.147262156,0.147262156,0.147262156,0.147262156,0.147262156,0.147262156,0.0490873852,0.0490873852,0.0490873852,0.147262156,0.147262156,0.147262156,0.245436926,0.343611696,0.343611696,0.441786467,0.441786467,0.539961237,0.539961237,0.638136008,0.638136008,0.638136008,0.638136008,0.638136008,0.638136008,0.638136008,0.638136008,0.638136008,0.638136008,0.638136008,0.638136008,0.638136008,0.539961237,0.539961237,0.539961237,0.539961237,0.539961237,0.539961237,0.539961237,0.539961237,0.539961237,0.539961237,0.539961237,0.539961237,0.539961237,0.539961237,0.539961237,0.539961237,0.539961237,0.441786467
233.442285061,C01,AP01,client_to_ap,VHT,2,2,2,80,SU,1,4,122,6637c97e16e6ce8a,0.834485549,0.834485549,0.834485549,0.834485549,0.834485549,0.834485549,0.834485549,0.834485549,0.834485549,0.834485549,0.834485549,0.834485549,0.834485549,0.736310778,0.736310778,0.736310778,0.736310778,0.736310778,0.736310778,0.736310778,0.736310778,0.736310778,0.736310778,0.736310778,0.736310778,0.736310778,0.736310778,0.736310778,0.736310778,0.736310778,0.736310778,0.736310778,0.736310778,0.638136008,0.638136008,0.638136008,0.638136008,0.638136008,0.638136008,0.638136008,0.638136008,0.638136008,0.638136008,0.638136008,0.638136008,0.638136008,0.638136008,0.638136008,0.638136008,0.539961237,0.539961237,0.539961237,0.539961237,0.539961237,0.539961237,0.539961237,0.441786467,0.441786467,0.441786467,0.441786467,0.441786467,0.343611696,0.343611696,0.343611696,0.343611696,0.245436926,0.245436926,0.245436926,0.245436926,0.245436926,0.245436926,0.245436926,0.147262156,0.147262156,0.147262156,0.147262156,0.147262156,0.0490873852,0.0490873852,0.0490873852,0.0490873852,0.147262156,0.147262156,0.147262156,0.245436926,0.245436926,0.343611696,0.441786467,0.441786467,0.539961237,0.539961237,0.638136008,0.638136008,0.638136008,0.638136008,0.638136008,0.638136008,0.638136008,0.638136008,0.638136008,0.638136008,0.638136008,0.638136008,0.539961237,0.539961237,0.539961237,0.539961237,0.539961237,0.539961237,0.539961237,0.539961237,0.539961237,0.539961237,0.539961237,0.539961237,0.539961237,0.539961237,0.539961237,0.441786467,0.539961237,0.441786467,0.539961237
234.778094053,C01,AP01,client_to_ap,VHT,2,2,2,80,SU,1,4,122,6637c97e16e6ce8a,0.834485549,0.834485549,0.834485549,0.834485549,0.834485549,0.834485549,0.834485549,0.834485549,0.834485549,0.834485549,0.834485549,0.834485549,0.834485549,0.736310778,0.736310778,0.736310778,0.736310778,0.736310778,0.736310778,0.736310778,0.736310778,0.736310778,0.736310778,0.736310778,0.736310778,0.736310778,0.736310778,0.736310778,0.736310778,0.736310778,0.736310778,0.736310778,0.638136008,0.638136008,0.638136008,0.638136008,0.638136008,0.638136008,0.638136008,0.638136008,0.638136008,0.638136008,0.638136008,0.638136008,0.638136008,0.638136008,0.638136008,0.638136008,0.638136008,0.539961237,0.539961237,0.539961237,0.539961237,0.539961237,0.539961237,0.539961237,0.441786467,0.441786467,0.441786467,0.441786467,0.441786467,0.343611696,0.343611696,0.343611696,0.343611696,0.245436926,0.245436926,0.245436926,0.245436926,0.245436926,0.245436926,0.147262156,0.147262156,0.147262156,0.147262156,0.147262156,0.147262156,0.0490873852,0.0490873852,0.0490873852,0.0490873852,0.147262156,0.147262156,0.147262156,0.245436926,0.245436926,0.343611696,0.441786467,0.441786467,0.539961237,0.539961237,0.638136008,0.638136008,0.638136008,0.638136008,0.638136008,0.638136008,0.638136008,0.638136008,0.638136008,0.638136008,0.638136008,0.638136008,0.638136008,0.539961237,0.539961237,0.539961237,0.539961237,0.539961237,0.539961237,0.539961237,0.539961237,0.539961237,0.539961237,0.539961237,0.539961237,0.539961237,0.441786467,0.539961237,0.539961237,0.441786467,0.441786467
236.110972166,C01,AP01,client_to_ap,VHT,2,2,2,80,SU,1,4,122,6637c97e16e6ce8a,0.834485549,0.834485549,0.834485549,0.834485549,0.834485549,0.834485549,0.834485549,0.834485549,0.834485549,0.834485549,0.834485549,0.736310778,0.834485549,0.736310778,0.736310778,0.736310778,0.736310778,0.736310778,0.736310778,0.736310778,0.736310778,0.736310778,0.736310778,0.736310778,0.736310778,0.736310778,0.736310778,0.736310778,0.736310778,0.736310778,0.736310778,0.736310778,0.638136008,0.638136008,0.638136008,0.638136008,0.638136008,0.638136008,0.638136008,0.638136008,0.638136008,0.638136008,0.638136008,0.638136008,0.638136008,0.638136008,0.638136008,0.638136008,0.638136008,0.539961237,0.539961237,0.539961237,0.539961237,0.539961237,0.539961237,0.539961237,0.441786467,0.441786467,0.441786467,0.441786467,0.441786467,0.343611696,0.343611696,0.343611696,0.343611696,0.245436926,0.245436926,0.245436926,0.245436926,0.245436926,0.245436926,0.147262156,0.147262156,0.147262156,0.147262156,0.147262156,0.147262156,0.147262156,0.0490873852,0.0490873852,0.0490873852,0.147262156,0.147262156,0.147262156,0.245436926,0.245436926,0.343611696,0.441786467,0.441786467,0.441786467,0.539961237,0.638136008,0.638136008,0.638136008,0.638136008,0.638136008,0.638136008,0.638136008,0.638136008,0.638136008,0.638136008,0.638136008,0.638136008,0.638136008,0.539961237,0.539961237,0.539961237,0.539961237,0.539961237,0.539961237,0.539961237,0.539961237,0.539961237,0.539961237,0.539961237,0.539961237,0.441786467,0.539961237,0.441786467,0.441786467,0.539961237,0.441786467
237.441647053,C01,AP01,client_to_ap,VHT,2,2,2,80,SU,1,4,122,6637c97e16e6ce8a,0.834485549,0.834485549,0.834485549,0.834485549,0.834485549,0.834485549,0.834485549,0.834485549,0.834485549,0.834485549,0.834485549,0.834485549,0.736310778,0.736310778,0.736310778,0.736310778,0.736310778,0.736310778,0.736310778,0.736310778,0.736310778,0.736310778,0.736310778,0.736310778,0.736310778,0.736310778,0.736310778,0.736310778,0.736310778,0.736310778,0.736310778,0.736310778,0.638136008,0.638136008,0.638136008,0.638136008,0.638136008,0.638136008,0.638136008,0.638136008,0.638136008,0.638136008,0.638136008,0.638136008,0.638136008,0.638136008,0.638136008,0.638136008,0.539961237,0.638136008,0.539961237,0.539961237,0.539961237,0.539961237,0.539961237,0.539961237,0.441786467,0.441786467,0.441786467,0.441786467,0.441786467,0.343611696,0.343611696,0.343611696,0.343611696,0.245436926,0.245436926,0.245436926,0.245436926,0.245436926,0.245436926,0.245436926,0.147262156,0.147262156,0.147262156,0.147262156,0.147262156,0.147262156,0.0490873852,0.0490873852,0.0490873852,0.147262156,0.147262156,0.147262156,0.245436926,0.343611696,0.343611696,0.441786467,0.441786467,0.539961237,0.539961237,0.638136008,0.638136008,0.638136008,0.638136008,0.638136008,0.638136008,0.638136008,0.638136008,0.638136008,0.638136008,0.638136008,0.638136008,0.638136008,0.539961237,0.539961237,0.539961237,0.539961237,0.539961237,0.539961237,0.539961237,0.539961237,0.539961237,0.539961237,0.539961237,0.539961237,0.539961237,0.539961237,0.441786467,0.539961237,0.441786467,0.441786467
238.769412041,C01,AP01,client_to_ap,VHT,2,2,2,80,SU,1,4,122,6637c97e16e6ce8a,0.834485549,0.834485549,0.834485549,0.834485549,0.834485549,0.834485549,0.834485549,0.834485549,0.834485549,0.834485549,0.834485549,0.834485549,0.834485549,0.736310778,0.736310778,0.736310778,0.736310778,0.736310778,0.736310778,0.736310778,0.736310778,0.736310778,0.736310778,0.736310778,0.736310778,0.736310778,0.736310778,0.736310778,0.736310778,0.736310778,0.736310778,0.736310778,0.638136008,0.638136008,0.638136008,0.638136008,0.638136008,0.638136008,0.638136008,0.638136008,0.638136008,0.638136008,0.638136008,0.638136008,0.638136008,0.638136008,0.638136008,0.638136008,0.638136008,0.638136008,0.539961237,0.539961237,0.539961237,0.539961237,0.539961237,0.539961237,0.441786467,0.441786467,0.441786467,0.441786467,0.441786467,0.343611696,0.343611696,0.343611696,0.343611696,0.245436926,0.245436926,0.245436926,0.245436926,0.245436926,0.245436926,0.245436926,0.147262156,0.147262156,0.147262156,0.147262156,0.147262156,0.147262156,0.0490873852,0.0490873852,0.0490873852,0.147262156,0.147262156,0.147262156,0.245436926,0.343611696,0.343611696,0.441786467,0.441786467,0.441786467,0.539961237,0.539961237,0.638136008,0.638136008,0.638136008,0.638136008,0.638136008,0.638136008,0.638136008,0.638136008,0.638136008,0.638136008,0.638136008,0.638136008,0.539961237,0.539961237,0.539961237,0.539961237,0.539961237,0.539961237,0.539961237,0.539961237,0.539961237,0.539961237,0.539961237,0.539961237,0.539961237,0.539961237,0.441786467,0.441786467,0.441786467,0.441786467
240.099944115,C01,AP01,client_to_ap,VHT,2,2,2,80,SU,1,4,122,6637c97e16e6ce8a,0.834485549,0.834485549,0.834485549,0.834485549,0.834485549,0.834485549,0.834485549,0.834485549,0.834485549,0.834485549,0.834485549,0.834485549,0.834485549,0.736310778,0.736310778,0.834485549,0.736310778,0.736310778,0.736310778,0.736310778,0.736310778,0.736310778,0.736310778,0.736310778,0.736310778,0.736310778,0.736310778,0.736310778,0.736310778,0.736310778,0.736310778,0.736310778,0.736310778,0.638136008,0.638136008,0.638136008,0.638136008,0.638136008,0.638136008,0.638136008,0.638136008,0.638136008,0.638136008,0.638136008,0.638136008,0.638136008,0.638136008,0.638136008,0.539961237,0.638136008,0.539961237,0.539961237,0.539961237,0.539961237,0.539961237,0.539961237,0.441786467,0.441786467,0.441786467,0.441786467,0.441786467,0.343611696,0.343611696,0.343611696,0.343611696,0.245436926,0.245436926,0.245436926,0.245436926,0.245436926,0.245436926,0.147262156,0.147262156,0.147262156,0.147262156,0.147262156,0.147262156,0.147262156,0.0490873852,0.0490873852,0.0490873852,0.147262156,0.147262156,0.147262156,0.245436926,0.245436926,0.343611696,0.441786467,0.441786467,0.539961237,0.539961237,0.638136008,0.638136008,0.638136008,0.638136008,0.638136008,0.638136008,0.638136008,0.638136008,0.638136008,0.638136008,0.638136008,0.638136008,0.638136008,0.539961237,0.539961237,0.539961237,0.539961237,0.539961237,0.539961237,0.539961237,0.539961237,0.539961237,0.539961237,0.539961237,0.539961237,0.539961237,0.441786467,0.441786467,0.539961237,0.441786467,0.441786467
241.431985140,C01,AP01,client_to_ap,VHT,2,2,2,80,SU,1,4,122,6637c97e16e6ce8a,0.834485549,0.834485549,0.834485549,0.834485549,0.834485549,0.834485549,0.834485549,0.834485549,0.834485549,0.834485549,0.834485549,0.736310778,0.834485549,0.736310778,0.736310778,0.736310778,0.736310778,0.736310778,0.736310778,0.736310778,0.736310778,0.736310778,0.736310778,0.736310778,0.736310778,0.736310778,0.736310778,0.736310778,0.736310778,0.736310778,0.736310778,0.736310778,0.736310778,0.638136008,0.638136008,0.638136008,0.638136008,0.638136008,0.638136008,0.638136008,0.638136008,0.638136008,0.638136008,0.638136008,0.638136008,0.638136008,0.638136008,0.638136008,0.539961237,0.638136008,0.539961237,0.539961237,0.539961237,0.539961237,0.539961237,0.539961237,0.441786467,0.441786467,0.441786467,0.441786467,0.343611696,0.343611696,0.343611696,0.343611696,0.343611696,0.245436926,0.245436926,0.245436926,0.245436926,0.245436926,0.245436926,0.147262156,0.147262156,0.147262156,0.147262156,0.147262156,0.147262156,0.0490873852,0.0490873852,0.0490873852,0.0490873852,0.147262156,0.147262156,0.147262156,0.245436926,0.245436926,0.343611696,0.441786467,0.441786467,0.539961237,0.539961237,0.638136008,0.638136008,0.638136008,0.638136008,0.638136008,0.638136008,0.638136008,0.638136008,0.638136008,0.638136008,0.638136008,0.638136008,0.638136008,0.539961237,0.539961237,0.539961237,0.539961237,0.539961237,0.539961237,0.539961237,0.539961237,0.539961237,0.539961237,0.539961237,0.539961237,0.539961237,0.539961237,0.441786467,0.539961237,0.441786467,0.441786467
242.768134117,C01,AP01,client_to_ap,VHT,2,2,2,80,SU,1,4,122,6637c97e16e6ce8a,0.834485549,0.834485549,0.834485549,0.834485549,0.834485549,0.834485549,0.834485549,0.834485549,0.834485549,0.834485549,0.834485549,0.834485549,0.834485549,0.834485549,0.736310778,0.736310778,0.736310778,0.736310778,0.736310778,0.736310778,0.736310778,0.736310778,0.736310778,0.736310778,0.736310778,0.736310778,0.736310778,0.736310778,0.736310778,0.736310778,0.736310778,0.736310778,0.736310778,0.638136008,0.638136008,0.638136008,0.638136008,0.638136008,0.638136008,0.638136008,0.638136008,0.638136008,0.638136008,0.638136008,0.638136008,0.638136008,0.638136008,0.638136008,0.638136008,0.638136008,0.539961237,0.539961237,0.539961237,0.539961237,0.539961237,0.539961237,0.441786467,0.441786467,0.441786467,0.441786467,0.441786467,0.343611696,0.343611696,0.343611696,0.343611696,0.245436926,0.245436926,0.245436926,0.245436926,0.245436926,0.245436926,0.245436926,0.147262156,0.147262156,0.147262156,0.147262156,0.147262156,0.0490873852,0.0490873852,0.0490873852,0.147262156,0.147262156,0.147262156,0.245436926,0.245436926,0.245436926,0.343611696,0.441786467,0.441786467,0.539961237,0.539961237,0.539961237,0.638136008,0.638136008,0.638136008,0.638136008,0.638136008,0.638136008,0.638136008,0.638136008,0.638136008,0.638136008,0.638136008,0.638136008,0.539961237,0.539961237,0.539961237,0.539961237,0.539961237,0.539961237,0.539961237,0.539961237,0.539961237,0.539961237,0.539961237,0.539961237,0.539961237,0.441786467,0.441786467,0.441786467,0.441786467,0.441786467
244.100347042,C01,AP01,client_to_ap,VHT,2,2,2,80,SU,1,4,122,6637c97e16e6ce8a,0.834485549,0.834485549,0.834485549,0.834485549,0.834485549,0.834485549,0.834485549,0.834485549,0.834485549,0.834485549,0.736310778,0.736310778,0.834485549,0.736310778,0.736310778,0.736310778,0.736310778,0.736310778,0.736310778,0.736310778,0.736310778,0.736310778,0.736310778,0.736310778,0.736310778,0.736310778,0.736310778,0.736310778,0.736310778,0.736310778,0.736310778,0.638136008,0.638136008,0.638136008,0.638136008,0.638136008,0.638136008,0.638136008,0.638136008,0.638136008,0.638136008,0.638136008,0.638136008,0.638136008,0.638136008,0.638136008,0.638136008,0.539961237,0.539961237,0.539961237,0.539961237,0.539961237,0.539961237,0.539961237,0.539961237,0.441786467,0.441786467,0.441786467,0.441786467,0.441786467,0.343611696,0.343611696,0.343611696,0.343611696,0.245436926,0.245436926,0.245436926,0.245436926,0.245436926,0.245436926,0.147262156,0.147262156,0.147262156,0.147262156,0.147262156,0.147262156,0.0490873852,0.0490873852,0.0490873852,0.0490873852,0.0490873852,0.147262156,0.147262156,0.245436926,0.245436926,0.343611696,0.343611696,0.441786467,0.441786467,0.441786467,0.539961237,0.539961237,0.539961237,0.638136008,0.638136008,0.638136008,0.638136008,0.638136008,0.638136008,0.638136008,0.638136008,0.638136008,0.638136008,0.539961237,0.539961237,0.539961237,0.539961237,0.539961237,0.539961237,0.539961237,0.539961237,0.539961237,0.539961237,0.539961237,0.539961237,0.539961237,0.441786467,0.441786467,0.441786467,0.441786467,0.441786467,0.441786467
245.432255030,C01,AP01,client_to_ap,VHT,2,2,2,80,SU,1,4,122,6637c97e16e6ce8a,0.834485549,0.834485549,0.834485549,0.834485549,0.834485549,0.834485549,0.834485549,0.834485549,0.834485549,0.834485549,0.834485549,0.834485549,0.834485549,0.736310778,0.736310778,0.736310778,0.736310778,0.736310778,0.736310778,0.736310778,0.736310778,0.736310778,0.736310778,0.736310778,0.736310778,0.736310778,0.736310778,0.736310778,0.736310778,0.736310778,0.736310778,0.736310778,0.736310778,0.638136008,0.638136008,0.638136008,0.638136008,0.638136008,0.638136008,0.638136008,0.638136008,0.638136008,0.638136008,0.638136008,0.638136008,0.638136008,0.638136008,0.638136008,0.638136008,0.638136008,0.539961237,0.539961237,0.539961237,0.539961237,0.539961237,0.539961237,0.441786467,0.441786467,0.441786467,0.441786467,0.441786467,0.343611696,0.343611696,0.343611696,0.343611696,0.343611696,0.245436926,0.245436926,0.245436926,0.245436926,0.245436926,0.147262156,0.147262156,0.147262156,0.147262156,0.147262156,0.147262156,0.0490873852,0.0490873852,0.0490873852,0.0490873852,0.147262156,0.147262156,0.147262156,0.245436926,0.245436926,0.343611696,0.441786467,0.441786467,0.539961237,0.539961237,0.539961237,0.638136008,0.638136008,0.638136008,0.638136008,0.638136008,0.638136008,0.638136008,0.638136008,0.638136008,0.638136008,0.638136008,0.638136008,0.539961237,0.539961237,0.539961237,0.539961237,0.539961237,0.539961237,0.539961237,0.539961237,0.539961237,0.539961237,0.539961237,0.539961237,0.539961237,0.441786467,0.441786467,0.539961237,0.539961237,0.441786467
246.767769098,C01,AP01,client_to_ap,VHT,2,2,2,80,SU,1,4,122,6637c97e16e6ce8a,0.834485549,0.834485549,0.834485549,0.834485549,0.834485549,0.834485549,0.834485549,0.834485549,0.834485549,0.834485549,0.834485549,0.834485549,0.834485549,0.834485549,0.834485549,0.736310778,0.736310778,0.736310778,0.736310778,0.736310778,0.736310778,0.736310778,0.736310778,0.736310778,0.736310778,0.736310778,0.736310778,0.736310778,0.736310778,0.736310778,0.736310778,0.736310778,0.736310778,0.638136008,0.638136008,0.638136008,0.638136008,0.638136008,0.638136008,0.638136008,0.638136008,0.638136008,0.638136008,0.638136008,0.638136008,0.638136008,0.638136008,0.638136008,0.638136008,0.638136008,0.539961237,0.539961237,0.539961237,0.539961237,0.539961237,0.539961237,0.441786467,0.441786467,0.441786467,0.441786467,0.441786467,0.343611696,0.343611696,0.343611696,0.343611696,0.343611696,0.245436926,0.245436926,0.245436926,0.245436926,0.245436926,0.245436926,0.245436926,0.147262156,0.147262156,0.147262156,0.147262156,0.147262156,0.0490873852,0.0490873852,0.0490873852,0.147262156,0.147262156,0.147262156,0.245436926,0.343611696,0.343611696,0.441786467,0.441786467,0.539961237,0.539961237,0.638136008,0.638136008,0.638136008,0.638136008,0.638136008,0.638136008,0.638136008,0.638136008,0.638136008,0.638136008,0.638136008,0.638136008,0.638136008,0.539961237,0.539961237,0.539961237,0.539961237,0.539961237,0.539961237,0.539961237,0.539961237,0.539961237,0.539961237,0.539961237,0.539961237,0.539961237,0.539961237,0.441786467,0.441786467,0.441786467,0.441786467
248.100049019,C01,AP01,client_to_ap,VHT,2,2,2,80,SU,1,4,122,6637c97e16e6ce8a,0.834485549,0.834485549,0.834485549,0.834485549,0.834485549,0.834485549,0.834485549,0.834485549,0.834485549,0.834485549,0.834485549,0.736310778,0.834485549,0.736310778,0.736310778,0.736310778,0.736310778,0.736310778,0.736310778,0.736310778,0.736310778,0.736310778,0.736310778,0.736310778,0.736310778,0.736310778,0.736310778,0.736310778,0.736310778,0.736310778,0.736310778,0.736310778,0.638136008,0.638136008,0.638136008,0.638136008,0.638136008,0.638136008,0.638136008,0.638136008,0.638136008,0.638136008,0.638136008,0.638136008,0.638136008,0.638136008,0.638136008,0.638136008,0.539961237,0.638136008,0.539961237,0.539961237,0.539961237,0.539961237,0.539961237,0.539961237,0.441786467,0.441786467,0.441786467,0.441786467,0.441786467,0.343611696,0.343611696,0.343611696,0.343611696,0.245436926,0.245436926,0.245436926,0.245436926,0.245436926,0.245436926,0.147262156,0.147262156,0.147262156,0.147262156,0.147262156,0.147262156,0.147262156,0.0490873852,0.0490873852,0.0490873852,0.147262156,0.147262156,0.147262156,0.245436926,0.245436926,0.343611696,0.441786467,0.441786467,0.539961237,0.539961237,0.539961237,0.638136008,0.638136008,0.638136008,0.638136008,0.638136008,0.638136008,0.638136008,0.638136008,0.638136008,0.638136008,0.638136008,0.638136008,0.539961237,0.539961237,0.539961237,0.539961237,0.539961237,0.539961237,0.539961237,0.539961237,0.539961237,0.539961237,0.539961237,0.539961237,0.539961237,0.441786467,0.441786467,0.441786467,0.441786467,0.441786467
249.432111025,C01,AP01,client_to_ap,VHT,2,2,2,80,SU,1,4,122,6637c97e16e6ce8a,0.834485549,0.834485549,0.834485549,0.834485549,0.834485549,0.834485549,0.834485549,0.834485549,0.834485549,0.834485549,0.834485549,0.834485549,0.736310778,0.736310778,0.736310778,0.736310778,0.736310778,0.736310778,0.736310778,0.736310778,0.736310778,0.736310778,0.736310778,0.736310778,0.736310778,0.736310778,0.736310778,0.736310778,0.736310778,0.736310778,0.736310778,0.736310778,0.638136008,0.638136008,0.638136008,0.638136008,0.638136008,0.638136008,0.638136008,0.638136008,0.638136008,0.638136008,0.638136008,0.638136008,0.638136008,0.638136008,0.638136008,0.638136008,0.539961237,0.539961237,0.539961237,0.539961237,0.539961237,0.539961237,0.539961237,0.539961237,0.441786467,0.441786467,0.441786467,0.441786467,0.343611696,0.343611696,0.343611696,0.343611696,0.343611696,0.245436926,0.245436926,0.245436926,0.245436926,0.245436926,0.147262156,0.147262156,0.147262156,0.147262156,0.147262156,0.147262156,0.147262156,0.0490873852,0.0490873852,0.0490873852,0.0490873852,0.147262156,0.147262156,0.147262156,0.245436926,0.245436926,0.343611696,0.441786467,0.441786467,0.441786467,0.539961237,0.638136008,0.638136008,0.638136008,0.638136008,0.638136008,0.638136008,0.638136008,0.638136008,0.638136008,0.638136008,0.638136008,0.638136008,0.638136008,0.539961237,0.539961237,0.539961237,0.539961237,0.539961237,0.539961237,0.539961237,0.539961237,0.539961237,0.539961237,0.539961237,0.539961237,0.539961237,0.441786467,0.539961237,0.441786467,0.539961237,0.441786467
250.767905951,C01,AP01,client_to_ap,VHT,2,2,2,80,SU,1,4,122,6637c97e16e6ce8a,0.834485549,0.834485549,0.834485549,0.834485549,0.834485549,0.834485549,0.834485549,0.834485549,0.834485549,0.834485549,0.834485549,0.834485549,0.834485549,0.736310778,0.736310778,0.736310778,0.736310778,0.736310778,0.736310778,0.736310778,0.736310778,0.736310778,0.736310778,0.736310778,0.736310778,0.736310778,0.736310778,0.736310778,0.736310778,0.736310778,0.736310778,0.736310778,0.638136008,0.638136008,0.638136008,0.638136008,0.638136008,0.638136008,0.638136008,0.638136008,0.638136008,0.638136008,0.638136008,0.638136008,0.638136008,0.638136008,0.638136008,0.638136008,0.638136008,0.539961237,0.539961237,0.539961237,0.539961237,0.539961237,0.539961237,0.539961237,0.441786467,0.441786467,0.441786467,0.441786467,0.441786467,0.343611696,0.343611696,0.343611696,0.343611696,0.245436926,0.245436926,0.245436926,0.245436926,0.245436926,0.245436926,0.147262156,0.147262156,0.147262156,0.147262156,0.147262156,0.147262156,0.0490873852,0.0490873852,0.0490873852,0.0490873852,0.147262156,0.147262156,0.147262156,0.245436926,0.343611696,0.343611696,0.441786467,0.441786467,0.539961237,0.539961237,0.539961237,0.638136008,0.638136008,0.638136008,0.638136008,0.638136008,0.638136008,0.638136008,0.638136008,0.638136008,0.638136008,0.638136008,0.638136008,0.539961237,0.539961237,0.539961237,0.539961237,0.539961237,0.539961237,0.539961237,0.539961237,0.539961237,0.539961237,0.539961237,0.539961237,0.539961237,0.539961237,0.539961237,0.441786467,0.539961237,0.441786467
252.099843025,C01,AP01,client_to_ap,VHT,2,2,2,80,SU,1,4,122,6637c97e16e6ce8a,0.834485549,0.834485549,0.834485549,0.834485549,0.834485549,0.834485549,0.834485549,0.834485549,0.834485549,0.834485549,0.834485549,0.834485549,0.834485549,0.834485549,0.736310778,0.736310778,0.736310778,0.736310778,0.736310778,0.736310778,0.736310778,0.736310778,0.736310778,0.736310778,0.736310778,0.736310778,0.736310778,0.736310778,0.736310778,0.736310778,0.736310778,0.736310778,0.736310778,0.736310778,0.638136008,0.638136008,0.638136008,0.638136008,0.638136008,0.638136008,0.638136008,0.638136008,0.638136008,0.638136008,0.638136008,0.638136008,0.638136008,0.638136008,0.638136008,0.539961237,0.539961237,0.539961237,0.539961237,0.539961237,0.539961237,0.539961237,0.441786467,0.441786467,0.441786467,0.441786467,0.441786467,0.343611696,0.343611696,0.343611696,0.343611696,0.245436926,0.245436926,0.245436926,0.245436926,0.245436926,0.245436926,0.147262156,0.147262156,0.147262156,0.147262156,0.147262156,0.147262156,0.0490873852,0.0490873852,0.0490873852,0.0490873852,0.147262156,0.147262156,0.245436926,0.245436926,0.343611696,0.343611696,0.441786467,0.441786467,0.539961237,0.539961237,0.638136008,0.638136008,0.638136008,0.638136008,0.638136008,0.638136008,0.638136008,0.638136008,0.638136008,0.638136008,0.638136008,0.638136008,0.638136008,0.539961237,0.539961237,0.539961237,0.539961237,0.539961237,0.539961237,0.539961237,0.539961237,0.539961237,0.539961237,0.539961237,0.539961237,0.539961237,0.539961237,0.539961237,0.539961237,0.539961237,0.441786467
253.432054043,C01,AP01,client_to_ap,VHT,2,2,2,80,SU,1,4,122,6637c97e16e6ce8a,0.834485549,0.834485549,0.834485549,0.834485549,0.834485549,0.834485549,0.834485549,0.834485549,0.834485549,0.834485549,0.834485549,0.736310778,0.834485549,0.736310778,0.736310778,0.736310778,0.736310778,0.736310778,0.736310778,0.736310778,0.736310778,0.736310778,0.736310778,0.736310778,0.736310778,0.736310778,0.736310778,0.736310778,0.736310778,0.736310778,0.736310778,0.736310778,0.638136008,0.638136008,0.638136008,0.638136008,0.638136008,0.638136008,0.638136008,0.638136008,0.638136008,0.638136008,0.638136008,0.638136008,0.638136008,0.638136008,0.638136008,0.638136008,0.539961237,0.638136008,0.539961237,0.539961237,0.539961237,0.539961237,0.539961237,0.539961237,0.441786467,0.441786467,0.441786467,0.441786467,0.343611696,0.343611696,0.343611696,0.343611696,0.343611696,0.245436926,0.245436926,0.245436926,0.245436926,0.245436926,0.245436926,0.245436926,0.147262156,0.147262156,0.147262156,0.147262156,0.147262156,0.0490873852,0.0490873852,0.0490873852,0.0490873852,0.147262156,0.147262156,0.147262156,0.245436926,0.245436926,0.343611696,0.441786467,0.441786467,0.441786467,0.539961237,0.539961237,0.638136008,0.638136008,0.638136008,0.638136008,0.638136008,0.638136008,0.638136008,0.638136008,0.638136008,0.638136008,0.638136008,0.638136008,0.539961237,0.539961237,0.539961237,0.539961237,0.539961237,0.539961237,0.539961237,0.539961237,0.539961237,0.539961237,0.539961237,0.539961237,0.539961237,0.441786467,0.441786467,0.441786467,0.441786467,0.441786467
254.768747091,C01,AP01,client_to_ap,VHT,2,2,2,80,SU,1,4,122,6637c97e16e6ce8a,0.834485549,0.834485549,0.834485549,0.834485549,0.834485549,0.834485549,0.834485549,0.834485549,0.834485549,0.834485549,0.736310778,0.736310778,0.736310778,0.736310778,0.736310778,0.736310778,0.736310778,0.736310778,0.736310778,0.736310778,0.736310778,0.736310778,0.736310778,0.736310778,0.736310778,0.736310778,0.736310778,0.736310778,0.736310778,0.736310778,0.638136008,0.638136008,0.638136008,0.638136008,0.638136008,0.638136008,0.638136008,0.638136008,0.638136008,0.638136008,0.638136008,0.638136008,0.638136008,0.638136008,0.638136008,0.638136008,0.638136008,0.539961237,0.539961237,0.539961237,0.539961237,0.539961237,0.539961237,0.539961237,0.539961237,0.441786467,0.441786467,0.441786467,0.441786467,0.441786467,0.343611696,0.343611696,0.343611696,0.343611696,0.245436926,0.245436926,0.245436926,0.245436926,0.245436926,0.245436926,0.147262156,0.147262156,0.147262156,0.147262156,0.147262156,0.0490873852,0.0490873852,0.0490873852,0.0490873852,0.0490873852,0.0490873852,0.147262156,0.147262156,0.245436926,0.245436926,0.343611696,0.343611696,0.441786467,0.441786467,0.539961237,0.539961237,0.539961237,0.539961237,0.638136008,0.638136008,0.638136008,0.638136008,0.638136008,0.638136008,0.638136008,0.638136008,0.638136008,0.539961237,0.539961237,0.539961237,0.539961237,0.539961237,0.539961237,0.539961237,0.539961237,0.539961237,0.539961237,0.539961237,0.539961237,0.539961237,0.539961237,0.539961237,0.441786467,0.441786467,0.441786467,0.441786467,0.441786467
256.100199938,C01,AP01,client_to_ap,VHT,2,2,2,80,SU,1,4,122,6637c97e16e6ce8a,0.834485549,0.834485549,0.834485549,0.834485549,0.834485549,0.834485549,0.834485549,0.834485549,0.834485549,0.834485549,0.834485549,0.834485549,0.834485549,0.834485549,0.736310778,0.736310778,0.736310778,0.736310778,0.736310778,0.736310778,0.736310778,0.736310778,0.736310778,0.736310778,0.736310778,0.736310778,0.736310778,0.736310778,0.736310778,0.736310778,0.736310778,0.736310778,0.638136008,0.638136008,0.638136008,0.638136008,0.638136008,0.638136008,0.638136008,0.638136008,0.638136008,0.638136008,0.638136008,0.638136008,0.638136008,0.638136008,0.638136008,0.638136008,0.539961237,0.539961237,0.539961237,0.539961237,0.539961237,0.539961237,0.539961237,0.539961237,0.441786467,0.441786467,0.441786467,0.441786467,0.441786467,0.343611696,0.343611696,0.343611696,0.343611696,0.245436926,0.245436926,0.245436926,0.245436926,0.245436926,0.245436926,0.147262156,0.147262156,0.147262156,0.147262156,0.147262156,0.0490873852,0.0490873852,0.0490873852,0.0490873852,0.0490873852,0.147262156,0.147262156,0.245436926,0.245436926,0.343611696,0.343611696,0.441786467,0.441786467,0.539961237,0.539961237,0.539961237,0.638136008,0.638136008,0.638136008,0.638136008,0.638136008,0.638136008,0.638136008,0.638136008,0.638136008,0.638136008,0.638136008,0.638136008,0.539961237,0.539961237,0.539961237,0.539961237,0.539961237,0.539961237,0.539961237,0.539961237,0.539961237,0.539961237,0.539961237,0.539961237,0.539961237,0.441786467,0.539961237,0.539961237,0.539961237,0.441786467
257.432410002,C01,AP01,client_to_ap,VHT,2,2,2,80,SU,1,4,122,6637c97e16e6ce8a,0.834485549,0.834485549,0.834485549,0.834485549,0.834485549,0.834485549,0.834485549,0.834485549,0.834485549,0.834485549,0.834485549,0.834485549,0.834485549,0.736310778,0.736310778,0.736310778,0.736310778,0.736310778,0.736310778,0.736310778,0.736310778,0.736310778,0.736310778,0.736310778,0.736310778,0.736310778,0.736310778,0.736310778,0.736310778,0.736310778,0.736310778,0.736310778,0.638136008,0.638136008,0.638136008,0.638136008,0.638136008,0.638136008,0.638136008,0.638136008,0.638136008,0.638136008,0.638136008,0.638136008,0.638136008,0.638136008,0.638136008,0.638136008,0.638136008,0.539961237,0.539961237,0.539961237,0.539961237,0.539961237,0.539961237,0.539961237,0.441786467,0.441786467,0.441786467,0.441786467,0.441786467,0.343611696,0.343611696,0.343611696,0.343611696,0.245436926,0.245436926,0.245436926,0.245436926,0.245436926,0.245436926,0.245436926,0.147262156,0.147262156,0.147262156,0.147262156,0.147262156,0.0490873852,0.0490873852,0.0490873852,0.0490873852,0.147262156,0.147262156,0.147262156,0.245436926,0.245436926,0.343611696,0.441786467,0.441786467,0.539961237,0.539961237,0.539961237,0.638136008,0.638136008,0.638136008,0.638136008,0.638136008,0.638136008,0.638136008,0.638136008,0.638136008,0.638136008,0.638136008,0.539961237,0.539961237,0.539961237,0.539961237,0.539961237,0.539961237,0.539961237,0.539961237,0.539961237,0.539961237,0.539961237,0.539961237,0.441786467,0.539961237,0.539961237,0.441786467,0.441786467,0.441786467,0.441786467
258.767775059,C01,AP01,client_to_ap,VHT,2,2,2,80,SU,1,4,122,6637c97e16e6ce8a,0.834485549,0.834485549,0.834485549,0.834485549,0.834485549,0.834485549,0.834485549,0.834485549,0.834485549,0.834485549,0.834485549,0.736310778,0.736310778,0.736310778,0.736310778,0.736310778,0.736310778,0.736310778,0.736310778,0.736310778,0.736310778,0.736310778,0.736310778,0.736310778,0.736310778,0.736310778,0.736310778,0.736310778,0.736310778,0.736310778,0.736310778,0.638136008,0.638136008,0.638136008,0.638136008,0.638136008,0.638136008,0.638136008,0.638136008,0.638136008,0.638136008,0.638136008,0.638136008,0.638136008,0.638136008,0.638136008,0.638136008,0.539961237,0.539961237,0.539961237,0.539961237,0.539961237,0.539961237,0.539961237,0.539961237,0.539961237,0.441786467,0.441786467,0.441786467,0.441786467,0.343611696,0.343611696,0.343611696,0.343611696,0.245436926,0.245436926,0.245436926,0.245436926,0.245436926,0.245436926,0.245436926,0.147262156,0.147262156,0.147262156,0.147262156,0.147262156,0.147262156,0.0490873852,0.0490873852,0.0490873852,0.0490873852,0.147262156,0.147262156,0.147262156,0.245436926,0.245436926,0.343611696,0.343611696,0.441786467,0.441786467,0.539961237,0.539961237,0.638136008,0.638136008,0.638136008,0.638136008,0.638136008,0.638136008,0.638136008,0.638136008,0.638136008,0.638136008,0.638136008,0.539961237,0.539961237,0.539961237,0.539961237,0.539961237,0.539961237,0.539961237,0.539961237,0.539961237,0.539961237,0.539961237,0.539961237,0.539961237,0.539961237,0.441786467,0.441786467,0.441786467,0.441786467,0.441786467
260.100706100,C01,AP01,client_to_ap,VHT,2,2,2,80,SU,1,4,122,6637c97e16e6ce8a,0.834485549,0.834485549,0.834485549,0.834485549,0.834485549,0.834485549,0.834485549,0.834485549,0.834485549,0.834485549,0.736310778,0.834485549,0.834485549,0.736310778,0.736310778,0.736310778,0.736310778,0.736310778,0.736310778,0.736310778,0.736310778,0.736310778,0.736310778,0.736310778,0.736310778,0.736310778,0.736310778,0.736310778,0.736310778,0.736310778,0.736310778,0.736310778,0.638136008,0.638136008,0.638136008,0.638136008,0.638136008,0.638136008,0.638136008,0.638136008,0.638136008,0.638136008,0.638136008,0.638136008,0.638136008,0.638136008,0.638136008,0.638136008,0.638136008,0.539961237,0.539961237,0.539961237,0.539961237,0.539961237,0.539961237,0.539961237,0.441786467,0.441786467,0.441786467,0.441786467,0.441786467,0.343611696,0.343611696,0.343611696,0.245436926,0.245436926,0.245436926,0.245436926,0.245436926,0.245436926,0.245436926,0.147262156,0.147262156,0.147262156,0.147262156,0.147262156,0.147262156,0.0490873852,0.0490873852,0.0490873852,0.0490873852,0.147262156,0.147262156,0.147262156,0.245436926,0.245436926,0.343611696,0.441786467,0.441786467,0.539961237,0.539961237,0.539961237,0.638136008,0.638136008,0.638136008,0.638136008,0.638136008,0.638136008,0.638136008,0.638136008,0.638136008,0.638136008,0.638136008,0.539961237,0.539961237,0.539961237,0.539961237,0.539961237,0.539961237,0.539961237,0.539961237,0.539961237,0.539961237,0.539961237,0.539961237,0.539961237,0.539961237,0.539961237,0.441786467,0.441786467,0.441786467,0.441786467
261.431617975,C01,AP01,client_to_ap,VHT,2,2,2,80,SU,1,4,122,6637c97e16e6ce8a,0.834485549,0.834485549,0.834485549,0.834485549,0.834485549,0.834485549,0.834485549,0.834485549,0.834485549,0.834485549,0.834485549,0.834485549,0.834485549,0.736310778,0.736310778,0.736310778,0.834485549,0.736310778,0.736310778,0.736310778,0.736310778,0.736310778,0.736310778,0.736310778,0.736310778,0.736310778,0.736310778,0.736310778,0.736310778,0.736310778,0.736310778,0.736310778,0.736310778,0.638136008,0.638136008,0.638136008,0.638136008,0.638136008,0.638136008,0.638136008,0.638136008,0.638136008,0.638136008,0.638136008,0.638136008,0.638136008,0.638136008,0.638136008,0.638136008,0.638136008,0.539961237,0.539961237,0.539961237,0.539961237,0.539961237,0.539961237,0.441786467,0.441786467,0.441786467,0.441786467,0.441786467,0.343611696,0.343611696,0.343611696,0.343611696,0.245436926,0.245436926,0.245436926,0.245436926,0.245436926,0.245436926,0.245436926,0.147262156,0.147262156,0.147262156,0.147262156,0.147262156,0.0490873852,0.0490873852,0.0490873852,0.0490873852,0.147262156,0.147262156,0.147262156,0.245436926,0.343611696,0.343611696,0.441786467,0.441786467,0.539961237,0.539961237,0.638136008,0.638136008,0.638136008,0.638136008,0.638136008,0.638136008,0.638136008,0.638136008,0.638136008,0.638136008,0.638136008,0.638136008,0.638136008,0.539961237,0.539961237,0.539961237,0.539961237,0.539961237,0.539961237,0.539961237,0.539961237,0.539961237,0.539961237,0.539961237,0.539961237,0.539961237,0.539961237,0.539961237,0.539961237,0.539961237,0.441786467
262.767934084,C01,AP01,client_to_ap,VHT,2,2,2,80,SU,1,4,122,6637c97e16e6ce8a,0.834485549,0.834485549,0.834485549,0.834485549,0.834485549,0.834485549,0.834485549,0.834485549,0.834485549,0.834485549,0.834485549,0.736310778,0.834485549,0.736310778,0.834485549,0.736310778,0.736310778,0.834485549,0.736310778,0.736310778,0.736310778,0.736310778,0.736310778,0.736310778,0.736310778,0.736310778,0.736310778,0.736310778,0.736310778,0.736310778,0.736310778,0.638136008,0.638136008,0.638136008,0.638136008,0.638136008,0.638136008,0.638136008,0.638136008,0.638136008,0.638136008,0.638136008,0.638136008,0.638136008,0.638136008,0.638136008,0.638136008,0.638136008,0.539961237,0.638136008,0.539961237,0.539961237,0.539961237,0.539961237,0.539961237,0.539961237,0.441786467,0.441786467,0.441786467,0.441786467,0.343611696,0.343611696,0.343611696,0.343611696,0.343611696,0.343611696,0.245436926,0.245436926,0.245436926,0.245436926,0.147262156,0.147262156,0.245436926,0.147262156,0.147262156,0.147262156,0.147262156,0.147262156,0.0490873852,0.0490873852,0.0490873852,0.147262156,0.147262156,0.245436926,0.245436926,0.245436926,0.343611696,0.441786467,0.441786467,0.539961237,0.539961237,0.638136008,0.638136008,0.638136008,0.638136008,0.638136008,0.638136008,0.638136008,0.638136008,0.638136008,0.638136008,0.638136008,0.638136008,0.638136008,0.539961237,0.539961237,0.539961237,0.539961237,0.539961237,0.539961237,0.539961237,0.539961237,0.539961237,0.539961237,0.539961237,0.539961237,0.441786467,0.441786467,0.539961237,0.539961237,0.441786467,0.441786467
264.099964142,C01,AP01,client_to_ap,VHT,2,2,2,80,SU,1,4,122,6637c97e16e6ce8a,0.834485549,0.834485549,0.834485549,0.834485549,0.834485549,0.834485549,0.834485549,0.834485549,0.834485549,0.834485549,0.834485549,0.834485549,0.834485549,0.736310778,0.736310778,0.736310778,0.736310778,0.736310778,0.736310778,0.736310778,0.736310778,0.736310778,0.736310778,0.736310778,0.736310778,0.736310778,0.736310778,0.736310778,0.736310778,0.736310778,0.736310778,0.736310778,0.736310778,0.638136008,0.638136008,0.638136008,0.638136008,0.638136008,0.638136008,0.638136008,0.638136008,0.638136008,0.638136008,0.638136008,0.638136008,0.638136008,0.638136008,0.539961237,0.539961237,0.539961237,0.539961237,0.539961237,0.539961237,0.539961237,0.539961237,0.539961237,0.441786467,0.441786467,0.441786467,0.441786467,0.343611696,0.343611696,0.343611696,0.343611696,0.245436926,0.245436926,0.245436926,0.245436926,0.245436926,0.245436926,0.245436926,0.147262156,0.147262156,0.147262156,0.147262156,0.147262156,0.147262156,0.0490873852,0.0490873852,0.0490873852,0.0490873852,0.147262156,0.147262156,0.147262156,0.245436926,0.245436926,0.343611696,0.441786467,0.441786467,0.441786467,0.539961237,0.539961237,0.638136008,0.638136008,0.638136008,0.638136008,0.638136008,0.638136008,0.638136008,0.638136008,0.638136008,0.638136008,0.638136008,0.539961237,0.539961237,0.539961237,0.539961237,0.539961237,0.539961237,0.539961237,0.539961237,0.539961237,0.539961237,0.539961237,0.539961237,0.539961237,0.539961237,0.441786467,0.539961237,0.441786467,0.441786467,0.441786467
265.433203936,C01,AP01,client_to_ap,VHT,2,2,2,80,SU,1,4,122,6637c97e16e6ce8a,0.834485549,0.834485549,0.834485549,0.834485549,0.834485549,0.834485549,0.834485549,0.834485549,0.834485549,0.834485549,0.834485549,0.834485549,0.834485549,0.736310778,0.736310778,0.736310778,0.736310778,0.736310778,0.736310778,0.736310778,0.736310778,0.736310778,0.736310778,0.736310778,0.736310778,0.736310778,0.736310778,0.736310778,0.736310778,0.736310778,0.736310778,0.736310778,0.736310778,0.638136008,0.638136008,0.638136008,0.638136008,0.638136008,0.638136008,0.638136008,0.638136008,0.638136008,0.638136008,0.638136008,0.638136008,0.638136008,0.638136008,0.638136008,0.638136008,0.638136008,0.539961237,0.539961237,0.539961237,0.539961237,0.539961237,0.539961237,0.441786467,0.441786467,0.441786467,0.441786467,0.441786467,0.343611696,0.343611696,0.343611696,0.343611696,0.245436926,0.245436926,0.245436926,0.245436926,0.245436926,0.245436926,0.245436926,0.147262156,0.147262156,0.147262156,0.147262156,0.147262156,0.147262156,0.0490873852,0.0490873852,0.0490873852,0.147262156,0.147262156,0.147262156,0.245436926,0.245436926,0.343611696,0.343611696,0.441786467,0.441786467,0.539961237,0.539961237,0.638136008,0.638136008,0.638136008,0.638136008,0.638136008,0.638136008,0.638136008,0.638136008,0.638136008,0.638136008,0.638136008,0.539961237,0.539961237,0.539961237,0.539961237,0.539961237,0.539961237,0.539961237,0.539961237,0.539961237,0.539961237,0.539961237,0.539961237,0.441786467,0.441786467,0.441786467,0.441786467,0.441786467,0.441786467,0.441786467
266.768126011,C01,AP01,client_to_ap,VHT,2,2,2,80,SU,1,4,122,6637c97e16e6ce8a,0.834485549,0.834485549,0.834485549,0.834485549,0.834485549,0.834485549,0.834485549,0.834485549,0.834485549,0.834485549,0.834485549,0.834485549,0.834485549,0.736310778,0.736310778,0.736310778,0.736310778,0.736310778,0.736310778,0.736310778,0.736310778,0.736310778,0.736310778,0.736310778,0.736310778,0.736310778,0.736310778,0.736310778,0.736310778,0.736310778,0.736310778,0.736310778,0.638136008,0.638136008,0.638136008,0.638136008,0.638136008,0.638136008,0.638136008,0.638136008,0.638136008,0.638136008,0.638136008,0.638136008,0.638136008,0.638136008,0.638136008,0.638136008,0.539961237,0.539961237,0.539961237,0.539961237,0.539961237,0.539961237,0.539961237,0.539961237,0.441786467,0.441786467,0.441786467,0.441786467,0.441786467,0.343611696,0.343611696,0.343611696,0.343611696,0.343611696,0.245436926,0.245436926,0.245436926,0.245436926,0.245436926,0.245436926,0.147262156,0.147262156,0.147262156,0.147262156,0.147262156,0.147262156,0.0490873852,0.0490873852,0.0490873852,0.147262156,0.147262156,0.147262156,0.245436926,0.245436926,0.343611696,0.343611696,0.441786467,0.441786467,0.539961237,0.539961237,0.638136008,0.638136008,0.638136008,0.638136008,0.638136008,0.638136008,0.638136008,0.638136008,0.638136008,0.638136008,0.638136008,0.539961237,0.539961237,0.539961237,0.539961237,0.539961237,0.539961237,0.539961237,0.539961237,0.539961237,0.539961237,0.539961237,0.539961237,0.539961237,0.441786467,0.441786467,0.441786467,0.441786467,0.441786467,0.441786467
268.100764036,C01,AP01,client_to_ap,VHT,2,2,2,80,SU,1,4,122,6637c97e16e6ce8a,0.834485549,0.834485549,0.834485549,0.834485549,0.834485549,0.834485549,0.834485549,0.834485549,0.834485549,0.834485549,0.834485549,0.834485549,0.736310778,0.736310778,0.736310778,0.736310778,0.736310778,0.736310778,0.736310778,0.736310778,0.736310778,0.736310778,0.736310778,0.736310778,0.736310778,0.736310778,0.736310778,0.736310778,0.736310778,0.736310778,0.736310778,0.736310778,0.638136008,0.638136008,0.638136008,0.638136008,0.638136008,0.638136008,0.638136008,0.638136008,0.638136008,0.638136008,0.638136008,0.638136008,0.638136008,0.638136008,0.638136008,0.539961237,0.539961237,0.539961237,0.539961237,0.539961237,0.539961237,0.539961237,0.539961237,0.539961237,0.441786467,0.441786467,0.441786467,0.441786467,0.343611696,0.343611696,0.343611696,0.343611696,0.343611696,0.245436926,0.245436926,0.245436926,0.245436926,0.245436926,0.245436926,0.147262156,0.147262156,0.147262156,0.147262156,0.147262156,0.147262156,0.0490873852,0.0490873852,0.0490873852,0.147262156,0.147262156,0.147262156,0.147262156,0.245436926,0.343611696,0.343611696,0.441786467,0.441786467,0.441786467,0.539961237,0.539961237,0.539961237,0.638136008,0.638136008,0.638136008,0.638136008,0.638136008,0.638136008,0.638136008,0.638136008,0.638136008,0.638136008,0.539961237,0.539961237,0.539961237,0.539961237,0.539961237,0.539961237,0.539961237,0.539961237,0.539961237,0.539961237,0.539961237,0.539961237,0.441786467,0.539961237,0.441786467,0.441786467,0.441786467,0.441786467,0.441786467
269.432736158,C01,AP01,client_to_ap,VHT,2,2,2,80,SU,1,4,122,6637c97e16e6ce8a,0.834485549,0.834485549,0.834485549,0.834485549,0.834485549,0.834485549,0.834485549,0.834485549,0.834485549,0.834485549,0.736310778,0.736310778,0.834485549,0.736310778,0.736310778,0.736310778,0.736310778,0.736310778,0.736310778,0.736310778,0.736310778,0.736310778,0.736310778,0.736310778,0.736310778,0.736310778,0.736310778,0.736310778,0.736310778,0.736310778,0.638136008,0.638136008,0.638136008,0.638136008,0.638136008,0.638136008,0.638136008,0.638136008,0.638136008,0.638136008,0.638136008,0.638136008,0.638136008,0.638136008,0.638136008,0.539961237,0.638136008,0.539961237,0.539961237,0.539961237,0.539961237,0.539961237,0.539961237,0.539961237,0.539961237,0.441786467,0.441786467,0.441786467,0.441786467,0.441786467,0.343611696,0.343611696,0.343611696,0.343611696,0.245436926,0.245436926,0.245436926,0.245436926,0.245436926,0.245436926,0.147262156,0.147262156,0.147262156,0.147262156,0.147262156,0.147262156,0.0490873852,0.0490873852,0.0490873852,0.0490873852,0.0490873852,0.147262156,0.147262156,0.245436926,0.245436926,0.343611696,0.343611696,0.343611696,0.441786467,0.441786467,0.539961237,0.539961237,0.539961237,0.539961237,0.638136008,0.638136008,0.638136008,0.638136008,0.638136008,0.638136008,0.638136008,0.638136008,0.539961237,0.539961237,0.539961237,0.539961237,0.539961237,0.539961237,0.539961237,0.539961237,0.539961237,0.539961237,0.539961237,0.539961237,0.539961237,0.441786467,0.539961237,0.441786467,0.441786467,0.441786467,0.441786467,0.441786467
270.768515110,C01,AP01,client_to_ap,VHT,2,2,2,80,SU,1,4,122,6637c97e16e6ce8a,0.834485549,0.834485549,0.834485549,0.834485549,0.834485549,0.834485549,0.834485549,0.834485549,0.834485549,0.834485549,0.834485549,0.834485549,0.834485549,0.736310778,0.736310778,0.736310778,0.736310778,0.736310778,0.736310778,0.736310778,0.736310778,0.736310778,0.736310778,0.736310778,0.736310778,0.736310778,0.736310778,0.736310778,0.736310778,0.736310778,0.736310778,0.736310778,0.638136008,0.638136008,0.638136008,0.638136008,0.638136008,0.638136008,0.638136008,0.638136008,0.638136008,0.638136008,0.638136008,0.638136008,0.638136008,0.638136008,0.638136008,0.638136008,0.638136008,0.539961237,0.539961237,0.539961237,0.539961237,0.539961237,0.539961237,0.539961237,0.441786467,0.441786467,0.441786467,0.441786467,0.441786467,0.343611696,0.343611696,0.343611696,0.343611696,0.245436926,0.245436926,0.245436926,0.245436926,0.245436926,0.245436926,0.245436926,0.147262156,0.147262156,0.147262156,0.147262156,0.147262156,0.147262156,0.0490873852,0.0490873852,0.0490873852,0.147262156,0.147262156,0.147262156,0.245436926,0.245436926,0.343611696,0.343611696,0.441786467,0.441786467,0.539961237,0.539961237,0.638136008,0.638136008,0.638136008,0.638136008,0.638136008,0.638136008,0.638136008,0.638136008,0.638136008,0.638136008,0.638136008,0.539961237,0.539961237,0.539961237,0.539961237,0.539961237,0.539961237,0.539961237,0.539961237,0.539961237,0.539961237,0.539961237,0.539961237,0.539961237,0.441786467,0.539961237,0.441786467,0.441786467,0.441786467,0.441786467
272.100876093,C01,AP01,client_to_ap,VHT,2,2,2,80,SU,1,4,122,6637c97e16e6ce8a,0.834485549,0.834485549,0.834485549,0.834485549,0.834485549,0.834485549,0.834485549,0.834485549,0.834485549,0.834485549,0.834485549,0.834485549,0.834485549,0.736310778,0.736310778,0.736310778,0.736310778,0.736310778,0.736310778,0.736310778,0.736310778,0.736310778,0.736310778,0.736310778,0.736310778,0.736310778,0.736310778,0.736310778,0.736310778,0.736310778,0.736310778,0.736310778,0.736310778,0.638136008,0.638136008,0.638136008,0.638136008,0.638136008,0.638136008,0.638136008,0.638136008,0.638136008,0.638136008,0.638136008,0.638136008,0.638136008,0.638136008,0.638136008,0.539961237,0.539961237,0.539961237,0.539961237,0.539961237,0.539961237,0.539961237,0.539961237,0.441786467,0.441786467,0.441786467,0.441786467,0.441786467,0.343611696,0.343611696,0.343611696,0.245436926,0.245436926,0.245436926,0.245436926,0.245436926,0.245436926,0.245436926,0.147262156,0.147262156,0.147262156,0.147262156,0.147262156,0.147262156,0.147262156,0.0490873852,0.0490873852,0.147262156,0.147262156,0.147262156,0.147262156,0.245436926,0.245436926,0.343611696,0.343611696,0.441786467,0.441786467,0.539961237,0.539961237,0.638136008,0.638136008,0.638136008,0.638136008,0.638136008,0.638136008,0.638136008,0.638136008,0.638136008,0.638136008,0.638136008,0.539961237,0.539961237,0.539961237,0.539961237,0.539961237,0.539961237,0.539961237,0.539961237,0.539961237,0.539961237,0.539961237,0.539961237,0.539961237,0.441786467,0.441786467,0.441786467,0.441786467,0.441786467,0.441786467
273.432158947,C01,AP01,client_to_ap,VHT,2,2,2,80,SU,1,4,122,6637c97e16e6ce8a,0.834485549,0.834485549,0.834485549,0.834485549,0.834485549,0.834485549,0.834485549,0.834485549,0.834485549,0.834485549,0.834485549,0.834485549,0.834485549,0.736310778,0.736310778,0.736310778,0.736310778,0.736310778,0.736310778,0.736310778,0.736310778,0.736310778,0.736310778,0.736310778,0.736310778,0.736310778,0.736310778,0.736310778,0.736310778,0.736310778,0.736310778,0.736310778,0.638136008,0.638136008,0.638136008,0.638136008,0.638136008,0.638136008,0.638136008,0.638136008,0.638136008,0.638136008,0.638136008,0.638136008,0.638136008,0.638136008,0.638136008,0.638136008,0.539961237,0.539961237,0.539961237,0.539961237,0.539961237,0.539961237,0.539961237,0.539961237,0.441786467,0.441786467,0.441786467,0.441786467,0.441786467,0.343611696,0.343611696,0.343611696,0.343611696,0.245436926,0.245436926,0.245436926,0.245436926,0.245436926,0.245436926,0.245436926,0.147262156,0.147262156,0.147262156,0.147262156,0.147262156,0.147262156,0.0490873852,0.0490873852,0.0490873852,0.147262156,0.147262156,0.147262156,0.245436926,0.245436926,0.343611696,0.441786467,0.441786467,0.441786467,0.539961237,0.539961237,0.638136008,0.638136008,0.638136008,0.638136008,0.638136008,0.638136008,0.638136008,0.638136008,0.638136008,0.638136008,0.638136008,0.539961237,0.539961237,0.539961237,0.539961237,0.539961237,0.539961237,0.539961237,0.539961237,0.539961237,0.539961237,0.539961237,0.539961237,0.441786467,0.539961237,0.441786467,0.441786467,0.441786467,0.441786467,0.441786467
274.768095970,C01,AP01,client_to_ap,VHT,2,2,2,80,SU,1,4,122,6637c97e16e6ce8a,0.834485549,0.834485549,0.834485549,0.834485549,0.834485549,0.834485549,0.834485549,0.834485549,0.834485549,0.834485549,0.834485549,0.834485549,0.834485549,0.736310778,0.736310778,0.736310778,0.736310778,0.736310778,0.736310778,0.736310778,0.736310778,0.736310778,0.736310778,0.736310778,0.736310778,0.736310778,0.736310778,0.736310778,0.736310778,0.736310778,0.736310778,0.638136008,0.638136008,0.638136008,0.638136008,0.638136008,0.638136008,0.638136008,0.638136008,0.638136008,0.638136008,0.638136008,0.638136008,0.638136008,0.638136008,0.638136008,0.638136008,0.638136008,0.638136008,0.539961237,0.539961237,0.539961237,0.539961237,0.539961237,0.539961237,0.539961237,0.441786467,0.441786467,0.441786467,0.441786467,0.441786467,0.343611696,0.343611696,0.343611696,0.343611696,0.245436926,0.245436926,0.245436926,0.245436926,0.245436926,0.245436926,0.147262156,0.147262156,0.147262156,0.147262156,0.147262156,0.147262156,0.147262156,0.147262156,0.0490873852,0.0490873852,0.147262156,0.147262156,0.245436926,0.245436926,0.343611696,0.343611696,0.343611696,0.441786467,0.441786467,0.539961237,0.539961237,0.638136008,0.638136008,0.638136008,0.638136008,0.638136008,0.638136008,0.638136008,0.638136008,0.638136008,0.638136008,0.638136008,0.539961237,0.539961237,0.539961237,0.539961237,0.539961237,0.539961237,0.539961237,0.539961237,0.539961237,0.539961237,0.539961237,0.539961237,0.539961237,0.539961237,0.441786467,0.441786467,0.441786467,0.441786467,0.441786467
276.099689960,C01,AP01,client_to_ap,VHT,2,2,2,80,SU,1,4,122,6637c97e16e6ce8a,0.834485549,0.834485549,0.834485549,0.834485549,0.834485549,0.834485549,0.834485549,0.834485549,0.834485549,0.834485549,0.834485549,0.834485549,0.834485549,0.736310778,0.736310778,0.736310778,0.736310778,0.736310778,0.736310778,0.736310778,0.736310778,0.736310778,0.736310778,0.736310778,0.736310778,0.736310778,0.736310778,0.736310778,0.736310778,0.736310778,0.736310778,0.736310778,0.638136008,0.638136008,0.638136008,0.638136008,0.638136008,0.638136008,0.638136008,0.638136008,0.638136008,0.638136008,0.638136008,0.638136008,0.638136008,0.638136008,0.638136008,0.638136008,0.638136008,0.638136008,0.539961237,0.539961237,0.539961237,0.539961237,0.539961237,0.539961237,0.441786467,0.441786467,0.441786467,0.441786467,0.441786467,0.343611696,0.343611696,0.343611696,0.343611696,0.245436926,0.245436926,0.245436926,0.245436926,0.245436926,0.245436926,0.245436926,0.147262156,0.147262156,0.147262156,0.147262156,0.147262156,0.147262156,0.0490873852,0.0490873852,0.0490873852,0.147262156,0.147262156,0.147262156,0.245436926,0.245436926,0.343611696,0.441786467,0.441786467,0.441786467,0.539961237,0.539961237,0.638136008,0.638136008,0.638136008,0.638136008,0.638136008,0.638136008,0.638136008,0.638136008,0.638136008,0.638136008,0.638136008,0.539961237,0.539961237,0.539961237,0.539961237,0.539961237,0.539961237,0.539961237,0.539961237,0.539961237,0.539961237,0.539961237,0.539961237,0.539961237,0.441786467,0.441786467,0.441786467,0.441786467,0.441786467,0.441786467
277.432490110,C01,AP01,client_to_ap,VHT,2,2,2,80,SU,1,4,122,6637c97e16e6ce8a,0.834485549,0.834485549,0.834485549,0.834485549,0.834485549,0.834485549,0.834485549,0.834485549,0.834485549,0.834485549,0.834485549,0.834485549,0.834485549,0.736310778,0.736310778,0.736310778,0.736310778,0.736310778,0.736310778,0.736310778,0.736310778,0.736310778,0.736310778,0.736310778,0.736310778,0.736310778,0.736310778,0.736310778,0.736310778,0.736310778,0.736310778,0.736310778,0.638136008,0.638136008,0.638136008,0.638136008,0.638136008,0.638136008,0.638136008,0.638136008,0.638136008,0.638136008,0.638136008,0.638136008,0.638136008,0.638136008,0.638136008,0.638136008,0.638136008,0.539961237,0.539961237,0.539961237,0.539961237,0.539961237,0.539961237,0.539961237,0.441786467,0.441786467,0.441786467,0.441786467,0.441786467,0.343611696,0.343611696,0.343611696,0.245436926,0.245436926,0.245436926,0.245436926,0.245436926,0.245436926,0.245436926,0.245436926,0.147262156,0.147262156,0.147262156,0.147262156,0.147262156,0.147262156,0.0490873852,0.0490873852,0.0490873852,0.147262156,0.147262156,0.147262156,0.245436926,0.245436926,0.343611696,0.343611696,0.441786467,0.539961237,0.539961237,0.539961237,0.539961237,0.638136008,0.638136008,0.638136008,0.638136008,0.638136008,0.638136008,0.638136008,0.638136008,0.638136008,0.638136008,0.539961237,0.539961237,0.539961237,0.539961237,0.539961237,0.539961237,0.539961237,0.539961237,0.539961237,0.539961237,0.539961237,0.539961237,0.441786467,0.441786467,0.441786467,0.441786467,0.441786467,0.441786467,0.441786467
278.768244982,C01,AP01,client_to_ap,VHT,2,2,2,80,SU,1,4,122,6637c97e16e6ce8a,0.834485549,0.834485549,0.834485549,0.834485549,0.834485549,0.834485549,0.834485549,0.834485549,0.834485549,0.834485549,0.834485549,0.834485549,0.834485549,0.736310778,0.736310778,0.736310778,0.736310778,0.736310778,0.736310778,0.736310778,0.736310778,0.736310778,0.736310778,0.736310778,0.736310778,0.736310778,0.736310778,0.736310778,0.736310778,0.736310778,0.736310778,0.736310778,0.638136008,0.638136008,0.638136008,0.638136008,0.638136008,0.638136008,0.638136008,0.638136008,0.638136008,0.638136008,0.638136008,0.638136008,0.638136008,0.638136008,0.638136008,0.638136008,0.638136008,0.638136008,0.539961237,0.539961237,0.539961237,0.539961237,0.539961237,0.539961237,0.441786467,0.441786467,0.441786467,0.441786467,0.441786467,0.343611696,0.343611696,0.343611696,0.245436926,0.245436926,0.245436926,0.245436926,0.245436926,0.245436926,0.245436926,0.245436926,0.147262156,0.147262156,0.147262156,0.147262156,0.147262156,0.147262156,0.0490873852,0.0490873852,0.147262156,0.147262156,0.147262156,0.147262156,0.245436926,0.245436926,0.343611696,0.441786467,0.441786467,0.441786467,0.539961237,0.539961237,0.539961237,0.638136008,0.638136008,0.638136008,0.638136008,0.638136008,0.638136008,0.638136008,0.638136008,0.638136008,0.638136008,0.539961237,0.539961237,0.539961237,0.539961237,0.539961237,0.539961237,0.539961237,0.539961237,0.539961237,0.539961237,0.539961237,0.539961237,0.441786467,0.441786467,0.441786467,0.441786467,0.441786467,0.441786467,0.441786467
280.100000143,C01,AP01,client_to_ap,VHT,2,2,2,80,SU,1,4,122,6637c97e16e6ce8a,0.834485549,0.834485549,0.834485549,0.834485549,0.834485549,0.834485549,0.834485549,0.834485549,0.834485549,0.834485549,0.834485549,0.736310778,0.834485549,0.736310778,0.736310778,0.736310778,0.736310778,0.736310778,0.736310778,0.736310778,0.736310778,0.736310778,0.736310778,0.736310778,0.736310778,0.736310778,0.736310778,0.736310778,0.736310778,0.736310778,0.736310778,0.638136008,0.638136008,0.638136008,0.638136008,0.638136008,0.638136008,0.638136008,0.638136008,0.638136008,0.638136008,0.638136008,0.638136008,0.638136008,0.638136008,0.638136008,0.638136008,0.638136008,0.638136008,0.539961237,0.539961237,0.539961237,0.539961237,0.539961237,0.539961237,0.539961237,0.441786467,0.441786467,0.441786467,0.441786467,0.441786467,0.343611696,0.343611696,0.343611696,0.343611696,0.245436926,0.245436926,0.245436926,0.245436926,0.245436926,0.245436926,0.245436926,0.147262156,0.147262156,0.147262156,0.147262156,0.147262156,0.147262156,0.0490873852,0.147262156,0.147262156,0.147262156,0.147262156,0.245436926,0.245436926,0.245436926,0.343611696,0.343611696,0.441786467,0.441786467,0.539961237,0.539961237,0.638136008,0.638136008,0.638136008,0.638136008,0.638136008,0.638136008,0.638136008,0.638136008,0.638136008,0.638136008,0.638136008,0.539961237,0.539961237,0.539961237,0.539961237,0.539961237,0.539961237,0.539961237,0.539961237,0.539961237,0.539961237,0.539961237,0.539961237,0.539961237,0.539961237,0.441786467,0.441786467,0.441786467,0.441786467,0.441786467
281.431462049,C01,AP01,client_to_ap,VHT,2,2,2,80,SU,1,4,122,6637c97e16e6ce8a,0.834485549,0.834485549,0.834485549,0.834485549,0.834485549,0.834485549,0.834485549,0.834485549,0.834485549,0.834485549,0.834485549,0.736310778,0.834485549,0.736310778,0.736310778,0.736310778,0.736310778,0.736310778,0.736310778,0.736310778,0.736310778,0.736310778,0.736310778,0.736310778,0.736310778,0.736310778,0.736310778,0.736310778,0.736310778,0.736310778,0.736310778,0.736310778,0.638136008,0.638136008,0.638136008,0.638136008,0.638136008,0.638136008,0.638136008,0.638136008,0.638136008,0.638136008,0.638136008,0.638136008,0.638136008,0.638136008,0.638136008,0.638136008,0.638136008,0.539961237,0.539961237,0.539961237,0.539961237,0.539961237,0.539961237,0.539961237,0.441786467,0.441786467,0.441786467,0.441786467,0.441786467,0.343611696,0.343611696,0.343611696,0.343611696,0.245436926,0.245436926,0.245436926,0.245436926,0.245436926,0.245436926,0.245436926,0.147262156,0.147262156,0.147262156,0.147262156,0.147262156,0.147262156,0.0490873852,0.147262156,0.0490873852,0.147262156,0.147262156,0.147262156,0.245436926,0.245436926,0.343611696,0.343611696,0.441786467,0.441786467,0.539961237,0.539961237,0.539961237,0.638136008,0.638136008,0.638136008,0.638136008,0.638136008,0.638136008,0.638136008,0.638136008,0.638136008,0.539961237,0.539961237,0.539961237,0.539961237,0.539961237,0.539961237,0.539961237,0.539961237,0.539961237,0.539961237,0.539961237,0.539961237,0.441786467,0.539961237,0.441786467,0.441786467,0.441786467,0.441786467,0.441786467,0.441786467
282.768957138,C01,AP01,client_to_ap,VHT,2,2,2,80,SU,1,4,122,6637c97e16e6ce8a,0.834485549,0.834485549,0.834485549,0.834485549,0.834485549,0.834485549,0.834485549,0.834485549,0.834485549,0.834485549,0.834485549,0.736310778,0.736310778,0.736310778,0.736310778,0.736310778,0.736310778,0.736310778,0.736310778,0.736310778,0.736310778,0.736310778,0.736310778,0.736310778,0.736310778,0.736310778,0.736310778,0.736310778,0.736310778,0.736310778,0.736310778,0.638136008,0.638136008,0.638136008,0.638136008,0.638136008,0.638136008,0.638136008,0.638136008,0.638136008,0.638136008,0.638136008,0.638136008,0.638136008,0.638136008,0.638136008,0.638136008,0.539961237,0.539961237,0.539961237,0.539961237,0.539961237,0.539961237,0.539961237,0.539961237,0.539961237,0.441786467,0.441786467,0.441786467,0.441786467,0.441786467,0.343611696,0.343611696,0.343611696,0.245436926,0.245436926,0.245436926,0.245436926,0.245436926,0.245436926,0.245436926,0.147262156,0.147262156,0.147262156,0.147262156,0.147262156,0.147262156,0.0490873852,0.0490873852,0.0490873852,0.0490873852,0.147262156,0.147262156,0.245436926,0.245436926,0.245436926,0.343611696,0.343611696,0.441786467,0.441786467,0.539961237,0.539961237,0.539961237,0.638136008,0.638136008,0.638136008,0.638136008,0.638136008,0.638136008,0.638136008,0.638136008,0.638136008,0.638136008,0.539961237,0.539961237,0.539961237,0.539961237,0.539961237,0.539961237,0.539961237,0.539961237,0.539961237,0.539961237,0.539961237,0.539961237,0.539961237,0.441786467,0.441786467,0.441786467,0.441786467,0.441786467,0.441786467
284.095601082,C01,AP01,client_to_ap,VHT,2,2,2,80,SU,1,4,122,6637c97e16e6ce8a,0.834485549,0.834485549,0.834485549,0.834485549,0.834485549,0.834485549,0.834485549,0.834485549,0.834485549,0.834485549,0.834485549,0.834485549,0.834485549,0.736310778,0.736310778,0.736310778,0.736310778,0.736310778,0.736310778,0.736310778,0.736310778,0.736310778,0.736310778,0.736310778,0.736310778,0.736310778,0.736310778,0.736310778,0.736310778,0.736310778,0.638136008,0.638136008,0.638136008,0.638136008,0.638136008,0.638136008,0.638136008,0.638136008,0.638136008,0.638136008,0.638136008,0.638136008,0.638136008,0.638136008,0.638136008,0.638136008,0.638136008,0.638136008,0.638136008,0.539961237,0.539961237,0.539961237,0.539961237,0.539961237,0.539961237,0.539961237,0.539961237,0.441786467,0.441786467,0.441786467,0.441786467,0.343611696,0.343611696,0.343611696,0.343611696,0.245436926,0.245436926,0.245436926,0.245436926,0.245436926,0.245436926,0.245436926,0.147262156,0.147262156,0.147262156,0.147262156,0.147262156,0.147262156,0.0490873852,0.0490873852,0.0490873852,0.147262156,0.147262156,0.147262156,0.245436926,0.343611696,0.343611696,0.343611696,0.441786467,0.441786467,0.539961237,0.539961237,0.638136008,0.638136008,0.638136008,0.638136008,0.638136008,0.638136008,0.638136008,0.638136008,0.638136008,0.638136008,0.539961237,0.539961237,0.539961237,0.539961237,0.539961237,0.539961237,0.539961237,0.539961237,0.539961237,0.539961237,0.539961237,0.539961237,0.539961237,0.441786467,0.539961237,0.539961237,0.441786467,0.441786467,0.441786467,0.441786467
285.422848940,C01,AP01,client_to_ap,VHT,2,2,2,80,SU,1,4,122,6637c97e16e6ce8a,0.834485549,0.834485549,0.834485549,0.834485549,0.834485549,0.834485549,0.834485549,0.834485549,0.834485549,0.834485549,0.736310778,0.736310778,0.834485549,0.736310778,0.736310778,0.736310778,0.736310778,0.736310778,0.736310778,0.736310778,0.736310778,0.736310778,0.736310778,0.736310778,0.736310778,0.736310778,0.736310778,0.736310778,0.736310778,0.736310778,0.736310778,0.638136008,0.638136008,0.638136008,0.638136008,0.638136008,0.638136008,0.638136008,0.638136008,0.638136008,0.638136008,0.638136008,0.638136008,0.638136008,0.638136008,0.638136008,0.638136008,0.539961237,0.539961237,0.539961237,0.539961237,0.539961237,0.539961237,0.539961237,0.539961237,0.539961237,0.441786467,0.441786467,0.441786467,0.441786467,0.441786467,0.343611696,0.343611696,0.343611696,0.343611696,0.245436926,0.245436926,0.245436926,0.245436926,0.245436926,0.245436926,0.147262156,0.147262156,0.147262156,0.147262156,0.147262156,0.147262156,0.0490873852,0.0490873852,0.0490873852,0.0490873852,0.147262156,0.147262156,0.245436926,0.245436926,0.245436926,0.343611696,0.343611696,0.441786467,0.441786467,0.539961237,0.539961237,0.539961237,0.638136008,0.638136008,0.638136008,0.638136008,0.638136008,0.638136008,0.638136008,0.638136008,0.638136008,0.638136008,0.539961237,0.539961237,0.539961237,0.539961237,0.539961237,0.539961237,0.539961237,0.539961237,0.539961237,0.539961237,0.539961237,0.441786467,0.441786467,0.441786467,0.441786467,0.441786467,0.441786467,0.441786467,0.441786467
286.758119106,C01,AP01,client_to_ap,VHT,2,2,2,80,SU,1,4,122,6637c97e16e6ce8a,0.834485549,0.834485549,0.834485549,0.834485549,0.834485549,0.834485549,0.834485549,0.834485549,0.834485549,0.834485549,0.834485549,0.736310778,0.834485549,0.736310778,0.736310778,0.736310778,0.736310778,0.736310778,0.736310778,0.736310778,0.736310778,0.736310778,0.736310778,0.736310778,0.736310778,0.736310778,0.736310778,0.736310778,0.736310778,0.736310778,0.736310778,0.638136008,0.638136008,0.638136008,0.638136008,0.638136008,0.638136008,0.638136008,0.638136008,0.638136008,0.638136008,0.638136008,0.638136008,0.638136008,0.638136008,0.638136008,0.638136008,0.539961237,0.539961237,0.539961237,0.539961237,0.539961237,0.539961237,0.539961237,0.539961237,0.441786467,0.441786467,0.441786467,0.441786467,0.441786467,0.343611696,0.343611696,0.343611696,0.343611696,0.343611696,0.245436926,0.245436926,0.245436926,0.245436926,0.245436926,0.147262156,0.147262156,0.147262156,0.147262156,0.147262156,0.147262156,0.147262156,0.147262156,0.0490873852,0.0490873852,0.0490873852,0.147262156,0.147262156,0.147262156,0.245436926,0.245436926,0.343611696,0.343611696,0.441786467,0.441786467,0.539961237,0.539961237,0.539961237,0.638136008,0.638136008,0.638136008,0.638136008,0.638136008,0.638136008,0.638136008,0.638136008,0.638136008,0.638136008,0.539961237,0.539961237,0.539961237,0.539961237,0.539961237,0.539961237,0.539961237,0.539961237,0.539961237,0.441786467,0.539961237,0.539961237,0.441786467,0.441786467,0.441786467,0.441786467,0.441786467,0.441786467,0.441786467
288.090786934,C01,AP01,client_to_ap,VHT,2,2,2,80,SU,1,4,122,6637c97e16e6ce8a,0.834485549,0.834485549,0.834485549,0.834485549,0.834485549,0.834485549,0.834485549,0.834485549,0.834485549,0.834485549,0.834485549,0.736310778,0.834485549,0.736310778,0.736310778,0.736310778,0.736310778,0.736310778,0.736310778,0.736310778,0.736310778,0.736310778,0.736310778,0.736310778,0.736310778,0.736310778,0.736310778,0.736310778,0.736310778,0.736310778,0.638136008,0.638136008,0.638136008,0.638136008,0.638136008,0.638136008,0.638136008,0.638136008,0.638136008,0.638136008,0.638136008,0.638136008,0.638136008,0.638136008,0.638136008,0.638136008,0.638136008,0.539961237,0.539961237,0.539961237,0.539961237,0.539961237,0.539961237,0.539961237,0.539961237,0.441786467,0.441786467,0.441786467,0.441786467,0.441786467,0.343611696,0.343611696,0.343611696,0.343611696,0.245436926,0.245436926,0.245436926,0.245436926,0.245436926,0.245436926,0.245436926,0.147262156,0.147262156,0.147262156,0.147262156,0.147262156,0.147262156,0.0490873852,0.0490873852,0.0490873852,0.0490873852,0.147262156,0.147262156,0.147262156,0.245436926,0.245436926,0.343611696,0.343611696,0.441786467,0.441786467,0.539961237,0.539961237,0.638136008,0.539961237,0.638136008,0.638136008,0.638136008,0.638136008,0.638136008,0.638136008,0.638136008,0.638136008,0.638136008,0.539961237,0.539961237,0.539961237,0.539961237,0.539961237,0.539961237,0.539961237,0.539961237,0.539961237,0.539961237,0.441786467,0.539961237,0.539961237,0.539961237,0.441786467,0.441786467,0.441786467,0.441786467,0.441786467
289.422474146,C01,AP01,client_to_ap,VHT,2,2,2,80,SU,1,4,122,6637c97e16e6ce8a,0.834485549,0.834485549,0.834485549,0.834485549,0.834485549,0.834485549,0.834485549,0.834485549,0.834485549,0.834485549,0.834485549,0.834485549,0.834485549,0.736310778,0.736310778,0.736310778,0.736310778,0.736310778,0.736310778,0.736310778,0.736310778,0.736310778,0.736310778,0.736310778,0.736310778,0.736310778,0.736310778,0.736310778,0.736310778,0.736310778,0.736310778,0.736310778,0.638136008,0.638136008,0.638136008,0.638136008,0.638136008,0.638136008,0.638136008,0.638136008,0.638136008,0.638136008,0.638136008,0.638136008,0.638136008,0.638136008,0.638136008,0.539961237,0.539961237,0.539961237,0.539961237,0.539961237,0.539961237,0.539961237,0.539961237,0.539961237,0.441786467,0.441786467,0.441786467,0.441786467,0.343611696,0.343611696,0.343611696,0.343611696,0.343611696,0.245436926,0.245436926,0.245436926,0.245436926,0.245436926,0.245436926,0.147262156,0.147262156,0.147262156,0.147262156,0.147262156,0.147262156,0.147262156,0.0490873852,0.0490873852,0.147262156,0.147262156,0.147262156,0.147262156,0.245436926,0.245436926,0.343611696,0.441786467,0.441786467,0.441786467,0.539961237,0.539961237,0.638136008,0.638136008,0.638136008,0.638136008,0.638136008,0.638136008,0.638136008,0.638136008,0.638136008,0.638136008,0.638136008,0.539961237,0.539961237,0.539961237,0.539961237,0.539961237,0.539961237,0.539961237,0.539961237,0.539961237,0.539961237,0.539961237,0.539961237,0.539961237,0.441786467,0.441786467,0.539961237,0.539961237,0.441786467,0.441786467
290.758339167,C01,AP01,client_to_ap,VHT,2,2,2,80,SU,1,4,122,6637c97e16e6ce8a,0.834485549,0.834485549,0.834485549,0.834485549,0.834485549,0.834485549,0.834485549,0.834485549,0.834485549,0.834485549,0.834485549,0.736310778,0.736310778,0.736310778,0.736310778,0.736310778,0.736310778,0.736310778,0.736310778,0.736310778,0.736310778,0.736310778,0.736310778,0.736310778,0.736310778,0.736310778,0.736310778,0.736310778,0.736310778,0.736310778,0.736310778,0.638136008,0.638136008,0.638136008,0.638136008,0.638136008,0.638136008,0.638136008,0.638136008,0.638136008,0.638136008,0.638136008,0.638136008,0.638136008,0.638136008,0.638136008,0.638136008,0.539961237,0.539961237,0.539961237,0.539961237,0.539961237,0.539961237,0.539961237,0.539961237,0.441786467,0.441786467,0.441786467,0.441786467,0.441786467,0.343611696,0.343611696,0.343611696,0.343611696,0.245436926,0.245436926,0.245436926,0.245436926,0.245436926,0.245436926,0.245436926,0.147262156,0.147262156,0.147262156,0.147262156,0.147262156,0.147262156,0.0490873852,0.0490873852,0.0490873852,0.0490873852,0.147262156,0.147262156,0.147262156,0.245436926,0.245436926,0.343611696,0.343611696,0.441786467,0.441786467,0.539961237,0.539961237,0.539961237,0.638136008,0.638136008,0.638136008,0.638136008,0.638136008,0.638136008,0.638136008,0.638136008,0.638136008,0.638136008,0.539961237,0.539961237,0.539961237,0.539961237,0.539961237,0.539961237,0.539961237,0.539961237,0.539961237,0.539961237,0.441786467,0.539961237,0.441786467,0.441786467,0.441786467,0.441786467,0.441786467,0.441786467,0.441786467
292.089622974,C01,AP01,client_to_ap,VHT,2,2,2,80,SU,1,4,122,6637c97e16e6ce8a,0.834485549,0.834485549,0.834485549,0.834485549,0.834485549,0.834485549,0.834485549,0.834485549,0.834485549,0.834485549,0.834485549,0.834485549,0.834485549,0.736310778,0.736310778,0.736310778,0.736310778,0.736310778,0.736310778,0.736310778,0.736310778,0.736310778,0.736310778,0.736310778,0.736310778,0.736310778,0.736310778,0.736310778,0.736310778,0.736310778,0.736310778,0.736310778,0.638136008,0.638136008,0.638136008,0.638136008,0.638136008,0.638136008,0.638136008,0.638136008,0.638136008,0.638136008,0.638136008,0.638136008,0.638136008,0.638136008,0.638136008,0.638136008,0.638136008,0.539961237,0.539961237,0.539961237,0.539961237,0.539961237,0.539961237,0.539961237,0.441786467,0.441786467,0.441786467,0.441786467,0.441786467,0.343611696,0.343611696,0.343611696,0.343611696,0.245436926,0.245436926,0.245436926,0.245436926,0.245436926,0.245436926,0.245436926,0.147262156,0.147262156,0.147262156,0.147262156,0.147262156,0.147262156,0.0490873852,0.0490873852,0.147262156,0.147262156,0.147262156,0.147262156,0.245436926,0.245436926,0.343611696,0.343611696,0.441786467,0.441786467,0.539961237,0.539961237,0.539961237,0.638136008,0.638136008,0.638136008,0.638136008,0.638136008,0.638136008,0.638136008,0.638136008,0.638136008,0.638136008,0.539961237,0.539961237,0.539961237,0.539961237,0.539961237,0.539961237,0.539961237,0.539961237,0.539961237,0.539961237,0.539961237,0.539961237,0.441786467,0.539961237,0.441786467,0.441786467,0.441786467,0.441786467,0.441786467
293.422805071,C01,AP01,client_to_ap,VHT,2,2,2,80,SU,1,4,122,6637c97e16e6ce8a,0.834485549,0.834485549,0.834485549,0.834485549,0.834485549,0.834485549,0.834485549,0.834485549,0.834485549,0.834485549,0.834485549,0.834485549,0.834485549,0.736310778,0.736310778,0.736310778,0.736310778,0.736310778,0.736310778,0.736310778,0.736310778,0.736310778,0.736310778,0.736310778,0.736310778,0.736310778,0.736310778,0.736310778,0.736310778,0.736310778,0.736310778,0.736310778,0.638136008,0.638136008,0.638136008,0.638136008,0.638136008,0.638136008,0.638136008,0.638136008,0.638136008,0.638136008,0.638136008,0.638136008,0.638136008,0.638136008,0.638136008,0.638136008,0.638136008,0.539961237,0.539961237,0.539961237,0.539961237,0.539961237,0.539961237,0.539961237,0.441786467,0.441786467,0.441786467,0.441786467,0.441786467,0.343611696,0.343611696,0.343611696,0.343611696,0.245436926,0.245436926,0.245436926,0.245436926,0.245436926,0.245436926,0.147262156,0.147262156,0.147262156,0.147262156,0.147262156,0.147262156,0.0490873852,0.0490873852,0.0490873852,0.147262156,0.147262156,0.147262156,0.147262156,0.245436926,0.245436926,0.343611696,0.441786467,0.441786467,0.441786467,0.539961237,0.539961237,0.638136008,0.638136008,0.638136008,0.638136008,0.638136008,0.638136008,0.638136008,0.638136008,0.638136008,0.638136008,0.638136008,0.638136008,0.539961237,0.539961237,0.539961237,0.539961237,0.539961237,0.539961237,0.539961237,0.539961237,0.539961237,0.539961237,0.539961237,0.539961237,0.539961237,0.441786467,0.441786467,0.441786467,0.539961237,0.441786467
294.758238077,C01,AP01,client_to_ap,VHT,2,2,2,80,SU,1,4,122,6637c97e16e6ce8a,0.834485549,0.834485549,0.834485549,0.834485549,0.834485549,0.834485549,0.834485549,0.834485549,0.834485549,0.834485549,0.834485549,0.834485549,0.834485549,0.736310778,0.736310778,0.736310778,0.736310778,0.736310778,0.736310778,0.736310778,0.736310778,0.736310778,0.736310778,0.736310778,0.736310778,0.736310778,0.736310778,0.736310778,0.736310778,0.736310778,0.736310778,0.736310778,0.638136008,0.638136008,0.638136008,0.638136008,0.638136008,0.638136008,0.638136008,0.638136008,0.638136008,0.638136008,0.638136008,0.638136008,0.638136008,0.638136008,0.638136008,0.539961237,0.539961237,0.539961237,0.539961237,0.539961237,0.539961237,0.539961237,0.539961237,0.539961237,0.441786467,0.441786467,0.441786467,0.441786467,0.441786467,0.343611696,0.343611696,0.343611696,0.343611696,0.245436926,0.245436926,0.245436926,0.245436926,0.245436926,0.245436926,0.245436926,0.147262156,0.147262156,0.147262156,0.147262156,0.147262156,0.147262156,0.0490873852,0.0490873852,0.0490873852,0.147262156,0.147262156,0.147262156,0.245436926,0.245436926,0.343611696,0.343611696,0.441786467,0.441786467,0.539961237,0.539961237,0.638136008,0.539961237,0.638136008,0.638136008,0.638136008,0.638136008,0.638136008,0.638136008,0.638136008,0.638136008,0.638136008,0.539961237,0.539961237,0.539961237,0.539961237,0.539961237,0.539961237,0.539961237,0.539961237,0.539961237,0.539961237,0.539961237,0.539961237,0.441786467,0.441786467,0.441786467,0.441786467,0.441786467,0.441786467,0.441786467
296.084989071,C01,AP01,client_to_ap,VHT,2,2,2,80,SU,1,4,122,6637c97e16e6ce8a,0.834485549,0.834485549,0.834485549,0.834485549,0.834485549,0.834485549,0.834485549,0.834485549,0.834485549,0.834485549,0.834485549,0.834485549,0.834485549,0.834485549,0.736310778,0.834485549,0.736310778,0.736310778,0.736310778,0.736310778,0.736310778,0.736310778,0.736310778,0.736310778,0.736310778,0.736310778,0.736310778,0.736310778,0.736310778,0.736310778,0.736310778,0.736310778,0.638136008,0.638136008,0.638136008,0.638136008,0.638136008,0.638136008,0.638136008,0.638136008,0.638136008,0.638136008,0.638136008,0.638136008,0.638136008,0.638136008,0.638136008,0.638136008,0.638136008,0.539961237,0.539961237,0.539961237,0.539961237,0.539961237,0.539961237,0.539961237,0.441786467,0.441786467,0.441786467,0.441786467,0.441786467,0.343611696,0.343611696,0.343611696,0.343611696,0.245436926,0.245436926,0.245436926,0.245436926,0.245436926,0.245436926,0.245436926,0.147262156,0.147262156,0.147262156,0.147262156,0.147262156,0.147262156,0.147262156,0.147262156,0.0490873852,0.147262156,0.147262156,0.245436926,0.245436926,0.245436926,0.343611696,0.343611696,0.441786467,0.539961237,0.539961237,0.539961237,0.638136008,0.638136008,0.638136008,0.638136008,0.638136008,0.638136008,0.638136008,0.638136008,0.638136008,0.638136008,0.638136008,0.539961237,0.539961237,0.539961237,0.539961237,0.539961237,0.539961237,0.539961237,0.539961237,0.539961237,0.539961237,0.539961237,0.539961237,0.539961237,0.539961237,0.539961237,0.441786467,0.441786467,0.441786467,0.441786467
297.412456989,C01,AP01,client_to_ap,VHT,2,2,2,80,SU,1,4,122,6637c97e16e6ce8a,0.834485549,0.834485549,0.834485549,0.834485549,0.834485549,0.834485549,0.834485549,0.834485549,0.834485549,0.834485549,0.834485549,0.834485549,0.834485549,0.736310778,0.736310778,0.736310778,0.736310778,0.736310778,0.736310778,0.736310778,0.736310778,0.736310778,0.736310778,0.736310778,0.736310778,0.736310778,0.736310778,0.736310778,0.736310778,0.736310778,0.736310778,0.736310778,0.736310778,0.638136008,0.638136008,0.638136008,0.638136008,0.638136008,0.638136008,0.638136008,0.638136008,0.638136008,0.638136008,0.638136008,0.638136008,0.638136008,0.638136008,0.638136008,0.539961237,0.539961237,0.539961237,0.539961237,0.539961237,0.539961237,0.539961237,0.539961237,0.441786467,0.441786467,0.441786467,0.441786467,0.441786467,0.343611696,0.343611696,0.343611696,0.343611696,0.245436926,0.245436926,0.245436926,0.245436926,0.245436926,0.245436926,0.147262156,0.147262156,0.147262156,0.147262156,0.147262156,0.147262156,0.147262156,0.0490873852,0.0490873852,0.147262156,0.147262156,0.147262156,0.245436926,0.245436926,0.343611696,0.343611696,0.441786467,0.441786467,0.539961237,0.539961237,0.539961237,0.638136008,0.638136008,0.638136008,0.638136008,0.638136008,0.638136008,0.638136008,0.638136008,0.638136008,0.638136008,0.638136008,0.539961237,0.539961237,0.539961237,0.539961237,0.539961237,0.539961237,0.539961237,0.539961237,0.539961237,0.539961237,0.539961237,0.539961237,0.539961237,0.539961237,0.441786467,0.441786467,0.441786467,0.441786467,0.539961237
298.748119116,C01,AP01,client_to_ap,VHT,2,2,2,80,SU,1,4,122,6637c97e16e6ce8a,0.834485549,0.834485549,0.834485549,0.834485549,0.834485549,0.834485549,0.834485549,0.834485549,0.834485549,0.834485549,0.834485549,0.834485549,0.834485549,0.736310778,0.736310778,0.736310778,0.736310778,0.736310778,0.736310778,0.736310778,0.736310778,0.736310778,0.736310778,0.736310778,0.736310778,0.736310778,0.736310778,0.736310778,0.736310778,0.736310778,0.736310778,0.638136008,0.638136008,0.638136008,0.638136008,0.638136008,0.638136008,0.638136008,0.638136008,0.638136008,0.638136008,0.638136008,0.638136008,0.638136008,0.638136008,0.638136008,0.638136008,0.539961237,0.638136008,0.539961237,0.539961237,0.539961237,0.539961237,0.539961237,0.539961237,0.539961237,0.441786467,0.441786467,0.441786467,0.441786467,0.441786467,0.343611696,0.343611696,0.343611696,0.245436926,0.245436926,0.245436926,0.245436926,0.245436926,0.245436926,0.245436926,0.245436926,0.147262156,0.147262156,0.147262156,0.147262156,0.147262156,0.0490873852,0.0490873852,0.0490873852,0.0490873852,0.147262156,0.147262156,0.147262156,0.245436926,0.245436926,0.343611696,0.343611696,0.441786467,0.441786467,0.539961237,0.539961237,0.539961237,0.638136008,0.638136008,0.638136008,0.638136008,0.638136008,0.638136008,0.638136008,0.638136008,0.638136008,0.539961237,0.539961237,0.539961237,0.539961237,0.539961237,0.539961237,0.539961237,0.539961237,0.539961237,0.539961237,0.539961237,0.539961237,0.539961237,0.441786467,0.441786467,0.441786467,0.441786467,0.441786467,0.441786467,0.441786467
