t_rel_s,client,ap,direction,format,Nr,Nc,Ng,bandwidth_mhz,feedback,codebook,bits_psi,subcarriers,series_id,psi_0000_rad,psi_0001_rad,psi_0002_rad,psi_0003_rad,psi_0004_rad,psi_0005_rad,psi_0006_rad,psi_0007_rad,psi_0008_rad,psi_0009_rad,psi_0010_rad,psi_0011_rad,psi_0012_rad,psi_0013_rad,psi_0014_rad,psi_0015_rad,psi_0016_rad,psi_0017_rad,psi_0018_rad,psi_0019_rad,psi_0020_rad,psi_0021_rad,psi_0022_rad,psi_0023_rad,psi_0024_rad,psi_0025_rad,psi_0026_rad,psi_0027_rad,psi_0028_rad,psi_0029_rad,psi_0030_rad,psi_0031_rad,psi_0032_rad,psi_0033_rad,psi_0034_rad,psi_0035_rad,psi_0036_rad,psi_0037_rad,psi_0038_rad,psi_0039_rad,psi_0040_rad,psi_0041_rad,psi_0042_rad,psi_0043_rad,psi_0044_rad,psi_0045_rad,psi_0046_rad,psi_0047_rad,psi_0048_rad,psi_0049_rad,psi_0050_rad,psi_0051_rad,psi_0052_rad,psi_0053_rad,psi_0054_rad,psi_0055_rad,psi_0056_rad,psi_0057_rad,psi_0058_rad,psi_0059_rad,psi_0060_rad,psi_0061_rad,psi_0062_rad,psi_0063_rad,psi_0064_rad,psi_0065_rad,psi_0066_rad,psi_0067_rad,psi_0068_rad,psi_0069_rad,psi_0070_rad,psi_0071_rad,psi_0072_rad,psi_0073_rad,psi_0074_rad,psi_0075_rad,psi_0076_rad,psi_0077_rad,psi_0078_rad,psi_0079_rad,psi_0080_rad,psi_0081_rad,psi_0082_rad,psi_0083_rad,psi_0084_rad,psi_0085_rad,psi_0086_rad,psi_0087_rad,psi_0088_rad,psi_0089_rad,psi_0090_rad,psi_0091_rad,psi_0092_rad,psi_0093_rad,psi_0094_rad,psi_0095_rad,psi_0096_rad,psi_0097_rad,psi_0098_rad,psi_0099_rad,psi_0100_rad,psi_0101_rad,psi_0102_rad,psi_0103_rad,psi_0104_rad,psi_0105_rad,psi_0106_rad,psi_0107_rad,psi_0108_rad,psi_0109_rad,psi_0110_rad,psi_0111_rad,psi_0112_rad,psi_0113_rad,psi_0114_rad,psi_0115_rad,psi_0116_rad,psi_0117_rad,psi_0118_rad,psi_0119_rad,psi_0120_rad,psi_0121_rad
0.807313204,C01,AP01,client_to_ap,VHT,2,2,2,80,SU,1,4,122,6637c97e16e6ce8a,0.736310778,0.736310778,0.736310778,0.736310778,0.736310778,0.736310778,0.736310778,0.638136008,0.638136008,0.638136008,0.638136008,0.638136008,0.638136008,0.638136008,0.638136008,0.638136008,0.638136008,0.638136008,0.638136008,0.638136008,0.638136008,0.638136008,0.539961237,0.539961237,0.539961237,0.539961237,0.539961237,0.441786467,0.441786467,0.441786467,0.441786467,0.343611696,0.343611696,0.343611696,0.245436926,0.245436926,0.147262156,0.147262156,0.147262156,0.147262156,0.147262156,0.147262156,0.245436926,0.343611696,0.343611696,0.343611696,0.441786467,0.539961237,0.539961237,0.638136008,0.638136008,0.638136008,0.736310778,0.736310778,0.834485549,0.834485549,0.834485549,0.834485549,0.834485549,0.932660319,0.932660319,0.932660319,0.932660319,0.932660319,0.932660319,0.932660319,0.932660319,0.932660319,0.932660319,0.932660319,0.932660319,0.932660319,0.932660319,0.834485549,0.834485549,0.834485549,0.834485549,0.834485549,0.736310778,0.736310778,0.736310778,0.736310778,0.638136008,0.638136008,0.638136008,0.638136008,0.539961237,0.539961237,0.539961237,0.539961237,0.441786467,0.441786467,0.441786467,0.343611696,0.343611696,0.343611696,0.245436926,0.245436926,0.245436926,0.245436926,0.147262156,0.147262156,0.147262156,0.147262156,0.147262156,0.147262156,0.147262156,0.147262156,0.147262156,0.147262156,0.147262156,0.245436926,0.245436926,0.245436926,0.245436926,0.245436926,0.343611696,0.343611696,0.343611696,0.441786467,0.441786467,0.441786467
2.142222166,C01,AP01,client_to_ap,VHT,2,2,2,80,SU,1,4,122,6637c97e16e6ce8a,0.736310778,0.736310778,0.736310778,0.736310778,0.736310778,0.638136008,0.638136008,0.736310778,0.638136008,0.638136008,0.638136008,0.638136008,0.638136008,0.638136008,0.638136008,0.638136008,0.638136008,0.638136008,0.638136008,0.638136008,0.638136008,0.539961237,0.539961237,0.539961237,0.539961237,0.539961237,0.539961237,0.539961237,0.441786467,0.441786467,0.441786467,0.343611696,0.343611696,0.245436926,0.245436926,0.245436926,0.245436926,0.147262156,0.147262156,0.147262156,0.147262156,0.245436926,0.245436926,0.245436926,0.343611696,0.441786467,0.441786467,0.539961237,0.539961237,0.638136008,0.638136008,0.638136008,0.736310778,0.736310778,0.834485549,0.834485549,0.834485549,0.834485549,0.932660319,0.932660319,0.932660319,0.932660319,0.932660319,0.932660319,0.932660319,0.932660319,0.932660319,0.932660319,0.932660319,0.932660319,0.932660319,0.932660319,0.834485549,0.834485549,0.834485549,0.834485549,0.834485549,0.834485549,0.736310778,0.736310778,0.736310778,0.736310778,0.736310778,0.638136008,0.638136008,0.638136008,0.638136008,0.539961237,0.539961237,0.539961237,0.441786467,0.441786467,0.441786467,0.343611696,0.343611696,0.343611696,0.245436926,0.245436926,0.245436926,0.245436926,0.147262156,0.147262156,0.147262156,0.147262156,0.147262156,0.147262156,0.147262156,0.147262156,0.147262156,0.147262156,0.147262156,0.147262156,0.245436926,0.245436926,0.245436926,0.245436926,0.343611696,0.343611696,0.343611696,0.343611696,0.441786467,0.441786467
3.474084139,C01,AP01,client_to_ap,VHT,2,2,2,80,SU,1,4,122,6637c97e16e6ce8a,0.736310778,0.736310778,0.736310778,0.736310778,0.736310778,0.638136008,0.638136008,0.638136008,0.638136008,0.638136008,0.638136008,0.638136008,0.638136008,0.638136008,0.638136008,0.638136008,0.638136008,0.638136008,0.638136008,0.638136008,0.638136008,0.638136008,0.539961237,0.539961237,0.539961237,0.539961237,0.539961237,0.441786467,0.441786467,0.441786467,0.441786467,0.343611696,0.343611696,0.343611696,0.245436926,0.245436926,0.245436926,0.147262156,0.147262156,0.147262156,0.147262156,0.147262156,0.245436926,0.343611696,0.343611696,0.343611696,0.441786467,0.539961237,0.539961237,0.638136008,0.638136008,0.736310778,0.736310778,0.736310778,0.834485549,0.834485549,0.834485549,0.834485549,0.932660319,0.932660319,0.932660319,0.932660319,0.932660319,0.932660319,0.932660319,0.932660319,0.932660319,0.932660319,0.932660319,0.932660319,0.932660319,0.932660319,0.932660319,0.834485549,0.834485549,0.834485549,0.834485549,0.834485549,0.834485549,0.736310778,0.736310778,0.736310778,0.736310778,0.638136008,0.638136008,0.638136008,0.638136008,0.539961237,0.539961237,0.539961237,0.441786467,0.441786467,0.441786467,0.343611696,0.343611696,0.343611696,0.245436926,0.245436926,0.245436926,0.245436926,0.147262156,0.147262156,0.147262156,0.147262156,0.147262156,0.147262156,0.147262156,0.147262156,0.147262156,0.147262156,0.147262156,0.147262156,0.245436926,0.245436926,0.245436926,0.245436926,0.343611696,0.343611696,0.343611696,0.441786467,0.441786467,0.441786467
4.806390047,C01,AP01,client_to_ap,VHT,2,2,2,80,SU,1,4,122,6637c97e16e6ce8a,0.736310778,0.736310778,0.736310778,0.736310778,0.736310778,0.638136008,0.638136008,0.638136008,0.638136008,0.638136008,0.638136008,0.638136008,0.638136008,0.638136008,0.638136008,0.638136008,0.638136008,0.638136008,0.638136008,0.638136008,0.638136008,0.539961237,0.539961237,0.539961237,0.539961237,0.539961237,0.539961237,0.441786467,0.441786467,0.441786467,0.441786467,0.343611696,0.343611696,0.343611696,0.245436926,0.245436926,0.245436926,0.147262156,0.147262156,0.147262156,0.147262156,0.245436926,0.245436926,0.245436926,0.343611696,0.441786467,0.441786467,0.539961237,0.539961237,0.638136008,0.638136008,0.736310778,0.736310778,0.736310778,0.834485549,0.834485549,0.834485549,0.834485549,0.932660319,0.932660319,0.932660319,0.932660319,0.932660319,0.932660319,0.932660319,0.932660319,0.932660319,0.932660319,0.932660319,0.932660319,0.932660319,0.932660319,0.834485549,0.834485549,0.834485549,0.834485549,0.834485549,0.834485549,0.834485549,0.736310778,0.736310778,0.736310778,0.638136008,0.638136008,0.638136008,0.638136008,0.638136008,0.539961237,0.539961237,0.539961237,0.441786467,0.441786467,0.441786467,0.441786467,0.343611696,0.343611696,0.245436926,0.245436926,0.245436926,0.245436926,0.147262156,0.147262156,0.147262156,0.147262156,0.147262156,0.147262156,0.147262156,0.147262156,0.147262156,0.147262156,0.147262156,0.245436926,0.245436926,0.245436926,0.245436926,0.245436926,0.343611696,0.343611696,0.343611696,0.441786467,0.441786467,0.441786467
6.142170191,C01,AP01,client_to_ap,VHT,2,2,2,80,SU,1,4,122,6637c97e16e6ce8a,0.736310778,0.736310778,0.736310778,0.736310778,0.736310778,0.736310778,0.638136008,0.736310778,0.638136008,0.638136008,0.638136008,0.638136008,0.638136008,0.638136008,0.638136008,0.638136008,0.638136008,0.638136008,0.638136008,0.638136008,0.638136008,0.638136008,0.539961237,0.539961237,0.539961237,0.539961237,0.539961237,0.539961237,0.441786467,0.441786467,0.441786467,0.441786467,0.343611696,0.343611696,0.245436926,0.245436926,0.245436926,0.147262156,0.147262156,0.147262156,0.147262156,0.245436926,0.245436926,0.343611696,0.343611696,0.441786467,0.441786467,0.539961237,0.539961237,0.638136008,0.638136008,0.736310778,0.736310778,0.736310778,0.834485549,0.834485549,0.834485549,0.834485549,0.932660319,0.932660319,0.932660319,0.932660319,0.932660319,0.932660319,0.932660319,0.932660319,0.932660319,0.932660319,0.932660319,0.932660319,0.932660319,0.932660319,0.932660319,0.932660319,0.834485549,0.834485549,0.834485549,0.834485549,0.834485549,0.736310778,0.736310778,0.736310778,0.736310778,0.638136008,0.638136008,0.638136008,0.638136008,0.539961237,0.539961237,0.539961237,0.539961237,0.441786467,0.441786467,0.441786467,0.343611696,0.343611696,0.245436926,0.245436926,0.245436926,0.245436926,0.147262156,0.147262156,0.147262156,0.147262156,0.147262156,0.147262156,0.147262156,0.147262156,0.147262156,0.147262156,0.147262156,0.147262156,0.245436926,0.245436926,0.245436926,0.245436926,0.343611696,0.343611696,0.343611696,0.441786467,0.441786467,0.441786467
7.473695993,C01,AP01,client_to_ap,VHT,2,2,2,80,SU,1,4,122,6637c97e16e6ce8a,0.736310778,0.736310778,0.736310778,0.736310778,0.736310778,0.736310778,0.736310778,0.736310778,0.638136008,0.638136008,0.638136008,0.638136008,0.638136008,0.638136008,0.638136008,0.638136008,0.638136008,0.638136008,0.638136008,0.638136008,0.638136008,0.638136008,0.539961237,0.539961237,0.539961237,0.539961237,0.539961237,0.539961237,0.441786467,0.441786467,0.441786467,0.343611696,0.343611696,0.343611696,0.245436926,0.245436926,0.245436926,0.147262156,0.147262156,0.147262156,0.147262156,0.245436926,0.245436926,0.245436926,0.343611696,0.441786467,0.441786467,0.539961237,0.539961237,0.638136008,0.638136008,0.736310778,0.736310778,0.834485549,0.834485549,0.834485549,0.834485549,0.834485549,0.932660319,0.932660319,0.932660319,0.932660319,0.932660319,0.932660319,0.932660319,0.932660319,0.932660319,0.932660319,0.932660319,0.932660319,0.932660319,0.932660319,0.932660319,0.932660319,0.834485549,0.834485549,0.834485549,0.834485549,0.736310778,0.736310778,0.736310778,0.736310778,0.736310778,0.638136008,0.638136008,0.638136008,0.638136008,0.539961237,0.539961237,0.539961237,0.441786467,0.441786467,0.441786467,0.441786467,0.343611696,0.343611696,0.245436926,0.245436926,0.245436926,0.245436926,0.147262156,0.147262156,0.147262156,0.147262156,0.147262156,0.147262156,0.147262156,0.147262156,0.147262156,0.147262156,0.147262156,0.147262156,0.245436926,0.245436926,0.245436926,0.343611696,0.343611696,0.343611696,0.343611696,0.441786467,0.441786467,0.441786467
8.801396132,C01,AP01,client_to_ap,VHT,2,2,2,80,SU,1,4,122,6637c97e16e6ce8a,0.736310778,0.736310778,0.736310778,0.736310778,0.736310778,0.736310778,0.736310778,0.638136008,0.638136008,0.638136008,0.638136008,0.638136008,0.638136008,0.638136008,0.638136008,0.638136008,0.638136008,0.638136008,0.638136008,0.638136008,0.638136008,0.638136008,0.539961237,0.539961237,0.539961237,0.539961237,0.539961237,0.539961237,0.441786467,0.441786467,0.441786467,0.343611696,0.343611696,0.343611696,0.245436926,0.245436926,0.245436926,0.147262156,0.147262156,0.147262156,0.147262156,0.245436926,0.245436926,0.343611696,0.343611696,0.441786467,0.441786467,0.539961237,0.539961237,0.638136008,0.638136008,0.736310778,0.736310778,0.736310778,0.834485549,0.834485549,0.834485549,0.834485549,0.932660319,0.932660319,0.932660319,0.932660319,0.932660319,0.932660319,0.932660319,0.932660319,0.932660319,0.932660319,0.932660319,0.932660319,0.932660319,0.932660319,0.932660319,0.834485549,0.834485549,0.834485549,0.834485549,0.834485549,0.736310778,0.736310778,0.736310778,0.736310778,0.736310778,0.638136008,0.638136008,0.638136008,0.638136008,0.539961237,0.539961237,0.539961237,0.441786467,0.441786467,0.441786467,0.343611696,0.343611696,0.343611696,0.245436926,0.245436926,0.245436926,0.245436926,0.147262156,0.147262156,0.147262156,0.147262156,0.147262156,0.147262156,0.147262156,0.147262156,0.147262156,0.147262156,0.147262156,0.147262156,0.245436926,0.245436926,0.245436926,0.245436926,0.343611696,0.343611696,0.343611696,0.441786467,0.441786467,0.441786467
10.132002115,C01,AP01,client_to_ap,VHT,2,2,2,80,SU,1,4,122,6637c97e16e6ce8a,0.736310778,0.736310778,0.736310778,0.736310778,0.736310778,0.736310778,0.736310778,0.736310778,0.638136008,0.638136008,0.638136008,0.638136008,0.638136008,0.638136008,0.638136008,0.638136008,0.638136008,0.638136008,0.638136008,0.638136008,0.638136008,0.638136008,0.539961237,0.539961237,0.539961237,0.539961237,0.539961237,0.441786467,0.441786467,0.441786467,0.441786467,0.441786467,0.343611696,0.343611696,0.245436926,0.245436926,0.245436926,0.147262156,0.147262156,0.147262156,0.147262156,0.245436926,0.245436926,0.245436926,0.343611696,0.441786467,0.441786467,0.539961237,0.539961237,0.638136008,0.638136008,0.736310778,0.736310778,0.834485549,0.834485549,0.834485549,0.834485549,0.834485549,0.932660319,0.932660319,0.932660319,0.932660319,0.932660319,0.932660319,0.932660319,0.932660319,0.932660319,0.932660319,0.932660319,0.932660319,0.932660319,0.932660319,0.932660319,0.932660319,0.834485549,0.834485549,0.834485549,0.834485549,0.834485549,0.736310778,0.736310778,0.736310778,0.736310778,0.638136008,0.638136008,0.638136008,0.638136008,0.539961237,0.539961237,0.539961237,0.539961237,0.441786467,0.441786467,0.343611696,0.343611696,0.343611696,0.245436926,0.245436926,0.245436926,0.147262156,0.147262156,0.147262156,0.147262156,0.147262156,0.147262156,0.147262156,0.147262156,0.147262156,0.147262156,0.147262156,0.147262156,0.147262156,0.245436926,0.245436926,0.245436926,0.343611696,0.343611696,0.343611696,0.343611696,0.441786467,0.441786467,0.441786467
11.463669062,C01,AP01,client_to_ap,VHT,2,2,2,80,SU,1,4,122,6637c97e16e6ce8a,0.736310778,0.736310778,0.736310778,0.736310778,0.736310778,0.736310778,0.736310778,0.736310778,0.638136008,0.638136008,0.638136008,0.638136008,0.638136008,0.638136008,0.638136008,0.638136008,0.638136008,0.638136008,0.638136008,0.638136008,0.638136008,0.638136008,0.539961237,0.539961237,0.539961237,0.539961237,0.539961237,0.539961237,0.441786467,0.441786467,0.441786467,0.343611696,0.343611696,0.343611696,0.245436926,0.245436926,0.245436926,0.147262156,0.147262156,0.147262156,0.147262156,0.245436926,0.245436926,0.245436926,0.343611696,0.441786467,0.441786467,0.539961237,0.539961237,0.638136008,0.638136008,0.736310778,0.736310778,0.736310778,0.834485549,0.834485549,0.834485549,0.834485549,0.932660319,0.932660319,0.932660319,0.932660319,0.932660319,0.932660319,0.932660319,0.932660319,0.932660319,0.932660319,0.932660319,0.932660319,0.932660319,0.932660319,0.932660319,0.834485549,0.834485549,0.834485549,0.834485549,0.834485549,0.834485549,0.736310778,0.736310778,0.736310778,0.736310778,0.638136008,0.638136008,0.638136008,0.638136008,0.539961237,0.539961237,0.539961237,0.441786467,0.441786467,0.441786467,0.441786467,0.343611696,0.343611696,0.245436926,0.245436926,0.245436926,0.245436926,0.147262156,0.147262156,0.147262156,0.147262156,0.147262156,0.147262156,0.147262156,0.147262156,0.147262156,0.147262156,0.147262156,0.147262156,0.245436926,0.245436926,0.245436926,0.245436926,0.343611696,0.343611696,0.343611696,0.441786467,0.441786467,0.441786467
12.790583134,C01,AP01,client_to_ap,VHT,2,2,2,80,SU,1,4,122,6637c97e16e6ce8a,0.736310778,0.736310778,0.736310778,0.736310778,0.736310778,0.638136008,0.638136008,0.638136008,0.638136008,0.638136008,0.638136008,0.638136008,0.638136008,0.638136008,0.638136008,0.638136008,0.638136008,0.638136008,0.638136008,0.638136008,0.638136008,0.539961237,0.539961237,0.539961237,0.539961237,0.539961237,0.539961237,0.441786467,0.441786467,0.441786467,0.343611696,0.343611696,0.343611696,0.245436926,0.245436926,0.245436926,0.147262156,0.147262156,0.147262156,0.147262156,0.147262156,0.147262156,0.245436926,0.245436926,0.343611696,0.343611696,0.441786467,0.441786467,0.539961237,0.539961237,0.638136008,0.638136008,0.736310778,0.736310778,0.736310778,0.834485549,0.834485549,0.834485549,0.834485549,0.932660319,0.834485549,0.932660319,0.932660319,0.932660319,0.932660319,0.932660319,0.932660319,0.932660319,0.932660319,0.932660319,0.932660319,0.834485549,0.834485549,0.834485549,0.834485549,0.834485549,0.834485549,0.736310778,0.736310778,0.736310778,0.736310778,0.638136008,0.638136008,0.638136008,0.638136008,0.638136008,0.539961237,0.539961237,0.539961237,0.441786467,0.441786467,0.441786467,0.441786467,0.343611696,0.343611696,0.343611696,0.245436926,0.245436926,0.245436926,0.245436926,0.147262156,0.147262156,0.147262156,0.147262156,0.147262156,0.147262156,0.147262156,0.147262156,0.147262156,0.147262156,0.147262156,0.147262156,0.245436926,0.245436926,0.245436926,0.245436926,0.343611696,0.343611696,0.343611696,0.441786467,0.441786467,0.441786467
14.121137142,C01,AP01,client_to_ap,VHT,2,2,2,80,SU,1,4,122,6637c97e16e6ce8a,0.736310778,0.736310778,0.736310778,0.736310778,0.736310778,0.638136008,0.736310778,0.638136008,0.638136008,0.638136008,0.638136008,0.638136008,0.638136008,0.638136008,0.638136008,0.638136008,0.638136008,0.638136008,0.638136008,0.638136008,0.638136008,0.638136008,0.539961237,0.539961237,0.539961237,0.539961237,0.539961237,0.539961237,0.441786467,0.441786467,0.441786467,0.343611696,0.343611696,0.245436926,0.245436926,0.245436926,0.245436926,0.147262156,0.147262156,0.147262156,0.147262156,0.147262156,0.245436926,0.245436926,0.343611696,0.441786467,0.441786467,0.539961237,0.539961237,0.638136008,0.638136008,0.736310778,0.736310778,0.736310778,0.834485549,0.834485549,0.834485549,0.834485549,0.932660319,0.932660319,0.932660319,0.932660319,0.932660319,0.932660319,0.932660319,0.932660319,0.932660319,0.932660319,0.932660319,0.932660319,0.932660319,0.932660319,0.932660319,0.834485549,0.834485549,0.834485549,0.834485549,0.834485549,0.736310778,0.736310778,0.736310778,0.736310778,0.736310778,0.638136008,0.638136008,0.638136008,0.638136008,0.539961237,0.539961237,0.539961237,0.441786467,0.441786467,0.441786467,0.343611696,0.343611696,0.343611696,0.245436926,0.245436926,0.245436926,0.245436926,0.147262156,0.147262156,0.147262156,0.147262156,0.147262156,0.147262156,0.147262156,0.147262156,0.147262156,0.147262156,0.147262156,0.147262156,0.245436926,0.245436926,0.245436926,0.245436926,0.343611696,0.343611696,0.343611696,0.343611696,0.441786467,0.441786467
15.453684092,C01,AP01,client_to_ap,VHT,2,2,2,80,SU,1,4,122,6637c97e16e6ce8a,0.736310778,0.736310778,0.736310778,0.736310778,0.736310778,0.736310778,0.638136008,0.638136008,0.638136008,0.638136008,0.638136008,0.638136008,0.638136008,0.638136008,0.638136008,0.638136008,0.638136008,0.638136008,0.638136008,0.638136008,0.638136008,0.638136008,0.539961237,0.539961237,0.539961237,0.539961237,0.539961237,0.441786467,0.441786467,0.441786467,0.441786467,0.343611696,0.343611696,0.343611696,0.245436926,0.245436926,0.245436926,0.147262156,0.147262156,0.147262156,0.147262156,0.245436926,0.245436926,0.245436926,0.343611696,0.441786467,0.441786467,0.539961237,0.539961237,0.638136008,0.638136008,0.736310778,0.736310778,0.736310778,0.834485549,0.834485549,0.834485549,0.834485549,0.932660319,0.932660319,0.932660319,0.932660319,0.932660319,0.932660319,0.932660319,0.932660319,0.932660319,0.932660319,0.932660319,0.932660319,0.932660319,0.932660319,0.932660319,0.932660319,0.834485549,0.834485549,0.834485549,0.834485549,0.834485549,0.736310778,0.736310778,0.736310778,0.736310778,0.638136008,0.638136008,0.638136008,0.638136008,0.539961237,0.539961237,0.539961237,0.441786467,0.441786467,0.441786467,0.343611696,0.343611696,0.343611696,0.245436926,0.245436926,0.245436926,0.245436926,0.147262156,0.147262156,0.147262156,0.147262156,0.147262156,0.147262156,0.147262156,0.147262156,0.147262156,0.147262156,0.147262156,0.147262156,0.245436926,0.245436926,0.245436926,0.245436926,0.343611696,0.343611696,0.343611696,0.343611696,0.441786467,0.441786467
16.785127163,C01,AP01,client_to_ap,VHT,2,2,2,80,SU,1,4,122,6637c97e16e6ce8a,0.736310778,0.736310778,0.736310778,0.736310778,0.736310778,0.638136008,0.638136008,0.638136008,0.638136008,0.638136008,0.638136008,0.638136008,0.638136008,0.638136008,0.638136008,0.638136008,0.638136008,0.638136008,0.638136008,0.638136008,0.638136008,0.638136008,0.539961237,0.539961237,0.539961237,0.539961237,0.539961237,0.441786467,0.441786467,0.441786467,0.441786467,0.343611696,0.343611696,0.343611696,0.245436926,0.245436926,0.245436926,0.147262156,0.147262156,0.147262156,0.147262156,0.245436926,0.245436926,0.245436926,0.343611696,0.441786467,0.441786467,0.441786467,0.539961237,0.638136008,0.638136008,0.736310778,0.736310778,0.736310778,0.834485549,0.834485549,0.834485549,0.834485549,0.932660319,0.932660319,0.932660319,0.932660319,0.932660319,0.932660319,0.932660319,0.932660319,0.932660319,0.932660319,0.932660319,0.932660319,0.932660319,0.932660319,0.932660319,0.834485549,0.834485549,0.834485549,0.834485549,0.834485549,0.736310778,0.736310778,0.736310778,0.736310778,0.736310778,0.638136008,0.638136008,0.638136008,0.638136008,0.539961237,0.539961237,0.539961237,0.441786467,0.441786467,0.441786467,0.441786467,0.343611696,0.343611696,0.245436926,0.245436926,0.245436926,0.147262156,0.147262156,0.147262156,0.147262156,0.147262156,0.147262156,0.147262156,0.147262156,0.147262156,0.147262156,0.147262156,0.147262156,0.147262156,0.245436926,0.245436926,0.245436926,0.245436926,0.343611696,0.343611696,0.343611696,0.441786467,0.441786467,0.441786467
18.121568203,C01,AP01,client_to_ap,VHT,2,2,2,80,SU,1,4,122,6637c97e16e6ce8a,0.736310778,0.736310778,0.736310778,0.736310778,0.736310778,0.638136008,0.638136008,0.638136008,0.638136008,0.638136008,0.638136008,0.638136008,0.638136008,0.638136008,0.638136008,0.638136008,0.638136008,0.638136008,0.638136008,0.638136008,0.638136008,0.638136008,0.539961237,0.539961237,0.539961237,0.539961237,0.539961237,0.441786467,0.441786467,0.441786467,0.441786467,0.343611696,0.343611696,0.343611696,0.245436926,0.245436926,0.147262156,0.147262156,0.147262156,0.147262156,0.147262156,0.245436926,0.245436926,0.245436926,0.343611696,0.441786467,0.441786467,0.539961237,0.539961237,0.638136008,0.638136008,0.736310778,0.736310778,0.736310778,0.834485549,0.834485549,0.834485549,0.834485549,0.932660319,0.932660319,0.932660319,0.932660319,0.932660319,0.932660319,0.932660319,0.932660319,0.932660319,0.932660319,0.932660319,0.932660319,0.932660319,0.932660319,0.834485549,0.834485549,0.834485549,0.834485549,0.834485549,0.834485549,0.736310778,0.736310778,0.736310778,0.736310778,0.736310778,0.638136008,0.638136008,0.638136008,0.638136008,0.539961237,0.539961237,0.539961237,0.441786467,0.441786467,0.441786467,0.343611696,0.343611696,0.343611696,0.245436926,0.245436926,0.245436926,0.147262156,0.147262156,0.147262156,0.147262156,0.147262156,0.147262156,0.147262156,0.147262156,0.147262156,0.147262156,0.147262156,0.147262156,0.147262156,0.245436926,0.245436926,0.245436926,0.245436926,0.343611696,0.343611696,0.343611696,0.441786467,0.441786467,0.441786467
19.453170061,C01,AP01,client_to_ap,VHT,2,2,2,80,SU,1,4,122,6637c97e16e6ce8a,0.736310778,0.736310778,0.736310778,0.736310778,0.736310778,0.736310778,0.638136008,0.638136008,0.638136008,0.638136008,0.638136008,0.638136008,0.638136008,0.638136008,0.638136008,0.638136008,0.638136008,0.638136008,0.638136008,0.638136008,0.638136008,0.638136008,0.539961237,0.539961237,0.539961237,0.539961237,0.539961237,0.539961237,0.441786467,0.441786467,0.441786467,0.343611696,0.343611696,0.343611696,0.245436926,0.245436926,0.147262156,0.147262156,0.147262156,0.147262156,0.147262156,0.245436926,0.245436926,0.245436926,0.343611696,0.441786467,0.441786467,0.539961237,0.539961237,0.638136008,0.638136008,0.638136008,0.736310778,0.736310778,0.834485549,0.834485549,0.834485549,0.834485549,0.932660319,0.932660319,0.932660319,0.932660319,0.932660319,0.932660319,0.932660319,0.932660319,0.932660319,0.932660319,0.932660319,0.932660319,0.932660319,0.932660319,0.834485549,0.834485549,0.834485549,0.834485549,0.834485549,0.834485549,0.736310778,0.736310778,0.736310778,0.736310778,0.736310778,0.638136008,0.638136008,0.638136008,0.638136008,0.539961237,0.539961237,0.539961237,0.441786467,0.441786467,0.441786467,0.343611696,0.343611696,0.343611696,0.245436926,0.245436926,0.245436926,0.245436926,0.147262156,0.147262156,0.147262156,0.147262156,0.147262156,0.147262156,0.147262156,0.147262156,0.147262156,0.147262156,0.147262156,0.147262156,0.245436926,0.245436926,0.245436926,0.245436926,0.343611696,0.343611696,0.343611696,0.441786467,0.441786467,0.441786467
20.785260201,C01,AP01,client_to_ap,VHT,2,2,2,80,SU,1,4,122,6637c97e16e6ce8a,0.736310778,0.736310778,0.736310778,0.736310778,0.736310778,0.736310778,0.638136008,0.736310778,0.638136008,0.638136008,0.638136008,0.638136008,0.638136008,0.638136008,0.638136008,0.638136008,0.638136008,0.638136008,0.638136008,0.638136008,0.638136008,0.539961237,0.539961237,0.539961237,0.539961237,0.539961237,0.539961237,0.441786467,0.441786467,0.441786467,0.441786467,0.343611696,0.343611696,0.343611696,0.245436926,0.245436926,0.245436926,0.147262156,0.147262156,0.147262156,0.147262156,0.245436926,0.245436926,0.245436926,0.343611696,0.441786467,0.441786467,0.539961237,0.539961237,0.638136008,0.638136008,0.736310778,0.736310778,0.736310778,0.834485549,0.834485549,0.834485549,0.834485549,0.932660319,0.932660319,0.932660319,0.932660319,0.932660319,0.932660319,0.932660319,0.932660319,0.932660319,0.932660319,0.932660319,0.932660319,0.932660319,0.932660319,0.932660319,0.834485549,0.834485549,0.834485549,0.834485549,0.834485549,0.736310778,0.736310778,0.736310778,0.736310778,0.736310778,0.638136008,0.638136008,0.638136008,0.539961237,0.539961237,0.539961237,0.539961237,0.441786467,0.441786467,0.441786467,0.441786467,0.343611696,0.343611696,0.245436926,0.245436926,0.245436926,0.245436926,0.147262156,0.147262156,0.147262156,0.147262156,0.147262156,0.147262156,0.147262156,0.147262156,0.147262156,0.147262156,0.147262156,0.147262156,0.245436926,0.245436926,0.245436926,0.245436926,0.343611696,0.343611696,0.343611696,0.343611696,0.441786467,0.441786467
22.112214088,C01,AP01,client_to_ap,VHT,2,2,2,80,SU,1,4,122,6637c97e16e6ce8a,0.736310778,0.736310778,0.736310778,0.736310778,0.736310778,0.736310778,0.736310778,0.638136008,0.638136008,0.638136008,0.638136008,0.638136008,0.638136008,0.638136008,0.638136008,0.638136008,0.638136008,0.638136008,0.638136008,0.638136008,0.638136008,0.638136008,0.539961237,0.539961237,0.539961237,0.539961237,0.539961237,0.441786467,0.441786467,0.441786467,0.441786467,0.343611696,0.343611696,0.343611696,0.245436926,0.245436926,0.245436926,0.147262156,0.147262156,0.147262156,0.147262156,0.245436926,0.245436926,0.245436926,0.343611696,0.441786467,0.441786467,0.539961237,0.539961237,0.638136008,0.638136008,0.736310778,0.736310778,0.736310778,0.834485549,0.834485549,0.834485549,0.834485549,0.932660319,0.932660319,0.932660319,0.932660319,0.932660319,0.932660319,0.932660319,0.932660319,0.932660319,0.932660319,0.932660319,0.932660319,0.932660319,0.932660319,0.932660319,0.834485549,0.834485549,0.834485549,0.834485549,0.834485549,0.736310778,0.736310778,0.736310778,0.736310778,0.736310778,0.638136008,0.638136008,0.638136008,0.638136008,0.539961237,0.539961237,0.539961237,0.441786467,0.441786467,0.441786467,0.343611696,0.343611696,0.343611696,0.245436926,0.245436926,0.245436926,0.147262156,0.147262156,0.147262156,0.147262156,0.147262156,0.147262156,0.147262156,0.147262156,0.147262156,0.147262156,0.147262156,0.147262156,0.147262156,0.245436926,0.245436926,0.245436926,0.245436926,0.343611696,0.343611696,0.343611696,0.441786467,0.441786467,0.441786467
23.442943096,C01,AP01,client_to_ap,VHT,2,2,2,80,SU,1,4,122,6637c97e16e6ce8a,0.736310778,0.736310778,0.736310778,0.736310778,0.736310778,0.638136008,0.638136008,0.638136008,0.638136008,0.638136008,0.638136008,0.638136008,0.638136008,0.638136008,0.638136008,0.638136008,0.638136008,0.638136008,0.638136008,0.638136008,0.638136008,0.638136008,0.539961237,0.539961237,0.539961237,0.539961237,0.539961237,0.539961237,0.441786467,0.441786467,0.441786467,0.343611696,0.343611696,0.343611696,0.245436926,0.245436926,0.245436926,0.147262156,0.147262156,0.147262156,0.147262156,0.147262156,0.245436926,0.343611696,0.343611696,0.441786467,0.441786467,0.539961237,0.539961237,0.638136008,0.638136008,0.736310778,0.736310778,0.736310778,0.834485549,0.834485549,0.834485549,0.834485549,0.932660319,0.932660319,0.932660319,0.932660319,0.932660319,0.932660319,0.932660319,0.932660319,0.932660319,0.932660319,0.932660319,0.932660319,0.932660319,0.932660319,0.932660319,0.834485549,0.834485549,0.834485549,0.834485549,0.834485549,0.736310778,0.736310778,0.736310778,0.736310778,0.736310778,0.638136008,0.638136008,0.638136008,0.539961237,0.539961237,0.539961237,0.539961237,0.441786467,0.441786467,0.441786467,0.343611696,0.343611696,0.343611696,0.245436926,0.245436926,0.245436926,0.245436926,0.147262156,0.147262156,0.147262156,0.147262156,0.147262156,0.147262156,0.147262156,0.147262156,0.147262156,0.147262156,0.147262156,0.245436926,0.245436926,0.245436926,0.245436926,0.245436926,0.343611696,0.343611696,0.343611696,0.441786467,0.441786467,0.441786467
24.774861097,C01,AP01,client_to_ap,VHT,2,2,2,80,SU,1,4,122,6637c97e16e6ce8a,0.736310778,0.736310778,0.736310778,0.736310778,0.736310778,0.736310778,0.638136008,0.736310778,0.638136008,0.638136008,0.638136008,0.638136008,0.638136008,0.638136008,0.638136008,0.638136008,0.638136008,0.638136008,0.638136008,0.638136008,0.638136008,0.638136008,0.539961237,0.539961237,0.539961237,0.539961237,0.539961237,0.441786467,0.441786467,0.441786467,0.441786467,0.343611696,0.343611696,0.343611696,0.245436926,0.245436926,0.147262156,0.147262156,0.147262156,0.147262156,0.147262156,0.245436926,0.245436926,0.343611696,0.343611696,0.441786467,0.441786467,0.539961237,0.539961237,0.638136008,0.638136008,0.736310778,0.736310778,0.736310778,0.834485549,0.834485549,0.834485549,0.834485549,0.932660319,0.932660319,0.932660319,0.932660319,0.932660319,0.932660319,0.932660319,0.932660319,0.932660319,0.932660319,0.932660319,0.932660319,0.932660319,0.932660319,0.834485549,0.834485549,0.834485549,0.834485549,0.834485549,0.834485549,0.834485549,0.736310778,0.736310778,0.736310778,0.736310778,0.638136008,0.638136008,0.638136008,0.539961237,0.539961237,0.539961237,0.539961237,0.441786467,0.441786467,0.441786467,0.343611696,0.343611696,0.343611696,0.245436926,0.245436926,0.245436926,0.245436926,0.147262156,0.147262156,0.147262156,0.147262156,0.147262156,0.147262156,0.147262156,0.147262156,0.147262156,0.147262156,0.147262156,0.245436926,0.245436926,0.245436926,0.245436926,0.245436926,0.343611696,0.343611696,0.343611696,0.441786467,0.441786467,0.441786467
26.106142044,C01,AP01,client_to_ap,VHT,2,2,2,80,SU,1,4,122,6637c97e16e6ce8a,0.736310778,0.736310778,0.736310778,0.736310778,0.736310778,0.736310778,0.638136008,0.638136008,0.638136008,0.638136008,0.638136008,0.638136008,0.638136008,0.638136008,0.638136008,0.638136008,0.638136008,0.638136008,0.638136008,0.638136008,0.638136008,0.638136008,0.539961237,0.539961237,0.539961237,0.539961237,0.539961237,0.539961237,0.441786467,0.441786467,0.441786467,0.343611696,0.343611696,0.343611696,0.245436926,0.245436926,0.245436926,0.147262156,0.147262156,0.147262156,0.147262156,0.245436926,0.245436926,0.343611696,0.343611696,0.441786467,0.441786467,0.539961237,0.539961237,0.638136008,0.638136008,0.736310778,0.736310778,0.834485549,0.834485549,0.834485549,0.834485549,0.932660319,0.932660319,0.932660319,0.932660319,0.932660319,0.932660319,0.932660319,0.932660319,0.932660319,0.932660319,0.932660319,0.932660319,0.932660319,0.932660319,0.932660319,0.932660319,0.834485549,0.834485549,0.834485549,0.834485549,0.834485549,0.834485549,0.736310778,0.736310778,0.736310778,0.736310778,0.638136008,0.638136008,0.638136008,0.638136008,0.539961237,0.539961237,0.539961237,0.539961237,0.441786467,0.441786467,0.343611696,0.343611696,0.343611696,0.245436926,0.245436926,0.245436926,0.147262156,0.147262156,0.147262156,0.147262156,0.147262156,0.147262156,0.147262156,0.147262156,0.147262156,0.147262156,0.147262156,0.147262156,0.245436926,0.245436926,0.245436926,0.245436926,0.245436926,0.343611696,0.343611696,0.343611696,0.441786467,0.441786467,0.441786467
27.433923006,C01,AP01,client_to_ap,VHT,2,2,2,80,SU,1,4,122,6637c97e16e6ce8a,0.736310778,0.736310778,0.736310778,0.736310778,0.736310778,0.638136008,0.638136008,0.638136008,0.638136008,0.638136008,0.638136008,0.638136008,0.638136008,0.638136008,0.638136008,0.638136008,0.638136008,0.638136008,0.638136008,0.638136008,0.638136008,0.638136008,0.539961237,0.539961237,0.539961237,0.539961237,0.539961237,0.441786467,0.441786467,0.441786467,0.441786467,0.343611696,0.343611696,0.343611696,0.245436926,0.245436926,0.245436926,0.147262156,0.147262156,0.147262156,0.147262156,0.245436926,0.245436926,0.245436926,0.343611696,0.441786467,0.441786467,0.539961237,0.539961237,0.638136008,0.638136008,0.736310778,0.736310778,0.736310778,0.834485549,0.834485549,0.834485549,0.834485549,0.932660319,0.932660319,0.932660319,0.932660319,0.932660319,0.932660319,0.932660319,0.932660319,0.932660319,0.932660319,0.932660319,0.932660319,0.932660319,0.932660319,0.834485549,0.834485549,0.834485549,0.834485549,0.834485549,0.834485549,0.736310778,0.736310778,0.736310778,0.736310778,0.736310778,0.638136008,0.638136008,0.638136008,0.638136008,0.539961237,0.539961237,0.539961237,0.441786467,0.441786467,0.441786467,0.343611696,0.343611696,0.343611696,0.245436926,0.245436926,0.245436926,0.147262156,0.147262156,0.147262156,0.147262156,0.147262156,0.147262156,0.147262156,0.147262156,0.147262156,0.147262156,0.147262156,0.147262156,0.147262156,0.245436926,0.245436926,0.245436926,0.245436926,0.343611696,0.343611696,0.343611696,0.343611696,0.441786467,0.441786467
28.764157057,C01,AP01,client_to_ap,VHT,2,2,2,80,SU,1,4,122,6637c97e16e6ce8a,0.736310778,0.736310778,0.736310778,0.736310778,0.736310778,0.638136008,0.638136008,0.736310778,0.638136008,0.638136008,0.638136008,0.638136008,0.638136008,0.638136008,0.638136008,0.638136008,0.638136008,0.638136008,0.638136008,0.638136008,0.638136008,0.539961237,0.539961237,0.539961237,0.539961237,0.539961237,0.539961237,0.539961237,0.441786467,0.441786467,0.441786467,0.343611696,0.343611696,0.343611696,0.245436926,0.245436926,0.245436926,0.147262156,0.147262156,0.147262156,0.147262156,0.245436926,0.245436926,0.245436926,0.343611696,0.441786467,0.441786467,0.539961237,0.539961237,0.638136008,0.638136008,0.736310778,0.736310778,0.736310778,0.834485549,0.834485549,0.834485549,0.834485549,0.932660319,0.932660319,0.932660319,0.932660319,0.932660319,0.932660319,0.932660319,0.932660319,0.932660319,0.932660319,0.932660319,0.932660319,0.932660319,0.932660319,0.834485549,0.834485549,0.834485549,0.834485549,0.834485549,0.834485549,0.736310778,0.736310778,0.736310778,0.736310778,0.736310778,0.638136008,0.638136008,0.638136008,0.638136008,0.539961237,0.539961237,0.539961237,0.441786467,0.441786467,0.441786467,0.343611696,0.343611696,0.343611696,0.245436926,0.245436926,0.245436926,0.245436926,0.147262156,0.147262156,0.147262156,0.147262156,0.147262156,0.147262156,0.147262156,0.147262156,0.147262156,0.147262156,0.147262156,0.147262156,0.245436926,0.245436926,0.245436926,0.245436926,0.343611696,0.343611696,0.343611696,0.343611696,0.441786467,0.441786467
30.100630045,C01,AP01,client_to_ap,VHT,2,2,2,80,SU,1,4,122,6637c97e16e6ce8a,0.736310778,0.736310778,0.736310778,0.736310778,0.736310778,0.638136008,0.638136008,0.638136008,0.638136008,0.638136008,0.638136008,0.638136008,0.638136008,0.638136008,0.638136008,0.638136008,0.638136008,0.638136008,0.638136008,0.638136008,0.638136008,0.539961237,0.539961237,0.539961237,0.539961237,0.539961237,0.539961237,0.441786467,0.441786467,0.441786467,0.441786467,0.343611696,0.343611696,0.343611696,0.245436926,0.245436926,0.245436926,0.147262156,0.147262156,0.147262156,0.147262156,0.245436926,0.245436926,0.245436926,0.343611696,0.441786467,0.441786467,0.539961237,0.539961237,0.638136008,0.638136008,0.638136008,0.736310778,0.736310778,0.834485549,0.834485549,0.834485549,0.834485549,0.932660319,0.932660319,0.932660319,0.932660319,0.932660319,0.932660319,0.932660319,0.932660319,0.932660319,0.932660319,0.932660319,0.932660319,0.932660319,0.932660319,0.834485549,0.834485549,0.834485549,0.834485549,0.834485549,0.834485549,0.736310778,0.736310778,0.736310778,0.736310778,0.638136008,0.638136008,0.638136008,0.638136008,0.638136008,0.539961237,0.539961237,0.539961237,0.441786467,0.441786467,0.441786467,0.343611696,0.343611696,0.343611696,0.245436926,0.245436926,0.245436926,0.147262156,0.147262156,0.147262156,0.147262156,0.147262156,0.147262156,0.147262156,0.147262156,0.147262156,0.147262156,0.147262156,0.147262156,0.147262156,0.245436926,0.245436926,0.245436926,0.245436926,0.343611696,0.343611696,0.343611696,0.343611696,0.441786467,0.441786467
31.432229042,C01,AP01,client_to_ap,VHT,2,2,2,80,SU,1,4,122,6637c97e16e6ce8a,0.736310778,0.736310778,0.736310778,0.736310778,0.736310778,0.736310778,0.736310778,0.736310778,0.638136008,0.638136008,0.638136008,0.638136008,0.638136008,0.638136008,0.638136008,0.638136008,0.638136008,0.638136008,0.638136008,0.638136008,0.638136008,0.638136008,0.539961237,0.539961237,0.539961237,0.539961237,0.539961237,0.441786467,0.441786467,0.441786467,0.441786467,0.343611696,0.343611696,0.343611696,0.245436926,0.245436926,0.245436926,0.147262156,0.147262156,0.147262156,0.147262156,0.245436926,0.245436926,0.245436926,0.343611696,0.441786467,0.441786467,0.441786467,0.539961237,0.638136008,0.638136008,0.736310778,0.736310778,0.736310778,0.834485549,0.834485549,0.834485549,0.834485549,0.932660319,0.932660319,0.932660319,0.932660319,0.932660319,0.932660319,0.932660319,0.932660319,0.932660319,0.932660319,0.932660319,0.932660319,0.932660319,0.932660319,0.834485549,0.834485549,0.834485549,0.834485549,0.834485549,0.834485549,0.834485549,0.736310778,0.736310778,0.736310778,0.638136008,0.638136008,0.638136008,0.638136008,0.638136008,0.539961237,0.539961237,0.539961237,0.441786467,0.441786467,0.441786467,0.441786467,0.343611696,0.343611696,0.245436926,0.245436926,0.245436926,0.147262156,0.147262156,0.147262156,0.147262156,0.147262156,0.147262156,0.147262156,0.147262156,0.147262156,0.147262156,0.147262156,0.147262156,0.147262156,0.245436926,0.245436926,0.245436926,0.245436926,0.343611696,0.343611696,0.343611696,0.343611696,0.441786467,0.441786467
32.763785124,C01,AP01,client_to_ap,VHT,2,2,2,80,SU,1,4,122,6637c97e16e6ce8a,0.736310778,0.736310778,0.736310778,0.736310778,0.736310778,0.736310778,0.638136008,0.736310778,0.638136008,0.638136008,0.638136008,0.638136008,0.638136008,0.638136008,0.638136008,0.638136008,0.638136008,0.638136008,0.638136008,0.638136008,0.638136008,0.638136008,0.539961237,0.539961237,0.539961237,0.539961237,0.539961237,0.441786467,0.441786467,0.441786467,0.441786467,0.343611696,0.343611696,0.343611696,0.245436926,0.245436926,0.245436926,0.147262156,0.147262156,0.147262156,0.147262156,0.245436926,0.245436926,0.245436926,0.343611696,0.441786467,0.441786467,0.539961237,0.539961237,0.638136008,0.638136008,0.736310778,0.736310778,0.736310778,0.834485549,0.834485549,0.834485549,0.834485549,0.932660319,0.932660319,0.932660319,0.932660319,0.932660319,0.932660319,0.932660319,0.932660319,0.932660319,0.932660319,0.932660319,0.932660319,0.932660319,0.932660319,0.932660319,0.834485549,0.834485549,0.834485549,0.834485549,0.834485549,0.736310778,0.736310778,0.736310778,0.736310778,0.736310778,0.638136008,0.638136008,0.638136008,0.638136008,0.539961237,0.539961237,0.539961237,0.441786467,0.441786467,0.441786467,0.441786467,0.343611696,0.343611696,0.245436926,0.245436926,0.245436926,0.147262156,0.147262156,0.147262156,0.147262156,0.147262156,0.147262156,0.147262156,0.147262156,0.147262156,0.147262156,0.147262156,0.147262156,0.147262156,0.245436926,0.245436926,0.245436926,0.245436926,0.343611696,0.343611696,0.343611696,0.441786467,0.441786467,0.441786467
34.092711210,C01,AP01,client_to_ap,VHT,2,2,2,80,SU,1,4,122,6637c97e16e6ce8a,0.736310778,0.736310778,0.736310778,0.736310778,0.736310778,0.736310778,0.736310778,0.638136008,0.638136008,0.638136008,0.638136008,0.638136008,0.638136008,0.638136008,0.638136008,0.638136008,0.638136008,0.638136008,0.638136008,0.638136008,0.638136008,0.638136008,0.539961237,0.539961237,0.539961237,0.539961237,0.539961237,0.441786467,0.441786467,0.441786467,0.441786467,0.343611696,0.343611696,0.343611696,0.245436926,0.245436926,0.147262156,0.147262156,0.147262156,0.147262156,0.147262156,0.245436926,0.245436926,0.343611696,0.343611696,0.441786467,0.441786467,0.539961237,0.539961237,0.638136008,0.638136008,0.736310778,0.736310778,0.736310778,0.834485549,0.834485549,0.834485549,0.834485549,0.932660319,0.932660319,0.932660319,0.932660319,0.932660319,0.932660319,0.932660319,0.932660319,0.932660319,0.932660319,0.932660319,0.932660319,0.932660319,0.932660319,0.932660319,0.834485549,0.834485549,0.834485549,0.834485549,0.834485549,0.736310778,0.736310778,0.736310778,0.736310778,0.736310778,0.638136008,0.638136008,0.638136008,0.638136008,0.539961237,0.539961237,0.539961237,0.441786467,0.441786467,0.441786467,0.343611696,0.343611696,0.343611696,0.245436926,0.245436926,0.245436926,0.245436926,0.147262156,0.147262156,0.147262156,0.147262156,0.147262156,0.147262156,0.147262156,0.147262156,0.147262156,0.147262156,0.147262156,0.245436926,0.245436926,0.245436926,0.245436926,0.343611696,0.343611696,0.343611696,0.343611696,0.343611696,0.441786467,0.441786467
35.422141075,C01,AP01,client_to_ap,VHT,2,2,2,80,SU,1,4,122,6637c97e16e6ce8a,0.736310778,0.736310778,0.736310778,0.736310778,0.736310778,0.638136008,0.736310778,0.736310778,0.638136008,0.638136008,0.638136008,0.638136008,0.638136008,0.638136008,0.638136008,0.638136008,0.638136008,0.638136008,0.638136008,0.638136008,0.638136008,0.638136008,0.539961237,0.539961237,0.539961237,0.539961237,0.539961237,0.539961237,0.441786467,0.441786467,0.441786467,0.343611696,0.343611696,0.343611696,0.245436926,0.245436926,0.245436926,0.147262156,0.147262156,0.147262156,0.147262156,0.245436926,0.245436926,0.245436926,0.343611696,0.441786467,0.441786467,0.539961237,0.539961237,0.638136008,0.638136008,0.736310778,0.736310778,0.736310778,0.834485549,0.834485549,0.834485549,0.834485549,0.932660319,0.932660319,0.932660319,0.932660319,0.932660319,0.932660319,0.932660319,0.932660319,0.932660319,0.932660319,0.932660319,0.932660319,0.932660319,0.932660319,0.834485549,0.834485549,0.834485549,0.834485549,0.834485549,0.834485549,0.834485549,0.736310778,0.736310778,0.736310778,0.736310778,0.638136008,0.638136008,0.638136008,0.638136008,0.539961237,0.539961237,0.539961237,0.539961237,0.441786467,0.441786467,0.441786467,0.343611696,0.343611696,0.245436926,0.245436926,0.245436926,0.245436926,0.147262156,0.147262156,0.147262156,0.147262156,0.147262156,0.147262156,0.147262156,0.147262156,0.147262156,0.147262156,0.147262156,0.245436926,0.245436926,0.245436926,0.245436926,0.343611696,0.343611696,0.343611696,0.343611696,0.441786467,0.441786467,0.441786467
36.753849030,C01,AP01,client_to_ap,VHT,2,2,2,80,SU,1,4,122,6637c97e16e6ce8a,0.736310778,0.736310778,0.736310778,0.736310778,0.736310778,0.638136008,0.638136008,0.736310778,0.638136008,0.638136008,0.638136008,0.638136008,0.638136008,0.638136008,0.638136008,0.638136008,0.638136008,0.638136008,0.638136008,0.638136008,0.638136008,0.638136008,0.539961237,0.539961237,0.539961237,0.539961237,0.539961237,0.539961237,0.441786467,0.441786467,0.441786467,0.343611696,0.343611696,0.343611696,0.245436926,0.245436926,0.245436926,0.147262156,0.147262156,0.147262156,0.147262156,0.147262156,0.245436926,0.245436926,0.343611696,0.441786467,0.441786467,0.539961237,0.539961237,0.638136008,0.638136008,0.736310778,0.736310778,0.736310778,0.834485549,0.834485549,0.834485549,0.834485549,0.932660319,0.932660319,0.932660319,0.932660319,0.932660319,0.932660319,0.932660319,0.932660319,0.932660319,0.932660319,0.932660319,0.932660319,0.932660319,0.932660319,0.932660319,0.834485549,0.834485549,0.834485549,0.834485549,0.834485549,0.834485549,0.736310778,0.736310778,0.736310778,0.736310778,0.638136008,0.638136008,0.638136008,0.638136008,0.539961237,0.539961237,0.539961237,0.441786467,0.441786467,0.441786467,0.343611696,0.343611696,0.343611696,0.245436926,0.245436926,0.245436926,0.147262156,0.147262156,0.147262156,0.147262156,0.147262156,0.147262156,0.147262156,0.147262156,0.147262156,0.147262156,0.147262156,0.147262156,0.147262156,0.245436926,0.245436926,0.245436926,0.245436926,0.343611696,0.343611696,0.343611696,0.441786467,0.441786467,0.441786467
38.090527058,C01,AP01,client_to_ap,VHT,2,2,2,80,SU,1,4,122,6637c97e16e6ce8a,0.736310778,0.736310778,0.736310778,0.736310778,0.736310778,0.736310778,0.638136008,0.736310778,0.638136008,0.638136008,0.638136008,0.638136008,0.638136008,0.638136008,0.638136008,0.638136008,0.638136008,0.638136008,0.638136008,0.638136008,0.638136008,0.539961237,0.539961237,0.539961237,0.539961237,0.539961237,0.539961237,0.539961237,0.441786467,0.441786467,0.441786467,0.343611696,0.343611696,0.245436926,0.245436926,0.245436926,0.245436926,0.147262156,0.147262156,0.147262156,0.147262156,0.245436926,0.245436926,0.245436926,0.343611696,0.441786467,0.441786467,0.539961237,0.539961237,0.638136008,0.638136008,0.638136008,0.736310778,0.736310778,0.834485549,0.834485549,0.834485549,0.834485549,0.932660319,0.932660319,0.932660319,0.932660319,0.932660319,0.932660319,0.932660319,0.932660319,0.932660319,0.932660319,0.932660319,0.932660319,0.932660319,0.932660319,0.834485549,0.834485549,0.834485549,0.834485549,0.834485549,0.834485549,0.736310778,0.736310778,0.736310778,0.736310778,0.638136008,0.638136008,0.638136008,0.638136008,0.638136008,0.539961237,0.539961237,0.539961237,0.441786467,0.441786467,0.441786467,0.343611696,0.343611696,0.343611696,0.245436926,0.245436926,0.245436926,0.147262156,0.147262156,0.147262156,0.147262156,0.147262156,0.147262156,0.147262156,0.147262156,0.147262156,0.147262156,0.147262156,0.147262156,0.147262156,0.245436926,0.245436926,0.245436926,0.343611696,0.343611696,0.343611696,0.343611696,0.441786467,0.441786467,0.441786467
39.422300100,C01,AP01,client_to_ap,VHT,2,2,2,80,SU,1,4,122,6637c97e16e6ce8a,0.736310778,0.736310778,0.736310778,0.736310778,0.736310778,0.736310778,0.736310778,0.638136008,0.638136008,0.638136008,0.638136008,0.638136008,0.638136008,0.638136008,0.638136008,0.638136008,0.638136008,0.638136008,0.638136008,0.638136008,0.638136008,0.638136008,0.539961237,0.539961237,0.539961237,0.539961237,0.539961237,0.441786467,0.441786467,0.441786467,0.441786467,0.343611696,0.343611696,0.343611696,0.245436926,0.245436926,0.245436926,0.147262156,0.147262156,0.147262156,0.147262156,0.245436926,0.245436926,0.245436926,0.343611696,0.343611696,0.441786467,0.441786467,0.539961237,0.638136008,0.638136008,0.736310778,0.736310778,0.736310778,0.834485549,0.834485549,0.834485549,0.834485549,0.932660319,0.932660319,0.932660319,0.932660319,0.932660319,0.932660319,0.932660319,0.932660319,0.932660319,0.932660319,0.932660319,0.932660319,0.932660319,0.932660319,0.932660319,0.834485549,0.834485549,0.834485549,0.834485549,0.834485549,0.736310778,0.736310778,0.736310778,0.736310778,0.638136008,0.638136008,0.638136008,0.638136008,0.539961237,0.539961237,0.539961237,0.539961237,0.441786467,0.441786467,0.441786467,0.441786467,0.343611696,0.343611696,0.245436926,0.245436926,0.245436926,0.245436926,0.147262156,0.147262156,0.147262156,0.147262156,0.147262156,0.147262156,0.147262156,0.147262156,0.147262156,0.147262156,0.147262156,0.147262156,0.245436926,0.245436926,0.245436926,0.245436926,0.343611696,0.343611696,0.343611696,0.441786467,0.441786467,0.441786467
40.756072998,C01,AP01,client_to_ap,VHT,2,2,2,80,SU,1,4,122,6637c97e16e6ce8a,0.736310778,0.736310778,0.736310778,0.736310778,0.736310778,0.736310778,0.736310778,0.638136008,0.736310778,0.638136008,0.638136008,0.638136008,0.638136008,0.638136008,0.638136008,0.638136008,0.638136008,0.638136008,0.638136008,0.638136008,0.638136008,0.638136008,0.539961237,0.539961237,0.539961237,0.539961237,0.539961237,0.539961237,0.441786467,0.441786467,0.441786467,0.343611696,0.343611696,0.343611696,0.245436926,0.245436926,0.245436926,0.147262156,0.147262156,0.147262156,0.147262156,0.245436926,0.245436926,0.245436926,0.343611696,0.441786467,0.441786467,0.539961237,0.539961237,0.638136008,0.638136008,0.736310778,0.736310778,0.834485549,0.834485549,0.834485549,0.834485549,0.834485549,0.932660319,0.932660319,0.932660319,0.932660319,0.932660319,0.932660319,0.932660319,0.932660319,0.932660319,0.932660319,0.932660319,0.932660319,0.932660319,0.932660319,0.932660319,0.834485549,0.834485549,0.834485549,0.834485549,0.834485549,0.834485549,0.736310778,0.736310778,0.736310778,0.736310778,0.638136008,0.638136008,0.638136008,0.638136008,0.539961237,0.539961237,0.539961237,0.441786467,0.441786467,0.441786467,0.441786467,0.343611696,0.343611696,0.245436926,0.245436926,0.245436926,0.245436926,0.147262156,0.147262156,0.147262156,0.147262156,0.147262156,0.147262156,0.147262156,0.147262156,0.147262156,0.147262156,0.147262156,0.147262156,0.245436926,0.245436926,0.245436926,0.245436926,0.343611696,0.343611696,0.343611696,0.441786467,0.441786467,0.441786467
42.090171099,C01,AP01,client_to_ap,VHT,2,2,2,80,SU,1,4,122,6637c97e16e6ce8a,0.736310778,0.736310778,0.736310778,0.736310778,0.736310778,0.736310778,0.736310778,0.736310778,0.736310778,0.638136008,0.638136008,0.638136008,0.638136008,0.638136008,0.638136008,0.638136008,0.638136008,0.638136008,0.638136008,0.638136008,0.638136008,0.638136008,0.539961237,0.539961237,0.539961237,0.539961237,0.539961237,0.539961237,0.441786467,0.441786467,0.441786467,0.441786467,0.343611696,0.343611696,0.245436926,0.245436926,0.245436926,0.147262156,0.147262156,0.147262156,0.147262156,0.245436926,0.245436926,0.343611696,0.343611696,0.441786467,0.441786467,0.539961237,0.539961237,0.638136008,0.638136008,0.736310778,0.736310778,0.834485549,0.834485549,0.834485549,0.834485549,0.932660319,0.932660319,0.932660319,0.932660319,0.932660319,0.932660319,0.932660319,0.932660319,0.932660319,0.932660319,0.932660319,0.932660319,0.932660319,0.932660319,0.932660319,0.932660319,0.834485549,0.834485549,0.834485549,0.834485549,0.834485549,0.834485549,0.736310778,0.736310778,0.736310778,0.736310778,0.638136008,0.638136008,0.638136008,0.638136008,0.539961237,0.539961237,0.539961237,0.539961237,0.441786467,0.441786467,0.441786467,0.343611696,0.343611696,0.245436926,0.245436926,0.245436926,0.147262156,0.147262156,0.147262156,0.147262156,0.147262156,0.147262156,0.147262156,0.147262156,0.147262156,0.147262156,0.147262156,0.147262156,0.245436926,0.245436926,0.245436926,0.245436926,0.343611696,0.343611696,0.343611696,0.343611696,0.441786467,0.441786467,0.441786467
43.421905041,C01,AP01,client_to_ap,VHT,2,2,2,80,SU,1,4,122,6637c97e16e6ce8a,0.736310778,0.736310778,0.736310778,0.736310778,0.736310778,0.638136008,0.736310778,0.638136008,0.638136008,0.638136008,0.638136008,0.638136008,0.638136008,0.638136008,0.638136008,0.638136008,0.638136008,0.638136008,0.638136008,0.638136008,0.638136008,0.638136008,0.539961237,0.539961237,0.539961237,0.539961237,0.539961237,0.539961237,0.441786467,0.441786467,0.441786467,0.441786467,0.343611696,0.343611696,0.245436926,0.245436926,0.245436926,0.147262156,0.147262156,0.147262156,0.147262156,0.245436926,0.245436926,0.245436926,0.343611696,0.441786467,0.441786467,0.539961237,0.539961237,0.638136008,0.638136008,0.736310778,0.736310778,0.736310778,0.834485549,0.834485549,0.834485549,0.834485549,0.932660319,0.932660319,0.932660319,0.932660319,0.932660319,0.932660319,0.932660319,0.932660319,0.932660319,0.932660319,0.932660319,0.932660319,0.932660319,0.932660319,0.834485549,0.834485549,0.834485549,0.834485549,0.834485549,0.834485549,0.834485549,0.736310778,0.736310778,0.736310778,0.736310778,0.638136008,0.638136008,0.638136008,0.638136008,0.539961237,0.539961237,0.539961237,0.441786467,0.441786467,0.441786467,0.343611696,0.343611696,0.343611696,0.245436926,0.245436926,0.245436926,0.147262156,0.147262156,0.147262156,0.147262156,0.147262156,0.147262156,0.147262156,0.147262156,0.147262156,0.147262156,0.147262156,0.147262156,0.147262156,0.245436926,0.245436926,0.245436926,0.245436926,0.343611696,0.343611696,0.343611696,0.343611696,0.441786467,0.441786467
44.749333143,C01,AP01,client_to_ap,VHT,2,2,2,80,SU,1,4,122,6637c97e16e6ce8a,0.736310778,0.736310778,0.736310778,0.736310778,0.736310778,0.736310778,0.736310778,0.638136008,0.638136008,0.638136008,0.638136008,0.638136008,0.638136008,0.638136008,0.638136008,0.638136008,0.638136008,0.638136008,0.638136008,0.638136008,0.638136008,0.638136008,0.539961237,0.539961237,0.539961237,0.539961237,0.539961237,0.441786467,0.441786467,0.441786467,0.441786467,0.343611696,0.343611696,0.343611696,0.245436926,0.245436926,0.245436926,0.147262156,0.147262156,0.147262156,0.147262156,0.245436926,0.245436926,0.245436926,0.343611696,0.441786467,0.441786467,0.539961237,0.539961237,0.638136008,0.638136008,0.736310778,0.736310778,0.736310778,0.834485549,0.834485549,0.834485549,0.834485549,0.932660319,0.932660319,0.932660319,0.932660319,0.932660319,0.932660319,0.932660319,0.932660319,0.932660319,0.932660319,0.932660319,0.932660319,0.932660319,0.932660319,0.834485549,0.834485549,0.834485549,0.834485549,0.834485549,0.834485549,0.736310778,0.736310778,0.736310778,0.736310778,0.638136008,0.638136008,0.638136008,0.638136008,0.638136008,0.539961237,0.539961237,0.539961237,0.441786467,0.441786467,0.441786467,0.343611696,0.343611696,0.343611696,0.245436926,0.245436926,0.245436926,0.245436926,0.147262156,0.147262156,0.147262156,0.147262156,0.147262156,0.147262156,0.147262156,0.147262156,0.147262156,0.147262156,0.147262156,0.245436926,0.245436926,0.245436926,0.245436926,0.343611696,0.343611696,0.343611696,0.343611696,0.441786467,0.441786467,0.441786467
46.080904007,C01,AP01,client_to_ap,VHT,2,2,2,80,SU,1,4,122,6637c97e16e6ce8a,0.736310778,0.736310778,0.736310778,0.736310778,0.736310778,0.736310778,0.638136008,0.638136008,0.638136008,0.638136008,0.638136008,0.638136008,0.638136008,0.638136008,0.638136008,0.638136008,0.638136008,0.638136008,0.638136008,0.638136008,0.638136008,0.638136008,0.539961237,0.539961237,0.539961237,0.539961237,0.539961237,0.441786467,0.441786467,0.441786467,0.441786467,0.343611696,0.343611696,0.343611696,0.245436926,0.245436926,0.245436926,0.147262156,0.147262156,0.147262156,0.147262156,0.245436926,0.245436926,0.245436926,0.343611696,0.441786467,0.441786467,0.539961237,0.539961237,0.638136008,0.638136008,0.736310778,0.736310778,0.834485549,0.834485549,0.834485549,0.834485549,0.834485549,0.932660319,0.932660319,0.932660319,0.932660319,0.932660319,0.932660319,0.932660319,0.932660319,0.932660319,0.932660319,0.932660319,0.932660319,0.932660319,0.932660319,0.834485549,0.834485549,0.834485549,0.834485549,0.834485549,0.834485549,0.736310778,0.736310778,0.736310778,0.736310778,0.736310778,0.638136008,0.638136008,0.638136008,0.638136008,0.539961237,0.539961237,0.539961237,0.441786467,0.441786467,0.441786467,0.343611696,0.343611696,0.343611696,0.245436926,0.245436926,0.245436926,0.245436926,0.147262156,0.147262156,0.147262156,0.147262156,0.147262156,0.147262156,0.147262156,0.147262156,0.147262156,0.147262156,0.147262156,0.245436926,0.245436926,0.245436926,0.245436926,0.343611696,0.343611696,0.343611696,0.343611696,0.441786467,0.441786467,0.441786467
47.412379980,C01,AP01,client_to_ap,VHT,2,2,2,80,SU,1,4,122,6637c97e16e6ce8a,0.736310778,0.736310778,0.736310778,0.736310778,0.736310778,0.736310778,0.638136008,0.638136008,0.638136008,0.638136008,0.638136008,0.638136008,0.638136008,0.638136008,0.638136008,0.638136008,0.638136008,0.638136008,0.638136008,0.638136008,0.638136008,0.539961237,0.539961237,0.539961237,0.539961237,0.539961237,0.539961237,0.441786467,0.441786467,0.441786467,0.441786467,0.343611696,0.343611696,0.245436926,0.245436926,0.245436926,0.147262156,0.147262156,0.147262156,0.147262156,0.147262156,0.147262156,0.245436926,0.245436926,0.343611696,0.343611696,0.441786467,0.539961237,0.539961237,0.638136008,0.638136008,0.638136008,0.736310778,0.736310778,0.736310778,0.834485549,0.834485549,0.834485549,0.834485549,0.932660319,0.932660319,0.932660319,0.932660319,0.932660319,0.932660319,0.932660319,0.932660319,0.932660319,0.932660319,0.932660319,0.932660319,0.932660319,0.834485549,0.834485549,0.834485549,0.834485549,0.834485549,0.736310778,0.736310778,0.736310778,0.736310778,0.736310778,0.638136008,0.638136008,0.638136008,0.638136008,0.539961237,0.539961237,0.539961237,0.441786467,0.441786467,0.441786467,0.441786467,0.343611696,0.343611696,0.343611696,0.245436926,0.245436926,0.245436926,0.245436926,0.147262156,0.147262156,0.147262156,0.147262156,0.147262156,0.147262156,0.147262156,0.147262156,0.147262156,0.147262156,0.147262156,0.245436926,0.245436926,0.245436926,0.245436926,0.245436926,0.343611696,0.343611696,0.343611696,0.343611696,0.441786467,0.441786467
48.743775129,C01,AP01,client_to_ap,VHT,2,2,2,80,SU,1,4,122,6637c97e16e6ce8a,0.736310778,0.736310778,0.736310778,0.736310778,0.736310778,0.736310778,0.736310778,0.736310778,0.638136008,0.638136008,0.638136008,0.638136008,0.638136008,0.638136008,0.638136008,0.638136008,0.638136008,0.638136008,0.638136008,0.638136008,0.638136008,0.638136008,0.539961237,0.539961237,0.539961237,0.539961237,0.539961237,0.539961237,0.441786467,0.441786467,0.441786467,0.343611696,0.343611696,0.343611696,0.245436926,0.245436926,0.245436926,0.147262156,0.147262156,0.147262156,0.147262156,0.245436926,0.245436926,0.343611696,0.343611696,0.441786467,0.441786467,0.539961237,0.539961237,0.638136008,0.638136008,0.736310778,0.736310778,0.834485549,0.834485549,0.834485549,0.834485549,0.932660319,0.932660319,0.932660319,0.932660319,0.932660319,0.932660319,0.932660319,0.932660319,0.932660319,0.932660319,0.932660319,0.932660319,0.932660319,0.932660319,0.932660319,0.932660319,0.834485549,0.834485549,0.834485549,0.834485549,0.834485549,0.834485549,0.736310778,0.736310778,0.736310778,0.736310778,0.638136008,0.638136008,0.638136008,0.638136008,0.539961237,0.539961237,0.539961237,0.441786467,0.441786467,0.441786467,0.441786467,0.343611696,0.343611696,0.245436926,0.245436926,0.245436926,0.147262156,0.147262156,0.147262156,0.147262156,0.147262156,0.147262156,0.147262156,0.147262156,0.147262156,0.147262156,0.147262156,0.147262156,0.245436926,0.245436926,0.245436926,0.245436926,0.245436926,0.343611696,0.343611696,0.343611696,0.441786467,0.441786467,0.441786467
50.079609156,C01,AP01,client_to_ap,VHT,2,2,2,80,SU,1,4,122,6637c97e16e6ce8a,0.736310778,0.736310778,0.736310778,0.736310778,0.736310778,0.736310778,0.736310778,0.736310778,0.638136008,0.638136008,0.638136008,0.638136008,0.638136008,0.638136008,0.638136008,0.638136008,0.638136008,0.638136008,0.638136008,0.638136008,0.638136008,0.539961237,0.539961237,0.539961237,0.539961237,0.539961237,0.539961237,0.441786467,0.441786467,0.441786467,0.441786467,0.343611696,0.343611696,0.343611696,0.245436926,0.245436926,0.245436926,0.147262156,0.147262156,0.147262156,0.147262156,0.245436926,0.245436926,0.245436926,0.343611696,0.441786467,0.441786467,0.539961237,0.539961237,0.638136008,0.638136008,0.736310778,0.736310778,0.834485549,0.834485549,0.834485549,0.834485549,0.834485549,0.932660319,0.932660319,0.932660319,0.932660319,0.932660319,0.932660319,0.932660319,0.932660319,0.932660319,0.932660319,0.932660319,0.932660319,0.932660319,0.932660319,0.834485549,0.834485549,0.834485549,0.834485549,0.834485549,0.834485549,0.834485549,0.736310778,0.736310778,0.736310778,0.736310778,0.638136008,0.638136008,0.638136008,0.638136008,0.539961237,0.539961237,0.539961237,0.441786467,0.441786467,0.441786467,0.441786467,0.343611696,0.343611696,0.245436926,0.245436926,0.245436926,0.245436926,0.147262156,0.147262156,0.147262156,0.147262156,0.147262156,0.147262156,0.147262156,0.147262156,0.147262156,0.147262156,0.147262156,0.147262156,0.245436926,0.245436926,0.245436926,0.245436926,0.343611696,0.343611696,0.343611696,0.343611696,0.441786467,0.441786467
51.406542063,C01,AP01,client_to_ap,VHT,2,2,2,80,SU,1,4,122,6637c97e16e6ce8a,0.736310778,0.736310778,0.736310778,0.736310778,0.736310778,0.638136008,0.638136008,0.638136008,0.638136008,0.638136008,0.638136008,0.638136008,0.638136008,0.638136008,0.638136008,0.638136008,0.638136008,0.638136008,0.638136008,0.638136008,0.638136008,0.638136008,0.539961237,0.539961237,0.539961237,0.539961237,0.539961237,0.441786467,0.441786467,0.441786467,0.441786467,0.343611696,0.343611696,0.343611696,0.245436926,0.245436926,0.147262156,0.147262156,0.147262156,0.147262156,0.147262156,0.147262156,0.245436926,0.245436926,0.343611696,0.343611696,0.441786467,0.539961237,0.539961237,0.638136008,0.638136008,0.638136008,0.736310778,0.736310778,0.736310778,0.834485549,0.834485549,0.834485549,0.834485549,0.932660319,0.932660319,0.932660319,0.932660319,0.932660319,0.932660319,0.932660319,0.932660319,0.932660319,0.932660319,0.932660319,0.932660319,0.932660319,0.834485549,0.834485549,0.834485549,0.834485549,0.834485549,0.834485549,0.736310778,0.736310778,0.736310778,0.736310778,0.638136008,0.638136008,0.638136008,0.638136008,0.539961237,0.539961237,0.539961237,0.539961237,0.441786467,0.441786467,0.441786467,0.343611696,0.343611696,0.343611696,0.245436926,0.245436926,0.245436926,0.147262156,0.147262156,0.147262156,0.147262156,0.147262156,0.147262156,0.147262156,0.147262156,0.147262156,0.147262156,0.147262156,0.147262156,0.147262156,0.245436926,0.245436926,0.245436926,0.245436926,0.343611696,0.343611696,0.343611696,0.343611696,0.441786467,0.441786467
52.733494043,C01,AP01,client_to_ap,VHT,2,2,2,80,SU,1,4,122,6637c97e16e6ce8a,0.736310778,0.736310778,0.736310778,0.736310778,0.736310778,0.638136008,0.638136008,0.638136008,0.638136008,0.638136008,0.638136008,0.638136008,0.638136008,0.638136008,0.638136008,0.638136008,0.638136008,0.638136008,0.638136008,0.638136008,0.638136008,0.638136008,0.539961237,0.539961237,0.539961237,0.539961237,0.539961237,0.539961237,0.441786467,0.441786467,0.441786467,0.441786467,0.343611696,0.343611696,0.245436926,0.245436926,0.245436926,0.147262156,0.147262156,0.147262156,0.147262156,0.245436926,0.245436926,0.343611696,0.343611696,0.441786467,0.441786467,0.539961237,0.539961237,0.638136008,0.638136008,0.736310778,0.736310778,0.736310778,0.834485549,0.834485549,0.834485549,0.834485549,0.932660319,0.932660319,0.932660319,0.932660319,0.932660319,0.932660319,0.932660319,0.932660319,0.932660319,0.932660319,0.932660319,0.932660319,0.932660319,0.932660319,0.834485549,0.834485549,0.834485549,0.834485549,0.834485549,0.834485549,0.834485549,0.736310778,0.736310778,0.736310778,0.736310778,0.638136008,0.638136008,0.638136008,0.638136008,0.539961237,0.539961237,0.539961237,0.441786467,0.441786467,0.441786467,0.343611696,0.343611696,0.343611696,0.245436926,0.245436926,0.245436926,0.245436926,0.147262156,0.147262156,0.147262156,0.147262156,0.147262156,0.147262156,0.147262156,0.147262156,0.147262156,0.147262156,0.147262156,0.245436926,0.245436926,0.245436926,0.245436926,0.245436926,0.343611696,0.343611696,0.343611696,0.343611696,0.441786467,0.441786467
54.069380045,C01,AP01,client_to_ap,VHT,2,2,2,80,SU,1,4,122,6637c97e16e6ce8a,0.736310778,0.736310778,0.736310778,0.736310778,0.736310778,0.638136008,0.638136008,0.638136008,0.638136008,0.638136008,0.638136008,0.638136008,0.638136008,0.638136008,0.638136008,0.638136008,0.638136008,0.638136008,0.638136008,0.638136008,0.638136008,0.638136008,0.539961237,0.539961237,0.539961237,0.539961237,0.539961237,0.539961237,0.441786467,0.441786467,0.441786467,0.343611696,0.343611696,0.343611696,0.245436926,0.245436926,0.245436926,0.147262156,0.147262156,0.147262156,0.147262156,0.245436926,0.245436926,0.343611696,0.343611696,0.441786467,0.441786467,0.539961237,0.539961237,0.638136008,0.638136008,0.736310778,0.736310778,0.834485549,0.834485549,0.834485549,0.834485549,0.834485549,0.932660319,0.932660319,0.932660319,0.932660319,0.932660319,0.932660319,0.932660319,0.932660319,0.932660319,0.932660319,0.932660319,0.932660319,0.932660319,0.932660319,0.932660319,0.834485549,0.834485549,0.834485549,0.834485549,0.834485549,0.834485549,0.736310778,0.736310778,0.736310778,0.736310778,0.638136008,0.638136008,0.638136008,0.638136008,0.539961237,0.539961237,0.539961237,0.441786467,0.441786467,0.441786467,0.343611696,0.343611696,0.343611696,0.245436926,0.245436926,0.245436926,0.147262156,0.147262156,0.147262156,0.147262156,0.147262156,0.147262156,0.147262156,0.147262156,0.147262156,0.147262156,0.147262156,0.147262156,0.245436926,0.245436926,0.245436926,0.245436926,0.245436926,0.343611696,0.343611696,0.343611696,0.441786467,0.441786467,0.441786467
55.397375107,C01,AP01,client_to_ap,VHT,2,2,2,80,SU,1,4,122,6637c97e16e6ce8a,0.736310778,0.736310778,0.736310778,0.736310778,0.736310778,0.638136008,0.638136008,0.638136008,0.638136008,0.638136008,0.638136008,0.638136008,0.638136008,0.638136008,0.638136008,0.638136008,0.638136008,0.638136008,0.638136008,0.638136008,0.638136008,0.539961237,0.539961237,0.539961237,0.539961237,0.539961237,0.539961237,0.441786467,0.441786467,0.441786467,0.441786467,0.343611696,0.343611696,0.343611696,0.245436926,0.245436926,0.245436926,0.147262156,0.147262156,0.147262156,0.147262156,0.245436926,0.245436926,0.245436926,0.343611696,0.441786467,0.441786467,0.539961237,0.539961237,0.638136008,0.638136008,0.736310778,0.736310778,0.736310778,0.834485549,0.834485549,0.834485549,0.834485549,0.932660319,0.932660319,0.932660319,0.932660319,0.932660319,0.932660319,0.932660319,0.932660319,0.932660319,0.932660319,0.932660319,0.932660319,0.932660319,0.932660319,0.932660319,0.834485549,0.834485549,0.834485549,0.834485549,0.834485549,0.834485549,0.736310778,0.736310778,0.736310778,0.736310778,0.638136008,0.638136008,0.638136008,0.638136008,0.539961237,0.539961237,0.539961237,0.441786467,0.441786467,0.441786467,0.343611696,0.343611696,0.343611696,0.245436926,0.245436926,0.245436926,0.147262156,0.147262156,0.147262156,0.147262156,0.147262156,0.147262156,0.147262156,0.147262156,0.147262156,0.147262156,0.147262156,0.147262156,0.147262156,0.245436926,0.245436926,0.245436926,0.245436926,0.343611696,0.343611696,0.343611696,0.441786467,0.441786467,0.441786467
56.725514174,C01,AP01,client_to_ap,VHT,2,2,2,80,SU,1,4,122,6637c97e16e6ce8a,0.736310778,0.736310778,0.736310778,0.736310778,0.736310778,0.638136008,0.638136008,0.638136008,0.638136008,0.638136008,0.638136008,0.638136008,0.638136008,0.638136008,0.638136008,0.638136008,0.638136008,0.638136008,0.638136008,0.638136008,0.638136008,0.539961237,0.539961237,0.539961237,0.539961237,0.539961237,0.539961237,0.539961237,0.441786467,0.441786467,0.441786467,0.343611696,0.343611696,0.343611696,0.245436926,0.245436926,0.245436926,0.147262156,0.147262156,0.147262156,0.147262156,0.245436926,0.245436926,0.245436926,0.343611696,0.441786467,0.441786467,0.539961237,0.539961237,0.638136008,0.638136008,0.736310778,0.736310778,0.736310778,0.834485549,0.834485549,0.834485549,0.834485549,0.932660319,0.932660319,0.932660319,0.932660319,0.932660319,0.932660319,0.932660319,0.932660319,0.932660319,0.932660319,0.932660319,0.932660319,0.932660319,0.932660319,0.834485549,0.834485549,0.834485549,0.834485549,0.834485549,0.834485549,0.736310778,0.736310778,0.736310778,0.736310778,0.638136008,0.638136008,0.638136008,0.638136008,0.638136008,0.539961237,0.539961237,0.539961237,0.441786467,0.441786467,0.441786467,0.343611696,0.343611696,0.343611696,0.245436926,0.245436926,0.245436926,0.147262156,0.147262156,0.147262156,0.147262156,0.147262156,0.147262156,0.147262156,0.147262156,0.147262156,0.147262156,0.147262156,0.147262156,0.147262156,0.245436926,0.245436926,0.245436926,0.245436926,0.343611696,0.343611696,0.343611696,0.441786467,0.441786467,0.441786467
58.054316044,C01,AP01,client_to_ap,VHT,2,2,2,80,SU,1,4,122,6637c97e16e6ce8a,0.736310778,0.736310778,0.736310778,0.736310778,0.736310778,0.638136008,0.638136008,0.638136008,0.638136008,0.638136008,0.638136008,0.638136008,0.638136008,0.638136008,0.638136008,0.638136008,0.638136008,0.638136008,0.638136008,0.638136008,0.638136008,0.638136008,0.539961237,0.539961237,0.539961237,0.539961237,0.539961237,0.539961237,0.441786467,0.441786467,0.441786467,0.343611696,0.343611696,0.343611696,0.245436926,0.245436926,0.245436926,0.147262156,0.147262156,0.147262156,0.147262156,0.245436926,0.245436926,0.245436926,0.343611696,0.441786467,0.441786467,0.539961237,0.539961237,0.638136008,0.638136008,0.736310778,0.736310778,0.736310778,0.834485549,0.834485549,0.834485549,0.834485549,0.932660319,0.932660319,0.932660319,0.932660319,0.932660319,0.932660319,0.932660319,0.932660319,0.932660319,0.932660319,0.932660319,0.932660319,0.932660319,0.932660319,0.834485549,0.834485549,0.834485549,0.834485549,0.834485549,0.834485549,0.736310778,0.736310778,0.736310778,0.736310778,0.736310778,0.638136008,0.638136008,0.638136008,0.638136008,0.539961237,0.539961237,0.539961237,0.441786467,0.441786467,0.441786467,0.343611696,0.343611696,0.343611696,0.245436926,0.245436926,0.245436926,0.245436926,0.147262156,0.147262156,0.147262156,0.147262156,0.147262156,0.147262156,0.147262156,0.147262156,0.147262156,0.147262156,0.147262156,0.147262156,0.245436926,0.245436926,0.245436926,0.245436926,0.343611696,0.343611696,0.343611696,0.343611696,0.441786467,0.441786467
59.383122206,C01,AP01,client_to_ap,VHT,2,2,2,80,SU,1,4,122,6637c97e16e6ce8a,0.736310778,0.736310778,0.736310778,0.736310778,0.736310778,0.638136008,0.638136008,0.638136008,0.638136008,0.638136008,0.638136008,0.638136008,0.638136008,0.638136008,0.638136008,0.638136008,0.638136008,0.638136008,0.638136008,0.638136008,0.638136008,0.638136008,0.539961237,0.539961237,0.539961237,0.539961237,0.539961237,0.539961237,0.441786467,0.441786467,0.441786467,0.343611696,0.343611696,0.343611696,0.245436926,0.245436926,0.245436926,0.147262156,0.147262156,0.147262156,0.147262156,0.245436926,0.245436926,0.245436926,0.343611696,0.441786467,0.441786467,0.539961237,0.539961237,0.638136008,0.638136008,0.736310778,0.736310778,0.736310778,0.834485549,0.834485549,0.834485549,0.834485549,0.932660319,0.932660319,0.932660319,0.932660319,0.932660319,0.932660319,0.932660319,0.932660319,0.932660319,0.932660319,0.932660319,0.932660319,0.932660319,0.932660319,0.834485549,0.834485549,0.834485549,0.834485549,0.834485549,0.834485549,0.736310778,0.736310778,0.736310778,0.736310778,0.736310778,0.638136008,0.638136008,0.638136008,0.638136008,0.539961237,0.539961237,0.539961237,0.441786467,0.441786467,0.441786467,0.343611696,0.343611696,0.343611696,0.245436926,0.245436926,0.245436926,0.147262156,0.147262156,0.147262156,0.147262156,0.147262156,0.147262156,0.147262156,0.147262156,0.147262156,0.147262156,0.147262156,0.147262156,0.245436926,0.245436926,0.245436926,0.245436926,0.245436926,0.343611696,0.343611696,0.343611696,0.441786467,0.441786467,0.441786467
60.713155031,C01,AP01,client_to_ap,VHT,2,2,2,80,SU,1,4,122,6637c97e16e6ce8a,0.736310778,0.736310778,0.736310778,0.736310778,0.736310778,0.638136008,0.638136008,0.638136008,0.638136008,0.638136008,0.638136008,0.638136008,0.638136008,0.638136008,0.638136008,0.638136008,0.638136008,0.638136008,0.638136008,0.638136008,0.638136008,0.638136008,0.539961237,0.539961237,0.539961237,0.539961237,0.539961237,0.441786467,0.441786467,0.441786467,0.441786467,0.343611696,0.343611696,0.245436926,0.245436926,0.245436926,0.245436926,0.147262156,0.147262156,0.147262156,0.147262156,0.245436926,0.245436926,0.245436926,0.343611696,0.441786467,0.441786467,0.539961237,0.539961237,0.638136008,0.638136008,0.736310778,0.736310778,0.736310778,0.834485549,0.834485549,0.834485549,0.834485549,0.932660319,0.932660319,0.932660319,0.932660319,0.932660319,0.932660319,0.932660319,0.932660319,0.932660319,0.932660319,0.932660319,0.932660319,0.932660319,0.932660319,0.932660319,0.834485549,0.834485549,0.834485549,0.834485549,0.834485549,0.834485549,0.736310778,0.736310778,0.736310778,0.736310778,0.638136008,0.638136008,0.638136008,0.638136008,0.539961237,0.539961237,0.539961237,0.441786467,0.441786467,0.441786467,0.343611696,0.343611696,0.343611696,0.245436926,0.245436926,0.245436926,0.245436926,0.147262156,0.147262156,0.147262156,0.147262156,0.147262156,0.147262156,0.147262156,0.147262156,0.147262156,0.147262156,0.147262156,0.147262156,0.245436926,0.245436926,0.245436926,0.245436926,0.343611696,0.343611696,0.343611696,0.441786467,0.441786467,0.441786467
62.049269199,C01,AP01,client_to_ap,VHT,2,2,2,80,SU,1,4,122,6637c97e16e6ce8a,0.736310778,0.736310778,0.736310778,0.736310778,0.736310778,0.736310778,0.638136008,0.638136008,0.638136008,0.638136008,0.638136008,0.638136008,0.638136008,0.638136008,0.638136008,0.638136008,0.638136008,0.638136008,0.638136008,0.638136008,0.638136008,0.539961237,0.539961237,0.539961237,0.539961237,0.539961237,0.539961237,0.441786467,0.441786467,0.441786467,0.441786467,0.343611696,0.343611696,0.343611696,0.245436926,0.245436926,0.147262156,0.147262156,0.147262156,0.147262156,0.147262156,0.147262156,0.245436926,0.245436926,0.343611696,0.343611696,0.441786467,0.441786467,0.539961237,0.638136008,0.638136008,0.638136008,0.736310778,0.736310778,0.834485549,0.834485549,0.834485549,0.834485549,0.932660319,0.932660319,0.932660319,0.932660319,0.932660319,0.932660319,0.932660319,0.932660319,0.932660319,0.932660319,0.932660319,0.932660319,0.932660319,0.932660319,0.834485549,0.834485549,0.834485549,0.834485549,0.834485549,0.834485549,0.736310778,0.736310778,0.736310778,0.736310778,0.638136008,0.638136008,0.638136008,0.638136008,0.638136008,0.539961237,0.539961237,0.539961237,0.441786467,0.441786467,0.441786467,0.343611696,0.343611696,0.343611696,0.245436926,0.245436926,0.245436926,0.147262156,0.147262156,0.147262156,0.147262156,0.147262156,0.147262156,0.147262156,0.147262156,0.147262156,0.147262156,0.147262156,0.147262156,0.245436926,0.245436926,0.245436926,0.245436926,0.245436926,0.343611696,0.343611696,0.343611696,0.441786467,0.441786467,0.441786467
63.381205082,C01,AP01,client_to_ap,VHT,2,2,2,80,SU,1,4,122,6637c97e16e6ce8a,0.736310778,0.736310778,0.736310778,0.736310778,0.736310778,0.736310778,0.638136008,0.638136008,0.638136008,0.638136008,0.638136008,0.638136008,0.638136008,0.638136008,0.638136008,0.638136008,0.638136008,0.638136008,0.638136008,0.638136008,0.638136008,0.638136008,0.539961237,0.539961237,0.539961237,0.539961237,0.539961237,0.539961237,0.441786467,0.441786467,0.441786467,0.343611696,0.343611696,0.343611696,0.245436926,0.245436926,0.147262156,0.147262156,0.147262156,0.147262156,0.147262156,0.245436926,0.245436926,0.245436926,0.343611696,0.441786467,0.441786467,0.539961237,0.539961237,0.638136008,0.638136008,0.736310778,0.736310778,0.736310778,0.834485549,0.834485549,0.834485549,0.834485549,0.932660319,0.932660319,0.932660319,0.932660319,0.932660319,0.932660319,0.932660319,0.932660319,0.932660319,0.932660319,0.932660319,0.932660319,0.932660319,0.932660319,0.834485549,0.834485549,0.834485549,0.834485549,0.834485549,0.834485549,0.736310778,0.736310778,0.736310778,0.736310778,0.736310778,0.638136008,0.638136008,0.638136008,0.539961237,0.539961237,0.539961237,0.539961237,0.441786467,0.441786467,0.441786467,0.343611696,0.343611696,0.343611696,0.245436926,0.245436926,0.245436926,0.245436926,0.147262156,0.147262156,0.147262156,0.147262156,0.147262156,0.147262156,0.147262156,0.147262156,0.147262156,0.147262156,0.147262156,0.245436926,0.245436926,0.245436926,0.245436926,0.245436926,0.343611696,0.343611696,0.343611696,0.441786467,0.441786467,0.441786467
64.712897062,C01,AP01,client_to_ap,VHT,2,2,2,80,SU,1,4,122,6637c97e16e6ce8a,0.736310778,0.736310778,0.736310778,0.736310778,0.736310778,0.736310778,0.638136008,0.638136008,0.638136008,0.638136008,0.638136008,0.638136008,0.638136008,0.638136008,0.638136008,0.638136008,0.638136008,0.638136008,0.638136008,0.638136008,0.638136008,0.638136008,0.539961237,0.539961237,0.539961237,0.539961237,0.539961237,0.539961237,0.441786467,0.441786467,0.441786467,0.343611696,0.343611696,0.343611696,0.245436926,0.245436926,0.245436926,0.147262156,0.147262156,0.147262156,0.147262156,0.245436926,0.245436926,0.245436926,0.343611696,0.441786467,0.441786467,0.539961237,0.539961237,0.638136008,0.638136008,0.736310778,0.736310778,0.736310778,0.834485549,0.834485549,0.834485549,0.834485549,0.932660319,0.932660319,0.932660319,0.932660319,0.932660319,0.932660319,0.932660319,0.932660319,0.932660319,0.932660319,0.932660319,0.932660319,0.932660319,0.932660319,0.932660319,0.834485549,0.834485549,0.834485549,0.834485549,0.834485549,0.736310778,0.736310778,0.736310778,0.736310778,0.638136008,0.638136008,0.638136008,0.638136008,0.638136008,0.539961237,0.539961237,0.539961237,0.441786467,0.441786467,0.441786467,0.343611696,0.343611696,0.343611696,0.245436926,0.245436926,0.245436926,0.147262156,0.147262156,0.147262156,0.147262156,0.147262156,0.147262156,0.147262156,0.147262156,0.147262156,0.147262156,0.147262156,0.147262156,0.147262156,0.245436926,0.245436926,0.245436926,0.245436926,0.343611696,0.343611696,0.343611696,0.343611696,0.441786467,0.441786467
66.048826218,C01,AP01,client_to_ap,VHT,2,2,2,80,SU,1,4,122,6637c97e16e6ce8a,0.736310778,0.736310778,0.736310778,0.736310778,0.736310778,0.638136008,0.638136008,0.638136008,0.638136008,0.638136008,0.638136008,0.638136008,0.638136008,0.638136008,0.638136008,0.638136008,0.638136008,0.638136008,0.638136008,0.638136008,0.638136008,0.638136008,0.539961237,0.539961237,0.539961237,0.539961237,0.539961237,0.539961237,0.441786467,0.441786467,0.441786467,0.441786467,0.343611696,0.343611696,0.245436926,0.245436926,0.245436926,0.147262156,0.147262156,0.147262156,0.147262156,0.245436926,0.245436926,0.245436926,0.343611696,0.441786467,0.441786467,0.539961237,0.539961237,0.638136008,0.638136008,0.638136008,0.736310778,0.736310778,0.834485549,0.834485549,0.834485549,0.834485549,0.932660319,0.932660319,0.932660319,0.932660319,0.932660319,0.932660319,0.932660319,0.932660319,0.932660319,0.932660319,0.932660319,0.932660319,0.932660319,0.932660319,0.932660319,0.834485549,0.834485549,0.834485549,0.834485549,0.834485549,0.834485549,0.736310778,0.736310778,0.736310778,0.736310778,0.638136008,0.638136008,0.638136008,0.638136008,0.539961237,0.539961237,0.539961237,0.441786467,0.441786467,0.441786467,0.343611696,0.343611696,0.343611696,0.245436926,0.245436926,0.245436926,0.147262156,0.147262156,0.147262156,0.147262156,0.147262156,0.147262156,0.147262156,0.147262156,0.147262156,0.147262156,0.147262156,0.147262156,0.147262156,0.245436926,0.245436926,0.245436926,0.245436926,0.343611696,0.343611696,0.343611696,0.441786467,0.441786467,0.441786467
67.381141186,C01,AP01,client_to_ap,VHT,2,2,2,80,SU,1,4,122,6637c97e16e6ce8a,0.736310778,0.736310778,0.736310778,0.736310778,0.736310778,0.736310778,0.638136008,0.638136008,0.638136008,0.638136008,0.638136008,0.638136008,0.638136008,0.638136008,0.638136008,0.638136008,0.638136008,0.638136008,0.638136008,0.638136008,0.638136008,0.539961237,0.539961237,0.539961237,0.539961237,0.539961237,0.539961237,0.539961237,0.441786467,0.441786467,0.441786467,0.441786467,0.343611696,0.343611696,0.245436926,0.245436926,0.245436926,0.147262156,0.147262156,0.147262156,0.147262156,0.245436926,0.245436926,0.245436926,0.343611696,0.441786467,0.441786467,0.539961237,0.539961237,0.638136008,0.638136008,0.736310778,0.736310778,0.736310778,0.834485549,0.834485549,0.834485549,0.834485549,0.932660319,0.932660319,0.932660319,0.932660319,0.932660319,0.932660319,0.932660319,0.932660319,0.932660319,0.932660319,0.932660319,0.932660319,0.932660319,0.932660319,0.834485549,0.834485549,0.834485549,0.834485549,0.834485549,0.834485549,0.834485549,0.736310778,0.736310778,0.736310778,0.736310778,0.638136008,0.638136008,0.638136008,0.638136008,0.539961237,0.539961237,0.539961237,0.441786467,0.441786467,0.441786467,0.343611696,0.343611696,0.343611696,0.245436926,0.245436926,0.245436926,0.245436926,0.147262156,0.147262156,0.147262156,0.147262156,0.147262156,0.147262156,0.147262156,0.147262156,0.147262156,0.147262156,0.147262156,0.147262156,0.245436926,0.245436926,0.245436926,0.245436926,0.343611696,0.343611696,0.343611696,0.441786467,0.441786467,0.441786467
68.713066101,C01,AP01,client_to_ap,VHT,2,2,2,80,SU,1,4,122,6637c97e16e6ce8a,0.736310778,0.736310778,0.736310778,0.736310778,0.736310778,0.638136008,0.638136008,0.638136008,0.638136008,0.638136008,0.638136008,0.638136008,0.638136008,0.638136008,0.638136008,0.638136008,0.638136008,0.638136008,0.638136008,0.638136008,0.638136008,0.638136008,0.539961237,0.539961237,0.539961237,0.539961237,0.539961237,0.539961237,0.441786467,0.441786467,0.441786467,0.441786467,0.343611696,0.343611696,0.245436926,0.245436926,0.245436926,0.147262156,0.147262156,0.147262156,0.147262156,0.245436926,0.245436926,0.245436926,0.343611696,0.441786467,0.441786467,0.539961237,0.539961237,0.638136008,0.638136008,0.736310778,0.736310778,0.736310778,0.834485549,0.834485549,0.834485549,0.834485549,0.932660319,0.932660319,0.932660319,0.932660319,0.932660319,0.932660319,0.932660319,0.932660319,0.932660319,0.932660319,0.932660319,0.932660319,0.932660319,0.932660319,0.932660319,0.834485549,0.834485549,0.834485549,0.834485549,0.834485549,0.834485549,0.736310778,0.736310778,0.736310778,0.736310778,0.638136008,0.638136008,0.638136008,0.638136008,0.539961237,0.539961237,0.539961237,0.539961237,0.441786467,0.441786467,0.343611696,0.343611696,0.343611696,0.245436926,0.245436926,0.245436926,0.147262156,0.147262156,0.147262156,0.147262156,0.147262156,0.147262156,0.147262156,0.147262156,0.147262156,0.147262156,0.147262156,0.147262156,0.147262156,0.245436926,0.245436926,0.245436926,0.343611696,0.343611696,0.343611696,0.343611696,0.441786467,0.441786467,0.441786467
70.049183130,C01,AP01,client_to_ap,VHT,2,2,2,80,SU,1,4,122,6637c97e16e6ce8a,0.736310778,0.736310778,0.736310778,0.736310778,0.736310778,0.638136008,0.638136008,0.638136008,0.638136008,0.638136008,0.638136008,0.638136008,0.638136008,0.638136008,0.638136008,0.638136008,0.638136008,0.638136008,0.638136008,0.638136008,0.638136008,0.638136008,0.539961237,0.539961237,0.539961237,0.539961237,0.539961237,0.441786467,0.441786467,0.441786467,0.441786467,0.343611696,0.343611696,0.245436926,0.245436926,0.245436926,0.147262156,0.147262156,0.147262156,0.147262156,0.147262156,0.245436926,0.245436926,0.245436926,0.343611696,0.343611696,0.441786467,0.539961237,0.539961237,0.638136008,0.638136008,0.736310778,0.736310778,0.736310778,0.834485549,0.834485549,0.834485549,0.834485549,0.834485549,0.932660319,0.932660319,0.932660319,0.932660319,0.932660319,0.932660319,0.932660319,0.932660319,0.932660319,0.932660319,0.932660319,0.932660319,0.932660319,0.932660319,0.834485549,0.834485549,0.834485549,0.834485549,0.834485549,0.736310778,0.736310778,0.736310778,0.736310778,0.736310778,0.638136008,0.638136008,0.638136008,0.539961237,0.539961237,0.539961237,0.539961237,0.441786467,0.441786467,0.441786467,0.343611696,0.343611696,0.343611696,0.245436926,0.245436926,0.245436926,0.245436926,0.147262156,0.147262156,0.147262156,0.147262156,0.147262156,0.147262156,0.147262156,0.147262156,0.147262156,0.147262156,0.147262156,0.245436926,0.245436926,0.245436926,0.245436926,0.245436926,0.343611696,0.343611696,0.343611696,0.441786467,0.441786467,0.441786467
71.376274109,C01,AP01,client_to_ap,VHT,2,2,2,80,SU,1,4,122,6637c97e16e6ce8a,0.736310778,0.736310778,0.736310778,0.736310778,0.736310778,0.736310778,0.638136008,0.638136008,0.638136008,0.638136008,0.638136008,0.638136008,0.638136008,0.638136008,0.638136008,0.638136008,0.638136008,0.638136008,0.638136008,0.638136008,0.638136008,0.638136008,0.539961237,0.539961237,0.539961237,0.539961237,0.539961237,0.539961237,0.441786467,0.441786467,0.441786467,0.343611696,0.343611696,0.343611696,0.245436926,0.245436926,0.245436926,0.147262156,0.147262156,0.147262156,0.147262156,0.245436926,0.245436926,0.343611696,0.343611696,0.441786467,0.441786467,0.539961237,0.539961237,0.638136008,0.638136008,0.736310778,0.736310778,0.736310778,0.834485549,0.834485549,0.834485549,0.932660319,0.932660319,0.932660319,0.932660319,0.932660319,0.932660319,0.932660319,0.932660319,0.932660319,0.932660319,0.932660319,0.932660319,0.932660319,0.932660319,0.932660319,0.932660319,0.834485549,0.834485549,0.834485549,0.834485549,0.834485549,0.736310778,0.736310778,0.736310778,0.736310778,0.736310778,0.638136008,0.638136008,0.638136008,0.638136008,0.539961237,0.539961237,0.539961237,0.441786467,0.441786467,0.441786467,0.343611696,0.343611696,0.343611696,0.245436926,0.245436926,0.245436926,0.245436926,0.147262156,0.147262156,0.147262156,0.147262156,0.147262156,0.147262156,0.147262156,0.147262156,0.147262156,0.147262156,0.147262156,0.245436926,0.245436926,0.245436926,0.245436926,0.245436926,0.343611696,0.343611696,0.343611696,0.343611696,0.441786467,0.441786467
72.703399181,C01,AP01,client_to_ap,VHT,2,2,2,80,SU,1,4,122,6637c97e16e6ce8a,0.736310778,0.736310778,0.736310778,0.736310778,0.736310778,0.638136008,0.736310778,0.638136008,0.638136008,0.638136008,0.638136008,0.638136008,0.638136008,0.638136008,0.638136008,0.638136008,0.638136008,0.638136008,0.638136008,0.638136008,0.638136008,0.539961237,0.539961237,0.539961237,0.539961237,0.539961237,0.539961237,0.441786467,0.441786467,0.441786467,0.441786467,0.343611696,0.343611696,0.343611696,0.245436926,0.245436926,0.245436926,0.147262156,0.147262156,0.147262156,0.147262156,0.245436926,0.245436926,0.245436926,0.343611696,0.441786467,0.441786467,0.539961237,0.539961237,0.638136008,0.638136008,0.736310778,0.736310778,0.736310778,0.834485549,0.834485549,0.834485549,0.834485549,0.932660319,0.932660319,0.932660319,0.932660319,0.932660319,0.932660319,0.932660319,0.932660319,0.932660319,0.932660319,0.932660319,0.932660319,0.932660319,0.932660319,0.834485549,0.834485549,0.834485549,0.834485549,0.834485549,0.834485549,0.736310778,0.736310778,0.736310778,0.736310778,0.736310778,0.638136008,0.638136008,0.638136008,0.638136008,0.539961237,0.539961237,0.539961237,0.441786467,0.441786467,0.441786467,0.343611696,0.343611696,0.343611696,0.245436926,0.245436926,0.245436926,0.245436926,0.147262156,0.147262156,0.147262156,0.147262156,0.147262156,0.147262156,0.147262156,0.147262156,0.147262156,0.147262156,0.147262156,0.147262156,0.245436926,0.245436926,0.245436926,0.245436926,0.343611696,0.343611696,0.343611696,0.441786467,0.441786467,0.441786467
74.038874149,C01,AP01,client_to_ap,VHT,2,2,2,80,SU,1,4,122,6637c97e16e6ce8a,0.736310778,0.736310778,0.736310778,0.736310778,0.736310778,0.736310778,0.638136008,0.638136008,0.638136008,0.638136008,0.638136008,0.638136008,0.638136008,0.638136008,0.638136008,0.638136008,0.638136008,0.638136008,0.638136008,0.638136008,0.638136008,0.638136008,0.539961237,0.539961237,0.539961237,0.539961237,0.539961237,0.441786467,0.441786467,0.441786467,0.441786467,0.343611696,0.343611696,0.343611696,0.245436926,0.245436926,0.245436926,0.147262156,0.147262156,0.147262156,0.147262156,0.245436926,0.245436926,0.343611696,0.343611696,0.441786467,0.441786467,0.539961237,0.539961237,0.638136008,0.638136008,0.736310778,0.736310778,0.736310778,0.834485549,0.834485549,0.834485549,0.834485549,0.932660319,0.932660319,0.932660319,0.932660319,0.932660319,0.932660319,0.932660319,0.932660319,0.932660319,0.932660319,0.932660319,0.932660319,0.932660319,0.932660319,0.932660319,0.834485549,0.834485549,0.834485549,0.834485549,0.834485549,0.736310778,0.736310778,0.736310778,0.736310778,0.736310778,0.638136008,0.638136008,0.638136008,0.638136008,0.539961237,0.539961237,0.539961237,0.441786467,0.441786467,0.441786467,0.343611696,0.343611696,0.343611696,0.245436926,0.245436926,0.245436926,0.147262156,0.147262156,0.147262156,0.147262156,0.147262156,0.147262156,0.147262156,0.147262156,0.147262156,0.147262156,0.147262156,0.147262156,0.245436926,0.245436926,0.245436926,0.245436926,0.245436926,0.343611696,0.343611696,0.343611696,0.441786467,0.441786467,0.441786467
75.370537996,C01,AP01,client_to_ap,VHT,2,2,2,80,SU,1,4,122,6637c97e16e6ce8a,0.736310778,0.736310778,0.736310778,0.736310778,0.736310778,0.638136008,0.638136008,0.638136008,0.638136008,0.638136008,0.638136008,0.638136008,0.638136008,0.638136008,0.638136008,0.638136008,0.638136008,0.638136008,0.638136008,0.638136008,0.638136008,0.638136008,0.539961237,0.539961237,0.539961237,0.539961237,0.539961237,0.539961237,0.441786467,0.441786467,0.441786467,0.441786467,0.343611696,0.343611696,0.245436926,0.245436926,0.245436926,0.147262156,0.147262156,0.147262156,0.147262156,0.245436926,0.245436926,0.245436926,0.343611696,0.441786467,0.441786467,0.539961237,0.539961237,0.638136008,0.638136008,0.736310778,0.736310778,0.736310778,0.834485549,0.834485549,0.834485549,0.834485549,0.932660319,0.932660319,0.932660319,0.932660319,0.932660319,0.932660319,0.932660319,0.932660319,0.932660319,0.932660319,0.932660319,0.932660319,0.932660319,0.932660319,0.834485549,0.834485549,0.834485549,0.834485549,0.834485549,0.834485549,0.736310778,0.736310778,0.736310778,0.736310778,0.736310778,0.638136008,0.638136008,0.638136008,0.638136008,0.539961237,0.539961237,0.539961237,0.441786467,0.441786467,0.441786467,0.343611696,0.343611696,0.343611696,0.245436926,0.245436926,0.245436926,0.147262156,0.147262156,0.147262156,0.147262156,0.147262156,0.147262156,0.147262156,0.147262156,0.147262156,0.147262156,0.147262156,0.147262156,0.147262156,0.245436926,0.245436926,0.245436926,0.245436926,0.343611696,0.343611696,0.343611696,0.441786467,0.441786467,0.441786467
76.702714205,C01,AP01,client_to_ap,VHT,2,2,2,80,SU,1,4,122,6637c97e16e6ce8a,0.736310778,0.736310778,0.736310778,0.736310778,0.736310778,0.736310778,0.638136008,0.638136008,0.638136008,0.638136008,0.638136008,0.638136008,0.638136008,0.638136008,0.638136008,0.638136008,0.638136008,0.638136008,0.638136008,0.638136008,0.638136008,0.638136008,0.539961237,0.539961237,0.539961237,0.539961237,0.539961237,0.539961237,0.441786467,0.441786467,0.441786467,0.343611696,0.343611696,0.343611696,0.245436926,0.245436926,0.245436926,0.147262156,0.147262156,0.147262156,0.147262156,0.245436926,0.245436926,0.245436926,0.343611696,0.441786467,0.441786467,0.539961237,0.539961237,0.638136008,0.638136008,0.736310778,0.736310778,0.834485549,0.834485549,0.834485549,0.834485549,0.834485549,0.932660319,0.932660319,0.932660319,0.932660319,0.932660319,0.932660319,0.932660319,0.932660319,0.932660319,0.932660319,0.932660319,0.932660319,0.932660319,0.932660319,0.932660319,0.834485549,0.834485549,0.834485549,0.834485549,0.834485549,0.834485549,0.736310778,0.736310778,0.736310778,0.736310778,0.638136008,0.638136008,0.638136008,0.638136008,0.539961237,0.539961237,0.539961237,0.441786467,0.441786467,0.441786467,0.343611696,0.343611696,0.343611696,0.245436926,0.245436926,0.245436926,0.147262156,0.147262156,0.147262156,0.147262156,0.147262156,0.147262156,0.147262156,0.147262156,0.147262156,0.147262156,0.147262156,0.147262156,0.147262156,0.245436926,0.245436926,0.245436926,0.343611696,0.343611696,0.343611696,0.343611696,0.343611696,0.441786467,0.441786467
78.038771152,C01,AP01,client_to_ap,VHT,2,2,2,80,SU,1,4,122,6637c97e16e6ce8a,0.736310778,0.736310778,0.736310778,0.736310778,0.736310778,0.736310778,0.736310778,0.638136008,0.736310778,0.638136008,0.638136008,0.638136008,0.638136008,0.638136008,0.638136008,0.638136008,0.638136008,0.638136008,0.638136008,0.638136008,0.638136008,0.638136008,0.539961237,0.539961237,0.539961237,0.539961237,0.539961237,0.441786467,0.441786467,0.441786467,0.441786467,0.343611696,0.343611696,0.343611696,0.245436926,0.245436926,0.147262156,0.147262156,0.147262156,0.147262156,0.147262156,0.147262156,0.245436926,0.343611696,0.343611696,0.441786467,0.441786467,0.539961237,0.539961237,0.638136008,0.638136008,0.736310778,0.736310778,0.834485549,0.834485549,0.834485549,0.834485549,0.932660319,0.932660319,0.932660319,0.932660319,0.932660319,0.932660319,0.932660319,0.932660319,0.932660319,0.932660319,0.932660319,0.932660319,0.932660319,0.932660319,0.932660319,0.932660319,0.834485549,0.834485549,0.834485549,0.834485549,0.834485549,0.834485549,0.736310778,0.736310778,0.736310778,0.736310778,0.638136008,0.638136008,0.638136008,0.638136008,0.539961237,0.539961237,0.539961237,0.441786467,0.441786467,0.441786467,0.343611696,0.343611696,0.343611696,0.245436926,0.245436926,0.245436926,0.245436926,0.147262156,0.147262156,0.147262156,0.147262156,0.147262156,0.147262156,0.147262156,0.147262156,0.147262156,0.147262156,0.147262156,0.245436926,0.245436926,0.245436926,0.245436926,0.343611696,0.343611696,0.343611696,0.343611696,0.441786467,0.441786467,0.441786467
79.370570183,C01,AP01,client_to_ap,VHT,2,2,2,80,SU,1,4,122,6637c97e16e6ce8a,0.736310778,0.736310778,0.736310778,0.736310778,0.736310778,0.638136008,0.638136008,0.638136008,0.638136008,0.638136008,0.638136008,0.638136008,0.638136008,0.638136008,0.638136008,0.638136008,0.638136008,0.638136008,0.638136008,0.638136008,0.638136008,0.638136008,0.539961237,0.539961237,0.539961237,0.539961237,0.539961237,0.441786467,0.441786467,0.441786467,0.441786467,0.343611696,0.343611696,0.343611696,0.245436926,0.245436926,0.245436926,0.147262156,0.147262156,0.147262156,0.147262156,0.245436926,0.245436926,0.343611696,0.343611696,0.441786467,0.441786467,0.539961237,0.539961237,0.638136008,0.638136008,0.736310778,0.736310778,0.736310778,0.834485549,0.834485549,0.834485549,0.834485549,0.932660319,0.932660319,0.932660319,0.932660319,0.932660319,0.932660319,0.932660319,0.932660319,0.932660319,0.932660319,0.932660319,0.932660319,0.932660319,0.932660319,0.834485549,0.834485549,0.834485549,0.834485549,0.834485549,0.834485549,0.736310778,0.736310778,0.736310778,0.736310778,0.638136008,0.638136008,0.638136008,0.638136008,0.638136008,0.539961237,0.539961237,0.539961237,0.441786467,0.441786467,0.441786467,0.343611696,0.343611696,0.343611696,0.245436926,0.245436926,0.245436926,0.147262156,0.147262156,0.147262156,0.147262156,0.147262156,0.147262156,0.147262156,0.147262156,0.147262156,0.147262156,0.147262156,0.147262156,0.147262156,0.245436926,0.245436926,0.245436926,0.343611696,0.343611696,0.343611696,0.343611696,0.343611696,0.441786467,0.441786467
80.702511072,C01,AP01,client_to_ap,VHT,2,2,2,80,SU,1,4,122,6637c97e16e6ce8a,0.736310778,0.736310778,0.736310778,0.736310778,0.736310778,0.736310778,0.638136008,0.638136008,0.638136008,0.638136008,0.638136008,0.638136008,0.638136008,0.638136008,0.638136008,0.638136008,0.638136008,0.638136008,0.638136008,0.638136008,0.638136008,0.638136008,0.539961237,0.539961237,0.539961237,0.539961237,0.539961237,0.441786467,0.441786467,0.441786467,0.441786467,0.343611696,0.343611696,0.343611696,0.245436926,0.245436926,0.245436926,0.147262156,0.147262156,0.147262156,0.147262156,0.245436926,0.245436926,0.245436926,0.343611696,0.441786467,0.441786467,0.539961237,0.539961237,0.638136008,0.638136008,0.736310778,0.736310778,0.736310778,0.834485549,0.834485549,0.834485549,0.834485549,0.932660319,0.932660319,0.932660319,0.932660319,0.932660319,0.932660319,0.932660319,0.932660319,0.932660319,0.932660319,0.932660319,0.932660319,0.932660319,0.932660319,0.932660319,0.834485549,0.834485549,0.834485549,0.834485549,0.834485549,0.736310778,0.736310778,0.736310778,0.736310778,0.736310778,0.638136008,0.638136008,0.638136008,0.638136008,0.539961237,0.539961237,0.539961237,0.441786467,0.441786467,0.441786467,0.343611696,0.343611696,0.343611696,0.245436926,0.245436926,0.245436926,0.245436926,0.147262156,0.147262156,0.147262156,0.147262156,0.147262156,0.147262156,0.147262156,0.147262156,0.147262156,0.147262156,0.147262156,0.245436926,0.245436926,0.245436926,0.245436926,0.343611696,0.343611696,0.343611696,0.343611696,0.441786467,0.441786467,0.441786467
82.034370184,C01,AP01,client_to_ap,VHT,2,2,2,80,SU,1,4,122,6637c97e16e6ce8a,0.736310778,0.736310778,0.736310778,0.736310778,0.736310778,0.638136008,0.736310778,0.638136008,0.638136008,0.638136008,0.638136008,0.638136008,0.638136008,0.638136008,0.638136008,0.638136008,0.638136008,0.638136008,0.638136008,0.638136008,0.638136008,0.539961237,0.539961237,0.539961237,0.539961237,0.539961237,0.539961237,0.539961237,0.441786467,0.441786467,0.441786467,0.441786467,0.343611696,0.343611696,0.245436926,0.245436926,0.147262156,0.147262156,0.147262156,0.147262156,0.147262156,0.245436926,0.245436926,0.245436926,0.343611696,0.441786467,0.441786467,0.539961237,0.539961237,0.638136008,0.638136008,0.736310778,0.736310778,0.736310778,0.834485549,0.834485549,0.834485549,0.834485549,0.932660319,0.932660319,0.932660319,0.932660319,0.932660319,0.932660319,0.932660319,0.932660319,0.932660319,0.932660319,0.932660319,0.932660319,0.932660319,0.932660319,0.932660319,0.834485549,0.834485549,0.834485549,0.834485549,0.834485549,0.736310778,0.736310778,0.736310778,0.736310778,0.736310778,0.638136008,0.638136008,0.638136008,0.638136008,0.539961237,0.539961237,0.539961237,0.441786467,0.441786467,0.441786467,0.343611696,0.343611696,0.343611696,0.245436926,0.245436926,0.245436926,0.245436926,0.147262156,0.147262156,0.147262156,0.147262156,0.147262156,0.147262156,0.147262156,0.147262156,0.147262156,0.147262156,0.147262156,0.245436926,0.245436926,0.245436926,0.245436926,0.245436926,0.343611696,0.343611696,0.343611696,0.441786467,0.441786467,0.441786467
83.361848116,C01,AP01,client_to_ap,VHT,2,2,2,80,SU,1,4,122,6637c97e16e6ce8a,0.736310778,0.736310778,0.736310778,0.736310778,0.736310778,0.638136008,0.736310778,0.638136008,0.638136008,0.638136008,0.638136008,0.638136008,0.638136008,0.638136008,0.638136008,0.638136008,0.638136008,0.638136008,0.638136008,0.638136008,0.638136008,0.539961237,0.539961237,0.539961237,0.539961237,0.539961237,0.539961237,0.441786467,0.441786467,0.441786467,0.441786467,0.343611696,0.343611696,0.343611696,0.245436926,0.245436926,0.245436926,0.147262156,0.147262156,0.147262156,0.147262156,0.245436926,0.245436926,0.245436926,0.343611696,0.441786467,0.441786467,0.539961237,0.539961237,0.638136008,0.638136008,0.736310778,0.736310778,0.736310778,0.834485549,0.834485549,0.834485549,0.834485549,0.932660319,0.932660319,0.932660319,0.932660319,0.932660319,0.932660319,0.932660319,0.932660319,0.932660319,0.932660319,0.932660319,0.932660319,0.932660319,0.932660319,0.834485549,0.834485549,0.834485549,0.834485549,0.834485549,0.834485549,0.834485549,0.736310778,0.736310778,0.736310778,0.736310778,0.638136008,0.638136008,0.638136008,0.638136008,0.539961237,0.539961237,0.539961237,0.441786467,0.441786467,0.441786467,0.343611696,0.343611696,0.343611696,0.245436926,0.245436926,0.245436926,0.245436926,0.147262156,0.147262156,0.147262156,0.147262156,0.147262156,0.147262156,0.147262156,0.147262156,0.147262156,0.147262156,0.147262156,0.147262156,0.245436926,0.245436926,0.245436926,0.245436926,0.343611696,0.343611696,0.343611696,0.343611696,0.441786467,0.441786467
84.692229033,C01,AP01,client_to_ap,VHT,2,2,2,80,SU,1,4,122,6637c97e16e6ce8a,0.736310778,0.736310778,0.736310778,0.736310778,0.736310778,0.736310778,0.736310778,0.736310778,0.638136008,0.638136008,0.638136008,0.638136008,0.638136008,0.638136008,0.638136008,0.638136008,0.638136008,0.638136008,0.638136008,0.638136008,0.638136008,0.638136008,0.539961237,0.539961237,0.539961237,0.539961237,0.539961237,0.539961237,0.441786467,0.441786467,0.441786467,0.343611696,0.343611696,0.343611696,0.245436926,0.245436926,0.245436926,0.147262156,0.147262156,0.147262156,0.147262156,0.245436926,0.245436926,0.245436926,0.343611696,0.441786467,0.441786467,0.539961237,0.539961237,0.638136008,0.638136008,0.736310778,0.736310778,0.736310778,0.834485549,0.834485549,0.834485549,0.932660319,0.932660319,0.932660319,0.932660319,0.932660319,0.932660319,0.932660319,0.932660319,0.932660319,0.932660319,0.932660319,0.932660319,0.932660319,0.932660319,0.932660319,0.834485549,0.834485549,0.834485549,0.834485549,0.834485549,0.834485549,0.834485549,0.736310778,0.736310778,0.736310778,0.736310778,0.638136008,0.638136008,0.638136008,0.638136008,0.539961237,0.539961237,0.539961237,0.539961237,0.441786467,0.441786467,0.343611696,0.343611696,0.343611696,0.245436926,0.245436926,0.245436926,0.245436926,0.147262156,0.147262156,0.147262156,0.147262156,0.147262156,0.147262156,0.147262156,0.147262156,0.147262156,0.147262156,0.147262156,0.147262156,0.245436926,0.245436926,0.245436926,0.245436926,0.343611696,0.343611696,0.343611696,0.441786467,0.441786467,0.441786467
86.028695107,C01,AP01,client_to_ap,VHT,2,2,2,80,SU,1,4,122,6637c97e16e6ce8a,0.736310778,0.736310778,0.736310778,0.736310778,0.736310778,0.736310778,0.638136008,0.736310778,0.736310778,0.638136008,0.638136008,0.638136008,0.638136008,0.638136008,0.638136008,0.638136008,0.638136008,0.638136008,0.638136008,0.638136008,0.638136008,0.638136008,0.539961237,0.539961237,0.539961237,0.539961237,0.539961237,0.539961237,0.441786467,0.441786467,0.441786467,0.343611696,0.343611696,0.343611696,0.245436926,0.245436926,0.245436926,0.147262156,0.147262156,0.147262156,0.147262156,0.245436926,0.245436926,0.245436926,0.343611696,0.441786467,0.441786467,0.539961237,0.539961237,0.638136008,0.638136008,0.736310778,0.736310778,0.736310778,0.834485549,0.834485549,0.834485549,0.834485549,0.932660319,0.932660319,0.932660319,0.932660319,0.932660319,0.932660319,0.932660319,0.932660319,0.932660319,0.932660319,0.932660319,0.932660319,0.932660319,0.932660319,0.932660319,0.834485549,0.834485549,0.834485549,0.834485549,0.834485549,0.834485549,0.736310778,0.736310778,0.736310778,0.736310778,0.638136008,0.638136008,0.638136008,0.638136008,0.539961237,0.539961237,0.539961237,0.441786467,0.441786467,0.441786467,0.343611696,0.343611696,0.343611696,0.245436926,0.245436926,0.245436926,0.147262156,0.147262156,0.147262156,0.147262156,0.147262156,0.147262156,0.147262156,0.147262156,0.147262156,0.147262156,0.147262156,0.147262156,0.147262156,0.245436926,0.245436926,0.245436926,0.245436926,0.343611696,0.343611696,0.343611696,0.441786467,0.441786467,0.441786467
87.360308170,C01,AP01,client_to_ap,VHT,2,2,2,80,SU,1,4,122,6637c97e16e6ce8a,0.736310778,0.736310778,0.736310778,0.736310778,0.736310778,0.638136008,0.638136008,0.638136008,0.638136008,0.638136008,0.638136008,0.638136008,0.638136008,0.638136008,0.638136008,0.638136008,0.638136008,0.638136008,0.638136008,0.638136008,0.638136008,0.638136008,0.539961237,0.539961237,0.539961237,0.539961237,0.539961237,0.441786467,0.441786467,0.441786467,0.441786467,0.343611696,0.343611696,0.343611696,0.245436926,0.245436926,0.245436926,0.147262156,0.147262156,0.147262156,0.147262156,0.245436926,0.245436926,0.245436926,0.343611696,0.441786467,0.441786467,0.539961237,0.539961237,0.638136008,0.638136008,0.736310778,0.736310778,0.736310778,0.834485549,0.834485549,0.834485549,0.834485549,0.932660319,0.932660319,0.932660319,0.932660319,0.932660319,0.932660319,0.932660319,0.932660319,0.932660319,0.932660319,0.932660319,0.932660319,0.932660319,0.932660319,0.834485549,0.834485549,0.834485549,0.834485549,0.834485549,0.834485549,0.736310778,0.736310778,0.736310778,0.736310778,0.736310778,0.638136008,0.638136008,0.638136008,0.638136008,0.539961237,0.539961237,0.539961237,0.441786467,0.441786467,0.441786467,0.343611696,0.343611696,0.343611696,0.245436926,0.245436926,0.245436926,0.245436926,0.147262156,0.147262156,0.147262156,0.147262156,0.147262156,0.147262156,0.147262156,0.147262156,0.147262156,0.147262156,0.147262156,0.147262156,0.245436926,0.245436926,0.245436926,0.245436926,0.343611696,0.343611696,0.343611696,0.441786467,0.441786467,0.441786467
88.687589169,C01,AP01,client_to_ap,VHT,2,2,2,80,SU,1,4,122,6637c97e16e6ce8a,0.736310778,0.736310778,0.736310778,0.736310778,0.736310778,0.638136008,0.638136008,0.638136008,0.638136008,0.638136008,0.638136008,0.638136008,0.638136008,0.638136008,0.638136008,0.638136008,0.638136008,0.638136008,0.638136008,0.638136008,0.638136008,0.638136008,0.539961237,0.539961237,0.539961237,0.539961237,0.539961237,0.539961237,0.441786467,0.441786467,0.441786467,0.343611696,0.343611696,0.343611696,0.245436926,0.245436926,0.147262156,0.147262156,0.147262156,0.147262156,0.147262156,0.245436926,0.245436926,0.245436926,0.343611696,0.441786467,0.441786467,0.539961237,0.539961237,0.638136008,0.638136008,0.736310778,0.736310778,0.736310778,0.834485549,0.834485549,0.834485549,0.834485549,0.932660319,0.932660319,0.932660319,0.932660319,0.932660319,0.932660319,0.932660319,0.932660319,0.932660319,0.932660319,0.932660319,0.932660319,0.932660319,0.932660319,0.834485549,0.834485549,0.834485549,0.834485549,0.834485549,0.834485549,0.736310778,0.736310778,0.736310778,0.736310778,0.736310778,0.638136008,0.638136008,0.638136008,0.539961237,0.539961237,0.539961237,0.539961237,0.441786467,0.441786467,0.441786467,0.343611696,0.343611696,0.343611696,0.245436926,0.245436926,0.245436926,0.147262156,0.147262156,0.147262156,0.147262156,0.147262156,0.147262156,0.147262156,0.147262156,0.147262156,0.147262156,0.147262156,0.147262156,0.245436926,0.245436926,0.245436926,0.245436926,0.245436926,0.343611696,0.343611696,0.343611696,0.441786467,0.441786467,0.441786467
90.018453121,C01,AP01,client_to_ap,VHT,2,2,2,80,SU,1,4,122,6637c97e16e6ce8a,0.736310778,0.736310778,0.736310778,0.736310778,0.736310778,0.638136008,0.638136008,0.638136008,0.638136008,0.638136008,0.638136008,0.638136008,0.638136008,0.638136008,0.638136008,0.638136008,0.638136008,0.638136008,0.638136008,0.638136008,0.638136008,0.638136008,0.539961237,0.539961237,0.539961237,0.539961237,0.539961237,0.539961237,0.441786467,0.441786467,0.441786467,0.343611696,0.343611696,0.343611696,0.245436926,0.245436926,0.245436926,0.147262156,0.147262156,0.147262156,0.147262156,0.245436926,0.245436926,0.245436926,0.343611696,0.441786467,0.441786467,0.441786467,0.539961237,0.638136008,0.638136008,0.736310778,0.736310778,0.736310778,0.834485549,0.834485549,0.834485549,0.834485549,0.932660319,0.932660319,0.932660319,0.932660319,0.932660319,0.932660319,0.932660319,0.932660319,0.932660319,0.932660319,0.932660319,0.932660319,0.932660319,0.932660319,0.834485549,0.834485549,0.834485549,0.834485549,0.834485549,0.834485549,0.736310778,0.736310778,0.736310778,0.736310778,0.736310778,0.638136008,0.638136008,0.638136008,0.638136008,0.539961237,0.539961237,0.539961237,0.441786467,0.441786467,0.441786467,0.343611696,0.343611696,0.343611696,0.245436926,0.245436926,0.245436926,0.147262156,0.147262156,0.147262156,0.147262156,0.147262156,0.147262156,0.147262156,0.147262156,0.147262156,0.147262156,0.147262156,0.147262156,0.147262156,0.245436926,0.245436926,0.245436926,0.245436926,0.343611696,0.343611696,0.343611696,0.343611696,0.441786467,0.441786467
91.349911213,C01,AP01,client_to_ap,VHT,2,2,2,80,SU,1,4,122,6637c97e16e6ce8a,0.736310778,0.736310778,0.736310778,0.736310778,0.736310778,0.736310778,0.638136008,0.638136008,0.638136008,0.638136008,0.638136008,0.638136008,0.638136008,0.638136008,0.638136008,0.638136008,0.638136008,0.638136008,0.638136008,0.638136008,0.638136008,0.638136008,0.539961237,0.539961237,0.539961237,0.539961237,0.539961237,0.441786467,0.441786467,0.441786467,0.441786467,0.343611696,0.343611696,0.343611696,0.245436926,0.245436926,0.245436926,0.147262156,0.147262156,0.147262156,0.147262156,0.245436926,0.245436926,0.245436926,0.343611696,0.343611696,0.441786467,0.539961237,0.539961237,0.638136008,0.638136008,0.736310778,0.736310778,0.736310778,0.834485549,0.834485549,0.834485549,0.932660319,0.834485549,0.932660319,0.932660319,0.932660319,0.932660319,0.932660319,0.932660319,0.932660319,0.932660319,0.932660319,0.932660319,0.932660319,0.932660319,0.932660319,0.932660319,0.834485549,0.834485549,0.834485549,0.834485549,0.834485549,0.736310778,0.736310778,0.736310778,0.736310778,0.638136008,0.638136008,0.638136008,0.638136008,0.539961237,0.539961237,0.539961237,0.539961237,0.441786467,0.441786467,0.441786467,0.343611696,0.343611696,0.343611696,0.245436926,0.245436926,0.245436926,0.245436926,0.147262156,0.147262156,0.147262156,0.147262156,0.147262156,0.147262156,0.147262156,0.147262156,0.147262156,0.147262156,0.147262156,0.147262156,0.245436926,0.245436926,0.245436926,0.245436926,0.343611696,0.343611696,0.343611696,0.441786467,0.441786467,0.441786467
92.681444168,C01,AP01,client_to_ap,VHT,2,2,2,80,SU,1,4,122,6637c97e16e6ce8a,0.736310778,0.736310778,0.736310778,0.736310778,0.736310778,0.638136008,0.638136008,0.638136008,0.638136008,0.638136008,0.638136008,0.638136008,0.638136008,0.638136008,0.638136008,0.638136008,0.638136008,0.638136008,0.638136008,0.638136008,0.638136008,0.539961237,0.539961237,0.539961237,0.539961237,0.539961237,0.539961237,0.539961237,0.441786467,0.441786467,0.441786467,0.343611696,0.343611696,0.343611696,0.245436926,0.245436926,0.147262156,0.147262156,0.147262156,0.147262156,0.147262156,0.245436926,0.245436926,0.245436926,0.343611696,0.441786467,0.441786467,0.441786467,0.539961237,0.638136008,0.638136008,0.736310778,0.736310778,0.736310778,0.834485549,0.834485549,0.834485549,0.834485549,0.932660319,0.932660319,0.932660319,0.932660319,0.932660319,0.932660319,0.932660319,0.932660319,0.932660319,0.932660319,0.932660319,0.932660319,0.932660319,0.932660319,0.834485549,0.834485549,0.834485549,0.834485549,0.834485549,0.834485549,0.736310778,0.736310778,0.736310778,0.736310778,0.638136008,0.638136008,0.638136008,0.638136008,0.539961237,0.539961237,0.539961237,0.539961237,0.441786467,0.441786467,0.441786467,0.343611696,0.343611696,0.343611696,0.245436926,0.245436926,0.245436926,0.147262156,0.147262156,0.147262156,0.147262156,0.147262156,0.147262156,0.147262156,0.147262156,0.147262156,0.147262156,0.147262156,0.147262156,0.147262156,0.245436926,0.245436926,0.245436926,0.245436926,0.343611696,0.343611696,0.343611696,0.441786467,0.441786467,0.441786467
94.018757105,C01,AP01,client_to_ap,VHT,2,2,2,80,SU,1,4,122,6637c97e16e6ce8a,0.736310778,0.736310778,0.736310778,0.736310778,0.736310778,0.736310778,0.736310778,0.736310778,0.638136008,0.638136008,0.638136008,0.638136008,0.638136008,0.638136008,0.638136008,0.638136008,0.638136008,0.638136008,0.638136008,0.638136008,0.638136008,0.638136008,0.539961237,0.539961237,0.539961237,0.539961237,0.539961237,0.441786467,0.441786467,0.441786467,0.441786467,0.343611696,0.343611696,0.343611696,0.245436926,0.245436926,0.245436926,0.147262156,0.147262156,0.147262156,0.147262156,0.245436926,0.245436926,0.245436926,0.343611696,0.441786467,0.441786467,0.539961237,0.539961237,0.638136008,0.638136008,0.736310778,0.736310778,0.736310778,0.834485549,0.834485549,0.834485549,0.932660319,0.932660319,0.932660319,0.932660319,0.932660319,0.932660319,0.932660319,0.932660319,0.932660319,0.932660319,0.932660319,0.932660319,0.932660319,0.932660319,0.932660319,0.932660319,0.834485549,0.834485549,0.834485549,0.834485549,0.834485549,0.736310778,0.736310778,0.736310778,0.736310778,0.736310778,0.638136008,0.638136008,0.638136008,0.638136008,0.539961237,0.539961237,0.539961237,0.539961237,0.441786467,0.441786467,0.441786467,0.343611696,0.343611696,0.245436926,0.245436926,0.245436926,0.245436926,0.147262156,0.147262156,0.147262156,0.147262156,0.147262156,0.147262156,0.147262156,0.147262156,0.147262156,0.147262156,0.147262156,0.147262156,0.245436926,0.245436926,0.245436926,0.245436926,0.343611696,0.343611696,0.343611696,0.441786467,0.441786467,0.441786467
95.350580215,C01,AP01,client_to_ap,VHT,2,2,2,80,SU,1,4,122,6637c97e16e6ce8a,0.736310778,0.736310778,0.736310778,0.736310778,0.736310778,0.736310778,0.638136008,0.736310778,0.638136008,0.638136008,0.638136008,0.638136008,0.638136008,0.638136008,0.638136008,0.638136008,0.638136008,0.638136008,0.638136008,0.638136008,0.638136008,0.638136008,0.539961237,0.539961237,0.539961237,0.539961237,0.539961237,0.539961237,0.441786467,0.441786467,0.441786467,0.343611696,0.343611696,0.343611696,0.245436926,0.245436926,0.245436926,0.147262156,0.147262156,0.147262156,0.147262156,0.245436926,0.245436926,0.343611696,0.343611696,0.441786467,0.441786467,0.539961237,0.539961237,0.638136008,0.638136008,0.736310778,0.736310778,0.834485549,0.834485549,0.834485549,0.834485549,0.834485549,0.932660319,0.932660319,0.932660319,0.932660319,0.932660319,0.932660319,0.932660319,0.932660319,0.932660319,0.932660319,0.932660319,0.932660319,0.932660319,0.932660319,0.932660319,0.834485549,0.834485549,0.834485549,0.834485549,0.834485549,0.834485549,0.736310778,0.736310778,0.736310778,0.736310778,0.638136008,0.638136008,0.638136008,0.638136008,0.539961237,0.539961237,0.539961237,0.441786467,0.441786467,0.441786467,0.441786467,0.343611696,0.343611696,0.245436926,0.245436926,0.245436926,0.245436926,0.147262156,0.147262156,0.147262156,0.147262156,0.147262156,0.147262156,0.147262156,0.147262156,0.147262156,0.147262156,0.147262156,0.245436926,0.245436926,0.245436926,0.245436926,0.343611696,0.343611696,0.343611696,0.343611696,0.441786467,0.441786467,0.441786467
96.681504011,C01,AP01,client_to_ap,VHT,2,2,2,80,SU,1,4,122,6637c97e16e6ce8a,0.736310778,0.736310778,0.736310778,0.736310778,0.736310778,0.736310778,0.736310778,0.638136008,0.638136008,0.638136008,0.638136008,0.638136008,0.638136008,0.638136008,0.638136008,0.638136008,0.638136008,0.638136008,0.638136008,0.638136008,0.638136008,0.638136008,0.638136008,0.539961237,0.539961237,0.539961237,0.539961237,0.539961237,0.441786467,0.441786467,0.441786467,0.441786467,0.343611696,0.343611696,0.245436926,0.245436926,0.147262156,0.147262156,0.147262156,0.147262156,0.147262156,0.245436926,0.245436926,0.343611696,0.343611696,0.441786467,0.441786467,0.539961237,0.539961237,0.638136008,0.638136008,0.736310778,0.736310778,0.834485549,0.834485549,0.834485549,0.834485549,0.932660319,0.932660319,0.932660319,0.932660319,0.932660319,0.932660319,0.932660319,0.932660319,0.932660319,0.932660319,0.932660319,0.932660319,0.932660319,0.932660319,0.932660319,0.932660319,0.834485549,0.834485549,0.834485549,0.834485549,0.834485549,0.736310778,0.736310778,0.736310778,0.736310778,0.736310778,0.638136008,0.638136008,0.638136008,0.638136008,0.539961237,0.539961237,0.539961237,0.441786467,0.441786467,0.441786467,0.441786467,0.343611696,0.343611696,0.245436926,0.245436926,0.245436926,0.147262156,0.147262156,0.147262156,0.147262156,0.147262156,0.147262156,0.147262156,0.147262156,0.147262156,0.147262156,0.147262156,0.147262156,0.245436926,0.245436926,0.245436926,0.245436926,0.343611696,0.343611696,0.343611696,0.343611696,0.441786467,0.441786467,0.441786467
98.018486023,C01,AP01,client_to_ap,VHT,2,2,2,80,SU,1,4,122,6637c97e16e6ce8a,0.736310778,0.736310778,0.736310778,0.736310778,0.736310778,0.638136008,0.638136008,0.736310778,0.736310778,0.638136008,0.638136008,0.638136008,0.638136008,0.638136008,0.638136008,0.638136008,0.638136008,0.638136008,0.638136008,0.638136008,0.638136008,0.638136008,0.539961237,0.539961237,0.539961237,0.539961237,0.539961237,0.539961237,0.441786467,0.441786467,0.441786467,0.343611696,0.343611696,0.343611696,0.245436926,0.245436926,0.245436926,0.147262156,0.147262156,0.147262156,0.147262156,0.245436926,0.245436926,0.245436926,0.343611696,0.441786467,0.441786467,0.539961237,0.539961237,0.638136008,0.638136008,0.736310778,0.736310778,0.736310778,0.834485549,0.834485549,0.834485549,0.834485549,0.932660319,0.932660319,0.932660319,0.932660319,0.932660319,0.932660319,0.932660319,0.932660319,0.932660319,0.932660319,0.932660319,0.932660319,0.932660319,0.932660319,0.932660319,0.932660319,0.834485549,0.834485549,0.834485549,0.834485549,0.834485549,0.736310778,0.736310778,0.736310778,0.736310778,0.638136008,0.638136008,0.638136008,0.638136008,0.539961237,0.539961237,0.539961237,0.441786467,0.441786467,0.441786467,0.343611696,0.343611696,0.343611696,0.245436926,0.245436926,0.245436926,0.245436926,0.147262156,0.147262156,0.147262156,0.147262156,0.147262156,0.147262156,0.147262156,0.147262156,0.147262156,0.147262156,0.147262156,0.147262156,0.245436926,0.245436926,0.245436926,0.245436926,0.343611696,0.343611696,0.343611696,0.441786467,0.441786467,0.441786467
99.350015163,C01,AP01,client_to_ap,VHT,2,2,2,80,SU,1,4,122,6637c97e16e6ce8a,0.736310778,0.736310778,0.736310778,0.736310778,0.736310778,0.638136008,0.736310778,0.736310778,0.638136008,0.638136008,0.638136008,0.638136008,0.638136008,0.638136008,0.638136008,0.638136008,0.638136008,0.638136008,0.638136008,0.638136008,0.638136008,0.638136008,0.539961237,0.539961237,0.539961237,0.539961237,0.539961237,0.539961237,0.441786467,0.441786467,0.441786467,0.343611696,0.343611696,0.343611696,0.245436926,0.245436926,0.245436926,0.147262156,0.147262156,0.147262156,0.147262156,0.245436926,0.245436926,0.245436926,0.343611696,0.441786467,0.441786467,0.539961237,0.539961237,0.638136008,0.638136008,0.736310778,0.736310778,0.736310778,0.834485549,0.834485549,0.834485549,0.834485549,0.932660319,0.932660319,0.932660319,0.932660319,0.932660319,0.932660319,0.932660319,0.932660319,0.932660319,0.932660319,0.932660319,0.932660319,0.932660319,0.932660319,0.932660319,0.932660319,0.834485549,0.834485549,0.834485549,0.834485549,0.834485549,0.736310778,0.736310778,0.736310778,0.736310778,0.638136008,0.638136008,0.638136008,0.638136008,0.539961237,0.539961237,0.539961237,0.441786467,0.441786467,0.441786467,0.441786467,0.343611696,0.343611696,0.245436926,0.245436926,0.245436926,0.245436926,0.147262156,0.147262156,0.147262156,0.147262156,0.147262156,0.147262156,0.147262156,0.147262156,0.147262156,0.147262156,0.147262156,0.245436926,0.245436926,0.245436926,0.245436926,0.245436926,0.343611696,0.343611696,0.343611696,0.441786467,0.441786467,0.441786467
100.682554007,C01,AP01,client_to_ap,VHT,2,2,2,80,SU,1,4,122,6637c97e16e6ce8a,0.736310778,0.736310778,0.736310778,0.736310778,0.736310778,0.638136008,0.638136008,0.736310778,0.638136008,0.638136008,0.638136008,0.638136008,0.638136008,0.638136008,0.638136008,0.638136008,0.638136008,0.638136008,0.638136008,0.638136008,0.638136008,0.638136008,0.539961237,0.539961237,0.539961237,0.539961237,0.539961237,0.539961237,0.441786467,0.441786467,0.441786467,0.441786467,0.343611696,0.343611696,0.245436926,0.245436926,0.245436926,0.147262156,0.147262156,0.147262156,0.147262156,0.245436926,0.245436926,0.245436926,0.343611696,0.441786467,0.441786467,0.539961237,0.539961237,0.638136008,0.638136008,0.736310778,0.736310778,0.834485549,0.834485549,0.834485549,0.834485549,0.834485549,0.932660319,0.932660319,0.932660319,0.932660319,0.932660319,0.932660319,0.932660319,0.932660319,0.932660319,0.932660319,0.932660319,0.932660319,0.932660319,0.932660319,0.932660319,0.932660319,0.834485549,0.834485549,0.834485549,0.834485549,0.834485549,0.736310778,0.736310778,0.736310778,0.736310778,0.638136008,0.638136008,0.638136008,0.638136008,0.539961237,0.539961237,0.539961237,0.441786467,0.441786467,0.441786467,0.343611696,0.343611696,0.343611696,0.245436926,0.245436926,0.245436926,0.245436926,0.147262156,0.147262156,0.147262156,0.147262156,0.147262156,0.147262156,0.147262156,0.147262156,0.147262156,0.147262156,0.147262156,0.147262156,0.245436926,0.245436926,0.245436926,0.245436926,0.343611696,0.343611696,0.343611696,0.441786467,0.441786467,0.441786467
102.018599987,C01,AP01,client_to_ap,VHT,2,2,2,80,SU,1,4,122,6637c97e16e6ce8a,0.736310778,0.736310778,0.736310778,0.736310778,0.736310778,0.638136008,0.638136008,0.736310778,0.638136008,0.638136008,0.638136008,0.638136008,0.638136008,0.638136008,0.638136008,0.638136008,0.638136008,0.638136008,0.638136008,0.638136008,0.638136008,0.638136008,0.539961237,0.539961237,0.539961237,0.539961237,0.539961237,0.539961237,0.441786467,0.441786467,0.441786467,0.343611696,0.343611696,0.343611696,0.245436926,0.245436926,0.245436926,0.147262156,0.147262156,0.147262156,0.147262156,0.245436926,0.245436926,0.245436926,0.343611696,0.441786467,0.441786467,0.441786467,0.539961237,0.638136008,0.638136008,0.736310778,0.736310778,0.736310778,0.834485549,0.834485549,0.834485549,0.834485549,0.932660319,0.932660319,0.932660319,0.932660319,0.932660319,0.932660319,0.932660319,0.932660319,0.932660319,0.932660319,0.932660319,0.932660319,0.932660319,0.932660319,0.932660319,0.834485549,0.834485549,0.834485549,0.834485549,0.834485549,0.736310778,0.736310778,0.736310778,0.736310778,0.736310778,0.638136008,0.638136008,0.638136008,0.638136008,0.539961237,0.539961237,0.539961237,0.441786467,0.441786467,0.441786467,0.343611696,0.343611696,0.343611696,0.245436926,0.245436926,0.245436926,0.245436926,0.147262156,0.147262156,0.147262156,0.147262156,0.147262156,0.147262156,0.147262156,0.147262156,0.147262156,0.147262156,0.147262156,0.147262156,0.245436926,0.245436926,0.245436926,0.245436926,0.343611696,0.343611696,0.343611696,0.441786467,0.441786467,0.441786467
103.350424051,C01,AP01,client_to_ap,VHT,2,2,2,80,SU,1,4,122,6637c97e16e6ce8a,0.736310778,0.736310778,0.736310778,0.736310778,0.736310778,0.736310778,0.638136008,0.736310778,0.638136008,0.638136008,0.638136008,0.638136008,0.638136008,0.638136008,0.638136008,0.638136008,0.638136008,0.638136008,0.638136008,0.638136008,0.638136008,0.638136008,0.539961237,0.539961237,0.539961237,0.539961237,0.539961237,0.441786467,0.441786467,0.441786467,0.441786467,0.441786467,0.343611696,0.343611696,0.245436926,0.245436926,0.245436926,0.147262156,0.147262156,0.147262156,0.147262156,0.245436926,0.245436926,0.245436926,0.343611696,0.441786467,0.441786467,0.539961237,0.539961237,0.638136008,0.638136008,0.736310778,0.736310778,0.736310778,0.834485549,0.834485549,0.834485549,0.932660319,0.932660319,0.932660319,0.932660319,0.932660319,0.932660319,0.932660319,0.932660319,0.932660319,0.932660319,0.932660319,0.932660319,0.932660319,0.932660319,0.932660319,0.932660319,0.932660319,0.834485549,0.834485549,0.834485549,0.834485549,0.834485549,0.736310778,0.736310778,0.736310778,0.736310778,0.638136008,0.638136008,0.638136008,0.638136008,0.539961237,0.539961237,0.539961237,0.441786467,0.441786467,0.441786467,0.441786467,0.343611696,0.343611696,0.245436926,0.245436926,0.245436926,0.245436926,0.147262156,0.147262156,0.147262156,0.147262156,0.147262156,0.147262156,0.147262156,0.147262156,0.147262156,0.147262156,0.147262156,0.147262156,0.245436926,0.245436926,0.245436926,0.245436926,0.343611696,0.343611696,0.343611696,0.441786467,0.441786467,0.441786467
104.682207108,C01,AP01,client_to_ap,VHT,2,2,2,80,SU,1,4,122,6637c97e16e6ce8a,0.736310778,0.736310778,0.736310778,0.736310778,0.736310778,0.638136008,0.638136008,0.638136008,0.638136008,0.638136008,0.638136008,0.638136008,0.638136008,0.638136008,0.638136008,0.638136008,0.638136008,0.638136008,0.638136008,0.638136008,0.638136008,0.539961237,0.539961237,0.539961237,0.539961237,0.539961237,0.539961237,0.441786467,0.441786467,0.441786467,0.441786467,0.441786467,0.343611696,0.343611696,0.245436926,0.245436926,0.245436926,0.147262156,0.147262156,0.147262156,0.147262156,0.245436926,0.245436926,0.245436926,0.343611696,0.441786467,0.441786467,0.539961237,0.539961237,0.638136008,0.638136008,0.736310778,0.736310778,0.736310778,0.834485549,0.834485549,0.834485549,0.834485549,0.834485549,0.932660319,0.932660319,0.932660319,0.932660319,0.932660319,0.932660319,0.932660319,0.932660319,0.932660319,0.932660319,0.932660319,0.932660319,0.932660319,0.834485549,0.834485549,0.834485549,0.834485549,0.834485549,0.834485549,0.736310778,0.736310778,0.736310778,0.736310778,0.736310778,0.638136008,0.638136008,0.638136008,0.638136008,0.539961237,0.539961237,0.539961237,0.441786467,0.441786467,0.441786467,0.343611696,0.343611696,0.343611696,0.245436926,0.245436926,0.245436926,0.245436926,0.147262156,0.147262156,0.147262156,0.147262156,0.147262156,0.147262156,0.147262156,0.147262156,0.147262156,0.147262156,0.147262156,0.147262156,0.245436926,0.245436926,0.245436926,0.245436926,0.343611696,0.343611696,0.343611696,0.343611696,0.441786467,0.441786467
106.013576984,C01,AP01,client_to_ap,VHT,2,2,2,80,SU,1,4,122,6637c97e16e6ce8a,0.736310778,0.736310778,0.736310778,0.736310778,0.736310778,0.736310778,0.638136008,0.736310778,0.638136008,0.638136008,0.638136008,0.638136008,0.638136008,0.638136008,0.638136008,0.638136008,0.638136008,0.638136008,0.638136008,0.638136008,0.638136008,0.638136008,0.539961237,0.539961237,0.539961237,0.539961237,0.539961237,0.539961237,0.441786467,0.441786467,0.441786467,0.343611696,0.343611696,0.343611696,0.245436926,0.245436926,0.245436926,0.147262156,0.147262156,0.147262156,0.147262156,0.245436926,0.245436926,0.245436926,0.343611696,0.441786467,0.441786467,0.539961237,0.539961237,0.638136008,0.638136008,0.736310778,0.736310778,0.736310778,0.834485549,0.834485549,0.834485549,0.932660319,0.932660319,0.932660319,0.932660319,0.932660319,0.932660319,0.932660319,0.932660319,0.932660319,0.932660319,0.932660319,0.932660319,0.932660319,0.932660319,0.932660319,0.932660319,0.834485549,0.834485549,0.834485549,0.834485549,0.834485549,0.834485549,0.736310778,0.736310778,0.736310778,0.736310778,0.638136008,0.638136008,0.638136008,0.638136008,0.539961237,0.539961237,0.539961237,0.539961237,0.441786467,0.441786467,0.441786467,0.343611696,0.343611696,0.245436926,0.245436926,0.245436926,0.245436926,0.147262156,0.147262156,0.147262156,0.147262156,0.147262156,0.147262156,0.147262156,0.147262156,0.147262156,0.147262156,0.147262156,0.245436926,0.245436926,0.245436926,0.245436926,0.245436926,0.343611696,0.343611696,0.343611696,0.343611696,0.441786467,0.441786467
107.341446161,C01,AP01,client_to_ap,VHT,2,2,2,80,SU,1,4,122,6637c97e16e6ce8a,0.736310778,0.736310778,0.736310778,0.736310778,0.736310778,0.736310778,0.638136008,0.638136008,0.638136008,0.638136008,0.638136008,0.638136008,0.638136008,0.638136008,0.638136008,0.638136008,0.638136008,0.638136008,0.638136008,0.638136008,0.638136008,0.638136008,0.539961237,0.539961237,0.539961237,0.539961237,0.539961237,0.441786467,0.441786467,0.441786467,0.441786467,0.343611696,0.343611696,0.343611696,0.245436926,0.245436926,0.245436926,0.147262156,0.147262156,0.147262156,0.147262156,0.147262156,0.245436926,0.245436926,0.343611696,0.441786467,0.441786467,0.539961237,0.539961237,0.638136008,0.638136008,0.736310778,0.736310778,0.834485549,0.834485549,0.834485549,0.834485549,0.834485549,0.932660319,0.932660319,0.932660319,0.932660319,0.932660319,0.932660319,0.932660319,0.932660319,0.932660319,0.932660319,0.932660319,0.932660319,0.932660319,0.932660319,0.932660319,0.834485549,0.834485549,0.834485549,0.834485549,0.834485549,0.736310778,0.736310778,0.736310778,0.736310778,0.736310778,0.638136008,0.638136008,0.638136008,0.638136008,0.539961237,0.539961237,0.539961237,0.441786467,0.441786467,0.441786467,0.441786467,0.343611696,0.343611696,0.245436926,0.245436926,0.245436926,0.147262156,0.147262156,0.147262156,0.147262156,0.147262156,0.147262156,0.147262156,0.147262156,0.147262156,0.147262156,0.147262156,0.147262156,0.147262156,0.245436926,0.245436926,0.245436926,0.245436926,0.343611696,0.343611696,0.343611696,0.441786467,0.441786467,0.441786467
108.672145128,C01,AP01,client_to_ap,VHT,2,2,2,80,SU,1,4,122,6637c97e16e6ce8a,0.736310778,0.736310778,0.736310778,0.736310778,0.736310778,0.736310778,0.638136008,0.638136008,0.638136008,0.638136008,0.638136008,0.638136008,0.638136008,0.638136008,0.638136008,0.638136008,0.638136008,0.638136008,0.638136008,0.638136008,0.638136008,0.638136008,0.539961237,0.539961237,0.539961237,0.539961237,0.539961237,0.441786467,0.441786467,0.441786467,0.441786467,0.343611696,0.343611696,0.343611696,0.245436926,0.245436926,0.245436926,0.147262156,0.147262156,0.147262156,0.147262156,0.245436926,0.245436926,0.343611696,0.343611696,0.441786467,0.441786467,0.539961237,0.539961237,0.638136008,0.638136008,0.736310778,0.736310778,0.834485549,0.834485549,0.834485549,0.834485549,0.834485549,0.932660319,0.932660319,0.932660319,0.932660319,0.932660319,0.932660319,0.932660319,0.932660319,0.932660319,0.932660319,0.932660319,0.932660319,0.932660319,0.932660319,0.932660319,0.834485549,0.834485549,0.834485549,0.834485549,0.834485549,0.736310778,0.736310778,0.736310778,0.736310778,0.736310778,0.638136008,0.638136008,0.638136008,0.638136008,0.539961237,0.539961237,0.539961237,0.441786467,0.441786467,0.441786467,0.343611696,0.343611696,0.343611696,0.245436926,0.245436926,0.245436926,0.147262156,0.147262156,0.147262156,0.147262156,0.147262156,0.147262156,0.147262156,0.147262156,0.147262156,0.147262156,0.147262156,0.147262156,0.245436926,0.245436926,0.245436926,0.245436926,0.245436926,0.343611696,0.343611696,0.343611696,0.441786467,0.441786467,0.441786467
110.008119106,C01,AP01,client_to_ap,VHT,2,2,2,80,SU,1,4,122,6637c97e16e6ce8a,0.736310778,0.736310778,0.736310778,0.736310778,0.736310778,0.736310778,0.736310778,0.638136008,0.638136008,0.638136008,0.638136008,0.638136008,0.638136008,0.638136008,0.638136008,0.638136008,0.638136008,0.638136008,0.638136008,0.638136008,0.638136008,0.638136008,0.539961237,0.539961237,0.539961237,0.539961237,0.539961237,0.441786467,0.441786467,0.441786467,0.441786467,0.343611696,0.343611696,0.343611696,0.245436926,0.245436926,0.245436926,0.147262156,0.147262156,0.147262156,0.147262156,0.245436926,0.245436926,0.245436926,0.343611696,0.441786467,0.441786467,0.539961237,0.539961237,0.638136008,0.638136008,0.736310778,0.736310778,0.736310778,0.834485549,0.834485549,0.834485549,0.834485549,0.932660319,0.932660319,0.932660319,0.932660319,0.932660319,0.932660319,0.932660319,0.932660319,0.932660319,0.932660319,0.932660319,0.932660319,0.932660319,0.932660319,0.834485549,0.834485549,0.834485549,0.834485549,0.834485549,0.834485549,0.736310778,0.736310778,0.736310778,0.736310778,0.736310778,0.638136008,0.638136008,0.638136008,0.638136008,0.539961237,0.539961237,0.539961237,0.441786467,0.441786467,0.441786467,0.343611696,0.343611696,0.343611696,0.245436926,0.245436926,0.245436926,0.245436926,0.147262156,0.147262156,0.147262156,0.147262156,0.147262156,0.147262156,0.147262156,0.147262156,0.147262156,0.147262156,0.147262156,0.147262156,0.245436926,0.245436926,0.245436926,0.245436926,0.343611696,0.343611696,0.343611696,0.441786467,0.441786467,0.441786467
111.340045214,C01,AP01,client_to_ap,VHT,2,2,2,80,SU,1,4,122,6637c97e16e6ce8a,0.736310778,0.736310778,0.736310778,0.736310778,0.736310778,0.638136008,0.638136008,0.736310778,0.638136008,0.638136008,0.638136008,0.638136008,0.638136008,0.638136008,0.638136008,0.638136008,0.638136008,0.638136008,0.638136008,0.638136008,0.638136008,0.638136008,0.539961237,0.539961237,0.539961237,0.539961237,0.539961237,0.539961237,0.441786467,0.441786467,0.441786467,0.441786467,0.343611696,0.343611696,0.245436926,0.245436926,0.245436926,0.147262156,0.147262156,0.147262156,0.147262156,0.245436926,0.245436926,0.245436926,0.343611696,0.441786467,0.441786467,0.539961237,0.539961237,0.638136008,0.638136008,0.736310778,0.736310778,0.834485549,0.834485549,0.834485549,0.834485549,0.834485549,0.932660319,0.932660319,0.932660319,0.932660319,0.932660319,0.932660319,0.932660319,0.932660319,0.932660319,0.932660319,0.932660319,0.932660319,0.932660319,0.932660319,0.834485549,0.834485549,0.834485549,0.834485549,0.834485549,0.834485549,0.834485549,0.736310778,0.736310778,0.736310778,0.736310778,0.638136008,0.638136008,0.638136008,0.638136008,0.539961237,0.539961237,0.539961237,0.441786467,0.441786467,0.441786467,0.343611696,0.343611696,0.343611696,0.245436926,0.245436926,0.245436926,0.147262156,0.147262156,0.147262156,0.147262156,0.147262156,0.147262156,0.147262156,0.147262156,0.147262156,0.147262156,0.147262156,0.147262156,0.147262156,0.245436926,0.245436926,0.245436926,0.343611696,0.343611696,0.343611696,0.343611696,0.441786467,0.441786467,0.441786467
112.671940088,C01,AP01,client_to_ap,VHT,2,2,2,80,SU,1,4,122,6637c97e16e6ce8a,0.736310778,0.736310778,0.736310778,0.736310778,0.736310778,0.736310778,0.736310778,0.736310778,0.638136008,0.638136008,0.638136008,0.638136008,0.638136008,0.638136008,0.638136008,0.638136008,0.638136008,0.638136008,0.638136008,0.638136008,0.638136008,0.638136008,0.539961237,0.539961237,0.539961237,0.539961237,0.539961237,0.539961237,0.441786467,0.441786467,0.441786467,0.441786467,0.343611696,0.343611696,0.245436926,0.245436926,0.245436926,0.147262156,0.147262156,0.147262156,0.147262156,0.245436926,0.245436926,0.343611696,0.343611696,0.441786467,0.441786467,0.539961237,0.539961237,0.638136008,0.638136008,0.736310778,0.736310778,0.736310778,0.834485549,0.834485549,0.834485549,0.932660319,0.932660319,0.932660319,0.932660319,0.932660319,0.932660319,0.932660319,0.932660319,0.932660319,0.932660319,0.932660319,0.932660319,0.932660319,0.932660319,0.932660319,0.932660319,0.834485549,0.834485549,0.834485549,0.834485549,0.834485549,0.834485549,0.736310778,0.736310778,0.736310778,0.736310778,0.638136008,0.638136008,0.638136008,0.638136008,0.539961237,0.539961237,0.539961237,0.539961237,0.441786467,0.441786467,0.343611696,0.343611696,0.343611696,0.245436926,0.245436926,0.245436926,0.245436926,0.147262156,0.147262156,0.147262156,0.147262156,0.147262156,0.147262156,0.147262156,0.147262156,0.147262156,0.147262156,0.147262156,0.245436926,0.245436926,0.245436926,0.245436926,0.343611696,0.343611696,0.343611696,0.343611696,0.441786467,0.441786467,0.441786467
114.008143187,C01,AP01,client_to_ap,VHT,2,2,2,80,SU,1,4,122,6637c97e16e6ce8a,0.736310778,0.736310778,0.736310778,0.736310778,0.736310778,0.638136008,0.638136008,0.638136008,0.638136008,0.638136008,0.638136008,0.638136008,0.638136008,0.638136008,0.638136008,0.638136008,0.638136008,0.638136008,0.638136008,0.638136008,0.638136008,0.638136008,0.539961237,0.539961237,0.539961237,0.539961237,0.539961237,0.441786467,0.441786467,0.441786467,0.441786467,0.343611696,0.343611696,0.343611696,0.245436926,0.245436926,0.147262156,0.147262156,0.147262156,0.147262156,0.147262156,0.245436926,0.245436926,0.245436926,0.343611696,0.441786467,0.441786467,0.539961237,0.539961237,0.638136008,0.638136008,0.736310778,0.736310778,0.736310778,0.834485549,0.834485549,0.834485549,0.834485549,0.834485549,0.932660319,0.932660319,0.932660319,0.932660319,0.932660319,0.932660319,0.932660319,0.932660319,0.932660319,0.932660319,0.932660319,0.932660319,0.932660319,0.932660319,0.834485549,0.834485549,0.834485549,0.834485549,0.834485549,0.736310778,0.736310778,0.736310778,0.736310778,0.638136008,0.638136008,0.638136008,0.638136008,0.638136008,0.539961237,0.539961237,0.539961237,0.441786467,0.441786467,0.441786467,0.343611696,0.343611696,0.343611696,0.245436926,0.245436926,0.245436926,0.245436926,0.147262156,0.147262156,0.147262156,0.147262156,0.147262156,0.147262156,0.147262156,0.147262156,0.147262156,0.147262156,0.147262156,0.245436926,0.245436926,0.245436926,0.245436926,0.343611696,0.343611696,0.343611696,0.343611696,0.441786467,0.441786467,0.441786467
115.341549158,C01,AP01,client_to_ap,VHT,2,2,2,80,SU,1,4,122,6637c97e16e6ce8a,0.736310778,0.736310778,0.736310778,0.736310778,0.736310778,0.736310778,0.638136008,0.736310778,0.638136008,0.638136008,0.638136008,0.638136008,0.638136008,0.638136008,0.638136008,0.638136008,0.638136008,0.638136008,0.638136008,0.638136008,0.638136008,0.638136008,0.539961237,0.539961237,0.539961237,0.539961237,0.539961237,0.539961237,0.441786467,0.441786467,0.441786467,0.441786467,0.343611696,0.343611696,0.245436926,0.245436926,0.245436926,0.147262156,0.147262156,0.147262156,0.147262156,0.245436926,0.245436926,0.245436926,0.343611696,0.441786467,0.441786467,0.539961237,0.539961237,0.638136008,0.638136008,0.736310778,0.736310778,0.736310778,0.834485549,0.834485549,0.834485549,0.834485549,0.932660319,0.932660319,0.932660319,0.932660319,0.932660319,0.932660319,0.932660319,0.932660319,0.932660319,0.932660319,0.932660319,0.932660319,0.932660319,0.932660319,0.932660319,0.932660319,0.834485549,0.834485549,0.834485549,0.834485549,0.834485549,0.736310778,0.736310778,0.736310778,0.736310778,0.638136008,0.638136008,0.638136008,0.638136008,0.539961237,0.539961237,0.539961237,0.441786467,0.441786467,0.441786467,0.441786467,0.343611696,0.343611696,0.245436926,0.245436926,0.245436926,0.245436926,0.147262156,0.147262156,0.147262156,0.147262156,0.147262156,0.147262156,0.147262156,0.147262156,0.147262156,0.147262156,0.147262156,0.147262156,0.245436926,0.245436926,0.245436926,0.343611696,0.343611696,0.343611696,0.343611696,0.343611696,0.441786467,0.441786467
116.671846151,C01,AP01,client_to_ap,VHT,2,2,2,80,SU,1,4,122,6637c97e16e6ce8a,0.736310778,0.736310778,0.736310778,0.736310778,0.736310778,0.638136008,0.638136008,0.638136008,0.638136008,0.638136008,0.638136008,0.638136008,0.638136008,0.638136008,0.638136008,0.638136008,0.638136008,0.638136008,0.638136008,0.638136008,0.638136008,0.638136008,0.539961237,0.539961237,0.539961237,0.539961237,0.539961237,0.441786467,0.441786467,0.441786467,0.441786467,0.343611696,0.343611696,0.343611696,0.245436926,0.245436926,0.245436926,0.147262156,0.147262156,0.147262156,0.147262156,0.245436926,0.245436926,0.245436926,0.343611696,0.441786467,0.441786467,0.539961237,0.539961237,0.638136008,0.638136008,0.736310778,0.736310778,0.736310778,0.834485549,0.834485549,0.834485549,0.834485549,0.932660319,0.932660319,0.932660319,0.932660319,0.932660319,0.932660319,0.932660319,0.932660319,0.932660319,0.932660319,0.932660319,0.932660319,0.932660319,0.932660319,0.932660319,0.834485549,0.834485549,0.834485549,0.834485549,0.834485549,0.834485549,0.736310778,0.736310778,0.736310778,0.736310778,0.638136008,0.638136008,0.638136008,0.638136008,0.539961237,0.539961237,0.539961237,0.539961237,0.441786467,0.441786467,0.441786467,0.343611696,0.343611696,0.245436926,0.245436926,0.245436926,0.147262156,0.147262156,0.147262156,0.147262156,0.147262156,0.147262156,0.147262156,0.147262156,0.147262156,0.147262156,0.147262156,0.147262156,0.147262156,0.245436926,0.245436926,0.245436926,0.245436926,0.343611696,0.343611696,0.343611696,0.441786467,0.441786467,0.441786467
118.009536028,C01,AP01,client_to_ap,VHT,2,2,2,80,SU,1,4,122,6637c97e16e6ce8a,0.736310778,0.736310778,0.736310778,0.736310778,0.736310778,0.736310778,0.638136008,0.638136008,0.638136008,0.638136008,0.638136008,0.638136008,0.638136008,0.638136008,0.638136008,0.638136008,0.638136008,0.638136008,0.638136008,0.638136008,0.638136008,0.638136008,0.638136008,0.539961237,0.539961237,0.539961237,0.539961237,0.539961237,0.441786467,0.441786467,0.441786467,0.441786467,0.343611696,0.343611696,0.245436926,0.245436926,0.245436926,0.147262156,0.147262156,0.147262156,0.147262156,0.245436926,0.245436926,0.245436926,0.343611696,0.441786467,0.441786467,0.539961237,0.539961237,0.638136008,0.638136008,0.736310778,0.736310778,0.834485549,0.834485549,0.834485549,0.834485549,0.932660319,0.932660319,0.932660319,0.932660319,0.932660319,0.932660319,0.932660319,0.932660319,0.932660319,0.932660319,0.932660319,0.932660319,0.932660319,0.932660319,0.932660319,0.932660319,0.834485549,0.834485549,0.834485549,0.834485549,0.834485549,0.834485549,0.736310778,0.736310778,0.736310778,0.736310778,0.638136008,0.638136008,0.638136008,0.638136008,0.539961237,0.539961237,0.539961237,0.539961237,0.441786467,0.441786467,0.343611696,0.343611696,0.343611696,0.245436926,0.245436926,0.245436926,0.245436926,0.147262156,0.147262156,0.147262156,0.147262156,0.147262156,0.147262156,0.147262156,0.147262156,0.147262156,0.147262156,0.147262156,0.147262156,0.245436926,0.245436926,0.245436926,0.245436926,0.343611696,0.343611696,0.343611696,0.441786467,0.441786467,0.441786467
119.335103989,C01,AP01,client_to_ap,VHT,2,2,2,80,SU,1,4,122,6637c97e16e6ce8a,0.736310778,0.736310778,0.736310778,0.736310778,0.736310778,0.736310778,0.638136008,0.736310778,0.638136008,0.638136008,0.638136008,0.638136008,0.638136008,0.638136008,0.638136008,0.638136008,0.638136008,0.638136008,0.638136008,0.638136008,0.638136008,0.638136008,0.539961237,0.539961237,0.539961237,0.539961237,0.539961237,0.441786467,0.441786467,0.441786467,0.441786467,0.343611696,0.343611696,0.245436926,0.245436926,0.245436926,0.245436926,0.147262156,0.147262156,0.147262156,0.147262156,0.245436926,0.245436926,0.245436926,0.343611696,0.343611696,0.441786467,0.539961237,0.539961237,0.638136008,0.638136008,0.736310778,0.736310778,0.736310778,0.834485549,0.834485549,0.834485549,0.834485549,0.932660319,0.932660319,0.932660319,0.932660319,0.932660319,0.932660319,0.932660319,0.932660319,0.932660319,0.932660319,0.932660319,0.932660319,0.932660319,0.932660319,0.932660319,0.834485549,0.834485549,0.834485549,0.834485549,0.834485549,0.736310778,0.736310778,0.736310778,0.736310778,0.736310778,0.638136008,0.638136008,0.638136008,0.638136008,0.539961237,0.539961237,0.539961237,0.441786467,0.441786467,0.441786467,0.343611696,0.343611696,0.343611696,0.245436926,0.245436926,0.245436926,0.245436926,0.147262156,0.147262156,0.147262156,0.147262156,0.147262156,0.147262156,0.147262156,0.147262156,0.147262156,0.147262156,0.147262156,0.245436926,0.245436926,0.245436926,0.245436926,0.245436926,0.343611696,0.343611696,0.343611696,0.441786467,0.441786467,0.441786467
120.662399054,C01,AP01,client_to_ap,VHT,2,2,2,80,SU,1,4,122,6637c97e16e6ce8a,0.736310778,0.736310778,0.736310778,0.736310778,0.736310778,0.638136008,0.638136008,0.638136008,0.638136008,0.638136008,0.638136008,0.638136008,0.638136008,0.638136008,0.638136008,0.638136008,0.638136008,0.638136008,0.638136008,0.638136008,0.638136008,0.638136008,0.539961237,0.539961237,0.539961237,0.539961237,0.539961237,0.539961237,0.441786467,0.441786467,0.441786467,0.343611696,0.343611696,0.343611696,0.245436926,0.245436926,0.245436926,0.147262156,0.147262156,0.147262156,0.147262156,0.245436926,0.245436926,0.245436926,0.343611696,0.441786467,0.441786467,0.441786467,0.539961237,0.638136008,0.638136008,0.736310778,0.736310778,0.736310778,0.834485549,0.834485549,0.834485549,0.834485549,0.932660319,0.932660319,0.932660319,0.932660319,0.932660319,0.932660319,0.932660319,0.932660319,0.932660319,0.932660319,0.932660319,0.932660319,0.932660319,0.932660319,0.932660319,0.834485549,0.834485549,0.834485549,0.834485549,0.834485549,0.834485549,0.736310778,0.736310778,0.736310778,0.736310778,0.638136008,0.638136008,0.638136008,0.638136008,0.539961237,0.539961237,0.539961237,0.441786467,0.441786467,0.441786467,0.441786467,0.343611696,0.343611696,0.245436926,0.245436926,0.245436926,0.147262156,0.147262156,0.147262156,0.147262156,0.147262156,0.147262156,0.147262156,0.147262156,0.147262156,0.147262156,0.147262156,0.147262156,0.147262156,0.245436926,0.245436926,0.245436926,0.245436926,0.343611696,0.343611696,0.343611696,0.441786467,0.441786467,0.441786467
121.998033047,C01,AP01,client_to_ap,VHT,2,2,2,80,SU,1,4,122,6637c97e16e6ce8a,0.736310778,0.736310778,0.736310778,0.736310778,0.736310778,0.638136008,0.638136008,0.638136008,0.638136008,0.638136008,0.638136008,0.638136008,0.638136008,0.638136008,0.638136008,0.638136008,0.638136008,0.638136008,0.638136008,0.638136008,0.638136008,0.539961237,0.539961237,0.539961237,0.539961237,0.539961237,0.539961237,0.441786467,0.441786467,0.441786467,0.343611696,0.343611696,0.343611696,0.245436926,0.245436926,0.245436926,0.245436926,0.147262156,0.147262156,0.147262156,0.147262156,0.147262156,0.245436926,0.245436926,0.343611696,0.441786467,0.441786467,0.441786467,0.539961237,0.638136008,0.638136008,0.736310778,0.736310778,0.736310778,0.834485549,0.834485549,0.834485549,0.834485549,0.932660319,0.932660319,0.932660319,0.932660319,0.932660319,0.932660319,0.932660319,0.932660319,0.932660319,0.932660319,0.932660319,0.932660319,0.932660319,0.932660319,0.834485549,0.834485549,0.834485549,0.834485549,0.834485549,0.834485549,0.834485549,0.736310778,0.736310778,0.736310778,0.736310778,0.638136008,0.638136008,0.638136008,0.638136008,0.638136008,0.539961237,0.539961237,0.539961237,0.441786467,0.441786467,0.441786467,0.343611696,0.343611696,0.245436926,0.245436926,0.245436926,0.245436926,0.147262156,0.147262156,0.147262156,0.147262156,0.147262156,0.147262156,0.147262156,0.147262156,0.147262156,0.147262156,0.147262156,0.147262156,0.245436926,0.245436926,0.245436926,0.245436926,0.343611696,0.343611696,0.343611696,0.441786467,0.441786467,0.441786467
123.330040216,C01,AP01,client_to_ap,VHT,2,2,2,80,SU,1,4,122,6637c97e16e6ce8a,0.638136008,0.638136008,0.638136008,0.638136008,0.638136008,0.638136008,0.638136008,0.638136008,0.638136008,0.638136008,0.638136008,0.638136008,0.638136008,0.638136008,0.638136008,0.638136008,0.638136008,0.638136008,0.638136008,0.638136008,0.638136008,0.638136008,0.539961237,0.539961237,0.539961237,0.539961237,0.539961237,0.539961237,0.441786467,0.441786467,0.441786467,0.343611696,0.343611696,0.343611696,0.245436926,0.245436926,0.147262156,0.147262156,0.147262156,0.147262156,0.147262156,0.245436926,0.245436926,0.245436926,0.343611696,0.441786467,0.441786467,0.539961237,0.539961237,0.638136008,0.638136008,0.736310778,0.736310778,0.736310778,0.736310778,0.834485549,0.834485549,0.834485549,0.834485549,0.834485549,0.834485549,0.834485549,0.932660319,0.932660319,0.932660319,0.932660319,0.932660319,0.932660319,0.932660319,0.932660319,0.834485549,0.834485549,0.834485549,0.834485549,0.834485549,0.834485549,0.834485549,0.834485549,0.834485549,0.736310778,0.736310778,0.736310778,0.736310778,0.638136008,0.638136008,0.638136008,0.638136008,0.638136008,0.539961237,0.539961237,0.539961237,0.441786467,0.441786467,0.441786467,0.441786467,0.343611696,0.343611696,0.245436926,0.245436926,0.245436926,0.245436926,0.147262156,0.147262156,0.147262156,0.147262156,0.147262156,0.147262156,0.147262156,0.147262156,0.147262156,0.147262156,0.147262156,0.147262156,0.147262156,0.245436926,0.245436926,0.245436926,0.343611696,0.343611696,0.343611696,0.343611696,0.441786467
124.657381058,C01,AP01,client_to_ap,VHT,2,2,2,80,SU,1,4,122,6637c97e16e6ce8a,0.638136008,0.638136008,0.638136008,0.638136008,0.638136008,0.638136008,0.638136008,0.638136008,0.638136008,0.638136008,0.638136008,0.638136008,0.638136008,0.638136008,0.638136008,0.638136008,0.638136008,0.638136008,0.638136008,0.638136008,0.539961237,0.539961237,0.539961237,0.539961237,0.539961237,0.539961237,0.539961237,0.539961237,0.441786467,0.441786467,0.441786467,0.441786467,0.343611696,0.343611696,0.343611696,0.245436926,0.245436926,0.245436926,0.147262156,0.147262156,0.147262156,0.147262156,0.147262156,0.245436926,0.245436926,0.343611696,0.441786467,0.441786467,0.539961237,0.539961237,0.638136008,0.638136008,0.736310778,0.736310778,0.834485549,0.834485549,0.834485549,0.932660319,0.932660319,0.932660319,0.932660319,0.932660319,0.932660319,0.932660319,0.932660319,0.932660319,0.932660319,0.932660319,0.932660319,0.932660319,0.932660319,0.834485549,0.834485549,0.834485549,0.834485549,0.834485549,0.834485549,0.736310778,0.736310778,0.736310778,0.736310778,0.736310778,0.638136008,0.638136008,0.638136008,0.638136008,0.638136008,0.638136008,0.539961237,0.539961237,0.539961237,0.539961237,0.441786467,0.441786467,0.441786467,0.441786467,0.343611696,0.343611696,0.343611696,0.343611696,0.245436926,0.245436926,0.245436926,0.245436926,0.245436926,0.245436926,0.147262156,0.147262156,0.147262156,0.147262156,0.147262156,0.147262156,0.147262156,0.147262156,0.147262156,0.147262156,0.245436926,0.245436926,0.245436926,0.245436926,0.245436926,0.245436926
125.987260103,C01,AP01,client_to_ap,VHT,2,2,2,80,SU,1,4,122,6637c97e16e6ce8a,0.736310778,0.736310778,0.736310778,0.736310778,0.736310778,0.638136008,0.638136008,0.638136008,0.638136008,0.638136008,0.638136008,0.638136008,0.638136008,0.638136008,0.638136008,0.638136008,0.638136008,0.638136008,0.638136008,0.638136008,0.638136008,0.638136008,0.539961237,0.539961237,0.539961237,0.539961237,0.539961237,0.539961237,0.441786467,0.441786467,0.441786467,0.441786467,0.343611696,0.343611696,0.245436926,0.245436926,0.245436926,0.147262156,0.147262156,0.147262156,0.245436926,0.245436926,0.245436926,0.245436926,0.343611696,0.343611696,0.441786467,0.441786467,0.441786467,0.539961237,0.539961237,0.638136008,0.638136008,0.638136008,0.736310778,0.736310778,0.736310778,0.834485549,0.834485549,0.834485549,0.834485549,0.834485549,0.834485549,0.834485549,0.834485549,0.932660319,0.834485549,0.834485549,0.834485549,0.834485549,0.834485549,0.834485549,0.834485549,0.834485549,0.834485549,0.736310778,0.736310778,0.736310778,0.736310778,0.638136008,0.638136008,0.638136008,0.638136008,0.638136008,0.539961237,0.539961237,0.539961237,0.441786467,0.441786467,0.441786467,0.441786467,0.343611696,0.343611696,0.343611696,0.245436926,0.245436926,0.245436926,0.147262156,0.147262156,0.147262156,0.147262156,0.147262156,0.147262156,0.147262156,0.147262156,0.147262156,0.147262156,0.147262156,0.245436926,0.245436926,0.245436926,0.245436926,0.343611696,0.343611696,0.343611696,0.343611696,0.441786467,0.441786467,0.441786467,0.441786467,0.539961237,0.539961237
127.319135189,C01,AP01,client_to_ap,VHT,2,2,2,80,SU,1,4,122,6637c97e16e6ce8a,0.736310778,0.638136008,0.638136008,0.638136008,0.638136008,0.638136008,0.638136008,0.638136008,0.638136008,0.638136008,0.638136008,0.638136008,0.638136008,0.638136008,0.638136008,0.638136008,0.638136008,0.638136008,0.638136008,0.539961237,0.539961237,0.539961237,0.539961237,0.539961237,0.539961237,0.539961237,0.441786467,0.441786467,0.441786467,0.441786467,0.343611696,0.343611696,0.343611696,0.245436926,0.245436926,0.245436926,0.147262156,0.147262156,0.147262156,0.0490873852,0.0490873852,0.0490873852,0.0490873852,0.147262156,0.147262156,0.245436926,0.245436926,0.343611696,0.343611696,0.441786467,0.539961237,0.539961237,0.638136008,0.638136008,0.736310778,0.736310778,0.834485549,0.834485549,0.834485549,0.932660319,0.932660319,0.932660319,0.932660319,0.932660319,0.932660319,0.932660319,0.932660319,0.932660319,0.932660319,0.932660319,0.932660319,0.932660319,0.932660319,0.932660319,0.834485549,0.834485549,0.834485549,0.834485549,0.834485549,0.834485549,0.736310778,0.736310778,0.736310778,0.736310778,0.638136008,0.638136008,0.638136008,0.638136008,0.539961237,0.539961237,0.539961237,0.441786467,0.441786467,0.441786467,0.343611696,0.343611696,0.343611696,0.245436926,0.245436926,0.245436926,0.245436926,0.245436926,0.245436926,0.147262156,0.147262156,0.147262156,0.147262156,0.147262156,0.147262156,0.147262156,0.147262156,0.245436926,0.245436926,0.245436926,0.245436926,0.245436926,0.343611696,0.343611696,0.343611696,0.343611696,0.441786467,0.441786467
128.650818110,C01,AP01,client_to_ap,VHT,2,2,2,80,SU,1,4,122,6637c97e16e6ce8a,0.736310778,0.736310778,0.736310778,0.736310778,0.736310778,0.736310778,0.736310778,0.736310778,0.736310778,0.736310778,0.736310778,0.736310778,0.736310778,0.736310778,0.736310778,0.736310778,0.736310778,0.736310778,0.638136008,0.638136008,0.638136008,0.638136008,0.638136008,0.638136008,0.638136008,0.539961237,0.539961237,0.539961237,0.441786467,0.441786467,0.441786467,0.441786467,0.343611696,0.343611696,0.245436926,0.245436926,0.245436926,0.147262156,0.0490873852,0.0490873852,0.0490873852,0.0490873852,0.147262156,0.245436926,0.245436926,0.343611696,0.343611696,0.441786467,0.539961237,0.539961237,0.539961237,0.638136008,0.638136008,0.638136008,0.736310778,0.736310778,0.736310778,0.736310778,0.736310778,0.834485549,0.834485549,0.834485549,0.834485549,0.834485549,0.834485549,0.834485549,0.834485549,0.736310778,0.736310778,0.736310778,0.736310778,0.736310778,0.736310778,0.736310778,0.736310778,0.638136008,0.638136008,0.638136008,0.638136008,0.638136008,0.638136008,0.539961237,0.539961237,0.539961237,0.539961237,0.539961237,0.441786467,0.441786467,0.441786467,0.441786467,0.441786467,0.343611696,0.343611696,0.343611696,0.343611696,0.245436926,0.245436926,0.245436926,0.245436926,0.147262156,0.147262156,0.147262156,0.147262156,0.147262156,0.147262156,0.147262156,0.147262156,0.147262156,0.147262156,0.147262156,0.245436926,0.245436926,0.245436926,0.245436926,0.245436926,0.343611696,0.343611696,0.343611696,0.343611696,0.441786467,0.441786467,0.441786467
129.978686094,C01,AP01,client_to_ap,VHT,2,2,2,80,SU,1,4,122,6637c97e16e6ce8a,0.932660319,0.932660319,0.932660319,0.932660319,0.932660319,0.932660319,0.932660319,0.932660319,0.932660319,0.834485549,0.834485549,0.834485549,0.834485549,0.834485549,0.736310778,0.736310778,0.736310778,0.638136008,0.638136008,0.638136008,0.539961237,0.539961237,0.539961237,0.441786467,0.441786467,0.441786467,0.441786467,0.441786467,0.441786467,0.343611696,0.343611696,0.441786467,0.441786467,0.441786467,0.441786467,0.441786467,0.539961237,0.539961237,0.539961237,0.638136008,0.736310778,0.834485549,1.03083509,1.12900986,1.22718463,1.3253594,1.3253594,1.22718463,1.3253594,1.22718463,1.22718463,1.22718463,1.22718463,1.22718463,1.22718463,1.22718463,1.12900986,1.12900986,1.12900986,1.12900986,1.12900986,1.12900986,1.12900986,1.12900986,1.12900986,1.03083509,1.03083509,1.03083509,1.03083509,1.03083509,1.03083509,1.03083509,1.03083509,0.932660319,0.932660319,0.932660319,0.932660319,0.932660319,0.834485549,0.834485549,0.834485549,0.736310778,0.736310778,0.736310778,0.638136008,0.638136008,0.638136008,0.539961237,0.539961237,0.539961237,0.539961237,0.441786467,0.441786467,0.441786467,0.441786467,0.441786467,0.441786467,0.441786467,0.441786467,0.441786467,0.441786467,0.441786467,0.441786467,0.441786467,0.441786467,0.539961237,0.539961237,0.539961237,0.638136008,0.638136008,0.638136008,0.736310778,0.736310778,0.834485549,0.932660319,1.03083509,1.03083509,1.12900986,1.12900986,1.12900986,1.12900986,1.12900986
131.308624029,C01,AP01,client_to_ap,VHT,2,2,2,80,SU,1,4,122,6637c97e16e6ce8a,0.638136008,0.638136008,0.638136008,0.638136008,0.638136008,0.638136008,0.638136008,0.638136008,0.638136008,0.539961237,0.539961237,0.638136008,0.638136008,0.539961237,0.539961237,0.539961237,0.539961237,0.539961237,0.539961237,0.539961237,0.539961237,0.539961237,0.539961237,0.539961237,0.441786467,0.441786467,0.441786467,0.441786467,0.343611696,0.343611696,0.343611696,0.343611696,0.245436926,0.245436926,0.147262156,0.147262156,0.147262156,0.0490873852,0.0490873852,0.0490873852,0.0490873852,0.147262156,0.147262156,0.245436926,0.245436926,0.343611696,0.343611696,0.441786467,0.441786467,0.539961237,0.539961237,0.638136008,0.638136008,0.638136008,0.736310778,0.736310778,0.736310778,0.736310778,0.834485549,0.834485549,0.834485549,0.834485549,0.834485549,0.834485549,0.834485549,0.834485549,0.834485549,0.834485549,0.834485549,0.834485549,0.834485549,0.834485549,0.834485549,0.834485549,0.834485549,0.834485549,0.834485549,0.736310778,0.736310778,0.736310778,0.736310778,0.736310778,0.736310778,0.638136008,0.638136008,0.638136008,0.638136008,0.638136008,0.539961237,0.539961237,0.539961237,0.539961237,0.539961237,0.539961237,0.441786467,0.441786467,0.441786467,0.441786467,0.441786467,0.343611696,0.343611696,0.343611696,0.343611696,0.343611696,0.343611696,0.343611696,0.343611696,0.343611696,0.343611696,0.343611696,0.343611696,0.343611696,0.343611696,0.343611696,0.343611696,0.343611696,0.343611696,0.343611696,0.343611696,0.343611696,0.343611696,0.343611696
132.640924215,C01,AP01,client_to_ap,VHT,2,2,2,80,SU,1,4,122,6637c97e16e6ce8a,0.736310778,0.736310778,0.736310778,0.736310778,0.736310778,0.736310778,0.736310778,0.736310778,0.736310778,0.736310778,0.736310778,0.736310778,0.736310778,0.736310778,0.736310778,0.736310778,0.638136008,0.638136008,0.638136008,0.638136008,0.638136008,0.638136008,0.638136008,0.638136008,0.638136008,0.539961237,0.539961237,0.539961237,0.539961237,0.441786467,0.441786467,0.441786467,0.441786467,0.343611696,0.343611696,0.245436926,0.245436926,0.147262156,0.147262156,0.147262156,0.0490873852,0.0490873852,0.147262156,0.147262156,0.147262156,0.245436926,0.245436926,0.343611696,0.343611696,0.441786467,0.441786467,0.539961237,0.539961237,0.638136008,0.638136008,0.736310778,0.736310778,0.736310778,0.834485549,0.834485549,0.834485549,0.932660319,0.932660319,0.932660319,0.932660319,0.932660319,0.932660319,0.932660319,0.932660319,0.932660319,0.932660319,0.932660319,0.932660319,0.932660319,0.932660319,0.834485549,0.834485549,0.834485549,0.834485549,0.736310778,0.736310778,0.736310778,0.736310778,0.638136008,0.638136008,0.638136008,0.539961237,0.539961237,0.539961237,0.441786467,0.441786467,0.441786467,0.343611696,0.343611696,0.343611696,0.245436926,0.245436926,0.245436926,0.245436926,0.147262156,0.147262156,0.147262156,0.147262156,0.147262156,0.147262156,0.147262156,0.147262156,0.0490873852,0.147262156,0.147262156,0.147262156,0.147262156,0.147262156,0.147262156,0.147262156,0.245436926,0.245436926,0.245436926,0.245436926,0.343611696,0.343611696,0.343611696
133.971976995,C01,AP01,client_to_ap,VHT,2,2,2,80,SU,1,4,122,6637c97e16e6ce8a,0.736310778,0.736310778,0.736310778,0.736310778,0.736310778,0.736310778,0.638136008,0.638136008,0.638136008,0.638136008,0.638136008,0.638136008,0.638136008,0.638136008,0.638136008,0.638136008,0.638136008,0.638136008,0.638136008,0.638136008,0.539961237,0.539961237,0.539961237,0.539961237,0.539961237,0.539961237,0.441786467,0.441786467,0.441786467,0.441786467,0.343611696,0.343611696,0.343611696,0.245436926,0.245436926,0.245436926,0.147262156,0.147262156,0.147262156,0.147262156,0.147262156,0.147262156,0.245436926,0.245436926,0.343611696,0.441786467,0.441786467,0.539961237,0.539961237,0.638136008,0.638136008,0.736310778,0.736310778,0.834485549,0.834485549,0.834485549,0.834485549,0.834485549,0.932660319,0.932660319,0.932660319,0.932660319,0.932660319,0.932660319,0.932660319,0.932660319,0.932660319,0.932660319,0.932660319,0.932660319,0.932660319,0.932660319,0.834485549,0.834485549,0.834485549,0.834485549,0.834485549,0.834485549,0.834485549,0.736310778,0.736310778,0.736310778,0.736310778,0.638136008,0.638136008,0.638136008,0.638136008,0.539961237,0.539961237,0.539961237,0.441786467,0.441786467,0.441786467,0.441786467,0.343611696,0.343611696,0.245436926,0.245436926,0.245436926,0.245436926,0.245436926,0.147262156,0.147262156,0.147262156,0.147262156,0.147262156,0.147262156,0.147262156,0.147262156,0.147262156,0.147262156,0.147262156,0.245436926,0.245436926,0.245436926,0.245436926,0.245436926,0.343611696,0.343611696,0.343611696,0.441786467,0.441786467
135.299997091,C01,AP01,client_to_ap,VHT,2,2,2,80,SU,1,4,122,6637c97e16e6ce8a,0.736310778,0.736310778,0.736310778,0.736310778,0.736310778,0.638136008,0.638136008,0.638136008,0.638136008,0.638136008,0.638136008,0.638136008,0.638136008,0.638136008,0.638136008,0.638136008,0.638136008,0.638136008,0.638136008,0.638136008,0.638136008,0.539961237,0.539961237,0.539961237,0.539961237,0.539961237,0.539961237,0.441786467,0.441786467,0.441786467,0.343611696,0.343611696,0.343611696,0.245436926,0.245436926,0.245436926,0.147262156,0.147262156,0.147262156,0.147262156,0.147262156,0.147262156,0.245436926,0.245436926,0.343611696,0.441786467,0.441786467,0.539961237,0.539961237,0.638136008,0.638136008,0.638136008,0.736310778,0.736310778,0.736310778,0.834485549,0.834485549,0.834485549,0.834485549,0.932660319,0.932660319,0.932660319,0.932660319,0.932660319,0.932660319,0.932660319,0.932660319,0.932660319,0.932660319,0.932660319,0.932660319,0.932660319,0.834485549,0.834485549,0.834485549,0.834485549,0.834485549,0.834485549,0.736310778,0.736310778,0.736310778,0.736310778,0.638136008,0.638136008,0.638136008,0.638136008,0.638136008,0.539961237,0.539961237,0.539961237,0.441786467,0.441786467,0.441786467,0.441786467,0.343611696,0.343611696,0.245436926,0.245436926,0.245436926,0.245436926,0.245436926,0.147262156,0.147262156,0.147262156,0.147262156,0.147262156,0.147262156,0.147262156,0.147262156,0.147262156,0.147262156,0.147262156,0.245436926,0.245436926,0.245436926,0.245436926,0.343611696,0.343611696,0.343611696,0.343611696,0.343611696,0.441786467
136.630151033,C01,AP01,client_to_ap,VHT,2,2,2,80,SU,1,4,122,6637c97e16e6ce8a,0.736310778,0.736310778,0.736310778,0.736310778,0.736310778,0.736310778,0.638136008,0.638136008,0.638136008,0.638136008,0.638136008,0.638136008,0.638136008,0.638136008,0.638136008,0.638136008,0.638136008,0.638136008,0.638136008,0.638136008,0.638136008,0.638136008,0.539961237,0.539961237,0.539961237,0.539961237,0.539961237,0.441786467,0.441786467,0.441786467,0.441786467,0.343611696,0.343611696,0.245436926,0.245436926,0.245436926,0.147262156,0.147262156,0.147262156,0.147262156,0.147262156,0.147262156,0.245436926,0.245436926,0.343611696,0.343611696,0.441786467,0.539961237,0.539961237,0.638136008,0.638136008,0.736310778,0.736310778,0.736310778,0.834485549,0.834485549,0.834485549,0.932660319,0.932660319,0.932660319,0.932660319,0.932660319,0.932660319,0.932660319,0.932660319,0.932660319,0.932660319,0.932660319,0.932660319,0.932660319,0.932660319,0.932660319,0.932660319,0.932660319,0.834485549,0.834485549,0.834485549,0.834485549,0.834485549,0.736310778,0.736310778,0.736310778,0.736310778,0.638136008,0.638136008,0.638136008,0.638136008,0.638136008,0.539961237,0.539961237,0.441786467,0.441786467,0.441786467,0.441786467,0.343611696,0.343611696,0.245436926,0.245436926,0.245436926,0.245436926,0.245436926,0.147262156,0.147262156,0.147262156,0.147262156,0.147262156,0.147262156,0.147262156,0.147262156,0.147262156,0.147262156,0.147262156,0.245436926,0.245436926,0.245436926,0.245436926,0.343611696,0.343611696,0.343611696,0.441786467,0.441786467,0.441786467
137.961183071,C01,AP01,client_to_ap,VHT,2,2,2,80,SU,1,4,122,6637c97e16e6ce8a,0.736310778,0.736310778,0.736310778,0.736310778,0.736310778,0.736310778,0.736310778,0.736310778,0.638136008,0.638136008,0.638136008,0.638136008,0.638136008,0.638136008,0.638136008,0.638136008,0.638136008,0.638136008,0.638136008,0.638136008,0.638136008,0.539961237,0.539961237,0.539961237,0.539961237,0.539961237,0.539961237,0.441786467,0.441786467,0.441786467,0.343611696,0.343611696,0.343611696,0.245436926,0.245436926,0.245436926,0.147262156,0.147262156,0.147262156,0.147262156,0.147262156,0.245436926,0.245436926,0.245436926,0.343611696,0.441786467,0.441786467,0.539961237,0.539961237,0.638136008,0.638136008,0.736310778,0.736310778,0.834485549,0.834485549,0.834485549,0.834485549,0.834485549,0.932660319,0.932660319,0.932660319,0.932660319,0.932660319,0.932660319,0.932660319,0.932660319,0.932660319,0.932660319,0.932660319,0.932660319,0.932660319,0.932660319,0.932660319,0.834485549,0.834485549,0.834485549,0.834485549,0.834485549,0.834485549,0.736310778,0.736310778,0.736310778,0.736310778,0.638136008,0.638136008,0.638136008,0.638136008,0.638136008,0.539961237,0.539961237,0.539961237,0.441786467,0.441786467,0.441786467,0.343611696,0.343611696,0.245436926,0.245436926,0.245436926,0.245436926,0.147262156,0.147262156,0.147262156,0.147262156,0.147262156,0.147262156,0.147262156,0.147262156,0.147262156,0.147262156,0.147262156,0.147262156,0.245436926,0.245436926,0.245436926,0.245436926,0.343611696,0.343611696,0.343611696,0.441786467,0.441786467,0.441786467
139.288779020,C01,AP01,client_to_ap,VHT,2,2,2,80,SU,1,4,122,6637c97e16e6ce8a,0.736310778,0.736310778,0.736310778,0.736310778,0.736310778,0.736310778,0.638136008,0.638136008,0.638136008,0.638136008,0.638136008,0.638136008,0.638136008,0.638136008,0.638136008,0.638136008,0.638136008,0.638136008,0.638136008,0.638136008,0.638136008,0.638136008,0.539961237,0.539961237,0.539961237,0.539961237,0.539961237,0.441786467,0.441786467,0.441786467,0.441786467,0.343611696,0.343611696,0.245436926,0.245436926,0.245436926,0.147262156,0.147262156,0.147262156,0.147262156,0.147262156,0.147262156,0.245436926,0.245436926,0.343611696,0.441786467,0.441786467,0.539961237,0.539961237,0.638136008,0.638136008,0.736310778,0.736310778,0.736310778,0.834485549,0.834485549,0.834485549,0.834485549,0.932660319,0.932660319,0.932660319,0.932660319,0.932660319,0.932660319,0.932660319,0.932660319,0.932660319,0.932660319,0.932660319,0.932660319,0.932660319,0.932660319,0.932660319,0.834485549,0.834485549,0.834485549,0.834485549,0.834485549,0.736310778,0.736310778,0.736310778,0.736310778,0.736310778,0.638136008,0.638136008,0.638136008,0.638136008,0.539961237,0.539961237,0.539961237,0.441786467,0.441786467,0.441786467,0.343611696,0.343611696,0.343611696,0.343611696,0.245436926,0.245436926,0.245436926,0.147262156,0.147262156,0.147262156,0.147262156,0.147262156,0.147262156,0.147262156,0.147262156,0.147262156,0.147262156,0.147262156,0.147262156,0.245436926,0.245436926,0.245436926,0.245436926,0.343611696,0.343611696,0.343611696,0.343611696,0.441786467,0.441786467
140.620422125,C01,AP01,client_to_ap,VHT,2,2,2,80,SU,1,4,122,6637c97e16e6ce8a,0.736310778,0.736310778,0.736310778,0.736310778,0.736310778,0.736310778,0.736310778,0.736310778,0.736310778,0.638136008,0.638136008,0.638136008,0.638136008,0.638136008,0.638136008,0.638136008,0.638136008,0.638136008,0.638136008,0.638136008,0.638136008,0.638136008,0.539961237,0.539961237,0.539961237,0.539961237,0.539961237,0.539961237,0.441786467,0.441786467,0.441786467,0.343611696,0.343611696,0.245436926,0.245436926,0.245436926,0.147262156,0.147262156,0.147262156,0.147262156,0.147262156,0.245436926,0.245436926,0.245436926,0.343611696,0.441786467,0.441786467,0.539961237,0.539961237,0.638136008,0.638136008,0.736310778,0.736310778,0.736310778,0.834485549,0.834485549,0.834485549,0.932660319,0.932660319,0.932660319,0.932660319,0.932660319,0.932660319,0.932660319,0.932660319,0.932660319,0.932660319,0.932660319,0.932660319,0.932660319,0.932660319,0.932660319,0.932660319,0.932660319,0.834485549,0.834485549,0.834485549,0.834485549,0.834485549,0.834485549,0.736310778,0.736310778,0.736310778,0.736310778,0.638136008,0.638136008,0.638136008,0.638136008,0.539961237,0.539961237,0.539961237,0.441786467,0.441786467,0.441786467,0.343611696,0.343611696,0.245436926,0.245436926,0.245436926,0.245436926,0.147262156,0.147262156,0.147262156,0.147262156,0.147262156,0.147262156,0.147262156,0.147262156,0.147262156,0.147262156,0.147262156,0.245436926,0.245436926,0.245436926,0.245436926,0.245436926,0.343611696,0.343611696,0.343611696,0.343611696,0.441786467,0.441786467
141.956510067,C01,AP01,client_to_ap,VHT,2,2,2,80,SU,1,4,122,6637c97e16e6ce8a,0.736310778,0.736310778,0.736310778,0.736310778,0.736310778,0.736310778,0.638136008,0.638136008,0.638136008,0.638136008,0.638136008,0.638136008,0.638136008,0.638136008,0.638136008,0.638136008,0.638136008,0.638136008,0.638136008,0.638136008,0.638136008,0.638136008,0.539961237,0.539961237,0.539961237,0.539961237,0.539961237,0.441786467,0.441786467,0.441786467,0.441786467,0.343611696,0.343611696,0.245436926,0.245436926,0.245436926,0.147262156,0.147262156,0.147262156,0.147262156,0.147262156,0.147262156,0.245436926,0.245436926,0.343611696,0.441786467,0.441786467,0.539961237,0.539961237,0.638136008,0.638136008,0.736310778,0.736310778,0.736310778,0.834485549,0.834485549,0.834485549,0.834485549,0.932660319,0.932660319,0.932660319,0.932660319,0.932660319,0.932660319,0.932660319,0.932660319,0.932660319,0.932660319,0.932660319,0.932660319,0.932660319,0.932660319,0.932660319,0.932660319,0.834485549,0.834485549,0.834485549,0.834485549,0.834485549,0.736310778,0.736310778,0.736310778,0.736310778,0.638136008,0.638136008,0.638136008,0.638136008,0.539961237,0.539961237,0.539961237,0.441786467,0.441786467,0.441786467,0.441786467,0.343611696,0.343611696,0.245436926,0.245436926,0.245436926,0.147262156,0.147262156,0.147262156,0.147262156,0.147262156,0.147262156,0.147262156,0.147262156,0.147262156,0.147262156,0.147262156,0.245436926,0.245436926,0.245436926,0.245436926,0.245436926,0.245436926,0.343611696,0.343611696,0.343611696,0.441786467,0.441786467,0.441786467
143.288356066,C01,AP01,client_to_ap,VHT,2,2,2,80,SU,1,4,122,6637c97e16e6ce8a,0.736310778,0.736310778,0.736310778,0.736310778,0.736310778,0.736310778,0.736310778,0.638136008,0.638136008,0.638136008,0.638136008,0.638136008,0.638136008,0.638136008,0.638136008,0.638136008,0.638136008,0.638136008,0.638136008,0.638136008,0.638136008,0.539961237,0.539961237,0.539961237,0.539961237,0.539961237,0.539961237,0.441786467,0.441786467,0.441786467,0.343611696,0.343611696,0.343611696,0.245436926,0.245436926,0.245436926,0.147262156,0.147262156,0.147262156,0.147262156,0.147262156,0.245436926,0.245436926,0.245436926,0.343611696,0.441786467,0.441786467,0.539961237,0.539961237,0.638136008,0.638136008,0.736310778,0.736310778,0.736310778,0.834485549,0.834485549,0.834485549,0.834485549,0.932660319,0.932660319,0.932660319,0.932660319,0.932660319,0.932660319,0.932660319,0.932660319,0.932660319,0.932660319,0.932660319,0.932660319,0.932660319,0.932660319,0.834485549,0.834485549,0.834485549,0.834485549,0.834485549,0.834485549,0.834485549,0.736310778,0.736310778,0.736310778,0.736310778,0.638136008,0.638136008,0.638136008,0.638136008,0.539961237,0.539961237,0.539961237,0.539961237,0.441786467,0.441786467,0.441786467,0.343611696,0.343611696,0.245436926,0.245436926,0.245436926,0.245436926,0.147262156,0.147262156,0.147262156,0.147262156,0.147262156,0.147262156,0.147262156,0.147262156,0.147262156,0.147262156,0.147262156,0.147262156,0.245436926,0.245436926,0.245436926,0.245436926,0.343611696,0.343611696,0.343611696,0.441786467,0.343611696,0.441786467
144.615043163,C01,AP01,client_to_ap,VHT,2,2,2,80,SU,1,4,122,6637c97e16e6ce8a,0.736310778,0.736310778,0.736310778,0.736310778,0.736310778,0.638136008,0.638136008,0.638136008,0.638136008,0.638136008,0.638136008,0.638136008,0.638136008,0.638136008,0.638136008,0.638136008,0.638136008,0.638136008,0.638136008,0.638136008,0.638136008,0.539961237,0.539961237,0.539961237,0.539961237,0.539961237,0.539961237,0.441786467,0.441786467,0.441786467,0.441786467,0.343611696,0.343611696,0.245436926,0.245436926,0.245436926,0.147262156,0.147262156,0.147262156,0.147262156,0.147262156,0.147262156,0.245436926,0.245436926,0.343611696,0.441786467,0.441786467,0.441786467,0.539961237,0.638136008,0.638136008,0.638136008,0.736310778,0.736310778,0.834485549,0.834485549,0.834485549,0.834485549,0.932660319,0.932660319,0.932660319,0.932660319,0.932660319,0.932660319,0.932660319,0.932660319,0.932660319,0.932660319,0.932660319,0.932660319,0.932660319,0.932660319,0.834485549,0.834485549,0.834485549,0.834485549,0.834485549,0.834485549,0.834485549,0.736310778,0.736310778,0.736310778,0.736310778,0.638136008,0.638136008,0.638136008,0.638136008,0.539961237,0.539961237,0.539961237,0.441786467,0.441786467,0.441786467,0.441786467,0.343611696,0.343611696,0.245436926,0.245436926,0.245436926,0.245436926,0.147262156,0.147262156,0.147262156,0.147262156,0.147262156,0.147262156,0.147262156,0.147262156,0.147262156,0.147262156,0.147262156,0.147262156,0.245436926,0.245436926,0.245436926,0.245436926,0.343611696,0.343611696,0.343611696,0.441786467,0.441786467,0.441786467
145.946157217,C01,AP01,client_to_ap,VHT,2,2,2,80,SU,1,4,122,6637c97e16e6ce8a,0.736310778,0.736310778,0.736310778,0.736310778,0.736310778,0.736310778,0.736310778,0.638136008,0.638136008,0.638136008,0.638136008,0.638136008,0.638136008,0.638136008,0.638136008,0.638136008,0.638136008,0.638136008,0.638136008,0.638136008,0.638136008,0.638136008,0.539961237,0.539961237,0.539961237,0.539961237,0.539961237,0.441786467,0.441786467,0.441786467,0.441786467,0.343611696,0.343611696,0.245436926,0.245436926,0.245436926,0.147262156,0.147262156,0.147262156,0.147262156,0.147262156,0.245436926,0.245436926,0.245436926,0.343611696,0.441786467,0.441786467,0.539961237,0.539961237,0.638136008,0.638136008,0.736310778,0.736310778,0.736310778,0.834485549,0.834485549,0.834485549,0.834485549,0.932660319,0.932660319,0.932660319,0.932660319,0.932660319,0.932660319,0.932660319,0.932660319,0.932660319,0.932660319,0.932660319,0.932660319,0.932660319,0.932660319,0.932660319,0.834485549,0.834485549,0.834485549,0.834485549,0.834485549,0.736310778,0.736310778,0.736310778,0.736310778,0.736310778,0.638136008,0.638136008,0.638136008,0.638136008,0.539961237,0.539961237,0.539961237,0.441786467,0.441786467,0.441786467,0.441786467,0.343611696,0.343611696,0.245436926,0.245436926,0.245436926,0.245436926,0.147262156,0.147262156,0.147262156,0.147262156,0.147262156,0.147262156,0.147262156,0.147262156,0.147262156,0.147262156,0.147262156,0.245436926,0.245436926,0.245436926,0.245436926,0.245436926,0.343611696,0.343611696,0.343611696,0.343611696,0.441786467,0.441786467
147.272650003,C01,AP01,client_to_ap,VHT,2,2,2,80,SU,1,4,122,6637c97e16e6ce8a,0.736310778,0.736310778,0.736310778,0.736310778,0.736310778,0.638136008,0.736310778,0.736310778,0.638136008,0.638136008,0.638136008,0.638136008,0.638136008,0.638136008,0.638136008,0.638136008,0.638136008,0.638136008,0.638136008,0.638136008,0.638136008,0.638136008,0.539961237,0.539961237,0.539961237,0.539961237,0.539961237,0.441786467,0.441786467,0.441786467,0.343611696,0.343611696,0.343611696,0.245436926,0.245436926,0.245436926,0.147262156,0.147262156,0.147262156,0.147262156,0.147262156,0.147262156,0.245436926,0.245436926,0.343611696,0.441786467,0.441786467,0.539961237,0.539961237,0.638136008,0.638136008,0.638136008,0.736310778,0.736310778,0.834485549,0.834485549,0.834485549,0.834485549,0.932660319,0.932660319,0.932660319,0.932660319,0.932660319,0.932660319,0.932660319,0.932660319,0.932660319,0.932660319,0.932660319,0.932660319,0.932660319,0.932660319,0.932660319,0.932660319,0.834485549,0.834485549,0.834485549,0.834485549,0.834485549,0.736310778,0.736310778,0.736310778,0.736310778,0.638136008,0.638136008,0.638136008,0.638136008,0.539961237,0.539961237,0.539961237,0.539961237,0.441786467,0.441786467,0.441786467,0.343611696,0.343611696,0.245436926,0.245436926,0.245436926,0.147262156,0.147262156,0.147262156,0.147262156,0.147262156,0.147262156,0.147262156,0.147262156,0.147262156,0.147262156,0.147262156,0.147262156,0.147262156,0.245436926,0.245436926,0.245436926,0.245436926,0.343611696,0.343611696,0.343611696,0.343611696,0.441786467,0.441786467
148.599330187,C01,AP01,client_to_ap,VHT,2,2,2,80,SU,1,4,122,6637c97e16e6ce8a,0.736310778,0.736310778,0.736310778,0.736310778,0.736310778,0.736310778,0.638136008,0.736310778,0.638136008,0.638136008,0.638136008,0.638136008,0.638136008,0.638136008,0.638136008,0.638136008,0.638136008,0.638136008,0.638136008,0.638136008,0.638136008,0.638136008,0.539961237,0.539961237,0.539961237,0.539961237,0.539961237,0.441786467,0.441786467,0.441786467,0.343611696,0.343611696,0.343611696,0.343611696,0.245436926,0.245436926,0.147262156,0.147262156,0.147262156,0.147262156,0.147262156,0.245436926,0.245436926,0.245436926,0.343611696,0.343611696,0.441786467,0.539961237,0.539961237,0.638136008,0.638136008,0.736310778,0.736310778,0.736310778,0.834485549,0.834485549,0.834485549,0.834485549,0.932660319,0.932660319,0.932660319,0.932660319,0.932660319,0.932660319,0.932660319,0.932660319,0.932660319,0.932660319,0.932660319,0.932660319,0.932660319,0.932660319,0.932660319,0.932660319,0.834485549,0.834485549,0.834485549,0.834485549,0.834485549,0.736310778,0.736310778,0.736310778,0.736310778,0.638136008,0.638136008,0.638136008,0.638136008,0.539961237,0.539961237,0.539961237,0.539961237,0.441786467,0.441786467,0.441786467,0.343611696,0.343611696,0.245436926,0.245436926,0.245436926,0.147262156,0.147262156,0.147262156,0.147262156,0.147262156,0.147262156,0.147262156,0.147262156,0.147262156,0.147262156,0.147262156,0.147262156,0.147262156,0.245436926,0.245436926,0.245436926,0.245436926,0.343611696,0.343611696,0.343611696,0.343611696,0.441786467,0.441786467
149.936326981,C01,AP01,client_to_ap,VHT,2,2,2,80,SU,1,4,122,6637c97e16e6ce8a,0.736310778,0.736310778,0.736310778,0.736310778,0.736310778,0.736310778,0.638136008,0.638136008,0.638136008,0.638136008,0.638136008,0.638136008,0.638136008,0.638136008,0.638136008,0.638136008,0.638136008,0.638136008,0.638136008,0.638136008,0.638136008,0.539961237,0.539961237,0.539961237,0.539961237,0.539961237,0.539961237,0.441786467,0.441786467,0.441786467,0.441786467,0.343611696,0.343611696,0.245436926,0.245436926,0.245436926,0.147262156,0.147262156,0.147262156,0.147262156,0.147262156,0.245436926,0.245436926,0.245436926,0.343611696,0.441786467,0.441786467,0.539961237,0.539961237,0.638136008,0.638136008,0.736310778,0.736310778,0.736310778,0.834485549,0.834485549,0.834485549,0.834485549,0.932660319,0.932660319,0.932660319,0.932660319,0.932660319,0.932660319,0.932660319,0.932660319,0.932660319,0.932660319,0.932660319,0.932660319,0.932660319,0.932660319,0.932660319,0.932660319,0.834485549,0.834485549,0.834485549,0.834485549,0.834485549,0.736310778,0.736310778,0.736310778,0.736310778,0.638136008,0.638136008,0.638136008,0.638136008,0.638136008,0.539961237,0.539961237,0.539961237,0.441786467,0.441786467,0.441786467,0.343611696,0.343611696,0.245436926,0.245436926,0.245436926,0.245436926,0.147262156,0.147262156,0.147262156,0.147262156,0.147262156,0.147262156,0.147262156,0.147262156,0.147262156,0.147262156,0.147262156,0.147262156,0.245436926,0.245436926,0.245436926,0.245436926,0.245436926,0.343611696,0.343611696,0.343611696,0.441786467,0.441786467
151.262355089,C01,AP01,client_to_ap,VHT,2,2,2,80,SU,1,4,122,6637c97e16e6ce8a,0.736310778,0.736310778,0.736310778,0.736310778,0.736310778,0.736310778,0.638136008,0.638136008,0.638136008,0.638136008,0.638136008,0.638136008,0.638136008,0.638136008,0.638136008,0.638136008,0.638136008,0.638136008,0.638136008,0.638136008,0.638136008,0.638136008,0.539961237,0.539961237,0.539961237,0.539961237,0.539961237,0.441786467,0.441786467,0.441786467,0.441786467,0.343611696,0.343611696,0.245436926,0.245436926,0.245436926,0.147262156,0.147262156,0.147262156,0.147262156,0.147262156,0.245436926,0.245436926,0.245436926,0.343611696,0.441786467,0.441786467,0.539961237,0.539961237,0.638136008,0.638136008,0.736310778,0.736310778,0.736310778,0.834485549,0.834485549,0.834485549,0.834485549,0.932660319,0.932660319,0.932660319,0.932660319,0.932660319,0.932660319,0.932660319,0.932660319,0.932660319,0.932660319,0.932660319,0.932660319,0.932660319,0.932660319,0.932660319,0.834485549,0.834485549,0.834485549,0.834485549,0.834485549,0.834485549,0.736310778,0.736310778,0.736310778,0.736310778,0.638136008,0.638136008,0.638136008,0.638136008,0.539961237,0.539961237,0.539961237,0.539961237,0.441786467,0.441786467,0.441786467,0.343611696,0.343611696,0.245436926,0.245436926,0.245436926,0.245436926,0.147262156,0.147262156,0.147262156,0.147262156,0.147262156,0.147262156,0.147262156,0.147262156,0.147262156,0.147262156,0.147262156,0.147262156,0.245436926,0.245436926,0.245436926,0.245436926,0.343611696,0.343611696,0.343611696,0.441786467,0.441786467,0.441786467
152.589143038,C01,AP01,client_to_ap,VHT,2,2,2,80,SU,1,4,122,6637c97e16e6ce8a,0.736310778,0.736310778,0.736310778,0.736310778,0.736310778,0.736310778,0.638136008,0.638136008,0.638136008,0.638136008,0.638136008,0.638136008,0.638136008,0.638136008,0.638136008,0.638136008,0.638136008,0.638136008,0.638136008,0.638136008,0.638136008,0.539961237,0.539961237,0.539961237,0.539961237,0.539961237,0.539961237,0.441786467,0.441786467,0.441786467,0.343611696,0.343611696,0.343611696,0.245436926,0.245436926,0.245436926,0.147262156,0.147262156,0.147262156,0.147262156,0.147262156,0.147262156,0.245436926,0.245436926,0.343611696,0.343611696,0.441786467,0.441786467,0.539961237,0.638136008,0.638136008,0.736310778,0.736310778,0.736310778,0.834485549,0.834485549,0.834485549,0.834485549,0.932660319,0.932660319,0.932660319,0.932660319,0.932660319,0.932660319,0.932660319,0.932660319,0.932660319,0.932660319,0.932660319,0.932660319,0.932660319,0.932660319,0.932660319,0.834485549,0.834485549,0.834485549,0.834485549,0.834485549,0.834485549,0.736310778,0.736310778,0.736310778,0.736310778,0.638136008,0.638136008,0.638136008,0.638136008,0.539961237,0.539961237,0.539961237,0.441786467,0.441786467,0.441786467,0.441786467,0.343611696,0.343611696,0.245436926,0.245436926,0.245436926,0.245436926,0.147262156,0.147262156,0.147262156,0.147262156,0.147262156,0.147262156,0.147262156,0.147262156,0.147262156,0.147262156,0.147262156,0.147262156,0.245436926,0.245436926,0.245436926,0.245436926,0.343611696,0.343611696,0.343611696,0.441786467,0.441786467,0.441786467
153.925710201,C01,AP01,client_to_ap,VHT,2,2,2,80,SU,1,4,122,6637c97e16e6ce8a,0.736310778,0.736310778,0.736310778,0.736310778,0.736310778,0.736310778,0.638136008,0.638136008,0.638136008,0.638136008,0.638136008,0.638136008,0.638136008,0.638136008,0.638136008,0.638136008,0.638136008,0.638136008,0.638136008,0.638136008,0.638136008,0.638136008,0.539961237,0.539961237,0.539961237,0.539961237,0.539961237,0.441786467,0.441786467,0.441786467,0.343611696,0.343611696,0.343611696,0.245436926,0.245436926,0.245436926,0.147262156,0.147262156,0.147262156,0.147262156,0.147262156,0.147262156,0.245436926,0.245436926,0.343611696,0.441786467,0.441786467,0.441786467,0.539961237,0.638136008,0.638136008,0.638136008,0.736310778,0.736310778,0.834485549,0.834485549,0.834485549,0.834485549,0.932660319,0.932660319,0.932660319,0.932660319,0.932660319,0.932660319,0.932660319,0.932660319,0.932660319,0.932660319,0.932660319,0.932660319,0.932660319,0.932660319,0.932660319,0.834485549,0.834485549,0.834485549,0.834485549,0.834485549,0.736310778,0.736310778,0.736310778,0.736310778,0.736310778,0.638136008,0.638136008,0.638136008,0.638136008,0.539961237,0.539961237,0.539961237,0.441786467,0.441786467,0.441786467,0.343611696,0.343611696,0.343611696,0.245436926,0.245436926,0.245436926,0.245436926,0.147262156,0.147262156,0.147262156,0.147262156,0.147262156,0.147262156,0.147262156,0.147262156,0.147262156,0.147262156,0.147262156,0.245436926,0.245436926,0.245436926,0.245436926,0.245436926,0.343611696,0.343611696,0.343611696,0.441786467,0.441786467,0.441786467
155.257701159,C01,AP01,client_to_ap,VHT,2,2,2,80,SU,1,4,122,6637c97e16e6ce8a,0.736310778,0.736310778,0.736310778,0.736310778,0.736310778,0.736310778,0.638136008,0.638136008,0.638136008,0.638136008,0.638136008,0.638136008,0.638136008,0.638136008,0.638136008,0.638136008,0.638136008,0.638136008,0.638136008,0.638136008,0.638136008,0.638136008,0.539961237,0.539961237,0.539961237,0.539961237,0.539961237,0.441786467,0.441786467,0.441786467,0.441786467,0.343611696,0.343611696,0.343611696,0.245436926,0.245436926,0.147262156,0.147262156,0.147262156,0.147262156,0.147262156,0.147262156,0.245436926,0.245436926,0.343611696,0.343611696,0.441786467,0.539961237,0.539961237,0.638136008,0.638136008,0.736310778,0.736310778,0.736310778,0.736310778,0.834485549,0.834485549,0.834485549,0.834485549,0.932660319,0.932660319,0.932660319,0.932660319,0.932660319,0.932660319,0.932660319,0.932660319,0.932660319,0.932660319,0.932660319,0.932660319,0.932660319,0.834485549,0.834485549,0.834485549,0.834485549,0.834485549,0.834485549,0.834485549,0.736310778,0.736310778,0.736310778,0.736310778,0.638136008,0.638136008,0.638136008,0.638136008,0.638136008,0.539961237,0.539961237,0.441786467,0.441786467,0.441786467,0.441786467,0.343611696,0.343611696,0.245436926,0.245436926,0.245436926,0.245436926,0.147262156,0.147262156,0.147262156,0.147262156,0.147262156,0.147262156,0.147262156,0.147262156,0.147262156,0.147262156,0.147262156,0.245436926,0.245436926,0.245436926,0.245436926,0.245436926,0.343611696,0.343611696,0.343611696,0.343611696,0.441786467,0.441786467
156.589287043,C01,AP01,client_to_ap,VHT,2,2,2,80,SU,1,4,122,6637c97e16e6ce8a,0.736310778,0.736310778,0.736310778,0.736310778,0.736310778,0.736310778,0.638136008,0.638136008,0.638136008,0.638136008,0.638136008,0.638136008,0.638136008,0.638136008,0.638136008,0.638136008,0.638136008,0.638136008,0.638136008,0.638136008,0.638136008,0.539961237,0.539961237,0.539961237,0.539961237,0.539961237,0.539961237,0.539961237,0.441786467,0.441786467,0.441786467,0.343611696,0.343611696,0.343611696,0.245436926,0.245436926,0.147262156,0.147262156,0.147262156,0.147262156,0.147262156,0.147262156,0.245436926,0.245436926,0.343611696,0.343611696,0.441786467,0.441786467,0.539961237,0.638136008,0.638136008,0.736310778,0.736310778,0.736310778,0.834485549,0.834485549,0.834485549,0.834485549,0.834485549,0.932660319,0.932660319,0.932660319,0.932660319,0.932660319,0.932660319,0.932660319,0.932660319,0.932660319,0.932660319,0.932660319,0.932660319,0.932660319,0.834485549,0.834485549,0.834485549,0.834485549,0.834485549,0.834485549,0.736310778,0.736310778,0.736310778,0.736310778,0.736310778,0.638136008,0.638136008,0.638136008,0.638136008,0.539961237,0.539961237,0.539961237,0.441786467,0.441786467,0.441786467,0.343611696,0.343611696,0.343611696,0.245436926,0.245436926,0.245436926,0.245436926,0.147262156,0.147262156,0.147262156,0.147262156,0.147262156,0.147262156,0.147262156,0.147262156,0.147262156,0.147262156,0.147262156,0.245436926,0.245436926,0.245436926,0.245436926,0.245436926,0.343611696,0.343611696,0.343611696,0.343611696,0.441786467,0.441786467
157.925693035,C01,AP01,client_to_ap,VHT,2,2,2,80,SU,1,4,122,6637c97e16e6ce8a,0.834485549,0.834485549,0.834485549,0.834485549,0.834485549,0.736310778,0.736310778,0.736310778,0.736310778,0.736310778,0.736310778,0.736310778,0.736310778,0.736310778,0.736310778,0.736310778,0.736310778,0.736310778,0.638136008,0.638136008,0.638136008,0.638136008,0.638136008,0.638136008,0.638136008,0.638136008,0.539961237,0.539961237,0.539961237,0.539961237,0.441786467,0.441786467,0.441786467,0.441786467,0.343611696,0.343611696,0.343611696,0.343611696,0.245436926,0.245436926,0.245436926,0.245436926,0.245436926,0.245436926,0.343611696,0.343611696,0.441786467,0.441786467,0.539961237,0.539961237,0.539961237,0.638136008,0.638136008,0.736310778,0.736310778,0.736310778,0.834485549,0.834485549,0.834485549,0.834485549,0.834485549,0.834485549,0.834485549,0.834485549,0.834485549,0.834485549,0.834485549,0.834485549,0.834485549,0.834485549,0.834485549,0.834485549,0.736310778,0.736310778,0.736310778,0.736310778,0.736310778,0.638136008,0.638136008,0.638136008,0.638136008,0.539961237,0.539961237,0.539961237,0.539961237,0.539961237,0.441786467,0.441786467,0.441786467,0.441786467,0.343611696,0.343611696,0.343611696,0.245436926,0.245436926,0.245436926,0.147262156,0.147262156,0.147262156,0.147262156,0.147262156,0.147262156,0.0490873852,0.0490873852,0.0490873852,0.147262156,0.147262156,0.147262156,0.147262156,0.245436926,0.245436926,0.245436926,0.245436926,0.245436926,0.343611696,0.343611696,0.441786467,0.441786467,0.441786467,0.539961237,0.539961237,0.539961237
159.257637024,C01,AP01,client_to_ap,VHT,2,2,2,80,SU,1,4,122,6637c97e16e6ce8a,0.245436926,0.245436926,0.245436926,0.245436926,0.245436926,0.245436926,0.245436926,0.245436926,0.245436926,0.245436926,0.245436926,0.245436926,0.245436926,0.245436926,0.343611696,0.343611696,0.343611696,0.343611696,0.343611696,0.343611696,0.343611696,0.343611696,0.343611696,0.343611696,0.343611696,0.343611696,0.343611696,0.245436926,0.245436926,0.245436926,0.245436926,0.245436926,0.245436926,0.245436926,0.245436926,0.147262156,0.147262156,0.147262156,0.147262156,0.147262156,0.147262156,0.147262156,0.147262156,0.147262156,0.245436926,0.245436926,0.245436926,0.245436926,0.245436926,0.343611696,0.343611696,0.343611696,0.441786467,0.441786467,0.441786467,0.539961237,0.539961237,0.539961237,0.638136008,0.638136008,0.638136008,0.736310778,0.736310778,0.736310778,0.736310778,0.736310778,0.736310778,0.736310778,0.736310778,0.736310778,0.736310778,0.736310778,0.736310778,0.736310778,0.736310778,0.638136008,0.638136008,0.638136008,0.638136008,0.638136008,0.638136008,0.638136008,0.638136008,0.539961237,0.539961237,0.539961237,0.539961237,0.539961237,0.539961237,0.441786467,0.441786467,0.441786467,0.441786467,0.441786467,0.343611696,0.343611696,0.343611696,0.245436926,0.245436926,0.245436926,0.245436926,0.245436926,0.245436926,0.147262156,0.147262156,0.147262156,0.147262156,0.147262156,0.147262156,0.147262156,0.0490873852,0.0490873852,0.0490873852,0.0490873852,0.0490873852,0.0490873852,0.0490873852,0.0490873852,0.0490873852,0.0490873852,0.0490873852,0.147262156
160.589690208,C01,AP01,client_to_ap,VHT,2,2,2,80,SU,1,4,122,6637c97e16e6ce8a,0.638136008,0.638136008,0.638136008,0.638136008,0.638136008,0.638136008,0.638136008,0.638136008,0.638136008,0.638136008,0.638136008,0.638136008,0.638136008,0.638136008,0.638136008,0.638136008,0.638136008,0.638136008,0.638136008,0.638136008,0.638136008,0.638136008,0.539961237,0.539961237,0.539961237,0.539961237,0.539961237,0.539961237,0.441786467,0.441786467,0.441786467,0.441786467,0.441786467,0.343611696,0.343611696,0.343611696,0.343611696,0.245436926,0.245436926,0.245436926,0.245436926,0.245436926,0.245436926,0.245436926,0.245436926,0.245436926,0.245436926,0.245436926,0.343611696,0.343611696,0.343611696,0.441786467,0.441786467,0.441786467,0.441786467,0.441786467,0.539961237,0.539961237,0.539961237,0.539961237,0.539961237,0.638136008,0.638136008,0.638136008,0.638136008,0.638136008,0.638136008,0.638136008,0.638136008,0.638136008,0.638136008,0.539961237,0.539961237,0.539961237,0.539961237,0.539961237,0.539961237,0.441786467,0.441786467,0.441786467,0.441786467,0.441786467,0.441786467,0.343611696,0.343611696,0.343611696,0.343611696,0.343611696,0.245436926,0.245436926,0.245436926,0.245436926,0.245436926,0.245436926,0.245436926,0.147262156,0.147262156,0.147262156,0.147262156,0.147262156,0.147262156,0.147262156,0.147262156,0.147262156,0.147262156,0.147262156,0.147262156,0.147262156,0.147262156,0.147262156,0.147262156,0.147262156,0.245436926,0.245436926,0.245436926,0.245436926,0.245436926,0.245436926,0.343611696,0.343611696,0.343611696,0.343611696
161.920498133,C01,AP01,client_to_ap,VHT,2,2,2,80,SU,1,4,122,6637c97e16e6ce8a,0.736310778,0.736310778,0.638136008,0.638136008,0.638136008,0.638136008,0.638136008,0.638136008,0.638136008,0.638136008,0.638136008,0.638136008,0.638136008,0.638136008,0.638136008,0.638136008,0.638136008,0.638136008,0.539961237,0.539961237,0.539961237,0.539961237,0.539961237,0.539961237,0.539961237,0.539961237,0.441786467,0.441786467,0.441786467,0.343611696,0.343611696,0.343611696,0.245436926,0.245436926,0.245436926,0.147262156,0.147262156,0.147262156,0.0490873852,0.0490873852,0.0490873852,0.0490873852,0.147262156,0.147262156,0.245436926,0.245436926,0.343611696,0.343611696,0.441786467,0.441786467,0.539961237,0.539961237,0.638136008,0.638136008,0.638136008,0.736310778,0.736310778,0.736310778,0.834485549,0.834485549,0.834485549,0.834485549,0.932660319,0.932660319,0.932660319,0.932660319,0.932660319,0.932660319,0.932660319,0.932660319,0.932660319,0.932660319,0.932660319,0.932660319,0.834485549,0.834485549,0.834485549,0.834485549,0.834485549,0.834485549,0.736310778,0.736310778,0.736310778,0.736310778,0.736310778,0.638136008,0.638136008,0.638136008,0.638136008,0.539961237,0.539961237,0.539961237,0.539961237,0.441786467,0.441786467,0.441786467,0.343611696,0.343611696,0.343611696,0.343611696,0.343611696,0.343611696,0.245436926,0.245436926,0.245436926,0.245436926,0.245436926,0.147262156,0.147262156,0.147262156,0.147262156,0.147262156,0.147262156,0.147262156,0.147262156,0.147262156,0.147262156,0.147262156,0.147262156,0.245436926,0.245436926,0.245436926
163.249774218,C01,AP01,client_to_ap,VHT,2,2,2,80,SU,1,4,122,6637c97e16e6ce8a,0.736310778,0.736310778,0.736310778,0.638136008,0.638136008,0.638136008,0.638136008,0.638136008,0.638136008,0.638136008,0.638136008,0.638136008,0.638136008,0.638136008,0.638136008,0.638136008,0.638136008,0.638136008,0.638136008,0.638136008,0.638136008,0.638136008,0.539961237,0.539961237,0.539961237,0.539961237,0.539961237,0.539961237,0.441786467,0.441786467,0.441786467,0.441786467,0.343611696,0.343611696,0.245436926,0.245436926,0.147262156,0.147262156,0.0490873852,0.0490873852,0.147262156,0.147262156,0.245436926,0.343611696,0.343611696,0.441786467,0.441786467,0.539961237,0.539961237,0.638136008,0.638136008,0.638136008,0.736310778,0.736310778,0.834485549,0.834485549,0.834485549,0.834485549,0.932660319,0.932660319,0.932660319,0.932660319,0.932660319,0.932660319,0.932660319,0.932660319,0.932660319,0.932660319,0.932660319,0.932660319,0.932660319,0.834485549,0.834485549,0.834485549,0.834485549,0.834485549,0.834485549,0.834485549,0.736310778,0.736310778,0.736310778,0.736310778,0.736310778,0.736310778,0.638136008,0.638136008,0.638136008,0.638136008,0.539961237,0.539961237,0.539961237,0.539961237,0.441786467,0.441786467,0.441786467,0.343611696,0.343611696,0.245436926,0.245436926,0.245436926,0.245436926,0.147262156,0.147262156,0.147262156,0.147262156,0.147262156,0.147262156,0.147262156,0.147262156,0.147262156,0.147262156,0.245436926,0.245436926,0.245436926,0.245436926,0.343611696,0.343611696,0.343611696,0.343611696,0.441786467,0.441786467,0.441786467
164.579989195,C01,AP01,client_to_ap,VHT,2,2,2,80,SU,1,4,122,6637c97e16e6ce8a,0.736310778,0.736310778,0.736310778,0.736310778,0.736310778,0.736310778,0.736310778,0.736310778,0.736310778,0.638136008,0.638136008,0.638136008,0.638136008,0.638136008,0.638136008,0.638136008,0.638136008,0.638136008,0.638136008,0.638136008,0.638136008,0.539961237,0.539961237,0.539961237,0.539961237,0.539961237,0.441786467,0.441786467,0.441786467,0.343611696,0.343611696,0.343611696,0.245436926,0.245436926,0.147262156,0.147262156,0.147262156,0.0490873852,0.0490873852,0.0490873852,0.147262156,0.147262156,0.147262156,0.245436926,0.245436926,0.343611696,0.441786467,0.441786467,0.441786467,0.539961237,0.539961237,0.638136008,0.638136008,0.736310778,0.736310778,0.834485549,0.834485549,0.834485549,0.834485549,0.932660319,0.932660319,0.932660319,0.932660319,0.932660319,0.932660319,0.932660319,0.932660319,0.932660319,0.932660319,0.932660319,0.932660319,0.932660319,0.932660319,0.834485549,0.834485549,0.834485549,0.834485549,0.834485549,0.736310778,0.736310778,0.736310778,0.736310778,0.638136008,0.638136008,0.638136008,0.638136008,0.638136008,0.539961237,0.539961237,0.539961237,0.441786467,0.441786467,0.441786467,0.343611696,0.343611696,0.343611696,0.245436926,0.245436926,0.245436926,0.245436926,0.245436926,0.245436926,0.147262156,0.147262156,0.147262156,0.147262156,0.147262156,0.147262156,0.147262156,0.147262156,0.147262156,0.147262156,0.147262156,0.245436926,0.245436926,0.245436926,0.245436926,0.245436926,0.343611696,0.343611696,0.343611696,0.441786467
165.915292025,C01,AP01,client_to_ap,VHT,2,2,2,80,SU,1,4,122,6637c97e16e6ce8a,0.736310778,0.736310778,0.736310778,0.736310778,0.736310778,0.736310778,0.638136008,0.638136008,0.638136008,0.638136008,0.638136008,0.638136008,0.638136008,0.638136008,0.638136008,0.638136008,0.638136008,0.638136008,0.638136008,0.638136008,0.539961237,0.539961237,0.539961237,0.539961237,0.539961237,0.539961237,0.441786467,0.441786467,0.441786467,0.441786467,0.343611696,0.343611696,0.343611696,0.245436926,0.245436926,0.147262156,0.147262156,0.0490873852,0.0490873852,0.0490873852,0.147262156,0.147262156,0.245436926,0.245436926,0.343611696,0.343611696,0.441786467,0.441786467,0.539961237,0.539961237,0.638136008,0.638136008,0.638136008,0.736310778,0.736310778,0.736310778,0.834485549,0.834485549,0.834485549,0.834485549,0.834485549,0.932660319,0.932660319,0.932660319,0.932660319,0.932660319,0.932660319,0.932660319,0.834485549,0.932660319,0.834485549,0.834485549,0.834485549,0.834485549,0.834485549,0.834485549,0.834485549,0.736310778,0.736310778,0.736310778,0.736310778,0.638136008,0.638136008,0.638136008,0.638136008,0.638136008,0.539961237,0.539961237,0.539961237,0.539961237,0.441786467,0.441786467,0.441786467,0.441786467,0.343611696,0.343611696,0.343611696,0.245436926,0.245436926,0.245436926,0.245436926,0.147262156,0.147262156,0.147262156,0.147262156,0.147262156,0.147262156,0.147262156,0.147262156,0.147262156,0.245436926,0.245436926,0.245436926,0.245436926,0.245436926,0.343611696,0.343611696,0.343611696,0.441786467,0.441786467,0.441786467,0.441786467
167.242257118,C01,AP01,client_to_ap,VHT,2,2,2,80,SU,1,4,122,6637c97e16e6ce8a,0.736310778,0.736310778,0.638136008,0.638136008,0.638136008,0.638136008,0.638136008,0.638136008,0.638136008,0.638136008,0.638136008,0.638136008,0.638136008,0.638136008,0.638136008,0.638136008,0.638136008,0.638136008,0.638136008,0.638136008,0.638136008,0.638136008,0.539961237,0.539961237,0.539961237,0.539961237,0.539961237,0.441786467,0.441786467,0.441786467,0.441786467,0.343611696,0.343611696,0.245436926,0.245436926,0.245436926,0.245436926,0.147262156,0.147262156,0.245436926,0.245436926,0.245436926,0.343611696,0.343611696,0.441786467,0.441786467,0.539961237,0.539961237,0.638136008,0.638136008,0.638136008,0.736310778,0.736310778,0.834485549,0.834485549,0.834485549,0.834485549,0.834485549,0.932660319,0.932660319,0.932660319,0.932660319,0.932660319,0.932660319,0.932660319,0.932660319,0.932660319,0.932660319,0.834485549,0.834485549,0.834485549,0.834485549,0.834485549,0.834485549,0.834485549,0.736310778,0.736310778,0.736310778,0.736310778,0.736310778,0.736310778,0.638136008,0.638136008,0.638136008,0.638136008,0.638136008,0.638136008,0.539961237,0.539961237,0.539961237,0.539961237,0.539961237,0.441786467,0.441786467,0.441786467,0.441786467,0.441786467,0.343611696,0.343611696,0.343611696,0.343611696,0.343611696,0.343611696,0.343611696,0.343611696,0.343611696,0.343611696,0.343611696,0.343611696,0.343611696,0.343611696,0.343611696,0.343611696,0.343611696,0.343611696,0.343611696,0.343611696,0.343611696,0.441786467,0.441786467,0.441786467,0.441786467
168.570721149,C01,AP01,client_to_ap,VHT,2,2,2,80,SU,1,4,122,6637c97e16e6ce8a,0.638136008,0.638136008,0.638136008,0.638136008,0.638136008,0.638136008,0.638136008,0.638136008,0.638136008,0.539961237,0.539961237,0.539961237,0.539961237,0.539961237,0.539961237,0.539961237,0.539961237,0.539961237,0.539961237,0.539961237,0.539961237,0.539961237,0.539961237,0.441786467,0.441786467,0.441786467,0.441786467,0.441786467,0.441786467,0.343611696,0.343611696,0.343611696,0.343611696,0.245436926,0.245436926,0.245436926,0.245436926,0.245436926,0.245436926,0.245436926,0.245436926,0.245436926,0.245436926,0.343611696,0.343611696,0.343611696,0.441786467,0.441786467,0.441786467,0.539961237,0.539961237,0.539961237,0.539961237,0.638136008,0.638136008,0.638136008,0.638136008,0.638136008,0.736310778,0.736310778,0.736310778,0.736310778,0.736310778,0.736310778,0.736310778,0.736310778,0.736310778,0.638136008,0.638136008,0.638136008,0.638136008,0.638136008,0.638136008,0.638136008,0.638136008,0.539961237,0.539961237,0.539961237,0.539961237,0.539961237,0.441786467,0.441786467,0.441786467,0.441786467,0.343611696,0.343611696,0.343611696,0.343611696,0.245436926,0.245436926,0.245436926,0.147262156,0.147262156,0.147262156,0.147262156,0.0490873852,0.0490873852,0.0490873852,0.0490873852,0.0490873852,0.0490873852,0.0490873852,0.0490873852,0.147262156,0.147262156,0.147262156,0.147262156,0.147262156,0.245436926,0.245436926,0.245436926,0.245436926,0.245436926,0.245436926,0.343611696,0.343611696,0.343611696,0.343611696,0.441786467,0.441786467,0.441786467,0.441786467
169.904825211,C01,AP01,client_to_ap,VHT,2,2,2,80,SU,1,4,122,6637c97e16e6ce8a,0.736310778,0.736310778,0.736310778,0.736310778,0.736310778,0.736310778,0.736310778,0.736310778,0.736310778,0.736310778,0.736310778,0.736310778,0.736310778,0.736310778,0.736310778,0.736310778,0.638136008,0.638136008,0.638136008,0.638136008,0.638136008,0.638136008,0.638136008,0.539961237,0.539961237,0.539961237,0.539961237,0.441786467,0.441786467,0.441786467,0.343611696,0.343611696,0.343611696,0.343611696,0.245436926,0.245436926,0.245436926,0.245436926,0.245436926,0.245436926,0.245436926,0.245436926,0.343611696,0.343611696,0.343611696,0.441786467,0.441786467,0.539961237,0.539961237,0.638136008,0.638136008,0.638136008,0.736310778,0.736310778,0.736310778,0.834485549,0.834485549,0.834485549,0.834485549,0.932660319,0.932660319,0.932660319,0.932660319,0.932660319,1.03083509,1.03083509,1.03083509,1.03083509,1.03083509,1.03083509,1.03083509,1.03083509,1.03083509,1.03083509,1.03083509,1.03083509,1.03083509,1.03083509,1.03083509,1.03083509,1.03083509,0.932660319,0.932660319,0.932660319,0.932660319,0.932660319,0.834485549,0.834485549,0.736310778,0.736310778,0.736310778,0.638136008,0.638136008,0.638136008,0.539961237,0.539961237,0.441786467,0.441786467,0.441786467,0.441786467,0.343611696,0.343611696,0.343611696,0.343611696,0.343611696,0.245436926,0.245436926,0.245436926,0.245436926,0.245436926,0.245436926,0.147262156,0.147262156,0.147262156,0.147262156,0.147262156,0.147262156,0.147262156,0.147262156,0.147262156,0.147262156,0.147262156
171.237235069,C01,AP01,client_to_ap,VHT,2,2,2,80,SU,1,4,122,6637c97e16e6ce8a,0.343611696,0.343611696,0.343611696,0.343611696,0.343611696,0.343611696,0.343611696,0.343611696,0.343611696,0.343611696,0.343611696,0.343611696,0.343611696,0.343611696,0.343611696,0.343611696,0.343611696,0.343611696,0.343611696,0.343611696,0.343611696,0.343611696,0.343611696,0.245436926,0.245436926,0.245436926,0.245436926,0.245436926,0.245436926,0.245436926,0.147262156,0.147262156,0.147262156,0.147262156,0.147262156,0.147262156,0.147262156,0.147262156,0.147262156,0.147262156,0.245436926,0.245436926,0.245436926,0.245436926,0.245436926,0.343611696,0.343611696,0.343611696,0.343611696,0.441786467,0.441786467,0.441786467,0.539961237,0.638136008,0.638136008,0.736310778,0.736310778,0.834485549,0.932660319,0.932660319,1.03083509,1.03083509,1.12900986,1.12900986,1.12900986,1.12900986,1.12900986,1.12900986,1.12900986,1.12900986,1.12900986,1.12900986,1.12900986,1.03083509,1.03083509,1.03083509,1.03083509,0.932660319,0.932660319,0.932660319,0.834485549,0.834485549,0.736310778,0.736310778,0.736310778,0.638136008,0.638136008,0.638136008,0.539961237,0.539961237,0.539961237,0.441786467,0.441786467,0.441786467,0.441786467,0.343611696,0.343611696,0.343611696,0.343611696,0.245436926,0.245436926,0.245436926,0.245436926,0.245436926,0.245436926,0.245436926,0.245436926,0.245436926,0.245436926,0.245436926,0.245436926,0.245436926,0.245436926,0.245436926,0.245436926,0.245436926,0.245436926,0.245436926,0.245436926,0.245436926,0.245436926,0.343611696
172.568767071,C01,AP01,client_to_ap,VHT,2,2,2,80,SU,1,4,122,6637c97e16e6ce8a,0.736310778,0.736310778,0.736310778,0.736310778,0.736310778,0.736310778,0.736310778,0.736310778,0.736310778,0.736310778,0.736310778,0.736310778,0.736310778,0.736310778,0.638136008,0.638136008,0.638136008,0.638136008,0.638136008,0.638136008,0.638136008,0.638136008,0.638136008,0.539961237,0.539961237,0.539961237,0.539961237,0.441786467,0.441786467,0.441786467,0.343611696,0.343611696,0.343611696,0.245436926,0.245436926,0.147262156,0.147262156,0.147262156,0.0490873852,0.0490873852,0.0490873852,0.147262156,0.147262156,0.245436926,0.245436926,0.343611696,0.343611696,0.441786467,0.539961237,0.539961237,0.638136008,0.638136008,0.736310778,0.736310778,0.736310778,0.834485549,0.834485549,0.834485549,0.834485549,0.834485549,0.834485549,0.932660319,0.932660319,0.932660319,0.932660319,0.932660319,0.932660319,0.932660319,0.834485549,0.932660319,0.932660319,0.834485549,0.834485549,0.834485549,0.834485549,0.834485549,0.834485549,0.834485549,0.736310778,0.736310778,0.736310778,0.736310778,0.736310778,0.736310778,0.638136008,0.638136008,0.638136008,0.638136008,0.539961237,0.539961237,0.539961237,0.539961237,0.441786467,0.441786467,0.343611696,0.343611696,0.343611696,0.245436926,0.245436926,0.245436926,0.147262156,0.147262156,0.147262156,0.147262156,0.0490873852,0.0490873852,0.0490873852,0.0490873852,0.147262156,0.147262156,0.147262156,0.147262156,0.147262156,0.245436926,0.245436926,0.245436926,0.245436926,0.343611696,0.343611696,0.343611696,0.441786467,0.441786467
173.904992104,C01,AP01,client_to_ap,VHT,2,2,2,80,SU,1,4,122,6637c97e16e6ce8a,0.736310778,0.736310778,0.736310778,0.638136008,0.638136008,0.638136008,0.638136008,0.638136008,0.638136008,0.638136008,0.638136008,0.638136008,0.638136008,0.638136008,0.638136008,0.638136008,0.539961237,0.539961237,0.539961237,0.539961237,0.539961237,0.539961237,0.539961237,0.539961237,0.539961237,0.441786467,0.441786467,0.441786467,0.441786467,0.343611696,0.343611696,0.343611696,0.343611696,0.245436926,0.245436926,0.147262156,0.147262156,0.147262156,0.147262156,0.147262156,0.245436926,0.245436926,0.245436926,0.343611696,0.441786467,0.441786467,0.539961237,0.539961237,0.539961237,0.638136008,0.638136008,0.736310778,0.736310778,0.834485549,0.834485549,0.834485549,0.834485549,0.834485549,0.932660319,0.932660319,0.932660319,0.932660319,0.932660319,0.932660319,0.932660319,0.932660319,0.932660319,0.834485549,0.834485549,0.834485549,0.834485549,0.834485549,0.834485549,0.834485549,0.834485549,0.736310778,0.736310778,0.736310778,0.736310778,0.736310778,0.638136008,0.638136008,0.638136008,0.638136008,0.638136008,0.539961237,0.539961237,0.539961237,0.539961237,0.539961237,0.441786467,0.441786467,0.441786467,0.441786467,0.343611696,0.343611696,0.343611696,0.245436926,0.245436926,0.245436926,0.245436926,0.245436926,0.245436926,0.245436926,0.245436926,0.245436926,0.245436926,0.245436926,0.245436926,0.245436926,0.245436926,0.245436926,0.245436926,0.245436926,0.245436926,0.343611696,0.343611696,0.343611696,0.343611696,0.343611696,0.441786467,0.441786467
175.237076044,C01,AP01,client_to_ap,VHT,2,2,2,80,SU,1,4,122,6637c97e16e6ce8a,0.736310778,0.736310778,0.736310778,0.736310778,0.736310778,0.638136008,0.638136008,0.638136008,0.638136008,0.638136008,0.638136008,0.638136008,0.638136008,0.638136008,0.638136008,0.638136008,0.638136008,0.638136008,0.638136008,0.638136008,0.638136008,0.638136008,0.539961237,0.539961237,0.539961237,0.539961237,0.539961237,0.539961237,0.441786467,0.441786467,0.441786467,0.343611696,0.343611696,0.245436926,0.245436926,0.245436926,0.147262156,0.147262156,0.147262156,0.0490873852,0.147262156,0.147262156,0.245436926,0.245436926,0.343611696,0.343611696,0.441786467,0.441786467,0.539961237,0.638136008,0.638136008,0.638136008,0.736310778,0.736310778,0.736310778,0.834485549,0.834485549,0.834485549,0.834485549,0.834485549,0.834485549,0.932660319,0.932660319,0.932660319,0.932660319,0.932660319,0.932660319,0.932660319,0.932660319,0.932660319,0.834485549,0.834485549,0.834485549,0.834485549,0.834485549,0.834485549,0.834485549,0.834485549,0.834485549,0.736310778,0.736310778,0.736310778,0.736310778,0.638136008,0.638136008,0.638136008,0.638136008,0.638136008,0.539961237,0.539961237,0.539961237,0.441786467,0.441786467,0.441786467,0.343611696,0.343611696,0.343611696,0.245436926,0.245436926,0.245436926,0.245436926,0.147262156,0.147262156,0.147262156,0.147262156,0.147262156,0.147262156,0.147262156,0.147262156,0.147262156,0.147262156,0.147262156,0.147262156,0.245436926,0.245436926,0.245436926,0.245436926,0.245436926,0.343611696,0.343611696,0.343611696,0.343611696
176.569737196,C01,AP01,client_to_ap,VHT,2,2,2,80,SU,1,4,122,6637c97e16e6ce8a,0.736310778,0.736310778,0.736310778,0.736310778,0.736310778,0.638136008,0.638136008,0.638136008,0.638136008,0.638136008,0.638136008,0.638136008,0.638136008,0.638136008,0.638136008,0.638136008,0.638136008,0.638136008,0.638136008,0.638136008,0.638136008,0.539961237,0.539961237,0.539961237,0.539961237,0.539961237,0.441786467,0.441786467,0.441786467,0.441786467,0.343611696,0.343611696,0.343611696,0.245436926,0.245436926,0.147262156,0.147262156,0.0490873852,0.0490873852,0.0490873852,0.147262156,0.147262156,0.245436926,0.245436926,0.343611696,0.343611696,0.441786467,0.441786467,0.539961237,0.638136008,0.638136008,0.638136008,0.736310778,0.736310778,0.834485549,0.834485549,0.834485549,0.834485549,0.932660319,0.932660319,0.932660319,0.932660319,0.932660319,0.932660319,0.932660319,0.932660319,0.932660319,0.932660319,0.932660319,0.932660319,0.932660319,0.932660319,0.834485549,0.834485549,0.834485549,0.834485549,0.834485549,0.834485549,0.834485549,0.736310778,0.736310778,0.736310778,0.736310778,0.736310778,0.638136008,0.638136008,0.638136008,0.638136008,0.539961237,0.539961237,0.539961237,0.539961237,0.441786467,0.441786467,0.441786467,0.343611696,0.343611696,0.343611696,0.343611696,0.245436926,0.245436926,0.245436926,0.245436926,0.245436926,0.147262156,0.147262156,0.147262156,0.147262156,0.147262156,0.147262156,0.147262156,0.147262156,0.147262156,0.147262156,0.245436926,0.245436926,0.245436926,0.245436926,0.245436926,0.343611696,0.343611696,0.343611696
177.905230045,C01,AP01,client_to_ap,VHT,2,2,2,80,SU,1,4,122,6637c97e16e6ce8a,0.736310778,0.736310778,0.736310778,0.736310778,0.736310778,0.638136008,0.638136008,0.638136008,0.638136008,0.638136008,0.638136008,0.638136008,0.638136008,0.638136008,0.638136008,0.539961237,0.539961237,0.539961237,0.539961237,0.539961237,0.539961237,0.539961237,0.441786467,0.441786467,0.441786467,0.441786467,0.441786467,0.343611696,0.343611696,0.343611696,0.245436926,0.245436926,0.245436926,0.147262156,0.147262156,0.147262156,0.0490873852,0.0490873852,0.0490873852,0.147262156,0.147262156,0.245436926,0.245436926,0.245436926,0.343611696,0.441786467,0.441786467,0.441786467,0.539961237,0.638136008,0.638136008,0.638136008,0.736310778,0.736310778,0.736310778,0.834485549,0.834485549,0.834485549,0.834485549,0.834485549,0.834485549,0.932660319,0.932660319,0.932660319,0.932660319,0.932660319,0.932660319,0.932660319,0.932660319,0.932660319,0.932660319,0.834485549,0.834485549,0.834485549,0.834485549,0.834485549,0.834485549,0.834485549,0.736310778,0.736310778,0.736310778,0.736310778,0.736310778,0.736310778,0.638136008,0.638136008,0.638136008,0.638136008,0.539961237,0.539961237,0.539961237,0.539961237,0.441786467,0.441786467,0.441786467,0.343611696,0.343611696,0.245436926,0.245436926,0.245436926,0.147262156,0.147262156,0.147262156,0.147262156,0.147262156,0.147262156,0.147262156,0.147262156,0.147262156,0.147262156,0.245436926,0.245436926,0.245436926,0.245436926,0.343611696,0.343611696,0.343611696,0.441786467,0.441786467,0.441786467,0.441786467,0.539961237
179.237165213,C01,AP01,client_to_ap,VHT,2,2,2,80,SU,1,4,122,6637c97e16e6ce8a,0.343611696,0.343611696,0.343611696,0.343611696,0.343611696,0.343611696,0.343611696,0.343611696,0.343611696,0.343611696,0.441786467,0.441786467,0.441786467,0.441786467,0.441786467,0.441786467,0.441786467,0.441786467,0.539961237,0.539961237,0.539961237,0.539961237,0.539961237,0.539961237,0.539961237,0.539961237,0.638136008,0.638136008,0.638136008,0.638136008,0.638136008,0.638136008,0.638136008,0.638136008,0.539961237,0.638136008,0.638136008,0.539961237,0.539961237,0.539961237,0.539961237,0.539961237,0.441786467,0.441786467,0.441786467,0.441786467,0.343611696,0.343611696,0.343611696,0.245436926,0.245436926,0.147262156,0.147262156,0.245436926,0.245436926,0.343611696,0.343611696,0.441786467,0.441786467,0.539961237,0.539961237,0.539961237,0.539961237,0.539961237,0.539961237,0.539961237,0.539961237,0.539961237,0.539961237,0.539961237,0.539961237,0.539961237,0.539961237,0.539961237,0.539961237,0.539961237,0.539961237,0.539961237,0.539961237,0.539961237,0.539961237,0.539961237,0.539961237,0.539961237,0.539961237,0.539961237,0.539961237,0.539961237,0.441786467,0.441786467,0.441786467,0.441786467,0.441786467,0.441786467,0.343611696,0.343611696,0.343611696,0.343611696,0.245436926,0.245436926,0.245436926,0.245436926,0.245436926,0.245436926,0.147262156,0.245436926,0.147262156,0.147262156,0.147262156,0.147262156,0.147262156,0.147262156,0.147262156,0.147262156,0.0490873852,0.0490873852,0.0490873852,0.0490873852,0.147262156,0.147262156,0.147262156,0.147262156
180.568620205,C01,AP01,client_to_ap,VHT,2,2,2,80,SU,1,4,122,6637c97e16e6ce8a,0.736310778,0.736310778,0.736310778,0.736310778,0.736310778,0.736310778,0.736310778,0.736310778,0.736310778,0.638136008,0.638136008,0.638136008,0.638136008,0.638136008,0.638136008,0.638136008,0.638136008,0.539961237,0.539961237,0.539961237,0.539961237,0.539961237,0.539961237,0.441786467,0.441786467,0.441786467,0.343611696,0.343611696,0.343611696,0.245436926,0.245436926,0.245436926,0.147262156,0.147262156,0.147262156,0.147262156,0.147262156,0.147262156,0.245436926,0.245436926,0.343611696,0.343611696,0.441786467,0.441786467,0.539961237,0.539961237,0.638136008,0.638136008,0.638136008,0.736310778,0.736310778,0.834485549,0.834485549,0.834485549,0.834485549,0.932660319,0.932660319,0.932660319,0.932660319,0.932660319,0.932660319,1.03083509,1.03083509,1.03083509,1.03083509,1.03083509,1.03083509,1.03083509,1.03083509,1.03083509,1.03083509,1.03083509,1.03083509,1.03083509,1.03083509,0.932660319,0.932660319,0.932660319,0.932660319,0.932660319,0.932660319,0.932660319,0.834485549,0.834485549,0.834485549,0.834485549,0.736310778,0.736310778,0.736310778,0.638136008,0.638136008,0.638136008,0.539961237,0.539961237,0.441786467,0.441786467,0.441786467,0.343611696,0.343611696,0.343611696,0.343611696,0.343611696,0.245436926,0.245436926,0.245436926,0.245436926,0.147262156,0.147262156,0.147262156,0.147262156,0.147262156,0.147262156,0.147262156,0.147262156,0.147262156,0.147262156,0.147262156,0.147262156,0.245436926,0.245436926,0.245436926,0.245436926
181.905169010,C01,AP01,client_to_ap,VHT,2,2,2,80,SU,1,4,122,6637c97e16e6ce8a,0.736310778,0.736310778,0.736310778,0.736310778,0.736310778,0.638136008,0.638136008,0.638136008,0.638136008,0.638136008,0.638136008,0.638136008,0.638136008,0.638136008,0.638136008,0.638136008,0.638136008,0.638136008,0.638136008,0.638136008,0.638136008,0.539961237,0.539961237,0.539961237,0.539961237,0.539961237,0.441786467,0.441786467,0.441786467,0.343611696,0.343611696,0.343611696,0.245436926,0.245436926,0.245436926,0.147262156,0.147262156,0.0490873852,0.0490873852,0.0490873852,0.0490873852,0.147262156,0.147262156,0.147262156,0.245436926,0.245436926,0.343611696,0.343611696,0.343611696,0.441786467,0.441786467,0.441786467,0.441786467,0.539961237,0.539961237,0.539961237,0.539961237,0.638136008,0.638136008,0.638136008,0.638136008,0.638136008,0.638136008,0.638136008,0.638136008,0.638136008,0.736310778,0.736310778,0.638136008,0.736310778,0.638136008,0.638136008,0.638136008,0.638136008,0.638136008,0.638136008,0.638136008,0.638136008,0.638136008,0.539961237,0.539961237,0.539961237,0.539961237,0.539961237,0.539961237,0.441786467,0.441786467,0.441786467,0.441786467,0.441786467,0.343611696,0.343611696,0.343611696,0.343611696,0.343611696,0.245436926,0.245436926,0.245436926,0.245436926,0.147262156,0.147262156,0.147262156,0.147262156,0.147262156,0.147262156,0.147262156,0.147262156,0.147262156,0.147262156,0.147262156,0.147262156,0.147262156,0.245436926,0.245436926,0.245436926,0.245436926,0.245436926,0.245436926,0.343611696,0.343611696,0.343611696,0.343611696
183.236711025,C01,AP01,client_to_ap,VHT,2,2,2,80,SU,1,4,122,6637c97e16e6ce8a,0.736310778,0.736310778,0.736310778,0.736310778,0.638136008,0.638136008,0.638136008,0.638136008,0.638136008,0.638136008,0.638136008,0.638136008,0.638136008,0.638136008,0.638136008,0.638136008,0.638136008,0.539961237,0.539961237,0.539961237,0.539961237,0.539961237,0.539961237,0.539961237,0.441786467,0.441786467,0.441786467,0.441786467,0.343611696,0.343611696,0.343611696,0.245436926,0.245436926,0.147262156,0.147262156,0.147262156,0.0490873852,0.0490873852,0.147262156,0.147262156,0.147262156,0.245436926,0.245436926,0.343611696,0.343611696,0.441786467,0.441786467,0.441786467,0.539961237,0.539961237,0.638136008,0.638136008,0.638136008,0.638136008,0.638136008,0.736310778,0.736310778,0.736310778,0.736310778,0.736310778,0.736310778,0.736310778,0.736310778,0.736310778,0.736310778,0.736310778,0.736310778,0.638136008,0.638136008,0.638136008,0.638136008,0.638136008,0.638136008,0.638136008,0.638136008,0.638136008,0.638136008,0.638136008,0.638136008,0.638136008,0.539961237,0.539961237,0.539961237,0.539961237,0.539961237,0.539961237,0.539961237,0.539961237,0.441786467,0.441786467,0.441786467,0.441786467,0.441786467,0.441786467,0.441786467,0.343611696,0.343611696,0.343611696,0.343611696,0.343611696,0.343611696,0.343611696,0.343611696,0.343611696,0.343611696,0.343611696,0.343611696,0.343611696,0.343611696,0.343611696,0.343611696,0.343611696,0.343611696,0.343611696,0.343611696,0.343611696,0.343611696,0.343611696,0.343611696,0.343611696,0.343611696,0.343611696
184.564454079,C01,AP01,client_to_ap,VHT,2,2,2,80,SU,1,4,122,6637c97e16e6ce8a,0.736310778,0.736310778,0.736310778,0.736310778,0.638136008,0.638136008,0.638136008,0.638136008,0.638136008,0.638136008,0.638136008,0.638136008,0.638136008,0.638136008,0.638136008,0.539961237,0.539961237,0.539961237,0.539961237,0.539961237,0.539961237,0.539961237,0.539961237,0.539961237,0.539961237,0.441786467,0.441786467,0.441786467,0.441786467,0.343611696,0.343611696,0.343611696,0.245436926,0.245436926,0.147262156,0.147262156,0.0490873852,0.0490873852,0.0490873852,0.147262156,0.147262156,0.245436926,0.245436926,0.343611696,0.343611696,0.441786467,0.441786467,0.539961237,0.539961237,0.638136008,0.638136008,0.638136008,0.736310778,0.736310778,0.736310778,0.834485549,0.834485549,0.834485549,0.834485549,0.834485549,0.932660319,0.932660319,0.932660319,0.932660319,0.932660319,0.932660319,0.932660319,0.932660319,0.932660319,0.932660319,0.932660319,0.834485549,0.834485549,0.834485549,0.834485549,0.834485549,0.834485549,0.834485549,0.834485549,0.736310778,0.736310778,0.736310778,0.736310778,0.736310778,0.638136008,0.638136008,0.638136008,0.638136008,0.638136008,0.539961237,0.539961237,0.539961237,0.441786467,0.441786467,0.441786467,0.343611696,0.343611696,0.343611696,0.245436926,0.245436926,0.245436926,0.147262156,0.147262156,0.147262156,0.0490873852,0.0490873852,0.0490873852,0.0490873852,0.0490873852,0.147262156,0.147262156,0.147262156,0.245436926,0.245436926,0.245436926,0.343611696,0.343611696,0.343611696,0.343611696,0.441786467,0.441786467,0.441786467
185.894704103,C01,AP01,client_to_ap,VHT,2,2,2,80,SU,1,4,122,6637c97e16e6ce8a,0.736310778,0.736310778,0.736310778,0.736310778,0.736310778,0.736310778,0.736310778,0.736310778,0.638136008,0.638136008,0.638136008,0.638136008,0.638136008,0.638136008,0.638136008,0.638136008,0.638136008,0.638136008,0.638136008,0.638136008,0.638136008,0.638136008,0.539961237,0.539961237,0.539961237,0.539961237,0.539961237,0.539961237,0.441786467,0.441786467,0.441786467,0.343611696,0.343611696,0.343611696,0.245436926,0.245436926,0.147262156,0.147262156,0.147262156,0.147262156,0.147262156,0.147262156,0.245436926,0.245436926,0.343611696,0.343611696,0.441786467,0.539961237,0.539961237,0.638136008,0.638136008,0.736310778,0.736310778,0.736310778,0.834485549,0.834485549,0.834485549,0.834485549,0.932660319,0.932660319,0.932660319,0.932660319,0.932660319,0.932660319,0.932660319,0.932660319,0.932660319,0.932660319,0.932660319,0.932660319,0.932660319,0.834485549,0.834485549,0.834485549,0.834485549,0.834485549,0.834485549,0.736310778,0.736310778,0.736310778,0.736310778,0.638136008,0.638136008,0.638136008,0.638136008,0.638136008,0.539961237,0.539961237,0.539961237,0.539961237,0.441786467,0.441786467,0.441786467,0.441786467,0.343611696,0.343611696,0.343611696,0.245436926,0.245436926,0.245436926,0.245436926,0.147262156,0.147262156,0.147262156,0.147262156,0.147262156,0.147262156,0.147262156,0.147262156,0.147262156,0.147262156,0.245436926,0.245436926,0.245436926,0.245436926,0.245436926,0.245436926,0.343611696,0.343611696,0.343611696,0.343611696,0.343611696
187.226171017,C01,AP01,client_to_ap,VHT,2,2,2,80,SU,1,4,122,6637c97e16e6ce8a,0.736310778,0.736310778,0.736310778,0.736310778,0.736310778,0.736310778,0.736310778,0.736310778,0.736310778,0.638136008,0.638136008,0.638136008,0.638136008,0.638136008,0.638136008,0.638136008,0.638136008,0.638136008,0.638136008,0.638136008,0.638136008,0.638136008,0.539961237,0.539961237,0.539961237,0.539961237,0.539961237,0.441786467,0.441786467,0.441786467,0.441786467,0.343611696,0.343611696,0.343611696,0.245436926,0.245436926,0.147262156,0.147262156,0.147262156,0.147262156,0.147262156,0.147262156,0.245436926,0.245436926,0.343611696,0.343611696,0.441786467,0.441786467,0.539961237,0.638136008,0.638136008,0.638136008,0.736310778,0.736310778,0.834485549,0.834485549,0.834485549,0.834485549,0.834485549,0.932660319,0.932660319,0.932660319,0.932660319,0.932660319,0.932660319,0.932660319,0.932660319,0.932660319,0.932660319,0.932660319,0.932660319,0.932660319,0.834485549,0.834485549,0.834485549,0.834485549,0.834485549,0.834485549,0.736310778,0.736310778,0.736310778,0.736310778,0.736310778,0.638136008,0.638136008,0.638136008,0.638136008,0.638136008,0.539961237,0.539961237,0.539961237,0.441786467,0.441786467,0.441786467,0.343611696,0.343611696,0.343611696,0.245436926,0.245436926,0.245436926,0.245436926,0.147262156,0.147262156,0.147262156,0.147262156,0.147262156,0.147262156,0.147262156,0.147262156,0.147262156,0.147262156,0.147262156,0.147262156,0.245436926,0.245436926,0.245436926,0.245436926,0.343611696,0.343611696,0.343611696,0.343611696,0.441786467
188.558225155,C01,AP01,client_to_ap,VHT,2,2,2,80,SU,1,4,122,6637c97e16e6ce8a,0.736310778,0.736310778,0.736310778,0.736310778,0.736310778,0.736310778,0.736310778,0.736310778,0.638136008,0.638136008,0.638136008,0.638136008,0.638136008,0.638136008,0.638136008,0.638136008,0.638136008,0.638136008,0.638136008,0.638136008,0.638136008,0.638136008,0.539961237,0.539961237,0.539961237,0.539961237,0.539961237,0.441786467,0.441786467,0.441786467,0.441786467,0.343611696,0.343611696,0.245436926,0.245436926,0.245436926,0.147262156,0.147262156,0.147262156,0.147262156,0.147262156,0.147262156,0.245436926,0.245436926,0.343611696,0.343611696,0.441786467,0.441786467,0.539961237,0.539961237,0.638136008,0.638136008,0.736310778,0.736310778,0.834485549,0.834485549,0.834485549,0.834485549,0.834485549,0.932660319,0.932660319,0.932660319,0.932660319,0.932660319,0.932660319,0.932660319,0.932660319,0.932660319,0.932660319,0.932660319,0.932660319,0.834485549,0.834485549,0.834485549,0.834485549,0.834485549,0.834485549,0.736310778,0.736310778,0.736310778,0.736310778,0.736310778,0.736310778,0.638136008,0.638136008,0.638136008,0.638136008,0.539961237,0.539961237,0.539961237,0.539961237,0.441786467,0.441786467,0.441786467,0.343611696,0.343611696,0.343611696,0.245436926,0.245436926,0.245436926,0.245436926,0.147262156,0.147262156,0.147262156,0.147262156,0.147262156,0.147262156,0.147262156,0.147262156,0.147262156,0.147262156,0.147262156,0.147262156,0.245436926,0.245436926,0.245436926,0.245436926,0.343611696,0.343611696,0.343611696,0.343611696,0.343611696
189.894788027,C01,AP01,client_to_ap,VHT,2,2,2,80,SU,1,4,122,6637c97e16e6ce8a,0.736310778,0.736310778,0.736310778,0.736310778,0.736310778,0.638136008,0.638136008,0.638136008,0.638136008,0.638136008,0.638136008,0.638136008,0.638136008,0.638136008,0.638136008,0.638136008,0.638136008,0.638136008,0.638136008,0.638136008,0.638136008,0.539961237,0.539961237,0.539961237,0.539961237,0.539961237,0.539961237,0.441786467,0.441786467,0.441786467,0.343611696,0.343611696,0.343611696,0.245436926,0.245436926,0.147262156,0.147262156,0.147262156,0.0490873852,0.0490873852,0.147262156,0.147262156,0.245436926,0.245436926,0.245436926,0.343611696,0.441786467,0.441786467,0.539961237,0.539961237,0.638136008,0.638136008,0.736310778,0.736310778,0.736310778,0.736310778,0.834485549,0.834485549,0.834485549,0.834485549,0.932660319,0.932660319,0.932660319,0.932660319,0.932660319,0.932660319,0.932660319,0.932660319,0.932660319,0.932660319,0.932660319,0.932660319,0.834485549,0.834485549,0.834485549,0.834485549,0.834485549,0.834485549,0.736310778,0.736310778,0.736310778,0.736310778,0.638136008,0.638136008,0.638136008,0.638136008,0.638136008,0.539961237,0.539961237,0.539961237,0.441786467,0.441786467,0.441786467,0.441786467,0.343611696,0.343611696,0.245436926,0.245436926,0.245436926,0.245436926,0.245436926,0.147262156,0.147262156,0.147262156,0.147262156,0.147262156,0.147262156,0.147262156,0.147262156,0.147262156,0.147262156,0.147262156,0.245436926,0.245436926,0.245436926,0.245436926,0.245436926,0.343611696,0.343611696,0.343611696,0.343611696,0.441786467
191.226690054,C01,AP01,client_to_ap,VHT,2,2,2,80,SU,1,4,122,6637c97e16e6ce8a,0.736310778,0.736310778,0.736310778,0.736310778,0.736310778,0.638136008,0.638136008,0.638136008,0.638136008,0.638136008,0.638136008,0.638136008,0.638136008,0.638136008,0.638136008,0.638136008,0.638136008,0.539961237,0.539961237,0.539961237,0.539961237,0.539961237,0.539961237,0.539961237,0.539961237,0.441786467,0.441786467,0.441786467,0.441786467,0.343611696,0.343611696,0.343611696,0.245436926,0.245436926,0.147262156,0.147262156,0.147262156,0.0490873852,0.0490873852,0.0490873852,0.147262156,0.147262156,0.245436926,0.245436926,0.245436926,0.343611696,0.441786467,0.441786467,0.441786467,0.539961237,0.539961237,0.638136008,0.638136008,0.736310778,0.736310778,0.736310778,0.834485549,0.834485549,0.834485549,0.932660319,0.932660319,0.932660319,0.932660319,0.932660319,0.932660319,0.932660319,0.932660319,0.932660319,0.932660319,0.932660319,0.932660319,0.932660319,0.834485549,0.834485549,0.834485549,0.834485549,0.834485549,0.834485549,0.736310778,0.736310778,0.736310778,0.736310778,0.638136008,0.638136008,0.638136008,0.638136008,0.539961237,0.539961237,0.539961237,0.441786467,0.441786467,0.441786467,0.441786467,0.343611696,0.343611696,0.245436926,0.245436926,0.245436926,0.245436926,0.245436926,0.147262156,0.147262156,0.147262156,0.147262156,0.147262156,0.147262156,0.147262156,0.147262156,0.147262156,0.147262156,0.147262156,0.147262156,0.245436926,0.245436926,0.245436926,0.245436926,0.245436926,0.343611696,0.343611696,0.343611696,0.343611696,0.343611696
192.559094191,C01,AP01,client_to_ap,VHT,2,2,2,80,SU,1,4,122,6637c97e16e6ce8a,0.736310778,0.736310778,0.736310778,0.736310778,0.638136008,0.638136008,0.638136008,0.638136008,0.638136008,0.638136008,0.638136008,0.638136008,0.638136008,0.638136008,0.638136008,0.638136008,0.638136008,0.539961237,0.539961237,0.539961237,0.539961237,0.539961237,0.539961237,0.539961237,0.539961237,0.441786467,0.441786467,0.441786467,0.441786467,0.343611696,0.343611696,0.343611696,0.245436926,0.245436926,0.147262156,0.147262156,0.0490873852,0.0490873852,0.147262156,0.147262156,0.245436926,0.245436926,0.343611696,0.343611696,0.441786467,0.441786467,0.539961237,0.539961237,0.539961237,0.638136008,0.638136008,0.638136008,0.736310778,0.736310778,0.736310778,0.736310778,0.736310778,0.834485549,0.834485549,0.834485549,0.834485549,0.834485549,0.834485549,0.834485549,0.834485549,0.834485549,0.834485549,0.834485549,0.834485549,0.834485549,0.834485549,0.834485549,0.834485549,0.834485549,0.834485549,0.834485549,0.834485549,0.736310778,0.736310778,0.736310778,0.736310778,0.736310778,0.736310778,0.638136008,0.638136008,0.638136008,0.638136008,0.638136008,0.539961237,0.539961237,0.539961237,0.441786467,0.441786467,0.441786467,0.441786467,0.343611696,0.343611696,0.245436926,0.245436926,0.245436926,0.245436926,0.245436926,0.147262156,0.147262156,0.147262156,0.147262156,0.147262156,0.147262156,0.147262156,0.147262156,0.147262156,0.147262156,0.245436926,0.245436926,0.245436926,0.245436926,0.245436926,0.343611696,0.343611696,0.343611696,0.343611696,0.343611696
193.894850016,C01,AP01,client_to_ap,VHT,2,2,2,80,SU,1,4,122,6637c97e16e6ce8a,0.736310778,0.736310778,0.736310778,0.736310778,0.736310778,0.736310778,0.736310778,0.736310778,0.736310778,0.736310778,0.736310778,0.736310778,0.638136008,0.638136008,0.638136008,0.638136008,0.638136008,0.638136008,0.638136008,0.638136008,0.638136008,0.539961237,0.539961237,0.539961237,0.539961237,0.539961237,0.441786467,0.441786467,0.441786467,0.343611696,0.343611696,0.245436926,0.245436926,0.245436926,0.147262156,0.147262156,0.147262156,0.0490873852,0.147262156,0.147262156,0.147262156,0.245436926,0.245436926,0.245436926,0.343611696,0.343611696,0.441786467,0.441786467,0.441786467,0.539961237,0.539961237,0.539961237,0.638136008,0.638136008,0.638136008,0.638136008,0.638136008,0.736310778,0.736310778,0.736310778,0.736310778,0.736310778,0.736310778,0.736310778,0.736310778,0.736310778,0.736310778,0.736310778,0.736310778,0.736310778,0.736310778,0.736310778,0.736310778,0.736310778,0.638136008,0.638136008,0.638136008,0.638136008,0.638136008,0.638136008,0.638136008,0.539961237,0.539961237,0.539961237,0.539961237,0.539961237,0.441786467,0.441786467,0.441786467,0.441786467,0.441786467,0.343611696,0.343611696,0.343611696,0.343611696,0.343611696,0.245436926,0.245436926,0.245436926,0.245436926,0.245436926,0.245436926,0.245436926,0.245436926,0.245436926,0.245436926,0.245436926,0.245436926,0.245436926,0.343611696,0.343611696,0.343611696,0.343611696,0.343611696,0.343611696,0.343611696,0.441786467,0.441786467,0.441786467,0.441786467,0.441786467,0.441786467
195.226446152,C01,AP01,client_to_ap,VHT,2,2,2,80,SU,1,4,122,6637c97e16e6ce8a,0.736310778,0.736310778,0.736310778,0.736310778,0.736310778,0.736310778,0.638136008,0.638136008,0.638136008,0.638136008,0.638136008,0.638136008,0.638136008,0.638136008,0.638136008,0.638136008,0.638136008,0.539961237,0.539961237,0.539961237,0.539961237,0.539961237,0.539961237,0.539961237,0.441786467,0.441786467,0.441786467,0.441786467,0.343611696,0.343611696,0.343611696,0.245436926,0.245436926,0.245436926,0.147262156,0.147262156,0.147262156,0.147262156,0.147262156,0.147262156,0.147262156,0.245436926,0.245436926,0.245436926,0.343611696,0.343611696,0.343611696,0.441786467,0.441786467,0.441786467,0.539961237,0.539961237,0.539961237,0.539961237,0.539961237,0.638136008,0.638136008,0.638136008,0.638136008,0.638136008,0.638136008,0.638136008,0.638136008,0.638136008,0.638136008,0.638136008,0.638136008,0.638136008,0.638136008,0.638136008,0.638136008,0.638136008,0.638136008,0.638136008,0.638136008,0.638136008,0.539961237,0.539961237,0.539961237,0.539961237,0.539961237,0.539961237,0.539961237,0.441786467,0.441786467,0.441786467,0.441786467,0.441786467,0.441786467,0.343611696,0.343611696,0.343611696,0.343611696,0.343611696,0.245436926,0.245436926,0.245436926,0.245436926,0.245436926,0.245436926,0.147262156,0.147262156,0.147262156,0.147262156,0.147262156,0.147262156,0.147262156,0.147262156,0.147262156,0.147262156,0.245436926,0.245436926,0.245436926,0.245436926,0.245436926,0.245436926,0.245436926,0.343611696,0.343611696,0.343611696,0.343611696,0.343611696
196.558499098,C01,AP01,client_to_ap,VHT,2,2,2,80,SU,1,4,122,6637c97e16e6ce8a,0.834485549,0.834485549,0.834485549,0.834485549,0.834485549,0.834485549,0.834485549,0.834485549,0.834485549,0.834485549,0.834485549,0.736310778,0.736310778,0.736310778,0.736310778,0.638136008,0.638136008,0.638136008,0.539961237,0.539961237,0.441786467,0.441786467,0.441786467,0.343611696,0.343611696,0.343611696,0.245436926,0.245436926,0.245436926,0.245436926,0.245436926,0.245436926,0.343611696,0.343611696,0.441786467,0.441786467,0.539961237,0.638136008,0.736310778,0.932660319,1.03083509,1.12900986,1.12900986,1.22718463,1.22718463,1.3253594,1.3253594,1.42353417,1.42353417,1.42353417,1.42353417,1.52170894,1.52170894,1.52170894,1.52170894,1.42353417,1.42353417,1.42353417,1.42353417,1.42353417,1.42353417,1.3253594,1.3253594,1.3253594,1.3253594,1.22718463,1.22718463,1.22718463,1.22718463,1.22718463,1.22718463,1.12900986,1.12900986,1.12900986,1.12900986,1.12900986,1.03083509,1.03083509,1.03083509,1.03083509,1.03083509,0.932660319,0.932660319,0.834485549,0.834485549,0.736310778,0.638136008,0.539961237,0.539961237,0.441786467,0.343611696,0.343611696,0.343611696,0.245436926,0.245436926,0.245436926,0.245436926,0.245436926,0.245436926,0.245436926,0.245436926,0.245436926,0.245436926,0.245436926,0.343611696,0.245436926,0.245436926,0.343611696,0.343611696,0.343611696,0.343611696,0.441786467,0.441786467,0.441786467,0.539961237,0.539961237,0.638136008,0.638136008,0.638136008,0.736310778,0.736310778,0.736310778
197.894881010,C01,AP01,client_to_ap,VHT,2,2,2,80,SU,1,4,122,6637c97e16e6ce8a,0.539961237,0.539961237,0.539961237,0.539961237,0.539961237,0.539961237,0.539961237,0.539961237,0.539961237,0.539961237,0.539961237,0.539961237,0.539961237,0.539961237,0.539961237,0.539961237,0.539961237,0.539961237,0.539961237,0.539961237,0.539961237,0.441786467,0.441786467,0.441786467,0.441786467,0.441786467,0.441786467,0.441786467,0.441786467,0.343611696,0.343611696,0.343611696,0.343611696,0.343611696,0.245436926,0.245436926,0.245436926,0.245436926,0.147262156,0.147262156,0.147262156,0.147262156,0.147262156,0.147262156,0.147262156,0.245436926,0.245436926,0.245436926,0.343611696,0.343611696,0.343611696,0.441786467,0.441786467,0.539961237,0.539961237,0.638136008,0.638136008,0.638136008,0.736310778,0.736310778,0.736310778,0.736310778,0.736310778,0.736310778,0.736310778,0.736310778,0.736310778,0.736310778,0.736310778,0.736310778,0.736310778,0.736310778,0.638136008,0.638136008,0.638136008,0.638136008,0.638136008,0.539961237,0.539961237,0.539961237,0.539961237,0.539961237,0.441786467,0.441786467,0.441786467,0.441786467,0.441786467,0.343611696,0.343611696,0.343611696,0.343611696,0.245436926,0.245436926,0.245436926,0.245436926,0.245436926,0.147262156,0.147262156,0.147262156,0.147262156,0.147262156,0.147262156,0.147262156,0.147262156,0.147262156,0.147262156,0.147262156,0.147262156,0.147262156,0.147262156,0.147262156,0.147262156,0.147262156,0.147262156,0.147262156,0.245436926,0.245436926,0.245436926,0.245436926,0.343611696,0.343611696,0.343611696
199.222069025,C01,AP01,client_to_ap,VHT,2,2,2,80,SU,1,4,122,6637c97e16e6ce8a,0.834485549,0.834485549,0.736310778,0.736310778,0.736310778,0.736310778,0.736310778,0.736310778,0.736310778,0.736310778,0.736310778,0.736310778,0.736310778,0.736310778,0.736310778,0.736310778,0.736310778,0.638136008,0.638136008,0.638136008,0.638136008,0.638136008,0.638136008,0.638136008,0.638136008,0.539961237,0.539961237,0.539961237,0.539961237,0.441786467,0.441786467,0.441786467,0.343611696,0.343611696,0.245436926,0.245436926,0.245436926,0.147262156,0.147262156,0.147262156,0.0490873852,0.0490873852,0.0490873852,0.147262156,0.147262156,0.245436926,0.343611696,0.343611696,0.441786467,0.441786467,0.539961237,0.539961237,0.539961237,0.638136008,0.638136008,0.736310778,0.736310778,0.736310778,0.834485549,0.834485549,0.834485549,0.834485549,0.834485549,0.834485549,0.834485549,0.932660319,0.932660319,0.932660319,0.932660319,0.932660319,0.932660319,0.932660319,0.932660319,0.932660319,0.834485549,0.834485549,0.834485549,0.834485549,0.834485549,0.834485549,0.736310778,0.736310778,0.736310778,0.736310778,0.736310778,0.736310778,0.638136008,0.638136008,0.638136008,0.638136008,0.539961237,0.539961237,0.539961237,0.441786467,0.441786467,0.441786467,0.343611696,0.245436926,0.245436926,0.245436926,0.245436926,0.147262156,0.147262156,0.147262156,0.0490873852,0.0490873852,0.0490873852,0.0490873852,0.0490873852,0.0490873852,0.147262156,0.147262156,0.147262156,0.147262156,0.245436926,0.245436926,0.245436926,0.343611696,0.343611696,0.343611696,0.441786467,0.441786467
200.550608158,C01,AP01,client_to_ap,VHT,2,2,2,80,SU,1,4,122,6637c97e16e6ce8a,0.736310778,0.736310778,0.736310778,0.736310778,0.638136008,0.638136008,0.638136008,0.638136008,0.638136008,0.638136008,0.638136008,0.638136008,0.638136008,0.638136008,0.638136008,0.638136008,0.638136008,0.539961237,0.539961237,0.539961237,0.539961237,0.539961237,0.539961237,0.539961237,0.539961237,0.441786467,0.441786467,0.441786467,0.441786467,0.343611696,0.343611696,0.343611696,0.343611696,0.245436926,0.245436926,0.147262156,0.147262156,0.147262156,0.0490873852,0.0490873852,0.0490873852,0.147262156,0.147262156,0.245436926,0.245436926,0.343611696,0.343611696,0.441786467,0.539961237,0.539961237,0.638136008,0.638136008,0.736310778,0.736310778,0.736310778,0.834485549,0.834485549,0.834485549,0.834485549,0.834485549,0.932660319,0.932660319,0.932660319,0.932660319,0.932660319,0.932660319,0.834485549,0.834485549,0.834485549,0.834485549,0.834485549,0.834485549,0.834485549,0.834485549,0.834485549,0.736310778,0.736310778,0.736310778,0.736310778,0.736310778,0.638136008,0.638136008,0.638136008,0.638136008,0.638136008,0.539961237,0.539961237,0.539961237,0.539961237,0.441786467,0.441786467,0.441786467,0.441786467,0.343611696,0.343611696,0.343611696,0.245436926,0.245436926,0.245436926,0.245436926,0.147262156,0.147262156,0.147262156,0.147262156,0.147262156,0.147262156,0.147262156,0.147262156,0.147262156,0.147262156,0.147262156,0.147262156,0.245436926,0.245436926,0.245436926,0.245436926,0.245436926,0.343611696,0.343611696,0.343611696,0.343611696,0.343611696
201.880886078,C01,AP01,client_to_ap,VHT,2,2,2,80,SU,1,4,122,6637c97e16e6ce8a,0.736310778,0.736310778,0.736310778,0.736310778,0.736310778,0.736310778,0.736310778,0.736310778,0.736310778,0.638136008,0.638136008,0.638136008,0.638136008,0.638136008,0.638136008,0.638136008,0.638136008,0.638136008,0.638136008,0.638136008,0.638136008,0.638136008,0.539961237,0.539961237,0.539961237,0.539961237,0.539961237,0.539961237,0.441786467,0.441786467,0.441786467,0.343611696,0.343611696,0.245436926,0.245436926,0.245436926,0.147262156,0.147262156,0.147262156,0.0490873852,0.147262156,0.147262156,0.147262156,0.245436926,0.245436926,0.343611696,0.441786467,0.441786467,0.539961237,0.539961237,0.638136008,0.638136008,0.638136008,0.736310778,0.736310778,0.736310778,0.834485549,0.834485549,0.834485549,0.834485549,0.834485549,0.932660319,0.932660319,0.932660319,0.932660319,0.932660319,0.932660319,0.932660319,0.834485549,0.932660319,0.834485549,0.834485549,0.834485549,0.834485549,0.834485549,0.834485549,0.834485549,0.736310778,0.736310778,0.736310778,0.736310778,0.736310778,0.638136008,0.638136008,0.638136008,0.638136008,0.638136008,0.539961237,0.539961237,0.539961237,0.539961237,0.441786467,0.441786467,0.441786467,0.343611696,0.343611696,0.245436926,0.245436926,0.245436926,0.245436926,0.245436926,0.147262156,0.147262156,0.147262156,0.147262156,0.147262156,0.147262156,0.147262156,0.147262156,0.147262156,0.147262156,0.147262156,0.147262156,0.245436926,0.245436926,0.245436926,0.245436926,0.343611696,0.343611696,0.343611696,0.343611696,0.343611696
203.216634035,C01,AP01,client_to_ap,VHT,2,2,2,80,SU,1,4,122,6637c97e16e6ce8a,0.736310778,0.736310778,0.736310778,0.638136008,0.638136008,0.638136008,0.638136008,0.638136008,0.638136008,0.638136008,0.638136008,0.638136008,0.638136008,0.638136008,0.638136008,0.638136008,0.638136008,0.638136008,0.539961237,0.539961237,0.539961237,0.539961237,0.539961237,0.539961237,0.539961237,0.441786467,0.441786467,0.441786467,0.343611696,0.343611696,0.343611696,0.245436926,0.245436926,0.147262156,0.147262156,0.147262156,0.0490873852,0.147262156,0.147262156,0.147262156,0.245436926,0.245436926,0.343611696,0.343611696,0.441786467,0.441786467,0.539961237,0.539961237,0.638136008,0.638136008,0.638136008,0.736310778,0.736310778,0.736310778,0.834485549,0.834485549,0.834485549,0.834485549,0.834485549,0.834485549,0.834485549,0.932660319,0.932660319,0.932660319,0.932660319,0.932660319,0.932660319,0.932660319,0.932660319,0.932660319,0.834485549,0.834485549,0.834485549,0.834485549,0.834485549,0.834485549,0.834485549,0.736310778,0.736310778,0.736310778,0.736310778,0.736310778,0.638136008,0.638136008,0.638136008,0.638136008,0.539961237,0.539961237,0.539961237,0.539961237,0.441786467,0.441786467,0.441786467,0.441786467,0.343611696,0.343611696,0.343611696,0.245436926,0.245436926,0.245436926,0.245436926,0.245436926,0.245436926,0.245436926,0.245436926,0.245436926,0.245436926,0.147262156,0.245436926,0.147262156,0.245436926,0.245436926,0.245436926,0.245436926,0.245436926,0.245436926,0.343611696,0.343611696,0.343611696,0.343611696,0.343611696,0.441786467
204.548951149,C01,AP01,client_to_ap,VHT,2,2,2,80,SU,1,4,122,6637c97e16e6ce8a,0.736310778,0.736310778,0.736310778,0.736310778,0.736310778,0.736310778,0.736310778,0.736310778,0.736310778,0.638136008,0.638136008,0.638136008,0.638136008,0.638136008,0.638136008,0.638136008,0.638136008,0.638136008,0.638136008,0.638136008,0.539961237,0.539961237,0.539961237,0.539961237,0.539961237,0.441786467,0.441786467,0.441786467,0.343611696,0.343611696,0.343611696,0.245436926,0.245436926,0.245436926,0.147262156,0.147262156,0.147262156,0.147262156,0.147262156,0.147262156,0.245436926,0.245436926,0.343611696,0.343611696,0.343611696,0.441786467,0.441786467,0.539961237,0.539961237,0.638136008,0.638136008,0.736310778,0.736310778,0.736310778,0.834485549,0.834485549,0.834485549,0.834485549,0.834485549,0.834485549,0.834485549,0.932660319,0.834485549,0.834485549,0.834485549,0.834485549,0.834485549,0.834485549,0.834485549,0.834485549,0.834485549,0.834485549,0.834485549,0.834485549,0.834485549,0.736310778,0.736310778,0.736310778,0.736310778,0.736310778,0.736310778,0.638136008,0.638136008,0.638136008,0.638136008,0.638136008,0.539961237,0.539961237,0.539961237,0.539961237,0.441786467,0.441786467,0.441786467,0.343611696,0.343611696,0.343611696,0.245436926,0.245436926,0.245436926,0.147262156,0.147262156,0.147262156,0.147262156,0.147262156,0.147262156,0.147262156,0.147262156,0.147262156,0.147262156,0.147262156,0.147262156,0.245436926,0.245436926,0.245436926,0.245436926,0.245436926,0.343611696,0.343611696,0.343611696,0.343611696,0.343611696,0.441786467
205.879497051,C01,AP01,client_to_ap,VHT,2,2,2,80,SU,1,4,122,6637c97e16e6ce8a,0.539961237,0.539961237,0.539961237,0.539961237,0.539961237,0.539961237,0.539961237,0.539961237,0.539961237,0.539961237,0.539961237,0.539961237,0.539961237,0.539961237,0.638136008,0.638136008,0.638136008,0.638136008,0.638136008,0.638136008,0.638136008,0.638136008,0.638136008,0.638136008,0.736310778,0.736310778,0.736310778,0.736310778,0.736310778,0.736310778,0.736310778,0.736310778,0.736310778,0.736310778,0.736310778,0.736310778,0.736310778,0.736310778,0.736310778,0.736310778,0.736310778,0.736310778,0.736310778,0.736310778,0.736310778,0.736310778,0.736310778,0.638136008,0.638136008,0.638136008,0.638136008,0.638136008,0.638136008,0.638136008,0.638136008,0.638136008,0.539961237,0.539961237,0.441786467,0.441786467,0.343611696,0.147262156,0.147262156,0.0490873852,0.0490873852,0.0490873852,0.147262156,0.147262156,0.245436926,0.245436926,0.245436926,0.343611696,0.343611696,0.343611696,0.343611696,0.343611696,0.343611696,0.343611696,0.343611696,0.343611696,0.343611696,0.441786467,0.441786467,0.441786467,0.441786467,0.441786467,0.441786467,0.441786467,0.441786467,0.441786467,0.441786467,0.441786467,0.441786467,0.343611696,0.343611696,0.343611696,0.343611696,0.343611696,0.343611696,0.245436926,0.245436926,0.245436926,0.245436926,0.245436926,0.245436926,0.245436926,0.245436926,0.245436926,0.245436926,0.245436926,0.245436926,0.245436926,0.245436926,0.245436926,0.245436926,0.245436926,0.245436926,0.245436926,0.245436926,0.245436926,0.343611696,0.343611696
207.207151175,C01,AP01,client_to_ap,VHT,2,2,2,80,SU,1,4,122,6637c97e16e6ce8a,0.834485549,0.834485549,0.834485549,0.834485549,0.736310778,0.736310778,0.736310778,0.736310778,0.736310778,0.736310778,0.736310778,0.736310778,0.736310778,0.736310778,0.736310778,0.736310778,0.638136008,0.638136008,0.638136008,0.638136008,0.638136008,0.638136008,0.539961237,0.539961237,0.539961237,0.539961237,0.441786467,0.441786467,0.343611696,0.343611696,0.343611696,0.245436926,0.245436926,0.245436926,0.147262156,0.147262156,0.0490873852,0.0490873852,0.0490873852,0.147262156,0.147262156,0.245436926,0.245436926,0.343611696,0.343611696,0.441786467,0.539961237,0.539961237,0.539961237,0.638136008,0.638136008,0.736310778,0.736310778,0.834485549,0.834485549,0.834485549,0.932660319,0.932660319,1.03083509,1.03083509,1.03083509,1.12900986,1.12900986,1.12900986,1.12900986,1.12900986,1.12900986,1.12900986,1.12900986,1.22718463,1.22718463,1.22718463,1.22718463,1.12900986,1.12900986,1.12900986,1.12900986,1.12900986,1.12900986,1.12900986,1.12900986,1.03083509,1.03083509,1.03083509,1.03083509,0.932660319,0.932660319,0.932660319,0.834485549,0.834485549,0.736310778,0.736310778,0.638136008,0.638136008,0.638136008,0.539961237,0.539961237,0.441786467,0.441786467,0.441786467,0.441786467,0.343611696,0.343611696,0.343611696,0.343611696,0.343611696,0.343611696,0.245436926,0.245436926,0.245436926,0.245436926,0.245436926,0.245436926,0.245436926,0.245436926,0.245436926,0.245436926,0.245436926,0.245436926,0.245436926,0.245436926,0.245436926
208.537976980,C01,AP01,client_to_ap,VHT,2,2,2,80,SU,1,4,122,6637c97e16e6ce8a,0.736310778,0.736310778,0.736310778,0.736310778,0.736310778,0.736310778,0.736310778,0.736310778,0.736310778,0.736310778,0.736310778,0.736310778,0.736310778,0.736310778,0.736310778,0.736310778,0.638136008,0.638136008,0.638136008,0.638136008,0.638136008,0.638136008,0.638136008,0.539961237,0.539961237,0.539961237,0.539961237,0.441786467,0.441786467,0.441786467,0.343611696,0.343611696,0.343611696,0.245436926,0.245436926,0.147262156,0.147262156,0.0490873852,0.0490873852,0.0490873852,0.147262156,0.147262156,0.147262156,0.245436926,0.245436926,0.343611696,0.343611696,0.343611696,0.441786467,0.441786467,0.441786467,0.539961237,0.539961237,0.539961237,0.539961237,0.638136008,0.638136008,0.638136008,0.638136008,0.736310778,0.736310778,0.736310778,0.736310778,0.736310778,0.736310778,0.736310778,0.736310778,0.736310778,0.736310778,0.834485549,0.834485549,0.736310778,0.736310778,0.736310778,0.736310778,0.736310778,0.736310778,0.736310778,0.736310778,0.736310778,0.638136008,0.638136008,0.638136008,0.638136008,0.539961237,0.539961237,0.539961237,0.539961237,0.441786467,0.441786467,0.441786467,0.441786467,0.343611696,0.343611696,0.343611696,0.343611696,0.245436926,0.245436926,0.245436926,0.245436926,0.245436926,0.147262156,0.147262156,0.147262156,0.147262156,0.147262156,0.147262156,0.147262156,0.147262156,0.245436926,0.245436926,0.245436926,0.245436926,0.245436926,0.245436926,0.343611696,0.343611696,0.343611696,0.343611696,0.441786467,0.441786467,0.441786467
209.870475054,C01,AP01,client_to_ap,VHT,2,2,2,80,SU,1,4,122,6637c97e16e6ce8a,0.736310778,0.736310778,0.736310778,0.736310778,0.736310778,0.736310778,0.736310778,0.736310778,0.736310778,0.736310778,0.736310778,0.736310778,0.736310778,0.736310778,0.736310778,0.638136008,0.638136008,0.638136008,0.638136008,0.638136008,0.638136008,0.638136008,0.638136008,0.539961237,0.539961237,0.539961237,0.539961237,0.539961237,0.441786467,0.441786467,0.441786467,0.343611696,0.343611696,0.245436926,0.245436926,0.147262156,0.147262156,0.0490873852,0.0490873852,0.0490873852,0.0490873852,0.147262156,0.147262156,0.245436926,0.245436926,0.245436926,0.343611696,0.343611696,0.441786467,0.441786467,0.441786467,0.539961237,0.539961237,0.539961237,0.638136008,0.638136008,0.638136008,0.638136008,0.736310778,0.736310778,0.736310778,0.736310778,0.834485549,0.834485549,0.834485549,0.834485549,0.834485549,0.834485549,0.834485549,0.834485549,0.834485549,0.834485549,0.736310778,0.736310778,0.736310778,0.736310778,0.736310778,0.736310778,0.638136008,0.638136008,0.638136008,0.638136008,0.638136008,0.638136008,0.539961237,0.539961237,0.539961237,0.539961237,0.441786467,0.441786467,0.441786467,0.441786467,0.441786467,0.343611696,0.343611696,0.343611696,0.245436926,0.245436926,0.245436926,0.245436926,0.147262156,0.147262156,0.147262156,0.147262156,0.147262156,0.147262156,0.147262156,0.147262156,0.147262156,0.147262156,0.147262156,0.147262156,0.245436926,0.245436926,0.245436926,0.245436926,0.245436926,0.343611696,0.343611696,0.343611696,0.343611696,0.343611696
211.205796003,C01,AP01,client_to_ap,VHT,2,2,2,80,SU,1,4,122,6637c97e16e6ce8a,0.736310778,0.736310778,0.736310778,0.736310778,0.736310778,0.736310778,0.736310778,0.736310778,0.736310778,0.638136008,0.638136008,0.638136008,0.638136008,0.638136008,0.638136008,0.638136008,0.638136008,0.638136008,0.638136008,0.638136008,0.638136008,0.638136008,0.638136008,0.539961237,0.539961237,0.539961237,0.539961237,0.539961237,0.441786467,0.441786467,0.441786467,0.441786467,0.343611696,0.343611696,0.245436926,0.245436926,0.245436926,0.147262156,0.147262156,0.147262156,0.147262156,0.245436926,0.245436926,0.245436926,0.343611696,0.441786467,0.441786467,0.539961237,0.539961237,0.638136008,0.638136008,0.736310778,0.736310778,0.834485549,0.834485549,0.932660319,0.932660319,0.932660319,0.932660319,0.932660319,0.932660319,1.03083509,1.03083509,0.932660319,0.932660319,1.03083509,0.932660319,0.932660319,0.932660319,0.932660319,0.932660319,0.932660319,0.932660319,0.932660319,0.932660319,0.834485549,0.834485549,0.834485549,0.834485549,0.834485549,0.834485549,0.834485549,0.736310778,0.736310778,0.736310778,0.736310778,0.638136008,0.638136008,0.638136008,0.539961237,0.539961237,0.539961237,0.539961237,0.441786467,0.441786467,0.441786467,0.343611696,0.343611696,0.343611696,0.245436926,0.245436926,0.245436926,0.147262156,0.147262156,0.147262156,0.147262156,0.0490873852,0.0490873852,0.0490873852,0.0490873852,0.0490873852,0.0490873852,0.147262156,0.147262156,0.147262156,0.245436926,0.245436926,0.245436926,0.343611696,0.343611696,0.343611696,0.441786467
212.537638187,C01,AP01,client_to_ap,VHT,2,2,2,80,SU,1,4,122,6637c97e16e6ce8a,0.736310778,0.736310778,0.736310778,0.736310778,0.736310778,0.736310778,0.736310778,0.736310778,0.638136008,0.638136008,0.638136008,0.638136008,0.638136008,0.638136008,0.638136008,0.638136008,0.638136008,0.638136008,0.638136008,0.638136008,0.638136008,0.638136008,0.638136008,0.539961237,0.539961237,0.539961237,0.539961237,0.539961237,0.441786467,0.441786467,0.441786467,0.441786467,0.343611696,0.343611696,0.245436926,0.245436926,0.245436926,0.147262156,0.147262156,0.147262156,0.147262156,0.147262156,0.245436926,0.245436926,0.343611696,0.441786467,0.441786467,0.539961237,0.539961237,0.638136008,0.638136008,0.736310778,0.736310778,0.736310778,0.834485549,0.834485549,0.834485549,0.834485549,0.932660319,0.932660319,0.932660319,0.932660319,0.932660319,0.932660319,0.932660319,0.932660319,0.932660319,0.932660319,0.932660319,0.932660319,0.932660319,0.932660319,0.932660319,0.834485549,0.834485549,0.834485549,0.834485549,0.834485549,0.736310778,0.736310778,0.736310778,0.736310778,0.736310778,0.638136008,0.638136008,0.638136008,0.638136008,0.539961237,0.539961237,0.539961237,0.441786467,0.441786467,0.441786467,0.441786467,0.343611696,0.343611696,0.343611696,0.245436926,0.245436926,0.245436926,0.245436926,0.147262156,0.147262156,0.147262156,0.147262156,0.147262156,0.147262156,0.147262156,0.147262156,0.147262156,0.147262156,0.147262156,0.245436926,0.245436926,0.245436926,0.245436926,0.245436926,0.343611696,0.343611696,0.343611696,0.343611696,0.441786467
213.865150213,C01,AP01,client_to_ap,VHT,2,2,2,80,SU,1,4,122,6637c97e16e6ce8a,0.736310778,0.736310778,0.736310778,0.736310778,0.736310778,0.736310778,0.736310778,0.736310778,0.736310778,0.638136008,0.638136008,0.638136008,0.638136008,0.638136008,0.638136008,0.638136008,0.638136008,0.638136008,0.638136008,0.638136008,0.638136008,0.638136008,0.539961237,0.539961237,0.539961237,0.539961237,0.539961237,0.441786467,0.441786467,0.441786467,0.343611696,0.343611696,0.343611696,0.245436926,0.245436926,0.147262156,0.147262156,0.147262156,0.0490873852,0.147262156,0.147262156,0.147262156,0.245436926,0.245436926,0.343611696,0.343611696,0.441786467,0.441786467,0.539961237,0.539961237,0.638136008,0.638136008,0.638136008,0.736310778,0.736310778,0.736310778,0.834485549,0.834485549,0.834485549,0.834485549,0.834485549,0.932660319,0.932660319,0.932660319,0.932660319,0.932660319,0.932660319,0.932660319,0.932660319,0.932660319,0.834485549,0.834485549,0.834485549,0.834485549,0.834485549,0.834485549,0.834485549,0.834485549,0.834485549,0.736310778,0.736310778,0.736310778,0.736310778,0.736310778,0.638136008,0.638136008,0.638136008,0.638136008,0.539961237,0.539961237,0.539961237,0.441786467,0.441786467,0.441786467,0.441786467,0.343611696,0.343611696,0.245436926,0.245436926,0.245436926,0.245436926,0.147262156,0.147262156,0.147262156,0.147262156,0.147262156,0.147262156,0.147262156,0.147262156,0.147262156,0.147262156,0.147262156,0.245436926,0.245436926,0.245436926,0.245436926,0.343611696,0.343611696,0.343611696,0.343611696,0.441786467,0.441786467
215.195837021,C01,AP01,client_to_ap,VHT,2,2,2,80,SU,1,4,122,6637c97e16e6ce8a,0.736310778,0.736310778,0.736310778,0.736310778,0.736310778,0.736310778,0.736310778,0.736310778,0.638136008,0.638136008,0.638136008,0.638136008,0.638136008,0.638136008,0.638136008,0.638136008,0.638136008,0.638136008,0.638136008,0.638136008,0.638136008,0.638136008,0.539961237,0.539961237,0.539961237,0.539961237,0.539961237,0.539961237,0.441786467,0.441786467,0.441786467,0.343611696,0.343611696,0.245436926,0.245436926,0.245436926,0.147262156,0.147262156,0.147262156,0.147262156,0.147262156,0.147262156,0.245436926,0.245436926,0.343611696,0.343611696,0.441786467,0.441786467,0.539961237,0.539961237,0.638136008,0.638136008,0.736310778,0.736310778,0.736310778,0.736310778,0.834485549,0.834485549,0.834485549,0.834485549,0.834485549,0.932660319,0.932660319,0.932660319,0.932660319,0.932660319,0.932660319,0.932660319,0.932660319,0.932660319,0.932660319,0.932660319,0.834485549,0.834485549,0.834485549,0.834485549,0.834485549,0.834485549,0.736310778,0.736310778,0.736310778,0.736310778,0.736310778,0.638136008,0.638136008,0.638136008,0.638136008,0.638136008,0.539961237,0.539961237,0.539961237,0.441786467,0.441786467,0.441786467,0.343611696,0.343611696,0.245436926,0.245436926,0.245436926,0.245436926,0.147262156,0.147262156,0.147262156,0.147262156,0.147262156,0.147262156,0.147262156,0.147262156,0.147262156,0.147262156,0.147262156,0.147262156,0.147262156,0.245436926,0.245436926,0.245436926,0.343611696,0.343611696,0.343611696,0.343611696,0.343611696,0.441786467
216.527852058,C01,AP01,client_to_ap,VHT,2,2,2,80,SU,1,4,122,6637c97e16e6ce8a,0.736310778,0.736310778,0.736310778,0.736310778,0.736310778,0.736310778,0.736310778,0.736310778,0.736310778,0.638136008,0.638136008,0.638136008,0.638136008,0.638136008,0.638136008,0.638136008,0.638136008,0.638136008,0.638136008,0.638136008,0.638136008,0.638136008,0.539961237,0.539961237,0.539961237,0.539961237,0.539961237,0.539961237,0.441786467,0.441786467,0.441786467,0.343611696,0.343611696,0.245436926,0.245436926,0.245436926,0.147262156,0.147262156,0.147262156,0.147262156,0.147262156,0.147262156,0.245436926,0.245436926,0.343611696,0.343611696,0.441786467,0.441786467,0.539961237,0.539961237,0.638136008,0.638136008,0.638136008,0.736310778,0.736310778,0.834485549,0.834485549,0.834485549,0.834485549,0.834485549,0.932660319,0.932660319,0.932660319,0.932660319,0.932660319,0.932660319,0.932660319,0.932660319,0.932660319,0.932660319,0.932660319,0.834485549,0.834485549,0.834485549,0.834485549,0.834485549,0.834485549,0.834485549,0.736310778,0.736310778,0.736310778,0.736310778,0.736310778,0.638136008,0.638136008,0.638136008,0.638136008,0.638136008,0.539961237,0.539961237,0.539961237,0.441786467,0.441786467,0.441786467,0.343611696,0.343611696,0.343611696,0.245436926,0.245436926,0.245436926,0.147262156,0.147262156,0.147262156,0.147262156,0.147262156,0.147262156,0.147262156,0.147262156,0.147262156,0.147262156,0.147262156,0.147262156,0.147262156,0.245436926,0.245436926,0.245436926,0.245436926,0.343611696,0.343611696,0.343611696,0.343611696,0.441786467
217.859789133,C01,AP01,client_to_ap,VHT,2,2,2,80,SU,1,4,122,6637c97e16e6ce8a,0.736310778,0.736310778,0.736310778,0.736310778,0.736310778,0.736310778,0.736310778,0.638136008,0.638136008,0.638136008,0.638136008,0.638136008,0.638136008,0.638136008,0.638136008,0.638136008,0.638136008,0.638136008,0.638136008,0.638136008,0.638136008,0.638136008,0.539961237,0.539961237,0.539961237,0.539961237,0.539961237,0.441786467,0.441786467,0.441786467,0.441786467,0.343611696,0.343611696,0.245436926,0.245436926,0.245436926,0.147262156,0.147262156,0.147262156,0.147262156,0.147262156,0.147262156,0.245436926,0.245436926,0.343611696,0.343611696,0.441786467,0.441786467,0.539961237,0.539961237,0.638136008,0.638136008,0.736310778,0.736310778,0.736310778,0.834485549,0.834485549,0.834485549,0.834485549,0.834485549,0.932660319,0.932660319,0.932660319,0.932660319,0.932660319,0.932660319,0.932660319,0.932660319,0.932660319,0.932660319,0.932660319,0.834485549,0.834485549,0.834485549,0.834485549,0.834485549,0.834485549,0.834485549,0.736310778,0.736310778,0.736310778,0.736310778,0.736310778,0.638136008,0.638136008,0.638136008,0.638136008,0.539961237,0.539961237,0.539961237,0.539961237,0.441786467,0.441786467,0.441786467,0.343611696,0.343611696,0.343611696,0.245436926,0.245436926,0.245436926,0.245436926,0.147262156,0.147262156,0.147262156,0.147262156,0.147262156,0.147262156,0.147262156,0.147262156,0.147262156,0.147262156,0.147262156,0.147262156,0.245436926,0.245436926,0.245436926,0.245436926,0.343611696,0.343611696,0.343611696,0.343611696,0.441786467
219.196135998,C01,AP01,client_to_ap,VHT,2,2,2,80,SU,1,4,122,6637c97e16e6ce8a,0.736310778,0.736310778,0.736310778,0.736310778,0.736310778,0.736310778,0.736310778,0.638136008,0.638136008,0.638136008,0.638136008,0.638136008,0.638136008,0.638136008,0.638136008,0.638136008,0.638136008,0.638136008,0.638136008,0.638136008,0.638136008,0.638136008,0.539961237,0.539961237,0.539961237,0.539961237,0.539961237,0.539961237,0.441786467,0.441786467,0.441786467,0.343611696,0.343611696,0.245436926,0.245436926,0.245436926,0.147262156,0.147262156,0.147262156,0.147262156,0.147262156,0.147262156,0.245436926,0.245436926,0.343611696,0.343611696,0.441786467,0.441786467,0.539961237,0.638136008,0.638136008,0.736310778,0.736310778,0.736310778,0.736310778,0.834485549,0.834485549,0.834485549,0.834485549,0.932660319,0.932660319,0.932660319,0.932660319,0.932660319,0.932660319,0.932660319,0.932660319,0.932660319,0.932660319,0.932660319,0.932660319,0.834485549,0.834485549,0.834485549,0.834485549,0.834485549,0.834485549,0.834485549,0.736310778,0.736310778,0.736310778,0.736310778,0.736310778,0.638136008,0.638136008,0.638136008,0.638136008,0.638136008,0.539961237,0.539961237,0.539961237,0.441786467,0.441786467,0.441786467,0.343611696,0.343611696,0.245436926,0.245436926,0.245436926,0.245436926,0.147262156,0.147262156,0.147262156,0.147262156,0.147262156,0.147262156,0.147262156,0.147262156,0.147262156,0.147262156,0.147262156,0.147262156,0.147262156,0.147262156,0.245436926,0.245436926,0.245436926,0.343611696,0.343611696,0.343611696,0.343611696,0.441786467
220.522378206,C01,AP01,client_to_ap,VHT,2,2,2,80,SU,1,4,122,6637c97e16e6ce8a,0.736310778,0.736310778,0.736310778,0.736310778,0.736310778,0.736310778,0.736310778,0.736310778,0.736310778,0.638136008,0.638136008,0.638136008,0.638136008,0.638136008,0.638136008,0.638136008,0.638136008,0.638136008,0.638136008,0.638136008,0.638136008,0.638136008,0.539961237,0.539961237,0.539961237,0.539961237,0.539961237,0.441786467,0.441786467,0.441786467,0.343611696,0.343611696,0.343611696,0.245436926,0.245436926,0.147262156,0.147262156,0.147262156,0.147262156,0.147262156,0.147262156,0.147262156,0.245436926,0.245436926,0.343611696,0.343611696,0.441786467,0.441786467,0.539961237,0.539961237,0.638136008,0.638136008,0.736310778,0.736310778,0.834485549,0.834485549,0.834485549,0.834485549,0.834485549,0.932660319,0.932660319,0.932660319,0.932660319,0.932660319,0.932660319,0.932660319,0.932660319,0.932660319,0.932660319,0.932660319,0.932660319,0.834485549,0.834485549,0.834485549,0.834485549,0.834485549,0.834485549,0.736310778,0.736310778,0.736310778,0.736310778,0.736310778,0.638136008,0.638136008,0.638136008,0.638136008,0.638136008,0.539961237,0.539961237,0.539961237,0.539961237,0.441786467,0.441786467,0.441786467,0.343611696,0.343611696,0.343611696,0.245436926,0.245436926,0.245436926,0.245436926,0.147262156,0.147262156,0.147262156,0.147262156,0.147262156,0.147262156,0.147262156,0.147262156,0.147262156,0.147262156,0.147262156,0.147262156,0.245436926,0.245436926,0.245436926,0.245436926,0.343611696,0.343611696,0.343611696,0.343611696,0.343611696
221.850890160,C01,AP01,client_to_ap,VHT,2,2,2,80,SU,1,4,122,6637c97e16e6ce8a,0.736310778,0.736310778,0.736310778,0.736310778,0.736310778,0.736310778,0.736310778,0.736310778,0.638136008,0.638136008,0.638136008,0.638136008,0.638136008,0.638136008,0.638136008,0.638136008,0.638136008,0.638136008,0.638136008,0.539961237,0.539961237,0.539961237,0.539961237,0.539961237,0.539961237,0.441786467,0.441786467,0.441786467,0.441786467,0.343611696,0.343611696,0.343611696,0.245436926,0.245436926,0.147262156,0.147262156,0.147262156,0.0490873852,0.0490873852,0.147262156,0.147262156,0.245436926,0.245436926,0.245436926,0.343611696,0.441786467,0.441786467,0.441786467,0.539961237,0.539961237,0.638136008,0.638136008,0.638136008,0.736310778,0.736310778,0.834485549,0.834485549,0.834485549,0.834485549,0.834485549,0.834485549,0.932660319,0.932660319,0.932660319,0.932660319,0.932660319,0.932660319,0.932660319,0.932660319,0.932660319,0.932660319,0.932660319,0.932660319,0.932660319,0.834485549,0.834485549,0.834485549,0.834485549,0.834485549,0.834485549,0.834485549,0.736310778,0.736310778,0.736310778,0.736310778,0.736310778,0.638136008,0.638136008,0.638136008,0.539961237,0.539961237,0.539961237,0.441786467,0.441786467,0.441786467,0.343611696,0.343611696,0.245436926,0.245436926,0.245436926,0.245436926,0.147262156,0.147262156,0.147262156,0.147262156,0.147262156,0.147262156,0.147262156,0.147262156,0.147262156,0.147262156,0.147262156,0.147262156,0.147262156,0.245436926,0.245436926,0.245436926,0.343611696,0.343611696,0.343611696,0.343611696,0.441786467
223.185891151,C01,AP01,client_to_ap,VHT,2,2,2,80,SU,1,4,122,6637c97e16e6ce8a,0.736310778,0.638136008,0.638136008,0.638136008,0.638136008,0.638136008,0.638136008,0.638136008,0.638136008,0.638136008,0.638136008,0.638136008,0.638136008,0.638136008,0.638136008,0.638136008,0.539961237,0.539961237,0.539961237,0.539961237,0.539961237,0.539961237,0.539961237,0.539961237,0.539961237,0.441786467,0.441786467,0.441786467,0.441786467,0.343611696,0.343611696,0.343611696,0.343611696,0.245436926,0.245436926,0.147262156,0.147262156,0.0490873852,0.0490873852,0.0490873852,0.0490873852,0.147262156,0.147262156,0.245436926,0.343611696,0.343611696,0.441786467,0.441786467,0.441786467,0.539961237,0.539961237,0.638136008,0.638136008,0.736310778,0.736310778,0.736310778,0.834485549,0.736310778,0.834485549,0.834485549,0.834485549,0.834485549,0.834485549,0.834485549,0.834485549,0.834485549,0.834485549,0.834485549,0.834485549,0.834485549,0.834485549,0.834485549,0.736310778,0.736310778,0.736310778,0.736310778,0.736310778,0.736310778,0.736310778,0.736310778,0.736310778,0.638136008,0.638136008,0.638136008,0.638136008,0.638136008,0.638136008,0.638136008,0.638136008,0.638136008,0.539961237,0.539961237,0.539961237,0.539961237,0.539961237,0.441786467,0.441786467,0.441786467,0.441786467,0.343611696,0.343611696,0.343611696,0.343611696,0.343611696,0.245436926,0.245436926,0.245436926,0.245436926,0.245436926,0.245436926,0.245436926,0.245436926,0.245436926,0.245436926,0.245436926,0.245436926,0.245436926,0.245436926,0.245436926,0.245436926,0.245436926,0.245436926
224.517602205,C01,AP01,client_to_ap,VHT,2,2,2,80,SU,1,4,122,6637c97e16e6ce8a,0.834485549,0.834485549,0.834485549,0.834485549,0.834485549,0.834485549,0.834485549,0.834485549,0.834485549,0.834485549,0.834485549,0.834485549,0.834485549,0.834485549,0.834485549,0.834485549,0.834485549,0.834485549,0.834485549,0.736310778,0.736310778,0.736310778,0.736310778,0.736310778,0.736310778,0.736310778,0.736310778,0.638136008,0.638136008,0.638136008,0.638136008,0.539961237,0.539961237,0.539961237,0.441786467,0.441786467,0.343611696,0.343611696,0.343611696,0.245436926,0.245436926,0.245436926,0.245436926,0.245436926,0.245436926,0.343611696,0.343611696,0.343611696,0.441786467,0.441786467,0.539961237,0.539961237,0.539961237,0.638136008,0.638136008,0.638136008,0.638136008,0.638136008,0.736310778,0.736310778,0.736310778,0.736310778,0.736310778,0.736310778,0.736310778,0.736310778,0.736310778,0.736310778,0.736310778,0.736310778,0.736310778,0.736310778,0.736310778,0.736310778,0.638136008,0.638136008,0.638136008,0.638136008,0.638136008,0.539961237,0.539961237,0.539961237,0.539961237,0.441786467,0.441786467,0.441786467,0.441786467,0.441786467,0.343611696,0.343611696,0.343611696,0.343611696,0.343611696,0.245436926,0.245436926,0.245436926,0.245436926,0.245436926,0.245436926,0.245436926,0.245436926,0.245436926,0.245436926,0.245436926,0.245436926,0.343611696,0.343611696,0.343611696,0.343611696,0.343611696,0.343611696,0.343611696,0.441786467,0.441786467,0.441786467,0.441786467,0.441786467,0.441786467,0.441786467,0.441786467,0.441786467,0.441786467
225.849028111,C01,AP01,client_to_ap,VHT,2,2,2,80,SU,1,4,122,6637c97e16e6ce8a,0.638136008,0.638136008,0.638136008,0.638136008,0.638136008,0.638136008,0.638136008,0.638136008,0.638136008,0.638136008,0.638136008,0.638136008,0.638136008,0.539961237,0.539961237,0.539961237,0.539961237,0.539961237,0.539961237,0.539961237,0.539961237,0.539961237,0.539961237,0.441786467,0.441786467,0.441786467,0.441786467,0.441786467,0.343611696,0.343611696,0.343611696,0.343611696,0.245436926,0.245436926,0.147262156,0.147262156,0.147262156,0.0490873852,0.0490873852,0.0490873852,0.0490873852,0.0490873852,0.0490873852,0.147262156,0.147262156,0.147262156,0.245436926,0.245436926,0.245436926,0.245436926,0.343611696,0.343611696,0.343611696,0.441786467,0.441786467,0.441786467,0.441786467,0.441786467,0.539961237,0.539961237,0.539961237,0.539961237,0.539961237,0.539961237,0.539961237,0.539961237,0.539961237,0.539961237,0.539961237,0.539961237,0.539961237,0.539961237,0.539961237,0.539961237,0.539961237,0.539961237,0.539961237,0.539961237,0.441786467,0.441786467,0.441786467,0.441786467,0.441786467,0.441786467,0.441786467,0.343611696,0.343611696,0.343611696,0.343611696,0.343611696,0.343611696,0.245436926,0.245436926,0.245436926,0.245436926,0.245436926,0.245436926,0.147262156,0.147262156,0.147262156,0.147262156,0.147262156,0.147262156,0.0490873852,0.0490873852,0.0490873852,0.0490873852,0.0490873852,0.0490873852,0.0490873852,0.0490873852,0.0490873852,0.147262156,0.147262156,0.147262156,0.147262156,0.147262156,0.245436926,0.245436926,0.245436926,0.245436926,0.245436926
227.185559034,C01,AP01,client_to_ap,VHT,2,2,2,80,SU,1,4,122,6637c97e16e6ce8a,0.834485549,0.834485549,0.834485549,0.834485549,0.834485549,0.834485549,0.834485549,0.834485549,0.834485549,0.834485549,0.834485549,0.834485549,0.736310778,0.736310778,0.736310778,0.736310778,0.736310778,0.736310778,0.736310778,0.736310778,0.736310778,0.736310778,0.736310778,0.736310778,0.736310778,0.736310778,0.736310778,0.736310778,0.736310778,0.736310778,0.736310778,0.736310778,0.834485549,0.834485549,0.834485549,0.932660319,0.932660319,0.932660319,0.932660319,1.03083509,1.03083509,1.03083509,1.03083509,1.03083509,1.03083509,1.12900986,1.03083509,1.03083509,1.03083509,1.03083509,1.03083509,1.03083509,1.03083509,1.03083509,1.03083509,1.03083509,1.03083509,1.03083509,1.03083509,1.03083509,1.03083509,0.932660319,0.932660319,0.932660319,0.932660319,0.932660319,0.932660319,0.932660319,0.932660319,0.932660319,0.932660319,0.834485549,0.834485549,0.834485549,0.834485549,0.834485549,0.834485549,0.736310778,0.736310778,0.736310778,0.736310778,0.736310778,0.638136008,0.638136008,0.638136008,0.539961237,0.539961237,0.539961237,0.441786467,0.441786467,0.343611696,0.343611696,0.245436926,0.245436926,0.147262156,0.147262156,0.0490873852,0.0490873852,0.0490873852,0.0490873852,0.147262156,0.147262156,0.147262156,0.245436926,0.245436926,0.245436926,0.245436926,0.245436926,0.343611696,0.343611696,0.343611696,0.343611696,0.441786467,0.441786467,0.441786467,0.539961237,0.539961237,0.539961237,0.539961237,0.539961237,0.539961237,0.638136008
228.517333031,C01,AP01,client_to_ap,VHT,2,2,2,80,SU,1,4,122,6637c97e16e6ce8a,0.736310778,0.736310778,0.736310778,0.736310778,0.736310778,0.736310778,0.736310778,0.736310778,0.736310778,0.638136008,0.638136008,0.638136008,0.638136008,0.638136008,0.638136008,0.638136008,0.638136008,0.638136008,0.638136008,0.638136008,0.539961237,0.539961237,0.539961237,0.539961237,0.539961237,0.539961237,0.441786467,0.441786467,0.441786467,0.441786467,0.343611696,0.343611696,0.245436926,0.245436926,0.245436926,0.147262156,0.147262156,0.0490873852,0.0490873852,0.0490873852,0.0490873852,0.147262156,0.147262156,0.245436926,0.245436926,0.343611696,0.343611696,0.441786467,0.539961237,0.539961237,0.539961237,0.638136008,0.638136008,0.736310778,0.736310778,0.736310778,0.834485549,0.834485549,0.834485549,0.834485549,0.834485549,0.932660319,0.932660319,0.932660319,0.932660319,0.932660319,0.932660319,0.932660319,0.932660319,0.932660319,0.932660319,0.932660319,0.834485549,0.834485549,0.834485549,0.834485549,0.834485549,0.736310778,0.736310778,0.736310778,0.736310778,0.736310778,0.638136008,0.638136008,0.638136008,0.638136008,0.539961237,0.539961237,0.539961237,0.539961237,0.441786467,0.441786467,0.441786467,0.441786467,0.343611696,0.343611696,0.343611696,0.245436926,0.245436926,0.245436926,0.245436926,0.245436926,0.245436926,0.245436926,0.245436926,0.147262156,0.147262156,0.147262156,0.245436926,0.147262156,0.147262156,0.245436926,0.245436926,0.245436926,0.245436926,0.245436926,0.245436926,0.245436926,0.343611696,0.343611696,0.343611696,0.343611696
229.850079060,C01,AP01,client_to_ap,VHT,2,2,2,80,SU,1,4,122,6637c97e16e6ce8a,0.834485549,0.834485549,0.736310778,0.736310778,0.736310778,0.736310778,0.736310778,0.736310778,0.736310778,0.736310778,0.736310778,0.736310778,0.736310778,0.736310778,0.736310778,0.736310778,0.736310778,0.638136008,0.638136008,0.638136008,0.638136008,0.638136008,0.638136008,0.638136008,0.638136008,0.539961237,0.539961237,0.539961237,0.539961237,0.441786467,0.441786467,0.441786467,0.441786467,0.343611696,0.343611696,0.245436926,0.245436926,0.147262156,0.147262156,0.147262156,0.147262156,0.147262156,0.147262156,0.147262156,0.245436926,0.343611696,0.343611696,0.441786467,0.441786467,0.539961237,0.539961237,0.638136008,0.638136008,0.638136008,0.736310778,0.736310778,0.736310778,0.736310778,0.834485549,0.834485549,0.834485549,0.834485549,0.834485549,0.834485549,0.834485549,0.834485549,0.834485549,0.834485549,0.834485549,0.834485549,0.834485549,0.834485549,0.834485549,0.834485549,0.834485549,0.834485549,0.834485549,0.834485549,0.736310778,0.736310778,0.736310778,0.736310778,0.736310778,0.638136008,0.638136008,0.638136008,0.638136008,0.638136008,0.539961237,0.539961237,0.539961237,0.441786467,0.441786467,0.441786467,0.343611696,0.343611696,0.343611696,0.245436926,0.245436926,0.245436926,0.147262156,0.147262156,0.147262156,0.147262156,0.147262156,0.147262156,0.147262156,0.147262156,0.147262156,0.147262156,0.147262156,0.147262156,0.245436926,0.245436926,0.245436926,0.245436926,0.343611696,0.343611696,0.343611696,0.343611696,0.343611696,0.441786467
231.185674191,C01,AP01,client_to_ap,VHT,2,2,2,80,SU,1,4,122,6637c97e16e6ce8a,0.736310778,0.736310778,0.736310778,0.736310778,0.736310778,0.638136008,0.638136008,0.638136008,0.638136008,0.638136008,0.638136008,0.638136008,0.638136008,0.638136008,0.638136008,0.638136008,0.638136008,0.638136008,0.638136008,0.638136008,0.638136008,0.638136008,0.539961237,0.539961237,0.539961237,0.539961237,0.539961237,0.441786467,0.441786467,0.441786467,0.343611696,0.343611696,0.343611696,0.245436926,0.245436926,0.245436926,0.147262156,0.147262156,0.147262156,0.0490873852,0.147262156,0.147262156,0.245436926,0.245436926,0.343611696,0.441786467,0.441786467,0.539961237,0.539961237,0.638136008,0.638136008,0.736310778,0.736310778,0.736310778,0.834485549,0.834485549,0.834485549,0.834485549,0.932660319,0.932660319,0.932660319,0.932660319,0.932660319,0.932660319,0.932660319,0.932660319,0.932660319,0.932660319,0.932660319,0.932660319,0.932660319,0.932660319,0.834485549,0.834485549,0.834485549,0.834485549,0.834485549,0.834485549,0.736310778,0.736310778,0.736310778,0.736310778,0.736310778,0.638136008,0.638136008,0.638136008,0.638136008,0.638136008,0.539961237,0.539961237,0.539961237,0.441786467,0.441786467,0.441786467,0.343611696,0.343611696,0.343611696,0.245436926,0.245436926,0.245436926,0.147262156,0.147262156,0.147262156,0.147262156,0.147262156,0.147262156,0.147262156,0.147262156,0.147262156,0.147262156,0.147262156,0.147262156,0.147262156,0.245436926,0.245436926,0.245436926,0.245436926,0.343611696,0.343611696,0.343611696,0.343611696,0.441786467
232.517702103,C01,AP01,client_to_ap,VHT,2,2,2,80,SU,1,4,122,6637c97e16e6ce8a,0.736310778,0.736310778,0.736310778,0.736310778,0.736310778,0.736310778,0.736310778,0.638136008,0.638136008,0.638136008,0.638136008,0.638136008,0.638136008,0.638136008,0.638136008,0.638136008,0.638136008,0.638136008,0.638136008,0.638136008,0.638136008,0.539961237,0.539961237,0.539961237,0.539961237,0.539961237,0.539961237,0.441786467,0.441786467,0.441786467,0.441786467,0.343611696,0.343611696,0.343611696,0.245436926,0.245436926,0.147262156,0.147262156,0.147262156,0.147262156,0.147262156,0.147262156,0.147262156,0.245436926,0.245436926,0.343611696,0.441786467,0.441786467,0.539961237,0.539961237,0.638136008,0.638136008,0.736310778,0.736310778,0.736310778,0.834485549,0.834485549,0.834485549,0.834485549,0.834485549,0.932660319,0.932660319,0.932660319,0.932660319,0.932660319,0.932660319,0.932660319,0.932660319,0.932660319,0.932660319,0.932660319,0.932660319,0.834485549,0.834485549,0.834485549,0.834485549,0.834485549,0.834485549,0.736310778,0.736310778,0.736310778,0.736310778,0.736310778,0.638136008,0.638136008,0.638136008,0.638136008,0.638136008,0.539961237,0.539961237,0.539961237,0.441786467,0.441786467,0.441786467,0.343611696,0.343611696,0.343611696,0.245436926,0.245436926,0.245436926,0.245436926,0.245436926,0.147262156,0.147262156,0.147262156,0.147262156,0.147262156,0.147262156,0.147262156,0.147262156,0.147262156,0.147262156,0.245436926,0.245436926,0.245436926,0.245436926,0.245436926,0.343611696,0.343611696,0.343611696,0.343611696,0.441786467
233.844818115,C01,AP01,client_to_ap,VHT,2,2,2,80,SU,1,4,122,6637c97e16e6ce8a,0.736310778,0.736310778,0.736310778,0.736310778,0.736310778,0.736310778,0.736310778,0.736310778,0.736310778,0.638136008,0.638136008,0.638136008,0.638136008,0.638136008,0.638136008,0.638136008,0.638136008,0.638136008,0.638136008,0.638136008,0.638136008,0.638136008,0.539961237,0.539961237,0.539961237,0.539961237,0.539961237,0.441786467,0.441786467,0.441786467,0.441786467,0.343611696,0.343611696,0.245436926,0.245436926,0.245436926,0.147262156,0.147262156,0.147262156,0.147262156,0.147262156,0.147262156,0.147262156,0.245436926,0.343611696,0.343611696,0.441786467,0.441786467,0.539961237,0.539961237,0.539961237,0.638136008,0.638136008,0.736310778,0.736310778,0.736310778,0.834485549,0.834485549,0.834485549,0.834485549,0.834485549,0.932660319,0.932660319,0.932660319,0.932660319,0.932660319,0.932660319,0.932660319,0.932660319,0.932660319,0.932660319,0.932660319,0.834485549,0.834485549,0.834485549,0.834485549,0.834485549,0.834485549,0.736310778,0.736310778,0.736310778,0.736310778,0.638136008,0.638136008,0.638136008,0.638136008,0.638136008,0.539961237,0.539961237,0.539961237,0.441786467,0.441786467,0.441786467,0.441786467,0.343611696,0.343611696,0.343611696,0.245436926,0.245436926,0.245436926,0.245436926,0.147262156,0.147262156,0.147262156,0.147262156,0.147262156,0.147262156,0.147262156,0.147262156,0.147262156,0.147262156,0.147262156,0.245436926,0.245436926,0.245436926,0.245436926,0.245436926,0.343611696,0.343611696,0.343611696,0.343611696,0.441786467
235.175450087,C01,AP01,client_to_ap,VHT,2,2,2,80,SU,1,4,122,6637c97e16e6ce8a,0.736310778,0.736310778,0.736310778,0.736310778,0.736310778,0.736310778,0.736310778,0.736310778,0.736310778,0.638136008,0.638136008,0.736310778,0.736310778,0.638136008,0.638136008,0.638136008,0.638136008,0.638136008,0.638136008,0.638136008,0.638136008,0.638136008,0.638136008,0.638136008,0.539961237,0.539961237,0.539961237,0.539961237,0.441786467,0.441786467,0.441786467,0.343611696,0.343611696,0.343611696,0.245436926,0.245436926,0.147262156,0.147262156,0.147262156,0.147262156,0.147262156,0.147262156,0.245436926,0.245436926,0.343611696,0.343611696,0.441786467,0.441786467,0.539961237,0.539961237,0.539961237,0.638136008,0.638136008,0.638136008,0.736310778,0.736310778,0.736310778,0.736310778,0.834485549,0.834485549,0.834485549,0.834485549,0.834485549,0.834485549,0.834485549,0.834485549,0.834485549,0.834485549,0.834485549,0.834485549,0.834485549,0.834485549,0.834485549,0.834485549,0.834485549,0.736310778,0.736310778,0.736310778,0.736310778,0.736310778,0.638136008,0.638136008,0.638136008,0.638136008,0.638136008,0.539961237,0.539961237,0.539961237,0.539961237,0.441786467,0.441786467,0.441786467,0.441786467,0.441786467,0.343611696,0.343611696,0.343611696,0.245436926,0.245436926,0.245436926,0.245436926,0.245436926,0.245436926,0.245436926,0.245436926,0.245436926,0.245436926,0.245436926,0.245436926,0.245436926,0.245436926,0.245436926,0.245436926,0.245436926,0.245436926,0.245436926,0.245436926,0.245436926,0.245436926,0.343611696,0.343611696,0.343611696
236.507981062,C01,AP01,client_to_ap,VHT,2,2,2,80,SU,1,4,122,6637c97e16e6ce8a,0.736310778,0.736310778,0.736310778,0.638136008,0.638136008,0.638136008,0.638136008,0.638136008,0.638136008,0.638136008,0.638136008,0.638136008,0.638136008,0.638136008,0.638136008,0.638136008,0.638136008,0.638136008,0.539961237,0.539961237,0.539961237,0.539961237,0.539961237,0.539961237,0.441786467,0.441786467,0.441786467,0.441786467,0.343611696,0.343611696,0.343611696,0.343611696,0.245436926,0.245436926,0.245436926,0.147262156,0.147262156,0.147262156,0.147262156,0.147262156,0.245436926,0.245436926,0.245436926,0.343611696,0.441786467,0.441786467,0.539961237,0.539961237,0.638136008,0.638136008,0.736310778,0.736310778,0.834485549,0.834485549,0.834485549,0.932660319,0.932660319,0.932660319,0.932660319,0.932660319,0.932660319,1.03083509,1.03083509,1.03083509,1.03083509,1.03083509,1.03083509,0.932660319,0.932660319,0.932660319,0.932660319,0.932660319,0.932660319,0.932660319,0.932660319,0.834485549,0.834485549,0.834485549,0.834485549,0.834485549,0.736310778,0.736310778,0.736310778,0.736310778,0.638136008,0.638136008,0.638136008,0.638136008,0.539961237,0.539961237,0.539961237,0.441786467,0.441786467,0.441786467,0.343611696,0.343611696,0.343611696,0.245436926,0.245436926,0.245436926,0.147262156,0.147262156,0.147262156,0.147262156,0.147262156,0.147262156,0.147262156,0.147262156,0.147262156,0.147262156,0.147262156,0.147262156,0.245436926,0.245436926,0.245436926,0.343611696,0.343611696,0.343611696,0.343611696,0.441786467,0.441786467,0.441786467
237.841586113,C01,AP01,client_to_ap,VHT,2,2,2,80,SU,1,4,122,6637c97e16e6ce8a,0.736310778,0.736310778,0.736310778,0.736310778,0.736310778,0.736310778,0.736310778,0.736310778,0.736310778,0.736310778,0.736310778,0.736310778,0.736310778,0.736310778,0.736310778,0.736310778,0.736310778,0.736310778,0.736310778,0.736310778,0.736310778,0.736310778,0.736310778,0.736310778,0.736310778,0.638136008,0.638136008,0.638136008,0.638136008,0.638136008,0.638136008,0.638136008,0.539961237,0.539961237,0.539961237,0.539961237,0.441786467,0.441786467,0.441786467,0.343611696,0.343611696,0.343611696,0.245436926,0.245436926,0.245436926,0.147262156,0.147262156,0.147262156,0.0490873852,0.0490873852,0.0490873852,0.0490873852,0.147262156,0.147262156,0.245436926,0.245436926,0.343611696,0.343611696,0.441786467,0.441786467,0.441786467,0.539961237,0.539961237,0.638136008,0.638136008,0.638136008,0.638136008,0.638136008,0.638136008,0.638136008,0.638136008,0.638136008,0.638136008,0.638136008,0.638136008,0.638136008,0.638136008,0.638136008,0.638136008,0.638136008,0.539961237,0.539961237,0.539961237,0.539961237,0.539961237,0.441786467,0.441786467,0.441786467,0.441786467,0.441786467,0.343611696,0.343611696,0.343611696,0.343611696,0.343611696,0.343611696,0.245436926,0.245436926,0.245436926,0.245436926,0.245436926,0.245436926,0.245436926,0.245436926,0.245436926,0.245436926,0.245436926,0.245436926,0.245436926,0.245436926,0.245436926,0.245436926,0.245436926,0.245436926,0.343611696,0.343611696,0.343611696,0.343611696,0.343611696,0.441786467,0.441786467,0.441786467
239.175137043,C01,AP01,client_to_ap,VHT,2,2,2,80,SU,1,4,122,6637c97e16e6ce8a,0.834485549,0.736310778,0.736310778,0.736310778,0.736310778,0.736310778,0.736310778,0.736310778,0.736310778,0.736310778,0.736310778,0.736310778,0.736310778,0.638136008,0.638136008,0.638136008,0.638136008,0.638136008,0.638136008,0.638136008,0.539961237,0.539961237,0.539961237,0.539961237,0.539961237,0.441786467,0.441786467,0.441786467,0.343611696,0.343611696,0.343611696,0.343611696,0.245436926,0.245436926,0.147262156,0.147262156,0.147262156,0.0490873852,0.0490873852,0.0490873852,0.147262156,0.147262156,0.245436926,0.245436926,0.343611696,0.343611696,0.441786467,0.441786467,0.441786467,0.539961237,0.539961237,0.638136008,0.638136008,0.638136008,0.736310778,0.736310778,0.834485549,0.834485549,0.834485549,0.834485549,0.834485549,0.932660319,0.932660319,0.932660319,0.932660319,0.932660319,1.03083509,1.03083509,1.03083509,1.03083509,1.03083509,1.03083509,1.03083509,1.03083509,0.932660319,0.932660319,0.932660319,0.932660319,0.932660319,0.932660319,0.932660319,0.834485549,0.834485549,0.834485549,0.834485549,0.736310778,0.736310778,0.736310778,0.736310778,0.638136008,0.638136008,0.638136008,0.539961237,0.539961237,0.441786467,0.441786467,0.441786467,0.343611696,0.343611696,0.343611696,0.343611696,0.343611696,0.343611696,0.245436926,0.245436926,0.245436926,0.245436926,0.245436926,0.245436926,0.245436926,0.245436926,0.147262156,0.147262156,0.147262156,0.147262156,0.147262156,0.147262156,0.147262156,0.245436926,0.245436926,0.245436926,0.245436926
240.507066011,C01,AP01,client_to_ap,VHT,2,2,2,80,SU,1,4,122,6637c97e16e6ce8a,0.736310778,0.736310778,0.736310778,0.736310778,0.736310778,0.736310778,0.736310778,0.736310778,0.736310778,0.736310778,0.736310778,0.736310778,0.736310778,0.736310778,0.736310778,0.736310778,0.736310778,0.638136008,0.638136008,0.638136008,0.638136008,0.638136008,0.638136008,0.638136008,0.539961237,0.539961237,0.539961237,0.539961237,0.441786467,0.441786467,0.441786467,0.343611696,0.343611696,0.245436926,0.245436926,0.147262156,0.147262156,0.147262156,0.0490873852,0.0490873852,0.147262156,0.147262156,0.245436926,0.245436926,0.343611696,0.343611696,0.441786467,0.441786467,0.539961237,0.539961237,0.539961237,0.638136008,0.638136008,0.638136008,0.638136008,0.736310778,0.736310778,0.736310778,0.736310778,0.736310778,0.736310778,0.736310778,0.736310778,0.736310778,0.736310778,0.736310778,0.736310778,0.638136008,0.638136008,0.638136008,0.638136008,0.638136008,0.638136008,0.638136008,0.638136008,0.539961237,0.539961237,0.539961237,0.539961237,0.539961237,0.539961237,0.441786467,0.441786467,0.441786467,0.441786467,0.441786467,0.441786467,0.441786467,0.343611696,0.343611696,0.343611696,0.343611696,0.343611696,0.343611696,0.245436926,0.245436926,0.245436926,0.245436926,0.245436926,0.245436926,0.245436926,0.245436926,0.245436926,0.245436926,0.245436926,0.245436926,0.245436926,0.245436926,0.245436926,0.245436926,0.245436926,0.245436926,0.245436926,0.245436926,0.245436926,0.245436926,0.245436926,0.245436926,0.343611696,0.343611696,0.343611696,0.343611696
241.837606192,C01,AP01,client_to_ap,VHT,2,2,2,80,SU,1,4,122,6637c97e16e6ce8a,0.736310778,0.736310778,0.736310778,0.736310778,0.736310778,0.736310778,0.638136008,0.736310778,0.638136008,0.638136008,0.638136008,0.638136008,0.638136008,0.638136008,0.638136008,0.638136008,0.638136008,0.638136008,0.638136008,0.638136008,0.638136008,0.638136008,0.539961237,0.539961237,0.539961237,0.539961237,0.539961237,0.441786467,0.441786467,0.441786467,0.441786467,0.343611696,0.343611696,0.343611696,0.245436926,0.245436926,0.147262156,0.147262156,0.0490873852,0.0490873852,0.147262156,0.147262156,0.245436926,0.245436926,0.343611696,0.343611696,0.441786467,0.441786467,0.539961237,0.539961237,0.539961237,0.638136008,0.638136008,0.638136008,0.736310778,0.736310778,0.736310778,0.834485549,0.834485549,0.834485549,0.834485549,0.834485549,0.834485549,0.932660319,0.932660319,0.932660319,0.932660319,0.932660319,0.932660319,0.932660319,0.932660319,0.932660319,0.932660319,0.932660319,0.932660319,0.834485549,0.834485549,0.834485549,0.834485549,0.834485549,0.834485549,0.736310778,0.736310778,0.736310778,0.736310778,0.736310778,0.638136008,0.638136008,0.638136008,0.638136008,0.539961237,0.539961237,0.539961237,0.441786467,0.441786467,0.441786467,0.441786467,0.343611696,0.343611696,0.343611696,0.245436926,0.245436926,0.245436926,0.245436926,0.147262156,0.147262156,0.147262156,0.147262156,0.147262156,0.0490873852,0.0490873852,0.0490873852,0.0490873852,0.0490873852,0.147262156,0.147262156,0.147262156,0.245436926,0.245436926,0.245436926,0.245436926,0.343611696
243.165251017,C01,AP01,client_to_ap,VHT,2,2,2,80,SU,1,4,122,6637c97e16e6ce8a,0.736310778,0.736310778,0.736310778,0.736310778,0.736310778,0.736310778,0.736310778,0.736310778,0.736310778,0.638136008,0.638136008,0.638136008,0.638136008,0.638136008,0.638136008,0.638136008,0.638136008,0.638136008,0.638136008,0.638136008,0.638136008,0.638136008,0.539961237,0.539961237,0.539961237,0.539961237,0.539961237,0.539961237,0.441786467,0.441786467,0.441786467,0.343611696,0.343611696,0.245436926,0.245436926,0.245436926,0.147262156,0.147262156,0.147262156,0.147262156,0.245436926,0.245436926,0.245436926,0.343611696,0.343611696,0.441786467,0.441786467,0.539961237,0.539961237,0.539961237,0.638136008,0.638136008,0.638136008,0.736310778,0.736310778,0.736310778,0.834485549,0.834485549,0.834485549,0.834485549,0.834485549,0.834485549,0.834485549,0.834485549,0.834485549,0.834485549,0.834485549,0.834485549,0.834485549,0.834485549,0.834485549,0.736310778,0.736310778,0.736310778,0.736310778,0.736310778,0.736310778,0.736310778,0.736310778,0.736310778,0.638136008,0.638136008,0.638136008,0.638136008,0.638136008,0.638136008,0.539961237,0.539961237,0.539961237,0.539961237,0.539961237,0.441786467,0.441786467,0.441786467,0.441786467,0.343611696,0.343611696,0.343611696,0.343611696,0.245436926,0.245436926,0.245436926,0.245436926,0.245436926,0.245436926,0.245436926,0.245436926,0.245436926,0.245436926,0.245436926,0.245436926,0.245436926,0.245436926,0.245436926,0.245436926,0.245436926,0.343611696,0.343611696,0.343611696,0.343611696,0.343611696,0.343611696
244.497654200,C01,AP01,client_to_ap,VHT,2,2,2,80,SU,1,4,122,6637c97e16e6ce8a,0.736310778,0.638136008,0.638136008,0.638136008,0.638136008,0.638136008,0.638136008,0.638136008,0.638136008,0.638136008,0.638136008,0.638136008,0.638136008,0.638136008,0.638136008,0.638136008,0.638136008,0.638136008,0.638136008,0.638136008,0.638136008,0.539961237,0.539961237,0.539961237,0.539961237,0.539961237,0.539961237,0.441786467,0.441786467,0.441786467,0.441786467,0.343611696,0.343611696,0.343611696,0.245436926,0.245436926,0.147262156,0.147262156,0.0490873852,0.0490873852,0.0490873852,0.0490873852,0.147262156,0.147262156,0.147262156,0.245436926,0.343611696,0.343611696,0.441786467,0.441786467,0.539961237,0.539961237,0.638136008,0.638136008,0.736310778,0.736310778,0.736310778,0.736310778,0.834485549,0.834485549,0.834485549,0.834485549,0.834485549,0.834485549,0.834485549,0.834485549,0.834485549,0.834485549,0.834485549,0.834485549,0.834485549,0.834485549,0.834485549,0.834485549,0.736310778,0.736310778,0.736310778,0.736310778,0.736310778,0.736310778,0.638136008,0.638136008,0.638136008,0.638136008,0.638136008,0.539961237,0.539961237,0.539961237,0.539961237,0.441786467,0.441786467,0.441786467,0.441786467,0.343611696,0.343611696,0.245436926,0.245436926,0.245436926,0.245436926,0.147262156,0.147262156,0.147262156,0.147262156,0.147262156,0.147262156,0.147262156,0.147262156,0.147262156,0.147262156,0.245436926,0.245436926,0.245436926,0.245436926,0.343611696,0.245436926,0.343611696,0.343611696,0.343611696,0.441786467,0.441786467,0.441786467,0.441786467
245.828203201,C01,AP01,client_to_ap,VHT,2,2,2,80,SU,1,4,122,6637c97e16e6ce8a,0.638136008,0.638136008,0.638136008,0.638136008,0.638136008,0.638136008,0.638136008,0.638136008,0.638136008,0.638136008,0.638136008,0.638136008,0.638136008,0.638136008,0.638136008,0.539961237,0.638136008,0.539961237,0.539961237,0.539961237,0.539961237,0.539961237,0.539961237,0.539961237,0.539961237,0.441786467,0.441786467,0.441786467,0.441786467,0.343611696,0.343611696,0.343611696,0.245436926,0.245436926,0.147262156,0.147262156,0.147262156,0.0490873852,0.0490873852,0.0490873852,0.147262156,0.147262156,0.245436926,0.245436926,0.343611696,0.343611696,0.441786467,0.441786467,0.539961237,0.539961237,0.638136008,0.638136008,0.736310778,0.736310778,0.736310778,0.834485549,0.834485549,0.834485549,0.834485549,0.932660319,0.932660319,0.932660319,0.932660319,0.932660319,0.932660319,0.932660319,0.932660319,0.932660319,0.932660319,0.932660319,0.932660319,0.932660319,0.834485549,0.834485549,0.834485549,0.834485549,0.834485549,0.834485549,0.834485549,0.834485549,0.736310778,0.736310778,0.736310778,0.736310778,0.736310778,0.638136008,0.638136008,0.638136008,0.638136008,0.539961237,0.539961237,0.539961237,0.539961237,0.441786467,0.441786467,0.441786467,0.343611696,0.343611696,0.245436926,0.245436926,0.245436926,0.245436926,0.147262156,0.147262156,0.147262156,0.147262156,0.147262156,0.0490873852,0.0490873852,0.147262156,0.147262156,0.147262156,0.147262156,0.147262156,0.245436926,0.245436926,0.245436926,0.343611696,0.343611696,0.343611696,0.343611696,0.343611696
247.165420055,C01,AP01,client_to_ap,VHT,2,2,2,80,SU,1,4,122,6637c97e16e6ce8a,0.736310778,0.736310778,0.736310778,0.736310778,0.736310778,0.638136008,0.638136008,0.638136008,0.638136008,0.638136008,0.638136008,0.638136008,0.638136008,0.638136008,0.638136008,0.638136008,0.638136008,0.638136008,0.638136008,0.638136008,0.638136008,0.638136008,0.638136008,0.638136008,0.539961237,0.539961237,0.539961237,0.539961237,0.441786467,0.441786467,0.441786467,0.343611696,0.343611696,0.245436926,0.245436926,0.147262156,0.147262156,0.147262156,0.0490873852,0.0490873852,0.147262156,0.147262156,0.245436926,0.245436926,0.343611696,0.343611696,0.441786467,0.441786467,0.539961237,0.539961237,0.638136008,0.638136008,0.638136008,0.736310778,0.736310778,0.834485549,0.834485549,0.834485549,0.834485549,0.932660319,0.932660319,0.932660319,0.932660319,0.932660319,0.932660319,0.932660319,0.932660319,0.932660319,0.932660319,0.932660319,0.932660319,0.932660319,0.834485549,0.834485549,0.834485549,0.834485549,0.834485549,0.736310778,0.736310778,0.736310778,0.736310778,0.736310778,0.638136008,0.638136008,0.638136008,0.638136008,0.539961237,0.539961237,0.539961237,0.441786467,0.441786467,0.441786467,0.441786467,0.343611696,0.343611696,0.245436926,0.245436926,0.245436926,0.245436926,0.147262156,0.147262156,0.147262156,0.147262156,0.147262156,0.147262156,0.147262156,0.147262156,0.147262156,0.147262156,0.245436926,0.245436926,0.245436926,0.245436926,0.245436926,0.343611696,0.343611696,0.343611696,0.343611696,0.441786467,0.441786467,0.441786467,0.441786467
248.496659994,C01,AP01,client_to_ap,VHT,2,2,2,80,SU,1,4,122,6637c97e16e6ce8a,0.736310778,0.736310778,0.736310778,0.736310778,0.736310778,0.736310778,0.736310778,0.736310778,0.736310778,0.736310778,0.736310778,0.736310778,0.736310778,0.736310778,0.736310778,0.736310778,0.638136008,0.638136008,0.638136008,0.638136008,0.638136008,0.638136008,0.638136008,0.638136008,0.539961237,0.539961237,0.539961237,0.539961237,0.441786467,0.441786467,0.441786467,0.441786467,0.343611696,0.343611696,0.245436926,0.245436926,0.147262156,0.147262156,0.0490873852,0.0490873852,0.0490873852,0.0490873852,0.147262156,0.147262156,0.245436926,0.245436926,0.343611696,0.343611696,0.441786467,0.441786467,0.539961237,0.539961237,0.539961237,0.638136008,0.638136008,0.638136008,0.638136008,0.736310778,0.736310778,0.834485549,0.834485549,0.834485549,0.834485549,0.932660319,0.932660319,0.932660319,0.932660319,0.932660319,0.932660319,0.932660319,0.932660319,0.932660319,0.932660319,0.932660319,0.932660319,0.834485549,0.834485549,0.834485549,0.834485549,0.736310778,0.736310778,0.736310778,0.736310778,0.638136008,0.638136008,0.638136008,0.638136008,0.638136008,0.539961237,0.539961237,0.539961237,0.539961237,0.441786467,0.441786467,0.441786467,0.441786467,0.343611696,0.343611696,0.343611696,0.343611696,0.343611696,0.343611696,0.343611696,0.343611696,0.245436926,0.343611696,0.343611696,0.245436926,0.245436926,0.245436926,0.245436926,0.245436926,0.245436926,0.245436926,0.245436926,0.245436926,0.245436926,0.245436926,0.245436926,0.245436926,0.245436926,0.245436926
249.829017162,C01,AP01,client_to_ap,VHT,2,2,2,80,SU,1,4,122,6637c97e16e6ce8a,0.638136008,0.638136008,0.638136008,0.638136008,0.638136008,0.638136008,0.638136008,0.638136008,0.638136008,0.638136008,0.638136008,0.638136008,0.638136008,0.638136008,0.638136008,0.638136008,0.638136008,0.638136008,0.638136008,0.638136008,0.638136008,0.638136008,0.539961237,0.539961237,0.539961237,0.539961237,0.539961237,0.539961237,0.539961237,0.539961237,0.539961237,0.441786467,0.441786467,0.441786467,0.441786467,0.343611696,0.343611696,0.343611696,0.343611696,0.245436926,0.245436926,0.245436926,0.245436926,0.147262156,0.147262156,0.147262156,0.0490873852,0.0490873852,0.0490873852,0.0490873852,0.0490873852,0.147262156,0.147262156,0.245436926,0.245436926,0.343611696,0.343611696,0.343611696,0.441786467,0.441786467,0.441786467,0.539961237,0.539961237,0.539961237,0.539961237,0.539961237,0.539961237,0.539961237,0.539961237,0.539961237,0.539961237,0.539961237,0.441786467,0.441786467,0.441786467,0.441786467,0.441786467,0.441786467,0.441786467,0.441786467,0.441786467,0.343611696,0.343611696,0.343611696,0.343611696,0.343611696,0.343611696,0.343611696,0.245436926,0.245436926,0.245436926,0.245436926,0.245436926,0.245436926,0.147262156,0.147262156,0.147262156,0.147262156,0.147262156,0.147262156,0.0490873852,0.0490873852,0.0490873852,0.0490873852,0.0490873852,0.0490873852,0.0490873852,0.147262156,0.147262156,0.147262156,0.147262156,0.147262156,0.147262156,0.245436926,0.245436926,0.245436926,0.245436926,0.245436926,0.343611696,0.343611696,0.343611696,0.343611696
251.165235996,C01,AP01,client_to_ap,VHT,2,2,2,80,SU,1,4,122,6637c97e16e6ce8a,0.834485549,0.834485549,0.834485549,0.834485549,0.834485549,0.834485549,0.834485549,0.834485549,0.736310778,0.736310778,0.736310778,0.736310778,0.736310778,0.736310778,0.736310778,0.638136008,0.638136008,0.638136008,0.638136008,0.638136008,0.638136008,0.638136008,0.638136008,0.539961237,0.539961237,0.539961237,0.539961237,0.539961237,0.441786467,0.441786467,0.441786467,0.441786467,0.441786467,0.343611696,0.343611696,0.343611696,0.245436926,0.245436926,0.245436926,0.245436926,0.245436926,0.343611696,0.441786467,0.539961237,0.638136008,0.736310778,0.834485549,0.932660319,1.03083509,1.12900986,1.12900986,1.22718463,1.22718463,1.22718463,1.22718463,1.22718463,1.3253594,1.3253594,1.3253594,1.3253594,1.3253594,1.3253594,1.3253594,1.3253594,1.3253594,1.22718463,1.22718463,1.22718463,1.22718463,1.22718463,1.22718463,1.12900986,1.12900986,1.12900986,1.12900986,1.03083509,1.03083509,1.03083509,0.932660319,0.932660319,0.932660319,0.834485549,0.834485549,0.736310778,0.736310778,0.736310778,0.638136008,0.638136008,0.638136008,0.539961237,0.539961237,0.539961237,0.539961237,0.539961237,0.539961237,0.539961237,0.539961237,0.539961237,0.539961237,0.539961237,0.539961237,0.539961237,0.539961237,0.539961237,0.638136008,0.638136008,0.638136008,0.638136008,0.638136008,0.736310778,0.736310778,0.736310778,0.736310778,0.736310778,0.736310778,0.834485549,0.834485549,0.834485549,0.834485549,0.834485549,0.834485549,0.834485549
252.497268200,C01,AP01,client_to_ap,VHT,2,2,2,80,SU,1,4,122,6637c97e16e6ce8a,0.736310778,0.736310778,0.736310778,0.736310778,0.736310778,0.736310778,0.736310778,0.736310778,0.736310778,0.736310778,0.736310778,0.638136008,0.638136008,0.638136008,0.638136008,0.638136008,0.638136008,0.638136008,0.638136008,0.638136008,0.539961237,0.539961237,0.539961237,0.539961237,0.539961237,0.441786467,0.441786467,0.441786467,0.441786467,0.343611696,0.343611696,0.343611696,0.245436926,0.245436926,0.245436926,0.147262156,0.147262156,0.0490873852,0.0490873852,0.147262156,0.147262156,0.245436926,0.441786467,0.441786467,0.539961237,0.736310778,0.736310778,0.834485549,0.834485549,0.932660319,0.932660319,1.03083509,1.03083509,1.03083509,1.03083509,1.03083509,1.03083509,1.03083509,1.03083509,1.03083509,1.03083509,1.03083509,1.03083509,1.03083509,1.03083509,1.03083509,1.03083509,1.03083509,0.932660319,0.932660319,0.932660319,0.932660319,0.932660319,0.932660319,0.834485549,0.834485549,0.834485549,0.834485549,0.736310778,0.736310778,0.736310778,0.736310778,0.638136008,0.638136008,0.638136008,0.539961237,0.539961237,0.539961237,0.539961237,0.441786467,0.441786467,0.441786467,0.343611696,0.343611696,0.343611696,0.343611696,0.245436926,0.245436926,0.245436926,0.245436926,0.245436926,0.245436926,0.245436926,0.343611696,0.343611696,0.343611696,0.343611696,0.343611696,0.441786467,0.441786467,0.441786467,0.441786467,0.539961237,0.539961237,0.539961237,0.539961237,0.539961237,0.638136008,0.638136008,0.638136008,0.638136008,0.638136008
253.829209089,C01,AP01,client_to_ap,VHT,2,2,2,80,SU,1,4,122,6637c97e16e6ce8a,0.834485549,0.834485549,0.834485549,0.834485549,0.834485549,0.834485549,0.834485549,0.834485549,0.736310778,0.736310778,0.736310778,0.736310778,0.736310778,0.736310778,0.736310778,0.736310778,0.736310778,0.736310778,0.736310778,0.638136008,0.638136008,0.638136008,0.638136008,0.638136008,0.638136008,0.638136008,0.539961237,0.539961237,0.539961237,0.539961237,0.441786467,0.441786467,0.441786467,0.343611696,0.343611696,0.245436926,0.245436926,0.245436926,0.147262156,0.147262156,0.147262156,0.0490873852,0.147262156,0.147262156,0.245436926,0.245436926,0.343611696,0.441786467,0.441786467,0.539961237,0.638136008,0.638136008,0.736310778,0.736310778,0.834485549,0.834485549,0.834485549,0.834485549,0.932660319,0.932660319,0.932660319,0.932660319,0.932660319,0.932660319,0.932660319,0.932660319,0.932660319,0.932660319,0.932660319,0.932660319,0.932660319,0.932660319,0.932660319,0.932660319,0.834485549,0.834485549,0.834485549,0.834485549,0.834485549,0.834485549,0.834485549,0.834485549,0.736310778,0.736310778,0.736310778,0.736310778,0.736310778,0.638136008,0.638136008,0.638136008,0.638136008,0.539961237,0.539961237,0.539961237,0.441786467,0.441786467,0.343611696,0.343611696,0.343611696,0.245436926,0.245436926,0.147262156,0.147262156,0.147262156,0.147262156,0.147262156,0.0490873852,0.0490873852,0.0490873852,0.0490873852,0.0490873852,0.0490873852,0.147262156,0.147262156,0.147262156,0.147262156,0.245436926,0.245436926,0.245436926,0.343611696,0.343611696,0.343611696
255.165288210,C01,AP01,client_to_ap,VHT,2,2,2,80,SU,1,4,122,6637c97e16e6ce8a,0.736310778,0.736310778,0.736310778,0.736310778,0.736310778,0.736310778,0.736310778,0.736310778,0.736310778,0.736310778,0.736310778,0.736310778,0.736310778,0.736310778,0.736310778,0.736310778,0.736310778,0.736310778,0.736310778,0.638136008,0.638136008,0.638136008,0.638136008,0.638136008,0.638136008,0.539961237,0.539961237,0.539961237,0.539961237,0.441786467,0.441786467,0.441786467,0.343611696,0.343611696,0.245436926,0.245436926,0.147262156,0.147262156,0.147262156,0.0490873852,0.147262156,0.147262156,0.147262156,0.245436926,0.245436926,0.343611696,0.441786467,0.441786467,0.539961237,0.539961237,0.638136008,0.638136008,0.736310778,0.736310778,0.736310778,0.834485549,0.834485549,0.834485549,0.834485549,0.834485549,0.932660319,0.932660319,0.932660319,0.932660319,0.932660319,0.932660319,0.932660319,0.932660319,0.834485549,0.932660319,0.834485549,0.834485549,0.834485549,0.834485549,0.834485549,0.834485549,0.834485549,0.834485549,0.736310778,0.736310778,0.736310778,0.736310778,0.736310778,0.638136008,0.638136008,0.638136008,0.638136008,0.638136008,0.539961237,0.539961237,0.539961237,0.441786467,0.441786467,0.441786467,0.441786467,0.343611696,0.343611696,0.343611696,0.245436926,0.245436926,0.245436926,0.245436926,0.147262156,0.147262156,0.147262156,0.147262156,0.147262156,0.147262156,0.147262156,0.147262156,0.147262156,0.147262156,0.147262156,0.245436926,0.245436926,0.245436926,0.245436926,0.343611696,0.343611696,0.343611696,0.343611696,0.343611696
256.496502161,C01,AP01,client_to_ap,VHT,2,2,2,80,SU,1,4,122,6637c97e16e6ce8a,0.736310778,0.736310778,0.736310778,0.736310778,0.736310778,0.736310778,0.638136008,0.638136008,0.638136008,0.638136008,0.638136008,0.638136008,0.638136008,0.638136008,0.638136008,0.638136008,0.638136008,0.638136008,0.638136008,0.638136008,0.638136008,0.638136008,0.539961237,0.539961237,0.539961237,0.539961237,0.539961237,0.441786467,0.441786467,0.441786467,0.343611696,0.343611696,0.343611696,0.245436926,0.245436926,0.245436926,0.147262156,0.147262156,0.0490873852,0.0490873852,0.147262156,0.147262156,0.245436926,0.245436926,0.245436926,0.343611696,0.441786467,0.441786467,0.539961237,0.638136008,0.638136008,0.638136008,0.736310778,0.736310778,0.834485549,0.834485549,0.834485549,0.834485549,0.932660319,0.932660319,0.932660319,0.932660319,0.932660319,0.932660319,0.932660319,0.932660319,0.932660319,0.932660319,0.932660319,0.932660319,0.932660319,0.932660319,0.932660319,0.834485549,0.834485549,0.834485549,0.834485549,0.834485549,0.736310778,0.736310778,0.736310778,0.736310778,0.736310778,0.638136008,0.638136008,0.638136008,0.638136008,0.539961237,0.539961237,0.539961237,0.441786467,0.441786467,0.441786467,0.343611696,0.343611696,0.343611696,0.245436926,0.245436926,0.245436926,0.245436926,0.147262156,0.147262156,0.147262156,0.147262156,0.147262156,0.147262156,0.147262156,0.147262156,0.147262156,0.147262156,0.147262156,0.147262156,0.245436926,0.245436926,0.245436926,0.245436926,0.245436926,0.343611696,0.343611696,0.343611696,0.343611696,0.441786467
257.829146147,C01,AP01,client_to_ap,VHT,2,2,2,80,SU,1,4,122,6637c97e16e6ce8a,0.736310778,0.736310778,0.736310778,0.736310778,0.736310778,0.736310778,0.736310778,0.736310778,0.736310778,0.736310778,0.638136008,0.736310778,0.736310778,0.638136008,0.638136008,0.638136008,0.638136008,0.638136008,0.638136008,0.638136008,0.638136008,0.638136008,0.638136008,0.638136008,0.638136008,0.539961237,0.539961237,0.539961237,0.539961237,0.441786467,0.441786467,0.441786467,0.343611696,0.343611696,0.245436926,0.245436926,0.245436926,0.147262156,0.0490873852,0.0490873852,0.0490873852,0.0490873852,0.147262156,0.147262156,0.245436926,0.343611696,0.343611696,0.441786467,0.441786467,0.539961237,0.539961237,0.638136008,0.638136008,0.736310778,0.736310778,0.736310778,0.834485549,0.834485549,0.834485549,0.834485549,0.834485549,0.834485549,0.834485549,0.834485549,0.834485549,0.834485549,0.834485549,0.834485549,0.834485549,0.834485549,0.834485549,0.834485549,0.834485549,0.834485549,0.834485549,0.736310778,0.736310778,0.736310778,0.736310778,0.736310778,0.638136008,0.638136008,0.638136008,0.638136008,0.638136008,0.539961237,0.539961237,0.539961237,0.441786467,0.441786467,0.441786467,0.441786467,0.441786467,0.343611696,0.343611696,0.245436926,0.245436926,0.245436926,0.245436926,0.147262156,0.147262156,0.147262156,0.147262156,0.147262156,0.147262156,0.147262156,0.147262156,0.0490873852,0.147262156,0.147262156,0.147262156,0.147262156,0.147262156,0.245436926,0.245436926,0.245436926,0.343611696,0.343611696,0.343611696,0.441786467,0.441786467,0.441786467
259.165062189,C01,AP01,client_to_ap,VHT,2,2,2,80,SU,1,4,122,6637c97e16e6ce8a,0.736310778,0.736310778,0.736310778,0.736310778,0.736310778,0.638136008,0.638136008,0.638136008,0.638136008,0.638136008,0.638136008,0.638136008,0.638136008,0.638136008,0.638136008,0.638136008,0.638136008,0.539961237,0.539961237,0.539961237,0.539961237,0.539961237,0.539961237,0.539961237,0.441786467,0.441786467,0.441786467,0.441786467,0.343611696,0.343611696,0.245436926,0.245436926,0.245436926,0.147262156,0.147262156,0.147262156,0.0490873852,0.0490873852,0.0490873852,0.147262156,0.147262156,0.245436926,0.245436926,0.343611696,0.343611696,0.441786467,0.441786467,0.539961237,0.539961237,0.638136008,0.638136008,0.736310778,0.736310778,0.736310778,0.834485549,0.834485549,0.834485549,0.834485549,0.932660319,0.932660319,0.932660319,0.932660319,0.932660319,0.932660319,0.932660319,0.932660319,0.932660319,0.932660319,0.932660319,0.932660319,0.932660319,0.932660319,0.932660319,0.932660319,0.932660319,0.932660319,0.834485549,0.834485549,0.834485549,0.834485549,0.834485549,0.834485549,0.736310778,0.736310778,0.736310778,0.736310778,0.638136008,0.638136008,0.638136008,0.539961237,0.539961237,0.539961237,0.441786467,0.441786467,0.441786467,0.343611696,0.343611696,0.245436926,0.245436926,0.245436926,0.147262156,0.147262156,0.147262156,0.147262156,0.147262156,0.147262156,0.147262156,0.147262156,0.147262156,0.147262156,0.147262156,0.147262156,0.245436926,0.245436926,0.245436926,0.245436926,0.343611696,0.343611696,0.343611696,0.343611696,0.441786467,0.441786467
260.497042179,C01,AP01,client_to_ap,VHT,2,2,2,80,SU,1,4,122,6637c97e16e6ce8a,0.736310778,0.736310778,0.736310778,0.736310778,0.736310778,0.736310778,0.736310778,0.736310778,0.638136008,0.638136008,0.638136008,0.638136008,0.638136008,0.638136008,0.638136008,0.638136008,0.638136008,0.638136008,0.638136008,0.638136008,0.638136008,0.539961237,0.539961237,0.539961237,0.539961237,0.539961237,0.539961237,0.441786467,0.441786467,0.441786467,0.441786467,0.343611696,0.343611696,0.245436926,0.245436926,0.245436926,0.147262156,0.147262156,0.147262156,0.147262156,0.245436926,0.245436926,0.343611696,0.343611696,0.441786467,0.441786467,0.539961237,0.539961237,0.638136008,0.638136008,0.736310778,0.736310778,0.834485549,0.834485549,0.834485549,0.834485549,0.932660319,0.932660319,0.932660319,0.932660319,0.932660319,0.932660319,0.932660319,0.932660319,0.932660319,0.932660319,0.932660319,0.932660319,0.932660319,1.03083509,0.932660319,0.932660319,0.932660319,0.932660319,0.932660319,0.932660319,0.932660319,0.932660319,0.932660319,0.834485549,0.834485549,0.834485549,0.834485549,0.834485549,0.736310778,0.736310778,0.736310778,0.638136008,0.638136008,0.638136008,0.638136008,0.539961237,0.539961237,0.539961237,0.441786467,0.441786467,0.441786467,0.441786467,0.343611696,0.343611696,0.343611696,0.343611696,0.343611696,0.343611696,0.343611696,0.343611696,0.343611696,0.343611696,0.441786467,0.441786467,0.441786467,0.441786467,0.441786467,0.441786467,0.441786467,0.441786467,0.441786467,0.539961237,0.539961237,0.539961237,0.539961237,0.539961237
261.828999996,C01,AP01,client_to_ap,VHT,2,2,2,80,SU,1,4,122,6637c97e16e6ce8a,0.834485549,0.834485549,0.834485549,0.834485549,0.834485549,0.834485549,0.834485549,0.834485549,0.834485549,0.834485549,0.834485549,0.834485549,0.834485549,0.736310778,0.736310778,0.736310778,0.736310778,0.736310778,0.736310778,0.736310778,0.736310778,0.736310778,0.736310778,0.736310778,0.736310778,0.736310778,0.638136008,0.638136008,0.638136008,0.539961237,0.539961237,0.539961237,0.539961237,0.441786467,0.343611696,0.245436926,0.245436926,0.147262156,0.0490873852,0.0490873852,0.0490873852,0.147262156,0.245436926,0.343611696,0.343611696,0.441786467,0.539961237,0.539961237,0.638136008,0.638136008,0.638136008,0.736310778,0.736310778,0.736310778,0.834485549,0.834485549,0.834485549,0.834485549,0.834485549,0.834485549,0.834485549,0.834485549,0.834485549,0.834485549,0.834485549,0.834485549,0.834485549,0.834485549,0.834485549,0.834485549,0.834485549,0.834485549,0.834485549,0.834485549,0.834485549,0.736310778,0.736310778,0.736310778,0.736310778,0.736310778,0.736310778,0.736310778,0.638136008,0.638136008,0.638136008,0.638136008,0.539961237,0.539961237,0.539961237,0.539961237,0.539961237,0.441786467,0.441786467,0.441786467,0.441786467,0.343611696,0.343611696,0.343611696,0.343611696,0.343611696,0.343611696,0.343611696,0.343611696,0.245436926,0.343611696,0.343611696,0.343611696,0.343611696,0.343611696,0.343611696,0.343611696,0.343611696,0.343611696,0.343611696,0.343611696,0.343611696,0.343611696,0.343611696,0.441786467,0.441786467,0.441786467,0.441786467
263.165538073,C01,AP01,client_to_ap,VHT,2,2,2,80,SU,1,4,122,6637c97e16e6ce8a,1.12900986,1.12900986,1.12900986,1.12900986,1.12900986,1.03083509,1.03083509,1.03083509,1.03083509,1.03083509,1.03083509,1.03083509,1.03083509,1.03083509,0.932660319,0.932660319,0.932660319,0.932660319,0.932660319,0.932660319,0.932660319,0.932660319,0.932660319,0.834485549,0.834485549,0.834485549,0.834485549,0.736310778,0.736310778,0.736310778,0.638136008,0.638136008,0.638136008,0.539961237,0.539961237,0.441786467,0.441786467,0.441786467,0.343611696,0.343611696,0.343611696,0.343611696,0.441786467,0.441786467,0.441786467,0.539961237,0.539961237,0.638136008,0.638136008,0.736310778,0.736310778,0.834485549,0.834485549,0.932660319,0.932660319,0.932660319,1.03083509,1.03083509,1.03083509,1.03083509,1.03083509,1.12900986,1.12900986,1.12900986,1.12900986,1.12900986,1.12900986,1.12900986,1.12900986,1.03083509,1.03083509,1.03083509,1.03083509,1.03083509,1.03083509,0.932660319,0.932660319,0.932660319,0.932660319,0.932660319,0.834485549,0.834485549,0.834485549,0.834485549,0.736310778,0.736310778,0.736310778,0.736310778,0.638136008,0.638136008,0.638136008,0.539961237,0.539961237,0.539961237,0.539961237,0.441786467,0.441786467,0.441786467,0.441786467,0.441786467,0.441786467,0.343611696,0.343611696,0.343611696,0.343611696,0.343611696,0.343611696,0.343611696,0.343611696,0.343611696,0.441786467,0.441786467,0.441786467,0.441786467,0.539961237,0.539961237,0.539961237,0.539961237,0.638136008,0.638136008,0.638136008,0.638136008
264.496654034,C01,AP01,client_to_ap,VHT,2,2,2,80,SU,1,4,122,6637c97e16e6ce8a,0.834485549,0.736310778,0.834485549,0.736310778,0.736310778,0.736310778,0.736310778,0.736310778,0.736310778,0.736310778,0.736310778,0.736310778,0.736310778,0.736310778,0.736310778,0.736310778,0.736310778,0.736310778,0.638136008,0.638136008,0.638136008,0.638136008,0.638136008,0.638136008,0.539961237,0.539961237,0.539961237,0.539961237,0.441786467,0.441786467,0.441786467,0.441786467,0.343611696,0.343611696,0.245436926,0.245436926,0.245436926,0.147262156,0.147262156,0.147262156,0.147262156,0.147262156,0.147262156,0.245436926,0.245436926,0.245436926,0.343611696,0.343611696,0.441786467,0.441786467,0.539961237,0.539961237,0.638136008,0.638136008,0.638136008,0.736310778,0.736310778,0.736310778,0.736310778,0.834485549,0.834485549,0.834485549,0.834485549,0.834485549,0.834485549,0.834485549,0.834485549,0.834485549,0.834485549,0.834485549,0.834485549,0.834485549,0.834485549,0.834485549,0.736310778,0.736310778,0.736310778,0.736310778,0.736310778,0.736310778,0.638136008,0.638136008,0.638136008,0.638136008,0.638136008,0.539961237,0.539961237,0.539961237,0.539961237,0.441786467,0.441786467,0.441786467,0.441786467,0.343611696,0.343611696,0.343611696,0.343611696,0.343611696,0.343611696,0.245436926,0.245436926,0.245436926,0.245436926,0.245436926,0.245436926,0.245436926,0.245436926,0.245436926,0.245436926,0.245436926,0.245436926,0.245436926,0.147262156,0.147262156,0.147262156,0.147262156,0.147262156,0.147262156,0.245436926,0.245436926,0.245436926,0.245436926
265.824582100,C01,AP01,client_to_ap,VHT,2,2,2,80,SU,1,4,122,6637c97e16e6ce8a,0.736310778,0.736310778,0.736310778,0.736310778,0.736310778,0.736310778,0.736310778,0.736310778,0.736310778,0.638136008,0.638136008,0.638136008,0.736310778,0.638136008,0.638136008,0.638136008,0.638136008,0.638136008,0.638136008,0.638136008,0.638136008,0.638136008,0.638136008,0.638136008,0.638136008,0.638136008,0.539961237,0.539961237,0.539961237,0.539961237,0.441786467,0.441786467,0.441786467,0.441786467,0.343611696,0.343611696,0.343611696,0.245436926,0.245436926,0.245436926,0.245436926,0.245436926,0.245436926,0.245436926,0.343611696,0.343611696,0.441786467,0.441786467,0.539961237,0.539961237,0.539961237,0.638136008,0.638136008,0.736310778,0.736310778,0.736310778,0.834485549,0.834485549,0.834485549,0.834485549,0.834485549,0.834485549,0.834485549,0.834485549,0.834485549,0.834485549,0.834485549,0.834485549,0.834485549,0.834485549,0.834485549,0.834485549,0.736310778,0.736310778,0.736310778,0.736310778,0.736310778,0.736310778,0.638136008,0.638136008,0.638136008,0.638136008,0.638136008,0.638136008,0.539961237,0.539961237,0.539961237,0.539961237,0.441786467,0.441786467,0.441786467,0.441786467,0.343611696,0.343611696,0.343611696,0.343611696,0.343611696,0.245436926,0.245436926,0.245436926,0.245436926,0.245436926,0.245436926,0.245436926,0.245436926,0.245436926,0.245436926,0.245436926,0.245436926,0.245436926,0.245436926,0.245436926,0.245436926,0.245436926,0.343611696,0.343611696,0.343611696,0.343611696,0.343611696,0.343611696,0.343611696,0.441786467
267.154991150,C01,AP01,client_to_ap,VHT,2,2,2,80,SU,1,4,122,6637c97e16e6ce8a,0.736310778,0.736310778,0.736310778,0.736310778,0.736310778,0.638136008,0.736310778,0.736310778,0.638136008,0.638136008,0.638136008,0.638136008,0.638136008,0.638136008,0.638136008,0.638136008,0.638136008,0.638136008,0.638136008,0.638136008,0.638136008,0.638136008,0.638136008,0.539961237,0.539961237,0.539961237,0.539961237,0.539961237,0.441786467,0.441786467,0.441786467,0.441786467,0.343611696,0.343611696,0.245436926,0.245436926,0.245436926,0.147262156,0.147262156,0.0490873852,0.0490873852,0.147262156,0.147262156,0.147262156,0.245436926,0.343611696,0.343611696,0.441786467,0.441786467,0.539961237,0.539961237,0.638136008,0.638136008,0.736310778,0.736310778,0.736310778,0.736310778,0.834485549,0.834485549,0.834485549,0.834485549,0.932660319,0.932660319,0.932660319,0.932660319,0.932660319,0.932660319,0.932660319,0.932660319,0.932660319,0.834485549,0.834485549,0.834485549,0.834485549,0.834485549,0.834485549,0.834485549,0.834485549,0.834485549,0.736310778,0.736310778,0.736310778,0.736310778,0.638136008,0.638136008,0.638136008,0.638136008,0.638136008,0.539961237,0.539961237,0.539961237,0.539961237,0.441786467,0.441786467,0.441786467,0.343611696,0.343611696,0.343611696,0.343611696,0.245436926,0.245436926,0.245436926,0.245436926,0.245436926,0.147262156,0.147262156,0.147262156,0.147262156,0.147262156,0.147262156,0.147262156,0.147262156,0.147262156,0.245436926,0.245436926,0.245436926,0.245436926,0.245436926,0.343611696,0.343611696,0.343611696,0.343611696
268.486510992,C01,AP01,client_to_ap,VHT,2,2,2,80,SU,1,4,122,6637c97e16e6ce8a,0.736310778,0.736310778,0.736310778,0.736310778,0.736310778,0.638136008,0.638136008,0.736310778,0.638136008,0.638136008,0.638136008,0.638136008,0.638136008,0.638136008,0.638136008,0.638136008,0.638136008,0.638136008,0.638136008,0.638136008,0.638136008,0.539961237,0.539961237,0.539961237,0.539961237,0.539961237,0.539961237,0.441786467,0.441786467,0.441786467,0.441786467,0.343611696,0.343611696,0.343611696,0.245436926,0.245436926,0.245436926,0.147262156,0.147262156,0.147262156,0.147262156,0.147262156,0.245436926,0.245436926,0.343611696,0.343611696,0.441786467,0.441786467,0.539961237,0.638136008,0.638136008,0.736310778,0.736310778,0.834485549,0.834485549,0.834485549,0.834485549,0.834485549,0.932660319,0.932660319,0.932660319,0.932660319,0.932660319,0.932660319,0.932660319,0.932660319,0.932660319,0.932660319,0.834485549,0.932660319,0.834485549,0.834485549,0.834485549,0.834485549,0.834485549,0.834485549,0.736310778,0.736310778,0.736310778,0.736310778,0.736310778,0.638136008,0.638136008,0.638136008,0.638136008,0.638136008,0.638136008,0.539961237,0.539961237,0.539961237,0.539961237,0.441786467,0.441786467,0.441786467,0.441786467,0.343611696,0.343611696,0.245436926,0.245436926,0.245436926,0.245436926,0.245436926,0.147262156,0.147262156,0.147262156,0.147262156,0.147262156,0.147262156,0.147262156,0.147262156,0.147262156,0.147262156,0.147262156,0.147262156,0.245436926,0.245436926,0.245436926,0.343611696,0.343611696,0.343611696,0.343611696,0.441786467
269.818787098,C01,AP01,client_to_ap,VHT,2,2,2,80,SU,1,4,122,6637c97e16e6ce8a,0.736310778,0.736310778,0.736310778,0.736310778,0.736310778,0.736310778,0.736310778,0.736310778,0.736310778,0.638136008,0.638136008,0.638136008,0.638136008,0.638136008,0.638136008,0.638136008,0.638136008,0.638136008,0.638136008,0.638136008,0.638136008,0.539961237,0.539961237,0.539961237,0.539961237,0.539961237,0.539961237,0.441786467,0.441786467,0.441786467,0.343611696,0.343611696,0.343611696,0.245436926,0.245436926,0.245436926,0.147262156,0.147262156,0.147262156,0.147262156,0.147262156,0.147262156,0.245436926,0.245436926,0.343611696,0.343611696,0.441786467,0.441786467,0.539961237,0.638136008,0.638136008,0.638136008,0.736310778,0.736310778,0.736310778,0.834485549,0.834485549,0.834485549,0.834485549,0.834485549,0.932660319,0.932660319,0.932660319,0.932660319,0.932660319,0.932660319,0.932660319,0.932660319,0.932660319,0.932660319,0.932660319,0.834485549,0.834485549,0.834485549,0.834485549,0.834485549,0.834485549,0.834485549,0.736310778,0.736310778,0.736310778,0.736310778,0.736310778,0.638136008,0.638136008,0.638136008,0.638136008,0.539961237,0.539961237,0.539961237,0.539961237,0.441786467,0.441786467,0.441786467,0.343611696,0.343611696,0.343611696,0.245436926,0.245436926,0.245436926,0.245436926,0.147262156,0.147262156,0.147262156,0.147262156,0.147262156,0.147262156,0.147262156,0.147262156,0.147262156,0.147262156,0.147262156,0.245436926,0.245436926,0.245436926,0.245436926,0.343611696,0.343611696,0.343611696,0.343611696,0.343611696,0.441786467
271.155242205,C01,AP01,client_to_ap,VHT,2,2,2,80,SU,1,4,122,6637c97e16e6ce8a,0.736310778,0.736310778,0.736310778,0.736310778,0.736310778,0.736310778,0.736310778,0.638136008,0.638136008,0.638136008,0.638136008,0.638136008,0.638136008,0.638136008,0.638136008,0.638136008,0.638136008,0.638136008,0.638136008,0.638136008,0.638136008,0.638136008,0.539961237,0.539961237,0.539961237,0.539961237,0.539961237,0.441786467,0.441786467,0.441786467,0.441786467,0.343611696,0.343611696,0.245436926,0.245436926,0.245436926,0.147262156,0.147262156,0.147262156,0.147262156,0.147262156,0.147262156,0.245436926,0.245436926,0.343611696,0.343611696,0.441786467,0.441786467,0.539961237,0.539961237,0.638136008,0.638136008,0.736310778,0.736310778,0.736310778,0.834485549,0.834485549,0.834485549,0.834485549,0.932660319,0.932660319,0.932660319,0.932660319,0.932660319,0.932660319,0.932660319,0.932660319,0.932660319,0.932660319,0.932660319,0.932660319,0.932660319,0.834485549,0.834485549,0.834485549,0.834485549,0.834485549,0.834485549,0.736310778,0.736310778,0.736310778,0.736310778,0.736310778,0.638136008,0.638136008,0.638136008,0.638136008,0.539961237,0.539961237,0.539961237,0.539961237,0.441786467,0.441786467,0.441786467,0.343611696,0.343611696,0.343611696,0.245436926,0.245436926,0.245436926,0.147262156,0.147262156,0.147262156,0.147262156,0.147262156,0.147262156,0.147262156,0.147262156,0.147262156,0.147262156,0.147262156,0.147262156,0.245436926,0.245436926,0.245436926,0.245436926,0.245436926,0.343611696,0.343611696,0.343611696,0.343611696,0.441786467
272.486764193,C01,AP01,client_to_ap,VHT,2,2,2,80,SU,1,4,122,6637c97e16e6ce8a,0.736310778,0.736310778,0.736310778,0.736310778,0.736310778,0.736310778,0.736310778,0.736310778,0.736310778,0.638136008,0.638136008,0.638136008,0.638136008,0.638136008,0.638136008,0.638136008,0.638136008,0.638136008,0.638136008,0.638136008,0.638136008,0.638136008,0.539961237,0.539961237,0.539961237,0.539961237,0.539961237,0.441786467,0.441786467,0.441786467,0.441786467,0.343611696,0.343611696,0.245436926,0.245436926,0.245436926,0.147262156,0.147262156,0.147262156,0.147262156,0.147262156,0.147262156,0.245436926,0.245436926,0.343611696,0.343611696,0.441786467,0.441786467,0.539961237,0.539961237,0.638136008,0.638136008,0.736310778,0.736310778,0.736310778,0.834485549,0.834485549,0.834485549,0.834485549,0.834485549,0.932660319,0.932660319,0.932660319,0.932660319,0.932660319,0.932660319,0.932660319,0.932660319,0.932660319,0.932660319,0.932660319,0.932660319,0.834485549,0.834485549,0.834485549,0.834485549,0.834485549,0.834485549,0.736310778,0.736310778,0.736310778,0.736310778,0.736310778,0.638136008,0.638136008,0.638136008,0.638136008,0.638136008,0.539961237,0.539961237,0.539961237,0.441786467,0.441786467,0.441786467,0.343611696,0.343611696,0.245436926,0.245436926,0.245436926,0.245436926,0.147262156,0.147262156,0.147262156,0.147262156,0.147262156,0.147262156,0.147262156,0.147262156,0.147262156,0.147262156,0.147262156,0.147262156,0.245436926,0.245436926,0.245436926,0.245436926,0.343611696,0.343611696,0.343611696,0.343611696,0.441786467,0.441786467
273.819019079,C01,AP01,client_to_ap,VHT,2,2,2,80,SU,1,4,122,6637c97e16e6ce8a,0.736310778,0.736310778,0.736310778,0.736310778,0.736310778,0.736310778,0.736310778,0.638136008,0.638136008,0.638136008,0.638136008,0.638136008,0.638136008,0.638136008,0.638136008,0.638136008,0.638136008,0.638136008,0.638136008,0.638136008,0.638136008,0.638136008,0.539961237,0.539961237,0.539961237,0.539961237,0.539961237,0.539961237,0.441786467,0.441786467,0.441786467,0.343611696,0.343611696,0.343611696,0.245436926,0.245436926,0.147262156,0.147262156,0.147262156,0.147262156,0.147262156,0.147262156,0.245436926,0.245436926,0.343611696,0.343611696,0.441786467,0.441786467,0.539961237,0.539961237,0.638136008,0.638136008,0.736310778,0.736310778,0.736310778,0.834485549,0.834485549,0.834485549,0.834485549,0.834485549,0.834485549,0.932660319,0.932660319,0.932660319,0.932660319,0.932660319,0.932660319,0.932660319,0.932660319,0.932660319,0.932660319,0.932660319,0.834485549,0.834485549,0.834485549,0.834485549,0.834485549,0.834485549,0.736310778,0.736310778,0.736310778,0.736310778,0.638136008,0.638136008,0.638136008,0.638136008,0.638136008,0.539961237,0.539961237,0.539961237,0.539961237,0.441786467,0.441786467,0.441786467,0.343611696,0.343611696,0.343611696,0.245436926,0.245436926,0.245436926,0.245436926,0.147262156,0.147262156,0.147262156,0.147262156,0.147262156,0.147262156,0.147262156,0.147262156,0.147262156,0.147262156,0.147262156,0.147262156,0.245436926,0.245436926,0.245436926,0.245436926,0.343611696,0.343611696,0.343611696,0.441786467,0.441786467
275.149914980,C01,AP01,client_to_ap,VHT,2,2,2,80,SU,1,4,122,6637c97e16e6ce8a,0.736310778,0.736310778,0.736310778,0.638136008,0.736310778,0.638136008,0.736310778,0.638136008,0.736310778,0.638136008,0.638136008,0.638136008,0.638136008,0.638136008,0.638136008,0.638136008,0.638136008,0.638136008,0.638136008,0.638136008,0.638136008,0.638136008,0.539961237,0.539961237,0.539961237,0.539961237,0.539961237,0.441786467,0.441786467,0.441786467,0.343611696,0.343611696,0.343611696,0.245436926,0.245436926,0.245436926,0.147262156,0.147262156,0.147262156,0.147262156,0.147262156,0.147262156,0.245436926,0.245436926,0.343611696,0.343611696,0.441786467,0.441786467,0.539961237,0.539961237,0.539961237,0.638136008,0.638136008,0.736310778,0.736310778,0.736310778,0.834485549,0.834485549,0.834485549,0.834485549,0.834485549,0.932660319,0.932660319,0.932660319,0.932660319,0.932660319,0.932660319,0.932660319,0.932660319,0.932660319,0.932660319,0.932660319,0.834485549,0.834485549,0.834485549,0.834485549,0.834485549,0.834485549,0.736310778,0.736310778,0.736310778,0.736310778,0.736310778,0.638136008,0.638136008,0.638136008,0.638136008,0.638136008,0.539961237,0.539961237,0.539961237,0.441786467,0.441786467,0.441786467,0.343611696,0.343611696,0.343611696,0.245436926,0.245436926,0.245436926,0.245436926,0.147262156,0.147262156,0.147262156,0.147262156,0.147262156,0.147262156,0.147262156,0.147262156,0.147262156,0.147262156,0.147262156,0.147262156,0.147262156,0.245436926,0.245436926,0.245436926,0.343611696,0.343611696,0.343611696,0.441786467,0.441786467
276.478844166,C01,AP01,client_to_ap,VHT,2,2,2,80,SU,1,4,122,6637c97e16e6ce8a,0.736310778,0.736310778,0.736310778,0.736310778,0.736310778,0.638136008,0.638136008,0.638136008,0.638136008,0.638136008,0.638136008,0.638136008,0.638136008,0.638136008,0.638136008,0.638136008,0.638136008,0.638136008,0.638136008,0.638136008,0.539961237,0.539961237,0.539961237,0.539961237,0.539961237,0.539961237,0.539961237,0.441786467,0.441786467,0.441786467,0.343611696,0.343611696,0.343611696,0.245436926,0.245436926,0.147262156,0.147262156,0.147262156,0.0490873852,0.0490873852,0.147262156,0.147262156,0.245436926,0.245436926,0.245436926,0.343611696,0.441786467,0.441786467,0.539961237,0.539961237,0.539961237,0.638136008,0.736310778,0.736310778,0.736310778,0.736310778,0.834485549,0.834485549,0.834485549,0.834485549,0.932660319,0.932660319,0.932660319,0.932660319,0.932660319,0.932660319,0.932660319,0.932660319,0.932660319,0.932660319,0.932660319,0.834485549,0.834485549,0.834485549,0.834485549,0.834485549,0.834485549,0.736310778,0.736310778,0.736310778,0.736310778,0.638136008,0.638136008,0.638136008,0.638136008,0.638136008,0.539961237,0.539961237,0.539961237,0.539961237,0.441786467,0.441786467,0.441786467,0.343611696,0.343611696,0.343611696,0.245436926,0.245436926,0.245436926,0.245436926,0.245436926,0.147262156,0.147262156,0.147262156,0.147262156,0.147262156,0.147262156,0.147262156,0.147262156,0.147262156,0.147262156,0.147262156,0.147262156,0.245436926,0.245436926,0.245436926,0.245436926,0.343611696,0.343611696,0.343611696,0.441786467,0.441786467
277.808004141,C01,AP01,client_to_ap,VHT,2,2,2,80,SU,1,4,122,6637c97e16e6ce8a,0.638136008,0.638136008,0.638136008,0.638136008,0.638136008,0.638136008,0.638136008,0.638136008,0.638136008,0.638136008,0.638136008,0.638136008,0.638136008,0.638136008,0.638136008,0.539961237,0.539961237,0.539961237,0.539961237,0.539961237,0.539961237,0.539961237,0.539961237,0.539961237,0.539961237,0.441786467,0.441786467,0.441786467,0.441786467,0.343611696,0.343611696,0.343611696,0.245436926,0.245436926,0.245436926,0.147262156,0.147262156,0.147262156,0.147262156,0.147262156,0.147262156,0.245436926,0.245436926,0.245436926,0.343611696,0.441786467,0.441786467,0.441786467,0.539961237,0.539961237,0.638136008,0.638136008,0.736310778,0.736310778,0.736310778,0.736310778,0.834485549,0.834485549,0.834485549,0.834485549,0.834485549,0.834485549,0.834485549,0.834485549,0.834485549,0.834485549,0.834485549,0.834485549,0.834485549,0.834485549,0.834485549,0.834485549,0.834485549,0.834485549,0.834485549,0.834485549,0.834485549,0.736310778,0.736310778,0.736310778,0.736310778,0.736310778,0.736310778,0.638136008,0.638136008,0.638136008,0.638136008,0.638136008,0.539961237,0.539961237,0.539961237,0.539961237,0.539961237,0.441786467,0.441786467,0.441786467,0.343611696,0.343611696,0.343611696,0.343611696,0.245436926,0.245436926,0.245436926,0.245436926,0.245436926,0.147262156,0.147262156,0.147262156,0.147262156,0.147262156,0.147262156,0.147262156,0.245436926,0.245436926,0.245436926,0.245436926,0.245436926,0.245436926,0.343611696,0.343611696,0.343611696,0.343611696
279.135464191,C01,AP01,client_to_ap,VHT,2,2,2,80,SU,1,4,122,6637c97e16e6ce8a,0.736310778,0.736310778,0.736310778,0.736310778,0.736310778,0.736310778,0.736310778,0.736310778,0.736310778,0.736310778,0.736310778,0.736310778,0.736310778,0.736310778,0.638136008,0.638136008,0.638136008,0.638136008,0.638136008,0.638136008,0.638136008,0.638136008,0.638136008,0.539961237,0.539961237,0.539961237,0.539961237,0.539961237,0.441786467,0.441786467,0.441786467,0.343611696,0.343611696,0.343611696,0.245436926,0.245436926,0.147262156,0.147262156,0.0490873852,0.0490873852,0.0490873852,0.147262156,0.147262156,0.245436926,0.245436926,0.343611696,0.343611696,0.441786467,0.441786467,0.539961237,0.539961237,0.638136008,0.638136008,0.638136008,0.736310778,0.736310778,0.736310778,0.736310778,0.736310778,0.834485549,0.834485549,0.834485549,0.834485549,0.834485549,0.834485549,0.834485549,0.834485549,0.834485549,0.834485549,0.834485549,0.834485549,0.834485549,0.834485549,0.834485549,0.834485549,0.834485549,0.834485549,0.736310778,0.736310778,0.736310778,0.736310778,0.736310778,0.638136008,0.638136008,0.638136008,0.638136008,0.638136008,0.539961237,0.539961237,0.539961237,0.441786467,0.441786467,0.441786467,0.343611696,0.343611696,0.343611696,0.245436926,0.245436926,0.245436926,0.147262156,0.147262156,0.147262156,0.147262156,0.0490873852,0.0490873852,0.0490873852,0.0490873852,0.0490873852,0.0490873852,0.147262156,0.147262156,0.147262156,0.147262156,0.245436926,0.245436926,0.245436926,0.245436926,0.343611696,0.343611696,0.343611696,0.441786467,0.441786467
280.465673208,C01,AP01,client_to_ap,VHT,2,2,2,80,SU,1,4,122,6637c97e16e6ce8a,0.736310778,0.736310778,0.736310778,0.736310778,0.736310778,0.736310778,0.736310778,0.736310778,0.736310778,0.736310778,0.736310778,0.736310778,0.736310778,0.638136008,0.638136008,0.638136008,0.638136008,0.638136008,0.638136008,0.638136008,0.638136008,0.638136008,0.638136008,0.638136008,0.539961237,0.539961237,0.539961237,0.539961237,0.539961237,0.441786467,0.441786467,0.441786467,0.441786467,0.343611696,0.343611696,0.245436926,0.245436926,0.245436926,0.147262156,0.147262156,0.147262156,0.147262156,0.147262156,0.147262156,0.245436926,0.245436926,0.245436926,0.343611696,0.343611696,0.343611696,0.441786467,0.441786467,0.441786467,0.539961237,0.539961237,0.539961237,0.539961237,0.539961237,0.539961237,0.638136008,0.638136008,0.638136008,0.638136008,0.638136008,0.638136008,0.638136008,0.638136008,0.638136008,0.638136008,0.638136008,0.638136008,0.638136008,0.638136008,0.638136008,0.638136008,0.638136008,0.638136008,0.638136008,0.539961237,0.539961237,0.539961237,0.539961237,0.539961237,0.441786467,0.441786467,0.441786467,0.441786467,0.441786467,0.343611696,0.343611696,0.343611696,0.343611696,0.343611696,0.343611696,0.245436926,0.245436926,0.245436926,0.245436926,0.245436926,0.245436926,0.245436926,0.245436926,0.245436926,0.245436926,0.343611696,0.343611696,0.343611696,0.343611696,0.343611696,0.343611696,0.343611696,0.343611696,0.343611696,0.343611696,0.343611696,0.441786467,0.441786467,0.441786467,0.441786467,0.441786467,0.441786467,0.441786467
281.791632175,C01,AP01,client_to_ap,VHT,2,2,2,80,SU,1,4,122,6637c97e16e6ce8a,0.736310778,0.736310778,0.736310778,0.736310778,0.736310778,0.736310778,0.736310778,0.736310778,0.736310778,0.638136008,0.638136008,0.638136008,0.638136008,0.638136008,0.638136008,0.638136008,0.638136008,0.638136008,0.638136008,0.539961237,0.539961237,0.539961237,0.539961237,0.539961237,0.539961237,0.539961237,0.441786467,0.441786467,0.441786467,0.343611696,0.343611696,0.343611696,0.343611696,0.245436926,0.245436926,0.147262156,0.147262156,0.147262156,0.147262156,0.147262156,0.147262156,0.147262156,0.147262156,0.147262156,0.245436926,0.245436926,0.245436926,0.343611696,0.343611696,0.343611696,0.441786467,0.441786467,0.441786467,0.539961237,0.539961237,0.539961237,0.539961237,0.638136008,0.638136008,0.638136008,0.638136008,0.736310778,0.736310778,0.736310778,0.736310778,0.736310778,0.736310778,0.736310778,0.736310778,0.736310778,0.736310778,0.736310778,0.638136008,0.638136008,0.638136008,0.638136008,0.638136008,0.638136008,0.638136008,0.638136008,0.539961237,0.539961237,0.539961237,0.539961237,0.539961237,0.441786467,0.441786467,0.441786467,0.441786467,0.441786467,0.441786467,0.441786467,0.343611696,0.343611696,0.343611696,0.343611696,0.343611696,0.343611696,0.343611696,0.245436926,0.245436926,0.245436926,0.245436926,0.245436926,0.245436926,0.245436926,0.245436926,0.245436926,0.245436926,0.245436926,0.245436926,0.245436926,0.245436926,0.245436926,0.245436926,0.343611696,0.343611696,0.343611696,0.343611696,0.343611696,0.343611696,0.343611696
283.123624086,C01,AP01,client_to_ap,VHT,2,2,2,80,SU,1,4,122,6637c97e16e6ce8a,0.539961237,0.638136008,0.638136008,0.638136008,0.638136008,0.638136008,0.638136008,0.638136008,0.638136008,0.638136008,0.638136008,0.638136008,0.638136008,0.638136008,0.638136008,0.736310778,0.736310778,0.736310778,0.736310778,0.736310778,0.736310778,0.736310778,0.736310778,0.736310778,0.736310778,0.736310778,0.736310778,0.736310778,0.736310778,0.736310778,0.638136008,0.736310778,0.638136008,0.638136008,0.539961237,0.539961237,0.441786467,0.441786467,0.441786467,0.441786467,0.441786467,0.441786467,0.539961237,0.539961237,0.539961237,0.539961237,0.539961237,0.539961237,0.539961237,0.539961237,0.539961237,0.539961237,0.539961237,0.539961237,0.539961237,0.539961237,0.539961237,0.539961237,0.539961237,0.539961237,0.539961237,0.539961237,0.539961237,0.539961237,0.441786467,0.539961237,0.539961237,0.539961237,0.441786467,0.441786467,0.539961237,0.539961237,0.441786467,0.441786467,0.441786467,0.441786467,0.441786467,0.441786467,0.441786467,0.441786467,0.441786467,0.441786467,0.441786467,0.441786467,0.441786467,0.441786467,0.441786467,0.441786467,0.441786467,0.343611696,0.343611696,0.343611696,0.343611696,0.343611696,0.245436926,0.245436926,0.245436926,0.245436926,0.245436926,0.147262156,0.147262156,0.147262156,0.245436926,0.245436926,0.245436926,0.245436926,0.245436926,0.245436926,0.245436926,0.245436926,0.245436926,0.245436926,0.343611696,0.343611696,0.343611696,0.343611696,0.441786467,0.441786467,0.441786467,0.441786467,0.441786467,0.539961237
284.449607134,C01,AP01,client_to_ap,VHT,2,2,2,80,SU,1,4,122,6637c97e16e6ce8a,0.736310778,0.736310778,0.736310778,0.736310778,0.736310778,0.638136008,0.638136008,0.638136008,0.638136008,0.638136008,0.638136008,0.638136008,0.638136008,0.638136008,0.638136008,0.638136008,0.638136008,0.638136008,0.638136008,0.638136008,0.539961237,0.539961237,0.539961237,0.539961237,0.539961237,0.539961237,0.441786467,0.441786467,0.441786467,0.441786467,0.343611696,0.343611696,0.343611696,0.343611696,0.343611696,0.245436926,0.245436926,0.245436926,0.147262156,0.147262156,0.147262156,0.147262156,0.147262156,0.147262156,0.147262156,0.245436926,0.245436926,0.343611696,0.441786467,0.441786467,0.539961237,0.638136008,0.638136008,0.736310778,0.736310778,0.834485549,0.834485549,0.834485549,0.932660319,0.932660319,0.932660319,0.932660319,0.932660319,0.932660319,0.932660319,0.932660319,0.932660319,0.932660319,0.932660319,0.932660319,0.932660319,0.932660319,0.932660319,0.834485549,0.834485549,0.834485549,0.834485549,0.834485549,0.834485549,0.736310778,0.736310778,0.736310778,0.736310778,0.638136008,0.638136008,0.638136008,0.638136008,0.539961237,0.539961237,0.539961237,0.539961237,0.441786467,0.441786467,0.441786467,0.441786467,0.343611696,0.343611696,0.343611696,0.343611696,0.343611696,0.343611696,0.343611696,0.245436926,0.343611696,0.343611696,0.245436926,0.245436926,0.245436926,0.343611696,0.343611696,0.343611696,0.343611696,0.343611696,0.343611696,0.343611696,0.441786467,0.441786467,0.441786467,0.441786467,0.441786467,0.539961237,0.539961237
285.777151108,C01,AP01,client_to_ap,VHT,2,2,2,80,SU,1,4,122,6637c97e16e6ce8a,0.736310778,0.736310778,0.736310778,0.736310778,0.736310778,0.736310778,0.736310778,0.736310778,0.736310778,0.736310778,0.736310778,0.736310778,0.736310778,0.736310778,0.736310778,0.736310778,0.736310778,0.736310778,0.638136008,0.638136008,0.638136008,0.638136008,0.638136008,0.638136008,0.539961237,0.539961237,0.539961237,0.539961237,0.441786467,0.441786467,0.441786467,0.343611696,0.343611696,0.245436926,0.245436926,0.245436926,0.147262156,0.147262156,0.147262156,0.147262156,0.147262156,0.147262156,0.245436926,0.245436926,0.343611696,0.343611696,0.441786467,0.441786467,0.441786467,0.539961237,0.539961237,0.539961237,0.638136008,0.638136008,0.638136008,0.638136008,0.736310778,0.736310778,0.834485549,0.834485549,0.834485549,0.834485549,0.834485549,0.834485549,0.834485549,0.932660319,0.932660319,0.932660319,0.834485549,0.932660319,0.932660319,0.834485549,0.834485549,0.834485549,0.834485549,0.834485549,0.834485549,0.834485549,0.834485549,0.736310778,0.736310778,0.736310778,0.736310778,0.736310778,0.638136008,0.638136008,0.638136008,0.638136008,0.539961237,0.539961237,0.539961237,0.539961237,0.441786467,0.441786467,0.441786467,0.343611696,0.343611696,0.343611696,0.245436926,0.245436926,0.245436926,0.245436926,0.245436926,0.147262156,0.147262156,0.147262156,0.147262156,0.147262156,0.147262156,0.147262156,0.147262156,0.147262156,0.147262156,0.147262156,0.147262156,0.147262156,0.245436926,0.245436926,0.245436926,0.245436926,0.343611696,0.343611696
287.113609076,C01,AP01,client_to_ap,VHT,2,2,2,80,SU,1,4,122,6637c97e16e6ce8a,0.638136008,0.638136008,0.638136008,0.638136008,0.638136008,0.638136008,0.638136008,0.638136008,0.638136008,0.638136008,0.638136008,0.638136008,0.638136008,0.638136008,0.638136008,0.638136008,0.638136008,0.539961237,0.539961237,0.539961237,0.539961237,0.539961237,0.539961237,0.539961237,0.539961237,0.539961237,0.539961237,0.441786467,0.441786467,0.441786467,0.441786467,0.343611696,0.343611696,0.343611696,0.245436926,0.245436926,0.245436926,0.147262156,0.147262156,0.0490873852,0.0490873852,0.0490873852,0.147262156,0.147262156,0.147262156,0.245436926,0.245436926,0.343611696,0.441786467,0.441786467,0.539961237,0.638136008,0.638136008,0.736310778,0.736310778,0.834485549,0.834485549,0.834485549,0.932660319,0.932660319,0.932660319,0.932660319,0.932660319,0.932660319,0.932660319,0.932660319,0.932660319,0.932660319,0.932660319,0.932660319,0.932660319,0.932660319,0.834485549,0.834485549,0.834485549,0.834485549,0.834485549,0.834485549,0.736310778,0.736310778,0.736310778,0.736310778,0.736310778,0.638136008,0.638136008,0.638136008,0.638136008,0.638136008,0.638136008,0.539961237,0.539961237,0.539961237,0.539961237,0.539961237,0.539961237,0.441786467,0.441786467,0.441786467,0.441786467,0.441786467,0.441786467,0.441786467,0.441786467,0.441786467,0.441786467,0.441786467,0.441786467,0.343611696,0.441786467,0.441786467,0.441786467,0.441786467,0.441786467,0.441786467,0.441786467,0.441786467,0.441786467,0.441786467,0.539961237,0.539961237,0.539961237,0.539961237
288.445392132,C01,AP01,client_to_ap,VHT,2,2,2,80,SU,1,4,122,6637c97e16e6ce8a,0.932660319,0.932660319,0.932660319,0.932660319,0.932660319,0.932660319,0.932660319,0.932660319,0.834485549,0.834485549,0.834485549,0.834485549,0.834485549,0.834485549,0.834485549,0.736310778,0.736310778,0.736310778,0.736310778,0.736310778,0.736310778,0.736310778,0.638136008,0.638136008,0.638136008,0.638136008,0.539961237,0.539961237,0.539961237,0.441786467,0.441786467,0.441786467,0.343611696,0.343611696,0.245436926,0.245436926,0.147262156,0.147262156,0.147262156,0.245436926,0.343611696,0.441786467,0.539961237,0.638136008,0.834485549,0.834485549,0.932660319,1.03083509,1.03083509,1.12900986,1.12900986,1.22718463,1.22718463,1.22718463,1.22718463,1.22718463,1.22718463,1.22718463,1.22718463,1.22718463,1.22718463,1.12900986,1.12900986,1.12900986,1.12900986,1.12900986,1.12900986,1.12900986,1.03083509,1.03083509,1.03083509,1.03083509,1.03083509,0.932660319,0.932660319,0.932660319,0.834485549,0.834485549,0.834485549,0.736310778,0.736310778,0.736310778,0.638136008,0.638136008,0.638136008,0.539961237,0.539961237,0.441786467,0.441786467,0.343611696,0.343611696,0.245436926,0.245436926,0.245436926,0.245436926,0.245436926,0.245436926,0.245436926,0.245436926,0.245436926,0.343611696,0.343611696,0.343611696,0.343611696,0.441786467,0.441786467,0.441786467,0.441786467,0.441786467,0.539961237,0.539961237,0.539961237,0.539961237,0.539961237,0.539961237,0.638136008,0.638136008,0.638136008,0.638136008,0.638136008,0.638136008,0.638136008
289.772518158,C01,AP01,client_to_ap,VHT,2,2,2,80,SU,1,4,122,6637c97e16e6ce8a,0.834485549,0.834485549,0.834485549,0.834485549,0.834485549,0.834485549,0.834485549,0.834485549,0.834485549,0.736310778,0.736310778,0.736310778,0.736310778,0.736310778,0.736310778,0.736310778,0.736310778,0.736310778,0.736310778,0.638136008,0.638136008,0.638136008,0.638136008,0.638136008,0.638136008,0.638136008,0.638136008,0.539961237,0.539961237,0.539961237,0.539961237,0.441786467,0.441786467,0.441786467,0.343611696,0.343611696,0.245436926,0.245436926,0.245436926,0.147262156,0.147262156,0.147262156,0.147262156,0.147262156,0.147262156,0.147262156,0.245436926,0.245436926,0.245436926,0.343611696,0.343611696,0.343611696,0.441786467,0.441786467,0.441786467,0.441786467,0.539961237,0.539961237,0.539961237,0.539961237,0.539961237,0.638136008,0.638136008,0.638136008,0.638136008,0.638136008,0.638136008,0.638136008,0.638136008,0.638136008,0.638136008,0.638136008,0.638136008,0.638136008,0.539961237,0.539961237,0.539961237,0.539961237,0.539961237,0.539961237,0.539961237,0.441786467,0.441786467,0.441786467,0.441786467,0.441786467,0.343611696,0.343611696,0.343611696,0.343611696,0.343611696,0.245436926,0.245436926,0.245436926,0.245436926,0.245436926,0.245436926,0.245436926,0.147262156,0.147262156,0.147262156,0.147262156,0.147262156,0.147262156,0.147262156,0.147262156,0.147262156,0.147262156,0.245436926,0.245436926,0.245436926,0.245436926,0.245436926,0.245436926,0.343611696,0.343611696,0.343611696,0.343611696,0.343611696,0.441786467,0.441786467,0.441786467
291.103326082,C01,AP01,client_to_ap,VHT,2,2,2,80,SU,1,4,122,6637c97e16e6ce8a,0.736310778,0.736310778,0.736310778,0.638136008,0.638136008,0.638136008,0.638136008,0.638136008,0.638136008,0.638136008,0.638136008,0.638136008,0.638136008,0.638136008,0.638136008,0.638136008,0.638136008,0.638136008,0.638136008,0.638136008,0.638136008,0.638136008,0.638136008,0.539961237,0.539961237,0.539961237,0.539961237,0.539961237,0.539961237,0.441786467,0.441786467,0.441786467,0.441786467,0.343611696,0.343611696,0.245436926,0.245436926,0.245436926,0.147262156,0.147262156,0.147262156,0.147262156,0.147262156,0.245436926,0.245436926,0.343611696,0.441786467,0.441786467,0.539961237,0.638136008,0.638136008,0.736310778,0.834485549,0.834485549,0.932660319,0.932660319,0.932660319,0.932660319,1.03083509,1.03083509,1.03083509,1.03083509,1.03083509,1.03083509,1.03083509,1.03083509,1.03083509,1.03083509,1.03083509,1.03083509,0.932660319,0.932660319,0.932660319,0.932660319,0.932660319,0.834485549,0.834485549,0.834485549,0.834485549,0.834485549,0.736310778,0.736310778,0.638136008,0.638136008,0.638136008,0.638136008,0.539961237,0.539961237,0.539961237,0.441786467,0.441786467,0.441786467,0.441786467,0.343611696,0.343611696,0.343611696,0.343611696,0.343611696,0.245436926,0.245436926,0.245436926,0.245436926,0.343611696,0.343611696,0.343611696,0.343611696,0.343611696,0.343611696,0.441786467,0.441786467,0.441786467,0.441786467,0.441786467,0.441786467,0.539961237,0.539961237,0.539961237,0.638136008,0.638136008,0.638136008,0.638136008,0.638136008
292.429484129,C01,AP01,client_to_ap,VHT,2,2,2,80,SU,1,4,122,6637c97e16e6ce8a,0.736310778,0.736310778,0.736310778,0.736310778,0.736310778,0.736310778,0.736310778,0.736310778,0.736310778,0.736310778,0.736310778,0.736310778,0.736310778,0.736310778,0.736310778,0.736310778,0.736310778,0.736310778,0.736310778,0.736310778,0.638136008,0.638136008,0.638136008,0.638136008,0.638136008,0.638136008,0.638136008,0.539961237,0.539961237,0.539961237,0.441786467,0.441786467,0.343611696,0.343611696,0.245436926,0.245436926,0.147262156,0.147262156,0.0490873852,0.0490873852,0.0490873852,0.0490873852,0.147262156,0.147262156,0.245436926,0.245436926,0.343611696,0.343611696,0.441786467,0.441786467,0.441786467,0.539961237,0.539961237,0.638136008,0.638136008,0.638136008,0.736310778,0.736310778,0.736310778,0.834485549,0.834485549,0.834485549,0.834485549,0.834485549,0.834485549,0.834485549,0.834485549,0.834485549,0.834485549,0.834485549,0.834485549,0.834485549,0.834485549,0.834485549,0.834485549,0.834485549,0.834485549,0.736310778,0.736310778,0.736310778,0.736310778,0.736310778,0.736310778,0.638136008,0.638136008,0.638136008,0.638136008,0.638136008,0.539961237,0.539961237,0.539961237,0.441786467,0.441786467,0.441786467,0.343611696,0.343611696,0.343611696,0.245436926,0.245436926,0.245436926,0.245436926,0.147262156,0.147262156,0.147262156,0.147262156,0.147262156,0.147262156,0.147262156,0.147262156,0.147262156,0.147262156,0.147262156,0.147262156,0.147262156,0.147262156,0.245436926,0.245436926,0.245436926,0.245436926,0.245436926,0.245436926,0.245436926
293.757461071,C01,AP01,client_to_ap,VHT,2,2,2,80,SU,1,4,122,6637c97e16e6ce8a,0.736310778,0.736310778,0.736310778,0.736310778,0.638136008,0.638136008,0.638136008,0.638136008,0.638136008,0.638136008,0.638136008,0.638136008,0.638136008,0.638136008,0.638136008,0.638136008,0.638136008,0.638136008,0.638136008,0.638136008,0.638136008,0.638136008,0.638136008,0.638136008,0.638136008,0.539961237,0.539961237,0.539961237,0.539961237,0.441786467,0.441786467,0.441786467,0.441786467,0.343611696,0.343611696,0.343611696,0.245436926,0.245436926,0.245436926,0.147262156,0.147262156,0.147262156,0.147262156,0.147262156,0.147262156,0.245436926,0.245436926,0.343611696,0.441786467,0.441786467,0.539961237,0.638136008,0.638136008,0.736310778,0.736310778,0.834485549,0.834485549,0.932660319,0.932660319,0.932660319,0.932660319,0.932660319,0.932660319,0.932660319,0.932660319,0.932660319,0.932660319,0.932660319,0.932660319,0.932660319,0.932660319,0.834485549,0.834485549,0.834485549,0.834485549,0.834485549,0.834485549,0.834485549,0.834485549,0.736310778,0.736310778,0.736310778,0.736310778,0.638136008,0.638136008,0.638136008,0.638136008,0.638136008,0.539961237,0.539961237,0.539961237,0.539961237,0.441786467,0.441786467,0.441786467,0.343611696,0.343611696,0.343611696,0.343611696,0.245436926,0.245436926,0.245436926,0.245436926,0.245436926,0.147262156,0.147262156,0.147262156,0.147262156,0.147262156,0.147262156,0.147262156,0.147262156,0.147262156,0.147262156,0.147262156,0.147262156,0.245436926,0.245436926,0.245436926,0.245436926,0.245436926,0.343611696
295.092822075,C01,AP01,client_to_ap,VHT,2,2,2,80,SU,1,4,122,6637c97e16e6ce8a,0.736310778,0.736310778,0.736310778,0.736310778,0.736310778,0.736310778,0.736310778,0.736310778,0.736310778,0.736310778,0.736310778,0.736310778,0.736310778,0.736310778,0.736310778,0.736310778,0.736310778,0.638136008,0.638136008,0.638136008,0.638136008,0.638136008,0.638136008,0.638136008,0.638136008,0.539961237,0.539961237,0.539961237,0.539961237,0.441786467,0.441786467,0.441786467,0.343611696,0.343611696,0.245436926,0.245436926,0.245436926,0.147262156,0.147262156,0.147262156,0.147262156,0.147262156,0.245436926,0.245436926,0.245436926,0.343611696,0.441786467,0.441786467,0.539961237,0.539961237,0.638136008,0.638136008,0.638136008,0.736310778,0.736310778,0.834485549,0.834485549,0.834485549,0.834485549,0.834485549,0.834485549,0.932660319,0.932660319,0.932660319,0.932660319,0.932660319,0.932660319,0.932660319,0.932660319,0.932660319,0.932660319,0.834485549,0.834485549,0.834485549,0.834485549,0.834485549,0.834485549,0.736310778,0.736310778,0.736310778,0.736310778,0.638136008,0.638136008,0.638136008,0.638136008,0.638136008,0.539961237,0.539961237,0.539961237,0.539961237,0.441786467,0.441786467,0.441786467,0.441786467,0.343611696,0.343611696,0.343611696,0.343611696,0.245436926,0.245436926,0.245436926,0.245436926,0.245436926,0.245436926,0.147262156,0.147262156,0.147262156,0.147262156,0.147262156,0.147262156,0.147262156,0.245436926,0.245436926,0.245436926,0.245436926,0.245436926,0.245436926,0.343611696,0.343611696,0.343611696,0.343611696,0.343611696
296.424705982,C01,AP01,client_to_ap,VHT,2,2,2,80,SU,1,4,122,6637c97e16e6ce8a,0.736310778,0.736310778,0.736310778,0.736310778,0.736310778,0.736310778,0.736310778,0.736310778,0.736310778,0.638136008,0.638136008,0.638136008,0.638136008,0.638136008,0.638136008,0.638136008,0.638136008,0.638136008,0.638136008,0.638136008,0.638136008,0.539961237,0.539961237,0.539961237,0.539961237,0.539961237,0.539961237,0.441786467,0.441786467,0.441786467,0.441786467,0.343611696,0.343611696,0.245436926,0.245436926,0.245436926,0.147262156,0.147262156,0.147262156,0.0490873852,0.147262156,0.147262156,0.147262156,0.245436926,0.245436926,0.343611696,0.343611696,0.441786467,0.539961237,0.539961237,0.539961237,0.638136008,0.638136008,0.736310778,0.736310778,0.736310778,0.834485549,0.834485549,0.834485549,0.834485549,0.834485549,0.834485549,0.834485549,0.932660319,0.932660319,0.932660319,0.932660319,0.932660319,0.834485549,0.932660319,0.834485549,0.932660319,0.834485549,0.834485549,0.834485549,0.834485549,0.834485549,0.834485549,0.834485549,0.834485549,0.736310778,0.736310778,0.736310778,0.736310778,0.736310778,0.638136008,0.638136008,0.638136008,0.638136008,0.638136008,0.539961237,0.539961237,0.539961237,0.441786467,0.441786467,0.441786467,0.343611696,0.343611696,0.343611696,0.245436926,0.245436926,0.245436926,0.245436926,0.245436926,0.147262156,0.147262156,0.147262156,0.147262156,0.147262156,0.147262156,0.147262156,0.147262156,0.147262156,0.147262156,0.147262156,0.245436926,0.245436926,0.245436926,0.245436926,0.343611696,0.343611696,0.343611696
297.752574205,C01,AP01,client_to_ap,VHT,2,2,2,80,SU,1,4,122,6637c97e16e6ce8a,0.736310778,0.736310778,0.736310778,0.736310778,0.736310778,0.736310778,0.736310778,0.736310778,0.736310778,0.638136008,0.638136008,0.736310778,0.736310778,0.638136008,0.638136008,0.638136008,0.638136008,0.638136008,0.638136008,0.638136008,0.638136008,0.638136008,0.638136008,0.539961237,0.539961237,0.539961237,0.539961237,0.539961237,0.441786467,0.441786467,0.441786467,0.343611696,0.343611696,0.245436926,0.245436926,0.147262156,0.147262156,0.147262156,0.147262156,0.147262156,0.147262156,0.245436926,0.245436926,0.245436926,0.343611696,0.343611696,0.441786467,0.441786467,0.539961237,0.539961237,0.638136008,0.638136008,0.638136008,0.736310778,0.736310778,0.736310778,0.736310778,0.834485549,0.834485549,0.834485549,0.834485549,0.834485549,0.834485549,0.834485549,0.834485549,0.932660319,0.834485549,0.834485549,0.834485549,0.834485549,0.834485549,0.834485549,0.834485549,0.834485549,0.834485549,0.834485549,0.834485549,0.834485549,0.834485549,0.736310778,0.736310778,0.736310778,0.736310778,0.736310778,0.638136008,0.638136008,0.638136008,0.638136008,0.539961237,0.539961237,0.539961237,0.441786467,0.441786467,0.441786467,0.441786467,0.343611696,0.343611696,0.245436926,0.245436926,0.245436926,0.245436926,0.147262156,0.147262156,0.147262156,0.147262156,0.147262156,0.147262156,0.147262156,0.147262156,0.147262156,0.147262156,0.245436926,0.245436926,0.245436926,0.245436926,0.245436926,0.343611696,0.343611696,0.343611696,0.343611696,0.343611696,0.441786467
299.082706213,C01,AP01,client_to_ap,VHT,2,2,2,80,SU,1,4,122,6637c97e16e6ce8a,0.638136008,0.638136008,0.638136008,0.638136008,0.638136008,0.638136008,0.638136008,0.638136008,0.638136008,0.638136008,0.638136008,0.638136008,0.638136008,0.638136008,0.638136008,0.638136008,0.638136008,0.638136008,0.638136008,0.638136008,0.539961237,0.539961237,0.539961237,0.539961237,0.539961237,0.539961237,0.441786467,0.441786467,0.441786467,0.441786467,0.343611696,0.343611696,0.343611696,0.245436926,0.245436926,0.147262156,0.147262156,0.0490873852,0.0490873852,0.0490873852,0.0490873852,0.147262156,0.147262156,0.245436926,0.343611696,0.343611696,0.441786467,0.441786467,0.539961237,0.539961237,0.539961237,0.638136008,0.638136008,0.736310778,0.736310778,0.736310778,0.736310778,0.834485549,0.834485549,0.834485549,0.834485549,0.834485549,0.834485549,0.932660319,0.834485549,0.932660319,0.834485549,0.932660319,0.834485549,0.834485549,0.834485549,0.834485549,0.834485549,0.834485549,0.834485549,0.834485549,0.736310778,0.736310778,0.736310778,0.736310778,0.736310778,0.736310778,0.638136008,0.638136008,0.638136008,0.638136008,0.638136008,0.638136008,0.638136008,0.539961237,0.539961237,0.539961237,0.539961237,0.441786467,0.441786467,0.441786467,0.441786467,0.343611696,0.343611696,0.343611696,0.343611696,0.245436926,0.245436926,0.245436926,0.147262156,0.147262156,0.147262156,0.147262156,0.147262156,0.0490873852,0.0490873852,0.147262156,0.147262156,0.147262156,0.147262156,0.147262156,0.245436926,0.245436926,0.245436926,0.343611696,0.343611696,0.343611696
300.414664030,C01,AP01,client_to_ap,VHT,2,2,2,80,SU,1,4,122,6637c97e16e6ce8a,0.736310778,0.736310778,0.736310778,0.736310778,0.736310778,0.736310778,0.736310778,0.736310778,0.736310778,0.736310778,0.638136008,0.736310778,0.736310778,0.638136008,0.638136008,0.638136008,0.638136008,0.638136008,0.638136008,0.638136008,0.638136008,0.638136008,0.638136008,0.638136008,0.539961237,0.539961237,0.539961237,0.539961237,0.441786467,0.441786467,0.441786467,0.343611696,0.343611696,0.245436926,0.245436926,0.245436926,0.147262156,0.147262156,0.0490873852,0.0490873852,0.0490873852,0.147262156,0.147262156,0.245436926,0.245436926,0.343611696,0.343611696,0.441786467,0.441786467,0.539961237,0.539961237,0.638136008,0.638136008,0.638136008,0.736310778,0.736310778,0.736310778,0.834485549,0.834485549,0.834485549,0.834485549,0.834485549,0.834485549,0.834485549,0.834485549,0.834485549,0.834485549,0.834485549,0.834485549,0.834485549,0.834485549,0.834485549,0.834485549,0.834485549,0.834485549,0.834485549,0.834485549,0.736310778,0.736310778,0.736310778,0.736310778,0.736310778,0.736310778,0.638136008,0.638136008,0.638136008,0.638136008,0.539961237,0.539961237,0.539961237,0.539961237,0.441786467,0.441786467,0.441786467,0.343611696,0.343611696,0.343611696,0.245436926,0.245436926,0.245436926,0.147262156,0.147262156,0.147262156,0.147262156,0.147262156,0.147262156,0.147262156,0.147262156,0.147262156,0.147262156,0.147262156,0.147262156,0.245436926,0.245436926,0.245436926,0.245436926,0.343611696,0.343611696,0.343611696,0.343611696,0.343611696,0.441786467
301.745889187,C01,AP01,client_to_ap,VHT,2,2,2,80,SU,1,4,122,6637c97e16e6ce8a,0.736310778,0.736310778,0.736310778,0.736310778,0.736310778,0.736310778,0.736310778,0.736310778,0.736310778,0.638136008,0.638136008,0.638136008,0.638136008,0.638136008,0.638136008,0.638136008,0.638136008,0.638136008,0.638136008,0.638136008,0.638136008,0.638136008,0.638136008,0.539961237,0.539961237,0.539961237,0.539961237,0.539961237,0.441786467,0.441786467,0.441786467,0.441786467,0.343611696,0.343611696,0.245436926,0.245436926,0.147262156,0.147262156,0.0490873852,0.0490873852,0.147262156,0.147262156,0.245436926,0.245436926,0.343611696,0.343611696,0.441786467,0.441786467,0.539961237,0.539961237,0.638136008,0.638136008,0.736310778,0.736310778,0.736310778,0.736310778,0.834485549,0.834485549,0.834485549,0.834485549,0.834485549,0.932660319,0.932660319,0.932660319,0.932660319,0.932660319,0.932660319,0.932660319,0.834485549,0.932660319,0.834485549,0.834485549,0.834485549,0.834485549,0.834485549,0.834485549,0.834485549,0.736310778,0.736310778,0.736310778,0.736310778,0.736310778,0.638136008,0.638136008,0.638136008,0.638136008,0.539961237,0.539961237,0.539961237,0.539961237,0.441786467,0.441786467,0.441786467,0.441786467,0.343611696,0.343611696,0.245436926,0.245436926,0.245436926,0.245436926,0.147262156,0.147262156,0.147262156,0.147262156,0.147262156,0.147262156,0.147262156,0.147262156,0.147262156,0.147262156,0.147262156,0.147262156,0.147262156,0.245436926,0.245436926,0.245436926,0.343611696,0.343611696,0.343611696,0.343611696,0.343611696,0.441786467
303.073288202,C01,AP01,client_to_ap,VHT,2,2,2,80,SU,1,4,122,6637c97e16e6ce8a,0.736310778,0.736310778,0.736310778,0.736310778,0.736310778,0.638136008,0.736310778,0.736310778,0.638136008,0.638136008,0.638136008,0.638136008,0.638136008,0.638136008,0.638136008,0.638136008,0.638136008,0.638136008,0.638136008,0.638136008,0.638136008,0.539961237,0.539961237,0.539961237,0.539961237,0.539961237,0.539961237,0.539961237,0.441786467,0.441786467,0.441786467,0.343611696,0.343611696,0.245436926,0.245436926,0.245436926,0.147262156,0.147262156,0.0490873852,0.0490873852,0.147262156,0.147262156,0.147262156,0.245436926,0.245436926,0.343611696,0.441786467,0.441786467,0.539961237,0.539961237,0.638136008,0.638136008,0.638136008,0.736310778,0.736310778,0.736310778,0.834485549,0.834485549,0.834485549,0.834485549,0.834485549,0.932660319,0.834485549,0.834485549,0.834485549,0.932660319,0.932660319,0.834485549,0.834485549,0.932660319,0.834485549,0.834485549,0.834485549,0.834485549,0.834485549,0.834485549,0.834485549,0.736310778,0.736310778,0.736310778,0.736310778,0.736310778,0.736310778,0.638136008,0.638136008,0.638136008,0.638136008,0.539961237,0.539961237,0.539961237,0.539961237,0.441786467,0.441786467,0.441786467,0.343611696,0.343611696,0.343611696,0.245436926,0.245436926,0.245436926,0.245436926,0.245436926,0.147262156,0.147262156,0.147262156,0.147262156,0.147262156,0.147262156,0.147262156,0.147262156,0.147262156,0.147262156,0.147262156,0.245436926,0.245436926,0.245436926,0.245436926,0.343611696,0.343611696,0.343611696,0.343611696,0.343611696
304.404436111,C01,AP01,client_to_ap,VHT,2,2,2,80,SU,1,4,122,6637c97e16e6ce8a,0.736310778,0.736310778,0.736310778,0.736310778,0.736310778,0.736310778,0.736310778,0.736310778,0.638136008,0.638136008,0.638136008,0.638136008,0.638136008,0.638136008,0.638136008,0.638136008,0.638136008,0.638136008,0.638136008,0.638136008,0.638136008,0.638136008,0.638136008,0.539961237,0.539961237,0.539961237,0.539961237,0.539961237,0.441786467,0.441786467,0.441786467,0.343611696,0.343611696,0.343611696,0.245436926,0.245436926,0.147262156,0.147262156,0.147262156,0.147262156,0.147262156,0.147262156,0.245436926,0.245436926,0.343611696,0.343611696,0.441786467,0.441786467,0.539961237,0.539961237,0.638136008,0.638136008,0.736310778,0.736310778,0.736310778,0.834485549,0.834485549,0.834485549,0.834485549,0.834485549,0.932660319,0.932660319,0.932660319,0.932660319,0.932660319,0.932660319,0.932660319,0.932660319,0.932660319,0.932660319,0.932660319,0.834485549,0.834485549,0.834485549,0.834485549,0.834485549,0.834485549,0.834485549,0.736310778,0.736310778,0.736310778,0.736310778,0.736310778,0.638136008,0.638136008,0.638136008,0.638136008,0.638136008,0.539961237,0.539961237,0.539961237,0.441786467,0.441786467,0.441786467,0.343611696,0.343611696,0.343611696,0.245436926,0.245436926,0.245436926,0.245436926,0.147262156,0.147262156,0.147262156,0.147262156,0.147262156,0.147262156,0.147262156,0.147262156,0.147262156,0.147262156,0.147262156,0.245436926,0.245436926,0.245436926,0.245436926,0.245436926,0.343611696,0.343611696,0.343611696,0.343611696,0.441786467
305.736052990,C01,AP01,client_to_ap,VHT,2,2,2,80,SU,1,4,122,6637c97e16e6ce8a,0.736310778,0.736310778,0.736310778,0.736310778,0.736310778,0.736310778,0.736310778,0.736310778,0.736310778,0.638136008,0.638136008,0.638136008,0.638136008,0.638136008,0.638136008,0.638136008,0.638136008,0.638136008,0.638136008,0.638136008,0.638136008,0.638136008,0.539961237,0.539961237,0.539961237,0.539961237,0.539961237,0.539961237,0.441786467,0.441786467,0.441786467,0.343611696,0.343611696,0.245436926,0.245436926,0.245436926,0.147262156,0.147262156,0.147262156,0.147262156,0.147262156,0.147262156,0.245436926,0.245436926,0.343611696,0.343611696,0.441786467,0.441786467,0.539961237,0.539961237,0.638136008,0.638136008,0.638136008,0.736310778,0.736310778,0.736310778,0.834485549,0.834485549,0.834485549,0.834485549,0.834485549,0.932660319,0.932660319,0.932660319,0.932660319,0.932660319,0.932660319,0.932660319,0.932660319,0.932660319,0.932660319,0.834485549,0.834485549,0.834485549,0.834485549,0.834485549,0.834485549,0.834485549,0.736310778,0.736310778,0.736310778,0.736310778,0.736310778,0.638136008,0.638136008,0.638136008,0.638136008,0.539961237,0.539961237,0.539961237,0.539961237,0.441786467,0.441786467,0.441786467,0.343611696,0.343611696,0.343611696,0.245436926,0.245436926,0.245436926,0.245436926,0.147262156,0.147262156,0.147262156,0.147262156,0.147262156,0.147262156,0.147262156,0.147262156,0.147262156,0.147262156,0.147262156,0.147262156,0.245436926,0.245436926,0.245436926,0.245436926,0.343611696,0.343611696,0.343611696,0.343611696,0.441786467
307.072546005,C01,AP01,client_to_ap,VHT,2,2,2,80,SU,1,4,122,6637c97e16e6ce8a,0.736310778,0.736310778,0.736310778,0.736310778,0.736310778,0.736310778,0.736310778,0.736310778,0.736310778,0.638136008,0.638136008,0.638136008,0.638136008,0.638136008,0.638136008,0.638136008,0.638136008,0.638136008,0.638136008,0.638136008,0.638136008,0.638136008,0.638136008,0.539961237,0.539961237,0.539961237,0.539961237,0.539961237,0.441786467,0.441786467,0.441786467,0.343611696,0.343611696,0.245436926,0.245436926,0.245436926,0.147262156,0.147262156,0.147262156,0.147262156,0.147262156,0.147262156,0.245436926,0.245436926,0.343611696,0.343611696,0.441786467,0.441786467,0.539961237,0.539961237,0.638136008,0.638136008,0.638136008,0.736310778,0.736310778,0.834485549,0.834485549,0.834485549,0.834485549,0.834485549,0.834485549,0.932660319,0.932660319,0.932660319,0.932660319,0.932660319,0.932660319,0.932660319,0.932660319,0.932660319,0.932660319,0.834485549,0.834485549,0.834485549,0.834485549,0.834485549,0.834485549,0.834485549,0.736310778,0.736310778,0.736310778,0.736310778,0.736310778,0.638136008,0.638136008,0.638136008,0.638136008,0.539961237,0.539961237,0.539961237,0.539961237,0.441786467,0.441786467,0.441786467,0.343611696,0.343611696,0.343611696,0.245436926,0.245436926,0.245436926,0.245436926,0.147262156,0.147262156,0.147262156,0.147262156,0.147262156,0.147262156,0.147262156,0.147262156,0.147262156,0.147262156,0.147262156,0.245436926,0.245436926,0.245436926,0.245436926,0.245436926,0.343611696,0.343611696,0.343611696,0.343611696,0.441786467
308.404767036,C01,AP01,client_to_ap,VHT,2,2,2,80,SU,1,4,122,6637c97e16e6ce8a,0.736310778,0.736310778,0.736310778,0.736310778,0.736310778,0.736310778,0.736310778,0.736310778,0.736310778,0.638136008,0.638136008,0.638136008,0.638136008,0.638136008,0.638136008,0.638136008,0.638136008,0.638136008,0.638136008,0.638136008,0.638136008,0.638136008,0.539961237,0.539961237,0.539961237,0.539961237,0.539961237,0.539961237,0.441786467,0.441786467,0.441786467,0.343611696,0.343611696,0.245436926,0.245436926,0.245436926,0.147262156,0.147262156,0.147262156,0.0490873852,0.147262156,0.147262156,0.245436926,0.245436926,0.343611696,0.343611696,0.441786467,0.441786467,0.539961237,0.539961237,0.638136008,0.638136008,0.638136008,0.736310778,0.736310778,0.736310778,0.834485549,0.834485549,0.834485549,0.834485549,0.834485549,0.932660319,0.932660319,0.932660319,0.932660319,0.932660319,0.932660319,0.932660319,0.932660319,0.932660319,0.932660319,0.834485549,0.834485549,0.834485549,0.834485549,0.834485549,0.834485549,0.736310778,0.736310778,0.736310778,0.736310778,0.736310778,0.736310778,0.638136008,0.638136008,0.638136008,0.638136008,0.539961237,0.539961237,0.539961237,0.539961237,0.441786467,0.441786467,0.441786467,0.343611696,0.343611696,0.343611696,0.245436926,0.245436926,0.245436926,0.147262156,0.147262156,0.147262156,0.147262156,0.147262156,0.147262156,0.147262156,0.147262156,0.147262156,0.147262156,0.147262156,0.147262156,0.147262156,0.245436926,0.245436926,0.245436926,0.245436926,0.343611696,0.343611696,0.343611696,0.343611696,0.343611696
309.736220121,C01,AP01,client_to_ap,VHT,2,2,2,80,SU,1,4,122,6637c97e16e6ce8a,0.736310778,0.736310778,0.736310778,0.736310778,0.736310778,0.736310778,0.736310778,0.736310778,0.736310778,0.638136008,0.638136008,0.638136008,0.638136008,0.638136008,0.638136008,0.638136008,0.638136008,0.638136008,0.638136008,0.638136008,0.638136008,0.638136008,0.638136008,0.539961237,0.539961237,0.539961237,0.539961237,0.441786467,0.441786467,0.441786467,0.441786467,0.343611696,0.343611696,0.245436926,0.245436926,0.245436926,0.147262156,0.147262156,0.147262156,0.147262156,0.147262156,0.147262156,0.245436926,0.245436926,0.343611696,0.343611696,0.441786467,0.441786467,0.539961237,0.539961237,0.638136008,0.638136008,0.638136008,0.736310778,0.736310778,0.834485549,0.834485549,0.834485549,0.834485549,0.834485549,0.834485549,0.932660319,0.932660319,0.932660319,0.932660319,0.932660319,0.932660319,0.932660319,0.932660319,0.932660319,0.932660319,0.834485549,0.834485549,0.834485549,0.834485549,0.834485549,0.834485549,0.834485549,0.736310778,0.736310778,0.736310778,0.736310778,0.736310778,0.638136008,0.638136008,0.638136008,0.638136008,0.539961237,0.539961237,0.539961237,0.539961237,0.441786467,0.441786467,0.441786467,0.343611696,0.343611696,0.245436926,0.245436926,0.245436926,0.245436926,0.245436926,0.147262156,0.147262156,0.147262156,0.147262156,0.147262156,0.147262156,0.147262156,0.147262156,0.147262156,0.147262156,0.147262156,0.245436926,0.245436926,0.245436926,0.245436926,0.245436926,0.343611696,0.343611696,0.343611696,0.343611696,0.441786467
311.071990013,C01,AP01,client_to_ap,VHT,2,2,2,80,SU,1,4,122,6637c97e16e6ce8a,0.736310778,0.736310778,0.736310778,0.736310778,0.736310778,0.736310778,0.736310778,0.736310778,0.736310778,0.638136008,0.638136008,0.638136008,0.638136008,0.638136008,0.638136008,0.638136008,0.638136008,0.638136008,0.638136008,0.638136008,0.638136008,0.638136008,0.539961237,0.539961237,0.539961237,0.539961237,0.539961237,0.539961237,0.441786467,0.441786467,0.441786467,0.343611696,0.343611696,0.245436926,0.245436926,0.245436926,0.147262156,0.147262156,0.147262156,0.147262156,0.147262156,0.147262156,0.245436926,0.245436926,0.343611696,0.343611696,0.441786467,0.441786467,0.539961237,0.539961237,0.638136008,0.638136008,0.638136008,0.736310778,0.736310778,0.736310778,0.834485549,0.834485549,0.834485549,0.834485549,0.834485549,0.932660319,0.932660319,0.932660319,0.932660319,0.932660319,0.932660319,0.932660319,0.932660319,0.932660319,0.932660319,0.834485549,0.834485549,0.834485549,0.834485549,0.834485549,0.834485549,0.736310778,0.736310778,0.736310778,0.736310778,0.736310778,0.736310778,0.638136008,0.638136008,0.638136008,0.638136008,0.539961237,0.539961237,0.539961237,0.539961237,0.441786467,0.441786467,0.441786467,0.343611696,0.343611696,0.343611696,0.245436926,0.245436926,0.245436926,0.245436926,0.147262156,0.147262156,0.147262156,0.147262156,0.147262156,0.147262156,0.147262156,0.147262156,0.147262156,0.147262156,0.147262156,0.147262156,0.245436926,0.245436926,0.245436926,0.245436926,0.343611696,0.343611696,0.343611696,0.343611696,0.441786467
312.404702187,C01,AP01,client_to_ap,VHT,2,2,2,80,SU,1,4,122,6637c97e16e6ce8a,0.736310778,0.736310778,0.736310778,0.736310778,0.736310778,0.736310778,0.736310778,0.736310778,0.638136008,0.638136008,0.638136008,0.638136008,0.638136008,0.638136008,0.638136008,0.638136008,0.638136008,0.638136008,0.638136008,0.638136008,0.638136008,0.638136008,0.539961237,0.539961237,0.539961237,0.539961237,0.539961237,0.539961237,0.441786467,0.441786467,0.441786467,0.343611696,0.343611696,0.245436926,0.245436926,0.245436926,0.147262156,0.147262156,0.147262156,0.0490873852,0.147262156,0.147262156,0.245436926,0.245436926,0.343611696,0.343611696,0.441786467,0.441786467,0.539961237,0.539961237,0.638136008,0.638136008,0.638136008,0.736310778,0.736310778,0.736310778,0.834485549,0.834485549,0.834485549,0.834485549,0.834485549,0.932660319,0.932660319,0.932660319,0.932660319,0.932660319,0.932660319,0.932660319,0.932660319,0.932660319,0.932660319,0.834485549,0.834485549,0.834485549,0.834485549,0.834485549,0.834485549,0.736310778,0.736310778,0.736310778,0.736310778,0.736310778,0.736310778,0.638136008,0.638136008,0.638136008,0.638136008,0.539961237,0.539961237,0.539961237,0.539961237,0.441786467,0.441786467,0.441786467,0.343611696,0.343611696,0.343611696,0.245436926,0.245436926,0.245436926,0.245436926,0.147262156,0.147262156,0.147262156,0.147262156,0.147262156,0.147262156,0.147262156,0.147262156,0.147262156,0.147262156,0.147262156,0.147262156,0.245436926,0.245436926,0.245436926,0.245436926,0.343611696,0.343611696,0.343611696,0.343611696,0.441786467
313.735854149,C01,AP01,client_to_ap,VHT,2,2,2,80,SU,1,4,122,6637c97e16e6ce8a,0.736310778,0.736310778,0.736310778,0.736310778,0.736310778,0.736310778,0.736310778,0.736310778,0.638136008,0.638136008,0.638136008,0.638136008,0.638136008,0.638136008,0.638136008,0.638136008,0.638136008,0.638136008,0.638136008,0.638136008,0.638136008,0.638136008,0.539961237,0.539961237,0.539961237,0.539961237,0.539961237,0.441786467,0.441786467,0.441786467,0.441786467,0.343611696,0.343611696,0.343611696,0.245436926,0.245436926,0.147262156,0.147262156,0.147262156,0.147262156,0.147262156,0.147262156,0.245436926,0.245436926,0.343611696,0.343611696,0.441786467,0.441786467,0.539961237,0.539961237,0.638136008,0.638136008,0.638136008,0.736310778,0.736310778,0.736310778,0.834485549,0.834485549,0.834485549,0.834485549,0.834485549,0.932660319,0.932660319,0.932660319,0.932660319,0.932660319,0.932660319,0.932660319,0.932660319,0.932660319,0.932660319,0.834485549,0.834485549,0.834485549,0.834485549,0.834485549,0.834485549,0.736310778,0.736310778,0.736310778,0.736310778,0.736310778,0.736310778,0.638136008,0.638136008,0.638136008,0.638136008,0.539961237,0.539961237,0.539961237,0.539961237,0.441786467,0.441786467,0.441786467,0.343611696,0.343611696,0.343611696,0.245436926,0.245436926,0.245436926,0.245436926,0.147262156,0.147262156,0.147262156,0.147262156,0.147262156,0.147262156,0.147262156,0.147262156,0.147262156,0.147262156,0.147262156,0.245436926,0.245436926,0.245436926,0.245436926,0.245436926,0.343611696,0.343611696,0.343611696,0.343611696,0.343611696
315.072633028,C01,AP01,client_to_ap,VHT,2,2,2,80,SU,1,4,122,6637c97e16e6ce8a,0.736310778,0.736310778,0.736310778,0.736310778,0.736310778,0.736310778,0.736310778,0.736310778,0.736310778,0.638136008,0.638136008,0.638136008,0.638136008,0.638136008,0.638136008,0.638136008,0.638136008,0.638136008,0.638136008,0.638136008,0.638136008,0.638136008,0.638136008,0.539961237,0.539961237,0.539961237,0.539961237,0.539961237,0.441786467,0.441786467,0.441786467,0.343611696,0.343611696,0.245436926,0.245436926,0.245436926,0.147262156,0.147262156,0.147262156,0.147262156,0.147262156,0.147262156,0.245436926,0.245436926,0.343611696,0.343611696,0.441786467,0.441786467,0.539961237,0.539961237,0.638136008,0.638136008,0.638136008,0.736310778,0.736310778,0.736310778,0.834485549,0.834485549,0.834485549,0.834485549,0.834485549,0.932660319,0.932660319,0.932660319,0.932660319,0.932660319,0.932660319,0.932660319,0.932660319,0.932660319,0.932660319,0.834485549,0.834485549,0.834485549,0.834485549,0.834485549,0.834485549,0.834485549,0.736310778,0.736310778,0.736310778,0.736310778,0.736310778,0.638136008,0.638136008,0.638136008,0.638136008,0.638136008,0.539961237,0.539961237,0.539961237,0.441786467,0.441786467,0.441786467,0.343611696,0.343611696,0.343611696,0.245436926,0.245436926,0.245436926,0.245436926,0.147262156,0.147262156,0.147262156,0.147262156,0.147262156,0.147262156,0.147262156,0.147262156,0.147262156,0.147262156,0.147262156,0.147262156,0.245436926,0.245436926,0.245436926,0.245436926,0.343611696,0.343611696,0.343611696,0.343611696,0.441786467
316.405246019,C01,AP01,client_to_ap,VHT,2,2,2,80,SU,1,4,122,6637c97e16e6ce8a,0.736310778,0.736310778,0.736310778,0.736310778,0.736310778,0.736310778,0.736310778,0.736310778,0.736310778,0.638136008,0.638136008,0.638136008,0.638136008,0.638136008,0.638136008,0.638136008,0.638136008,0.638136008,0.638136008,0.638136008,0.638136008,0.638136008,0.638136008,0.539961237,0.539961237,0.539961237,0.539961237,0.539961237,0.441786467,0.441786467,0.441786467,0.343611696,0.343611696,0.245436926,0.245436926,0.245436926,0.147262156,0.147262156,0.147262156,0.147262156,0.147262156,0.147262156,0.245436926,0.245436926,0.343611696,0.441786467,0.441786467,0.441786467,0.539961237,0.539961237,0.638136008,0.638136008,0.736310778,0.736310778,0.736310778,0.834485549,0.834485549,0.834485549,0.834485549,0.834485549,0.834485549,0.932660319,0.932660319,0.932660319,0.932660319,0.932660319,0.932660319,0.932660319,0.932660319,0.932660319,0.932660319,0.834485549,0.834485549,0.834485549,0.834485549,0.834485549,0.834485549,0.834485549,0.736310778,0.736310778,0.736310778,0.736310778,0.736310778,0.638136008,0.638136008,0.638136008,0.638136008,0.638136008,0.539961237,0.539961237,0.539961237,0.441786467,0.441786467,0.441786467,0.343611696,0.343611696,0.343611696,0.245436926,0.245436926,0.245436926,0.245436926,0.147262156,0.147262156,0.147262156,0.147262156,0.147262156,0.147262156,0.147262156,0.147262156,0.147262156,0.147262156,0.147262156,0.245436926,0.245436926,0.245436926,0.245436926,0.245436926,0.343611696,0.343611696,0.343611696,0.343611696,0.441786467
317.736926079,C01,AP01,client_to_ap,VHT,2,2,2,80,SU,1,4,122,6637c97e16e6ce8a,0.736310778,0.736310778,0.736310778,0.736310778,0.736310778,0.736310778,0.736310778,0.736310778,0.736310778,0.638136008,0.638136008,0.638136008,0.638136008,0.638136008,0.638136008,0.638136008,0.638136008,0.638136008,0.638136008,0.638136008,0.638136008,0.638136008,0.539961237,0.539961237,0.539961237,0.539961237,0.539961237,0.539961237,0.441786467,0.441786467,0.441786467,0.343611696,0.343611696,0.245436926,0.245436926,0.245436926,0.147262156,0.147262156,0.147262156,0.147262156,0.147262156,0.147262156,0.245436926,0.245436926,0.343611696,0.343611696,0.441786467,0.441786467,0.539961237,0.539961237,0.638136008,0.638136008,0.736310778,0.736310778,0.736310778,0.834485549,0.834485549,0.834485549,0.834485549,0.834485549,0.932660319,0.932660319,0.932660319,0.932660319,0.932660319,0.932660319,0.932660319,0.932660319,0.932660319,0.932660319,0.932660319,0.932660319,0.834485549,0.834485549,0.834485549,0.834485549,0.834485549,0.834485549,0.736310778,0.736310778,0.736310778,0.736310778,0.736310778,0.638136008,0.638136008,0.638136008,0.638136008,0.638136008,0.539961237,0.539961237,0.539961237,0.441786467,0.441786467,0.441786467,0.343611696,0.343611696,0.343611696,0.245436926,0.245436926,0.245436926,0.245436926,0.147262156,0.147262156,0.147262156,0.147262156,0.147262156,0.147262156,0.147262156,0.147262156,0.147262156,0.147262156,0.147262156,0.147262156,0.245436926,0.245436926,0.245436926,0.245436926,0.343611696,0.343611696,0.343611696,0.343611696,0.441786467
319.072526217,C01,AP01,client_to_ap,VHT,2,2,2,80,SU,1,4,122,6637c97e16e6ce8a,0.736310778,0.736310778,0.736310778,0.736310778,0.736310778,0.736310778,0.736310778,0.736310778,0.736310778,0.638136008,0.638136008,0.638136008,0.638136008,0.638136008,0.638136008,0.638136008,0.638136008,0.638136008,0.638136008,0.638136008,0.638136008,0.638136008,0.539961237,0.539961237,0.539961237,0.539961237,0.539961237,0.539961237,0.441786467,0.441786467,0.441786467,0.343611696,0.343611696,0.343611696,0.245436926,0.245436926,0.147262156,0.147262156,0.147262156,0.147262156,0.147262156,0.147262156,0.245436926,0.245436926,0.343611696,0.343611696,0.441786467,0.441786467,0.539961237,0.539961237,0.638136008,0.638136008,0.638136008,0.736310778,0.736310778,0.736310778,0.834485549,0.834485549,0.834485549,0.834485549,0.834485549,0.932660319,0.932660319,0.932660319,0.932660319,0.932660319,0.932660319,0.932660319,0.932660319,0.932660319,0.932660319,0.932660319,0.834485549,0.834485549,0.834485549,0.834485549,0.834485549,0.834485549,0.736310778,0.736310778,0.736310778,0.736310778,0.638136008,0.638136008,0.638136008,0.638136008,0.638136008,0.539961237,0.539961237,0.539961237,0.539961237,0.441786467,0.441786467,0.441786467,0.343611696,0.343611696,0.343611696,0.245436926,0.245436926,0.245436926,0.245436926,0.147262156,0.147262156,0.147262156,0.147262156,0.147262156,0.147262156,0.147262156,0.147262156,0.147262156,0.147262156,0.147262156,0.147262156,0.245436926,0.245436926,0.245436926,0.343611696,0.343611696,0.343611696,0.343611696,0.343611696,0.441786467
320.404956102,C01,AP01,client_to_ap,VHT,2,2,2,80,SU,1,4,122,6637c97e16e6ce8a,0.736310778,0.736310778,0.736310778,0.736310778,0.736310778,0.736310778,0.736310778,0.638136008,0.638136008,0.638136008,0.638136008,0.638136008,0.638136008,0.638136008,0.638136008,0.638136008,0.638136008,0.638136008,0.638136008,0.638136008,0.638136008,0.638136008,0.539961237,0.539961237,0.539961237,0.539961237,0.539961237,0.539961237,0.441786467,0.441786467,0.441786467,0.343611696,0.343611696,0.245436926,0.245436926,0.245436926,0.147262156,0.147262156,0.147262156,0.147262156,0.147262156,0.147262156,0.245436926,0.245436926,0.343611696,0.343611696,0.441786467,0.441786467,0.539961237,0.539961237,0.638136008,0.638136008,0.638136008,0.736310778,0.736310778,0.736310778,0.834485549,0.834485549,0.834485549,0.834485549,0.834485549,0.932660319,0.932660319,0.932660319,0.932660319,0.932660319,0.932660319,0.932660319,0.932660319,0.932660319,0.834485549,0.834485549,0.834485549,0.834485549,0.834485549,0.834485549,0.834485549,0.834485549,0.834485549,0.736310778,0.736310778,0.736310778,0.638136008,0.638136008,0.638136008,0.638136008,0.638136008,0.539961237,0.539961237,0.539961237,0.539961237,0.441786467,0.441786467,0.441786467,0.343611696,0.343611696,0.245436926,0.245436926,0.245436926,0.245436926,0.245436926,0.147262156,0.147262156,0.147262156,0.147262156,0.147262156,0.147262156,0.147262156,0.147262156,0.147262156,0.147262156,0.147262156,0.147262156,0.245436926,0.245436926,0.245436926,0.245436926,0.343611696,0.343611696,0.343611696,0.441786467,0.441786467
321.735713005,C01,AP01,client_to_ap,VHT,2,2,2,80,SU,1,4,122,6637c97e16e6ce8a,0.736310778,0.736310778,0.736310778,0.736310778,0.736310778,0.736310778,0.736310778,0.638136008,0.638136008,0.638136008,0.638136008,0.638136008,0.638136008,0.638136008,0.638136008,0.638136008,0.638136008,0.638136008,0.638136008,0.638136008,0.638136008,0.539961237,0.539961237,0.539961237,0.539961237,0.539961237,0.539961237,0.441786467,0.441786467,0.441786467,0.343611696,0.343611696,0.343611696,0.245436926,0.245436926,0.245436926,0.147262156,0.147262156,0.147262156,0.0490873852,0.147262156,0.147262156,0.245436926,0.245436926,0.245436926,0.343611696,0.441786467,0.441786467,0.441786467,0.539961237,0.539961237,0.638136008,0.638136008,0.736310778,0.736310778,0.736310778,0.736310778,0.834485549,0.834485549,0.834485549,0.834485549,0.834485549,0.834485549,0.932660319,0.834485549,0.932660319,0.932660319,0.834485549,0.834485549,0.834485549,0.834485549,0.834485549,0.834485549,0.834485549,0.834485549,0.834485549,0.834485549,0.736310778,0.736310778,0.736310778,0.736310778,0.638136008,0.638136008,0.638136008,0.638136008,0.638136008,0.638136008,0.539961237,0.539961237,0.539961237,0.441786467,0.441786467,0.441786467,0.441786467,0.343611696,0.343611696,0.343611696,0.245436926,0.245436926,0.245436926,0.245436926,0.147262156,0.147262156,0.147262156,0.147262156,0.147262156,0.147262156,0.147262156,0.147262156,0.147262156,0.147262156,0.147262156,0.147262156,0.245436926,0.245436926,0.245436926,0.245436926,0.343611696,0.343611696,0.343611696,0.343611696,0.343611696
323.072343111,C01,AP01,client_to_ap,VHT,2,2,2,80,SU,1,4,122,6637c97e16e6ce8a,0.736310778,0.736310778,0.736310778,0.736310778,0.736310778,0.736310778,0.736310778,0.736310778,0.736310778,0.638136008,0.638136008,0.638136008,0.638136008,0.638136008,0.638136008,0.638136008,0.638136008,0.638136008,0.638136008,0.638136008,0.638136008,0.638136008,0.539961237,0.539961237,0.539961237,0.539961237,0.539961237,0.441786467,0.441786467,0.441786467,0.441786467,0.343611696,0.343611696,0.245436926,0.245436926,0.245436926,0.147262156,0.147262156,0.147262156,0.147262156,0.147262156,0.147262156,0.245436926,0.245436926,0.343611696,0.343611696,0.441786467,0.441786467,0.539961237,0.539961237,0.638136008,0.638136008,0.736310778,0.736310778,0.736310778,0.736310778,0.834485549,0.834485549,0.834485549,0.834485549,0.834485549,0.932660319,0.932660319,0.932660319,0.932660319,0.932660319,0.932660319,0.932660319,0.932660319,0.932660319,0.932660319,0.932660319,0.834485549,0.834485549,0.834485549,0.834485549,0.834485549,0.834485549,0.736310778,0.736310778,0.736310778,0.736310778,0.638136008,0.638136008,0.638136008,0.638136008,0.638136008,0.539961237,0.539961237,0.539961237,0.539961237,0.441786467,0.441786467,0.441786467,0.343611696,0.343611696,0.343611696,0.245436926,0.245436926,0.245436926,0.245436926,0.147262156,0.147262156,0.147262156,0.147262156,0.147262156,0.147262156,0.147262156,0.147262156,0.147262156,0.147262156,0.147262156,0.147262156,0.245436926,0.245436926,0.245436926,0.245436926,0.343611696,0.343611696,0.343611696,0.343611696,0.343611696
324.404439211,C01,AP01,client_to_ap,VHT,2,2,2,80,SU,1,4,122,6637c97e16e6ce8a,0.736310778,0.736310778,0.736310778,0.736310778,0.736310778,0.736310778,0.736310778,0.736310778,0.638136008,0.638136008,0.638136008,0.638136008,0.638136008,0.638136008,0.638136008,0.638136008,0.638136008,0.638136008,0.638136008,0.638136008,0.638136008,0.638136008,0.638136008,0.539961237,0.539961237,0.539961237,0.539961237,0.539961237,0.441786467,0.441786467,0.441786467,0.441786467,0.343611696,0.245436926,0.245436926,0.245436926,0.147262156,0.147262156,0.147262156,0.147262156,0.147262156,0.147262156,0.245436926,0.245436926,0.343611696,0.343611696,0.441786467,0.441786467,0.539961237,0.539961237,0.539961237,0.638136008,0.736310778,0.736310778,0.736310778,0.736310778,0.834485549,0.834485549,0.834485549,0.834485549,0.834485549,0.932660319,0.932660319,0.932660319,0.932660319,0.932660319,0.932660319,0.932660319,0.932660319,0.932660319,0.932660319,0.932660319,0.834485549,0.834485549,0.834485549,0.834485549,0.834485549,0.834485549,0.736310778,0.736310778,0.736310778,0.736310778,0.736310778,0.638136008,0.638136008,0.638136008,0.638136008,0.539961237,0.539961237,0.539961237,0.539961237,0.441786467,0.441786467,0.441786467,0.343611696,0.343611696,0.343611696,0.245436926,0.245436926,0.245436926,0.245436926,0.147262156,0.147262156,0.147262156,0.147262156,0.147262156,0.147262156,0.147262156,0.147262156,0.147262156,0.147262156,0.147262156,0.147262156,0.245436926,0.245436926,0.245436926,0.245436926,0.343611696,0.343611696,0.343611696,0.343611696,0.441786467
325.736533165,C01,AP01,client_to_ap,VHT,2,2,2,80,SU,1,4,122,6637c97e16e6ce8a,0.736310778,0.736310778,0.736310778,0.736310778,0.736310778,0.736310778,0.736310778,0.736310778,0.638136008,0.638136008,0.638136008,0.638136008,0.638136008,0.638136008,0.638136008,0.638136008,0.638136008,0.638136008,0.638136008,0.638136008,0.638136008,0.638136008,0.539961237,0.539961237,0.539961237,0.539961237,0.539961237,0.539961237,0.441786467,0.441786467,0.343611696,0.343611696,0.343611696,0.245436926,0.245436926,0.245436926,0.147262156,0.147262156,0.147262156,0.0490873852,0.147262156,0.147262156,0.245436926,0.245436926,0.343611696,0.343611696,0.441786467,0.441786467,0.539961237,0.539961237,0.638136008,0.638136008,0.638136008,0.736310778,0.736310778,0.736310778,0.834485549,0.834485549,0.834485549,0.834485549,0.834485549,0.932660319,0.932660319,0.932660319,0.932660319,0.932660319,0.932660319,0.932660319,0.932660319,0.932660319,0.834485549,0.834485549,0.834485549,0.834485549,0.834485549,0.834485549,0.834485549,0.834485549,0.736310778,0.736310778,0.736310778,0.736310778,0.736310778,0.638136008,0.638136008,0.638136008,0.638136008,0.539961237,0.539961237,0.539961237,0.539961237,0.441786467,0.441786467,0.441786467,0.343611696,0.343611696,0.343611696,0.245436926,0.245436926,0.245436926,0.147262156,0.147262156,0.147262156,0.147262156,0.147262156,0.147262156,0.147262156,0.147262156,0.147262156,0.147262156,0.147262156,0.147262156,0.147262156,0.245436926,0.245436926,0.245436926,0.245436926,0.343611696,0.343611696,0.343611696,0.343611696,0.441786467
327.072354078,C01,AP01,client_to_ap,VHT,2,2,2,80,SU,1,4,122,6637c97e16e6ce8a,0.736310778,0.736310778,0.736310778,0.736310778,0.736310778,0.736310778,0.736310778,0.736310778,0.736310778,0.638136008,0.638136008,0.638136008,0.638136008,0.638136008,0.638136008,0.638136008,0.638136008,0.638136008,0.638136008,0.638136008,0.638136008,0.638136008,0.638136008,0.539961237,0.539961237,0.539961237,0.539961237,0.539961237,0.441786467,0.441786467,0.441786467,0.343611696,0.343611696,0.343611696,0.245436926,0.245436926,0.147262156,0.147262156,0.147262156,0.147262156,0.147262156,0.147262156,0.245436926,0.245436926,0.343611696,0.343611696,0.441786467,0.441786467,0.539961237,0.539961237,0.638136008,0.638136008,0.638136008,0.736310778,0.736310778,0.736310778,0.834485549,0.834485549,0.834485549,0.834485549,0.932660319,0.932660319,0.932660319,0.932660319,0.932660319,0.932660319,0.932660319,0.932660319,0.932660319,0.932660319,0.834485549,0.834485549,0.834485549,0.834485549,0.834485549,0.834485549,0.834485549,0.834485549,0.736310778,0.736310778,0.736310778,0.736310778,0.736310778,0.638136008,0.638136008,0.638136008,0.638136008,0.539961237,0.539961237,0.539961237,0.539961237,0.441786467,0.441786467,0.441786467,0.343611696,0.343611696,0.343611696,0.245436926,0.245436926,0.245436926,0.147262156,0.147262156,0.147262156,0.147262156,0.147262156,0.147262156,0.147262156,0.147262156,0.147262156,0.147262156,0.147262156,0.147262156,0.245436926,0.147262156,0.245436926,0.245436926,0.245436926,0.343611696,0.343611696,0.343611696,0.343611696,0.441786467
328.399227142,C01,AP01,client_to_ap,VHT,2,2,2,80,SU,1,4,122,6637c97e16e6ce8a,0.736310778,0.736310778,0.736310778,0.736310778,0.736310778,0.736310778,0.736310778,0.736310778,0.638136008,0.638136008,0.638136008,0.638136008,0.638136008,0.638136008,0.638136008,0.638136008,0.638136008,0.638136008,0.638136008,0.638136008,0.638136008,0.638136008,0.638136008,0.539961237,0.539961237,0.539961237,0.539961237,0.539961237,0.441786467,0.441786467,0.441786467,0.343611696,0.343611696,0.343611696,0.245436926,0.245436926,0.147262156,0.147262156,0.147262156,0.147262156,0.147262156,0.147262156,0.245436926,0.245436926,0.343611696,0.343611696,0.441786467,0.441786467,0.539961237,0.539961237,0.638136008,0.638136008,0.638136008,0.736310778,0.736310778,0.834485549,0.834485549,0.834485549,0.834485549,0.834485549,0.932660319,0.932660319,0.932660319,0.932660319,0.932660319,0.932660319,0.932660319,0.932660319,0.932660319,0.932660319,0.932660319,0.932660319,0.834485549,0.834485549,0.834485549,0.834485549,0.834485549,0.834485549,0.736310778,0.736310778,0.736310778,0.736310778,0.736310778,0.638136008,0.638136008,0.638136008,0.638136008,0.539961237,0.539961237,0.539961237,0.539961237,0.441786467,0.441786467,0.441786467,0.343611696,0.343611696,0.343611696,0.245436926,0.245436926,0.245436926,0.245436926,0.147262156,0.147262156,0.147262156,0.147262156,0.147262156,0.147262156,0.147262156,0.147262156,0.147262156,0.147262156,0.147262156,0.147262156,0.245436926,0.245436926,0.245436926,0.245436926,0.343611696,0.343611696,0.343611696,0.343611696,0.441786467
329.727524042,C01,AP01,client_to_ap,VHT,2,2,2,80,SU,1,4,122,6637c97e16e6ce8a,0.736310778,0.736310778,0.736310778,0.736310778,0.736310778,0.736310778,0.736310778,0.736310778,0.736310778,0.638136008,0.638136008,0.638136008,0.638136008,0.638136008,0.638136008,0.638136008,0.638136008,0.638136008,0.638136008,0.638136008,0.638136008,0.638136008,0.638136008,0.539961237,0.539961237,0.539961237,0.539961237,0.539961237,0.441786467,0.441786467,0.441786467,0.343611696,0.343611696,0.245436926,0.245436926,0.245436926,0.147262156,0.147262156,0.147262156,0.147262156,0.147262156,0.147262156,0.245436926,0.245436926,0.343611696,0.343611696,0.441786467,0.441786467,0.539961237,0.539961237,0.638136008,0.638136008,0.638136008,0.736310778,0.736310778,0.736310778,0.834485549,0.834485549,0.834485549,0.834485549,0.834485549,0.932660319,0.932660319,0.932660319,0.932660319,0.932660319,0.932660319,0.932660319,0.932660319,0.932660319,0.932660319,0.834485549,0.834485549,0.834485549,0.834485549,0.834485549,0.834485549,0.834485549,0.736310778,0.736310778,0.736310778,0.736310778,0.736310778,0.638136008,0.638136008,0.638136008,0.638136008,0.539961237,0.539961237,0.539961237,0.539961237,0.441786467,0.441786467,0.441786467,0.343611696,0.343611696,0.343611696,0.245436926,0.245436926,0.245436926,0.245436926,0.147262156,0.147262156,0.147262156,0.147262156,0.147262156,0.147262156,0.147262156,0.147262156,0.147262156,0.147262156,0.147262156,0.245436926,0.245436926,0.245436926,0.245436926,0.245436926,0.343611696,0.343611696,0.343611696,0.343611696,0.441786467
331.062322140,C01,AP01,client_to_ap,VHT,2,2,2,80,SU,1,4,122,6637c97e16e6ce8a,0.736310778,0.736310778,0.736310778,0.736310778,0.736310778,0.736310778,0.736310778,0.736310778,0.638136008,0.638136008,0.638136008,0.638136008,0.638136008,0.638136008,0.638136008,0.638136008,0.638136008,0.638136008,0.638136008,0.638136008,0.638136008,0.638136008,0.539961237,0.539961237,0.539961237,0.539961237,0.539961237,0.441786467,0.441786467,0.441786467,0.441786467,0.343611696,0.343611696,0.245436926,0.245436926,0.245436926,0.147262156,0.147262156,0.147262156,0.147262156,0.147262156,0.147262156,0.245436926,0.245436926,0.343611696,0.343611696,0.441786467,0.441786467,0.539961237,0.539961237,0.638136008,0.638136008,0.638136008,0.736310778,0.736310778,0.736310778,0.834485549,0.834485549,0.834485549,0.834485549,0.834485549,0.932660319,0.932660319,0.932660319,0.932660319,0.932660319,0.932660319,0.932660319,0.932660319,0.932660319,0.932660319,0.834485549,0.834485549,0.834485549,0.834485549,0.834485549,0.834485549,0.834485549,0.736310778,0.736310778,0.736310778,0.736310778,0.638136008,0.638136008,0.638136008,0.638136008,0.638136008,0.539961237,0.539961237,0.539961237,0.539961237,0.441786467,0.441786467,0.441786467,0.343611696,0.343611696,0.343611696,0.245436926,0.245436926,0.245436926,0.245436926,0.147262156,0.147262156,0.147262156,0.147262156,0.147262156,0.147262156,0.147262156,0.147262156,0.147262156,0.147262156,0.147262156,0.147262156,0.245436926,0.245436926,0.245436926,0.245436926,0.343611696,0.343611696,0.343611696,0.343611696,0.343611696
332.389008045,C01,AP01,client_to_ap,VHT,2,2,2,80,SU,1,4,122,6637c97e16e6ce8a,0.736310778,0.736310778,0.736310778,0.736310778,0.736310778,0.736310778,0.736310778,0.736310778,0.638136008,0.638136008,0.638136008,0.638136008,0.638136008,0.638136008,0.638136008,0.638136008,0.638136008,0.638136008,0.638136008,0.638136008,0.638136008,0.638136008,0.539961237,0.539961237,0.539961237,0.539961237,0.539961237,0.539961237,0.441786467,0.441786467,0.441786467,0.343611696,0.343611696,0.245436926,0.245436926,0.245436926,0.147262156,0.147262156,0.147262156,0.147262156,0.147262156,0.147262156,0.245436926,0.245436926,0.343611696,0.343611696,0.441786467,0.441786467,0.539961237,0.539961237,0.638136008,0.638136008,0.638136008,0.736310778,0.736310778,0.736310778,0.834485549,0.834485549,0.834485549,0.834485549,0.834485549,0.932660319,0.932660319,0.932660319,0.932660319,0.932660319,0.932660319,0.932660319,0.932660319,0.932660319,0.932660319,0.834485549,0.834485549,0.834485549,0.834485549,0.834485549,0.834485549,0.834485549,0.736310778,0.736310778,0.736310778,0.736310778,0.736310778,0.638136008,0.638136008,0.638136008,0.638136008,0.539961237,0.539961237,0.539961237,0.441786467,0.441786467,0.441786467,0.441786467,0.343611696,0.343611696,0.343611696,0.245436926,0.245436926,0.245436926,0.245436926,0.147262156,0.147262156,0.147262156,0.147262156,0.147262156,0.147262156,0.147262156,0.147262156,0.147262156,0.147262156,0.147262156,0.147262156,0.245436926,0.245436926,0.245436926,0.245436926,0.343611696,0.343611696,0.343611696,0.343611696,0.343611696
333.717243195,C01,AP01,client_to_ap,VHT,2,2,2,80,SU,1,4,122,6637c97e16e6ce8a,0.736310778,0.736310778,0.736310778,0.736310778,0.736310778,0.736310778,0.736310778,0.736310778,0.638136008,0.638136008,0.638136008,0.638136008,0.638136008,0.638136008,0.638136008,0.638136008,0.638136008,0.638136008,0.638136008,0.638136008,0.638136008,0.539961237,0.539961237,0.539961237,0.539961237,0.539961237,0.539961237,0.441786467,0.441786467,0.441786467,0.441786467,0.343611696,0.343611696,0.245436926,0.245436926,0.245436926,0.147262156,0.147262156,0.147262156,0.147262156,0.147262156,0.147262156,0.245436926,0.245436926,0.343611696,0.343611696,0.441786467,0.441786467,0.539961237,0.539961237,0.638136008,0.638136008,0.638136008,0.736310778,0.736310778,0.736310778,0.834485549,0.834485549,0.834485549,0.834485549,0.834485549,0.932660319,0.932660319,0.932660319,0.932660319,0.932660319,0.932660319,0.932660319,0.834485549,0.932660319,0.932660319,0.834485549,0.834485549,0.834485549,0.834485549,0.834485549,0.834485549,0.736310778,0.736310778,0.736310778,0.736310778,0.736310778,0.638136008,0.638136008,0.638136008,0.638136008,0.638136008,0.539961237,0.539961237,0.539961237,0.441786467,0.441786467,0.441786467,0.441786467,0.343611696,0.343611696,0.245436926,0.245436926,0.245436926,0.245436926,0.245436926,0.147262156,0.147262156,0.147262156,0.147262156,0.147262156,0.147262156,0.147262156,0.147262156,0.147262156,0.147262156,0.147262156,0.147262156,0.245436926,0.245436926,0.245436926,0.245436926,0.343611696,0.343611696,0.343611696,0.343611696,0.441786467
335.052684069,C01,AP01,client_to_ap,VHT,2,2,2,80,SU,1,4,122,6637c97e16e6ce8a,0.736310778,0.736310778,0.736310778,0.736310778,0.736310778,0.736310778,0.736310778,0.736310778,0.638136008,0.638136008,0.638136008,0.736310778,0.638136008,0.638136008,0.638136008,0.638136008,0.638136008,0.638136008,0.638136008,0.638136008,0.638136008,0.638136008,0.539961237,0.539961237,0.539961237,0.539961237,0.539961237,0.441786467,0.441786467,0.441786467,0.343611696,0.343611696,0.343611696,0.245436926,0.245436926,0.245436926,0.147262156,0.147262156,0.0490873852,0.147262156,0.147262156,0.147262156,0.245436926,0.245436926,0.343611696,0.343611696,0.441786467,0.441786467,0.539961237,0.539961237,0.638136008,0.638136008,0.638136008,0.736310778,0.736310778,0.736310778,0.736310778,0.834485549,0.834485549,0.834485549,0.834485549,0.932660319,0.834485549,0.932660319,0.932660319,0.932660319,0.834485549,0.932660319,0.932660319,0.932660319,0.932660319,0.834485549,0.834485549,0.834485549,0.834485549,0.834485549,0.834485549,0.834485549,0.736310778,0.736310778,0.736310778,0.736310778,0.736310778,0.638136008,0.638136008,0.638136008,0.638136008,0.638136008,0.539961237,0.539961237,0.441786467,0.441786467,0.441786467,0.441786467,0.343611696,0.343611696,0.343611696,0.245436926,0.245436926,0.245436926,0.245436926,0.147262156,0.147262156,0.147262156,0.147262156,0.147262156,0.147262156,0.147262156,0.147262156,0.147262156,0.147262156,0.147262156,0.245436926,0.245436926,0.245436926,0.245436926,0.245436926,0.343611696,0.343611696,0.343611696,0.343611696,0.441786467
336.384319067,C01,AP01,client_to_ap,VHT,2,2,2,80,SU,1,4,122,6637c97e16e6ce8a,0.736310778,0.736310778,0.736310778,0.736310778,0.736310778,0.638136008,0.736310778,0.736310778,0.736310778,0.638136008,0.638136008,0.638136008,0.638136008,0.638136008,0.638136008,0.638136008,0.638136008,0.638136008,0.638136008,0.638136008,0.638136008,0.638136008,0.539961237,0.539961237,0.539961237,0.539961237,0.539961237,0.539961237,0.441786467,0.441786467,0.441786467,0.343611696,0.343611696,0.245436926,0.245436926,0.245436926,0.147262156,0.147262156,0.147262156,0.147262156,0.147262156,0.147262156,0.245436926,0.245436926,0.343611696,0.343611696,0.441786467,0.441786467,0.539961237,0.539961237,0.638136008,0.638136008,0.638136008,0.736310778,0.736310778,0.736310778,0.834485549,0.834485549,0.834485549,0.834485549,0.834485549,0.932660319,0.932660319,0.932660319,0.932660319,0.932660319,0.932660319,0.932660319,0.932660319,0.932660319,0.932660319,0.834485549,0.834485549,0.834485549,0.834485549,0.834485549,0.834485549,0.834485549,0.736310778,0.736310778,0.736310778,0.736310778,0.736310778,0.638136008,0.638136008,0.638136008,0.638136008,0.539961237,0.539961237,0.539961237,0.539961237,0.441786467,0.441786467,0.441786467,0.343611696,0.343611696,0.343611696,0.245436926,0.245436926,0.245436926,0.147262156,0.147262156,0.147262156,0.147262156,0.147262156,0.147262156,0.147262156,0.147262156,0.147262156,0.147262156,0.147262156,0.147262156,0.147262156,0.245436926,0.245436926,0.245436926,0.245436926,0.343611696,0.343611696,0.343611696,0.343611696,0.441786467
337.715948105,C01,AP01,client_to_ap,VHT,2,2,2,80,SU,1,4,122,6637c97e16e6ce8a,0.736310778,0.736310778,0.736310778,0.736310778,0.736310778,0.736310778,0.736310778,0.736310778,0.736310778,0.638136008,0.638136008,0.638136008,0.638136008,0.638136008,0.638136008,0.638136008,0.638136008,0.638136008,0.638136008,0.638136008,0.638136008,0.638136008,0.638136008,0.539961237,0.539961237,0.539961237,0.539961237,0.539961237,0.441786467,0.441786467,0.441786467,0.343611696,0.343611696,0.343611696,0.245436926,0.245436926,0.147262156,0.147262156,0.147262156,0.147262156,0.147262156,0.147262156,0.245436926,0.245436926,0.343611696,0.343611696,0.441786467,0.441786467,0.539961237,0.539961237,0.638136008,0.638136008,0.736310778,0.736310778,0.736310778,0.834485549,0.834485549,0.834485549,0.834485549,0.834485549,0.834485549,0.932660319,0.932660319,0.932660319,0.932660319,0.932660319,0.932660319,0.932660319,0.932660319,0.932660319,0.932660319,0.932660319,0.834485549,0.834485549,0.834485549,0.834485549,0.834485549,0.834485549,0.736310778,0.736310778,0.736310778,0.736310778,0.736310778,0.638136008,0.638136008,0.638136008,0.638136008,0.638136008,0.539961237,0.539961237,0.539961237,0.441786467,0.441786467,0.441786467,0.343611696,0.343611696,0.343611696,0.245436926,0.245436926,0.245436926,0.245436926,0.147262156,0.147262156,0.147262156,0.147262156,0.147262156,0.147262156,0.147262156,0.147262156,0.147262156,0.147262156,0.147262156,0.245436926,0.245436926,0.245436926,0.245436926,0.245436926,0.343611696,0.343611696,0.343611696,0.343611696,0.441786467
339.051886082,C01,AP01,client_to_ap,VHT,2,2,2,80,SU,1,4,122,6637c97e16e6ce8a,0.736310778,0.736310778,0.736310778,0.736310778,0.736310778,0.736310778,0.736310778,0.736310778,0.638136008,0.638136008,0.638136008,0.638136008,0.638136008,0.638136008,0.638136008,0.638136008,0.638136008,0.638136008,0.638136008,0.638136008,0.638136008,0.638136008,0.638136008,0.539961237,0.539961237,0.539961237,0.539961237,0.539961237,0.441786467,0.441786467,0.441786467,0.343611696,0.343611696,0.343611696,0.245436926,0.245436926,0.147262156,0.147262156,0.147262156,0.147262156,0.147262156,0.147262156,0.245436926,0.245436926,0.343611696,0.343611696,0.441786467,0.441786467,0.539961237,0.539961237,0.638136008,0.638136008,0.638136008,0.736310778,0.736310778,0.736310778,0.834485549,0.834485549,0.834485549,0.834485549,0.834485549,0.932660319,0.932660319,0.932660319,0.932660319,0.932660319,0.932660319,0.932660319,0.932660319,0.932660319,0.932660319,0.834485549,0.834485549,0.834485549,0.834485549,0.834485549,0.834485549,0.834485549,0.736310778,0.736310778,0.736310778,0.736310778,0.638136008,0.638136008,0.638136008,0.638136008,0.638136008,0.638136008,0.539961237,0.539961237,0.441786467,0.441786467,0.441786467,0.441786467,0.343611696,0.343611696,0.343611696,0.245436926,0.245436926,0.245436926,0.245436926,0.147262156,0.147262156,0.147262156,0.147262156,0.147262156,0.147262156,0.147262156,0.147262156,0.147262156,0.147262156,0.147262156,0.147262156,0.245436926,0.245436926,0.245436926,0.245436926,0.343611696,0.343611696,0.343611696,0.343611696,0.441786467
340.384196997,C01,AP01,client_to_ap,VHT,2,2,2,80,SU,1,4,122,6637c97e16e6ce8a,0.736310778,0.736310778,0.736310778,0.736310778,0.736310778,0.736310778,0.736310778,0.736310778,0.736310778,0.638136008,0.638136008,0.638136008,0.638136008,0.638136008,0.638136008,0.638136008,0.638136008,0.638136008,0.638136008,0.638136008,0.638136008,0.638136008,0.638136008,0.539961237,0.539961237,0.539961237,0.539961237,0.539961237,0.441786467,0.441786467,0.441786467,0.343611696,0.343611696,0.245436926,0.245436926,0.245436926,0.147262156,0.147262156,0.147262156,0.147262156,0.147262156,0.147262156,0.245436926,0.245436926,0.343611696,0.343611696,0.441786467,0.441786467,0.539961237,0.539961237,0.638136008,0.638136008,0.638136008,0.736310778,0.736310778,0.834485549,0.834485549,0.834485549,0.834485549,0.932660319,0.932660319,0.932660319,0.932660319,0.932660319,0.932660319,0.932660319,0.932660319,0.932660319,0.932660319,0.932660319,0.932660319,0.834485549,0.834485549,0.834485549,0.834485549,0.834485549,0.834485549,0.834485549,0.736310778,0.736310778,0.736310778,0.736310778,0.736310778,0.638136008,0.638136008,0.638136008,0.638136008,0.638136008,0.539961237,0.539961237,0.539961237,0.441786467,0.441786467,0.441786467,0.343611696,0.343611696,0.343611696,0.245436926,0.245436926,0.245436926,0.245436926,0.147262156,0.147262156,0.147262156,0.147262156,0.147262156,0.147262156,0.147262156,0.147262156,0.147262156,0.147262156,0.147262156,0.245436926,0.245436926,0.245436926,0.245436926,0.343611696,0.343611696,0.343611696,0.343611696,0.343611696,0.441786467
341.716198206,C01,AP01,client_to_ap,VHT,2,2,2,80,SU,1,4,122,6637c97e16e6ce8a,0.736310778,0.736310778,0.736310778,0.736310778,0.736310778,0.736310778,0.736310778,0.736310778,0.736310778,0.638136008,0.638136008,0.638136008,0.638136008,0.638136008,0.638136008,0.638136008,0.638136008,0.638136008,0.638136008,0.638136008,0.638136008,0.638136008,0.638136008,0.539961237,0.539961237,0.539961237,0.539961237,0.539961237,0.441786467,0.441786467,0.441786467,0.343611696,0.343611696,0.245436926,0.245436926,0.245436926,0.147262156,0.147262156,0.147262156,0.147262156,0.147262156,0.147262156,0.245436926,0.245436926,0.343611696,0.343611696,0.441786467,0.441786467,0.539961237,0.539961237,0.638136008,0.638136008,0.736310778,0.736310778,0.736310778,0.736310778,0.834485549,0.834485549,0.834485549,0.834485549,0.932660319,0.932660319,0.932660319,0.932660319,0.932660319,0.932660319,0.932660319,0.932660319,0.932660319,0.932660319,0.932660319,0.932660319,0.834485549,0.834485549,0.834485549,0.834485549,0.834485549,0.834485549,0.736310778,0.736310778,0.736310778,0.736310778,0.736310778,0.638136008,0.638136008,0.638136008,0.638136008,0.638136008,0.539961237,0.539961237,0.539961237,0.441786467,0.441786467,0.441786467,0.343611696,0.343611696,0.343611696,0.245436926,0.245436926,0.245436926,0.245436926,0.147262156,0.147262156,0.147262156,0.147262156,0.147262156,0.147262156,0.147262156,0.147262156,0.147262156,0.147262156,0.147262156,0.147262156,0.245436926,0.245436926,0.245436926,0.245436926,0.343611696,0.343611696,0.343611696,0.343611696,0.441786467
343.052757025,C01,AP01,client_to_ap,VHT,2,2,2,80,SU,1,4,122,6637c97e16e6ce8a,0.736310778,0.736310778,0.736310778,0.736310778,0.736310778,0.736310778,0.736310778,0.736310778,0.736310778,0.638136008,0.638136008,0.638136008,0.638136008,0.638136008,0.638136008,0.638136008,0.638136008,0.638136008,0.638136008,0.638136008,0.638136008,0.638136008,0.539961237,0.539961237,0.539961237,0.539961237,0.539961237,0.441786467,0.441786467,0.441786467,0.441786467,0.343611696,0.343611696,0.245436926,0.245436926,0.245436926,0.147262156,0.147262156,0.147262156,0.147262156,0.147262156,0.147262156,0.245436926,0.245436926,0.343611696,0.343611696,0.441786467,0.441786467,0.539961237,0.539961237,0.638136008,0.638136008,0.638136008,0.736310778,0.736310778,0.736310778,0.834485549,0.834485549,0.834485549,0.834485549,0.834485549,0.932660319,0.932660319,0.932660319,0.932660319,0.932660319,0.932660319,0.932660319,0.932660319,0.932660319,0.932660319,0.834485549,0.834485549,0.834485549,0.834485549,0.834485549,0.834485549,0.834485549,0.736310778,0.736310778,0.736310778,0.736310778,0.736310778,0.638136008,0.638136008,0.638136008,0.638136008,0.539961237,0.539961237,0.539961237,0.441786467,0.441786467,0.441786467,0.441786467,0.343611696,0.343611696,0.343611696,0.245436926,0.245436926,0.245436926,0.245436926,0.147262156,0.147262156,0.147262156,0.147262156,0.147262156,0.147262156,0.147262156,0.147262156,0.147262156,0.147262156,0.147262156,0.147262156,0.245436926,0.245436926,0.245436926,0.245436926,0.343611696,0.343611696,0.343611696,0.343611696,0.343611696
344.383446217,C01,AP01,client_to_ap,VHT,2,2,2,80,SU,1,4,122,6637c97e16e6ce8a,0.736310778,0.736310778,0.736310778,0.736310778,0.736310778,0.736310778,0.736310778,0.638136008,0.638136008,0.638136008,0.638136008,0.638136008,0.638136008,0.638136008,0.638136008,0.638136008,0.638136008,0.638136008,0.638136008,0.638136008,0.638136008,0.638136008,0.539961237,0.539961237,0.539961237,0.539961237,0.539961237,0.441786467,0.441786467,0.441786467,0.441786467,0.343611696,0.343611696,0.245436926,0.245436926,0.245436926,0.147262156,0.147262156,0.147262156,0.147262156,0.147262156,0.147262156,0.245436926,0.245436926,0.343611696,0.343611696,0.441786467,0.441786467,0.539961237,0.539961237,0.638136008,0.638136008,0.638136008,0.736310778,0.736310778,0.834485549,0.834485549,0.834485549,0.834485549,0.834485549,0.834485549,0.932660319,0.932660319,0.932660319,0.932660319,0.932660319,0.932660319,0.932660319,0.932660319,0.932660319,0.834485549,0.834485549,0.834485549,0.834485549,0.834485549,0.834485549,0.834485549,0.834485549,0.736310778,0.736310778,0.736310778,0.736310778,0.638136008,0.638136008,0.638136008,0.638136008,0.638136008,0.539961237,0.539961237,0.539961237,0.539961237,0.441786467,0.441786467,0.441786467,0.343611696,0.343611696,0.343611696,0.245436926,0.245436926,0.245436926,0.245436926,0.147262156,0.147262156,0.147262156,0.147262156,0.147262156,0.147262156,0.147262156,0.147262156,0.147262156,0.147262156,0.147262156,0.147262156,0.245436926,0.245436926,0.245436926,0.245436926,0.343611696,0.343611696,0.343611696,0.343611696,0.343611696
345.715638161,C01,AP01,client_to_ap,VHT,2,2,2,80,SU,1,4,122,6637c97e16e6ce8a,0.736310778,0.736310778,0.736310778,0.736310778,0.736310778,0.736310778,0.736310778,0.736310778,0.736310778,0.638136008,0.638136008,0.638136008,0.638136008,0.638136008,0.638136008,0.638136008,0.638136008,0.638136008,0.638136008,0.638136008,0.638136008,0.638136008,0.539961237,0.539961237,0.539961237,0.539961237,0.539961237,0.539961237,0.441786467,0.441786467,0.441786467,0.343611696,0.343611696,0.245436926,0.245436926,0.245436926,0.147262156,0.147262156,0.147262156,0.147262156,0.147262156,0.147262156,0.245436926,0.245436926,0.343611696,0.343611696,0.441786467,0.441786467,0.539961237,0.539961237,0.638136008,0.638136008,0.638136008,0.736310778,0.736310778,0.834485549,0.834485549,0.834485549,0.834485549,0.834485549,0.834485549,0.932660319,0.932660319,0.932660319,0.932660319,0.932660319,0.932660319,0.932660319,0.932660319,0.932660319,0.932660319,0.834485549,0.834485549,0.834485549,0.834485549,0.834485549,0.834485549,0.834485549,0.736310778,0.736310778,0.736310778,0.736310778,0.736310778,0.638136008,0.638136008,0.638136008,0.638136008,0.539961237,0.539961237,0.539961237,0.539961237,0.441786467,0.441786467,0.441786467,0.343611696,0.343611696,0.245436926,0.245436926,0.245436926,0.245436926,0.147262156,0.245436926,0.147262156,0.147262156,0.147262156,0.147262156,0.147262156,0.147262156,0.147262156,0.147262156,0.147262156,0.147262156,0.147262156,0.245436926,0.245436926,0.245436926,0.245436926,0.343611696,0.343611696,0.343611696,0.343611696,0.441786467
347.051865101,C01,AP01,client_to_ap,VHT,2,2,2,80,SU,1,4,122,6637c97e16e6ce8a,0.736310778,0.736310778,0.736310778,0.736310778,0.736310778,0.736310778,0.736310778,0.736310778,0.736310778,0.638136008,0.638136008,0.638136008,0.638136008,0.638136008,0.638136008,0.638136008,0.638136008,0.638136008,0.638136008,0.638136008,0.638136008,0.638136008,0.539961237,0.539961237,0.539961237,0.539961237,0.539961237,0.539961237,0.441786467,0.441786467,0.441786467,0.343611696,0.343611696,0.343611696,0.245436926,0.245436926,0.147262156,0.147262156,0.147262156,0.147262156,0.147262156,0.147262156,0.245436926,0.245436926,0.343611696,0.343611696,0.441786467,0.441786467,0.539961237,0.539961237,0.638136008,0.638136008,0.638136008,0.736310778,0.736310778,0.736310778,0.834485549,0.834485549,0.834485549,0.834485549,0.834485549,0.932660319,0.932660319,0.932660319,0.932660319,0.932660319,0.932660319,0.932660319,0.932660319,0.932660319,0.932660319,0.834485549,0.834485549,0.834485549,0.834485549,0.834485549,0.834485549,0.834485549,0.736310778,0.736310778,0.736310778,0.736310778,0.736310778,0.638136008,0.638136008,0.638136008,0.638136008,0.539961237,0.539961237,0.539961237,0.539961237,0.441786467,0.441786467,0.441786467,0.343611696,0.343611696,0.343611696,0.245436926,0.245436926,0.245436926,0.245436926,0.147262156,0.147262156,0.147262156,0.147262156,0.147262156,0.147262156,0.147262156,0.147262156,0.147262156,0.147262156,0.147262156,0.245436926,0.245436926,0.245436926,0.245436926,0.245436926,0.343611696,0.343611696,0.343611696,0.343611696,0.441786467
348.383846045,C01,AP01,client_to_ap,VHT,2,2,2,80,SU,1,4,122,6637c97e16e6ce8a,0.736310778,0.736310778,0.736310778,0.736310778,0.736310778,0.736310778,0.736310778,0.736310778,0.736310778,0.638136008,0.638136008,0.638136008,0.638136008,0.638136008,0.638136008,0.638136008,0.638136008,0.638136008,0.638136008,0.638136008,0.638136008,0.638136008,0.638136008,0.539961237,0.539961237,0.539961237,0.539961237,0.539961237,0.441786467,0.441786467,0.441786467,0.343611696,0.343611696,0.245436926,0.245436926,0.245436926,0.147262156,0.147262156,0.147262156,0.0490873852,0.147262156,0.147262156,0.245436926,0.245436926,0.343611696,0.343611696,0.441786467,0.441786467,0.539961237,0.539961237,0.638136008,0.638136008,0.638136008,0.736310778,0.736310778,0.736310778,0.834485549,0.834485549,0.834485549,0.834485549,0.834485549,0.932660319,0.932660319,0.932660319,0.932660319,0.932660319,0.932660319,0.932660319,0.932660319,0.932660319,0.834485549,0.834485549,0.834485549,0.834485549,0.834485549,0.834485549,0.834485549,0.834485549,0.736310778,0.736310778,0.736310778,0.736310778,0.736310778,0.638136008,0.638136008,0.638136008,0.638136008,0.539961237,0.539961237,0.539961237,0.539961237,0.441786467,0.441786467,0.441786467,0.343611696,0.343611696,0.343611696,0.245436926,0.245436926,0.245436926,0.245436926,0.147262156,0.147262156,0.147262156,0.147262156,0.147262156,0.147262156,0.147262156,0.147262156,0.147262156,0.147262156,0.147262156,0.147262156,0.245436926,0.245436926,0.245436926,0.245436926,0.245436926,0.343611696,0.343611696,0.343611696,0.441786467
349.716438055,C01,AP01,client_to_ap,VHT,2,2,2,80,SU,1,4,122,6637c97e16e6ce8a,0.736310778,0.736310778,0.736310778,0.736310778,0.736310778,0.736310778,0.736310778,0.736310778,0.736310778,0.638136008,0.638136008,0.638136008,0.638136008,0.638136008,0.638136008,0.638136008,0.638136008,0.638136008,0.638136008,0.638136008,0.638136008,0.638136008,0.638136008,0.539961237,0.539961237,0.539961237,0.539961237,0.539961237,0.441786467,0.441786467,0.441786467,0.343611696,0.343611696,0.245436926,0.245436926,0.245436926,0.147262156,0.147262156,0.147262156,0.147262156,0.147262156,0.147262156,0.245436926,0.245436926,0.343611696,0.343611696,0.441786467,0.441786467,0.539961237,0.539961237,0.638136008,0.638136008,0.736310778,0.736310778,0.736310778,0.834485549,0.834485549,0.834485549,0.834485549,0.834485549,0.834485549,0.932660319,0.932660319,0.932660319,0.932660319,0.932660319,0.932660319,0.932660319,0.932660319,0.932660319,0.932660319,0.834485549,0.834485549,0.834485549,0.834485549,0.834485549,0.834485549,0.834485549,0.736310778,0.736310778,0.736310778,0.736310778,0.736310778,0.638136008,0.638136008,0.638136008,0.638136008,0.539961237,0.539961237,0.539961237,0.539961237,0.441786467,0.441786467,0.441786467,0.343611696,0.343611696,0.343611696,0.245436926,0.245436926,0.245436926,0.245436926,0.147262156,0.147262156,0.147262156,0.147262156,0.147262156,0.147262156,0.147262156,0.147262156,0.147262156,0.147262156,0.147262156,0.245436926,0.245436926,0.245436926,0.245436926,0.245436926,0.343611696,0.343611696,0.343611696,0.343611696,0.441786467
351.051809072,C01,AP01,client_to_ap,VHT,2,2,2,80,SU,1,4,122,6637c97e16e6ce8a,0.736310778,0.736310778,0.736310778,0.736310778,0.736310778,0.736310778,0.736310778,0.736310778,0.736310778,0.638136008,0.638136008,0.638136008,0.638136008,0.638136008,0.638136008,0.638136008,0.638136008,0.638136008,0.638136008,0.638136008,0.638136008,0.638136008,0.638136008,0.539961237,0.539961237,0.539961237,0.539961237,0.539961237,0.441786467,0.441786467,0.441786467,0.343611696,0.343611696,0.343611696,0.245436926,0.245436926,0.147262156,0.147262156,0.147262156,0.147262156,0.147262156,0.147262156,0.245436926,0.245436926,0.343611696,0.343611696,0.441786467,0.441786467,0.539961237,0.539961237,0.638136008,0.638136008,0.736310778,0.736310778,0.736310778,0.736310778,0.834485549,0.834485549,0.834485549,0.834485549,0.834485549,0.932660319,0.932660319,0.932660319,0.932660319,0.932660319,0.932660319,0.932660319,0.932660319,0.932660319,0.932660319,0.834485549,0.834485549,0.834485549,0.834485549,0.834485549,0.834485549,0.834485549,0.736310778,0.736310778,0.736310778,0.736310778,0.736310778,0.638136008,0.638136008,0.638136008,0.638136008,0.539961237,0.539961237,0.539961237,0.539961237,0.441786467,0.441786467,0.441786467,0.343611696,0.343611696,0.343611696,0.245436926,0.245436926,0.245436926,0.245436926,0.147262156,0.147262156,0.147262156,0.147262156,0.147262156,0.147262156,0.147262156,0.147262156,0.147262156,0.147262156,0.147262156,0.147262156,0.245436926,0.245436926,0.245436926,0.245436926,0.343611696,0.343611696,0.343611696,0.343611696,0.441786467
352.383714199,C01,AP01,client_to_ap,VHT,2,2,2,80,SU,1,4,122,6637c97e16e6ce8a,0.736310778,0.736310778,0.736310778,0.736310778,0.736310778,0.736310778,0.736310778,0.736310778,0.736310778,0.638136008,0.638136008,0.638136008,0.638136008,0.638136008,0.638136008,0.638136008,0.638136008,0.638136008,0.638136008,0.638136008,0.638136008,0.638136008,0.638136008,0.539961237,0.539961237,0.539961237,0.539961237,0.539961237,0.441786467,0.441786467,0.441786467,0.343611696,0.343611696,0.245436926,0.245436926,0.245436926,0.147262156,0.147262156,0.147262156,0.147262156,0.147262156,0.147262156,0.147262156,0.245436926,0.343611696,0.343611696,0.441786467,0.441786467,0.539961237,0.539961237,0.638136008,0.638136008,0.736310778,0.736310778,0.736310778,0.736310778,0.834485549,0.834485549,0.834485549,0.834485549,0.834485549,0.932660319,0.932660319,0.932660319,0.932660319,0.932660319,0.932660319,0.932660319,0.932660319,0.932660319,0.932660319,0.834485549,0.834485549,0.834485549,0.834485549,0.834485549,0.834485549,0.834485549,0.736310778,0.736310778,0.736310778,0.736310778,0.736310778,0.638136008,0.638136008,0.638136008,0.638136008,0.638136008,0.539961237,0.539961237,0.539961237,0.441786467,0.441786467,0.441786467,0.343611696,0.343611696,0.343611696,0.245436926,0.245436926,0.245436926,0.245436926,0.147262156,0.147262156,0.147262156,0.147262156,0.147262156,0.147262156,0.147262156,0.147262156,0.147262156,0.147262156,0.147262156,0.147262156,0.245436926,0.245436926,0.245436926,0.245436926,0.343611696,0.343611696,0.343611696,0.343611696,0.441786467
353.715424061,C01,AP01,client_to_ap,VHT,2,2,2,80,SU,1,4,122,6637c97e16e6ce8a,0.736310778,0.736310778,0.736310778,0.736310778,0.736310778,0.736310778,0.736310778,0.736310778,0.736310778,0.638136008,0.638136008,0.638136008,0.638136008,0.638136008,0.638136008,0.638136008,0.638136008,0.638136008,0.638136008,0.638136008,0.638136008,0.638136008,0.638136008,0.539961237,0.539961237,0.539961237,0.539961237,0.441786467,0.441786467,0.441786467,0.441786467,0.343611696,0.343611696,0.245436926,0.245436926,0.245436926,0.147262156,0.147262156,0.147262156,0.147262156,0.147262156,0.147262156,0.245436926,0.245436926,0.343611696,0.343611696,0.441786467,0.441786467,0.539961237,0.539961237,0.638136008,0.638136008,0.638136008,0.736310778,0.736310778,0.736310778,0.834485549,0.834485549,0.834485549,0.834485549,0.834485549,0.932660319,0.932660319,0.932660319,0.932660319,0.932660319,0.932660319,0.932660319,0.932660319,0.932660319,0.932660319,0.834485549,0.834485549,0.834485549,0.834485549,0.834485549,0.834485549,0.834485549,0.736310778,0.736310778,0.736310778,0.736310778,0.638136008,0.638136008,0.638136008,0.638136008,0.638136008,0.539961237,0.539961237,0.539961237,0.539961237,0.441786467,0.441786467,0.441786467,0.343611696,0.343611696,0.343611696,0.245436926,0.245436926,0.245436926,0.245436926,0.147262156,0.147262156,0.147262156,0.147262156,0.147262156,0.147262156,0.147262156,0.147262156,0.147262156,0.147262156,0.147262156,0.147262156,0.245436926,0.245436926,0.245436926,0.245436926,0.343611696,0.343611696,0.343611696,0.343611696,0.441786467
355.051941156,C01,AP01,client_to_ap,VHT,2,2,2,80,SU,1,4,122,6637c97e16e6ce8a,0.736310778,0.736310778,0.736310778,0.736310778,0.736310778,0.736310778,0.736310778,0.736310778,0.736310778,0.638136008,0.638136008,0.638136008,0.638136008,0.638136008,0.638136008,0.638136008,0.638136008,0.638136008,0.638136008,0.638136008,0.638136008,0.638136008,0.539961237,0.539961237,0.539961237,0.539961237,0.539961237,0.539961237,0.441786467,0.441786467,0.441786467,0.343611696,0.343611696,0.245436926,0.245436926,0.245436926,0.147262156,0.147262156,0.147262156,0.147262156,0.147262156,0.147262156,0.245436926,0.245436926,0.343611696,0.343611696,0.441786467,0.441786467,0.539961237,0.539961237,0.638136008,0.638136008,0.736310778,0.736310778,0.736310778,0.736310778,0.834485549,0.834485549,0.834485549,0.834485549,0.834485549,0.932660319,0.932660319,0.932660319,0.932660319,0.932660319,0.932660319,0.932660319,0.932660319,0.932660319,0.932660319,0.834485549,0.834485549,0.834485549,0.834485549,0.834485549,0.834485549,0.834485549,0.736310778,0.736310778,0.736310778,0.736310778,0.736310778,0.638136008,0.638136008,0.638136008,0.638136008,0.539961237,0.539961237,0.539961237,0.539961237,0.441786467,0.441786467,0.441786467,0.343611696,0.343611696,0.343611696,0.245436926,0.245436926,0.245436926,0.245436926,0.147262156,0.147262156,0.147262156,0.147262156,0.147262156,0.147262156,0.147262156,0.147262156,0.147262156,0.147262156,0.147262156,0.245436926,0.245436926,0.245436926,0.245436926,0.245436926,0.343611696,0.343611696,0.343611696,0.343611696,0.343611696
356.379248142,C01,AP01,client_to_ap,VHT,2,2,2,80,SU,1,4,122,6637c97e16e6ce8a,0.736310778,0.736310778,0.736310778,0.736310778,0.736310778,0.736310778,0.736310778,0.736310778,0.736310778,0.638136008,0.638136008,0.638136008,0.638136008,0.638136008,0.638136008,0.638136008,0.638136008,0.638136008,0.638136008,0.638136008,0.638136008,0.638136008,0.539961237,0.539961237,0.539961237,0.539961237,0.539961237,0.539961237,0.441786467,0.441786467,0.441786467,0.343611696,0.343611696,0.245436926,0.245436926,0.245436926,0.147262156,0.147262156,0.147262156,0.147262156,0.147262156,0.147262156,0.245436926,0.245436926,0.245436926,0.343611696,0.441786467,0.441786467,0.539961237,0.539961237,0.638136008,0.638136008,0.638136008,0.736310778,0.736310778,0.736310778,0.834485549,0.834485549,0.834485549,0.834485549,0.834485549,0.932660319,0.932660319,0.932660319,0.932660319,0.932660319,0.932660319,0.932660319,0.932660319,0.932660319,0.932660319,0.834485549,0.834485549,0.834485549,0.834485549,0.834485549,0.834485549,0.834485549,0.736310778,0.736310778,0.736310778,0.736310778,0.736310778,0.638136008,0.638136008,0.638136008,0.638136008,0.539961237,0.539961237,0.539961237,0.539961237,0.441786467,0.441786467,0.441786467,0.343611696,0.343611696,0.245436926,0.245436926,0.245436926,0.245436926,0.147262156,0.147262156,0.147262156,0.147262156,0.147262156,0.147262156,0.147262156,0.147262156,0.147262156,0.147262156,0.147262156,0.147262156,0.147262156,0.245436926,0.245436926,0.245436926,0.245436926,0.343611696,0.343611696,0.343611696,0.343611696,0.441786467
357.707575083,C01,AP01,client_to_ap,VHT,2,2,2,80,SU,1,4,122,6637c97e16e6ce8a,0.736310778,0.736310778,0.736310778,0.736310778,0.736310778,0.736310778,0.736310778,0.736310778,0.736310778,0.638136008,0.638136008,0.638136008,0.638136008,0.638136008,0.638136008,0.638136008,0.638136008,0.638136008,0.638136008,0.638136008,0.638136008,0.638136008,0.539961237,0.539961237,0.539961237,0.539961237,0.539961237,0.539961237,0.441786467,0.441786467,0.441786467,0.343611696,0.343611696,0.245436926,0.245436926,0.245436926,0.147262156,0.147262156,0.147262156,0.147262156,0.147262156,0.147262156,0.245436926,0.245436926,0.343611696,0.343611696,0.441786467,0.441786467,0.539961237,0.539961237,0.638136008,0.638136008,0.638136008,0.736310778,0.736310778,0.736310778,0.834485549,0.834485549,0.834485549,0.834485549,0.834485549,0.932660319,0.932660319,0.932660319,0.932660319,0.932660319,0.932660319,0.932660319,0.932660319,0.932660319,0.932660319,0.834485549,0.834485549,0.834485549,0.834485549,0.834485549,0.834485549,0.834485549,0.736310778,0.736310778,0.736310778,0.736310778,0.736310778,0.638136008,0.638136008,0.638136008,0.638136008,0.539961237,0.539961237,0.539961237,0.539961237,0.441786467,0.441786467,0.441786467,0.343611696,0.343611696,0.343611696,0.245436926,0.245436926,0.245436926,0.245436926,0.147262156,0.147262156,0.147262156,0.147262156,0.147262156,0.147262156,0.147262156,0.147262156,0.147262156,0.147262156,0.147262156,0.147262156,0.245436926,0.245436926,0.245436926,0.245436926,0.343611696,0.343611696,0.343611696,0.343611696,0.441786467
359.041856050,C01,AP01,client_to_ap,VHT,2,2,2,80,SU,1,4,122,6637c97e16e6ce8a,0.736310778,0.736310778,0.736310778,0.736310778,0.736310778,0.736310778,0.736310778,0.736310778,0.638136008,0.638136008,0.638136008,0.638136008,0.638136008,0.638136008,0.638136008,0.638136008,0.638136008,0.638136008,0.638136008,0.638136008,0.638136008,0.638136008,0.539961237,0.539961237,0.539961237,0.539961237,0.539961237,0.539961237,0.441786467,0.441786467,0.441786467,0.343611696,0.343611696,0.245436926,0.245436926,0.245436926,0.147262156,0.147262156,0.147262156,0.147262156,0.147262156,0.147262156,0.245436926,0.245436926,0.343611696,0.343611696,0.441786467,0.441786467,0.539961237,0.539961237,0.638136008,0.638136008,0.638136008,0.736310778,0.736310778,0.736310778,0.834485549,0.834485549,0.834485549,0.834485549,0.834485549,0.932660319,0.932660319,0.932660319,0.932660319,0.932660319,0.932660319,0.932660319,0.932660319,0.932660319,0.932660319,0.834485549,0.834485549,0.834485549,0.834485549,0.834485549,0.834485549,0.736310778,0.736310778,0.736310778,0.736310778,0.736310778,0.638136008,0.638136008,0.638136008,0.638136008,0.638136008,0.539961237,0.539961237,0.539961237,0.539961237,0.441786467,0.441786467,0.441786467,0.343611696,0.343611696,0.343611696,0.245436926,0.245436926,0.245436926,0.245436926,0.147262156,0.147262156,0.147262156,0.147262156,0.147262156,0.147262156,0.147262156,0.147262156,0.147262156,0.147262156,0.147262156,0.147262156,0.245436926,0.245436926,0.245436926,0.245436926,0.343611696,0.343611696,0.343611696,0.343611696,0.441786467
