t_rel_s,client,ap,direction,format,Nr,Nc,Ng,bandwidth_mhz,feedback,codebook,bits_psi,subcarriers,series_id,psi_0000_rad,psi_0001_rad,psi_0002_rad,psi_0003_rad,psi_0004_rad,psi_0005_rad,psi_0006_rad,psi_0007_rad,psi_0008_rad,psi_0009_rad,psi_0010_rad,psi_0011_rad,psi_0012_rad,psi_0013_rad,psi_0014_rad,psi_0015_rad,psi_0016_rad,psi_0017_rad,psi_0018_rad,psi_0019_rad,psi_0020_rad,psi_0021_rad,psi_0022_rad,psi_0023_rad,psi_0024_rad,psi_0025_rad,psi_0026_rad,psi_0027_rad,psi_0028_rad,psi_0029_rad,psi_0030_rad,psi_0031_rad,psi_0032_rad,psi_0033_rad,psi_0034_rad,psi_0035_rad,psi_0036_rad,psi_0037_rad,psi_0038_rad,psi_0039_rad,psi_0040_rad,psi_0041_rad,psi_0042_rad,psi_0043_rad,psi_0044_rad,psi_0045_rad,psi_0046_rad,psi_0047_rad,psi_0048_rad,psi_0049_rad,psi_0050_rad,psi_0051_rad,psi_0052_rad,psi_0053_rad,psi_0054_rad,psi_0055_rad,psi_0056_rad,psi_0057_rad,psi_0058_rad,psi_0059_rad,psi_0060_rad,psi_0061_rad,psi_0062_rad,psi_0063_rad,psi_0064_rad,psi_0065_rad,psi_0066_rad,psi_0067_rad,psi_0068_rad,psi_0069_rad,psi_0070_rad,psi_0071_rad,psi_0072_rad,psi_0073_rad,psi_0074_rad,psi_0075_rad,psi_0076_rad,psi_0077_rad,psi_0078_rad,psi_0079_rad,psi_0080_rad,psi_0081_rad,psi_0082_rad,psi_0083_rad,psi_0084_rad,psi_0085_rad,psi_0086_rad,psi_0087_rad,psi_0088_rad,psi_0089_rad,psi_0090_rad,psi_0091_rad,psi_0092_rad,psi_0093_rad,psi_0094_rad,psi_0095_rad,psi_0096_rad,psi_0097_rad,psi_0098_rad,psi_0099_rad,psi_0100_rad,psi_0101_rad,psi_0102_rad,psi_0103_rad,psi_0104_rad,psi_0105_rad,psi_0106_rad,psi_0107_rad,psi_0108_rad,psi_0109_rad,psi_0110_rad,psi_0111_rad,psi_0112_rad,psi_0113_rad,psi_0114_rad,psi_0115_rad,psi_0116_rad,psi_0117_rad,psi_0118_rad,psi_0119_rad,psi_0120_rad,psi_0121_rad
1.142956972,C01,AP01,client_to_ap,VHT,2,2,2,80,SU,1,4,122,6637c97e16e6ce8a,0.638136008,0.638136008,0.638136008,0.638136008,0.638136008,0.638136008,0.638136008,0.638136008,0.638136008,0.638136008,0.638136008,0.638136008,0.638136008,0.638136008,0.638136008,0.638136008,0.638136008,0.638136008,0.638136008,0.638136008,0.638136008,0.638136008,0.638136008,0.638136008,0.638136008,0.638136008,0.638136008,0.638136008,0.638136008,0.638136008,0.638136008,0.638136008,0.638136008,0.638136008,0.638136008,0.638136008,0.638136008,0.638136008,0.736310778,0.736310778,0.736310778,0.736310778,0.736310778,0.736310778,0.736310778,0.736310778,0.736310778,0.736310778,0.736310778,0.736310778,0.736310778,0.736310778,0.736310778,0.638136008,0.638136008,0.638136008,0.638136008,0.539961237,0.539961237,0.539961237,0.539961237,0.441786467,0.441786467,0.441786467,0.343611696,0.343611696,0.343611696,0.343611696,0.245436926,0.245436926,0.245436926,0.245436926,0.245436926,0.147262156,0.147262156,0.0490873852,0.0490873852,0.0490873852,0.0490873852,0.147262156,0.147262156,0.245436926,0.343611696,0.441786467,0.441786467,0.539961237,0.638136008,0.638136008,0.638136008,0.736310778,0.736310778,0.834485549,0.834485549,0.834485549,0.834485549,0.834485549,0.834485549,0.834485549,0.834485549,0.834485549,0.736310778,0.736310778,0.736310778,0.736310778,0.638136008,0.638136008,0.638136008,0.638136008,0.638136008,0.638136008,0.638136008,0.638136008,0.539961237,0.539961237,0.539961237,0.539961237,0.539961237,0.539961237,0.539961237,0.539961237,0.539961237,0.539961237
2.478849888,C01,AP01,client_to_ap,VHT,2,2,2,80,SU,1,4,122,6637c97e16e6ce8a,0.638136008,0.638136008,0.638136008,0.638136008,0.638136008,0.638136008,0.638136008,0.638136008,0.638136008,0.638136008,0.638136008,0.638136008,0.638136008,0.638136008,0.638136008,0.638136008,0.638136008,0.638136008,0.638136008,0.638136008,0.638136008,0.638136008,0.638136008,0.638136008,0.638136008,0.638136008,0.638136008,0.638136008,0.638136008,0.638136008,0.638136008,0.638136008,0.638136008,0.638136008,0.638136008,0.638136008,0.638136008,0.638136008,0.638136008,0.638136008,0.736310778,0.736310778,0.736310778,0.736310778,0.736310778,0.736310778,0.736310778,0.736310778,0.736310778,0.736310778,0.638136008,0.638136008,0.638136008,0.638136008,0.638136008,0.638136008,0.539961237,0.539961237,0.539961237,0.539961237,0.441786467,0.441786467,0.441786467,0.343611696,0.343611696,0.343611696,0.343611696,0.245436926,0.245436926,0.245436926,0.245436926,0.147262156,0.147262156,0.147262156,0.147262156,0.0490873852,0.0490873852,0.0490873852,0.0490873852,0.147262156,0.147262156,0.245436926,0.343611696,0.343611696,0.441786467,0.539961237,0.539961237,0.638136008,0.638136008,0.638136008,0.736310778,0.736310778,0.736310778,0.736310778,0.834485549,0.834485549,0.736310778,0.736310778,0.736310778,0.736310778,0.736310778,0.736310778,0.736310778,0.736310778,0.638136008,0.638136008,0.638136008,0.638136008,0.638136008,0.638136008,0.638136008,0.539961237,0.539961237,0.539961237,0.539961237,0.539961237,0.539961237,0.539961237,0.539961237,0.539961237,0.539961237,0.539961237
3.809085846,C01,AP01,client_to_ap,VHT,2,2,2,80,SU,1,4,122,6637c97e16e6ce8a,0.638136008,0.736310778,0.638136008,0.638136008,0.638136008,0.638136008,0.638136008,0.638136008,0.638136008,0.638136008,0.638136008,0.638136008,0.638136008,0.638136008,0.638136008,0.638136008,0.638136008,0.638136008,0.638136008,0.638136008,0.638136008,0.638136008,0.638136008,0.638136008,0.638136008,0.638136008,0.638136008,0.638136008,0.638136008,0.638136008,0.638136008,0.638136008,0.638136008,0.736310778,0.736310778,0.736310778,0.736310778,0.736310778,0.736310778,0.736310778,0.736310778,0.736310778,0.736310778,0.736310778,0.834485549,0.736310778,0.834485549,0.736310778,0.736310778,0.736310778,0.736310778,0.736310778,0.736310778,0.736310778,0.638136008,0.638136008,0.638136008,0.638136008,0.539961237,0.539961237,0.539961237,0.441786467,0.441786467,0.441786467,0.441786467,0.343611696,0.343611696,0.343611696,0.343611696,0.245436926,0.245436926,0.245436926,0.245436926,0.147262156,0.147262156,0.147262156,0.0490873852,0.0490873852,0.0490873852,0.0490873852,0.147262156,0.245436926,0.343611696,0.441786467,0.441786467,0.539961237,0.638136008,0.736310778,0.736310778,0.736310778,0.834485549,0.834485549,0.834485549,0.834485549,0.834485549,0.834485549,0.834485549,0.834485549,0.834485549,0.834485549,0.834485549,0.736310778,0.736310778,0.736310778,0.736310778,0.736310778,0.638136008,0.638136008,0.638136008,0.638136008,0.638136008,0.638136008,0.539961237,0.539961237,0.539961237,0.539961237,0.539961237,0.539961237,0.539961237,0.539961237,0.539961237,0.539961237
5.140987873,C01,AP01,client_to_ap,VHT,2,2,2,80,SU,1,4,122,6637c97e16e6ce8a,0.638136008,0.638136008,0.638136008,0.638136008,0.638136008,0.638136008,0.638136008,0.638136008,0.638136008,0.638136008,0.638136008,0.638136008,0.638136008,0.638136008,0.638136008,0.638136008,0.638136008,0.638136008,0.638136008,0.638136008,0.638136008,0.638136008,0.638136008,0.638136008,0.638136008,0.638136008,0.638136008,0.638136008,0.638136008,0.638136008,0.638136008,0.638136008,0.638136008,0.638136008,0.638136008,0.638136008,0.638136008,0.736310778,0.736310778,0.736310778,0.736310778,0.736310778,0.736310778,0.736310778,0.736310778,0.736310778,0.736310778,0.736310778,0.736310778,0.736310778,0.736310778,0.736310778,0.638136008,0.638136008,0.638136008,0.638136008,0.638136008,0.539961237,0.539961237,0.539961237,0.539961237,0.441786467,0.441786467,0.441786467,0.343611696,0.343611696,0.343611696,0.343611696,0.245436926,0.245436926,0.245436926,0.245436926,0.245436926,0.147262156,0.147262156,0.147262156,0.0490873852,0.0490873852,0.0490873852,0.0490873852,0.147262156,0.245436926,0.245436926,0.343611696,0.441786467,0.539961237,0.539961237,0.638136008,0.638136008,0.736310778,0.736310778,0.834485549,0.834485549,0.834485549,0.834485549,0.834485549,0.834485549,0.834485549,0.834485549,0.834485549,0.736310778,0.736310778,0.736310778,0.736310778,0.638136008,0.638136008,0.638136008,0.638136008,0.638136008,0.638136008,0.638136008,0.539961237,0.539961237,0.539961237,0.539961237,0.539961237,0.539961237,0.539961237,0.539961237,0.539961237,0.539961237,0.539961237
6.468037844,C01,AP01,client_to_ap,VHT,2,2,2,80,SU,1,4,122,6637c97e16e6ce8a,0.736310778,0.638136008,0.638136008,0.638136008,0.638136008,0.638136008,0.638136008,0.638136008,0.638136008,0.638136008,0.638136008,0.638136008,0.638136008,0.638136008,0.638136008,0.638136008,0.638136008,0.638136008,0.638136008,0.638136008,0.638136008,0.638136008,0.638136008,0.638136008,0.638136008,0.638136008,0.638136008,0.638136008,0.638136008,0.638136008,0.638136008,0.736310778,0.736310778,0.638136008,0.638136008,0.736310778,0.736310778,0.736310778,0.736310778,0.736310778,0.736310778,0.736310778,0.736310778,0.736310778,0.834485549,0.834485549,0.834485549,0.736310778,0.736310778,0.736310778,0.736310778,0.736310778,0.736310778,0.736310778,0.638136008,0.638136008,0.638136008,0.638136008,0.539961237,0.539961237,0.539961237,0.441786467,0.441786467,0.441786467,0.343611696,0.343611696,0.343611696,0.343611696,0.343611696,0.245436926,0.245436926,0.245436926,0.245436926,0.147262156,0.147262156,0.147262156,0.0490873852,0.0490873852,0.0490873852,0.147262156,0.147262156,0.245436926,0.343611696,0.441786467,0.539961237,0.638136008,0.638136008,0.736310778,0.736310778,0.736310778,0.834485549,0.834485549,0.834485549,0.834485549,0.834485549,0.834485549,0.834485549,0.834485549,0.834485549,0.834485549,0.834485549,0.834485549,0.736310778,0.736310778,0.736310778,0.638136008,0.638136008,0.638136008,0.638136008,0.638136008,0.638136008,0.638136008,0.638136008,0.539961237,0.539961237,0.539961237,0.539961237,0.539961237,0.539961237,0.539961237,0.539961237,0.539961237
7.800386906,C01,AP01,client_to_ap,VHT,2,2,2,80,SU,1,4,122,6637c97e16e6ce8a,0.638136008,0.638136008,0.638136008,0.638136008,0.638136008,0.638136008,0.638136008,0.638136008,0.638136008,0.638136008,0.638136008,0.638136008,0.638136008,0.638136008,0.638136008,0.638136008,0.638136008,0.638136008,0.638136008,0.638136008,0.638136008,0.638136008,0.638136008,0.638136008,0.638136008,0.638136008,0.638136008,0.638136008,0.638136008,0.638136008,0.638136008,0.638136008,0.638136008,0.638136008,0.736310778,0.736310778,0.736310778,0.736310778,0.736310778,0.736310778,0.736310778,0.736310778,0.736310778,0.736310778,0.736310778,0.736310778,0.834485549,0.736310778,0.736310778,0.736310778,0.736310778,0.736310778,0.736310778,0.638136008,0.638136008,0.638136008,0.638136008,0.638136008,0.539961237,0.539961237,0.539961237,0.441786467,0.441786467,0.441786467,0.343611696,0.343611696,0.343611696,0.343611696,0.245436926,0.245436926,0.245436926,0.245436926,0.245436926,0.147262156,0.147262156,0.147262156,0.0490873852,0.0490873852,0.0490873852,0.147262156,0.147262156,0.245436926,0.343611696,0.441786467,0.441786467,0.539961237,0.638136008,0.736310778,0.736310778,0.736310778,0.736310778,0.834485549,0.834485549,0.834485549,0.834485549,0.834485549,0.834485549,0.834485549,0.834485549,0.834485549,0.834485549,0.736310778,0.736310778,0.736310778,0.638136008,0.638136008,0.638136008,0.638136008,0.638136008,0.638136008,0.638136008,0.638136008,0.539961237,0.539961237,0.539961237,0.539961237,0.539961237,0.539961237,0.539961237,0.539961237,0.539961237,0.539961237
9.131719828,C01,AP01,client_to_ap,VHT,2,2,2,80,SU,1,4,122,6637c97e16e6ce8a,0.638136008,0.638136008,0.638136008,0.638136008,0.638136008,0.638136008,0.638136008,0.638136008,0.638136008,0.638136008,0.638136008,0.638136008,0.638136008,0.638136008,0.638136008,0.638136008,0.638136008,0.638136008,0.638136008,0.638136008,0.638136008,0.638136008,0.638136008,0.638136008,0.638136008,0.638136008,0.638136008,0.638136008,0.638136008,0.638136008,0.638136008,0.638136008,0.638136008,0.638136008,0.638136008,0.736310778,0.736310778,0.736310778,0.736310778,0.736310778,0.736310778,0.736310778,0.736310778,0.736310778,0.736310778,0.736310778,0.736310778,0.736310778,0.736310778,0.736310778,0.736310778,0.736310778,0.736310778,0.736310778,0.638136008,0.638136008,0.638136008,0.638136008,0.539961237,0.539961237,0.539961237,0.441786467,0.441786467,0.441786467,0.441786467,0.343611696,0.343611696,0.343611696,0.343611696,0.245436926,0.245436926,0.245436926,0.245436926,0.147262156,0.147262156,0.147262156,0.147262156,0.0490873852,0.0490873852,0.0490873852,0.147262156,0.245436926,0.245436926,0.343611696,0.441786467,0.539961237,0.638136008,0.638136008,0.736310778,0.736310778,0.834485549,0.834485549,0.834485549,0.834485549,0.834485549,0.834485549,0.834485549,0.834485549,0.834485549,0.834485549,0.834485549,0.736310778,0.736310778,0.736310778,0.736310778,0.638136008,0.638136008,0.638136008,0.638136008,0.638136008,0.638136008,0.539961237,0.539961237,0.539961237,0.539961237,0.539961237,0.539961237,0.539961237,0.539961237,0.539961237,0.539961237,0.539961237
10.467896938,C01,AP01,client_to_ap,VHT,2,2,2,80,SU,1,4,122,6637c97e16e6ce8a,0.638136008,0.736310778,0.638136008,0.638136008,0.638136008,0.638136008,0.638136008,0.638136008,0.638136008,0.638136008,0.638136008,0.638136008,0.638136008,0.638136008,0.638136008,0.638136008,0.638136008,0.638136008,0.638136008,0.638136008,0.638136008,0.638136008,0.638136008,0.638136008,0.638136008,0.638136008,0.638136008,0.638136008,0.638136008,0.736310778,0.736310778,0.736310778,0.736310778,0.736310778,0.736310778,0.736310778,0.736310778,0.736310778,0.736310778,0.736310778,0.736310778,0.736310778,0.736310778,0.736310778,0.834485549,0.834485549,0.834485549,0.736310778,0.736310778,0.736310778,0.736310778,0.736310778,0.736310778,0.736310778,0.638136008,0.638136008,0.638136008,0.638136008,0.539961237,0.539961237,0.539961237,0.441786467,0.441786467,0.441786467,0.441786467,0.343611696,0.343611696,0.343611696,0.343611696,0.245436926,0.245436926,0.245436926,0.245436926,0.147262156,0.147262156,0.147262156,0.0490873852,0.0490873852,0.0490873852,0.147262156,0.147262156,0.245436926,0.343611696,0.441786467,0.539961237,0.539961237,0.638136008,0.736310778,0.736310778,0.736310778,0.834485549,0.834485549,0.834485549,0.834485549,0.834485549,0.834485549,0.834485549,0.834485549,0.834485549,0.834485549,0.834485549,0.834485549,0.736310778,0.736310778,0.736310778,0.736310778,0.638136008,0.638136008,0.638136008,0.638136008,0.638136008,0.638136008,0.638136008,0.539961237,0.539961237,0.539961237,0.539961237,0.539961237,0.539961237,0.539961237,0.539961237,0.539961237
11.800568819,C01,AP01,client_to_ap,VHT,2,2,2,80,SU,1,4,122,6637c97e16e6ce8a,0.638136008,0.638136008,0.638136008,0.638136008,0.638136008,0.638136008,0.638136008,0.638136008,0.638136008,0.638136008,0.638136008,0.638136008,0.638136008,0.638136008,0.638136008,0.638136008,0.638136008,0.638136008,0.638136008,0.638136008,0.638136008,0.638136008,0.638136008,0.638136008,0.638136008,0.638136008,0.638136008,0.638136008,0.638136008,0.638136008,0.638136008,0.638136008,0.638136008,0.638136008,0.638136008,0.736310778,0.736310778,0.736310778,0.736310778,0.736310778,0.736310778,0.736310778,0.736310778,0.736310778,0.736310778,0.736310778,0.736310778,0.736310778,0.736310778,0.736310778,0.736310778,0.736310778,0.736310778,0.638136008,0.638136008,0.638136008,0.638136008,0.638136008,0.539961237,0.539961237,0.539961237,0.441786467,0.441786467,0.441786467,0.343611696,0.343611696,0.343611696,0.343611696,0.343611696,0.245436926,0.245436926,0.245436926,0.245436926,0.147262156,0.147262156,0.147262156,0.0490873852,0.0490873852,0.0490873852,0.0490873852,0.147262156,0.245436926,0.343611696,0.343611696,0.441786467,0.539961237,0.638136008,0.638136008,0.736310778,0.736310778,0.736310778,0.834485549,0.834485549,0.834485549,0.834485549,0.834485549,0.834485549,0.834485549,0.834485549,0.834485549,0.834485549,0.736310778,0.736310778,0.736310778,0.736310778,0.736310778,0.638136008,0.638136008,0.638136008,0.638136008,0.638136008,0.638136008,0.638136008,0.539961237,0.539961237,0.539961237,0.539961237,0.539961237,0.539961237,0.539961237,0.539961237,0.539961237
13.134279966,C01,AP01,client_to_ap,VHT,2,2,2,80,SU,1,4,122,6637c97e16e6ce8a,0.638136008,0.638136008,0.638136008,0.638136008,0.638136008,0.638136008,0.638136008,0.638136008,0.638136008,0.638136008,0.638136008,0.638136008,0.638136008,0.638136008,0.638136008,0.638136008,0.638136008,0.638136008,0.638136008,0.638136008,0.638136008,0.638136008,0.638136008,0.638136008,0.638136008,0.638136008,0.638136008,0.638136008,0.638136008,0.638136008,0.638136008,0.638136008,0.638136008,0.638136008,0.736310778,0.736310778,0.736310778,0.736310778,0.736310778,0.736310778,0.736310778,0.736310778,0.736310778,0.736310778,0.736310778,0.736310778,0.736310778,0.736310778,0.736310778,0.736310778,0.736310778,0.736310778,0.736310778,0.638136008,0.638136008,0.638136008,0.638136008,0.539961237,0.539961237,0.539961237,0.539961237,0.441786467,0.441786467,0.441786467,0.343611696,0.343611696,0.343611696,0.343611696,0.245436926,0.245436926,0.245436926,0.245436926,0.245436926,0.147262156,0.147262156,0.147262156,0.147262156,0.0490873852,0.0490873852,0.0490873852,0.147262156,0.245436926,0.245436926,0.343611696,0.441786467,0.539961237,0.638136008,0.638136008,0.736310778,0.736310778,0.834485549,0.834485549,0.834485549,0.834485549,0.834485549,0.834485549,0.834485549,0.834485549,0.834485549,0.834485549,0.736310778,0.736310778,0.736310778,0.736310778,0.736310778,0.736310778,0.638136008,0.638136008,0.638136008,0.638136008,0.638136008,0.539961237,0.539961237,0.539961237,0.539961237,0.539961237,0.539961237,0.539961237,0.539961237,0.539961237,0.539961237,0.539961237
14.463068008,C01,AP01,client_to_ap,VHT,2,2,2,80,SU,1,4,122,6637c97e16e6ce8a,0.638136008,0.638136008,0.638136008,0.638136008,0.638136008,0.638136008,0.638136008,0.638136008,0.638136008,0.638136008,0.638136008,0.638136008,0.638136008,0.638136008,0.638136008,0.638136008,0.638136008,0.638136008,0.638136008,0.638136008,0.638136008,0.638136008,0.638136008,0.638136008,0.638136008,0.638136008,0.638136008,0.638136008,0.638136008,0.638136008,0.638136008,0.638136008,0.638136008,0.638136008,0.736310778,0.736310778,0.736310778,0.736310778,0.736310778,0.736310778,0.736310778,0.736310778,0.736310778,0.736310778,0.736310778,0.736310778,0.736310778,0.736310778,0.736310778,0.736310778,0.736310778,0.736310778,0.736310778,0.638136008,0.638136008,0.638136008,0.638136008,0.638136008,0.539961237,0.539961237,0.539961237,0.441786467,0.441786467,0.441786467,0.343611696,0.343611696,0.343611696,0.343611696,0.245436926,0.245436926,0.245436926,0.245436926,0.245436926,0.147262156,0.147262156,0.147262156,0.0490873852,0.0490873852,0.0490873852,0.0490873852,0.147262156,0.245436926,0.343611696,0.441786467,0.441786467,0.539961237,0.638136008,0.736310778,0.736310778,0.736310778,0.834485549,0.834485549,0.834485549,0.834485549,0.834485549,0.834485549,0.834485549,0.834485549,0.834485549,0.834485549,0.834485549,0.736310778,0.736310778,0.736310778,0.736310778,0.736310778,0.638136008,0.638136008,0.638136008,0.638136008,0.638136008,0.638136008,0.638136008,0.539961237,0.539961237,0.539961237,0.539961237,0.539961237,0.539961237,0.539961237,0.539961237,0.539961237
15.790974855,C01,AP01,client_to_ap,VHT,2,2,2,80,SU,1,4,122,6637c97e16e6ce8a,0.736310778,0.638136008,0.638136008,0.638136008,0.638136008,0.638136008,0.638136008,0.638136008,0.638136008,0.638136008,0.638136008,0.638136008,0.638136008,0.638136008,0.638136008,0.638136008,0.638136008,0.638136008,0.638136008,0.638136008,0.638136008,0.638136008,0.638136008,0.638136008,0.638136008,0.638136008,0.638136008,0.638136008,0.638136008,0.638136008,0.638136008,0.638136008,0.638136008,0.638136008,0.638136008,0.638136008,0.638136008,0.638136008,0.736310778,0.736310778,0.736310778,0.736310778,0.736310778,0.736310778,0.736310778,0.736310778,0.736310778,0.736310778,0.736310778,0.736310778,0.736310778,0.736310778,0.638136008,0.638136008,0.638136008,0.638136008,0.638136008,0.539961237,0.539961237,0.539961237,0.539961237,0.441786467,0.441786467,0.441786467,0.343611696,0.343611696,0.343611696,0.245436926,0.245436926,0.245436926,0.245436926,0.245436926,0.147262156,0.147262156,0.147262156,0.0490873852,0.0490873852,0.0490873852,0.0490873852,0.147262156,0.245436926,0.245436926,0.343611696,0.441786467,0.539961237,0.539961237,0.638136008,0.638136008,0.736310778,0.736310778,0.736310778,0.736310778,0.834485549,0.834485549,0.834485549,0.834485549,0.834485549,0.834485549,0.834485549,0.736310778,0.736310778,0.736310778,0.736310778,0.736310778,0.736310778,0.638136008,0.638136008,0.638136008,0.638136008,0.638136008,0.638136008,0.539961237,0.539961237,0.539961237,0.539961237,0.539961237,0.539961237,0.539961237,0.539961237,0.539961237,0.539961237,0.539961237
17.121939898,C01,AP01,client_to_ap,VHT,2,2,2,80,SU,1,4,122,6637c97e16e6ce8a,0.638136008,0.638136008,0.736310778,0.736310778,0.638136008,0.638136008,0.638136008,0.638136008,0.638136008,0.638136008,0.638136008,0.638136008,0.638136008,0.638136008,0.638136008,0.638136008,0.638136008,0.638136008,0.638136008,0.638136008,0.638136008,0.638136008,0.638136008,0.638136008,0.638136008,0.638136008,0.638136008,0.638136008,0.638136008,0.638136008,0.638136008,0.736310778,0.638136008,0.736310778,0.736310778,0.736310778,0.736310778,0.736310778,0.736310778,0.736310778,0.736310778,0.736310778,0.736310778,0.736310778,0.834485549,0.834485549,0.834485549,0.736310778,0.736310778,0.736310778,0.736310778,0.736310778,0.736310778,0.736310778,0.638136008,0.638136008,0.638136008,0.638136008,0.539961237,0.539961237,0.539961237,0.441786467,0.441786467,0.441786467,0.441786467,0.343611696,0.343611696,0.343611696,0.343611696,0.245436926,0.245436926,0.245436926,0.245436926,0.147262156,0.147262156,0.147262156,0.0490873852,0.0490873852,0.0490873852,0.147262156,0.147262156,0.245436926,0.343611696,0.441786467,0.539961237,0.539961237,0.638136008,0.736310778,0.736310778,0.736310778,0.834485549,0.834485549,0.834485549,0.834485549,0.834485549,0.834485549,0.834485549,0.834485549,0.834485549,0.834485549,0.834485549,0.736310778,0.736310778,0.736310778,0.736310778,0.736310778,0.638136008,0.638136008,0.638136008,0.638136008,0.638136008,0.638136008,0.638136008,0.638136008,0.539961237,0.539961237,0.539961237,0.539961237,0.539961237,0.539961237,0.539961237,0.539961237
18.457715034,C01,AP01,client_to_ap,VHT,2,2,2,80,SU,1,4,122,6637c97e16e6ce8a,0.638136008,0.736310778,0.638136008,0.638136008,0.638136008,0.638136008,0.638136008,0.638136008,0.638136008,0.638136008,0.638136008,0.638136008,0.638136008,0.638136008,0.638136008,0.638136008,0.638136008,0.638136008,0.638136008,0.638136008,0.638136008,0.638136008,0.638136008,0.638136008,0.638136008,0.638136008,0.638136008,0.638136008,0.638136008,0.736310778,0.638136008,0.638136008,0.638136008,0.736310778,0.736310778,0.736310778,0.736310778,0.736310778,0.736310778,0.736310778,0.736310778,0.736310778,0.736310778,0.736310778,0.736310778,0.834485549,0.834485549,0.736310778,0.736310778,0.736310778,0.736310778,0.736310778,0.736310778,0.736310778,0.638136008,0.638136008,0.638136008,0.638136008,0.539961237,0.539961237,0.539961237,0.441786467,0.441786467,0.441786467,0.343611696,0.343611696,0.343611696,0.343611696,0.343611696,0.245436926,0.245436926,0.245436926,0.245436926,0.147262156,0.147262156,0.147262156,0.0490873852,0.0490873852,0.0490873852,0.147262156,0.147262156,0.245436926,0.343611696,0.441786467,0.539961237,0.539961237,0.638136008,0.736310778,0.736310778,0.736310778,0.834485549,0.834485549,0.834485549,0.834485549,0.834485549,0.834485549,0.834485549,0.834485549,0.834485549,0.834485549,0.834485549,0.736310778,0.736310778,0.736310778,0.736310778,0.638136008,0.638136008,0.638136008,0.638136008,0.638136008,0.638136008,0.638136008,0.539961237,0.539961237,0.539961237,0.539961237,0.539961237,0.539961237,0.539961237,0.539961237,0.539961237,0.539961237
19.789741039,C01,AP01,client_to_ap,VHT,2,2,2,80,SU,1,4,122,6637c97e16e6ce8a,0.638136008,0.638136008,0.638136008,0.638136008,0.638136008,0.638136008,0.638136008,0.638136008,0.638136008,0.638136008,0.638136008,0.638136008,0.638136008,0.638136008,0.638136008,0.638136008,0.638136008,0.638136008,0.638136008,0.638136008,0.638136008,0.638136008,0.638136008,0.638136008,0.638136008,0.638136008,0.638136008,0.638136008,0.638136008,0.638136008,0.638136008,0.638136008,0.638136008,0.638136008,0.736310778,0.736310778,0.736310778,0.736310778,0.736310778,0.736310778,0.736310778,0.736310778,0.736310778,0.736310778,0.736310778,0.736310778,0.736310778,0.736310778,0.736310778,0.736310778,0.736310778,0.736310778,0.736310778,0.736310778,0.638136008,0.638136008,0.638136008,0.638136008,0.539961237,0.539961237,0.539961237,0.441786467,0.441786467,0.441786467,0.343611696,0.343611696,0.343611696,0.343611696,0.343611696,0.245436926,0.245436926,0.245436926,0.245436926,0.147262156,0.147262156,0.147262156,0.0490873852,0.0490873852,0.0490873852,0.0490873852,0.147262156,0.245436926,0.343611696,0.441786467,0.441786467,0.539961237,0.638136008,0.638136008,0.736310778,0.736310778,0.834485549,0.834485549,0.834485549,0.834485549,0.834485549,0.834485549,0.834485549,0.834485549,0.834485549,0.834485549,0.834485549,0.736310778,0.736310778,0.736310778,0.736310778,0.736310778,0.638136008,0.638136008,0.638136008,0.638136008,0.638136008,0.638136008,0.539961237,0.539961237,0.539961237,0.539961237,0.539961237,0.539961237,0.539961237,0.539961237,0.539961237,0.539961237
21.121737957,C01,AP01,client_to_ap,VHT,2,2,2,80,SU,1,4,122,6637c97e16e6ce8a,0.736310778,0.736310778,0.736310778,0.638136008,0.638136008,0.638136008,0.638136008,0.638136008,0.638136008,0.638136008,0.638136008,0.638136008,0.638136008,0.638136008,0.638136008,0.638136008,0.638136008,0.638136008,0.638136008,0.638136008,0.638136008,0.638136008,0.638136008,0.638136008,0.638136008,0.638136008,0.638136008,0.638136008,0.638136008,0.736310778,0.638136008,0.736310778,0.736310778,0.736310778,0.736310778,0.736310778,0.736310778,0.736310778,0.736310778,0.736310778,0.736310778,0.736310778,0.736310778,0.736310778,0.736310778,0.736310778,0.834485549,0.736310778,0.736310778,0.736310778,0.736310778,0.736310778,0.736310778,0.736310778,0.638136008,0.638136008,0.638136008,0.638136008,0.539961237,0.539961237,0.539961237,0.441786467,0.441786467,0.441786467,0.441786467,0.343611696,0.343611696,0.343611696,0.343611696,0.245436926,0.245436926,0.245436926,0.245436926,0.147262156,0.147262156,0.147262156,0.0490873852,0.0490873852,0.0490873852,0.0490873852,0.147262156,0.245436926,0.343611696,0.441786467,0.539961237,0.638136008,0.638136008,0.736310778,0.736310778,0.736310778,0.834485549,0.834485549,0.834485549,0.834485549,0.834485549,0.834485549,0.834485549,0.834485549,0.834485549,0.834485549,0.834485549,0.736310778,0.736310778,0.736310778,0.736310778,0.736310778,0.638136008,0.638136008,0.638136008,0.638136008,0.638136008,0.638136008,0.638136008,0.539961237,0.539961237,0.539961237,0.539961237,0.539961237,0.539961237,0.539961237,0.539961237,0.539961237
22.458243847,C01,AP01,client_to_ap,VHT,2,2,2,80,SU,1,4,122,6637c97e16e6ce8a,0.638136008,0.638136008,0.638136008,0.638136008,0.638136008,0.638136008,0.638136008,0.638136008,0.638136008,0.638136008,0.638136008,0.638136008,0.638136008,0.638136008,0.638136008,0.638136008,0.638136008,0.638136008,0.638136008,0.638136008,0.638136008,0.638136008,0.638136008,0.638136008,0.638136008,0.638136008,0.638136008,0.638136008,0.638136008,0.638136008,0.638136008,0.638136008,0.638136008,0.638136008,0.736310778,0.638136008,0.736310778,0.736310778,0.736310778,0.736310778,0.736310778,0.736310778,0.736310778,0.736310778,0.736310778,0.736310778,0.736310778,0.736310778,0.736310778,0.736310778,0.736310778,0.736310778,0.736310778,0.736310778,0.638136008,0.638136008,0.638136008,0.539961237,0.539961237,0.539961237,0.539961237,0.441786467,0.441786467,0.441786467,0.343611696,0.343611696,0.343611696,0.343611696,0.245436926,0.245436926,0.245436926,0.245436926,0.245436926,0.147262156,0.147262156,0.147262156,0.0490873852,0.0490873852,0.0490873852,0.147262156,0.147262156,0.245436926,0.343611696,0.343611696,0.441786467,0.539961237,0.638136008,0.736310778,0.736310778,0.736310778,0.736310778,0.834485549,0.834485549,0.834485549,0.834485549,0.834485549,0.834485549,0.834485549,0.834485549,0.834485549,0.834485549,0.834485549,0.736310778,0.736310778,0.736310778,0.638136008,0.638136008,0.638136008,0.638136008,0.638136008,0.638136008,0.638136008,0.539961237,0.539961237,0.539961237,0.539961237,0.539961237,0.539961237,0.539961237,0.539961237,0.539961237,0.539961237
23.791347980,C01,AP01,client_to_ap,VHT,2,2,2,80,SU,1,4,122,6637c97e16e6ce8a,0.638136008,0.638136008,0.638136008,0.638136008,0.638136008,0.638136008,0.638136008,0.638136008,0.638136008,0.638136008,0.638136008,0.638136008,0.638136008,0.638136008,0.638136008,0.638136008,0.638136008,0.638136008,0.638136008,0.638136008,0.638136008,0.638136008,0.638136008,0.638136008,0.638136008,0.638136008,0.638136008,0.638136008,0.638136008,0.638136008,0.638136008,0.638136008,0.638136008,0.638136008,0.638136008,0.638136008,0.638136008,0.638136008,0.638136008,0.638136008,0.736310778,0.736310778,0.736310778,0.736310778,0.736310778,0.736310778,0.736310778,0.736310778,0.736310778,0.736310778,0.736310778,0.638136008,0.638136008,0.638136008,0.638136008,0.638136008,0.539961237,0.539961237,0.539961237,0.539961237,0.441786467,0.441786467,0.441786467,0.343611696,0.343611696,0.343611696,0.343611696,0.245436926,0.245436926,0.245436926,0.245436926,0.245436926,0.147262156,0.147262156,0.147262156,0.0490873852,0.0490873852,0.0490873852,0.0490873852,0.147262156,0.147262156,0.245436926,0.343611696,0.343611696,0.441786467,0.539961237,0.539961237,0.638136008,0.638136008,0.736310778,0.736310778,0.736310778,0.736310778,0.834485549,0.834485549,0.834485549,0.834485549,0.736310778,0.736310778,0.736310778,0.736310778,0.736310778,0.736310778,0.736310778,0.638136008,0.638136008,0.638136008,0.638136008,0.638136008,0.638136008,0.638136008,0.539961237,0.539961237,0.539961237,0.539961237,0.539961237,0.539961237,0.539961237,0.539961237,0.539961237,0.539961237,0.539961237
25.124052048,C01,AP01,client_to_ap,VHT,2,2,2,80,SU,1,4,122,6637c97e16e6ce8a,0.638136008,0.736310778,0.638136008,0.638136008,0.638136008,0.638136008,0.638136008,0.638136008,0.638136008,0.638136008,0.638136008,0.638136008,0.638136008,0.638136008,0.638136008,0.638136008,0.638136008,0.638136008,0.638136008,0.638136008,0.638136008,0.638136008,0.638136008,0.638136008,0.638136008,0.638136008,0.638136008,0.638136008,0.638136008,0.736310778,0.638136008,0.638136008,0.638136008,0.736310778,0.736310778,0.638136008,0.736310778,0.736310778,0.736310778,0.736310778,0.736310778,0.736310778,0.736310778,0.736310778,0.736310778,0.736310778,0.834485549,0.736310778,0.736310778,0.736310778,0.736310778,0.736310778,0.736310778,0.736310778,0.638136008,0.638136008,0.638136008,0.638136008,0.539961237,0.539961237,0.539961237,0.441786467,0.441786467,0.441786467,0.343611696,0.343611696,0.343611696,0.343611696,0.343611696,0.245436926,0.245436926,0.245436926,0.245436926,0.245436926,0.147262156,0.147262156,0.0490873852,0.0490873852,0.0490873852,0.0490873852,0.147262156,0.245436926,0.343611696,0.441786467,0.441786467,0.539961237,0.638136008,0.736310778,0.736310778,0.736310778,0.834485549,0.834485549,0.834485549,0.834485549,0.834485549,0.834485549,0.834485549,0.834485549,0.834485549,0.834485549,0.834485549,0.736310778,0.736310778,0.736310778,0.736310778,0.736310778,0.638136008,0.638136008,0.638136008,0.638136008,0.638136008,0.638136008,0.539961237,0.539961237,0.539961237,0.539961237,0.539961237,0.539961237,0.539961237,0.539961237,0.539961237,0.539961237
26.456648827,C01,AP01,client_to_ap,VHT,2,2,2,80,SU,1,4,122,6637c97e16e6ce8a,0.638136008,0.736310778,0.638136008,0.638136008,0.638136008,0.638136008,0.638136008,0.638136008,0.638136008,0.638136008,0.638136008,0.638136008,0.638136008,0.638136008,0.638136008,0.638136008,0.638136008,0.638136008,0.638136008,0.638136008,0.638136008,0.638136008,0.638136008,0.638136008,0.638136008,0.638136008,0.638136008,0.638136008,0.638136008,0.638136008,0.638136008,0.638136008,0.638136008,0.736310778,0.736310778,0.736310778,0.736310778,0.736310778,0.736310778,0.736310778,0.736310778,0.736310778,0.736310778,0.736310778,0.736310778,0.834485549,0.736310778,0.736310778,0.736310778,0.736310778,0.736310778,0.736310778,0.736310778,0.638136008,0.638136008,0.638136008,0.638136008,0.638136008,0.539961237,0.539961237,0.539961237,0.441786467,0.441786467,0.441786467,0.441786467,0.343611696,0.343611696,0.343611696,0.343611696,0.245436926,0.245436926,0.245436926,0.245436926,0.147262156,0.147262156,0.147262156,0.147262156,0.0490873852,0.0490873852,0.0490873852,0.147262156,0.245436926,0.343611696,0.343611696,0.441786467,0.539961237,0.638136008,0.736310778,0.736310778,0.736310778,0.834485549,0.834485549,0.834485549,0.834485549,0.834485549,0.834485549,0.834485549,0.834485549,0.834485549,0.834485549,0.834485549,0.736310778,0.736310778,0.736310778,0.736310778,0.736310778,0.638136008,0.638136008,0.638136008,0.638136008,0.638136008,0.638136008,0.539961237,0.539961237,0.539961237,0.539961237,0.539961237,0.539961237,0.539961237,0.539961237,0.539961237,0.539961237
27.785809994,C01,AP01,client_to_ap,VHT,2,2,2,80,SU,1,4,122,6637c97e16e6ce8a,0.736310778,0.736310778,0.736310778,0.638136008,0.638136008,0.638136008,0.638136008,0.638136008,0.638136008,0.638136008,0.638136008,0.638136008,0.638136008,0.638136008,0.638136008,0.638136008,0.638136008,0.638136008,0.638136008,0.638136008,0.638136008,0.638136008,0.638136008,0.638136008,0.638136008,0.638136008,0.638136008,0.638136008,0.638136008,0.638136008,0.638136008,0.638136008,0.638136008,0.638136008,0.736310778,0.736310778,0.736310778,0.736310778,0.736310778,0.736310778,0.736310778,0.736310778,0.736310778,0.736310778,0.736310778,0.736310778,0.736310778,0.736310778,0.736310778,0.736310778,0.736310778,0.736310778,0.736310778,0.736310778,0.638136008,0.638136008,0.638136008,0.638136008,0.539961237,0.539961237,0.539961237,0.441786467,0.441786467,0.441786467,0.343611696,0.343611696,0.343611696,0.343611696,0.245436926,0.245436926,0.245436926,0.245436926,0.245436926,0.147262156,0.147262156,0.147262156,0.0490873852,0.0490873852,0.0490873852,0.147262156,0.147262156,0.245436926,0.343611696,0.441786467,0.441786467,0.539961237,0.638136008,0.638136008,0.736310778,0.736310778,0.834485549,0.834485549,0.834485549,0.834485549,0.834485549,0.834485549,0.834485549,0.834485549,0.834485549,0.834485549,0.834485549,0.736310778,0.736310778,0.736310778,0.736310778,0.736310778,0.638136008,0.638136008,0.638136008,0.638136008,0.638136008,0.638136008,0.539961237,0.539961237,0.539961237,0.539961237,0.539961237,0.539961237,0.539961237,0.539961237,0.539961237,0.539961237
29.113773823,C01,AP01,client_to_ap,VHT,2,2,2,80,SU,1,4,122,6637c97e16e6ce8a,0.638136008,0.638136008,0.638136008,0.638136008,0.638136008,0.638136008,0.638136008,0.638136008,0.638136008,0.638136008,0.638136008,0.638136008,0.638136008,0.638136008,0.638136008,0.638136008,0.638136008,0.638136008,0.638136008,0.638136008,0.638136008,0.638136008,0.638136008,0.638136008,0.638136008,0.638136008,0.638136008,0.638136008,0.638136008,0.638136008,0.638136008,0.638136008,0.638136008,0.638136008,0.638136008,0.736310778,0.736310778,0.736310778,0.736310778,0.736310778,0.736310778,0.736310778,0.736310778,0.736310778,0.736310778,0.736310778,0.736310778,0.736310778,0.736310778,0.736310778,0.736310778,0.736310778,0.736310778,0.638136008,0.638136008,0.638136008,0.638136008,0.539961237,0.539961237,0.539961237,0.539961237,0.441786467,0.441786467,0.441786467,0.343611696,0.343611696,0.343611696,0.343611696,0.245436926,0.245436926,0.245436926,0.245436926,0.245436926,0.147262156,0.147262156,0.147262156,0.0490873852,0.0490873852,0.0490873852,0.147262156,0.147262156,0.245436926,0.343611696,0.343611696,0.441786467,0.539961237,0.638136008,0.638136008,0.736310778,0.736310778,0.834485549,0.834485549,0.834485549,0.834485549,0.834485549,0.834485549,0.834485549,0.834485549,0.834485549,0.834485549,0.834485549,0.736310778,0.736310778,0.736310778,0.736310778,0.736310778,0.638136008,0.638136008,0.638136008,0.638136008,0.638136008,0.638136008,0.539961237,0.539961237,0.539961237,0.539961237,0.539961237,0.539961237,0.539961237,0.539961237,0.539961237,0.539961237
30.442648888,C01,AP01,client_to_ap,VHT,2,2,2,80,SU,1,4,122,6637c97e16e6ce8a,0.638136008,0.638136008,0.638136008,0.638136008,0.638136008,0.638136008,0.638136008,0.638136008,0.638136008,0.638136008,0.638136008,0.638136008,0.638136008,0.638136008,0.638136008,0.638136008,0.638136008,0.638136008,0.638136008,0.638136008,0.638136008,0.638136008,0.638136008,0.638136008,0.638136008,0.638136008,0.638136008,0.638136008,0.638136008,0.638136008,0.638136008,0.638136008,0.638136008,0.638136008,0.638136008,0.638136008,0.638136008,0.638136008,0.638136008,0.736310778,0.736310778,0.736310778,0.736310778,0.736310778,0.736310778,0.736310778,0.736310778,0.736310778,0.736310778,0.736310778,0.736310778,0.736310778,0.638136008,0.638136008,0.638136008,0.638136008,0.539961237,0.539961237,0.539961237,0.539961237,0.441786467,0.441786467,0.441786467,0.343611696,0.343611696,0.343611696,0.343611696,0.245436926,0.245436926,0.245436926,0.245436926,0.147262156,0.147262156,0.147262156,0.147262156,0.0490873852,0.0490873852,0.0490873852,0.0490873852,0.147262156,0.245436926,0.245436926,0.343611696,0.441786467,0.441786467,0.539961237,0.638136008,0.638136008,0.638136008,0.736310778,0.736310778,0.736310778,0.834485549,0.834485549,0.834485549,0.834485549,0.834485549,0.834485549,0.736310778,0.736310778,0.736310778,0.736310778,0.736310778,0.736310778,0.736310778,0.638136008,0.638136008,0.638136008,0.638136008,0.638136008,0.638136008,0.638136008,0.539961237,0.539961237,0.539961237,0.539961237,0.539961237,0.539961237,0.539961237,0.539961237,0.539961237,0.539961237
31.769167900,C01,AP01,client_to_ap,VHT,2,2,2,80,SU,1,4,122,6637c97e16e6ce8a,0.638136008,0.638136008,0.638136008,0.638136008,0.638136008,0.638136008,0.638136008,0.638136008,0.638136008,0.638136008,0.638136008,0.638136008,0.638136008,0.638136008,0.638136008,0.638136008,0.638136008,0.638136008,0.638136008,0.638136008,0.638136008,0.638136008,0.638136008,0.638136008,0.638136008,0.638136008,0.638136008,0.638136008,0.638136008,0.638136008,0.638136008,0.638136008,0.638136008,0.638136008,0.638136008,0.638136008,0.736310778,0.736310778,0.736310778,0.736310778,0.736310778,0.736310778,0.736310778,0.736310778,0.736310778,0.736310778,0.736310778,0.736310778,0.736310778,0.736310778,0.736310778,0.736310778,0.638136008,0.638136008,0.638136008,0.638136008,0.638136008,0.539961237,0.539961237,0.539961237,0.539961237,0.441786467,0.441786467,0.441786467,0.343611696,0.343611696,0.343611696,0.343611696,0.245436926,0.245436926,0.245436926,0.245436926,0.147262156,0.147262156,0.147262156,0.147262156,0.0490873852,0.0490873852,0.0490873852,0.0490873852,0.147262156,0.245436926,0.343611696,0.343611696,0.441786467,0.539961237,0.638136008,0.638136008,0.736310778,0.736310778,0.736310778,0.736310778,0.834485549,0.834485549,0.834485549,0.834485549,0.834485549,0.834485549,0.834485549,0.736310778,0.736310778,0.736310778,0.736310778,0.736310778,0.736310778,0.638136008,0.638136008,0.638136008,0.638136008,0.638136008,0.638136008,0.539961237,0.539961237,0.539961237,0.539961237,0.539961237,0.539961237,0.539961237,0.539961237,0.539961237,0.539961237,0.539961237
33.101022005,C01,AP01,client_to_ap,VHT,2,2,2,80,SU,1,4,122,6637c97e16e6ce8a,0.736310778,0.736310778,0.638136008,0.638136008,0.638136008,0.638136008,0.638136008,0.638136008,0.638136008,0.638136008,0.638136008,0.638136008,0.638136008,0.638136008,0.638136008,0.638136008,0.638136008,0.638136008,0.638136008,0.638136008,0.638136008,0.638136008,0.638136008,0.638136008,0.638136008,0.638136008,0.638136008,0.638136008,0.638136008,0.638136008,0.638136008,0.638136008,0.638136008,0.736310778,0.736310778,0.736310778,0.736310778,0.736310778,0.736310778,0.736310778,0.736310778,0.736310778,0.736310778,0.736310778,0.834485549,0.736310778,0.834485549,0.736310778,0.736310778,0.736310778,0.736310778,0.736310778,0.736310778,0.638136008,0.638136008,0.638136008,0.638136008,0.638136008,0.539961237,0.539961237,0.539961237,0.441786467,0.441786467,0.441786467,0.441786467,0.343611696,0.343611696,0.343611696,0.245436926,0.245436926,0.245436926,0.245436926,0.245436926,0.147262156,0.147262156,0.147262156,0.0490873852,0.0490873852,0.0490873852,0.147262156,0.147262156,0.245436926,0.343611696,0.441786467,0.539961237,0.539961237,0.638136008,0.736310778,0.736310778,0.736310778,0.834485549,0.834485549,0.834485549,0.834485549,0.834485549,0.834485549,0.834485549,0.834485549,0.834485549,0.834485549,0.834485549,0.834485549,0.736310778,0.736310778,0.736310778,0.638136008,0.638136008,0.638136008,0.638136008,0.638136008,0.638136008,0.638136008,0.539961237,0.539961237,0.539961237,0.539961237,0.539961237,0.539961237,0.539961237,0.539961237,0.539961237,0.539961237
34.437930822,C01,AP01,client_to_ap,VHT,2,2,2,80,SU,1,4,122,6637c97e16e6ce8a,0.638136008,0.736310778,0.638136008,0.638136008,0.638136008,0.638136008,0.638136008,0.638136008,0.638136008,0.638136008,0.638136008,0.638136008,0.638136008,0.638136008,0.638136008,0.638136008,0.638136008,0.638136008,0.638136008,0.638136008,0.638136008,0.638136008,0.638136008,0.638136008,0.638136008,0.638136008,0.638136008,0.638136008,0.638136008,0.638136008,0.638136008,0.638136008,0.736310778,0.638136008,0.736310778,0.736310778,0.736310778,0.736310778,0.736310778,0.736310778,0.736310778,0.736310778,0.736310778,0.736310778,0.736310778,0.736310778,0.736310778,0.736310778,0.736310778,0.736310778,0.736310778,0.736310778,0.736310778,0.736310778,0.638136008,0.638136008,0.638136008,0.539961237,0.539961237,0.539961237,0.539961237,0.441786467,0.441786467,0.441786467,0.343611696,0.343611696,0.343611696,0.343611696,0.245436926,0.245436926,0.245436926,0.245436926,0.245436926,0.147262156,0.147262156,0.147262156,0.0490873852,0.0490873852,0.0490873852,0.0490873852,0.147262156,0.245436926,0.343611696,0.441786467,0.441786467,0.539961237,0.638136008,0.736310778,0.736310778,0.736310778,0.736310778,0.834485549,0.834485549,0.834485549,0.834485549,0.834485549,0.834485549,0.834485549,0.834485549,0.834485549,0.736310778,0.736310778,0.736310778,0.736310778,0.736310778,0.638136008,0.638136008,0.638136008,0.638136008,0.638136008,0.638136008,0.638136008,0.539961237,0.539961237,0.539961237,0.539961237,0.539961237,0.539961237,0.539961237,0.539961237,0.539961237,0.539961237
35.769045830,C01,AP01,client_to_ap,VHT,2,2,2,80,SU,1,4,122,6637c97e16e6ce8a,0.638136008,0.736310778,0.638136008,0.638136008,0.638136008,0.638136008,0.638136008,0.638136008,0.638136008,0.638136008,0.638136008,0.638136008,0.638136008,0.638136008,0.638136008,0.638136008,0.638136008,0.638136008,0.638136008,0.638136008,0.638136008,0.638136008,0.638136008,0.638136008,0.638136008,0.638136008,0.638136008,0.638136008,0.638136008,0.736310778,0.736310778,0.736310778,0.736310778,0.736310778,0.736310778,0.736310778,0.736310778,0.736310778,0.736310778,0.736310778,0.736310778,0.736310778,0.736310778,0.834485549,0.834485549,0.834485549,0.834485549,0.834485549,0.736310778,0.736310778,0.736310778,0.736310778,0.736310778,0.736310778,0.638136008,0.638136008,0.638136008,0.638136008,0.539961237,0.539961237,0.539961237,0.441786467,0.441786467,0.441786467,0.343611696,0.343611696,0.343611696,0.343611696,0.343611696,0.245436926,0.245436926,0.245436926,0.245436926,0.147262156,0.147262156,0.147262156,0.0490873852,0.0490873852,0.0490873852,0.0490873852,0.147262156,0.245436926,0.343611696,0.441786467,0.539961237,0.539961237,0.638136008,0.736310778,0.736310778,0.736310778,0.834485549,0.834485549,0.834485549,0.834485549,0.834485549,0.834485549,0.834485549,0.834485549,0.834485549,0.834485549,0.834485549,0.834485549,0.736310778,0.736310778,0.736310778,0.736310778,0.638136008,0.638136008,0.638136008,0.638136008,0.638136008,0.638136008,0.638136008,0.539961237,0.539961237,0.539961237,0.539961237,0.539961237,0.539961237,0.539961237,0.539961237,0.539961237
37.101032019,C01,AP01,client_to_ap,VHT,2,2,2,80,SU,1,4,122,6637c97e16e6ce8a,0.638136008,0.638136008,0.638136008,0.638136008,0.638136008,0.638136008,0.638136008,0.638136008,0.638136008,0.638136008,0.638136008,0.638136008,0.638136008,0.638136008,0.638136008,0.638136008,0.638136008,0.638136008,0.638136008,0.638136008,0.638136008,0.638136008,0.638136008,0.638136008,0.638136008,0.638136008,0.638136008,0.638136008,0.638136008,0.638136008,0.638136008,0.638136008,0.638136008,0.638136008,0.736310778,0.736310778,0.736310778,0.736310778,0.736310778,0.736310778,0.736310778,0.736310778,0.736310778,0.736310778,0.736310778,0.736310778,0.736310778,0.736310778,0.736310778,0.736310778,0.736310778,0.736310778,0.736310778,0.638136008,0.638136008,0.638136008,0.638136008,0.539961237,0.539961237,0.539961237,0.539961237,0.441786467,0.441786467,0.441786467,0.343611696,0.343611696,0.343611696,0.343611696,0.245436926,0.245436926,0.245436926,0.245436926,0.245436926,0.147262156,0.147262156,0.147262156,0.0490873852,0.0490873852,0.0490873852,0.0490873852,0.147262156,0.245436926,0.343611696,0.441786467,0.441786467,0.539961237,0.638136008,0.638136008,0.736310778,0.736310778,0.736310778,0.834485549,0.834485549,0.834485549,0.834485549,0.834485549,0.834485549,0.834485549,0.834485549,0.834485549,0.736310778,0.736310778,0.736310778,0.736310778,0.736310778,0.736310778,0.638136008,0.638136008,0.638136008,0.638136008,0.638136008,0.638136008,0.638136008,0.539961237,0.539961237,0.539961237,0.539961237,0.539961237,0.539961237,0.539961237,0.539961237,0.539961237
38.437512875,C01,AP01,client_to_ap,VHT,2,2,2,80,SU,1,4,122,6637c97e16e6ce8a,0.638136008,0.638136008,0.638136008,0.638136008,0.638136008,0.638136008,0.638136008,0.638136008,0.638136008,0.638136008,0.638136008,0.638136008,0.638136008,0.638136008,0.638136008,0.638136008,0.638136008,0.638136008,0.638136008,0.638136008,0.638136008,0.638136008,0.638136008,0.638136008,0.638136008,0.638136008,0.638136008,0.638136008,0.638136008,0.638136008,0.638136008,0.638136008,0.736310778,0.638136008,0.736310778,0.736310778,0.736310778,0.736310778,0.736310778,0.736310778,0.736310778,0.736310778,0.736310778,0.736310778,0.736310778,0.736310778,0.736310778,0.736310778,0.736310778,0.736310778,0.736310778,0.736310778,0.736310778,0.736310778,0.638136008,0.638136008,0.638136008,0.638136008,0.539961237,0.539961237,0.539961237,0.441786467,0.441786467,0.441786467,0.343611696,0.343611696,0.343611696,0.343611696,0.245436926,0.245436926,0.245436926,0.245436926,0.245436926,0.147262156,0.147262156,0.147262156,0.0490873852,0.0490873852,0.0490873852,0.0490873852,0.147262156,0.245436926,0.343611696,0.441786467,0.441786467,0.539961237,0.638136008,0.638136008,0.736310778,0.736310778,0.834485549,0.834485549,0.834485549,0.834485549,0.834485549,0.834485549,0.834485549,0.834485549,0.834485549,0.834485549,0.834485549,0.736310778,0.736310778,0.736310778,0.736310778,0.736310778,0.638136008,0.638136008,0.638136008,0.638136008,0.638136008,0.638136008,0.638136008,0.539961237,0.539961237,0.539961237,0.539961237,0.539961237,0.539961237,0.539961237,0.539961237,0.539961237
39.769755840,C01,AP01,client_to_ap,VHT,2,2,2,80,SU,1,4,122,6637c97e16e6ce8a,0.638136008,0.736310778,0.638136008,0.638136008,0.638136008,0.638136008,0.638136008,0.638136008,0.638136008,0.638136008,0.638136008,0.638136008,0.638136008,0.638136008,0.638136008,0.638136008,0.638136008,0.638136008,0.638136008,0.638136008,0.638136008,0.638136008,0.638136008,0.638136008,0.638136008,0.638136008,0.638136008,0.638136008,0.638136008,0.736310778,0.638136008,0.736310778,0.736310778,0.736310778,0.736310778,0.736310778,0.736310778,0.736310778,0.736310778,0.736310778,0.736310778,0.736310778,0.736310778,0.736310778,0.736310778,0.834485549,0.834485549,0.736310778,0.736310778,0.736310778,0.736310778,0.736310778,0.736310778,0.736310778,0.638136008,0.638136008,0.638136008,0.638136008,0.539961237,0.539961237,0.539961237,0.441786467,0.441786467,0.441786467,0.343611696,0.343611696,0.343611696,0.343611696,0.343611696,0.343611696,0.245436926,0.245436926,0.245436926,0.147262156,0.147262156,0.147262156,0.0490873852,0.0490873852,0.0490873852,0.0490873852,0.147262156,0.245436926,0.343611696,0.441786467,0.441786467,0.539961237,0.638136008,0.736310778,0.736310778,0.736310778,0.834485549,0.834485549,0.834485549,0.834485549,0.834485549,0.834485549,0.834485549,0.834485549,0.834485549,0.834485549,0.834485549,0.736310778,0.736310778,0.736310778,0.736310778,0.638136008,0.638136008,0.638136008,0.638136008,0.638136008,0.638136008,0.638136008,0.539961237,0.539961237,0.539961237,0.539961237,0.539961237,0.539961237,0.539961237,0.539961237,0.539961237,0.539961237
41.101249933,C01,AP01,client_to_ap,VHT,2,2,2,80,SU,1,4,122,6637c97e16e6ce8a,0.638136008,0.638136008,0.638136008,0.638136008,0.638136008,0.638136008,0.638136008,0.638136008,0.638136008,0.638136008,0.638136008,0.638136008,0.638136008,0.638136008,0.638136008,0.638136008,0.638136008,0.638136008,0.638136008,0.638136008,0.638136008,0.638136008,0.638136008,0.638136008,0.638136008,0.638136008,0.638136008,0.638136008,0.638136008,0.638136008,0.638136008,0.638136008,0.638136008,0.638136008,0.638136008,0.638136008,0.638136008,0.736310778,0.736310778,0.736310778,0.736310778,0.736310778,0.736310778,0.736310778,0.736310778,0.736310778,0.736310778,0.736310778,0.736310778,0.736310778,0.736310778,0.736310778,0.736310778,0.638136008,0.638136008,0.638136008,0.638136008,0.539961237,0.539961237,0.539961237,0.539961237,0.441786467,0.441786467,0.441786467,0.343611696,0.343611696,0.343611696,0.343611696,0.245436926,0.245436926,0.245436926,0.245436926,0.245436926,0.147262156,0.147262156,0.147262156,0.0490873852,0.0490873852,0.0490873852,0.147262156,0.147262156,0.245436926,0.343611696,0.441786467,0.441786467,0.539961237,0.638136008,0.638136008,0.638136008,0.736310778,0.736310778,0.834485549,0.834485549,0.834485549,0.834485549,0.834485549,0.834485549,0.834485549,0.834485549,0.834485549,0.736310778,0.736310778,0.736310778,0.736310778,0.638136008,0.638136008,0.638136008,0.638136008,0.638136008,0.638136008,0.638136008,0.638136008,0.539961237,0.539961237,0.539961237,0.539961237,0.539961237,0.539961237,0.539961237,0.539961237,0.539961237,0.539961237
42.437472820,C01,AP01,client_to_ap,VHT,2,2,2,80,SU,1,4,122,6637c97e16e6ce8a,0.736310778,0.638136008,0.638136008,0.638136008,0.638136008,0.638136008,0.638136008,0.638136008,0.638136008,0.638136008,0.638136008,0.638136008,0.638136008,0.638136008,0.638136008,0.638136008,0.638136008,0.638136008,0.638136008,0.638136008,0.638136008,0.638136008,0.638136008,0.638136008,0.638136008,0.638136008,0.638136008,0.638136008,0.638136008,0.638136008,0.638136008,0.638136008,0.638136008,0.638136008,0.736310778,0.736310778,0.736310778,0.736310778,0.736310778,0.736310778,0.736310778,0.736310778,0.736310778,0.736310778,0.736310778,0.736310778,0.736310778,0.736310778,0.736310778,0.736310778,0.736310778,0.736310778,0.736310778,0.638136008,0.638136008,0.638136008,0.638136008,0.539961237,0.539961237,0.539961237,0.539961237,0.441786467,0.441786467,0.441786467,0.343611696,0.343611696,0.343611696,0.343611696,0.245436926,0.245436926,0.245436926,0.245436926,0.245436926,0.147262156,0.147262156,0.147262156,0.0490873852,0.0490873852,0.0490873852,0.0490873852,0.147262156,0.245436926,0.343611696,0.441786467,0.539961237,0.539961237,0.638136008,0.638136008,0.736310778,0.736310778,0.736310778,0.834485549,0.834485549,0.834485549,0.834485549,0.834485549,0.834485549,0.834485549,0.834485549,0.834485549,0.736310778,0.736310778,0.736310778,0.736310778,0.736310778,0.638136008,0.638136008,0.638136008,0.638136008,0.638136008,0.638136008,0.638136008,0.539961237,0.539961237,0.539961237,0.539961237,0.539961237,0.539961237,0.539961237,0.539961237,0.539961237,0.539961237
43.769115925,C01,AP01,client_to_ap,VHT,2,2,2,80,SU,1,4,122,6637c97e16e6ce8a,0.638136008,0.638136008,0.638136008,0.638136008,0.638136008,0.638136008,0.638136008,0.638136008,0.638136008,0.638136008,0.638136008,0.638136008,0.638136008,0.638136008,0.638136008,0.638136008,0.638136008,0.638136008,0.638136008,0.638136008,0.638136008,0.638136008,0.638136008,0.638136008,0.638136008,0.638136008,0.638136008,0.638136008,0.638136008,0.638136008,0.638136008,0.638136008,0.638136008,0.638136008,0.638136008,0.736310778,0.736310778,0.736310778,0.736310778,0.736310778,0.736310778,0.736310778,0.736310778,0.736310778,0.736310778,0.736310778,0.736310778,0.736310778,0.736310778,0.736310778,0.736310778,0.736310778,0.736310778,0.638136008,0.638136008,0.638136008,0.638136008,0.638136008,0.539961237,0.539961237,0.539961237,0.441786467,0.441786467,0.441786467,0.343611696,0.343611696,0.343611696,0.343611696,0.245436926,0.245436926,0.245436926,0.245436926,0.245436926,0.147262156,0.147262156,0.147262156,0.0490873852,0.0490873852,0.0490873852,0.147262156,0.147262156,0.245436926,0.343611696,0.343611696,0.441786467,0.539961237,0.638136008,0.638136008,0.736310778,0.736310778,0.834485549,0.834485549,0.834485549,0.834485549,0.834485549,0.834485549,0.834485549,0.834485549,0.834485549,0.834485549,0.834485549,0.736310778,0.736310778,0.736310778,0.736310778,0.638136008,0.638136008,0.638136008,0.638136008,0.638136008,0.638136008,0.638136008,0.638136008,0.539961237,0.539961237,0.539961237,0.539961237,0.539961237,0.539961237,0.539961237,0.539961237,0.539961237
45.101219893,C01,AP01,client_to_ap,VHT,2,2,2,80,SU,1,4,122,6637c97e16e6ce8a,0.638136008,0.638136008,0.638136008,0.638136008,0.638136008,0.638136008,0.638136008,0.638136008,0.638136008,0.638136008,0.638136008,0.638136008,0.638136008,0.638136008,0.638136008,0.638136008,0.638136008,0.638136008,0.638136008,0.638136008,0.638136008,0.638136008,0.638136008,0.638136008,0.638136008,0.638136008,0.638136008,0.638136008,0.638136008,0.638136008,0.638136008,0.638136008,0.638136008,0.638136008,0.736310778,0.736310778,0.736310778,0.736310778,0.736310778,0.736310778,0.736310778,0.736310778,0.736310778,0.736310778,0.736310778,0.736310778,0.736310778,0.736310778,0.736310778,0.736310778,0.736310778,0.736310778,0.736310778,0.638136008,0.638136008,0.638136008,0.638136008,0.638136008,0.539961237,0.539961237,0.539961237,0.441786467,0.441786467,0.441786467,0.343611696,0.343611696,0.343611696,0.343611696,0.245436926,0.245436926,0.245436926,0.245436926,0.245436926,0.147262156,0.147262156,0.147262156,0.0490873852,0.0490873852,0.0490873852,0.0490873852,0.147262156,0.245436926,0.343611696,0.441786467,0.441786467,0.539961237,0.638136008,0.638136008,0.736310778,0.736310778,0.736310778,0.834485549,0.834485549,0.834485549,0.834485549,0.834485549,0.834485549,0.834485549,0.834485549,0.834485549,0.834485549,0.736310778,0.736310778,0.736310778,0.736310778,0.736310778,0.638136008,0.638136008,0.638136008,0.638136008,0.638136008,0.539961237,0.539961237,0.539961237,0.539961237,0.539961237,0.539961237,0.539961237,0.539961237,0.539961237,0.539961237,0.539961237
46.436723948,C01,AP01,client_to_ap,VHT,2,2,2,80,SU,1,4,122,6637c97e16e6ce8a,0.638136008,0.638136008,0.638136008,0.638136008,0.638136008,0.638136008,0.638136008,0.638136008,0.638136008,0.638136008,0.638136008,0.638136008,0.638136008,0.638136008,0.638136008,0.638136008,0.638136008,0.638136008,0.638136008,0.638136008,0.638136008,0.638136008,0.638136008,0.638136008,0.638136008,0.638136008,0.638136008,0.638136008,0.638136008,0.638136008,0.638136008,0.638136008,0.638136008,0.638136008,0.638136008,0.638136008,0.638136008,0.638136008,0.736310778,0.736310778,0.736310778,0.736310778,0.736310778,0.736310778,0.736310778,0.736310778,0.736310778,0.736310778,0.736310778,0.736310778,0.736310778,0.736310778,0.638136008,0.638136008,0.638136008,0.638136008,0.638136008,0.539961237,0.539961237,0.539961237,0.539961237,0.441786467,0.441786467,0.441786467,0.343611696,0.343611696,0.343611696,0.343611696,0.245436926,0.245436926,0.245436926,0.245436926,0.147262156,0.147262156,0.147262156,0.147262156,0.0490873852,0.0490873852,0.0490873852,0.0490873852,0.147262156,0.245436926,0.343611696,0.343611696,0.441786467,0.539961237,0.638136008,0.638136008,0.638136008,0.736310778,0.736310778,0.834485549,0.834485549,0.834485549,0.834485549,0.834485549,0.834485549,0.834485549,0.736310778,0.736310778,0.736310778,0.736310778,0.736310778,0.736310778,0.638136008,0.638136008,0.638136008,0.638136008,0.638136008,0.638136008,0.638136008,0.539961237,0.539961237,0.539961237,0.539961237,0.539961237,0.539961237,0.539961237,0.539961237,0.539961237,0.539961237,0.539961237
47.769930840,C01,AP01,client_to_ap,VHT,2,2,2,80,SU,1,4,122,6637c97e16e6ce8a,0.638136008,0.638136008,0.638136008,0.638136008,0.638136008,0.638136008,0.638136008,0.638136008,0.638136008,0.638136008,0.638136008,0.638136008,0.638136008,0.638136008,0.638136008,0.638136008,0.638136008,0.638136008,0.638136008,0.638136008,0.638136008,0.638136008,0.638136008,0.638136008,0.638136008,0.638136008,0.638136008,0.638136008,0.638136008,0.638136008,0.638136008,0.638136008,0.638136008,0.638136008,0.638136008,0.638136008,0.736310778,0.736310778,0.736310778,0.736310778,0.736310778,0.736310778,0.736310778,0.736310778,0.736310778,0.834485549,0.736310778,0.736310778,0.736310778,0.736310778,0.736310778,0.736310778,0.736310778,0.736310778,0.638136008,0.638136008,0.638136008,0.539961237,0.539961237,0.539961237,0.539961237,0.441786467,0.441786467,0.441786467,0.343611696,0.343611696,0.343611696,0.343611696,0.245436926,0.245436926,0.245436926,0.245436926,0.245436926,0.147262156,0.147262156,0.147262156,0.0490873852,0.0490873852,0.0490873852,0.147262156,0.147262156,0.245436926,0.343611696,0.441786467,0.539961237,0.539961237,0.638136008,0.638136008,0.736310778,0.736310778,0.834485549,0.834485549,0.834485549,0.834485549,0.834485549,0.834485549,0.834485549,0.834485549,0.834485549,0.834485549,0.834485549,0.736310778,0.736310778,0.736310778,0.736310778,0.736310778,0.638136008,0.638136008,0.638136008,0.638136008,0.638136008,0.638136008,0.539961237,0.539961237,0.539961237,0.539961237,0.539961237,0.539961237,0.539961237,0.539961237,0.539961237,0.539961237
49.100265026,C01,AP01,client_to_ap,VHT,2,2,2,80,SU,1,4,122,6637c97e16e6ce8a,0.638136008,0.638136008,0.638136008,0.638136008,0.638136008,0.638136008,0.638136008,0.638136008,0.638136008,0.638136008,0.638136008,0.638136008,0.638136008,0.638136008,0.638136008,0.638136008,0.638136008,0.638136008,0.638136008,0.638136008,0.638136008,0.638136008,0.638136008,0.638136008,0.638136008,0.638136008,0.638136008,0.638136008,0.638136008,0.638136008,0.638136008,0.638136008,0.638136008,0.736310778,0.638136008,0.736310778,0.736310778,0.736310778,0.736310778,0.736310778,0.736310778,0.736310778,0.736310778,0.736310778,0.736310778,0.834485549,0.736310778,0.736310778,0.736310778,0.736310778,0.736310778,0.736310778,0.736310778,0.736310778,0.638136008,0.638136008,0.638136008,0.638136008,0.539961237,0.539961237,0.539961237,0.441786467,0.441786467,0.441786467,0.343611696,0.343611696,0.343611696,0.343611696,0.245436926,0.245436926,0.245436926,0.245436926,0.245436926,0.147262156,0.147262156,0.147262156,0.0490873852,0.0490873852,0.0490873852,0.147262156,0.147262156,0.245436926,0.343611696,0.441786467,0.441786467,0.539961237,0.638136008,0.736310778,0.736310778,0.736310778,0.834485549,0.834485549,0.834485549,0.834485549,0.834485549,0.834485549,0.834485549,0.834485549,0.834485549,0.834485549,0.736310778,0.736310778,0.736310778,0.736310778,0.736310778,0.638136008,0.638136008,0.638136008,0.638136008,0.638136008,0.638136008,0.638136008,0.539961237,0.539961237,0.539961237,0.539961237,0.539961237,0.539961237,0.539961237,0.539961237,0.539961237,0.539961237
50.428148031,C01,AP01,client_to_ap,VHT,2,2,2,80,SU,1,4,122,6637c97e16e6ce8a,0.638136008,0.638136008,0.638136008,0.638136008,0.638136008,0.638136008,0.638136008,0.638136008,0.638136008,0.638136008,0.638136008,0.638136008,0.638136008,0.638136008,0.638136008,0.638136008,0.638136008,0.638136008,0.638136008,0.638136008,0.638136008,0.638136008,0.638136008,0.638136008,0.638136008,0.638136008,0.638136008,0.638136008,0.638136008,0.638136008,0.638136008,0.638136008,0.638136008,0.638136008,0.638136008,0.736310778,0.638136008,0.736310778,0.736310778,0.736310778,0.736310778,0.736310778,0.736310778,0.736310778,0.736310778,0.736310778,0.736310778,0.736310778,0.736310778,0.736310778,0.736310778,0.736310778,0.736310778,0.638136008,0.638136008,0.638136008,0.638136008,0.539961237,0.539961237,0.539961237,0.539961237,0.441786467,0.441786467,0.441786467,0.343611696,0.343611696,0.343611696,0.343611696,0.245436926,0.245436926,0.245436926,0.245436926,0.147262156,0.147262156,0.147262156,0.147262156,0.0490873852,0.0490873852,0.0490873852,0.147262156,0.147262156,0.245436926,0.343611696,0.441786467,0.441786467,0.539961237,0.638136008,0.638136008,0.736310778,0.736310778,0.736310778,0.834485549,0.834485549,0.834485549,0.834485549,0.834485549,0.834485549,0.834485549,0.834485549,0.834485549,0.834485549,0.736310778,0.736310778,0.736310778,0.736310778,0.736310778,0.638136008,0.638136008,0.638136008,0.638136008,0.638136008,0.638136008,0.539961237,0.539961237,0.539961237,0.539961237,0.539961237,0.539961237,0.539961237,0.539961237,0.539961237,0.539961237
51.758185863,C01,AP01,client_to_ap,VHT,2,2,2,80,SU,1,4,122,6637c97e16e6ce8a,0.638136008,0.638136008,0.638136008,0.638136008,0.638136008,0.638136008,0.638136008,0.638136008,0.638136008,0.638136008,0.638136008,0.638136008,0.638136008,0.638136008,0.638136008,0.638136008,0.638136008,0.638136008,0.638136008,0.638136008,0.638136008,0.638136008,0.638136008,0.638136008,0.638136008,0.638136008,0.638136008,0.638136008,0.638136008,0.638136008,0.638136008,0.736310778,0.638136008,0.638136008,0.736310778,0.736310778,0.736310778,0.736310778,0.736310778,0.736310778,0.736310778,0.736310778,0.736310778,0.736310778,0.736310778,0.736310778,0.736310778,0.736310778,0.736310778,0.736310778,0.736310778,0.736310778,0.736310778,0.736310778,0.638136008,0.638136008,0.638136008,0.638136008,0.539961237,0.539961237,0.539961237,0.441786467,0.441786467,0.441786467,0.343611696,0.343611696,0.343611696,0.343611696,0.245436926,0.245436926,0.245436926,0.245436926,0.245436926,0.147262156,0.147262156,0.147262156,0.0490873852,0.0490873852,0.0490873852,0.147262156,0.147262156,0.245436926,0.343611696,0.343611696,0.441786467,0.539961237,0.638136008,0.638136008,0.736310778,0.736310778,0.834485549,0.834485549,0.834485549,0.834485549,0.834485549,0.834485549,0.834485549,0.834485549,0.834485549,0.834485549,0.834485549,0.736310778,0.736310778,0.736310778,0.736310778,0.638136008,0.638136008,0.638136008,0.638136008,0.638136008,0.638136008,0.638136008,0.539961237,0.539961237,0.539961237,0.539961237,0.539961237,0.539961237,0.539961237,0.539961237,0.539961237,0.539961237
53.091178894,C01,AP01,client_to_ap,VHT,2,2,2,80,SU,1,4,122,6637c97e16e6ce8a,0.638136008,0.638136008,0.638136008,0.638136008,0.638136008,0.638136008,0.638136008,0.638136008,0.638136008,0.638136008,0.638136008,0.638136008,0.638136008,0.638136008,0.638136008,0.638136008,0.638136008,0.638136008,0.638136008,0.638136008,0.638136008,0.638136008,0.638136008,0.638136008,0.638136008,0.638136008,0.638136008,0.638136008,0.638136008,0.638136008,0.638136008,0.638136008,0.638136008,0.638136008,0.638136008,0.638136008,0.638136008,0.638136008,0.638136008,0.736310778,0.736310778,0.736310778,0.736310778,0.736310778,0.736310778,0.736310778,0.736310778,0.736310778,0.736310778,0.736310778,0.638136008,0.638136008,0.638136008,0.638136008,0.638136008,0.638136008,0.539961237,0.539961237,0.539961237,0.539961237,0.441786467,0.441786467,0.441786467,0.343611696,0.343611696,0.343611696,0.343611696,0.245436926,0.245436926,0.245436926,0.245436926,0.245436926,0.147262156,0.147262156,0.147262156,0.0490873852,0.0490873852,0.0490873852,0.0490873852,0.147262156,0.245436926,0.245436926,0.343611696,0.441786467,0.441786467,0.539961237,0.638136008,0.638136008,0.638136008,0.736310778,0.736310778,0.736310778,0.834485549,0.834485549,0.834485549,0.834485549,0.834485549,0.736310778,0.736310778,0.736310778,0.736310778,0.736310778,0.736310778,0.736310778,0.638136008,0.638136008,0.638136008,0.638136008,0.638136008,0.638136008,0.539961237,0.539961237,0.539961237,0.539961237,0.539961237,0.539961237,0.539961237,0.539961237,0.539961237,0.539961237,0.539961237,0.539961237
54.427083015,C01,AP01,client_to_ap,VHT,2,2,2,80,SU,1,4,122,6637c97e16e6ce8a,0.736310778,0.638136008,0.638136008,0.736310778,0.638136008,0.638136008,0.638136008,0.638136008,0.638136008,0.638136008,0.638136008,0.638136008,0.638136008,0.638136008,0.638136008,0.638136008,0.638136008,0.638136008,0.638136008,0.638136008,0.638136008,0.638136008,0.638136008,0.638136008,0.638136008,0.638136008,0.638136008,0.638136008,0.638136008,0.638136008,0.638136008,0.736310778,0.736310778,0.736310778,0.736310778,0.736310778,0.736310778,0.736310778,0.736310778,0.736310778,0.736310778,0.736310778,0.736310778,0.736310778,0.834485549,0.834485549,0.834485549,0.834485549,0.736310778,0.736310778,0.736310778,0.736310778,0.736310778,0.638136008,0.638136008,0.638136008,0.638136008,0.638136008,0.539961237,0.539961237,0.539961237,0.441786467,0.441786467,0.441786467,0.343611696,0.343611696,0.343611696,0.343611696,0.245436926,0.245436926,0.245436926,0.245436926,0.245436926,0.147262156,0.147262156,0.147262156,0.0490873852,0.0490873852,0.0490873852,0.0490873852,0.147262156,0.245436926,0.343611696,0.441786467,0.539961237,0.638136008,0.638136008,0.736310778,0.736310778,0.736310778,0.834485549,0.834485549,0.834485549,0.834485549,0.834485549,0.834485549,0.834485549,0.834485549,0.834485549,0.834485549,0.834485549,0.834485549,0.736310778,0.736310778,0.736310778,0.736310778,0.638136008,0.638136008,0.638136008,0.638136008,0.638136008,0.638136008,0.638136008,0.539961237,0.539961237,0.539961237,0.539961237,0.539961237,0.539961237,0.539961237,0.539961237,0.539961237
55.759361029,C01,AP01,client_to_ap,VHT,2,2,2,80,SU,1,4,122,6637c97e16e6ce8a,0.638136008,0.638136008,0.638136008,0.638136008,0.638136008,0.638136008,0.638136008,0.638136008,0.638136008,0.638136008,0.638136008,0.638136008,0.638136008,0.638136008,0.638136008,0.638136008,0.638136008,0.638136008,0.638136008,0.638136008,0.638136008,0.638136008,0.638136008,0.638136008,0.638136008,0.638136008,0.638136008,0.638136008,0.638136008,0.638136008,0.638136008,0.638136008,0.638136008,0.638136008,0.638136008,0.736310778,0.736310778,0.736310778,0.736310778,0.736310778,0.736310778,0.736310778,0.736310778,0.736310778,0.736310778,0.736310778,0.736310778,0.736310778,0.736310778,0.736310778,0.736310778,0.736310778,0.736310778,0.736310778,0.638136008,0.638136008,0.638136008,0.539961237,0.539961237,0.539961237,0.539961237,0.441786467,0.441786467,0.441786467,0.343611696,0.343611696,0.343611696,0.343611696,0.245436926,0.245436926,0.245436926,0.245436926,0.245436926,0.147262156,0.147262156,0.147262156,0.0490873852,0.0490873852,0.0490873852,0.0490873852,0.147262156,0.245436926,0.343611696,0.343611696,0.441786467,0.539961237,0.638136008,0.638136008,0.736310778,0.736310778,0.834485549,0.834485549,0.834485549,0.834485549,0.834485549,0.834485549,0.834485549,0.834485549,0.834485549,0.834485549,0.834485549,0.736310778,0.736310778,0.736310778,0.736310778,0.736310778,0.638136008,0.638136008,0.638136008,0.638136008,0.638136008,0.638136008,0.638136008,0.539961237,0.539961237,0.539961237,0.539961237,0.539961237,0.539961237,0.539961237,0.539961237,0.539961237
57.090968847,C01,AP01,client_to_ap,VHT,2,2,2,80,SU,1,4,122,6637c97e16e6ce8a,0.736310778,0.736310778,0.736310778,0.638136008,0.638136008,0.638136008,0.638136008,0.638136008,0.638136008,0.638136008,0.638136008,0.638136008,0.638136008,0.638136008,0.638136008,0.638136008,0.638136008,0.638136008,0.638136008,0.638136008,0.638136008,0.638136008,0.638136008,0.638136008,0.638136008,0.638136008,0.638136008,0.638136008,0.638136008,0.736310778,0.736310778,0.736310778,0.736310778,0.736310778,0.736310778,0.736310778,0.736310778,0.736310778,0.736310778,0.736310778,0.736310778,0.736310778,0.736310778,0.834485549,0.834485549,0.834485549,0.834485549,0.736310778,0.736310778,0.736310778,0.736310778,0.736310778,0.736310778,0.736310778,0.638136008,0.638136008,0.638136008,0.638136008,0.539961237,0.539961237,0.539961237,0.441786467,0.441786467,0.441786467,0.343611696,0.343611696,0.343611696,0.343611696,0.343611696,0.343611696,0.245436926,0.245436926,0.245436926,0.245436926,0.147262156,0.147262156,0.147262156,0.0490873852,0.0490873852,0.0490873852,0.147262156,0.245436926,0.343611696,0.441786467,0.539961237,0.539961237,0.638136008,0.736310778,0.736310778,0.834485549,0.834485549,0.834485549,0.834485549,0.834485549,0.834485549,0.834485549,0.834485549,0.834485549,0.834485549,0.834485549,0.834485549,0.834485549,0.736310778,0.736310778,0.736310778,0.736310778,0.638136008,0.638136008,0.638136008,0.638136008,0.638136008,0.638136008,0.638136008,0.539961237,0.539961237,0.539961237,0.539961237,0.539961237,0.539961237,0.539961237,0.539961237,0.539961237
58.427299976,C01,AP01,client_to_ap,VHT,2,2,2,80,SU,1,4,122,6637c97e16e6ce8a,0.638136008,0.638136008,0.638136008,0.638136008,0.638136008,0.638136008,0.638136008,0.638136008,0.638136008,0.638136008,0.638136008,0.638136008,0.638136008,0.638136008,0.638136008,0.638136008,0.638136008,0.638136008,0.638136008,0.638136008,0.638136008,0.638136008,0.638136008,0.638136008,0.638136008,0.638136008,0.638136008,0.638136008,0.638136008,0.638136008,0.638136008,0.736310778,0.638136008,0.638136008,0.736310778,0.736310778,0.736310778,0.736310778,0.736310778,0.736310778,0.736310778,0.736310778,0.736310778,0.736310778,0.834485549,0.736310778,0.834485549,0.736310778,0.736310778,0.736310778,0.736310778,0.736310778,0.736310778,0.638136008,0.638136008,0.638136008,0.638136008,0.539961237,0.539961237,0.539961237,0.539961237,0.441786467,0.441786467,0.441786467,0.343611696,0.343611696,0.343611696,0.343611696,0.343611696,0.245436926,0.245436926,0.245436926,0.245436926,0.147262156,0.147262156,0.147262156,0.0490873852,0.0490873852,0.0490873852,0.147262156,0.147262156,0.245436926,0.343611696,0.441786467,0.441786467,0.539961237,0.638136008,0.638136008,0.736310778,0.736310778,0.834485549,0.834485549,0.834485549,0.834485549,0.834485549,0.834485549,0.834485549,0.834485549,0.834485549,0.834485549,0.834485549,0.736310778,0.736310778,0.736310778,0.736310778,0.638136008,0.638136008,0.638136008,0.638136008,0.638136008,0.638136008,0.638136008,0.539961237,0.539961237,0.539961237,0.539961237,0.539961237,0.539961237,0.539961237,0.539961237,0.539961237,0.539961237
59.758636951,C01,AP01,client_to_ap,VHT,2,2,2,80,SU,1,4,122,6637c97e16e6ce8a,0.736310778,0.638136008,0.638136008,0.638136008,0.638136008,0.638136008,0.638136008,0.638136008,0.638136008,0.638136008,0.638136008,0.638136008,0.638136008,0.638136008,0.638136008,0.638136008,0.638136008,0.638136008,0.638136008,0.638136008,0.638136008,0.638136008,0.638136008,0.638136008,0.638136008,0.638136008,0.638136008,0.638136008,0.638136008,0.638136008,0.638136008,0.736310778,0.638136008,0.638136008,0.638136008,0.736310778,0.736310778,0.736310778,0.736310778,0.736310778,0.736310778,0.736310778,0.736310778,0.736310778,0.736310778,0.834485549,0.736310778,0.736310778,0.736310778,0.736310778,0.736310778,0.736310778,0.736310778,0.638136008,0.638136008,0.638136008,0.638136008,0.539961237,0.539961237,0.539961237,0.539961237,0.441786467,0.441786467,0.441786467,0.343611696,0.343611696,0.343611696,0.343611696,0.245436926,0.245436926,0.245436926,0.245436926,0.245436926,0.147262156,0.147262156,0.147262156,0.0490873852,0.0490873852,0.0490873852,0.147262156,0.147262156,0.245436926,0.343611696,0.441786467,0.441786467,0.539961237,0.638136008,0.736310778,0.736310778,0.736310778,0.834485549,0.834485549,0.834485549,0.834485549,0.834485549,0.834485549,0.834485549,0.834485549,0.834485549,0.834485549,0.834485549,0.736310778,0.736310778,0.736310778,0.736310778,0.638136008,0.638136008,0.638136008,0.638136008,0.638136008,0.638136008,0.638136008,0.539961237,0.539961237,0.539961237,0.539961237,0.539961237,0.539961237,0.539961237,0.539961237,0.539961237,0.539961237
61.090739012,C01,AP01,client_to_ap,VHT,2,2,2,80,SU,1,4,122,6637c97e16e6ce8a,0.736310778,0.736310778,0.638136008,0.638136008,0.638136008,0.638136008,0.638136008,0.638136008,0.638136008,0.638136008,0.638136008,0.638136008,0.638136008,0.638136008,0.638136008,0.638136008,0.638136008,0.638136008,0.638136008,0.638136008,0.638136008,0.638136008,0.638136008,0.638136008,0.638136008,0.638136008,0.638136008,0.638136008,0.638136008,0.638136008,0.638136008,0.638136008,0.736310778,0.736310778,0.736310778,0.736310778,0.736310778,0.736310778,0.736310778,0.736310778,0.736310778,0.736310778,0.736310778,0.736310778,0.736310778,0.834485549,0.736310778,0.736310778,0.736310778,0.736310778,0.736310778,0.736310778,0.736310778,0.638136008,0.638136008,0.638136008,0.638136008,0.638136008,0.539961237,0.539961237,0.539961237,0.441786467,0.441786467,0.441786467,0.343611696,0.343611696,0.343611696,0.343611696,0.343611696,0.245436926,0.245436926,0.245436926,0.245436926,0.147262156,0.147262156,0.147262156,0.0490873852,0.0490873852,0.0490873852,0.0490873852,0.147262156,0.245436926,0.343611696,0.441786467,0.539961237,0.539961237,0.638136008,0.736310778,0.736310778,0.736310778,0.834485549,0.834485549,0.834485549,0.834485549,0.834485549,0.834485549,0.834485549,0.834485549,0.834485549,0.834485549,0.834485549,0.834485549,0.736310778,0.736310778,0.736310778,0.736310778,0.638136008,0.638136008,0.638136008,0.638136008,0.638136008,0.638136008,0.539961237,0.539961237,0.539961237,0.539961237,0.539961237,0.539961237,0.539961237,0.539961237,0.539961237,0.539961237
62.427047968,C01,AP01,client_to_ap,VHT,2,2,2,80,SU,1,4,122,6637c97e16e6ce8a,0.638136008,0.638136008,0.638136008,0.638136008,0.638136008,0.638136008,0.638136008,0.638136008,0.638136008,0.638136008,0.638136008,0.638136008,0.638136008,0.638136008,0.638136008,0.638136008,0.638136008,0.638136008,0.638136008,0.638136008,0.638136008,0.638136008,0.638136008,0.638136008,0.638136008,0.638136008,0.638136008,0.638136008,0.638136008,0.638136008,0.638136008,0.638136008,0.638136008,0.638136008,0.736310778,0.736310778,0.736310778,0.736310778,0.736310778,0.736310778,0.736310778,0.736310778,0.736310778,0.736310778,0.834485549,0.834485549,0.736310778,0.736310778,0.736310778,0.736310778,0.736310778,0.736310778,0.736310778,0.638136008,0.638136008,0.638136008,0.638136008,0.539961237,0.539961237,0.539961237,0.539961237,0.441786467,0.441786467,0.441786467,0.343611696,0.343611696,0.343611696,0.343611696,0.245436926,0.245436926,0.245436926,0.245436926,0.245436926,0.147262156,0.147262156,0.147262156,0.0490873852,0.0490873852,0.0490873852,0.147262156,0.147262156,0.245436926,0.343611696,0.441786467,0.441786467,0.539961237,0.638136008,0.736310778,0.736310778,0.736310778,0.736310778,0.834485549,0.834485549,0.834485549,0.834485549,0.834485549,0.834485549,0.834485549,0.834485549,0.834485549,0.736310778,0.736310778,0.736310778,0.736310778,0.736310778,0.638136008,0.638136008,0.638136008,0.638136008,0.638136008,0.638136008,0.638136008,0.539961237,0.539961237,0.539961237,0.539961237,0.539961237,0.539961237,0.539961237,0.539961237,0.539961237,0.539961237
63.759428024,C01,AP01,client_to_ap,VHT,2,2,2,80,SU,1,4,122,6637c97e16e6ce8a,0.638136008,0.736310778,0.638136008,0.638136008,0.638136008,0.638136008,0.638136008,0.638136008,0.638136008,0.638136008,0.638136008,0.638136008,0.638136008,0.638136008,0.638136008,0.638136008,0.638136008,0.638136008,0.638136008,0.638136008,0.638136008,0.638136008,0.638136008,0.638136008,0.638136008,0.638136008,0.638136008,0.638136008,0.638136008,0.638136008,0.638136008,0.638136008,0.736310778,0.736310778,0.736310778,0.736310778,0.736310778,0.736310778,0.736310778,0.736310778,0.736310778,0.736310778,0.736310778,0.834485549,0.736310778,0.834485549,0.834485549,0.736310778,0.736310778,0.736310778,0.736310778,0.736310778,0.736310778,0.736310778,0.638136008,0.638136008,0.638136008,0.638136008,0.539961237,0.539961237,0.539961237,0.441786467,0.441786467,0.441786467,0.343611696,0.343611696,0.343611696,0.343611696,0.343611696,0.245436926,0.245436926,0.245436926,0.245436926,0.147262156,0.147262156,0.0490873852,0.0490873852,0.0490873852,0.0490873852,0.147262156,0.147262156,0.245436926,0.343611696,0.441786467,0.539961237,0.539961237,0.638136008,0.736310778,0.736310778,0.736310778,0.834485549,0.834485549,0.834485549,0.834485549,0.834485549,0.834485549,0.834485549,0.834485549,0.834485549,0.834485549,0.834485549,0.834485549,0.736310778,0.736310778,0.736310778,0.638136008,0.638136008,0.638136008,0.638136008,0.638136008,0.638136008,0.638136008,0.539961237,0.539961237,0.539961237,0.539961237,0.539961237,0.539961237,0.539961237,0.539961237,0.539961237,0.539961237
65.090549946,C01,AP01,client_to_ap,VHT,2,2,2,80,SU,1,4,122,6637c97e16e6ce8a,0.638136008,0.638136008,0.638136008,0.638136008,0.638136008,0.638136008,0.638136008,0.638136008,0.638136008,0.638136008,0.638136008,0.638136008,0.638136008,0.638136008,0.638136008,0.638136008,0.638136008,0.638136008,0.638136008,0.638136008,0.638136008,0.638136008,0.638136008,0.638136008,0.638136008,0.638136008,0.638136008,0.638136008,0.638136008,0.638136008,0.638136008,0.638136008,0.638136008,0.638136008,0.638136008,0.736310778,0.736310778,0.736310778,0.736310778,0.736310778,0.736310778,0.736310778,0.736310778,0.736310778,0.736310778,0.736310778,0.736310778,0.736310778,0.736310778,0.736310778,0.736310778,0.736310778,0.638136008,0.638136008,0.638136008,0.638136008,0.638136008,0.638136008,0.539961237,0.539961237,0.539961237,0.441786467,0.441786467,0.441786467,0.343611696,0.343611696,0.343611696,0.343611696,0.245436926,0.245436926,0.245436926,0.245436926,0.245436926,0.147262156,0.147262156,0.147262156,0.0490873852,0.0490873852,0.0490873852,0.147262156,0.147262156,0.245436926,0.343611696,0.343611696,0.441786467,0.539961237,0.539961237,0.638136008,0.736310778,0.736310778,0.736310778,0.834485549,0.834485549,0.834485549,0.834485549,0.834485549,0.834485549,0.834485549,0.834485549,0.834485549,0.736310778,0.736310778,0.736310778,0.736310778,0.736310778,0.638136008,0.638136008,0.638136008,0.638136008,0.638136008,0.638136008,0.638136008,0.539961237,0.539961237,0.539961237,0.539961237,0.539961237,0.539961237,0.539961237,0.539961237,0.539961237,0.539961237
66.427052021,C01,AP01,client_to_ap,VHT,2,2,2,80,SU,1,4,122,6637c97e16e6ce8a,0.638136008,0.638136008,0.638136008,0.638136008,0.638136008,0.638136008,0.638136008,0.638136008,0.638136008,0.638136008,0.638136008,0.638136008,0.638136008,0.638136008,0.638136008,0.638136008,0.638136008,0.638136008,0.638136008,0.638136008,0.638136008,0.638136008,0.638136008,0.638136008,0.638136008,0.638136008,0.638136008,0.638136008,0.638136008,0.736310778,0.638136008,0.736310778,0.736310778,0.736310778,0.736310778,0.736310778,0.736310778,0.736310778,0.736310778,0.736310778,0.736310778,0.736310778,0.736310778,0.736310778,0.834485549,0.834485549,0.834485549,0.736310778,0.736310778,0.736310778,0.736310778,0.736310778,0.736310778,0.736310778,0.638136008,0.638136008,0.638136008,0.638136008,0.539961237,0.539961237,0.539961237,0.441786467,0.441786467,0.441786467,0.343611696,0.343611696,0.343611696,0.343611696,0.343611696,0.245436926,0.245436926,0.245436926,0.245436926,0.147262156,0.147262156,0.147262156,0.0490873852,0.0490873852,0.0490873852,0.147262156,0.147262156,0.245436926,0.343611696,0.441786467,0.539961237,0.539961237,0.638136008,0.736310778,0.736310778,0.736310778,0.834485549,0.834485549,0.834485549,0.834485549,0.834485549,0.834485549,0.834485549,0.834485549,0.834485549,0.834485549,0.834485549,0.834485549,0.736310778,0.736310778,0.736310778,0.736310778,0.638136008,0.638136008,0.638136008,0.638136008,0.638136008,0.638136008,0.638136008,0.539961237,0.539961237,0.539961237,0.539961237,0.539961237,0.539961237,0.539961237,0.539961237,0.539961237
67.759728909,C01,AP01,client_to_ap,VHT,2,2,2,80,SU,1,4,122,6637c97e16e6ce8a,0.638136008,0.638136008,0.638136008,0.638136008,0.638136008,0.638136008,0.638136008,0.638136008,0.638136008,0.638136008,0.638136008,0.638136008,0.638136008,0.638136008,0.638136008,0.638136008,0.638136008,0.638136008,0.638136008,0.638136008,0.638136008,0.638136008,0.638136008,0.638136008,0.638136008,0.638136008,0.638136008,0.638136008,0.638136008,0.638136008,0.638136008,0.638136008,0.638136008,0.638136008,0.638136008,0.638136008,0.736310778,0.736310778,0.736310778,0.736310778,0.736310778,0.736310778,0.736310778,0.736310778,0.736310778,0.736310778,0.736310778,0.736310778,0.736310778,0.736310778,0.736310778,0.736310778,0.638136008,0.638136008,0.638136008,0.638136008,0.638136008,0.539961237,0.539961237,0.539961237,0.539961237,0.441786467,0.441786467,0.441786467,0.343611696,0.343611696,0.343611696,0.343611696,0.245436926,0.245436926,0.245436926,0.245436926,0.147262156,0.147262156,0.147262156,0.0490873852,0.0490873852,0.0490873852,0.0490873852,0.147262156,0.147262156,0.245436926,0.343611696,0.343611696,0.441786467,0.539961237,0.638136008,0.638136008,0.638136008,0.736310778,0.736310778,0.834485549,0.834485549,0.834485549,0.834485549,0.834485549,0.834485549,0.834485549,0.834485549,0.834485549,0.736310778,0.736310778,0.736310778,0.736310778,0.638136008,0.638136008,0.638136008,0.638136008,0.638136008,0.638136008,0.638136008,0.638136008,0.539961237,0.539961237,0.539961237,0.539961237,0.539961237,0.539961237,0.539961237,0.539961237,0.539961237,0.539961237
69.094959974,C01,AP01,client_to_ap,VHT,2,2,2,80,SU,1,4,122,6637c97e16e6ce8a,0.638136008,0.638136008,0.638136008,0.638136008,0.638136008,0.638136008,0.638136008,0.638136008,0.638136008,0.638136008,0.638136008,0.638136008,0.638136008,0.638136008,0.638136008,0.638136008,0.638136008,0.638136008,0.638136008,0.638136008,0.638136008,0.638136008,0.638136008,0.638136008,0.638136008,0.638136008,0.638136008,0.638136008,0.638136008,0.638136008,0.638136008,0.638136008,0.638136008,0.638136008,0.638136008,0.638136008,0.638136008,0.736310778,0.736310778,0.736310778,0.736310778,0.736310778,0.736310778,0.736310778,0.736310778,0.736310778,0.736310778,0.736310778,0.736310778,0.736310778,0.736310778,0.736310778,0.638136008,0.638136008,0.638136008,0.638136008,0.638136008,0.539961237,0.539961237,0.539961237,0.539961237,0.441786467,0.441786467,0.441786467,0.343611696,0.343611696,0.343611696,0.343611696,0.245436926,0.245436926,0.245436926,0.245436926,0.147262156,0.147262156,0.147262156,0.147262156,0.0490873852,0.0490873852,0.0490873852,0.147262156,0.147262156,0.245436926,0.343611696,0.343611696,0.441786467,0.539961237,0.638136008,0.638136008,0.638136008,0.736310778,0.736310778,0.834485549,0.834485549,0.834485549,0.834485549,0.834485549,0.834485549,0.834485549,0.834485549,0.834485549,0.736310778,0.736310778,0.736310778,0.736310778,0.638136008,0.638136008,0.638136008,0.638136008,0.638136008,0.638136008,0.638136008,0.539961237,0.539961237,0.539961237,0.539961237,0.539961237,0.539961237,0.539961237,0.539961237,0.539961237,0.539961237,0.539961237
70.426604986,C01,AP01,client_to_ap,VHT,2,2,2,80,SU,1,4,122,6637c97e16e6ce8a,0.638136008,0.638136008,0.638136008,0.638136008,0.638136008,0.638136008,0.638136008,0.638136008,0.638136008,0.638136008,0.638136008,0.638136008,0.638136008,0.638136008,0.638136008,0.638136008,0.638136008,0.638136008,0.638136008,0.638136008,0.638136008,0.638136008,0.638136008,0.638136008,0.638136008,0.638136008,0.638136008,0.638136008,0.638136008,0.638136008,0.638136008,0.736310778,0.638136008,0.638136008,0.638136008,0.736310778,0.638136008,0.736310778,0.736310778,0.736310778,0.736310778,0.736310778,0.736310778,0.736310778,0.736310778,0.736310778,0.736310778,0.736310778,0.736310778,0.736310778,0.736310778,0.736310778,0.736310778,0.638136008,0.638136008,0.638136008,0.638136008,0.539961237,0.539961237,0.539961237,0.539961237,0.441786467,0.441786467,0.441786467,0.343611696,0.343611696,0.343611696,0.343611696,0.245436926,0.245436926,0.245436926,0.245436926,0.147262156,0.147262156,0.147262156,0.0490873852,0.0490873852,0.0490873852,0.0490873852,0.147262156,0.147262156,0.245436926,0.343611696,0.441786467,0.539961237,0.539961237,0.638136008,0.638136008,0.736310778,0.736310778,0.736310778,0.834485549,0.834485549,0.834485549,0.834485549,0.834485549,0.834485549,0.834485549,0.834485549,0.834485549,0.834485549,0.736310778,0.736310778,0.736310778,0.736310778,0.638136008,0.638136008,0.638136008,0.638136008,0.638136008,0.638136008,0.638136008,0.539961237,0.539961237,0.539961237,0.539961237,0.539961237,0.539961237,0.539961237,0.539961237,0.539961237,0.539961237
71.753468037,C01,AP01,client_to_ap,VHT,2,2,2,80,SU,1,4,122,6637c97e16e6ce8a,0.638136008,0.736310778,0.736310778,0.638136008,0.638136008,0.638136008,0.638136008,0.638136008,0.638136008,0.638136008,0.638136008,0.638136008,0.638136008,0.638136008,0.638136008,0.638136008,0.638136008,0.638136008,0.638136008,0.638136008,0.638136008,0.638136008,0.638136008,0.638136008,0.638136008,0.638136008,0.638136008,0.638136008,0.638136008,0.638136008,0.638136008,0.638136008,0.638136008,0.736310778,0.736310778,0.736310778,0.736310778,0.736310778,0.736310778,0.736310778,0.736310778,0.736310778,0.736310778,0.736310778,0.736310778,0.736310778,0.736310778,0.736310778,0.736310778,0.736310778,0.736310778,0.736310778,0.736310778,0.638136008,0.638136008,0.638136008,0.638136008,0.638136008,0.539961237,0.539961237,0.539961237,0.441786467,0.441786467,0.441786467,0.343611696,0.343611696,0.343611696,0.343611696,0.343611696,0.245436926,0.245436926,0.245436926,0.245436926,0.147262156,0.147262156,0.147262156,0.0490873852,0.0490873852,0.0490873852,0.147262156,0.147262156,0.245436926,0.343611696,0.441786467,0.539961237,0.539961237,0.638136008,0.638136008,0.736310778,0.736310778,0.834485549,0.834485549,0.834485549,0.834485549,0.834485549,0.834485549,0.834485549,0.834485549,0.834485549,0.834485549,0.834485549,0.736310778,0.736310778,0.736310778,0.736310778,0.736310778,0.638136008,0.638136008,0.638136008,0.638136008,0.638136008,0.638136008,0.539961237,0.539961237,0.539961237,0.539961237,0.539961237,0.539961237,0.539961237,0.539961237,0.539961237,0.539961237
73.080991030,C01,AP01,client_to_ap,VHT,2,2,2,80,SU,1,4,122,6637c97e16e6ce8a,0.736310778,0.736310778,0.736310778,0.638136008,0.638136008,0.638136008,0.638136008,0.638136008,0.638136008,0.638136008,0.638136008,0.638136008,0.638136008,0.638136008,0.638136008,0.638136008,0.638136008,0.638136008,0.638136008,0.638136008,0.638136008,0.638136008,0.638136008,0.638136008,0.638136008,0.638136008,0.638136008,0.638136008,0.638136008,0.736310778,0.736310778,0.736310778,0.736310778,0.736310778,0.736310778,0.736310778,0.736310778,0.736310778,0.736310778,0.736310778,0.736310778,0.736310778,0.736310778,0.736310778,0.834485549,0.834485549,0.834485549,0.736310778,0.736310778,0.736310778,0.736310778,0.736310778,0.736310778,0.736310778,0.638136008,0.638136008,0.638136008,0.638136008,0.539961237,0.539961237,0.539961237,0.441786467,0.441786467,0.441786467,0.441786467,0.343611696,0.343611696,0.343611696,0.343611696,0.245436926,0.245436926,0.245436926,0.245436926,0.147262156,0.147262156,0.147262156,0.0490873852,0.0490873852,0.0490873852,0.0490873852,0.147262156,0.245436926,0.343611696,0.441786467,0.539961237,0.638136008,0.638136008,0.736310778,0.736310778,0.736310778,0.834485549,0.834485549,0.834485549,0.834485549,0.834485549,0.834485549,0.834485549,0.834485549,0.834485549,0.834485549,0.834485549,0.736310778,0.736310778,0.736310778,0.736310778,0.736310778,0.638136008,0.638136008,0.638136008,0.638136008,0.638136008,0.638136008,0.539961237,0.539961237,0.539961237,0.539961237,0.539961237,0.539961237,0.539961237,0.539961237,0.539961237,0.539961237
74.417073011,C01,AP01,client_to_ap,VHT,2,2,2,80,SU,1,4,122,6637c97e16e6ce8a,0.638136008,0.638136008,0.638136008,0.638136008,0.638136008,0.638136008,0.638136008,0.638136008,0.638136008,0.638136008,0.638136008,0.638136008,0.638136008,0.638136008,0.638136008,0.638136008,0.638136008,0.638136008,0.638136008,0.638136008,0.638136008,0.638136008,0.638136008,0.638136008,0.638136008,0.638136008,0.638136008,0.638136008,0.638136008,0.638136008,0.638136008,0.638136008,0.638136008,0.638136008,0.736310778,0.736310778,0.736310778,0.736310778,0.736310778,0.736310778,0.736310778,0.736310778,0.736310778,0.736310778,0.736310778,0.736310778,0.736310778,0.736310778,0.736310778,0.736310778,0.736310778,0.736310778,0.736310778,0.638136008,0.638136008,0.638136008,0.638136008,0.638136008,0.539961237,0.539961237,0.539961237,0.441786467,0.441786467,0.441786467,0.343611696,0.343611696,0.343611696,0.343611696,0.245436926,0.245436926,0.245436926,0.245436926,0.245436926,0.147262156,0.147262156,0.147262156,0.0490873852,0.0490873852,0.0490873852,0.147262156,0.147262156,0.245436926,0.343611696,0.441786467,0.441786467,0.539961237,0.638136008,0.638136008,0.736310778,0.736310778,0.736310778,0.834485549,0.834485549,0.834485549,0.834485549,0.834485549,0.834485549,0.834485549,0.834485549,0.834485549,0.834485549,0.736310778,0.736310778,0.736310778,0.736310778,0.638136008,0.638136008,0.638136008,0.638136008,0.638136008,0.638136008,0.638136008,0.539961237,0.539961237,0.539961237,0.539961237,0.539961237,0.539961237,0.539961237,0.539961237,0.539961237,0.539961237
75.748462915,C01,AP01,client_to_ap,VHT,2,2,2,80,SU,1,4,122,6637c97e16e6ce8a,0.638136008,0.638136008,0.638136008,0.638136008,0.638136008,0.638136008,0.638136008,0.638136008,0.638136008,0.638136008,0.638136008,0.638136008,0.638136008,0.638136008,0.638136008,0.638136008,0.638136008,0.638136008,0.638136008,0.638136008,0.638136008,0.638136008,0.638136008,0.638136008,0.638136008,0.638136008,0.638136008,0.638136008,0.638136008,0.638136008,0.638136008,0.638136008,0.638136008,0.638136008,0.736310778,0.736310778,0.736310778,0.736310778,0.736310778,0.736310778,0.736310778,0.736310778,0.736310778,0.736310778,0.736310778,0.736310778,0.736310778,0.736310778,0.736310778,0.736310778,0.736310778,0.736310778,0.736310778,0.638136008,0.638136008,0.638136008,0.638136008,0.638136008,0.539961237,0.539961237,0.539961237,0.441786467,0.441786467,0.441786467,0.343611696,0.343611696,0.343611696,0.343611696,0.343611696,0.245436926,0.245436926,0.245436926,0.245436926,0.147262156,0.147262156,0.147262156,0.0490873852,0.0490873852,0.0490873852,0.0490873852,0.147262156,0.245436926,0.245436926,0.343611696,0.539961237,0.539961237,0.638136008,0.638136008,0.736310778,0.736310778,0.736310778,0.834485549,0.834485549,0.834485549,0.834485549,0.834485549,0.834485549,0.834485549,0.834485549,0.834485549,0.834485549,0.736310778,0.736310778,0.736310778,0.736310778,0.736310778,0.638136008,0.638136008,0.638136008,0.638136008,0.638136008,0.638136008,0.539961237,0.539961237,0.539961237,0.539961237,0.539961237,0.539961237,0.539961237,0.539961237,0.539961237,0.539961237
77.080498934,C01,AP01,client_to_ap,VHT,2,2,2,80,SU,1,4,122,6637c97e16e6ce8a,0.736310778,0.638136008,0.638136008,0.638136008,0.736310778,0.638136008,0.638136008,0.638136008,0.638136008,0.638136008,0.638136008,0.638136008,0.638136008,0.638136008,0.638136008,0.638136008,0.638136008,0.638136008,0.638136008,0.638136008,0.638136008,0.638136008,0.638136008,0.638136008,0.638136008,0.638136008,0.638136008,0.638136008,0.638136008,0.736310778,0.736310778,0.736310778,0.736310778,0.736310778,0.736310778,0.736310778,0.736310778,0.736310778,0.736310778,0.736310778,0.736310778,0.736310778,0.736310778,0.736310778,0.834485549,0.736310778,0.834485549,0.736310778,0.736310778,0.736310778,0.736310778,0.736310778,0.736310778,0.736310778,0.638136008,0.638136008,0.638136008,0.638136008,0.539961237,0.539961237,0.539961237,0.441786467,0.441786467,0.441786467,0.441786467,0.343611696,0.343611696,0.343611696,0.343611696,0.245436926,0.245436926,0.245436926,0.245436926,0.147262156,0.147262156,0.147262156,0.0490873852,0.0490873852,0.0490873852,0.147262156,0.147262156,0.245436926,0.343611696,0.441786467,0.539961237,0.638136008,0.638136008,0.736310778,0.736310778,0.736310778,0.834485549,0.834485549,0.834485549,0.834485549,0.834485549,0.834485549,0.834485549,0.834485549,0.834485549,0.834485549,0.834485549,0.834485549,0.736310778,0.736310778,0.736310778,0.736310778,0.638136008,0.638136008,0.638136008,0.638136008,0.638136008,0.638136008,0.638136008,0.638136008,0.539961237,0.539961237,0.539961237,0.539961237,0.539961237,0.539961237,0.539961237,0.539961237
78.416492939,C01,AP01,client_to_ap,VHT,2,2,2,80,SU,1,4,122,6637c97e16e6ce8a,0.638136008,0.638136008,0.638136008,0.638136008,0.638136008,0.638136008,0.638136008,0.638136008,0.638136008,0.638136008,0.638136008,0.638136008,0.638136008,0.638136008,0.638136008,0.638136008,0.638136008,0.638136008,0.638136008,0.638136008,0.638136008,0.638136008,0.638136008,0.638136008,0.638136008,0.638136008,0.638136008,0.638136008,0.638136008,0.736310778,0.638136008,0.638136008,0.638136008,0.736310778,0.736310778,0.736310778,0.736310778,0.736310778,0.736310778,0.736310778,0.736310778,0.736310778,0.736310778,0.736310778,0.736310778,0.736310778,0.834485549,0.736310778,0.736310778,0.736310778,0.736310778,0.736310778,0.736310778,0.736310778,0.638136008,0.638136008,0.638136008,0.638136008,0.539961237,0.539961237,0.539961237,0.441786467,0.441786467,0.441786467,0.343611696,0.343611696,0.343611696,0.343611696,0.245436926,0.245436926,0.245436926,0.245436926,0.245436926,0.147262156,0.147262156,0.147262156,0.0490873852,0.0490873852,0.0490873852,0.147262156,0.147262156,0.245436926,0.343611696,0.343611696,0.441786467,0.539961237,0.638136008,0.736310778,0.736310778,0.736310778,0.834485549,0.834485549,0.834485549,0.834485549,0.834485549,0.834485549,0.834485549,0.834485549,0.834485549,0.834485549,0.736310778,0.736310778,0.736310778,0.736310778,0.736310778,0.638136008,0.638136008,0.638136008,0.638136008,0.638136008,0.638136008,0.638136008,0.539961237,0.539961237,0.539961237,0.539961237,0.539961237,0.539961237,0.539961237,0.539961237,0.539961237,0.539961237
79.748489857,C01,AP01,client_to_ap,VHT,2,2,2,80,SU,1,4,122,6637c97e16e6ce8a,0.638136008,0.736310778,0.638136008,0.638136008,0.638136008,0.638136008,0.638136008,0.638136008,0.638136008,0.638136008,0.638136008,0.638136008,0.638136008,0.638136008,0.638136008,0.638136008,0.638136008,0.638136008,0.638136008,0.638136008,0.638136008,0.638136008,0.638136008,0.638136008,0.638136008,0.638136008,0.638136008,0.638136008,0.638136008,0.638136008,0.638136008,0.638136008,0.638136008,0.736310778,0.638136008,0.736310778,0.736310778,0.736310778,0.736310778,0.736310778,0.736310778,0.736310778,0.736310778,0.736310778,0.736310778,0.834485549,0.736310778,0.736310778,0.736310778,0.736310778,0.736310778,0.736310778,0.736310778,0.736310778,0.638136008,0.638136008,0.638136008,0.638136008,0.539961237,0.539961237,0.539961237,0.441786467,0.441786467,0.441786467,0.343611696,0.343611696,0.343611696,0.343611696,0.245436926,0.245436926,0.245436926,0.245436926,0.245436926,0.147262156,0.147262156,0.147262156,0.0490873852,0.0490873852,0.0490873852,0.0490873852,0.147262156,0.245436926,0.343611696,0.343611696,0.539961237,0.539961237,0.638136008,0.736310778,0.736310778,0.736310778,0.834485549,0.834485549,0.834485549,0.834485549,0.834485549,0.834485549,0.834485549,0.834485549,0.834485549,0.834485549,0.834485549,0.736310778,0.736310778,0.736310778,0.736310778,0.638136008,0.638136008,0.638136008,0.638136008,0.638136008,0.638136008,0.638136008,0.539961237,0.539961237,0.539961237,0.539961237,0.539961237,0.539961237,0.539961237,0.539961237,0.539961237,0.539961237
81.081305981,C01,AP01,client_to_ap,VHT,2,2,2,80,SU,1,4,122,6637c97e16e6ce8a,0.638136008,0.736310778,0.638136008,0.638136008,0.638136008,0.638136008,0.638136008,0.638136008,0.638136008,0.638136008,0.638136008,0.638136008,0.638136008,0.638136008,0.638136008,0.638136008,0.638136008,0.638136008,0.638136008,0.638136008,0.638136008,0.638136008,0.638136008,0.638136008,0.638136008,0.638136008,0.638136008,0.638136008,0.638136008,0.638136008,0.638136008,0.736310778,0.638136008,0.638136008,0.736310778,0.736310778,0.736310778,0.736310778,0.736310778,0.736310778,0.736310778,0.736310778,0.736310778,0.736310778,0.736310778,0.736310778,0.736310778,0.736310778,0.736310778,0.736310778,0.736310778,0.736310778,0.736310778,0.638136008,0.638136008,0.638136008,0.638136008,0.539961237,0.539961237,0.539961237,0.539961237,0.441786467,0.441786467,0.441786467,0.343611696,0.343611696,0.343611696,0.343611696,0.343611696,0.245436926,0.245436926,0.245436926,0.245436926,0.147262156,0.147262156,0.147262156,0.0490873852,0.0490873852,0.0490873852,0.0490873852,0.147262156,0.245436926,0.343611696,0.441786467,0.539961237,0.539961237,0.638136008,0.638136008,0.736310778,0.736310778,0.736310778,0.834485549,0.834485549,0.834485549,0.834485549,0.834485549,0.834485549,0.834485549,0.834485549,0.834485549,0.834485549,0.736310778,0.736310778,0.736310778,0.736310778,0.736310778,0.638136008,0.638136008,0.638136008,0.638136008,0.638136008,0.638136008,0.539961237,0.539961237,0.539961237,0.539961237,0.539961237,0.539961237,0.539961237,0.539961237,0.539961237,0.539961237
82.416803837,C01,AP01,client_to_ap,VHT,2,2,2,80,SU,1,4,122,6637c97e16e6ce8a,0.736310778,0.736310778,0.736310778,0.638136008,0.638136008,0.638136008,0.638136008,0.638136008,0.638136008,0.638136008,0.638136008,0.638136008,0.638136008,0.638136008,0.638136008,0.638136008,0.638136008,0.638136008,0.638136008,0.638136008,0.638136008,0.638136008,0.638136008,0.638136008,0.638136008,0.638136008,0.638136008,0.638136008,0.638136008,0.736310778,0.736310778,0.736310778,0.736310778,0.736310778,0.736310778,0.736310778,0.736310778,0.736310778,0.736310778,0.736310778,0.736310778,0.736310778,0.736310778,0.736310778,0.834485549,0.834485549,0.834485549,0.736310778,0.736310778,0.736310778,0.736310778,0.736310778,0.736310778,0.736310778,0.638136008,0.638136008,0.638136008,0.638136008,0.539961237,0.539961237,0.539961237,0.441786467,0.441786467,0.441786467,0.441786467,0.343611696,0.343611696,0.343611696,0.343611696,0.343611696,0.245436926,0.245436926,0.245436926,0.147262156,0.147262156,0.147262156,0.147262156,0.0490873852,0.0490873852,0.0490873852,0.147262156,0.245436926,0.343611696,0.441786467,0.539961237,0.539961237,0.638136008,0.736310778,0.736310778,0.736310778,0.834485549,0.834485549,0.834485549,0.834485549,0.834485549,0.834485549,0.834485549,0.834485549,0.834485549,0.834485549,0.834485549,0.834485549,0.736310778,0.736310778,0.736310778,0.736310778,0.638136008,0.638136008,0.638136008,0.638136008,0.638136008,0.638136008,0.638136008,0.539961237,0.539961237,0.539961237,0.539961237,0.539961237,0.539961237,0.539961237,0.539961237,0.539961237
83.748559952,C01,AP01,client_to_ap,VHT,2,2,2,80,SU,1,4,122,6637c97e16e6ce8a,0.638136008,0.736310778,0.736310778,0.638136008,0.638136008,0.638136008,0.638136008,0.638136008,0.638136008,0.638136008,0.638136008,0.638136008,0.638136008,0.638136008,0.638136008,0.638136008,0.638136008,0.638136008,0.638136008,0.638136008,0.638136008,0.638136008,0.638136008,0.638136008,0.638136008,0.638136008,0.638136008,0.638136008,0.638136008,0.736310778,0.736310778,0.638136008,0.638136008,0.736310778,0.736310778,0.736310778,0.736310778,0.736310778,0.736310778,0.736310778,0.736310778,0.736310778,0.736310778,0.736310778,0.834485549,0.834485549,0.834485549,0.736310778,0.736310778,0.736310778,0.736310778,0.736310778,0.736310778,0.736310778,0.638136008,0.638136008,0.638136008,0.638136008,0.539961237,0.539961237,0.539961237,0.441786467,0.441786467,0.441786467,0.343611696,0.343611696,0.343611696,0.343611696,0.343611696,0.245436926,0.245436926,0.245436926,0.245436926,0.245436926,0.147262156,0.147262156,0.147262156,0.0490873852,0.0490873852,0.0490873852,0.147262156,0.245436926,0.343611696,0.441786467,0.441786467,0.539961237,0.638136008,0.736310778,0.736310778,0.736310778,0.834485549,0.834485549,0.834485549,0.834485549,0.834485549,0.834485549,0.834485549,0.834485549,0.834485549,0.834485549,0.736310778,0.736310778,0.736310778,0.736310778,0.736310778,0.736310778,0.638136008,0.638136008,0.638136008,0.638136008,0.638136008,0.638136008,0.539961237,0.539961237,0.539961237,0.539961237,0.539961237,0.539961237,0.539961237,0.539961237,0.539961237,0.539961237
85.080735922,C01,AP01,client_to_ap,VHT,2,2,2,80,SU,1,4,122,6637c97e16e6ce8a,0.638136008,0.736310778,0.638136008,0.638136008,0.638136008,0.638136008,0.638136008,0.638136008,0.638136008,0.638136008,0.638136008,0.638136008,0.638136008,0.638136008,0.638136008,0.638136008,0.638136008,0.638136008,0.638136008,0.638136008,0.638136008,0.638136008,0.638136008,0.638136008,0.638136008,0.638136008,0.638136008,0.638136008,0.638136008,0.638136008,0.638136008,0.638136008,0.638136008,0.736310778,0.736310778,0.736310778,0.736310778,0.736310778,0.736310778,0.736310778,0.736310778,0.736310778,0.736310778,0.736310778,0.736310778,0.736310778,0.834485549,0.736310778,0.736310778,0.736310778,0.736310778,0.736310778,0.736310778,0.736310778,0.638136008,0.638136008,0.638136008,0.638136008,0.539961237,0.539961237,0.539961237,0.441786467,0.441786467,0.441786467,0.343611696,0.343611696,0.343611696,0.343611696,0.343611696,0.245436926,0.245436926,0.245436926,0.245436926,0.147262156,0.147262156,0.147262156,0.0490873852,0.0490873852,0.0490873852,0.147262156,0.147262156,0.245436926,0.343611696,0.343611696,0.441786467,0.539961237,0.638136008,0.736310778,0.736310778,0.736310778,0.834485549,0.834485549,0.834485549,0.834485549,0.834485549,0.834485549,0.834485549,0.834485549,0.834485549,0.834485549,0.736310778,0.736310778,0.736310778,0.736310778,0.736310778,0.638136008,0.638136008,0.638136008,0.638136008,0.638136008,0.638136008,0.638136008,0.539961237,0.539961237,0.539961237,0.539961237,0.539961237,0.539961237,0.539961237,0.539961237,0.539961237,0.539961237
86.416543007,C01,AP01,client_to_ap,VHT,2,2,2,80,SU,1,4,122,6637c97e16e6ce8a,0.736310778,0.638136008,0.638136008,0.638136008,0.638136008,0.638136008,0.638136008,0.638136008,0.638136008,0.638136008,0.638136008,0.638136008,0.638136008,0.638136008,0.638136008,0.638136008,0.638136008,0.638136008,0.638136008,0.638136008,0.638136008,0.638136008,0.638136008,0.638136008,0.638136008,0.638136008,0.638136008,0.638136008,0.638136008,0.736310778,0.736310778,0.736310778,0.736310778,0.736310778,0.736310778,0.736310778,0.736310778,0.736310778,0.736310778,0.736310778,0.736310778,0.736310778,0.736310778,0.736310778,0.736310778,0.834485549,0.834485549,0.736310778,0.736310778,0.736310778,0.736310778,0.736310778,0.736310778,0.736310778,0.638136008,0.638136008,0.638136008,0.638136008,0.539961237,0.539961237,0.539961237,0.441786467,0.441786467,0.441786467,0.343611696,0.343611696,0.343611696,0.343611696,0.343611696,0.245436926,0.245436926,0.245436926,0.245436926,0.147262156,0.147262156,0.147262156,0.0490873852,0.0490873852,0.0490873852,0.147262156,0.147262156,0.245436926,0.343611696,0.441786467,0.539961237,0.539961237,0.638136008,0.736310778,0.736310778,0.736310778,0.834485549,0.834485549,0.834485549,0.834485549,0.834485549,0.834485549,0.834485549,0.834485549,0.834485549,0.834485549,0.834485549,0.736310778,0.736310778,0.736310778,0.736310778,0.736310778,0.638136008,0.638136008,0.638136008,0.638136008,0.638136008,0.638136008,0.638136008,0.539961237,0.539961237,0.539961237,0.539961237,0.539961237,0.539961237,0.539961237,0.539961237,0.539961237
87.749428988,C01,AP01,client_to_ap,VHT,2,2,2,80,SU,1,4,122,6637c97e16e6ce8a,0.736310778,0.638136008,0.638136008,0.638136008,0.638136008,0.638136008,0.638136008,0.638136008,0.638136008,0.638136008,0.638136008,0.638136008,0.638136008,0.638136008,0.638136008,0.638136008,0.638136008,0.638136008,0.638136008,0.638136008,0.638136008,0.638136008,0.638136008,0.638136008,0.638136008,0.638136008,0.638136008,0.638136008,0.638136008,0.638136008,0.638136008,0.638136008,0.638136008,0.736310778,0.736310778,0.736310778,0.736310778,0.736310778,0.736310778,0.736310778,0.736310778,0.736310778,0.736310778,0.736310778,0.736310778,0.736310778,0.736310778,0.736310778,0.736310778,0.736310778,0.736310778,0.736310778,0.736310778,0.638136008,0.638136008,0.638136008,0.638136008,0.638136008,0.539961237,0.539961237,0.539961237,0.441786467,0.441786467,0.441786467,0.343611696,0.343611696,0.343611696,0.343611696,0.245436926,0.245436926,0.245436926,0.245436926,0.245436926,0.147262156,0.147262156,0.147262156,0.0490873852,0.0490873852,0.0490873852,0.147262156,0.147262156,0.245436926,0.343611696,0.441786467,0.539961237,0.539961237,0.638136008,0.736310778,0.736310778,0.736310778,0.834485549,0.834485549,0.834485549,0.834485549,0.834485549,0.834485549,0.834485549,0.834485549,0.834485549,0.834485549,0.834485549,0.736310778,0.736310778,0.736310778,0.736310778,0.736310778,0.638136008,0.638136008,0.638136008,0.638136008,0.638136008,0.638136008,0.539961237,0.539961237,0.539961237,0.539961237,0.539961237,0.539961237,0.539961237,0.539961237,0.539961237,0.539961237
89.080878973,C01,AP01,client_to_ap,VHT,2,2,2,80,SU,1,4,122,6637c97e16e6ce8a,0.638136008,0.638136008,0.638136008,0.638136008,0.638136008,0.638136008,0.638136008,0.638136008,0.638136008,0.638136008,0.638136008,0.638136008,0.638136008,0.638136008,0.638136008,0.638136008,0.638136008,0.638136008,0.638136008,0.638136008,0.638136008,0.638136008,0.638136008,0.638136008,0.638136008,0.638136008,0.638136008,0.638136008,0.638136008,0.638136008,0.638136008,0.638136008,0.638136008,0.638136008,0.638136008,0.638136008,0.638136008,0.638136008,0.638136008,0.736310778,0.736310778,0.736310778,0.736310778,0.736310778,0.736310778,0.736310778,0.736310778,0.736310778,0.736310778,0.736310778,0.736310778,0.736310778,0.638136008,0.638136008,0.638136008,0.638136008,0.539961237,0.539961237,0.539961237,0.539961237,0.441786467,0.441786467,0.441786467,0.343611696,0.343611696,0.343611696,0.343611696,0.245436926,0.245436926,0.245436926,0.245436926,0.147262156,0.147262156,0.147262156,0.147262156,0.0490873852,0.0490873852,0.0490873852,0.0490873852,0.147262156,0.245436926,0.245436926,0.343611696,0.441786467,0.441786467,0.539961237,0.638136008,0.638136008,0.638136008,0.736310778,0.736310778,0.736310778,0.834485549,0.834485549,0.834485549,0.834485549,0.834485549,0.834485549,0.736310778,0.736310778,0.736310778,0.736310778,0.736310778,0.736310778,0.638136008,0.638136008,0.638136008,0.638136008,0.638136008,0.638136008,0.638136008,0.638136008,0.539961237,0.539961237,0.539961237,0.539961237,0.539961237,0.539961237,0.539961237,0.539961237,0.539961237,0.539961237
90.416296005,C01,AP01,client_to_ap,VHT,2,2,2,80,SU,1,4,122,6637c97e16e6ce8a,0.638136008,0.638136008,0.638136008,0.638136008,0.638136008,0.638136008,0.638136008,0.638136008,0.638136008,0.638136008,0.638136008,0.638136008,0.638136008,0.638136008,0.638136008,0.638136008,0.638136008,0.638136008,0.638136008,0.638136008,0.638136008,0.638136008,0.638136008,0.638136008,0.638136008,0.638136008,0.638136008,0.638136008,0.638136008,0.638136008,0.638136008,0.638136008,0.736310778,0.638136008,0.638136008,0.736310778,0.736310778,0.736310778,0.736310778,0.736310778,0.736310778,0.736310778,0.736310778,0.736310778,0.736310778,0.736310778,0.736310778,0.736310778,0.736310778,0.736310778,0.736310778,0.736310778,0.736310778,0.638136008,0.638136008,0.638136008,0.638136008,0.638136008,0.539961237,0.539961237,0.539961237,0.441786467,0.441786467,0.441786467,0.343611696,0.343611696,0.343611696,0.245436926,0.245436926,0.245436926,0.245436926,0.245436926,0.147262156,0.147262156,0.147262156,0.147262156,0.0490873852,0.0490873852,0.0490873852,0.147262156,0.147262156,0.343611696,0.343611696,0.441786467,0.539961237,0.539961237,0.638136008,0.736310778,0.736310778,0.736310778,0.736310778,0.834485549,0.834485549,0.834485549,0.834485549,0.834485549,0.834485549,0.834485549,0.834485549,0.834485549,0.736310778,0.736310778,0.736310778,0.736310778,0.736310778,0.638136008,0.638136008,0.638136008,0.638136008,0.638136008,0.638136008,0.638136008,0.539961237,0.539961237,0.539961237,0.539961237,0.539961237,0.539961237,0.539961237,0.539961237,0.539961237,0.539961237
91.749783039,C01,AP01,client_to_ap,VHT,2,2,2,80,SU,1,4,122,6637c97e16e6ce8a,0.638136008,0.638136008,0.638136008,0.638136008,0.638136008,0.638136008,0.638136008,0.638136008,0.638136008,0.638136008,0.638136008,0.638136008,0.638136008,0.638136008,0.638136008,0.638136008,0.638136008,0.638136008,0.638136008,0.638136008,0.638136008,0.638136008,0.638136008,0.638136008,0.638136008,0.638136008,0.638136008,0.638136008,0.638136008,0.638136008,0.638136008,0.638136008,0.638136008,0.638136008,0.638136008,0.638136008,0.638136008,0.638136008,0.638136008,0.736310778,0.736310778,0.736310778,0.736310778,0.736310778,0.736310778,0.736310778,0.736310778,0.736310778,0.736310778,0.736310778,0.736310778,0.638136008,0.638136008,0.638136008,0.638136008,0.638136008,0.539961237,0.539961237,0.539961237,0.539961237,0.441786467,0.441786467,0.441786467,0.343611696,0.343611696,0.343611696,0.343611696,0.245436926,0.245436926,0.245436926,0.245436926,0.147262156,0.147262156,0.147262156,0.147262156,0.0490873852,0.0490873852,0.0490873852,0.0490873852,0.147262156,0.245436926,0.245436926,0.343611696,0.441786467,0.441786467,0.539961237,0.638136008,0.638136008,0.638136008,0.736310778,0.736310778,0.736310778,0.736310778,0.834485549,0.834485549,0.834485549,0.736310778,0.736310778,0.736310778,0.736310778,0.736310778,0.736310778,0.736310778,0.736310778,0.638136008,0.638136008,0.638136008,0.638136008,0.638136008,0.638136008,0.638136008,0.638136008,0.539961237,0.539961237,0.539961237,0.539961237,0.539961237,0.539961237,0.539961237,0.539961237,0.539961237,0.539961237
93.079339981,C01,AP01,client_to_ap,VHT,2,2,2,80,SU,1,4,122,6637c97e16e6ce8a,0.638136008,0.638136008,0.638136008,0.638136008,0.638136008,0.638136008,0.638136008,0.638136008,0.638136008,0.638136008,0.638136008,0.638136008,0.638136008,0.638136008,0.638136008,0.638136008,0.638136008,0.638136008,0.638136008,0.638136008,0.638136008,0.638136008,0.638136008,0.638136008,0.638136008,0.638136008,0.638136008,0.638136008,0.638136008,0.638136008,0.638136008,0.638136008,0.638136008,0.638136008,0.736310778,0.638136008,0.638136008,0.736310778,0.736310778,0.736310778,0.736310778,0.736310778,0.736310778,0.736310778,0.736310778,0.736310778,0.736310778,0.736310778,0.736310778,0.736310778,0.736310778,0.736310778,0.736310778,0.638136008,0.638136008,0.638136008,0.638136008,0.539961237,0.539961237,0.539961237,0.539961237,0.441786467,0.441786467,0.441786467,0.343611696,0.343611696,0.343611696,0.343611696,0.245436926,0.245436926,0.245436926,0.245436926,0.147262156,0.147262156,0.147262156,0.0490873852,0.0490873852,0.0490873852,0.0490873852,0.147262156,0.147262156,0.245436926,0.343611696,0.441786467,0.441786467,0.539961237,0.638136008,0.638136008,0.736310778,0.736310778,0.736310778,0.834485549,0.834485549,0.834485549,0.834485549,0.834485549,0.834485549,0.834485549,0.834485549,0.834485549,0.834485549,0.736310778,0.736310778,0.736310778,0.736310778,0.736310778,0.638136008,0.638136008,0.638136008,0.638136008,0.638136008,0.638136008,0.539961237,0.539961237,0.539961237,0.539961237,0.539961237,0.539961237,0.539961237,0.539961237,0.539961237,0.539961237
94.407558918,C01,AP01,client_to_ap,VHT,2,2,2,80,SU,1,4,122,6637c97e16e6ce8a,0.638136008,0.638136008,0.638136008,0.638136008,0.638136008,0.638136008,0.638136008,0.638136008,0.638136008,0.638136008,0.638136008,0.638136008,0.638136008,0.638136008,0.638136008,0.638136008,0.638136008,0.638136008,0.638136008,0.638136008,0.638136008,0.638136008,0.638136008,0.638136008,0.638136008,0.638136008,0.638136008,0.638136008,0.638136008,0.638136008,0.638136008,0.736310778,0.638136008,0.638136008,0.736310778,0.736310778,0.736310778,0.736310778,0.736310778,0.736310778,0.736310778,0.736310778,0.736310778,0.736310778,0.736310778,0.736310778,0.834485549,0.736310778,0.736310778,0.736310778,0.736310778,0.736310778,0.736310778,0.736310778,0.638136008,0.638136008,0.638136008,0.638136008,0.539961237,0.539961237,0.539961237,0.441786467,0.441786467,0.441786467,0.343611696,0.343611696,0.343611696,0.343611696,0.245436926,0.245436926,0.245436926,0.245436926,0.245436926,0.147262156,0.147262156,0.147262156,0.0490873852,0.0490873852,0.0490873852,0.0490873852,0.147262156,0.245436926,0.343611696,0.343611696,0.539961237,0.539961237,0.638136008,0.638136008,0.736310778,0.736310778,0.834485549,0.834485549,0.834485549,0.834485549,0.834485549,0.834485549,0.834485549,0.834485549,0.834485549,0.834485549,0.834485549,0.736310778,0.736310778,0.736310778,0.736310778,0.638136008,0.638136008,0.638136008,0.638136008,0.638136008,0.638136008,0.638136008,0.539961237,0.539961237,0.539961237,0.539961237,0.539961237,0.539961237,0.539961237,0.539961237,0.539961237,0.539961237
95.738462925,C01,AP01,client_to_ap,VHT,2,2,2,80,SU,1,4,122,6637c97e16e6ce8a,0.638136008,0.638136008,0.638136008,0.638136008,0.638136008,0.638136008,0.638136008,0.638136008,0.638136008,0.638136008,0.638136008,0.638136008,0.638136008,0.638136008,0.638136008,0.638136008,0.638136008,0.638136008,0.638136008,0.638136008,0.638136008,0.638136008,0.638136008,0.638136008,0.638136008,0.638136008,0.638136008,0.638136008,0.638136008,0.736310778,0.638136008,0.638136008,0.638136008,0.638136008,0.736310778,0.736310778,0.736310778,0.736310778,0.736310778,0.736310778,0.736310778,0.736310778,0.736310778,0.736310778,0.736310778,0.736310778,0.834485549,0.736310778,0.736310778,0.736310778,0.736310778,0.736310778,0.736310778,0.736310778,0.638136008,0.638136008,0.638136008,0.638136008,0.539961237,0.539961237,0.539961237,0.441786467,0.441786467,0.441786467,0.343611696,0.343611696,0.343611696,0.343611696,0.245436926,0.245436926,0.245436926,0.245436926,0.245436926,0.147262156,0.147262156,0.147262156,0.0490873852,0.0490873852,0.0490873852,0.147262156,0.147262156,0.245436926,0.343611696,0.441786467,0.441786467,0.539961237,0.638136008,0.638136008,0.736310778,0.736310778,0.834485549,0.834485549,0.834485549,0.834485549,0.834485549,0.834485549,0.834485549,0.834485549,0.834485549,0.834485549,0.834485549,0.736310778,0.736310778,0.736310778,0.736310778,0.736310778,0.638136008,0.638136008,0.638136008,0.638136008,0.638136008,0.638136008,0.539961237,0.539961237,0.539961237,0.539961237,0.539961237,0.539961237,0.539961237,0.539961237,0.539961237,0.539961237
97.069443941,C01,AP01,client_to_ap,VHT,2,2,2,80,SU,1,4,122,6637c97e16e6ce8a,0.638136008,0.638136008,0.638136008,0.638136008,0.638136008,0.638136008,0.638136008,0.638136008,0.638136008,0.638136008,0.638136008,0.638136008,0.638136008,0.638136008,0.638136008,0.638136008,0.638136008,0.638136008,0.638136008,0.638136008,0.638136008,0.638136008,0.638136008,0.638136008,0.638136008,0.638136008,0.638136008,0.638136008,0.638136008,0.638136008,0.638136008,0.638136008,0.736310778,0.638136008,0.736310778,0.736310778,0.736310778,0.736310778,0.736310778,0.736310778,0.736310778,0.736310778,0.736310778,0.736310778,0.736310778,0.736310778,0.736310778,0.736310778,0.736310778,0.736310778,0.736310778,0.736310778,0.736310778,0.638136008,0.638136008,0.638136008,0.638136008,0.539961237,0.539961237,0.539961237,0.539961237,0.441786467,0.441786467,0.441786467,0.343611696,0.343611696,0.343611696,0.343611696,0.245436926,0.245436926,0.245436926,0.245436926,0.245436926,0.147262156,0.147262156,0.147262156,0.0490873852,0.0490873852,0.0490873852,0.0490873852,0.147262156,0.245436926,0.343611696,0.441786467,0.441786467,0.539961237,0.638136008,0.638136008,0.736310778,0.736310778,0.736310778,0.834485549,0.834485549,0.834485549,0.834485549,0.834485549,0.834485549,0.834485549,0.834485549,0.834485549,0.736310778,0.736310778,0.736310778,0.736310778,0.736310778,0.736310778,0.638136008,0.638136008,0.638136008,0.638136008,0.638136008,0.638136008,0.638136008,0.539961237,0.539961237,0.539961237,0.539961237,0.539961237,0.539961237,0.539961237,0.539961237,0.539961237
98.397415876,C01,AP01,client_to_ap,VHT,2,2,2,80,SU,1,4,122,6637c97e16e6ce8a,0.638136008,0.638136008,0.638136008,0.638136008,0.638136008,0.638136008,0.638136008,0.638136008,0.638136008,0.638136008,0.638136008,0.638136008,0.638136008,0.638136008,0.638136008,0.638136008,0.638136008,0.638136008,0.638136008,0.638136008,0.638136008,0.638136008,0.638136008,0.638136008,0.638136008,0.638136008,0.638136008,0.638136008,0.638136008,0.638136008,0.638136008,0.638136008,0.638136008,0.638136008,0.736310778,0.736310778,0.736310778,0.736310778,0.736310778,0.736310778,0.736310778,0.736310778,0.736310778,0.736310778,0.736310778,0.736310778,0.736310778,0.736310778,0.736310778,0.736310778,0.736310778,0.736310778,0.736310778,0.638136008,0.638136008,0.638136008,0.638136008,0.539961237,0.539961237,0.539961237,0.539961237,0.441786467,0.441786467,0.441786467,0.343611696,0.343611696,0.343611696,0.343611696,0.245436926,0.245436926,0.245436926,0.245436926,0.245436926,0.147262156,0.147262156,0.147262156,0.0490873852,0.0490873852,0.0490873852,0.0490873852,0.147262156,0.245436926,0.343611696,0.441786467,0.539961237,0.539961237,0.638136008,0.638136008,0.736310778,0.736310778,0.834485549,0.834485549,0.834485549,0.834485549,0.834485549,0.834485549,0.834485549,0.834485549,0.834485549,0.834485549,0.834485549,0.736310778,0.736310778,0.736310778,0.736310778,0.736310778,0.638136008,0.638136008,0.638136008,0.638136008,0.638136008,0.638136008,0.638136008,0.539961237,0.539961237,0.539961237,0.539961237,0.539961237,0.539961237,0.539961237,0.539961237,0.539961237
99.728482962,C01,AP01,client_to_ap,VHT,2,2,2,80,SU,1,4,122,6637c97e16e6ce8a,0.736310778,0.736310778,0.736310778,0.638136008,0.638136008,0.638136008,0.638136008,0.638136008,0.638136008,0.638136008,0.638136008,0.638136008,0.638136008,0.638136008,0.638136008,0.638136008,0.638136008,0.638136008,0.638136008,0.638136008,0.638136008,0.638136008,0.638136008,0.638136008,0.638136008,0.638136008,0.638136008,0.638136008,0.638136008,0.638136008,0.736310778,0.736310778,0.736310778,0.736310778,0.736310778,0.736310778,0.736310778,0.736310778,0.736310778,0.736310778,0.736310778,0.736310778,0.736310778,0.834485549,0.834485549,0.834485549,0.834485549,0.736310778,0.736310778,0.736310778,0.736310778,0.736310778,0.736310778,0.736310778,0.638136008,0.638136008,0.638136008,0.638136008,0.539961237,0.539961237,0.539961237,0.441786467,0.441786467,0.441786467,0.441786467,0.343611696,0.343611696,0.343611696,0.343611696,0.245436926,0.245436926,0.245436926,0.245436926,0.147262156,0.147262156,0.147262156,0.0490873852,0.0490873852,0.0490873852,0.147262156,0.147262156,0.245436926,0.343611696,0.441786467,0.539961237,0.539961237,0.638136008,0.736310778,0.736310778,0.736310778,0.834485549,0.834485549,0.834485549,0.834485549,0.834485549,0.834485549,0.834485549,0.834485549,0.834485549,0.834485549,0.834485549,0.736310778,0.736310778,0.736310778,0.736310778,0.736310778,0.638136008,0.638136008,0.638136008,0.638136008,0.638136008,0.638136008,0.638136008,0.539961237,0.539961237,0.539961237,0.539961237,0.539961237,0.539961237,0.539961237,0.539961237,0.539961237
101.060024023,C01,AP01,client_to_ap,VHT,2,2,2,80,SU,1,4,122,6637c97e16e6ce8a,0.638136008,0.736310778,0.638136008,0.638136008,0.638136008,0.638136008,0.638136008,0.638136008,0.638136008,0.638136008,0.638136008,0.638136008,0.638136008,0.638136008,0.638136008,0.638136008,0.638136008,0.638136008,0.638136008,0.638136008,0.638136008,0.638136008,0.638136008,0.638136008,0.638136008,0.638136008,0.638136008,0.638136008,0.638136008,0.638136008,0.638136008,0.638136008,0.736310778,0.736310778,0.736310778,0.736310778,0.736310778,0.736310778,0.736310778,0.736310778,0.736310778,0.736310778,0.736310778,0.736310778,0.736310778,0.834485549,0.736310778,0.736310778,0.736310778,0.736310778,0.736310778,0.736310778,0.736310778,0.638136008,0.638136008,0.638136008,0.638136008,0.638136008,0.539961237,0.539961237,0.539961237,0.441786467,0.441786467,0.441786467,0.343611696,0.343611696,0.343611696,0.343611696,0.245436926,0.245436926,0.245436926,0.245436926,0.245436926,0.147262156,0.147262156,0.147262156,0.0490873852,0.0490873852,0.0490873852,0.147262156,0.147262156,0.245436926,0.343611696,0.441786467,0.539961237,0.539961237,0.638136008,0.736310778,0.638136008,0.736310778,0.834485549,0.834485549,0.834485549,0.834485549,0.834485549,0.834485549,0.834485549,0.834485549,0.834485549,0.834485549,0.736310778,0.736310778,0.736310778,0.736310778,0.638136008,0.638136008,0.638136008,0.638136008,0.638136008,0.638136008,0.638136008,0.638136008,0.539961237,0.539961237,0.539961237,0.539961237,0.539961237,0.539961237,0.539961237,0.539961237,0.539961237,0.539961237
102.396371841,C01,AP01,client_to_ap,VHT,2,2,2,80,SU,1,4,122,6637c97e16e6ce8a,0.638136008,0.638136008,0.638136008,0.638136008,0.638136008,0.638136008,0.638136008,0.638136008,0.638136008,0.638136008,0.638136008,0.638136008,0.638136008,0.638136008,0.638136008,0.638136008,0.638136008,0.638136008,0.638136008,0.638136008,0.638136008,0.638136008,0.638136008,0.638136008,0.638136008,0.638136008,0.638136008,0.638136008,0.638136008,0.638136008,0.638136008,0.638136008,0.638136008,0.736310778,0.736310778,0.736310778,0.736310778,0.736310778,0.736310778,0.736310778,0.736310778,0.736310778,0.736310778,0.736310778,0.736310778,0.736310778,0.736310778,0.736310778,0.736310778,0.736310778,0.736310778,0.736310778,0.736310778,0.736310778,0.638136008,0.638136008,0.638136008,0.539961237,0.539961237,0.539961237,0.539961237,0.441786467,0.441786467,0.441786467,0.343611696,0.343611696,0.343611696,0.343611696,0.245436926,0.245436926,0.245436926,0.245436926,0.245436926,0.147262156,0.147262156,0.147262156,0.0490873852,0.0490873852,0.0490873852,0.0490873852,0.147262156,0.245436926,0.343611696,0.441786467,0.539961237,0.539961237,0.638136008,0.638136008,0.736310778,0.736310778,0.834485549,0.834485549,0.834485549,0.834485549,0.834485549,0.834485549,0.834485549,0.834485549,0.834485549,0.834485549,0.834485549,0.736310778,0.736310778,0.736310778,0.736310778,0.736310778,0.638136008,0.638136008,0.638136008,0.638136008,0.638136008,0.638136008,0.638136008,0.539961237,0.539961237,0.539961237,0.539961237,0.539961237,0.539961237,0.539961237,0.539961237,0.539961237
103.729049921,C01,AP01,client_to_ap,VHT,2,2,2,80,SU,1,4,122,6637c97e16e6ce8a,0.736310778,0.638136008,0.736310778,0.638136008,0.638136008,0.638136008,0.638136008,0.638136008,0.638136008,0.638136008,0.638136008,0.638136008,0.638136008,0.638136008,0.638136008,0.638136008,0.638136008,0.638136008,0.638136008,0.638136008,0.638136008,0.638136008,0.638136008,0.638136008,0.638136008,0.638136008,0.638136008,0.638136008,0.638136008,0.638136008,0.638136008,0.638136008,0.638136008,0.638136008,0.736310778,0.736310778,0.736310778,0.736310778,0.736310778,0.736310778,0.736310778,0.736310778,0.736310778,0.736310778,0.736310778,0.736310778,0.736310778,0.736310778,0.736310778,0.736310778,0.736310778,0.736310778,0.736310778,0.638136008,0.638136008,0.638136008,0.638136008,0.539961237,0.539961237,0.539961237,0.539961237,0.441786467,0.441786467,0.441786467,0.343611696,0.343611696,0.343611696,0.343611696,0.245436926,0.245436926,0.245436926,0.245436926,0.245436926,0.147262156,0.147262156,0.147262156,0.0490873852,0.0490873852,0.0490873852,0.147262156,0.147262156,0.245436926,0.343611696,0.441786467,0.539961237,0.539961237,0.638136008,0.638136008,0.736310778,0.736310778,0.834485549,0.834485549,0.834485549,0.834485549,0.834485549,0.834485549,0.834485549,0.834485549,0.834485549,0.834485549,0.736310778,0.736310778,0.736310778,0.736310778,0.736310778,0.638136008,0.638136008,0.638136008,0.638136008,0.638136008,0.638136008,0.638136008,0.638136008,0.539961237,0.539961237,0.539961237,0.539961237,0.539961237,0.539961237,0.539961237,0.539961237,0.539961237
105.060533047,C01,AP01,client_to_ap,VHT,2,2,2,80,SU,1,4,122,6637c97e16e6ce8a,0.736310778,0.736310778,0.736310778,0.638136008,0.638136008,0.638136008,0.638136008,0.638136008,0.638136008,0.638136008,0.638136008,0.638136008,0.638136008,0.638136008,0.638136008,0.638136008,0.638136008,0.638136008,0.638136008,0.638136008,0.638136008,0.638136008,0.638136008,0.638136008,0.638136008,0.638136008,0.638136008,0.638136008,0.638136008,0.736310778,0.736310778,0.638136008,0.736310778,0.736310778,0.736310778,0.736310778,0.736310778,0.736310778,0.736310778,0.736310778,0.736310778,0.736310778,0.736310778,0.736310778,0.736310778,0.834485549,0.834485549,0.736310778,0.736310778,0.736310778,0.736310778,0.736310778,0.736310778,0.736310778,0.638136008,0.638136008,0.638136008,0.638136008,0.539961237,0.539961237,0.539961237,0.441786467,0.441786467,0.441786467,0.441786467,0.343611696,0.343611696,0.343611696,0.343611696,0.343611696,0.245436926,0.245436926,0.245436926,0.147262156,0.147262156,0.147262156,0.147262156,0.0490873852,0.0490873852,0.0490873852,0.147262156,0.245436926,0.343611696,0.441786467,0.539961237,0.539961237,0.638136008,0.736310778,0.736310778,0.736310778,0.834485549,0.834485549,0.834485549,0.834485549,0.834485549,0.834485549,0.834485549,0.834485549,0.834485549,0.834485549,0.834485549,0.736310778,0.736310778,0.736310778,0.736310778,0.736310778,0.638136008,0.638136008,0.638136008,0.638136008,0.638136008,0.638136008,0.638136008,0.539961237,0.539961237,0.539961237,0.539961237,0.539961237,0.539961237,0.539961237,0.539961237,0.539961237
106.396282911,C01,AP01,client_to_ap,VHT,2,2,2,80,SU,1,4,122,6637c97e16e6ce8a,0.736310778,0.638136008,0.736310778,0.638136008,0.638136008,0.638136008,0.638136008,0.638136008,0.638136008,0.638136008,0.638136008,0.638136008,0.638136008,0.638136008,0.638136008,0.638136008,0.638136008,0.638136008,0.638136008,0.638136008,0.638136008,0.638136008,0.638136008,0.638136008,0.638136008,0.638136008,0.638136008,0.638136008,0.638136008,0.638136008,0.638136008,0.638136008,0.638136008,0.638136008,0.736310778,0.736310778,0.736310778,0.736310778,0.736310778,0.736310778,0.736310778,0.736310778,0.736310778,0.736310778,0.736310778,0.736310778,0.736310778,0.736310778,0.736310778,0.736310778,0.736310778,0.736310778,0.736310778,0.638136008,0.638136008,0.638136008,0.638136008,0.539961237,0.539961237,0.539961237,0.539961237,0.441786467,0.441786467,0.441786467,0.343611696,0.343611696,0.343611696,0.343611696,0.245436926,0.245436926,0.245436926,0.245436926,0.245436926,0.147262156,0.147262156,0.147262156,0.0490873852,0.0490873852,0.0490873852,0.0490873852,0.147262156,0.245436926,0.343611696,0.441786467,0.539961237,0.539961237,0.638136008,0.638136008,0.736310778,0.736310778,0.834485549,0.834485549,0.834485549,0.834485549,0.834485549,0.834485549,0.834485549,0.834485549,0.834485549,0.834485549,0.834485549,0.736310778,0.736310778,0.736310778,0.736310778,0.736310778,0.638136008,0.638136008,0.638136008,0.638136008,0.638136008,0.638136008,0.638136008,0.539961237,0.539961237,0.539961237,0.539961237,0.539961237,0.539961237,0.539961237,0.539961237,0.539961237
107.728534937,C01,AP01,client_to_ap,VHT,2,2,2,80,SU,1,4,122,6637c97e16e6ce8a,0.638136008,0.736310778,0.638136008,0.638136008,0.638136008,0.638136008,0.638136008,0.638136008,0.638136008,0.638136008,0.638136008,0.638136008,0.638136008,0.638136008,0.638136008,0.638136008,0.638136008,0.638136008,0.638136008,0.638136008,0.638136008,0.638136008,0.638136008,0.638136008,0.638136008,0.638136008,0.638136008,0.638136008,0.638136008,0.736310778,0.638136008,0.736310778,0.736310778,0.736310778,0.736310778,0.736310778,0.736310778,0.736310778,0.736310778,0.736310778,0.736310778,0.736310778,0.736310778,0.736310778,0.736310778,0.834485549,0.736310778,0.736310778,0.736310778,0.736310778,0.736310778,0.736310778,0.736310778,0.638136008,0.638136008,0.638136008,0.638136008,0.638136008,0.539961237,0.539961237,0.539961237,0.441786467,0.441786467,0.441786467,0.343611696,0.343611696,0.343611696,0.343611696,0.245436926,0.245436926,0.245436926,0.245436926,0.245436926,0.147262156,0.147262156,0.147262156,0.0490873852,0.0490873852,0.0490873852,0.147262156,0.147262156,0.245436926,0.343611696,0.441786467,0.441786467,0.539961237,0.638136008,0.638136008,0.736310778,0.736310778,0.736310778,0.834485549,0.834485549,0.834485549,0.834485549,0.834485549,0.834485549,0.834485549,0.834485549,0.834485549,0.834485549,0.736310778,0.736310778,0.736310778,0.736310778,0.638136008,0.638136008,0.638136008,0.638136008,0.638136008,0.638136008,0.638136008,0.539961237,0.539961237,0.539961237,0.539961237,0.539961237,0.539961237,0.539961237,0.539961237,0.539961237,0.539961237
109.060261011,C01,AP01,client_to_ap,VHT,2,2,2,80,SU,1,4,122,6637c97e16e6ce8a,0.736310778,0.736310778,0.638136008,0.638136008,0.638136008,0.638136008,0.638136008,0.638136008,0.638136008,0.638136008,0.638136008,0.638136008,0.638136008,0.638136008,0.638136008,0.638136008,0.638136008,0.638136008,0.638136008,0.638136008,0.638136008,0.638136008,0.638136008,0.638136008,0.638136008,0.638136008,0.638136008,0.638136008,0.638136008,0.736310778,0.736310778,0.736310778,0.736310778,0.736310778,0.736310778,0.736310778,0.736310778,0.736310778,0.736310778,0.736310778,0.736310778,0.736310778,0.736310778,0.834485549,0.834485549,0.834485549,0.834485549,0.736310778,0.736310778,0.736310778,0.736310778,0.736310778,0.736310778,0.736310778,0.638136008,0.638136008,0.638136008,0.638136008,0.539961237,0.539961237,0.539961237,0.441786467,0.441786467,0.441786467,0.441786467,0.343611696,0.343611696,0.343611696,0.343611696,0.245436926,0.245436926,0.245436926,0.245436926,0.147262156,0.147262156,0.147262156,0.0490873852,0.0490873852,0.0490873852,0.147262156,0.147262156,0.245436926,0.343611696,0.441786467,0.539961237,0.539961237,0.638136008,0.736310778,0.736310778,0.736310778,0.834485549,0.834485549,0.834485549,0.834485549,0.834485549,0.834485549,0.834485549,0.834485549,0.834485549,0.834485549,0.834485549,0.736310778,0.736310778,0.736310778,0.736310778,0.736310778,0.638136008,0.638136008,0.638136008,0.638136008,0.638136008,0.638136008,0.638136008,0.539961237,0.539961237,0.539961237,0.539961237,0.539961237,0.539961237,0.539961237,0.539961237,0.539961237
110.396399021,C01,AP01,client_to_ap,VHT,2,2,2,80,SU,1,4,122,6637c97e16e6ce8a,0.638136008,0.638136008,0.638136008,0.638136008,0.638136008,0.638136008,0.638136008,0.638136008,0.638136008,0.638136008,0.638136008,0.638136008,0.638136008,0.638136008,0.638136008,0.638136008,0.638136008,0.638136008,0.638136008,0.638136008,0.638136008,0.638136008,0.638136008,0.638136008,0.638136008,0.638136008,0.638136008,0.638136008,0.638136008,0.638136008,0.638136008,0.638136008,0.638136008,0.736310778,0.736310778,0.736310778,0.736310778,0.736310778,0.736310778,0.736310778,0.736310778,0.736310778,0.736310778,0.736310778,0.736310778,0.736310778,0.736310778,0.736310778,0.736310778,0.736310778,0.736310778,0.736310778,0.736310778,0.736310778,0.638136008,0.638136008,0.638136008,0.638136008,0.539961237,0.539961237,0.539961237,0.441786467,0.441786467,0.441786467,0.343611696,0.343611696,0.343611696,0.343611696,0.245436926,0.245436926,0.245436926,0.245436926,0.245436926,0.147262156,0.147262156,0.147262156,0.0490873852,0.0490873852,0.0490873852,0.0490873852,0.147262156,0.245436926,0.343611696,0.441786467,0.441786467,0.539961237,0.638136008,0.638136008,0.736310778,0.736310778,0.736310778,0.834485549,0.834485549,0.834485549,0.834485549,0.834485549,0.834485549,0.834485549,0.834485549,0.834485549,0.736310778,0.736310778,0.736310778,0.736310778,0.736310778,0.638136008,0.638136008,0.638136008,0.638136008,0.638136008,0.638136008,0.638136008,0.539961237,0.539961237,0.539961237,0.539961237,0.539961237,0.539961237,0.539961237,0.539961237,0.539961237,0.539961237
111.728065968,C01,AP01,client_to_ap,VHT,2,2,2,80,SU,1,4,122,6637c97e16e6ce8a,0.638136008,0.638136008,0.638136008,0.638136008,0.638136008,0.638136008,0.638136008,0.638136008,0.638136008,0.638136008,0.638136008,0.638136008,0.638136008,0.638136008,0.638136008,0.638136008,0.638136008,0.638136008,0.638136008,0.638136008,0.638136008,0.638136008,0.638136008,0.638136008,0.638136008,0.638136008,0.638136008,0.638136008,0.638136008,0.638136008,0.638136008,0.638136008,0.638136008,0.736310778,0.736310778,0.736310778,0.736310778,0.736310778,0.736310778,0.736310778,0.736310778,0.736310778,0.736310778,0.736310778,0.736310778,0.736310778,0.736310778,0.736310778,0.736310778,0.736310778,0.736310778,0.736310778,0.736310778,0.638136008,0.638136008,0.638136008,0.638136008,0.539961237,0.539961237,0.539961237,0.539961237,0.441786467,0.441786467,0.441786467,0.343611696,0.343611696,0.343611696,0.343611696,0.245436926,0.245436926,0.245436926,0.245436926,0.245436926,0.147262156,0.147262156,0.147262156,0.0490873852,0.0490873852,0.0490873852,0.0490873852,0.147262156,0.245436926,0.343611696,0.441786467,0.539961237,0.539961237,0.638136008,0.638136008,0.736310778,0.736310778,0.834485549,0.834485549,0.834485549,0.834485549,0.834485549,0.834485549,0.834485549,0.834485549,0.834485549,0.834485549,0.834485549,0.736310778,0.736310778,0.736310778,0.736310778,0.736310778,0.638136008,0.638136008,0.638136008,0.638136008,0.638136008,0.638136008,0.539961237,0.539961237,0.539961237,0.539961237,0.539961237,0.539961237,0.539961237,0.539961237,0.539961237,0.539961237
113.061204910,C01,AP01,client_to_ap,VHT,2,2,2,80,SU,1,4,122,6637c97e16e6ce8a,0.638136008,0.736310778,0.638136008,0.638136008,0.638136008,0.638136008,0.638136008,0.638136008,0.638136008,0.638136008,0.638136008,0.638136008,0.638136008,0.638136008,0.638136008,0.638136008,0.638136008,0.638136008,0.638136008,0.638136008,0.638136008,0.638136008,0.638136008,0.638136008,0.638136008,0.638136008,0.638136008,0.638136008,0.638136008,0.736310778,0.638136008,0.638136008,0.638136008,0.638136008,0.736310778,0.736310778,0.736310778,0.736310778,0.736310778,0.736310778,0.736310778,0.736310778,0.736310778,0.736310778,0.736310778,0.834485549,0.834485549,0.736310778,0.736310778,0.736310778,0.736310778,0.736310778,0.736310778,0.736310778,0.638136008,0.638136008,0.638136008,0.539961237,0.539961237,0.539961237,0.539961237,0.441786467,0.441786467,0.441786467,0.343611696,0.343611696,0.343611696,0.343611696,0.245436926,0.245436926,0.245436926,0.245436926,0.245436926,0.147262156,0.147262156,0.0490873852,0.0490873852,0.0490873852,0.0490873852,0.147262156,0.147262156,0.245436926,0.343611696,0.441786467,0.539961237,0.539961237,0.638136008,0.736310778,0.736310778,0.736310778,0.736310778,0.834485549,0.834485549,0.834485549,0.834485549,0.834485549,0.834485549,0.834485549,0.834485549,0.834485549,0.736310778,0.736310778,0.736310778,0.736310778,0.736310778,0.638136008,0.638136008,0.638136008,0.638136008,0.638136008,0.638136008,0.638136008,0.539961237,0.539961237,0.539961237,0.539961237,0.539961237,0.539961237,0.539961237,0.539961237,0.539961237,0.539961237
114.395666838,C01,AP01,client_to_ap,VHT,2,2,2,80,SU,1,4,122,6637c97e16e6ce8a,0.736310778,0.638136008,0.736310778,0.638136008,0.638136008,0.638136008,0.638136008,0.638136008,0.638136008,0.638136008,0.638136008,0.638136008,0.638136008,0.638136008,0.638136008,0.638136008,0.638136008,0.638136008,0.638136008,0.638136008,0.638136008,0.638136008,0.638136008,0.638136008,0.638136008,0.638136008,0.638136008,0.638136008,0.638136008,0.638136008,0.638136008,0.736310778,0.736310778,0.638136008,0.736310778,0.736310778,0.736310778,0.736310778,0.736310778,0.736310778,0.736310778,0.736310778,0.736310778,0.736310778,0.834485549,0.834485549,0.736310778,0.736310778,0.736310778,0.736310778,0.736310778,0.736310778,0.736310778,0.638136008,0.638136008,0.638136008,0.638136008,0.539961237,0.539961237,0.539961237,0.539961237,0.441786467,0.441786467,0.441786467,0.343611696,0.343611696,0.343611696,0.343611696,0.245436926,0.245436926,0.245436926,0.245436926,0.245436926,0.147262156,0.147262156,0.147262156,0.0490873852,0.0490873852,0.0490873852,0.147262156,0.245436926,0.245436926,0.343611696,0.441786467,0.539961237,0.539961237,0.638136008,0.638136008,0.736310778,0.736310778,0.834485549,0.834485549,0.834485549,0.834485549,0.834485549,0.834485549,0.834485549,0.834485549,0.834485549,0.834485549,0.834485549,0.834485549,0.736310778,0.736310778,0.736310778,0.736310778,0.638136008,0.638136008,0.638136008,0.638136008,0.638136008,0.638136008,0.638136008,0.539961237,0.539961237,0.539961237,0.539961237,0.539961237,0.539961237,0.539961237,0.539961237,0.539961237
115.723397970,C01,AP01,client_to_ap,VHT,2,2,2,80,SU,1,4,122,6637c97e16e6ce8a,0.638136008,0.736310778,0.736310778,0.638136008,0.638136008,0.638136008,0.638136008,0.638136008,0.638136008,0.638136008,0.638136008,0.638136008,0.638136008,0.638136008,0.638136008,0.638136008,0.638136008,0.638136008,0.638136008,0.638136008,0.638136008,0.638136008,0.638136008,0.638136008,0.638136008,0.638136008,0.638136008,0.638136008,0.638136008,0.736310778,0.736310778,0.736310778,0.736310778,0.736310778,0.736310778,0.736310778,0.736310778,0.736310778,0.736310778,0.736310778,0.736310778,0.736310778,0.834485549,0.736310778,0.834485549,0.834485549,0.834485549,0.736310778,0.736310778,0.736310778,0.736310778,0.736310778,0.736310778,0.736310778,0.638136008,0.638136008,0.638136008,0.638136008,0.539961237,0.539961237,0.539961237,0.441786467,0.441786467,0.441786467,0.441786467,0.343611696,0.343611696,0.343611696,0.343611696,0.245436926,0.245436926,0.245436926,0.245436926,0.245436926,0.147262156,0.147262156,0.147262156,0.0490873852,0.0490873852,0.0490873852,0.147262156,0.245436926,0.343611696,0.441786467,0.539961237,0.539961237,0.638136008,0.736310778,0.736310778,0.736310778,0.834485549,0.834485549,0.834485549,0.834485549,0.834485549,0.834485549,0.834485549,0.834485549,0.834485549,0.834485549,0.834485549,0.736310778,0.736310778,0.736310778,0.736310778,0.736310778,0.638136008,0.638136008,0.638136008,0.638136008,0.638136008,0.638136008,0.539961237,0.539961237,0.539961237,0.539961237,0.539961237,0.539961237,0.539961237,0.539961237,0.539961237,0.539961237
117.051942825,C01,AP01,client_to_ap,VHT,2,2,2,80,SU,1,4,122,6637c97e16e6ce8a,0.638136008,0.638136008,0.638136008,0.638136008,0.638136008,0.638136008,0.638136008,0.638136008,0.638136008,0.638136008,0.638136008,0.638136008,0.638136008,0.638136008,0.638136008,0.638136008,0.638136008,0.638136008,0.638136008,0.638136008,0.638136008,0.638136008,0.638136008,0.638136008,0.638136008,0.638136008,0.638136008,0.638136008,0.638136008,0.638136008,0.638136008,0.638136008,0.638136008,0.736310778,0.736310778,0.736310778,0.736310778,0.736310778,0.736310778,0.736310778,0.736310778,0.736310778,0.736310778,0.736310778,0.736310778,0.736310778,0.834485549,0.736310778,0.736310778,0.736310778,0.736310778,0.736310778,0.736310778,0.736310778,0.638136008,0.638136008,0.638136008,0.638136008,0.539961237,0.539961237,0.539961237,0.441786467,0.441786467,0.441786467,0.343611696,0.343611696,0.343611696,0.343611696,0.343611696,0.245436926,0.245436926,0.245436926,0.245436926,0.147262156,0.147262156,0.147262156,0.0490873852,0.0490873852,0.0490873852,0.0490873852,0.147262156,0.245436926,0.343611696,0.343611696,0.539961237,0.539961237,0.638136008,0.638136008,0.736310778,0.736310778,0.736310778,0.834485549,0.834485549,0.834485549,0.834485549,0.834485549,0.834485549,0.834485549,0.834485549,0.834485549,0.834485549,0.736310778,0.736310778,0.736310778,0.736310778,0.638136008,0.638136008,0.638136008,0.638136008,0.638136008,0.638136008,0.638136008,0.539961237,0.539961237,0.539961237,0.539961237,0.539961237,0.539961237,0.539961237,0.539961237,0.539961237,0.539961237
118.386111975,C01,AP01,client_to_ap,VHT,2,2,2,80,SU,1,4,122,6637c97e16e6ce8a,0.638136008,0.638136008,0.638136008,0.638136008,0.638136008,0.638136008,0.638136008,0.638136008,0.638136008,0.638136008,0.638136008,0.638136008,0.638136008,0.638136008,0.638136008,0.638136008,0.638136008,0.638136008,0.638136008,0.638136008,0.638136008,0.638136008,0.638136008,0.638136008,0.638136008,0.638136008,0.638136008,0.638136008,0.638136008,0.638136008,0.638136008,0.736310778,0.638136008,0.638136008,0.736310778,0.736310778,0.736310778,0.736310778,0.736310778,0.736310778,0.736310778,0.736310778,0.736310778,0.736310778,0.736310778,0.736310778,0.736310778,0.736310778,0.736310778,0.736310778,0.736310778,0.736310778,0.736310778,0.736310778,0.638136008,0.638136008,0.638136008,0.638136008,0.539961237,0.539961237,0.539961237,0.441786467,0.441786467,0.441786467,0.343611696,0.343611696,0.343611696,0.343611696,0.343611696,0.245436926,0.245436926,0.245436926,0.245436926,0.147262156,0.147262156,0.147262156,0.0490873852,0.0490873852,0.0490873852,0.147262156,0.147262156,0.245436926,0.343611696,0.343611696,0.441786467,0.539961237,0.638136008,0.638136008,0.736310778,0.736310778,0.834485549,0.834485549,0.834485549,0.834485549,0.834485549,0.834485549,0.834485549,0.834485549,0.834485549,0.834485549,0.834485549,0.736310778,0.736310778,0.736310778,0.736310778,0.638136008,0.638136008,0.638136008,0.638136008,0.638136008,0.638136008,0.638136008,0.539961237,0.539961237,0.539961237,0.539961237,0.539961237,0.539961237,0.539961237,0.539961237,0.539961237,0.539961237
119.718279839,C01,AP01,client_to_ap,VHT,2,2,2,80,SU,1,4,122,6637c97e16e6ce8a,0.638136008,0.638136008,0.638136008,0.638136008,0.638136008,0.638136008,0.638136008,0.638136008,0.638136008,0.638136008,0.638136008,0.638136008,0.638136008,0.638136008,0.638136008,0.638136008,0.638136008,0.638136008,0.638136008,0.638136008,0.638136008,0.638136008,0.638136008,0.638136008,0.638136008,0.638136008,0.638136008,0.638136008,0.638136008,0.638136008,0.638136008,0.736310778,0.638136008,0.638136008,0.736310778,0.736310778,0.736310778,0.736310778,0.736310778,0.736310778,0.736310778,0.736310778,0.736310778,0.736310778,0.736310778,0.736310778,0.736310778,0.736310778,0.736310778,0.736310778,0.736310778,0.736310778,0.736310778,0.638136008,0.638136008,0.638136008,0.638136008,0.638136008,0.539961237,0.539961237,0.539961237,0.441786467,0.441786467,0.441786467,0.343611696,0.343611696,0.343611696,0.343611696,0.343611696,0.245436926,0.245436926,0.245436926,0.245436926,0.147262156,0.147262156,0.147262156,0.0490873852,0.0490873852,0.0490873852,0.0490873852,0.147262156,0.245436926,0.343611696,0.441786467,0.539961237,0.539961237,0.638136008,0.638136008,0.736310778,0.736310778,0.834485549,0.834485549,0.834485549,0.834485549,0.834485549,0.834485549,0.834485549,0.834485549,0.834485549,0.834485549,0.736310778,0.736310778,0.736310778,0.736310778,0.736310778,0.736310778,0.638136008,0.638136008,0.638136008,0.638136008,0.638136008,0.638136008,0.638136008,0.539961237,0.539961237,0.539961237,0.539961237,0.539961237,0.539961237,0.539961237,0.539961237,0.539961237
121.050189018,C01,AP01,client_to_ap,VHT,2,2,2,80,SU,1,4,122,6637c97e16e6ce8a,0.638136008,0.638136008,0.638136008,0.638136008,0.638136008,0.638136008,0.638136008,0.638136008,0.638136008,0.638136008,0.638136008,0.638136008,0.638136008,0.638136008,0.638136008,0.638136008,0.638136008,0.638136008,0.638136008,0.638136008,0.638136008,0.638136008,0.638136008,0.638136008,0.638136008,0.638136008,0.638136008,0.638136008,0.638136008,0.638136008,0.638136008,0.638136008,0.638136008,0.638136008,0.736310778,0.736310778,0.736310778,0.736310778,0.736310778,0.736310778,0.736310778,0.736310778,0.736310778,0.736310778,0.736310778,0.736310778,0.736310778,0.736310778,0.736310778,0.736310778,0.736310778,0.736310778,0.736310778,0.638136008,0.638136008,0.638136008,0.638136008,0.539961237,0.539961237,0.539961237,0.539961237,0.441786467,0.441786467,0.441786467,0.343611696,0.343611696,0.343611696,0.343611696,0.245436926,0.245436926,0.245436926,0.245436926,0.245436926,0.147262156,0.147262156,0.147262156,0.0490873852,0.0490873852,0.0490873852,0.0490873852,0.147262156,0.245436926,0.343611696,0.441786467,0.441786467,0.539961237,0.638136008,0.638136008,0.736310778,0.736310778,0.736310778,0.834485549,0.834485549,0.834485549,0.834485549,0.834485549,0.834485549,0.834485549,0.834485549,0.834485549,0.736310778,0.736310778,0.736310778,0.736310778,0.736310778,0.638136008,0.638136008,0.638136008,0.638136008,0.638136008,0.638136008,0.638136008,0.539961237,0.539961237,0.539961237,0.539961237,0.539961237,0.539961237,0.539961237,0.539961237,0.539961237,0.539961237
122.386451006,C01,AP01,client_to_ap,VHT,2,2,2,80,SU,1,4,122,6637c97e16e6ce8a,0.736310778,0.638136008,0.638136008,0.638136008,0.638136008,0.638136008,0.638136008,0.638136008,0.638136008,0.638136008,0.638136008,0.638136008,0.638136008,0.638136008,0.638136008,0.638136008,0.638136008,0.638136008,0.638136008,0.638136008,0.638136008,0.638136008,0.638136008,0.638136008,0.638136008,0.638136008,0.638136008,0.638136008,0.638136008,0.638136008,0.736310778,0.736310778,0.736310778,0.736310778,0.736310778,0.736310778,0.736310778,0.736310778,0.736310778,0.736310778,0.736310778,0.736310778,0.736310778,0.736310778,0.834485549,0.834485549,0.834485549,0.736310778,0.736310778,0.736310778,0.736310778,0.736310778,0.736310778,0.736310778,0.638136008,0.638136008,0.638136008,0.638136008,0.539961237,0.539961237,0.539961237,0.441786467,0.441786467,0.441786467,0.343611696,0.343611696,0.343611696,0.343611696,0.245436926,0.245436926,0.245436926,0.245436926,0.245436926,0.147262156,0.147262156,0.147262156,0.0490873852,0.0490873852,0.0490873852,0.0490873852,0.147262156,0.245436926,0.343611696,0.441786467,0.441786467,0.539961237,0.638136008,0.736310778,0.736310778,0.736310778,0.834485549,0.834485549,0.834485549,0.834485549,0.834485549,0.834485549,0.834485549,0.834485549,0.834485549,0.834485549,0.834485549,0.834485549,0.736310778,0.736310778,0.736310778,0.736310778,0.638136008,0.638136008,0.638136008,0.638136008,0.638136008,0.638136008,0.638136008,0.638136008,0.539961237,0.539961237,0.539961237,0.539961237,0.539961237,0.539961237,0.539961237,0.539961237
123.717876911,C01,AP01,client_to_ap,VHT,2,2,2,80,SU,1,4,122,6637c97e16e6ce8a,0.638136008,0.638136008,0.638136008,0.638136008,0.638136008,0.638136008,0.638136008,0.638136008,0.638136008,0.638136008,0.638136008,0.638136008,0.638136008,0.638136008,0.638136008,0.638136008,0.638136008,0.638136008,0.638136008,0.638136008,0.638136008,0.638136008,0.638136008,0.638136008,0.638136008,0.638136008,0.638136008,0.638136008,0.638136008,0.638136008,0.638136008,0.638136008,0.638136008,0.638136008,0.736310778,0.736310778,0.736310778,0.736310778,0.736310778,0.736310778,0.736310778,0.736310778,0.736310778,0.736310778,0.736310778,0.736310778,0.736310778,0.736310778,0.736310778,0.736310778,0.736310778,0.736310778,0.736310778,0.638136008,0.638136008,0.638136008,0.638136008,0.539961237,0.539961237,0.539961237,0.539961237,0.441786467,0.441786467,0.441786467,0.343611696,0.343611696,0.343611696,0.343611696,0.245436926,0.245436926,0.245436926,0.245436926,0.245436926,0.147262156,0.147262156,0.147262156,0.0490873852,0.0490873852,0.0490873852,0.147262156,0.147262156,0.245436926,0.343611696,0.441786467,0.539961237,0.539961237,0.638136008,0.638136008,0.736310778,0.736310778,0.834485549,0.834485549,0.834485549,0.834485549,0.834485549,0.834485549,0.834485549,0.834485549,0.834485549,0.834485549,0.736310778,0.736310778,0.736310778,0.736310778,0.736310778,0.638136008,0.638136008,0.638136008,0.638136008,0.638136008,0.638136008,0.638136008,0.638136008,0.539961237,0.539961237,0.539961237,0.539961237,0.539961237,0.539961237,0.539961237,0.539961237,0.539961237
125.050271988,C01,AP01,client_to_ap,VHT,2,2,2,80,SU,1,4,122,6637c97e16e6ce8a,0.638136008,0.638136008,0.638136008,0.638136008,0.638136008,0.638136008,0.638136008,0.638136008,0.638136008,0.638136008,0.638136008,0.638136008,0.638136008,0.638136008,0.638136008,0.638136008,0.638136008,0.638136008,0.638136008,0.638136008,0.638136008,0.638136008,0.638136008,0.638136008,0.638136008,0.638136008,0.638136008,0.638136008,0.638136008,0.638136008,0.638136008,0.638136008,0.638136008,0.736310778,0.736310778,0.736310778,0.736310778,0.736310778,0.736310778,0.736310778,0.736310778,0.736310778,0.736310778,0.736310778,0.736310778,0.736310778,0.834485549,0.736310778,0.736310778,0.736310778,0.736310778,0.736310778,0.736310778,0.736310778,0.638136008,0.638136008,0.638136008,0.638136008,0.539961237,0.539961237,0.539961237,0.441786467,0.441786467,0.441786467,0.343611696,0.343611696,0.343611696,0.343611696,0.343611696,0.245436926,0.245436926,0.245436926,0.245436926,0.147262156,0.147262156,0.147262156,0.0490873852,0.0490873852,0.0490873852,0.147262156,0.147262156,0.245436926,0.343611696,0.441786467,0.441786467,0.539961237,0.638136008,0.736310778,0.736310778,0.736310778,0.834485549,0.834485549,0.834485549,0.834485549,0.834485549,0.834485549,0.834485549,0.834485549,0.834485549,0.834485549,0.834485549,0.736310778,0.736310778,0.736310778,0.736310778,0.638136008,0.638136008,0.638136008,0.638136008,0.638136008,0.638136008,0.638136008,0.539961237,0.539961237,0.539961237,0.539961237,0.539961237,0.539961237,0.539961237,0.539961237,0.539961237,0.539961237
126.385933876,C01,AP01,client_to_ap,VHT,2,2,2,80,SU,1,4,122,6637c97e16e6ce8a,0.638136008,0.638136008,0.638136008,0.638136008,0.638136008,0.638136008,0.638136008,0.638136008,0.638136008,0.638136008,0.638136008,0.638136008,0.638136008,0.638136008,0.638136008,0.638136008,0.638136008,0.638136008,0.638136008,0.638136008,0.638136008,0.638136008,0.638136008,0.638136008,0.638136008,0.638136008,0.638136008,0.638136008,0.638136008,0.638136008,0.638136008,0.638136008,0.638136008,0.736310778,0.736310778,0.736310778,0.736310778,0.736310778,0.736310778,0.736310778,0.736310778,0.736310778,0.736310778,0.736310778,0.736310778,0.736310778,0.736310778,0.736310778,0.736310778,0.736310778,0.736310778,0.736310778,0.736310778,0.638136008,0.638136008,0.638136008,0.638136008,0.539961237,0.539961237,0.539961237,0.539961237,0.441786467,0.441786467,0.441786467,0.343611696,0.343611696,0.343611696,0.343611696,0.245436926,0.245436926,0.245436926,0.245436926,0.245436926,0.147262156,0.147262156,0.147262156,0.0490873852,0.0490873852,0.0490873852,0.0490873852,0.147262156,0.245436926,0.343611696,0.441786467,0.441786467,0.539961237,0.638136008,0.638136008,0.736310778,0.736310778,0.736310778,0.834485549,0.834485549,0.834485549,0.834485549,0.834485549,0.834485549,0.834485549,0.834485549,0.834485549,0.736310778,0.736310778,0.736310778,0.736310778,0.736310778,0.736310778,0.638136008,0.638136008,0.638136008,0.638136008,0.638136008,0.638136008,0.539961237,0.539961237,0.539961237,0.539961237,0.539961237,0.539961237,0.539961237,0.539961237,0.539961237,0.539961237
127.718190908,C01,AP01,client_to_ap,VHT,2,2,2,80,SU,1,4,122,6637c97e16e6ce8a,0.638136008,0.638136008,0.638136008,0.638136008,0.638136008,0.638136008,0.638136008,0.638136008,0.638136008,0.638136008,0.638136008,0.638136008,0.638136008,0.638136008,0.638136008,0.638136008,0.638136008,0.638136008,0.638136008,0.638136008,0.638136008,0.638136008,0.638136008,0.638136008,0.638136008,0.638136008,0.638136008,0.638136008,0.638136008,0.638136008,0.638136008,0.638136008,0.638136008,0.638136008,0.736310778,0.736310778,0.736310778,0.736310778,0.736310778,0.736310778,0.736310778,0.736310778,0.736310778,0.736310778,0.736310778,0.736310778,0.736310778,0.736310778,0.736310778,0.736310778,0.736310778,0.736310778,0.736310778,0.638136008,0.638136008,0.638136008,0.638136008,0.539961237,0.539961237,0.539961237,0.539961237,0.441786467,0.441786467,0.441786467,0.343611696,0.343611696,0.343611696,0.343611696,0.343611696,0.245436926,0.245436926,0.245436926,0.245436926,0.147262156,0.147262156,0.147262156,0.0490873852,0.0490873852,0.0490873852,0.0490873852,0.147262156,0.245436926,0.245436926,0.343611696,0.441786467,0.539961237,0.638136008,0.638136008,0.736310778,0.736310778,0.736310778,0.834485549,0.834485549,0.834485549,0.834485549,0.834485549,0.834485549,0.834485549,0.834485549,0.834485549,0.736310778,0.736310778,0.736310778,0.736310778,0.736310778,0.638136008,0.638136008,0.638136008,0.638136008,0.638136008,0.638136008,0.638136008,0.539961237,0.539961237,0.539961237,0.539961237,0.539961237,0.539961237,0.539961237,0.539961237,0.539961237,0.539961237
129.050649881,C01,AP01,client_to_ap,VHT,2,2,2,80,SU,1,4,122,6637c97e16e6ce8a,0.638136008,0.638136008,0.638136008,0.638136008,0.638136008,0.638136008,0.638136008,0.638136008,0.638136008,0.638136008,0.638136008,0.638136008,0.638136008,0.638136008,0.638136008,0.638136008,0.638136008,0.638136008,0.638136008,0.638136008,0.638136008,0.638136008,0.638136008,0.638136008,0.638136008,0.638136008,0.638136008,0.638136008,0.638136008,0.638136008,0.638136008,0.736310778,0.638136008,0.638136008,0.638136008,0.736310778,0.736310778,0.736310778,0.736310778,0.736310778,0.736310778,0.736310778,0.736310778,0.736310778,0.736310778,0.736310778,0.736310778,0.736310778,0.736310778,0.736310778,0.736310778,0.736310778,0.736310778,0.638136008,0.638136008,0.638136008,0.638136008,0.539961237,0.539961237,0.539961237,0.539961237,0.441786467,0.441786467,0.441786467,0.343611696,0.343611696,0.343611696,0.343611696,0.245436926,0.245436926,0.245436926,0.245436926,0.245436926,0.147262156,0.147262156,0.147262156,0.0490873852,0.0490873852,0.0490873852,0.0490873852,0.147262156,0.245436926,0.343611696,0.343611696,0.539961237,0.539961237,0.638136008,0.638136008,0.736310778,0.736310778,0.736310778,0.834485549,0.834485549,0.834485549,0.834485549,0.834485549,0.834485549,0.834485549,0.834485549,0.834485549,0.834485549,0.736310778,0.736310778,0.736310778,0.736310778,0.638136008,0.638136008,0.638136008,0.638136008,0.638136008,0.638136008,0.638136008,0.539961237,0.539961237,0.539961237,0.539961237,0.539961237,0.539961237,0.539961237,0.539961237,0.539961237,0.539961237
130.385874033,C01,AP01,client_to_ap,VHT,2,2,2,80,SU,1,4,122,6637c97e16e6ce8a,0.638136008,0.638136008,0.638136008,0.638136008,0.638136008,0.638136008,0.638136008,0.638136008,0.638136008,0.638136008,0.638136008,0.638136008,0.638136008,0.638136008,0.638136008,0.638136008,0.638136008,0.638136008,0.638136008,0.638136008,0.638136008,0.638136008,0.638136008,0.638136008,0.638136008,0.638136008,0.638136008,0.638136008,0.638136008,0.638136008,0.736310778,0.638136008,0.736310778,0.736310778,0.736310778,0.736310778,0.736310778,0.736310778,0.736310778,0.736310778,0.736310778,0.736310778,0.736310778,0.736310778,0.736310778,0.834485549,0.736310778,0.736310778,0.736310778,0.736310778,0.736310778,0.736310778,0.736310778,0.736310778,0.638136008,0.638136008,0.638136008,0.539961237,0.539961237,0.539961237,0.539961237,0.441786467,0.441786467,0.441786467,0.343611696,0.343611696,0.343611696,0.343611696,0.343611696,0.245436926,0.245436926,0.245436926,0.245436926,0.147262156,0.147262156,0.147262156,0.0490873852,0.0490873852,0.0490873852,0.147262156,0.147262156,0.245436926,0.245436926,0.441786467,0.441786467,0.539961237,0.638136008,0.736310778,0.736310778,0.736310778,0.736310778,0.834485549,0.834485549,0.834485549,0.834485549,0.834485549,0.834485549,0.834485549,0.834485549,0.834485549,0.736310778,0.736310778,0.736310778,0.736310778,0.638136008,0.638136008,0.638136008,0.638136008,0.638136008,0.638136008,0.638136008,0.638136008,0.539961237,0.539961237,0.539961237,0.539961237,0.539961237,0.539961237,0.539961237,0.539961237,0.539961237,0.539961237
131.718184948,C01,AP01,client_to_ap,VHT,2,2,2,80,SU,1,4,122,6637c97e16e6ce8a,0.638136008,0.638136008,0.638136008,0.638136008,0.638136008,0.638136008,0.638136008,0.638136008,0.638136008,0.638136008,0.638136008,0.638136008,0.638136008,0.638136008,0.638136008,0.638136008,0.638136008,0.638136008,0.638136008,0.638136008,0.638136008,0.638136008,0.638136008,0.638136008,0.638136008,0.638136008,0.638136008,0.638136008,0.638136008,0.638136008,0.638136008,0.638136008,0.638136008,0.736310778,0.736310778,0.736310778,0.736310778,0.736310778,0.736310778,0.736310778,0.736310778,0.736310778,0.736310778,0.736310778,0.736310778,0.736310778,0.736310778,0.736310778,0.736310778,0.736310778,0.736310778,0.736310778,0.736310778,0.638136008,0.638136008,0.638136008,0.638136008,0.539961237,0.539961237,0.539961237,0.539961237,0.441786467,0.441786467,0.441786467,0.343611696,0.343611696,0.343611696,0.343611696,0.245436926,0.245436926,0.245436926,0.245436926,0.245436926,0.147262156,0.147262156,0.147262156,0.0490873852,0.0490873852,0.0490873852,0.0490873852,0.147262156,0.245436926,0.343611696,0.441786467,0.441786467,0.539961237,0.638136008,0.638136008,0.736310778,0.736310778,0.834485549,0.834485549,0.834485549,0.834485549,0.834485549,0.834485549,0.834485549,0.834485549,0.834485549,0.834485549,0.834485549,0.736310778,0.736310778,0.736310778,0.736310778,0.638136008,0.638136008,0.638136008,0.638136008,0.638136008,0.638136008,0.638136008,0.539961237,0.539961237,0.539961237,0.539961237,0.539961237,0.539961237,0.539961237,0.539961237,0.539961237,0.539961237
133.050218821,C01,AP01,client_to_ap,VHT,2,2,2,80,SU,1,4,122,6637c97e16e6ce8a,0.638136008,0.638136008,0.638136008,0.638136008,0.638136008,0.638136008,0.638136008,0.638136008,0.638136008,0.638136008,0.638136008,0.638136008,0.638136008,0.638136008,0.638136008,0.638136008,0.638136008,0.638136008,0.638136008,0.638136008,0.638136008,0.638136008,0.638136008,0.638136008,0.638136008,0.638136008,0.638136008,0.638136008,0.638136008,0.638136008,0.638136008,0.638136008,0.638136008,0.736310778,0.736310778,0.736310778,0.736310778,0.736310778,0.736310778,0.736310778,0.736310778,0.736310778,0.736310778,0.736310778,0.736310778,0.736310778,0.736310778,0.736310778,0.736310778,0.736310778,0.736310778,0.736310778,0.736310778,0.638136008,0.638136008,0.638136008,0.638136008,0.638136008,0.539961237,0.539961237,0.539961237,0.441786467,0.441786467,0.441786467,0.441786467,0.343611696,0.343611696,0.343611696,0.245436926,0.245436926,0.245436926,0.245436926,0.245436926,0.147262156,0.147262156,0.147262156,0.0490873852,0.0490873852,0.0490873852,0.0490873852,0.147262156,0.245436926,0.343611696,0.441786467,0.441786467,0.539961237,0.638136008,0.638136008,0.736310778,0.736310778,0.834485549,0.834485549,0.834485549,0.834485549,0.834485549,0.834485549,0.834485549,0.834485549,0.834485549,0.834485549,0.834485549,0.736310778,0.736310778,0.736310778,0.736310778,0.736310778,0.638136008,0.638136008,0.638136008,0.638136008,0.638136008,0.638136008,0.539961237,0.539961237,0.539961237,0.539961237,0.539961237,0.539961237,0.539961237,0.539961237,0.539961237,0.539961237
134.385458946,C01,AP01,client_to_ap,VHT,2,2,2,80,SU,1,4,122,6637c97e16e6ce8a,0.638136008,0.638136008,0.638136008,0.638136008,0.638136008,0.638136008,0.638136008,0.638136008,0.638136008,0.638136008,0.638136008,0.638136008,0.638136008,0.638136008,0.638136008,0.638136008,0.638136008,0.638136008,0.638136008,0.638136008,0.638136008,0.638136008,0.638136008,0.638136008,0.638136008,0.638136008,0.638136008,0.638136008,0.638136008,0.638136008,0.638136008,0.638136008,0.638136008,0.638136008,0.638136008,0.638136008,0.736310778,0.736310778,0.736310778,0.736310778,0.736310778,0.736310778,0.736310778,0.736310778,0.736310778,0.736310778,0.736310778,0.736310778,0.736310778,0.736310778,0.736310778,0.736310778,0.736310778,0.638136008,0.638136008,0.638136008,0.638136008,0.539961237,0.539961237,0.539961237,0.539961237,0.441786467,0.441786467,0.441786467,0.343611696,0.343611696,0.343611696,0.245436926,0.245436926,0.245436926,0.245436926,0.245436926,0.147262156,0.147262156,0.147262156,0.0490873852,0.0490873852,0.0490873852,0.0490873852,0.147262156,0.147262156,0.245436926,0.343611696,0.441786467,0.441786467,0.539961237,0.638136008,0.736310778,0.638136008,0.736310778,0.736310778,0.834485549,0.834485549,0.834485549,0.834485549,0.834485549,0.834485549,0.834485549,0.834485549,0.834485549,0.736310778,0.736310778,0.736310778,0.736310778,0.736310778,0.638136008,0.638136008,0.638136008,0.638136008,0.638136008,0.638136008,0.638136008,0.539961237,0.539961237,0.539961237,0.539961237,0.539961237,0.539961237,0.539961237,0.539961237,0.539961237,0.539961237
135.718289852,C01,AP01,client_to_ap,VHT,2,2,2,80,SU,1,4,122,6637c97e16e6ce8a,0.638136008,0.638136008,0.638136008,0.638136008,0.638136008,0.638136008,0.638136008,0.638136008,0.638136008,0.638136008,0.638136008,0.638136008,0.638136008,0.638136008,0.638136008,0.638136008,0.638136008,0.638136008,0.638136008,0.638136008,0.638136008,0.638136008,0.638136008,0.638136008,0.638136008,0.638136008,0.638136008,0.638136008,0.638136008,0.638136008,0.638136008,0.638136008,0.638136008,0.638136008,0.638136008,0.638136008,0.638136008,0.736310778,0.638136008,0.736310778,0.736310778,0.736310778,0.736310778,0.736310778,0.736310778,0.736310778,0.736310778,0.736310778,0.736310778,0.736310778,0.736310778,0.736310778,0.638136008,0.638136008,0.638136008,0.638136008,0.638136008,0.539961237,0.539961237,0.539961237,0.539961237,0.441786467,0.441786467,0.441786467,0.343611696,0.343611696,0.343611696,0.343611696,0.245436926,0.245436926,0.245436926,0.245436926,0.147262156,0.147262156,0.147262156,0.147262156,0.0490873852,0.0490873852,0.0490873852,0.147262156,0.147262156,0.245436926,0.343611696,0.343611696,0.441786467,0.539961237,0.638136008,0.638136008,0.638136008,0.736310778,0.736310778,0.834485549,0.834485549,0.834485549,0.834485549,0.834485549,0.834485549,0.834485549,0.834485549,0.736310778,0.736310778,0.736310778,0.736310778,0.736310778,0.736310778,0.638136008,0.638136008,0.638136008,0.638136008,0.638136008,0.638136008,0.638136008,0.539961237,0.539961237,0.539961237,0.539961237,0.539961237,0.539961237,0.539961237,0.539961237,0.539961237,0.539961237
137.049701929,C01,AP01,client_to_ap,VHT,2,2,2,80,SU,1,4,122,6637c97e16e6ce8a,0.638136008,0.638136008,0.638136008,0.638136008,0.638136008,0.638136008,0.638136008,0.638136008,0.638136008,0.638136008,0.638136008,0.638136008,0.638136008,0.638136008,0.638136008,0.638136008,0.638136008,0.638136008,0.638136008,0.638136008,0.638136008,0.638136008,0.638136008,0.638136008,0.638136008,0.638136008,0.638136008,0.638136008,0.638136008,0.638136008,0.638136008,0.638136008,0.638136008,0.638136008,0.638136008,0.638136008,0.638136008,0.638136008,0.638136008,0.736310778,0.736310778,0.736310778,0.736310778,0.736310778,0.736310778,0.736310778,0.736310778,0.736310778,0.736310778,0.736310778,0.638136008,0.736310778,0.638136008,0.638136008,0.638136008,0.638136008,0.638136008,0.539961237,0.539961237,0.539961237,0.441786467,0.441786467,0.441786467,0.441786467,0.343611696,0.343611696,0.343611696,0.245436926,0.245436926,0.245436926,0.245436926,0.245436926,0.245436926,0.147262156,0.147262156,0.0490873852,0.0490873852,0.0490873852,0.0490873852,0.147262156,0.147262156,0.245436926,0.343611696,0.343611696,0.441786467,0.539961237,0.539961237,0.638136008,0.638136008,0.736310778,0.736310778,0.736310778,0.736310778,0.834485549,0.834485549,0.834485549,0.834485549,0.736310778,0.736310778,0.736310778,0.736310778,0.736310778,0.736310778,0.736310778,0.638136008,0.638136008,0.638136008,0.638136008,0.638136008,0.638136008,0.539961237,0.539961237,0.539961237,0.539961237,0.539961237,0.539961237,0.539961237,0.539961237,0.539961237,0.539961237,0.539961237,0.539961237
138.386257887,C01,AP01,client_to_ap,VHT,2,2,2,80,SU,1,4,122,6637c97e16e6ce8a,0.638136008,0.638136008,0.638136008,0.638136008,0.638136008,0.638136008,0.638136008,0.638136008,0.638136008,0.638136008,0.638136008,0.638136008,0.638136008,0.638136008,0.638136008,0.638136008,0.638136008,0.638136008,0.638136008,0.638136008,0.638136008,0.638136008,0.638136008,0.638136008,0.638136008,0.638136008,0.638136008,0.638136008,0.638136008,0.736310778,0.638136008,0.638136008,0.736310778,0.736310778,0.736310778,0.638136008,0.736310778,0.736310778,0.736310778,0.736310778,0.736310778,0.736310778,0.736310778,0.736310778,0.736310778,0.834485549,0.736310778,0.736310778,0.736310778,0.736310778,0.736310778,0.736310778,0.736310778,0.638136008,0.638136008,0.638136008,0.638136008,0.638136008,0.539961237,0.539961237,0.539961237,0.441786467,0.441786467,0.441786467,0.343611696,0.343611696,0.343611696,0.343611696,0.245436926,0.245436926,0.245436926,0.245436926,0.245436926,0.147262156,0.147262156,0.147262156,0.0490873852,0.0490873852,0.0490873852,0.147262156,0.147262156,0.245436926,0.343611696,0.441786467,0.441786467,0.539961237,0.638136008,0.736310778,0.638136008,0.736310778,0.736310778,0.834485549,0.834485549,0.834485549,0.834485549,0.834485549,0.834485549,0.834485549,0.834485549,0.834485549,0.736310778,0.736310778,0.736310778,0.736310778,0.736310778,0.638136008,0.638136008,0.638136008,0.638136008,0.638136008,0.638136008,0.638136008,0.539961237,0.539961237,0.539961237,0.539961237,0.539961237,0.539961237,0.539961237,0.539961237,0.539961237,0.539961237
139.718272924,C01,AP01,client_to_ap,VHT,2,2,2,80,SU,1,4,122,6637c97e16e6ce8a,0.736310778,0.638136008,0.638136008,0.638136008,0.638136008,0.638136008,0.638136008,0.638136008,0.638136008,0.638136008,0.638136008,0.638136008,0.638136008,0.638136008,0.638136008,0.638136008,0.638136008,0.638136008,0.638136008,0.638136008,0.638136008,0.638136008,0.638136008,0.638136008,0.638136008,0.638136008,0.638136008,0.638136008,0.638136008,0.638136008,0.638136008,0.638136008,0.638136008,0.736310778,0.736310778,0.736310778,0.736310778,0.736310778,0.736310778,0.736310778,0.736310778,0.736310778,0.736310778,0.736310778,0.736310778,0.736310778,0.736310778,0.736310778,0.736310778,0.736310778,0.736310778,0.736310778,0.736310778,0.638136008,0.638136008,0.638136008,0.638136008,0.539961237,0.539961237,0.539961237,0.539961237,0.441786467,0.441786467,0.441786467,0.343611696,0.343611696,0.343611696,0.343611696,0.245436926,0.245436926,0.245436926,0.245436926,0.245436926,0.147262156,0.147262156,0.147262156,0.0490873852,0.0490873852,0.0490873852,0.0490873852,0.147262156,0.245436926,0.343611696,0.441786467,0.441786467,0.539961237,0.638136008,0.736310778,0.736310778,0.736310778,0.834485549,0.834485549,0.834485549,0.834485549,0.834485549,0.834485549,0.834485549,0.834485549,0.834485549,0.834485549,0.736310778,0.736310778,0.736310778,0.736310778,0.736310778,0.736310778,0.638136008,0.638136008,0.638136008,0.638136008,0.638136008,0.638136008,0.638136008,0.539961237,0.539961237,0.539961237,0.539961237,0.539961237,0.539961237,0.539961237,0.539961237,0.539961237
141.050539017,C01,AP01,client_to_ap,VHT,2,2,2,80,SU,1,4,122,6637c97e16e6ce8a,0.638136008,0.638136008,0.638136008,0.638136008,0.638136008,0.638136008,0.638136008,0.638136008,0.638136008,0.638136008,0.638136008,0.638136008,0.638136008,0.638136008,0.638136008,0.638136008,0.638136008,0.638136008,0.638136008,0.638136008,0.638136008,0.638136008,0.638136008,0.638136008,0.638136008,0.638136008,0.638136008,0.638136008,0.638136008,0.638136008,0.638136008,0.736310778,0.638136008,0.638136008,0.736310778,0.736310778,0.736310778,0.736310778,0.736310778,0.736310778,0.736310778,0.736310778,0.736310778,0.736310778,0.736310778,0.736310778,0.834485549,0.736310778,0.736310778,0.736310778,0.736310778,0.736310778,0.736310778,0.736310778,0.638136008,0.638136008,0.638136008,0.638136008,0.539961237,0.539961237,0.539961237,0.441786467,0.441786467,0.441786467,0.343611696,0.343611696,0.343611696,0.343611696,0.245436926,0.245436926,0.245436926,0.245436926,0.245436926,0.147262156,0.147262156,0.147262156,0.0490873852,0.0490873852,0.0490873852,0.147262156,0.147262156,0.245436926,0.343611696,0.441786467,0.441786467,0.539961237,0.638136008,0.638136008,0.736310778,0.736310778,0.834485549,0.834485549,0.834485549,0.834485549,0.834485549,0.834485549,0.834485549,0.834485549,0.834485549,0.834485549,0.834485549,0.736310778,0.736310778,0.736310778,0.736310778,0.638136008,0.638136008,0.638136008,0.638136008,0.638136008,0.638136008,0.638136008,0.539961237,0.539961237,0.539961237,0.539961237,0.539961237,0.539961237,0.539961237,0.539961237,0.539961237,0.539961237
142.386200905,C01,AP01,client_to_ap,VHT,2,2,2,80,SU,1,4,122,6637c97e16e6ce8a,0.736310778,0.736310778,0.638136008,0.638136008,0.638136008,0.638136008,0.638136008,0.638136008,0.638136008,0.638136008,0.638136008,0.638136008,0.638136008,0.638136008,0.638136008,0.638136008,0.638136008,0.638136008,0.638136008,0.638136008,0.638136008,0.638136008,0.638136008,0.638136008,0.638136008,0.638136008,0.638136008,0.638136008,0.638136008,0.638136008,0.638136008,0.638136008,0.736310778,0.638136008,0.736310778,0.736310778,0.736310778,0.736310778,0.736310778,0.736310778,0.736310778,0.736310778,0.736310778,0.736310778,0.736310778,0.736310778,0.736310778,0.736310778,0.736310778,0.736310778,0.736310778,0.736310778,0.736310778,0.638136008,0.638136008,0.638136008,0.638136008,0.539961237,0.539961237,0.539961237,0.539961237,0.441786467,0.441786467,0.441786467,0.343611696,0.343611696,0.343611696,0.343611696,0.245436926,0.245436926,0.245436926,0.245436926,0.245436926,0.147262156,0.147262156,0.147262156,0.0490873852,0.0490873852,0.0490873852,0.0490873852,0.147262156,0.245436926,0.245436926,0.343611696,0.441786467,0.539961237,0.638136008,0.638136008,0.736310778,0.736310778,0.834485549,0.834485549,0.834485549,0.834485549,0.834485549,0.834485549,0.834485549,0.834485549,0.834485549,0.834485549,0.834485549,0.736310778,0.736310778,0.736310778,0.736310778,0.638136008,0.638136008,0.638136008,0.638136008,0.638136008,0.638136008,0.638136008,0.539961237,0.539961237,0.539961237,0.539961237,0.539961237,0.539961237,0.539961237,0.539961237,0.539961237,0.539961237
143.718160868,C01,AP01,client_to_ap,VHT,2,2,2,80,SU,1,4,122,6637c97e16e6ce8a,0.638136008,0.638136008,0.638136008,0.638136008,0.638136008,0.638136008,0.638136008,0.638136008,0.638136008,0.638136008,0.638136008,0.638136008,0.638136008,0.638136008,0.638136008,0.638136008,0.638136008,0.638136008,0.638136008,0.638136008,0.638136008,0.638136008,0.638136008,0.638136008,0.638136008,0.638136008,0.638136008,0.638136008,0.638136008,0.638136008,0.638136008,0.638136008,0.638136008,0.638136008,0.736310778,0.736310778,0.736310778,0.736310778,0.736310778,0.736310778,0.736310778,0.736310778,0.736310778,0.736310778,0.736310778,0.736310778,0.736310778,0.736310778,0.736310778,0.736310778,0.736310778,0.736310778,0.736310778,0.638136008,0.638136008,0.638136008,0.638136008,0.539961237,0.539961237,0.539961237,0.539961237,0.441786467,0.441786467,0.441786467,0.343611696,0.343611696,0.343611696,0.343611696,0.245436926,0.245436926,0.245436926,0.245436926,0.147262156,0.147262156,0.147262156,0.147262156,0.0490873852,0.0490873852,0.0490873852,0.0490873852,0.147262156,0.245436926,0.343611696,0.441786467,0.441786467,0.539961237,0.638136008,0.638136008,0.736310778,0.736310778,0.736310778,0.834485549,0.834485549,0.834485549,0.834485549,0.834485549,0.834485549,0.834485549,0.834485549,0.834485549,0.736310778,0.736310778,0.736310778,0.736310778,0.736310778,0.736310778,0.638136008,0.638136008,0.638136008,0.638136008,0.638136008,0.638136008,0.539961237,0.539961237,0.539961237,0.539961237,0.539961237,0.539961237,0.539961237,0.539961237,0.539961237,0.539961237
145.050015926,C01,AP01,client_to_ap,VHT,2,2,2,80,SU,1,4,122,6637c97e16e6ce8a,0.736310778,0.736310778,0.736310778,0.638136008,0.638136008,0.638136008,0.638136008,0.638136008,0.638136008,0.638136008,0.638136008,0.638136008,0.638136008,0.638136008,0.638136008,0.638136008,0.638136008,0.638136008,0.638136008,0.638136008,0.638136008,0.638136008,0.638136008,0.638136008,0.638136008,0.638136008,0.638136008,0.638136008,0.638136008,0.736310778,0.638136008,0.638136008,0.736310778,0.736310778,0.736310778,0.736310778,0.736310778,0.736310778,0.736310778,0.736310778,0.736310778,0.736310778,0.736310778,0.736310778,0.736310778,0.736310778,0.834485549,0.736310778,0.736310778,0.736310778,0.736310778,0.736310778,0.736310778,0.736310778,0.638136008,0.638136008,0.638136008,0.638136008,0.539961237,0.539961237,0.539961237,0.441786467,0.441786467,0.441786467,0.343611696,0.343611696,0.343611696,0.343611696,0.343611696,0.245436926,0.245436926,0.245436926,0.245436926,0.147262156,0.147262156,0.147262156,0.0490873852,0.0490873852,0.0490873852,0.147262156,0.147262156,0.245436926,0.343611696,0.441786467,0.539961237,0.539961237,0.638136008,0.736310778,0.736310778,0.736310778,0.834485549,0.834485549,0.834485549,0.834485549,0.834485549,0.834485549,0.834485549,0.834485549,0.834485549,0.834485549,0.834485549,0.736310778,0.736310778,0.736310778,0.736310778,0.736310778,0.638136008,0.638136008,0.638136008,0.638136008,0.638136008,0.638136008,0.638136008,0.539961237,0.539961237,0.539961237,0.539961237,0.539961237,0.539961237,0.539961237,0.539961237,0.539961237
146.386425972,C01,AP01,client_to_ap,VHT,2,2,2,80,SU,1,4,122,6637c97e16e6ce8a,0.638136008,0.638136008,0.638136008,0.638136008,0.638136008,0.638136008,0.638136008,0.638136008,0.638136008,0.638136008,0.638136008,0.638136008,0.638136008,0.638136008,0.638136008,0.638136008,0.638136008,0.638136008,0.638136008,0.638136008,0.638136008,0.638136008,0.638136008,0.638136008,0.638136008,0.638136008,0.638136008,0.638136008,0.638136008,0.638136008,0.638136008,0.638136008,0.638136008,0.638136008,0.736310778,0.736310778,0.736310778,0.736310778,0.736310778,0.736310778,0.736310778,0.736310778,0.736310778,0.736310778,0.736310778,0.736310778,0.736310778,0.736310778,0.736310778,0.736310778,0.736310778,0.736310778,0.736310778,0.638136008,0.638136008,0.638136008,0.638136008,0.539961237,0.539961237,0.539961237,0.539961237,0.441786467,0.441786467,0.441786467,0.343611696,0.343611696,0.343611696,0.343611696,0.343611696,0.245436926,0.245436926,0.245436926,0.245436926,0.147262156,0.147262156,0.147262156,0.0490873852,0.0490873852,0.0490873852,0.0490873852,0.147262156,0.245436926,0.343611696,0.343611696,0.441786467,0.539961237,0.638136008,0.638136008,0.736310778,0.736310778,0.834485549,0.834485549,0.834485549,0.834485549,0.834485549,0.834485549,0.834485549,0.834485549,0.834485549,0.834485549,0.736310778,0.736310778,0.736310778,0.736310778,0.736310778,0.638136008,0.638136008,0.638136008,0.638136008,0.638136008,0.638136008,0.638136008,0.539961237,0.539961237,0.539961237,0.539961237,0.539961237,0.539961237,0.539961237,0.539961237,0.539961237,0.539961237
147.713627815,C01,AP01,client_to_ap,VHT,2,2,2,80,SU,1,4,122,6637c97e16e6ce8a,0.736310778,0.736310778,0.736310778,0.638136008,0.638136008,0.638136008,0.638136008,0.638136008,0.638136008,0.638136008,0.638136008,0.638136008,0.638136008,0.638136008,0.638136008,0.638136008,0.638136008,0.638136008,0.638136008,0.638136008,0.638136008,0.638136008,0.638136008,0.638136008,0.638136008,0.638136008,0.638136008,0.638136008,0.638136008,0.736310778,0.638136008,0.736310778,0.736310778,0.736310778,0.736310778,0.736310778,0.736310778,0.736310778,0.736310778,0.736310778,0.736310778,0.736310778,0.736310778,0.736310778,0.736310778,0.834485549,0.834485549,0.736310778,0.736310778,0.736310778,0.736310778,0.736310778,0.736310778,0.736310778,0.638136008,0.638136008,0.638136008,0.638136008,0.539961237,0.539961237,0.539961237,0.441786467,0.441786467,0.441786467,0.441786467,0.343611696,0.343611696,0.343611696,0.343611696,0.245436926,0.245436926,0.245436926,0.245436926,0.147262156,0.147262156,0.147262156,0.0490873852,0.0490873852,0.0490873852,0.0490873852,0.147262156,0.245436926,0.343611696,0.441786467,0.539961237,0.539961237,0.638136008,0.736310778,0.736310778,0.736310778,0.834485549,0.834485549,0.834485549,0.834485549,0.834485549,0.834485549,0.834485549,0.834485549,0.834485549,0.834485549,0.834485549,0.736310778,0.736310778,0.736310778,0.736310778,0.736310778,0.638136008,0.638136008,0.638136008,0.638136008,0.638136008,0.638136008,0.539961237,0.539961237,0.539961237,0.539961237,0.539961237,0.539961237,0.539961237,0.539961237,0.539961237,0.539961237
149.041775942,C01,AP01,client_to_ap,VHT,2,2,2,80,SU,1,4,122,6637c97e16e6ce8a,0.638136008,0.638136008,0.638136008,0.638136008,0.638136008,0.638136008,0.638136008,0.638136008,0.638136008,0.638136008,0.638136008,0.638136008,0.638136008,0.638136008,0.638136008,0.638136008,0.638136008,0.638136008,0.638136008,0.638136008,0.638136008,0.638136008,0.638136008,0.638136008,0.638136008,0.638136008,0.638136008,0.638136008,0.638136008,0.638136008,0.638136008,0.638136008,0.638136008,0.736310778,0.736310778,0.736310778,0.736310778,0.736310778,0.736310778,0.736310778,0.736310778,0.736310778,0.736310778,0.736310778,0.736310778,0.736310778,0.736310778,0.736310778,0.736310778,0.736310778,0.736310778,0.736310778,0.736310778,0.638136008,0.638136008,0.638136008,0.638136008,0.539961237,0.539961237,0.539961237,0.539961237,0.441786467,0.441786467,0.441786467,0.343611696,0.343611696,0.343611696,0.343611696,0.245436926,0.245436926,0.245436926,0.245436926,0.245436926,0.147262156,0.147262156,0.147262156,0.0490873852,0.0490873852,0.0490873852,0.147262156,0.147262156,0.245436926,0.343611696,0.441786467,0.441786467,0.539961237,0.638136008,0.638136008,0.736310778,0.736310778,0.834485549,0.834485549,0.834485549,0.834485549,0.834485549,0.834485549,0.834485549,0.834485549,0.834485549,0.834485549,0.834485549,0.736310778,0.736310778,0.736310778,0.736310778,0.736310778,0.638136008,0.638136008,0.638136008,0.638136008,0.638136008,0.638136008,0.539961237,0.539961237,0.539961237,0.539961237,0.539961237,0.539961237,0.539961237,0.539961237,0.539961237,0.539961237
150.375656843,C01,AP01,client_to_ap,VHT,2,2,2,80,SU,1,4,122,6637c97e16e6ce8a,0.638136008,0.638136008,0.638136008,0.638136008,0.638136008,0.638136008,0.638136008,0.638136008,0.638136008,0.638136008,0.638136008,0.638136008,0.638136008,0.638136008,0.638136008,0.638136008,0.638136008,0.638136008,0.638136008,0.638136008,0.638136008,0.638136008,0.638136008,0.638136008,0.638136008,0.638136008,0.638136008,0.638136008,0.638136008,0.638136008,0.638136008,0.638136008,0.638136008,0.638136008,0.736310778,0.736310778,0.736310778,0.736310778,0.736310778,0.736310778,0.736310778,0.736310778,0.736310778,0.736310778,0.736310778,0.736310778,0.736310778,0.736310778,0.736310778,0.736310778,0.736310778,0.736310778,0.736310778,0.638136008,0.638136008,0.638136008,0.638136008,0.539961237,0.539961237,0.539961237,0.539961237,0.441786467,0.441786467,0.441786467,0.343611696,0.343611696,0.343611696,0.343611696,0.245436926,0.245436926,0.245436926,0.245436926,0.245436926,0.147262156,0.147262156,0.147262156,0.0490873852,0.0490873852,0.0490873852,0.0490873852,0.147262156,0.245436926,0.343611696,0.441786467,0.441786467,0.539961237,0.638136008,0.736310778,0.736310778,0.736310778,0.834485549,0.834485549,0.834485549,0.834485549,0.834485549,0.834485549,0.834485549,0.834485549,0.834485549,0.834485549,0.834485549,0.736310778,0.736310778,0.736310778,0.736310778,0.736310778,0.638136008,0.638136008,0.638136008,0.638136008,0.638136008,0.638136008,0.539961237,0.539961237,0.539961237,0.539961237,0.539961237,0.539961237,0.539961237,0.539961237,0.539961237,0.539961237
151.703033924,C01,AP01,client_to_ap,VHT,2,2,2,80,SU,1,4,122,6637c97e16e6ce8a,0.638136008,0.638136008,0.638136008,0.638136008,0.638136008,0.638136008,0.638136008,0.638136008,0.638136008,0.638136008,0.638136008,0.638136008,0.638136008,0.638136008,0.638136008,0.638136008,0.638136008,0.638136008,0.638136008,0.638136008,0.638136008,0.638136008,0.638136008,0.638136008,0.638136008,0.638136008,0.638136008,0.638136008,0.638136008,0.638136008,0.638136008,0.638136008,0.638136008,0.736310778,0.736310778,0.736310778,0.736310778,0.736310778,0.736310778,0.736310778,0.736310778,0.736310778,0.736310778,0.736310778,0.736310778,0.736310778,0.736310778,0.736310778,0.736310778,0.736310778,0.736310778,0.736310778,0.736310778,0.638136008,0.638136008,0.638136008,0.638136008,0.638136008,0.539961237,0.539961237,0.539961237,0.441786467,0.441786467,0.441786467,0.343611696,0.343611696,0.343611696,0.343611696,0.245436926,0.245436926,0.245436926,0.245436926,0.245436926,0.147262156,0.147262156,0.147262156,0.0490873852,0.0490873852,0.0490873852,0.0490873852,0.147262156,0.245436926,0.343611696,0.343611696,0.441786467,0.539961237,0.638136008,0.736310778,0.736310778,0.736310778,0.834485549,0.834485549,0.834485549,0.834485549,0.834485549,0.834485549,0.834485549,0.834485549,0.834485549,0.834485549,0.736310778,0.736310778,0.736310778,0.736310778,0.736310778,0.638136008,0.638136008,0.638136008,0.638136008,0.638136008,0.638136008,0.638136008,0.539961237,0.539961237,0.539961237,0.539961237,0.539961237,0.539961237,0.539961237,0.539961237,0.539961237,0.539961237
153.030517817,C01,AP01,client_to_ap,VHT,2,2,2,80,SU,1,4,122,6637c97e16e6ce8a,0.638136008,0.638136008,0.638136008,0.638136008,0.638136008,0.638136008,0.638136008,0.638136008,0.638136008,0.638136008,0.638136008,0.638136008,0.638136008,0.638136008,0.638136008,0.638136008,0.638136008,0.638136008,0.638136008,0.638136008,0.638136008,0.638136008,0.638136008,0.638136008,0.638136008,0.638136008,0.638136008,0.638136008,0.638136008,0.638136008,0.638136008,0.638136008,0.638136008,0.638136008,0.638136008,0.736310778,0.736310778,0.736310778,0.736310778,0.736310778,0.736310778,0.736310778,0.736310778,0.736310778,0.736310778,0.736310778,0.736310778,0.736310778,0.736310778,0.736310778,0.736310778,0.736310778,0.736310778,0.736310778,0.638136008,0.638136008,0.638136008,0.539961237,0.539961237,0.539961237,0.539961237,0.441786467,0.441786467,0.441786467,0.343611696,0.343611696,0.343611696,0.343611696,0.245436926,0.245436926,0.245436926,0.245436926,0.245436926,0.147262156,0.147262156,0.147262156,0.0490873852,0.0490873852,0.0490873852,0.147262156,0.147262156,0.245436926,0.343611696,0.343611696,0.539961237,0.539961237,0.638136008,0.638136008,0.736310778,0.736310778,0.736310778,0.834485549,0.834485549,0.834485549,0.834485549,0.834485549,0.834485549,0.834485549,0.834485549,0.834485549,0.834485549,0.736310778,0.736310778,0.736310778,0.736310778,0.638136008,0.638136008,0.638136008,0.638136008,0.638136008,0.638136008,0.638136008,0.539961237,0.539961237,0.539961237,0.539961237,0.539961237,0.539961237,0.539961237,0.539961237,0.539961237,0.539961237
154.365250826,C01,AP01,client_to_ap,VHT,2,2,2,80,SU,1,4,122,6637c97e16e6ce8a,0.736310778,0.638136008,0.638136008,0.638136008,0.638136008,0.638136008,0.638136008,0.638136008,0.638136008,0.638136008,0.638136008,0.638136008,0.638136008,0.638136008,0.638136008,0.638136008,0.638136008,0.638136008,0.638136008,0.638136008,0.638136008,0.638136008,0.638136008,0.638136008,0.638136008,0.638136008,0.638136008,0.638136008,0.638136008,0.638136008,0.638136008,0.736310778,0.638136008,0.638136008,0.736310778,0.736310778,0.736310778,0.736310778,0.736310778,0.736310778,0.736310778,0.736310778,0.736310778,0.736310778,0.736310778,0.736310778,0.834485549,0.736310778,0.736310778,0.736310778,0.736310778,0.736310778,0.736310778,0.736310778,0.638136008,0.638136008,0.638136008,0.539961237,0.539961237,0.539961237,0.539961237,0.441786467,0.441786467,0.441786467,0.343611696,0.343611696,0.343611696,0.343611696,0.245436926,0.245436926,0.245436926,0.245436926,0.245436926,0.147262156,0.147262156,0.147262156,0.0490873852,0.0490873852,0.0490873852,0.0490873852,0.147262156,0.245436926,0.343611696,0.343611696,0.441786467,0.539961237,0.638136008,0.638136008,0.736310778,0.736310778,0.736310778,0.834485549,0.834485549,0.834485549,0.834485549,0.834485549,0.834485549,0.834485549,0.834485549,0.834485549,0.834485549,0.736310778,0.736310778,0.736310778,0.736310778,0.638136008,0.638136008,0.638136008,0.638136008,0.638136008,0.638136008,0.638136008,0.539961237,0.539961237,0.539961237,0.539961237,0.539961237,0.539961237,0.539961237,0.539961237,0.539961237,0.539961237
155.698837042,C01,AP01,client_to_ap,VHT,2,2,2,80,SU,1,4,122,6637c97e16e6ce8a,0.638136008,0.638136008,0.638136008,0.638136008,0.638136008,0.638136008,0.638136008,0.638136008,0.638136008,0.638136008,0.638136008,0.638136008,0.638136008,0.638136008,0.638136008,0.638136008,0.638136008,0.638136008,0.638136008,0.638136008,0.638136008,0.638136008,0.638136008,0.638136008,0.638136008,0.638136008,0.638136008,0.638136008,0.638136008,0.638136008,0.638136008,0.736310778,0.638136008,0.638136008,0.638136008,0.736310778,0.736310778,0.736310778,0.736310778,0.736310778,0.736310778,0.736310778,0.736310778,0.736310778,0.736310778,0.736310778,0.736310778,0.736310778,0.736310778,0.736310778,0.736310778,0.736310778,0.736310778,0.736310778,0.638136008,0.638136008,0.638136008,0.638136008,0.539961237,0.539961237,0.539961237,0.441786467,0.441786467,0.441786467,0.343611696,0.343611696,0.343611696,0.343611696,0.245436926,0.245436926,0.245436926,0.245436926,0.245436926,0.147262156,0.147262156,0.0490873852,0.0490873852,0.0490873852,0.0490873852,0.147262156,0.147262156,0.245436926,0.343611696,0.441786467,0.539961237,0.539961237,0.638136008,0.638136008,0.736310778,0.736310778,0.736310778,0.834485549,0.834485549,0.834485549,0.834485549,0.834485549,0.834485549,0.834485549,0.834485549,0.834485549,0.834485549,0.736310778,0.736310778,0.736310778,0.736310778,0.638136008,0.638136008,0.638136008,0.638136008,0.638136008,0.638136008,0.638136008,0.539961237,0.539961237,0.539961237,0.539961237,0.539961237,0.539961237,0.539961237,0.539961237,0.539961237,0.539961237
157.029381990,C01,AP01,client_to_ap,VHT,2,2,2,80,SU,1,4,122,6637c97e16e6ce8a,0.638136008,0.638136008,0.638136008,0.638136008,0.638136008,0.638136008,0.638136008,0.638136008,0.638136008,0.638136008,0.638136008,0.638136008,0.638136008,0.638136008,0.638136008,0.638136008,0.638136008,0.638136008,0.638136008,0.638136008,0.638136008,0.638136008,0.638136008,0.638136008,0.638136008,0.638136008,0.638136008,0.638136008,0.638136008,0.638136008,0.638136008,0.736310778,0.638136008,0.638136008,0.638136008,0.736310778,0.736310778,0.736310778,0.736310778,0.736310778,0.736310778,0.736310778,0.736310778,0.736310778,0.736310778,0.736310778,0.736310778,0.736310778,0.736310778,0.736310778,0.736310778,0.736310778,0.736310778,0.638136008,0.638136008,0.638136008,0.638136008,0.638136008,0.539961237,0.539961237,0.539961237,0.441786467,0.441786467,0.441786467,0.343611696,0.343611696,0.343611696,0.343611696,0.245436926,0.245436926,0.245436926,0.245436926,0.245436926,0.147262156,0.147262156,0.0490873852,0.0490873852,0.0490873852,0.0490873852,0.147262156,0.147262156,0.245436926,0.343611696,0.441786467,0.539961237,0.539961237,0.638136008,0.638136008,0.736310778,0.736310778,0.736310778,0.834485549,0.834485549,0.834485549,0.834485549,0.834485549,0.834485549,0.834485549,0.834485549,0.834485549,0.834485549,0.736310778,0.736310778,0.736310778,0.736310778,0.638136008,0.638136008,0.638136008,0.638136008,0.638136008,0.638136008,0.638136008,0.539961237,0.539961237,0.539961237,0.539961237,0.539961237,0.539961237,0.539961237,0.539961237,0.539961237,0.539961237
158.360538960,C01,AP01,client_to_ap,VHT,2,2,2,80,SU,1,4,122,6637c97e16e6ce8a,0.736310778,0.638136008,0.638136008,0.638136008,0.638136008,0.638136008,0.638136008,0.638136008,0.638136008,0.638136008,0.638136008,0.638136008,0.638136008,0.638136008,0.638136008,0.638136008,0.638136008,0.638136008,0.638136008,0.638136008,0.638136008,0.638136008,0.638136008,0.638136008,0.638136008,0.638136008,0.638136008,0.638136008,0.638136008,0.638136008,0.638136008,0.736310778,0.638136008,0.638136008,0.736310778,0.736310778,0.736310778,0.736310778,0.736310778,0.736310778,0.736310778,0.736310778,0.736310778,0.736310778,0.736310778,0.736310778,0.736310778,0.736310778,0.736310778,0.736310778,0.736310778,0.736310778,0.736310778,0.638136008,0.638136008,0.638136008,0.638136008,0.539961237,0.539961237,0.539961237,0.539961237,0.441786467,0.441786467,0.441786467,0.343611696,0.343611696,0.343611696,0.343611696,0.343611696,0.245436926,0.245436926,0.245436926,0.245436926,0.147262156,0.147262156,0.147262156,0.0490873852,0.0490873852,0.0490873852,0.147262156,0.147262156,0.245436926,0.343611696,0.343611696,0.441786467,0.539961237,0.638136008,0.736310778,0.736310778,0.736310778,0.736310778,0.834485549,0.834485549,0.834485549,0.834485549,0.834485549,0.834485549,0.834485549,0.834485549,0.834485549,0.834485549,0.736310778,0.736310778,0.736310778,0.736310778,0.736310778,0.638136008,0.638136008,0.638136008,0.638136008,0.638136008,0.638136008,0.539961237,0.539961237,0.539961237,0.539961237,0.539961237,0.539961237,0.539961237,0.539961237,0.539961237,0.539961237
159.689754009,C01,AP01,client_to_ap,VHT,2,2,2,80,SU,1,4,122,6637c97e16e6ce8a,0.638136008,0.638136008,0.638136008,0.638136008,0.638136008,0.638136008,0.638136008,0.638136008,0.638136008,0.638136008,0.638136008,0.638136008,0.638136008,0.638136008,0.638136008,0.638136008,0.638136008,0.638136008,0.638136008,0.638136008,0.638136008,0.638136008,0.638136008,0.638136008,0.638136008,0.638136008,0.638136008,0.638136008,0.638136008,0.736310778,0.638136008,0.638136008,0.736310778,0.736310778,0.638136008,0.736310778,0.736310778,0.736310778,0.736310778,0.736310778,0.736310778,0.736310778,0.736310778,0.736310778,0.736310778,0.736310778,0.736310778,0.736310778,0.736310778,0.736310778,0.736310778,0.736310778,0.736310778,0.638136008,0.638136008,0.638136008,0.638136008,0.638136008,0.539961237,0.539961237,0.539961237,0.441786467,0.441786467,0.441786467,0.343611696,0.343611696,0.343611696,0.343611696,0.245436926,0.245436926,0.245436926,0.245436926,0.245436926,0.147262156,0.147262156,0.147262156,0.0490873852,0.0490873852,0.0490873852,0.0490873852,0.147262156,0.245436926,0.343611696,0.441786467,0.441786467,0.539961237,0.638136008,0.638136008,0.736310778,0.736310778,0.736310778,0.834485549,0.834485549,0.834485549,0.834485549,0.834485549,0.834485549,0.834485549,0.834485549,0.834485549,0.736310778,0.736310778,0.736310778,0.736310778,0.736310778,0.638136008,0.638136008,0.638136008,0.638136008,0.638136008,0.638136008,0.638136008,0.539961237,0.539961237,0.539961237,0.539961237,0.539961237,0.539961237,0.539961237,0.539961237,0.539961237,0.539961237
161.019043922,C01,AP01,client_to_ap,VHT,2,2,2,80,SU,1,4,122,6637c97e16e6ce8a,0.736310778,0.736310778,0.638136008,0.638136008,0.638136008,0.638136008,0.638136008,0.638136008,0.638136008,0.638136008,0.638136008,0.638136008,0.638136008,0.638136008,0.638136008,0.638136008,0.638136008,0.638136008,0.638136008,0.638136008,0.638136008,0.638136008,0.638136008,0.638136008,0.638136008,0.638136008,0.638136008,0.638136008,0.638136008,0.638136008,0.638136008,0.736310778,0.736310778,0.736310778,0.736310778,0.736310778,0.736310778,0.736310778,0.736310778,0.736310778,0.736310778,0.736310778,0.736310778,0.736310778,0.736310778,0.736310778,0.834485549,0.736310778,0.736310778,0.736310778,0.736310778,0.736310778,0.736310778,0.736310778,0.638136008,0.638136008,0.638136008,0.638136008,0.539961237,0.539961237,0.539961237,0.441786467,0.441786467,0.441786467,0.441786467,0.343611696,0.343611696,0.343611696,0.343611696,0.245436926,0.245436926,0.245436926,0.245436926,0.147262156,0.147262156,0.147262156,0.0490873852,0.0490873852,0.0490873852,0.0490873852,0.147262156,0.245436926,0.245436926,0.343611696,0.539961237,0.539961237,0.638136008,0.736310778,0.736310778,0.736310778,0.834485549,0.834485549,0.834485549,0.834485549,0.834485549,0.834485549,0.834485549,0.834485549,0.834485549,0.834485549,0.834485549,0.736310778,0.736310778,0.736310778,0.736310778,0.736310778,0.638136008,0.638136008,0.638136008,0.638136008,0.638136008,0.638136008,0.539961237,0.539961237,0.539961237,0.539961237,0.539961237,0.539961237,0.539961237,0.539961237,0.539961237,0.539961237
162.355370045,C01,AP01,client_to_ap,VHT,2,2,2,80,SU,1,4,122,6637c97e16e6ce8a,0.736310778,0.736310778,0.638136008,0.638136008,0.638136008,0.638136008,0.638136008,0.638136008,0.638136008,0.638136008,0.638136008,0.638136008,0.638136008,0.638136008,0.638136008,0.638136008,0.638136008,0.638136008,0.638136008,0.638136008,0.638136008,0.638136008,0.638136008,0.638136008,0.638136008,0.638136008,0.638136008,0.638136008,0.638136008,0.736310778,0.638136008,0.736310778,0.736310778,0.736310778,0.736310778,0.736310778,0.736310778,0.736310778,0.736310778,0.736310778,0.736310778,0.736310778,0.736310778,0.736310778,0.736310778,0.834485549,0.834485549,0.736310778,0.736310778,0.736310778,0.736310778,0.736310778,0.736310778,0.736310778,0.638136008,0.638136008,0.638136008,0.638136008,0.539961237,0.539961237,0.539961237,0.441786467,0.441786467,0.441786467,0.441786467,0.343611696,0.343611696,0.343611696,0.343611696,0.245436926,0.245436926,0.245436926,0.245436926,0.147262156,0.147262156,0.147262156,0.0490873852,0.0490873852,0.0490873852,0.0490873852,0.147262156,0.245436926,0.343611696,0.441786467,0.539961237,0.539961237,0.638136008,0.736310778,0.736310778,0.736310778,0.834485549,0.834485549,0.834485549,0.834485549,0.834485549,0.834485549,0.834485549,0.834485549,0.834485549,0.834485549,0.834485549,0.736310778,0.736310778,0.736310778,0.736310778,0.736310778,0.638136008,0.638136008,0.638136008,0.638136008,0.638136008,0.638136008,0.638136008,0.539961237,0.539961237,0.539961237,0.539961237,0.539961237,0.539961237,0.539961237,0.539961237,0.539961237
163.686949968,C01,AP01,client_to_ap,VHT,2,2,2,80,SU,1,4,122,6637c97e16e6ce8a,0.638136008,0.638136008,0.638136008,0.638136008,0.638136008,0.638136008,0.638136008,0.638136008,0.638136008,0.638136008,0.638136008,0.638136008,0.638136008,0.638136008,0.638136008,0.638136008,0.638136008,0.638136008,0.638136008,0.638136008,0.638136008,0.638136008,0.638136008,0.638136008,0.638136008,0.638136008,0.638136008,0.638136008,0.638136008,0.638136008,0.638136008,0.638136008,0.638136008,0.638136008,0.736310778,0.736310778,0.736310778,0.736310778,0.736310778,0.736310778,0.736310778,0.736310778,0.736310778,0.736310778,0.736310778,0.736310778,0.736310778,0.736310778,0.736310778,0.736310778,0.736310778,0.736310778,0.736310778,0.638136008,0.638136008,0.638136008,0.638136008,0.539961237,0.539961237,0.539961237,0.539961237,0.441786467,0.441786467,0.441786467,0.343611696,0.343611696,0.343611696,0.343611696,0.245436926,0.245436926,0.245436926,0.245436926,0.245436926,0.147262156,0.147262156,0.147262156,0.0490873852,0.0490873852,0.0490873852,0.0490873852,0.147262156,0.245436926,0.343611696,0.441786467,0.441786467,0.539961237,0.638136008,0.638136008,0.736310778,0.736310778,0.736310778,0.834485549,0.834485549,0.834485549,0.834485549,0.834485549,0.834485549,0.834485549,0.834485549,0.834485549,0.736310778,0.736310778,0.736310778,0.736310778,0.736310778,0.736310778,0.638136008,0.638136008,0.638136008,0.638136008,0.638136008,0.638136008,0.638136008,0.539961237,0.539961237,0.539961237,0.539961237,0.539961237,0.539961237,0.539961237,0.539961237,0.539961237
165.019263029,C01,AP01,client_to_ap,VHT,2,2,2,80,SU,1,4,122,6637c97e16e6ce8a,0.638136008,0.638136008,0.638136008,0.638136008,0.638136008,0.638136008,0.638136008,0.638136008,0.638136008,0.638136008,0.638136008,0.638136008,0.638136008,0.638136008,0.638136008,0.638136008,0.638136008,0.638136008,0.638136008,0.638136008,0.638136008,0.638136008,0.638136008,0.638136008,0.638136008,0.638136008,0.638136008,0.638136008,0.638136008,0.638136008,0.638136008,0.638136008,0.638136008,0.638136008,0.736310778,0.736310778,0.736310778,0.736310778,0.736310778,0.736310778,0.736310778,0.736310778,0.736310778,0.736310778,0.736310778,0.736310778,0.736310778,0.736310778,0.736310778,0.736310778,0.736310778,0.736310778,0.736310778,0.638136008,0.638136008,0.638136008,0.638136008,0.539961237,0.539961237,0.539961237,0.539961237,0.441786467,0.441786467,0.441786467,0.343611696,0.343611696,0.343611696,0.343611696,0.245436926,0.245436926,0.245436926,0.245436926,0.245436926,0.147262156,0.147262156,0.147262156,0.0490873852,0.0490873852,0.0490873852,0.0490873852,0.147262156,0.245436926,0.343611696,0.441786467,0.539961237,0.539961237,0.638136008,0.736310778,0.736310778,0.736310778,0.736310778,0.834485549,0.834485549,0.834485549,0.834485549,0.834485549,0.834485549,0.834485549,0.834485549,0.834485549,0.834485549,0.736310778,0.736310778,0.736310778,0.736310778,0.736310778,0.638136008,0.638136008,0.638136008,0.638136008,0.638136008,0.638136008,0.539961237,0.539961237,0.539961237,0.539961237,0.539961237,0.539961237,0.539961237,0.539961237,0.539961237,0.539961237
166.355967999,C01,AP01,client_to_ap,VHT,2,2,2,80,SU,1,4,122,6637c97e16e6ce8a,0.638136008,0.638136008,0.638136008,0.638136008,0.638136008,0.638136008,0.638136008,0.638136008,0.638136008,0.638136008,0.638136008,0.638136008,0.638136008,0.638136008,0.638136008,0.638136008,0.638136008,0.638136008,0.638136008,0.638136008,0.638136008,0.638136008,0.638136008,0.638136008,0.638136008,0.638136008,0.638136008,0.638136008,0.638136008,0.638136008,0.638136008,0.638136008,0.638136008,0.736310778,0.736310778,0.736310778,0.736310778,0.736310778,0.736310778,0.736310778,0.736310778,0.736310778,0.736310778,0.736310778,0.736310778,0.736310778,0.736310778,0.736310778,0.736310778,0.736310778,0.736310778,0.736310778,0.736310778,0.736310778,0.638136008,0.638136008,0.638136008,0.539961237,0.539961237,0.539961237,0.539961237,0.441786467,0.441786467,0.441786467,0.343611696,0.343611696,0.343611696,0.343611696,0.245436926,0.245436926,0.245436926,0.245436926,0.245436926,0.147262156,0.147262156,0.147262156,0.0490873852,0.0490873852,0.0490873852,0.147262156,0.147262156,0.245436926,0.343611696,0.441786467,0.441786467,0.539961237,0.638136008,0.638136008,0.736310778,0.736310778,0.834485549,0.834485549,0.834485549,0.834485549,0.834485549,0.834485549,0.834485549,0.834485549,0.834485549,0.834485549,0.834485549,0.736310778,0.736310778,0.736310778,0.736310778,0.736310778,0.638136008,0.638136008,0.638136008,0.638136008,0.638136008,0.638136008,0.539961237,0.539961237,0.539961237,0.539961237,0.539961237,0.539961237,0.539961237,0.539961237,0.539961237,0.539961237
167.687515020,C01,AP01,client_to_ap,VHT,2,2,2,80,SU,1,4,122,6637c97e16e6ce8a,0.736310778,0.638136008,0.638136008,0.638136008,0.638136008,0.638136008,0.638136008,0.638136008,0.638136008,0.638136008,0.638136008,0.638136008,0.638136008,0.638136008,0.638136008,0.638136008,0.638136008,0.638136008,0.638136008,0.638136008,0.638136008,0.638136008,0.638136008,0.638136008,0.638136008,0.638136008,0.638136008,0.638136008,0.638136008,0.638136008,0.638136008,0.638136008,0.736310778,0.638136008,0.736310778,0.736310778,0.736310778,0.736310778,0.736310778,0.736310778,0.736310778,0.736310778,0.736310778,0.736310778,0.736310778,0.736310778,0.736310778,0.736310778,0.736310778,0.736310778,0.736310778,0.736310778,0.736310778,0.638136008,0.638136008,0.638136008,0.638136008,0.539961237,0.539961237,0.539961237,0.539961237,0.441786467,0.441786467,0.441786467,0.343611696,0.343611696,0.343611696,0.343611696,0.245436926,0.245436926,0.245436926,0.245436926,0.245436926,0.147262156,0.147262156,0.147262156,0.0490873852,0.0490873852,0.0490873852,0.147262156,0.147262156,0.245436926,0.343611696,0.441786467,0.441786467,0.539961237,0.638136008,0.638136008,0.736310778,0.736310778,0.736310778,0.834485549,0.834485549,0.834485549,0.834485549,0.834485549,0.834485549,0.834485549,0.834485549,0.834485549,0.736310778,0.736310778,0.736310778,0.736310778,0.736310778,0.638136008,0.638136008,0.638136008,0.638136008,0.638136008,0.638136008,0.638136008,0.539961237,0.539961237,0.539961237,0.539961237,0.539961237,0.539961237,0.539961237,0.539961237,0.539961237,0.539961237
169.019134045,C01,AP01,client_to_ap,VHT,2,2,2,80,SU,1,4,122,6637c97e16e6ce8a,0.638136008,0.736310778,0.638136008,0.638136008,0.638136008,0.638136008,0.638136008,0.638136008,0.638136008,0.638136008,0.638136008,0.638136008,0.638136008,0.638136008,0.638136008,0.638136008,0.638136008,0.638136008,0.638136008,0.638136008,0.638136008,0.638136008,0.638136008,0.638136008,0.638136008,0.638136008,0.638136008,0.638136008,0.638136008,0.736310778,0.638136008,0.638136008,0.638136008,0.736310778,0.736310778,0.736310778,0.736310778,0.736310778,0.736310778,0.736310778,0.736310778,0.736310778,0.736310778,0.736310778,0.736310778,0.834485549,0.736310778,0.736310778,0.736310778,0.736310778,0.736310778,0.736310778,0.736310778,0.638136008,0.638136008,0.638136008,0.638136008,0.539961237,0.539961237,0.539961237,0.539961237,0.441786467,0.441786467,0.441786467,0.343611696,0.343611696,0.343611696,0.343611696,0.245436926,0.245436926,0.245436926,0.245436926,0.245436926,0.147262156,0.147262156,0.147262156,0.0490873852,0.0490873852,0.0490873852,0.0490873852,0.147262156,0.245436926,0.343611696,0.343611696,0.441786467,0.539961237,0.638136008,0.638136008,0.736310778,0.736310778,0.834485549,0.834485549,0.834485549,0.834485549,0.834485549,0.834485549,0.834485549,0.834485549,0.834485549,0.834485549,0.834485549,0.736310778,0.736310778,0.736310778,0.736310778,0.638136008,0.638136008,0.638136008,0.638136008,0.638136008,0.638136008,0.638136008,0.539961237,0.539961237,0.539961237,0.539961237,0.539961237,0.539961237,0.539961237,0.539961237,0.539961237,0.539961237
170.355216026,C01,AP01,client_to_ap,VHT,2,2,2,80,SU,1,4,122,6637c97e16e6ce8a,0.736310778,0.638136008,0.638136008,0.638136008,0.638136008,0.638136008,0.638136008,0.638136008,0.638136008,0.638136008,0.638136008,0.638136008,0.638136008,0.638136008,0.638136008,0.638136008,0.638136008,0.638136008,0.638136008,0.638136008,0.638136008,0.638136008,0.638136008,0.638136008,0.638136008,0.638136008,0.638136008,0.638136008,0.638136008,0.638136008,0.638136008,0.638136008,0.736310778,0.736310778,0.736310778,0.736310778,0.736310778,0.736310778,0.736310778,0.736310778,0.736310778,0.736310778,0.736310778,0.736310778,0.736310778,0.736310778,0.736310778,0.736310778,0.736310778,0.736310778,0.736310778,0.736310778,0.736310778,0.638136008,0.638136008,0.638136008,0.638136008,0.539961237,0.539961237,0.539961237,0.539961237,0.441786467,0.441786467,0.441786467,0.343611696,0.343611696,0.343611696,0.343611696,0.245436926,0.245436926,0.245436926,0.245436926,0.245436926,0.147262156,0.147262156,0.147262156,0.0490873852,0.0490873852,0.0490873852,0.0490873852,0.147262156,0.245436926,0.343611696,0.441786467,0.441786467,0.539961237,0.638136008,0.638136008,0.736310778,0.736310778,0.834485549,0.834485549,0.834485549,0.834485549,0.834485549,0.834485549,0.834485549,0.834485549,0.834485549,0.834485549,0.736310778,0.736310778,0.736310778,0.736310778,0.736310778,0.736310778,0.638136008,0.638136008,0.638136008,0.638136008,0.638136008,0.638136008,0.539961237,0.539961237,0.539961237,0.539961237,0.539961237,0.539961237,0.539961237,0.539961237,0.539961237,0.539961237
171.687342882,C01,AP01,client_to_ap,VHT,2,2,2,80,SU,1,4,122,6637c97e16e6ce8a,0.638136008,0.638136008,0.638136008,0.638136008,0.638136008,0.638136008,0.638136008,0.638136008,0.638136008,0.638136008,0.638136008,0.638136008,0.638136008,0.638136008,0.638136008,0.638136008,0.638136008,0.638136008,0.638136008,0.638136008,0.638136008,0.638136008,0.638136008,0.638136008,0.638136008,0.638136008,0.638136008,0.638136008,0.638136008,0.638136008,0.638136008,0.638136008,0.638136008,0.638136008,0.736310778,0.736310778,0.736310778,0.736310778,0.736310778,0.736310778,0.736310778,0.736310778,0.736310778,0.736310778,0.736310778,0.736310778,0.736310778,0.736310778,0.736310778,0.736310778,0.736310778,0.736310778,0.736310778,0.638136008,0.638136008,0.638136008,0.638136008,0.539961237,0.539961237,0.539961237,0.539961237,0.441786467,0.441786467,0.441786467,0.343611696,0.343611696,0.343611696,0.343611696,0.245436926,0.245436926,0.245436926,0.245436926,0.245436926,0.147262156,0.147262156,0.0490873852,0.0490873852,0.0490873852,0.0490873852,0.147262156,0.147262156,0.245436926,0.343611696,0.441786467,0.441786467,0.539961237,0.638136008,0.638136008,0.638136008,0.736310778,0.736310778,0.834485549,0.834485549,0.834485549,0.834485549,0.834485549,0.834485549,0.834485549,0.834485549,0.834485549,0.736310778,0.736310778,0.736310778,0.736310778,0.638136008,0.638136008,0.638136008,0.638136008,0.638136008,0.638136008,0.638136008,0.638136008,0.539961237,0.539961237,0.539961237,0.539961237,0.539961237,0.539961237,0.539961237,0.539961237,0.539961237,0.539961237
173.019336939,C01,AP01,client_to_ap,VHT,2,2,2,80,SU,1,4,122,6637c97e16e6ce8a,0.638136008,0.638136008,0.638136008,0.638136008,0.638136008,0.638136008,0.638136008,0.638136008,0.638136008,0.638136008,0.638136008,0.638136008,0.638136008,0.638136008,0.638136008,0.638136008,0.638136008,0.638136008,0.638136008,0.638136008,0.638136008,0.638136008,0.638136008,0.638136008,0.638136008,0.638136008,0.638136008,0.638136008,0.638136008,0.638136008,0.638136008,0.638136008,0.736310778,0.638136008,0.736310778,0.736310778,0.736310778,0.736310778,0.736310778,0.736310778,0.736310778,0.736310778,0.736310778,0.736310778,0.736310778,0.736310778,0.736310778,0.736310778,0.736310778,0.736310778,0.736310778,0.736310778,0.736310778,0.638136008,0.638136008,0.638136008,0.638136008,0.539961237,0.539961237,0.539961237,0.539961237,0.441786467,0.441786467,0.441786467,0.343611696,0.343611696,0.343611696,0.343611696,0.245436926,0.245436926,0.245436926,0.245436926,0.147262156,0.147262156,0.147262156,0.147262156,0.0490873852,0.0490873852,0.0490873852,0.147262156,0.147262156,0.245436926,0.343611696,0.441786467,0.539961237,0.539961237,0.638136008,0.638136008,0.736310778,0.736310778,0.834485549,0.834485549,0.834485549,0.834485549,0.834485549,0.834485549,0.834485549,0.834485549,0.834485549,0.834485549,0.834485549,0.736310778,0.736310778,0.736310778,0.736310778,0.736310778,0.638136008,0.638136008,0.638136008,0.638136008,0.638136008,0.638136008,0.539961237,0.539961237,0.539961237,0.539961237,0.539961237,0.539961237,0.539961237,0.539961237,0.539961237,0.539961237
174.355422020,C01,AP01,client_to_ap,VHT,2,2,2,80,SU,1,4,122,6637c97e16e6ce8a,0.736310778,0.638136008,0.638136008,0.638136008,0.638136008,0.638136008,0.638136008,0.638136008,0.638136008,0.638136008,0.638136008,0.638136008,0.638136008,0.638136008,0.638136008,0.638136008,0.638136008,0.638136008,0.638136008,0.638136008,0.638136008,0.638136008,0.638136008,0.638136008,0.638136008,0.638136008,0.638136008,0.638136008,0.638136008,0.638136008,0.638136008,0.638136008,0.638136008,0.736310778,0.736310778,0.736310778,0.736310778,0.736310778,0.736310778,0.736310778,0.736310778,0.736310778,0.736310778,0.736310778,0.736310778,0.736310778,0.736310778,0.736310778,0.736310778,0.736310778,0.736310778,0.736310778,0.736310778,0.638136008,0.638136008,0.638136008,0.638136008,0.539961237,0.539961237,0.539961237,0.539961237,0.441786467,0.441786467,0.441786467,0.343611696,0.343611696,0.343611696,0.343611696,0.245436926,0.245436926,0.245436926,0.245436926,0.245436926,0.147262156,0.147262156,0.147262156,0.0490873852,0.0490873852,0.0490873852,0.0490873852,0.147262156,0.245436926,0.343611696,0.441786467,0.539961237,0.539961237,0.638136008,0.638136008,0.736310778,0.736310778,0.834485549,0.834485549,0.834485549,0.834485549,0.834485549,0.834485549,0.834485549,0.834485549,0.834485549,0.834485549,0.834485549,0.736310778,0.736310778,0.736310778,0.736310778,0.736310778,0.638136008,0.638136008,0.638136008,0.638136008,0.638136008,0.638136008,0.638136008,0.539961237,0.539961237,0.539961237,0.539961237,0.539961237,0.539961237,0.539961237,0.539961237,0.539961237
175.687489986,C01,AP01,client_to_ap,VHT,2,2,2,80,SU,1,4,122,6637c97e16e6ce8a,0.736310778,0.736310778,0.736310778,0.638136008,0.638136008,0.638136008,0.638136008,0.638136008,0.638136008,0.638136008,0.638136008,0.638136008,0.638136008,0.638136008,0.638136008,0.638136008,0.638136008,0.638136008,0.638136008,0.638136008,0.638136008,0.638136008,0.638136008,0.638136008,0.638136008,0.638136008,0.638136008,0.638136008,0.638136008,0.736310778,0.736310778,0.736310778,0.736310778,0.736310778,0.736310778,0.736310778,0.736310778,0.736310778,0.736310778,0.736310778,0.736310778,0.736310778,0.834485549,0.736310778,0.834485549,0.834485549,0.834485549,0.736310778,0.736310778,0.736310778,0.736310778,0.736310778,0.736310778,0.736310778,0.638136008,0.638136008,0.638136008,0.638136008,0.539961237,0.539961237,0.539961237,0.441786467,0.441786467,0.441786467,0.343611696,0.343611696,0.343611696,0.343611696,0.245436926,0.245436926,0.245436926,0.245436926,0.245436926,0.147262156,0.147262156,0.147262156,0.0490873852,0.0490873852,0.0490873852,0.147262156,0.147262156,0.245436926,0.343611696,0.441786467,0.539961237,0.539961237,0.638136008,0.736310778,0.736310778,0.736310778,0.834485549,0.834485549,0.834485549,0.834485549,0.834485549,0.834485549,0.834485549,0.834485549,0.834485549,0.834485549,0.834485549,0.834485549,0.736310778,0.736310778,0.736310778,0.736310778,0.638136008,0.638136008,0.638136008,0.638136008,0.638136008,0.638136008,0.539961237,0.539961237,0.539961237,0.539961237,0.539961237,0.539961237,0.539961237,0.539961237,0.539961237,0.539961237
177.019608021,C01,AP01,client_to_ap,VHT,2,2,2,80,SU,1,4,122,6637c97e16e6ce8a,0.736310778,0.736310778,0.736310778,0.638136008,0.638136008,0.638136008,0.638136008,0.638136008,0.638136008,0.638136008,0.638136008,0.638136008,0.638136008,0.638136008,0.638136008,0.638136008,0.638136008,0.638136008,0.638136008,0.638136008,0.638136008,0.638136008,0.638136008,0.638136008,0.638136008,0.638136008,0.638136008,0.638136008,0.638136008,0.736310778,0.736310778,0.736310778,0.736310778,0.736310778,0.736310778,0.736310778,0.736310778,0.736310778,0.736310778,0.736310778,0.736310778,0.736310778,0.736310778,0.736310778,0.736310778,0.834485549,0.834485549,0.736310778,0.736310778,0.736310778,0.736310778,0.736310778,0.736310778,0.736310778,0.638136008,0.638136008,0.638136008,0.638136008,0.539961237,0.539961237,0.539961237,0.441786467,0.441786467,0.441786467,0.343611696,0.343611696,0.343611696,0.343611696,0.245436926,0.245436926,0.245436926,0.245436926,0.245436926,0.147262156,0.147262156,0.147262156,0.0490873852,0.0490873852,0.0490873852,0.147262156,0.147262156,0.245436926,0.343611696,0.441786467,0.539961237,0.539961237,0.638136008,0.736310778,0.736310778,0.736310778,0.834485549,0.834485549,0.834485549,0.834485549,0.834485549,0.834485549,0.834485549,0.834485549,0.834485549,0.834485549,0.834485549,0.736310778,0.736310778,0.736310778,0.736310778,0.736310778,0.638136008,0.638136008,0.638136008,0.638136008,0.638136008,0.638136008,0.539961237,0.539961237,0.539961237,0.539961237,0.539961237,0.539961237,0.539961237,0.539961237,0.539961237,0.539961237
178.355190992,C01,AP01,client_to_ap,VHT,2,2,2,80,SU,1,4,122,6637c97e16e6ce8a,0.736310778,0.638136008,0.638136008,0.638136008,0.638136008,0.638136008,0.638136008,0.638136008,0.638136008,0.638136008,0.638136008,0.638136008,0.638136008,0.638136008,0.638136008,0.638136008,0.638136008,0.638136008,0.638136008,0.638136008,0.638136008,0.638136008,0.638136008,0.638136008,0.638136008,0.638136008,0.638136008,0.638136008,0.638136008,0.638136008,0.638136008,0.638136008,0.736310778,0.638136008,0.638136008,0.736310778,0.736310778,0.736310778,0.736310778,0.736310778,0.736310778,0.736310778,0.736310778,0.736310778,0.736310778,0.736310778,0.736310778,0.736310778,0.736310778,0.736310778,0.736310778,0.736310778,0.736310778,0.638136008,0.638136008,0.638136008,0.638136008,0.539961237,0.539961237,0.539961237,0.539961237,0.441786467,0.441786467,0.441786467,0.343611696,0.343611696,0.343611696,0.343611696,0.245436926,0.245436926,0.245436926,0.245436926,0.245436926,0.147262156,0.147262156,0.147262156,0.0490873852,0.0490873852,0.0490873852,0.0490873852,0.147262156,0.245436926,0.343611696,0.441786467,0.441786467,0.539961237,0.638136008,0.638136008,0.736310778,0.736310778,0.736310778,0.834485549,0.834485549,0.834485549,0.834485549,0.834485549,0.834485549,0.834485549,0.834485549,0.834485549,0.736310778,0.736310778,0.736310778,0.736310778,0.736310778,0.736310778,0.638136008,0.638136008,0.638136008,0.638136008,0.638136008,0.539961237,0.638136008,0.539961237,0.539961237,0.539961237,0.539961237,0.539961237,0.539961237,0.539961237,0.539961237,0.539961237
179.686580896,C01,AP01,client_to_ap,VHT,2,2,2,80,SU,1,4,122,6637c97e16e6ce8a,0.638136008,0.638136008,0.638136008,0.736310778,0.638136008,0.638136008,0.638136008,0.638136008,0.638136008,0.638136008,0.638136008,0.638136008,0.638136008,0.638136008,0.638136008,0.638136008,0.638136008,0.638136008,0.638136008,0.638136008,0.638136008,0.638136008,0.638136008,0.638136008,0.638136008,0.638136008,0.638136008,0.638136008,0.638136008,0.638136008,0.638136008,0.736310778,0.736310778,0.736310778,0.736310778,0.736310778,0.736310778,0.736310778,0.736310778,0.736310778,0.736310778,0.736310778,0.736310778,0.736310778,0.736310778,0.834485549,0.736310778,0.736310778,0.736310778,0.736310778,0.736310778,0.736310778,0.736310778,0.638136008,0.638136008,0.638136008,0.638136008,0.638136008,0.539961237,0.539961237,0.539961237,0.441786467,0.441786467,0.441786467,0.441786467,0.343611696,0.343611696,0.343611696,0.343611696,0.245436926,0.245436926,0.245436926,0.245436926,0.147262156,0.147262156,0.147262156,0.147262156,0.0490873852,0.0490873852,0.0490873852,0.147262156,0.245436926,0.343611696,0.441786467,0.441786467,0.539961237,0.638136008,0.736310778,0.736310778,0.736310778,0.834485549,0.834485549,0.834485549,0.834485549,0.834485549,0.834485549,0.834485549,0.834485549,0.834485549,0.834485549,0.834485549,0.736310778,0.736310778,0.736310778,0.736310778,0.736310778,0.638136008,0.638136008,0.638136008,0.638136008,0.638136008,0.638136008,0.539961237,0.539961237,0.539961237,0.539961237,0.539961237,0.539961237,0.539961237,0.539961237,0.539961237,0.539961237
181.019845009,C01,AP01,client_to_ap,VHT,2,2,2,80,SU,1,4,122,6637c97e16e6ce8a,0.638136008,0.638136008,0.638136008,0.638136008,0.638136008,0.638136008,0.638136008,0.638136008,0.638136008,0.638136008,0.638136008,0.638136008,0.638136008,0.638136008,0.638136008,0.638136008,0.638136008,0.638136008,0.638136008,0.638136008,0.638136008,0.638136008,0.638136008,0.638136008,0.638136008,0.638136008,0.638136008,0.638136008,0.638136008,0.638136008,0.638136008,0.736310778,0.638136008,0.638136008,0.736310778,0.736310778,0.736310778,0.736310778,0.736310778,0.736310778,0.736310778,0.736310778,0.736310778,0.736310778,0.736310778,0.736310778,0.736310778,0.736310778,0.736310778,0.736310778,0.736310778,0.736310778,0.736310778,0.638136008,0.638136008,0.638136008,0.638136008,0.539961237,0.539961237,0.539961237,0.539961237,0.441786467,0.441786467,0.441786467,0.343611696,0.343611696,0.343611696,0.343611696,0.245436926,0.245436926,0.245436926,0.245436926,0.245436926,0.147262156,0.147262156,0.147262156,0.0490873852,0.0490873852,0.0490873852,0.147262156,0.147262156,0.245436926,0.343611696,0.441786467,0.441786467,0.539961237,0.638136008,0.736310778,0.736310778,0.736310778,0.736310778,0.834485549,0.834485549,0.834485549,0.834485549,0.834485549,0.834485549,0.834485549,0.834485549,0.834485549,0.834485549,0.736310778,0.736310778,0.736310778,0.736310778,0.638136008,0.638136008,0.638136008,0.638136008,0.638136008,0.638136008,0.638136008,0.539961237,0.539961237,0.539961237,0.539961237,0.539961237,0.539961237,0.539961237,0.539961237,0.539961237,0.539961237
182.355729818,C01,AP01,client_to_ap,VHT,2,2,2,80,SU,1,4,122,6637c97e16e6ce8a,0.638136008,0.638136008,0.638136008,0.638136008,0.638136008,0.638136008,0.638136008,0.638136008,0.638136008,0.638136008,0.638136008,0.638136008,0.638136008,0.638136008,0.638136008,0.638136008,0.638136008,0.638136008,0.638136008,0.638136008,0.638136008,0.638136008,0.638136008,0.638136008,0.638136008,0.638136008,0.638136008,0.638136008,0.638136008,0.736310778,0.638136008,0.638136008,0.638136008,0.736310778,0.736310778,0.736310778,0.736310778,0.736310778,0.736310778,0.736310778,0.736310778,0.736310778,0.736310778,0.736310778,0.736310778,0.736310778,0.736310778,0.736310778,0.736310778,0.736310778,0.736310778,0.736310778,0.638136008,0.638136008,0.638136008,0.638136008,0.638136008,0.539961237,0.539961237,0.539961237,0.539961237,0.441786467,0.441786467,0.441786467,0.343611696,0.343611696,0.343611696,0.343611696,0.245436926,0.245436926,0.245436926,0.245436926,0.245436926,0.147262156,0.147262156,0.147262156,0.0490873852,0.0490873852,0.0490873852,0.147262156,0.147262156,0.245436926,0.343611696,0.441786467,0.441786467,0.539961237,0.638136008,0.638136008,0.736310778,0.736310778,0.834485549,0.834485549,0.834485549,0.834485549,0.834485549,0.834485549,0.834485549,0.834485549,0.834485549,0.834485549,0.736310778,0.736310778,0.736310778,0.736310778,0.736310778,0.736310778,0.638136008,0.638136008,0.638136008,0.638136008,0.638136008,0.638136008,0.638136008,0.539961237,0.539961237,0.539961237,0.539961237,0.539961237,0.539961237,0.539961237,0.539961237,0.539961237
183.688243866,C01,AP01,client_to_ap,VHT,2,2,2,80,SU,1,4,122,6637c97e16e6ce8a,0.638136008,0.736310778,0.736310778,0.638136008,0.638136008,0.638136008,0.638136008,0.638136008,0.638136008,0.638136008,0.638136008,0.638136008,0.638136008,0.638136008,0.638136008,0.638136008,0.638136008,0.638136008,0.638136008,0.638136008,0.638136008,0.638136008,0.638136008,0.638136008,0.638136008,0.638136008,0.638136008,0.638136008,0.638136008,0.736310778,0.638136008,0.638136008,0.638136008,0.736310778,0.736310778,0.736310778,0.736310778,0.736310778,0.736310778,0.736310778,0.736310778,0.736310778,0.736310778,0.736310778,0.736310778,0.736310778,0.736310778,0.736310778,0.736310778,0.736310778,0.736310778,0.736310778,0.736310778,0.638136008,0.638136008,0.638136008,0.638136008,0.539961237,0.539961237,0.539961237,0.539961237,0.441786467,0.441786467,0.441786467,0.343611696,0.343611696,0.343611696,0.343611696,0.245436926,0.245436926,0.245436926,0.245436926,0.147262156,0.147262156,0.147262156,0.147262156,0.0490873852,0.0490873852,0.0490873852,0.0490873852,0.147262156,0.245436926,0.343611696,0.441786467,0.539961237,0.539961237,0.638136008,0.638136008,0.736310778,0.736310778,0.834485549,0.834485549,0.834485549,0.834485549,0.834485549,0.834485549,0.834485549,0.834485549,0.834485549,0.834485549,0.834485549,0.736310778,0.736310778,0.736310778,0.736310778,0.638136008,0.638136008,0.638136008,0.638136008,0.638136008,0.638136008,0.638136008,0.539961237,0.539961237,0.539961237,0.539961237,0.539961237,0.539961237,0.539961237,0.539961237,0.539961237,0.539961237
185.019539833,C01,AP01,client_to_ap,VHT,2,2,2,80,SU,1,4,122,6637c97e16e6ce8a,0.736310778,0.736310778,0.736310778,0.638136008,0.638136008,0.638136008,0.638136008,0.638136008,0.638136008,0.638136008,0.638136008,0.638136008,0.638136008,0.638136008,0.638136008,0.638136008,0.638136008,0.638136008,0.638136008,0.638136008,0.638136008,0.638136008,0.638136008,0.638136008,0.638136008,0.638136008,0.638136008,0.638136008,0.736310778,0.736310778,0.638136008,0.736310778,0.736310778,0.736310778,0.736310778,0.736310778,0.736310778,0.736310778,0.736310778,0.736310778,0.736310778,0.736310778,0.736310778,0.736310778,0.736310778,0.736310778,0.834485549,0.736310778,0.736310778,0.736310778,0.736310778,0.736310778,0.736310778,0.736310778,0.638136008,0.638136008,0.638136008,0.638136008,0.539961237,0.539961237,0.539961237,0.441786467,0.441786467,0.441786467,0.343611696,0.343611696,0.343611696,0.343611696,0.245436926,0.245436926,0.245436926,0.245436926,0.245436926,0.147262156,0.147262156,0.147262156,0.0490873852,0.0490873852,0.0490873852,0.0490873852,0.147262156,0.245436926,0.343611696,0.441786467,0.539961237,0.539961237,0.638136008,0.736310778,0.736310778,0.736310778,0.834485549,0.834485549,0.834485549,0.834485549,0.834485549,0.834485549,0.834485549,0.834485549,0.834485549,0.834485549,0.834485549,0.736310778,0.736310778,0.736310778,0.736310778,0.736310778,0.638136008,0.638136008,0.638136008,0.638136008,0.638136008,0.638136008,0.539961237,0.539961237,0.539961237,0.539961237,0.539961237,0.539961237,0.539961237,0.539961237,0.539961237,0.539961237
186.355783939,C01,AP01,client_to_ap,VHT,2,2,2,80,SU,1,4,122,6637c97e16e6ce8a,0.638136008,0.638136008,0.638136008,0.638136008,0.638136008,0.638136008,0.638136008,0.638136008,0.638136008,0.638136008,0.638136008,0.638136008,0.638136008,0.638136008,0.638136008,0.638136008,0.638136008,0.638136008,0.638136008,0.638136008,0.638136008,0.638136008,0.638136008,0.638136008,0.638136008,0.638136008,0.638136008,0.638136008,0.638136008,0.638136008,0.638136008,0.638136008,0.638136008,0.638136008,0.638136008,0.638136008,0.638136008,0.638136008,0.638136008,0.638136008,0.638136008,0.638136008,0.638136008,0.638136008,0.736310778,0.736310778,0.736310778,0.638136008,0.736310778,0.638136008,0.638136008,0.638136008,0.638136008,0.638136008,0.638136008,0.539961237,0.539961237,0.539961237,0.539961237,0.441786467,0.441786467,0.441786467,0.343611696,0.343611696,0.343611696,0.245436926,0.245436926,0.245436926,0.245436926,0.245436926,0.147262156,0.147262156,0.147262156,0.147262156,0.0490873852,0.0490873852,0.0490873852,0.0490873852,0.147262156,0.147262156,0.245436926,0.245436926,0.343611696,0.441786467,0.441786467,0.539961237,0.539961237,0.638136008,0.638136008,0.638136008,0.736310778,0.736310778,0.736310778,0.736310778,0.736310778,0.736310778,0.736310778,0.736310778,0.736310778,0.736310778,0.736310778,0.736310778,0.736310778,0.638136008,0.638136008,0.638136008,0.638136008,0.638136008,0.638136008,0.638136008,0.539961237,0.539961237,0.539961237,0.539961237,0.539961237,0.539961237,0.539961237,0.539961237,0.539961237,0.539961237,0.539961237,0.539961237
187.687530041,C01,AP01,client_to_ap,VHT,2,2,2,80,SU,1,4,122,6637c97e16e6ce8a,0.736310778,0.638136008,0.638136008,0.638136008,0.638136008,0.638136008,0.638136008,0.638136008,0.638136008,0.638136008,0.638136008,0.638136008,0.638136008,0.638136008,0.638136008,0.638136008,0.638136008,0.638136008,0.638136008,0.638136008,0.638136008,0.638136008,0.638136008,0.638136008,0.638136008,0.638136008,0.638136008,0.638136008,0.638136008,0.638136008,0.638136008,0.736310778,0.736310778,0.638136008,0.736310778,0.736310778,0.736310778,0.736310778,0.736310778,0.736310778,0.736310778,0.736310778,0.736310778,0.736310778,0.736310778,0.736310778,0.736310778,0.736310778,0.736310778,0.736310778,0.736310778,0.736310778,0.736310778,0.638136008,0.638136008,0.638136008,0.638136008,0.539961237,0.539961237,0.539961237,0.539961237,0.441786467,0.441786467,0.441786467,0.343611696,0.343611696,0.343611696,0.343611696,0.245436926,0.245436926,0.245436926,0.245436926,0.245436926,0.147262156,0.147262156,0.147262156,0.0490873852,0.0490873852,0.0490873852,0.0490873852,0.147262156,0.245436926,0.343611696,0.441786467,0.441786467,0.539961237,0.638136008,0.638136008,0.736310778,0.736310778,0.736310778,0.834485549,0.834485549,0.834485549,0.834485549,0.834485549,0.834485549,0.834485549,0.834485549,0.834485549,0.834485549,0.736310778,0.736310778,0.736310778,0.736310778,0.736310778,0.638136008,0.638136008,0.638136008,0.638136008,0.638136008,0.638136008,0.539961237,0.539961237,0.539961237,0.539961237,0.539961237,0.539961237,0.539961237,0.539961237,0.539961237,0.539961237
189.017921925,C01,AP01,client_to_ap,VHT,2,2,2,80,SU,1,4,122,6637c97e16e6ce8a,0.736310778,0.638136008,0.638136008,0.638136008,0.638136008,0.638136008,0.638136008,0.638136008,0.638136008,0.638136008,0.638136008,0.638136008,0.638136008,0.638136008,0.638136008,0.638136008,0.638136008,0.638136008,0.638136008,0.638136008,0.638136008,0.638136008,0.638136008,0.638136008,0.638136008,0.638136008,0.638136008,0.638136008,0.638136008,0.638136008,0.638136008,0.638136008,0.736310778,0.736310778,0.736310778,0.736310778,0.736310778,0.736310778,0.736310778,0.736310778,0.736310778,0.736310778,0.736310778,0.736310778,0.736310778,0.736310778,0.736310778,0.736310778,0.736310778,0.736310778,0.736310778,0.736310778,0.736310778,0.638136008,0.638136008,0.638136008,0.638136008,0.539961237,0.539961237,0.539961237,0.539961237,0.441786467,0.441786467,0.441786467,0.343611696,0.343611696,0.343611696,0.343611696,0.245436926,0.245436926,0.245436926,0.245436926,0.245436926,0.147262156,0.147262156,0.147262156,0.0490873852,0.0490873852,0.0490873852,0.0490873852,0.147262156,0.245436926,0.343611696,0.441786467,0.441786467,0.539961237,0.638136008,0.638136008,0.736310778,0.736310778,0.736310778,0.834485549,0.834485549,0.834485549,0.834485549,0.834485549,0.834485549,0.834485549,0.834485549,0.834485549,0.736310778,0.736310778,0.736310778,0.736310778,0.736310778,0.638136008,0.638136008,0.638136008,0.638136008,0.638136008,0.638136008,0.638136008,0.539961237,0.539961237,0.539961237,0.539961237,0.539961237,0.539961237,0.539961237,0.539961237,0.539961237,0.539961237
190.346585035,C01,AP01,client_to_ap,VHT,2,2,2,80,SU,1,4,122,6637c97e16e6ce8a,0.736310778,0.638136008,0.638136008,0.638136008,0.638136008,0.638136008,0.638136008,0.638136008,0.638136008,0.638136008,0.638136008,0.638136008,0.638136008,0.638136008,0.638136008,0.638136008,0.638136008,0.638136008,0.638136008,0.638136008,0.638136008,0.638136008,0.638136008,0.638136008,0.638136008,0.638136008,0.638136008,0.638136008,0.638136008,0.638136008,0.638136008,0.638136008,0.638136008,0.638136008,0.638136008,0.638136008,0.638136008,0.736310778,0.736310778,0.736310778,0.736310778,0.736310778,0.736310778,0.736310778,0.736310778,0.736310778,0.736310778,0.736310778,0.736310778,0.736310778,0.736310778,0.736310778,0.638136008,0.638136008,0.638136008,0.638136008,0.638136008,0.539961237,0.539961237,0.539961237,0.539961237,0.441786467,0.441786467,0.441786467,0.343611696,0.343611696,0.343611696,0.343611696,0.245436926,0.245436926,0.245436926,0.245436926,0.245436926,0.147262156,0.147262156,0.147262156,0.0490873852,0.0490873852,0.0490873852,0.0490873852,0.147262156,0.245436926,0.343611696,0.343611696,0.441786467,0.539961237,0.539961237,0.638136008,0.638136008,0.736310778,0.736310778,0.834485549,0.834485549,0.834485549,0.834485549,0.834485549,0.834485549,0.834485549,0.736310778,0.834485549,0.736310778,0.736310778,0.736310778,0.736310778,0.736310778,0.638136008,0.638136008,0.638136008,0.638136008,0.638136008,0.638136008,0.539961237,0.539961237,0.539961237,0.539961237,0.539961237,0.539961237,0.539961237,0.539961237,0.539961237,0.539961237,0.539961237
191.677435875,C01,AP01,client_to_ap,VHT,2,2,2,80,SU,1,4,122,6637c97e16e6ce8a,0.638136008,0.638136008,0.638136008,0.638136008,0.638136008,0.638136008,0.638136008,0.638136008,0.638136008,0.638136008,0.638136008,0.638136008,0.638136008,0.638136008,0.638136008,0.638136008,0.638136008,0.638136008,0.638136008,0.638136008,0.638136008,0.638136008,0.638136008,0.638136008,0.638136008,0.638136008,0.638136008,0.638136008,0.638136008,0.638136008,0.638136008,0.638136008,0.638136008,0.638136008,0.736310778,0.736310778,0.736310778,0.736310778,0.736310778,0.736310778,0.736310778,0.736310778,0.736310778,0.736310778,0.736310778,0.736310778,0.736310778,0.736310778,0.736310778,0.736310778,0.736310778,0.736310778,0.736310778,0.638136008,0.638136008,0.638136008,0.638136008,0.539961237,0.539961237,0.539961237,0.539961237,0.441786467,0.441786467,0.441786467,0.343611696,0.343611696,0.343611696,0.343611696,0.245436926,0.245436926,0.245436926,0.245436926,0.147262156,0.147262156,0.147262156,0.0490873852,0.0490873852,0.0490873852,0.0490873852,0.147262156,0.245436926,0.245436926,0.343611696,0.441786467,0.539961237,0.539961237,0.638136008,0.638136008,0.638136008,0.736310778,0.736310778,0.834485549,0.834485549,0.834485549,0.834485549,0.834485549,0.834485549,0.834485549,0.834485549,0.736310778,0.736310778,0.736310778,0.736310778,0.736310778,0.736310778,0.638136008,0.638136008,0.638136008,0.638136008,0.638136008,0.638136008,0.638136008,0.539961237,0.539961237,0.539961237,0.539961237,0.539961237,0.539961237,0.539961237,0.539961237,0.539961237,0.539961237
193.008652925,C01,AP01,client_to_ap,VHT,2,2,2,80,SU,1,4,122,6637c97e16e6ce8a,0.638136008,0.638136008,0.638136008,0.638136008,0.638136008,0.638136008,0.638136008,0.638136008,0.638136008,0.638136008,0.638136008,0.638136008,0.638136008,0.638136008,0.638136008,0.638136008,0.638136008,0.638136008,0.638136008,0.638136008,0.638136008,0.638136008,0.638136008,0.638136008,0.638136008,0.638136008,0.638136008,0.638136008,0.638136008,0.638136008,0.638136008,0.638136008,0.638136008,0.638136008,0.638136008,0.638136008,0.638136008,0.638136008,0.736310778,0.736310778,0.736310778,0.736310778,0.736310778,0.736310778,0.736310778,0.736310778,0.736310778,0.736310778,0.736310778,0.736310778,0.736310778,0.736310778,0.638136008,0.638136008,0.638136008,0.638136008,0.638136008,0.539961237,0.539961237,0.539961237,0.539961237,0.441786467,0.441786467,0.441786467,0.343611696,0.343611696,0.343611696,0.343611696,0.245436926,0.245436926,0.245436926,0.245436926,0.245436926,0.147262156,0.147262156,0.147262156,0.0490873852,0.0490873852,0.0490873852,0.0490873852,0.147262156,0.147262156,0.245436926,0.343611696,0.441786467,0.539961237,0.539961237,0.638136008,0.638136008,0.736310778,0.736310778,0.736310778,0.834485549,0.834485549,0.834485549,0.834485549,0.834485549,0.834485549,0.736310778,0.736310778,0.736310778,0.736310778,0.736310778,0.736310778,0.638136008,0.638136008,0.638136008,0.638136008,0.638136008,0.638136008,0.638136008,0.539961237,0.539961237,0.539961237,0.539961237,0.539961237,0.539961237,0.539961237,0.539961237,0.539961237,0.539961237,0.539961237
194.345167875,C01,AP01,client_to_ap,VHT,2,2,2,80,SU,1,4,122,6637c97e16e6ce8a,0.736310778,0.736310778,0.638136008,0.638136008,0.638136008,0.638136008,0.638136008,0.638136008,0.638136008,0.638136008,0.638136008,0.638136008,0.638136008,0.638136008,0.638136008,0.638136008,0.638136008,0.638136008,0.638136008,0.638136008,0.638136008,0.638136008,0.638136008,0.638136008,0.638136008,0.638136008,0.638136008,0.638136008,0.736310778,0.736310778,0.736310778,0.736310778,0.736310778,0.736310778,0.736310778,0.736310778,0.736310778,0.736310778,0.736310778,0.736310778,0.736310778,0.736310778,0.736310778,0.736310778,0.736310778,0.834485549,0.834485549,0.834485549,0.736310778,0.736310778,0.736310778,0.736310778,0.736310778,0.736310778,0.638136008,0.638136008,0.638136008,0.638136008,0.539961237,0.539961237,0.539961237,0.441786467,0.441786467,0.441786467,0.441786467,0.343611696,0.343611696,0.343611696,0.245436926,0.245436926,0.245436926,0.245436926,0.245436926,0.147262156,0.147262156,0.147262156,0.0490873852,0.0490873852,0.0490873852,0.147262156,0.147262156,0.245436926,0.343611696,0.441786467,0.539961237,0.539961237,0.638136008,0.736310778,0.736310778,0.736310778,0.834485549,0.834485549,0.834485549,0.834485549,0.834485549,0.834485549,0.834485549,0.834485549,0.834485549,0.834485549,0.834485549,0.834485549,0.736310778,0.736310778,0.736310778,0.736310778,0.638136008,0.638136008,0.638136008,0.638136008,0.638136008,0.638136008,0.638136008,0.638136008,0.539961237,0.539961237,0.539961237,0.539961237,0.539961237,0.539961237,0.539961237,0.539961237
195.676856041,C01,AP01,client_to_ap,VHT,2,2,2,80,SU,1,4,122,6637c97e16e6ce8a,0.638136008,0.638136008,0.638136008,0.638136008,0.638136008,0.638136008,0.638136008,0.638136008,0.638136008,0.638136008,0.638136008,0.638136008,0.638136008,0.638136008,0.638136008,0.638136008,0.638136008,0.638136008,0.638136008,0.638136008,0.638136008,0.638136008,0.638136008,0.638136008,0.638136008,0.638136008,0.638136008,0.638136008,0.638136008,0.638136008,0.638136008,0.638136008,0.638136008,0.638136008,0.736310778,0.736310778,0.736310778,0.736310778,0.736310778,0.736310778,0.736310778,0.736310778,0.736310778,0.736310778,0.736310778,0.834485549,0.736310778,0.736310778,0.736310778,0.736310778,0.736310778,0.736310778,0.736310778,0.638136008,0.638136008,0.638136008,0.638136008,0.539961237,0.539961237,0.539961237,0.539961237,0.441786467,0.441786467,0.441786467,0.343611696,0.343611696,0.343611696,0.343611696,0.245436926,0.245436926,0.245436926,0.245436926,0.245436926,0.147262156,0.147262156,0.147262156,0.0490873852,0.0490873852,0.0490873852,0.147262156,0.147262156,0.245436926,0.343611696,0.441786467,0.539961237,0.539961237,0.638136008,0.736310778,0.736310778,0.736310778,0.834485549,0.834485549,0.834485549,0.834485549,0.834485549,0.834485549,0.834485549,0.834485549,0.834485549,0.834485549,0.736310778,0.736310778,0.736310778,0.736310778,0.736310778,0.736310778,0.638136008,0.638136008,0.638136008,0.638136008,0.638136008,0.638136008,0.638136008,0.539961237,0.539961237,0.539961237,0.539961237,0.539961237,0.539961237,0.539961237,0.539961237,0.539961237
197.009599924,C01,AP01,client_to_ap,VHT,2,2,2,80,SU,1,4,122,6637c97e16e6ce8a,0.736310778,0.638136008,0.638136008,0.638136008,0.638136008,0.638136008,0.638136008,0.638136008,0.638136008,0.638136008,0.638136008,0.638136008,0.638136008,0.638136008,0.638136008,0.638136008,0.638136008,0.638136008,0.638136008,0.638136008,0.638136008,0.638136008,0.638136008,0.638136008,0.638136008,0.638136008,0.638136008,0.638136008,0.638136008,0.638136008,0.638136008,0.638136008,0.638136008,0.638136008,0.736310778,0.736310778,0.736310778,0.736310778,0.736310778,0.736310778,0.736310778,0.736310778,0.736310778,0.736310778,0.736310778,0.736310778,0.736310778,0.736310778,0.736310778,0.736310778,0.736310778,0.736310778,0.736310778,0.638136008,0.638136008,0.638136008,0.638136008,0.539961237,0.539961237,0.539961237,0.539961237,0.441786467,0.441786467,0.441786467,0.343611696,0.343611696,0.343611696,0.343611696,0.245436926,0.245436926,0.245436926,0.245436926,0.245436926,0.147262156,0.147262156,0.147262156,0.0490873852,0.0490873852,0.0490873852,0.0490873852,0.147262156,0.245436926,0.343611696,0.441786467,0.441786467,0.539961237,0.638136008,0.638136008,0.736310778,0.736310778,0.736310778,0.834485549,0.834485549,0.834485549,0.834485549,0.834485549,0.834485549,0.834485549,0.834485549,0.834485549,0.834485549,0.736310778,0.736310778,0.736310778,0.736310778,0.736310778,0.638136008,0.638136008,0.638136008,0.638136008,0.638136008,0.638136008,0.638136008,0.539961237,0.539961237,0.539961237,0.539961237,0.539961237,0.539961237,0.539961237,0.539961237,0.539961237
198.345321894,C01,AP01,client_to_ap,VHT,2,2,2,80,SU,1,4,122,6637c97e16e6ce8a,0.638136008,0.638136008,0.638136008,0.638136008,0.638136008,0.638136008,0.638136008,0.638136008,0.638136008,0.638136008,0.638136008,0.638136008,0.638136008,0.638136008,0.638136008,0.638136008,0.638136008,0.638136008,0.638136008,0.638136008,0.638136008,0.638136008,0.638136008,0.638136008,0.638136008,0.638136008,0.638136008,0.638136008,0.638136008,0.736310778,0.638136008,0.736310778,0.736310778,0.736310778,0.736310778,0.736310778,0.736310778,0.736310778,0.736310778,0.736310778,0.736310778,0.736310778,0.736310778,0.736310778,0.736310778,0.834485549,0.834485549,0.736310778,0.736310778,0.736310778,0.736310778,0.736310778,0.736310778,0.638136008,0.638136008,0.638136008,0.638136008,0.638136008,0.539961237,0.539961237,0.539961237,0.441786467,0.441786467,0.441786467,0.343611696,0.343611696,0.343611696,0.343611696,0.245436926,0.245436926,0.245436926,0.245436926,0.245436926,0.147262156,0.147262156,0.147262156,0.0490873852,0.0490873852,0.0490873852,0.147262156,0.147262156,0.245436926,0.343611696,0.343611696,0.441786467,0.539961237,0.638136008,0.736310778,0.736310778,0.736310778,0.834485549,0.834485549,0.834485549,0.834485549,0.834485549,0.834485549,0.834485549,0.834485549,0.834485549,0.834485549,0.834485549,0.736310778,0.736310778,0.736310778,0.736310778,0.736310778,0.638136008,0.638136008,0.638136008,0.638136008,0.638136008,0.638136008,0.638136008,0.539961237,0.539961237,0.539961237,0.539961237,0.539961237,0.539961237,0.539961237,0.539961237,0.539961237
199.677253008,C01,AP01,client_to_ap,VHT,2,2,2,80,SU,1,4,122,6637c97e16e6ce8a,0.638136008,0.736310778,0.638136008,0.638136008,0.638136008,0.638136008,0.638136008,0.638136008,0.638136008,0.638136008,0.638136008,0.638136008,0.638136008,0.638136008,0.638136008,0.638136008,0.638136008,0.638136008,0.638136008,0.638136008,0.638136008,0.638136008,0.638136008,0.638136008,0.638136008,0.638136008,0.638136008,0.638136008,0.638136008,0.638136008,0.638136008,0.736310778,0.736310778,0.736310778,0.736310778,0.736310778,0.736310778,0.736310778,0.736310778,0.736310778,0.736310778,0.736310778,0.736310778,0.736310778,0.736310778,0.834485549,0.834485549,0.736310778,0.736310778,0.736310778,0.736310778,0.736310778,0.736310778,0.638136008,0.638136008,0.638136008,0.638136008,0.638136008,0.539961237,0.539961237,0.539961237,0.441786467,0.441786467,0.441786467,0.343611696,0.343611696,0.343611696,0.343611696,0.245436926,0.245436926,0.245436926,0.245436926,0.245436926,0.147262156,0.147262156,0.147262156,0.0490873852,0.0490873852,0.0490873852,0.147262156,0.147262156,0.245436926,0.343611696,0.343611696,0.441786467,0.539961237,0.638136008,0.736310778,0.736310778,0.736310778,0.834485549,0.834485549,0.834485549,0.834485549,0.834485549,0.834485549,0.834485549,0.834485549,0.834485549,0.834485549,0.834485549,0.834485549,0.736310778,0.736310778,0.736310778,0.638136008,0.638136008,0.638136008,0.638136008,0.638136008,0.638136008,0.638136008,0.539961237,0.539961237,0.539961237,0.539961237,0.539961237,0.539961237,0.539961237,0.539961237,0.539961237,0.539961237
201.009562969,C01,AP01,client_to_ap,VHT,2,2,2,80,SU,1,4,122,6637c97e16e6ce8a,0.638136008,0.638136008,0.638136008,0.638136008,0.638136008,0.638136008,0.638136008,0.638136008,0.638136008,0.638136008,0.638136008,0.638136008,0.638136008,0.638136008,0.638136008,0.638136008,0.638136008,0.638136008,0.638136008,0.638136008,0.638136008,0.638136008,0.638136008,0.638136008,0.638136008,0.638136008,0.638136008,0.638136008,0.638136008,0.638136008,0.638136008,0.638136008,0.638136008,0.638136008,0.736310778,0.638136008,0.638136008,0.736310778,0.736310778,0.736310778,0.736310778,0.736310778,0.736310778,0.736310778,0.736310778,0.736310778,0.736310778,0.736310778,0.736310778,0.736310778,0.736310778,0.736310778,0.638136008,0.638136008,0.638136008,0.638136008,0.638136008,0.539961237,0.539961237,0.539961237,0.539961237,0.441786467,0.441786467,0.441786467,0.343611696,0.343611696,0.343611696,0.343611696,0.245436926,0.245436926,0.245436926,0.245436926,0.147262156,0.147262156,0.147262156,0.0490873852,0.0490873852,0.0490873852,0.0490873852,0.147262156,0.147262156,0.245436926,0.343611696,0.441786467,0.441786467,0.539961237,0.638136008,0.638136008,0.736310778,0.736310778,0.736310778,0.834485549,0.834485549,0.834485549,0.834485549,0.834485549,0.834485549,0.834485549,0.834485549,0.834485549,0.736310778,0.736310778,0.736310778,0.736310778,0.736310778,0.638136008,0.638136008,0.638136008,0.638136008,0.638136008,0.638136008,0.638136008,0.539961237,0.539961237,0.539961237,0.539961237,0.539961237,0.539961237,0.539961237,0.539961237,0.539961237,0.539961237
202.344952822,C01,AP01,client_to_ap,VHT,2,2,2,80,SU,1,4,122,6637c97e16e6ce8a,0.638136008,0.736310778,0.638136008,0.638136008,0.638136008,0.638136008,0.638136008,0.638136008,0.638136008,0.638136008,0.638136008,0.638136008,0.638136008,0.638136008,0.638136008,0.638136008,0.638136008,0.638136008,0.638136008,0.638136008,0.638136008,0.638136008,0.638136008,0.638136008,0.638136008,0.638136008,0.638136008,0.638136008,0.638136008,0.638136008,0.638136008,0.638136008,0.638136008,0.638136008,0.638136008,0.736310778,0.736310778,0.736310778,0.736310778,0.736310778,0.736310778,0.736310778,0.736310778,0.736310778,0.736310778,0.736310778,0.834485549,0.736310778,0.736310778,0.736310778,0.736310778,0.736310778,0.736310778,0.638136008,0.638136008,0.638136008,0.638136008,0.539961237,0.539961237,0.539961237,0.539961237,0.441786467,0.441786467,0.441786467,0.343611696,0.343611696,0.343611696,0.343611696,0.245436926,0.245436926,0.245436926,0.245436926,0.245436926,0.147262156,0.147262156,0.147262156,0.0490873852,0.0490873852,0.0490873852,0.0490873852,0.147262156,0.245436926,0.343611696,0.343611696,0.441786467,0.539961237,0.638136008,0.638136008,0.736310778,0.736310778,0.736310778,0.834485549,0.834485549,0.834485549,0.834485549,0.834485549,0.834485549,0.834485549,0.834485549,0.834485549,0.834485549,0.736310778,0.736310778,0.736310778,0.736310778,0.736310778,0.638136008,0.638136008,0.638136008,0.638136008,0.638136008,0.638136008,0.539961237,0.539961237,0.539961237,0.539961237,0.539961237,0.539961237,0.539961237,0.539961237,0.539961237,0.539961237
203.675928831,C01,AP01,client_to_ap,VHT,2,2,2,80,SU,1,4,122,6637c97e16e6ce8a,0.638136008,0.638136008,0.638136008,0.638136008,0.638136008,0.638136008,0.638136008,0.638136008,0.638136008,0.638136008,0.638136008,0.638136008,0.638136008,0.638136008,0.638136008,0.638136008,0.638136008,0.638136008,0.638136008,0.638136008,0.638136008,0.638136008,0.638136008,0.638136008,0.638136008,0.638136008,0.638136008,0.638136008,0.638136008,0.638136008,0.638136008,0.638136008,0.638136008,0.638136008,0.638136008,0.736310778,0.736310778,0.736310778,0.736310778,0.736310778,0.736310778,0.736310778,0.736310778,0.736310778,0.736310778,0.736310778,0.736310778,0.736310778,0.736310778,0.736310778,0.736310778,0.736310778,0.638136008,0.638136008,0.638136008,0.638136008,0.638136008,0.539961237,0.539961237,0.539961237,0.539961237,0.441786467,0.441786467,0.441786467,0.343611696,0.343611696,0.343611696,0.343611696,0.245436926,0.245436926,0.245436926,0.245436926,0.147262156,0.147262156,0.147262156,0.0490873852,0.0490873852,0.0490873852,0.0490873852,0.147262156,0.147262156,0.245436926,0.343611696,0.441786467,0.441786467,0.539961237,0.638136008,0.638136008,0.736310778,0.736310778,0.736310778,0.834485549,0.834485549,0.834485549,0.834485549,0.834485549,0.834485549,0.834485549,0.834485549,0.834485549,0.736310778,0.736310778,0.736310778,0.736310778,0.736310778,0.638136008,0.638136008,0.638136008,0.638136008,0.638136008,0.638136008,0.638136008,0.539961237,0.539961237,0.539961237,0.539961237,0.539961237,0.539961237,0.539961237,0.539961237,0.539961237,0.539961237
205.003207922,C01,AP01,client_to_ap,VHT,2,2,2,80,SU,1,4,122,6637c97e16e6ce8a,0.638136008,0.638136008,0.638136008,0.638136008,0.638136008,0.638136008,0.638136008,0.638136008,0.638136008,0.638136008,0.638136008,0.638136008,0.638136008,0.638136008,0.638136008,0.638136008,0.638136008,0.638136008,0.638136008,0.638136008,0.638136008,0.638136008,0.638136008,0.638136008,0.638136008,0.638136008,0.638136008,0.638136008,0.638136008,0.736310778,0.736310778,0.638136008,0.736310778,0.736310778,0.736310778,0.638136008,0.736310778,0.736310778,0.736310778,0.736310778,0.736310778,0.736310778,0.736310778,0.736310778,0.736310778,0.834485549,0.834485549,0.736310778,0.736310778,0.736310778,0.736310778,0.736310778,0.736310778,0.638136008,0.638136008,0.638136008,0.638136008,0.539961237,0.539961237,0.539961237,0.539961237,0.441786467,0.441786467,0.441786467,0.343611696,0.343611696,0.343611696,0.343611696,0.245436926,0.245436926,0.245436926,0.245436926,0.147262156,0.147262156,0.147262156,0.0490873852,0.0490873852,0.0490873852,0.0490873852,0.147262156,0.147262156,0.245436926,0.343611696,0.441786467,0.441786467,0.539961237,0.638136008,0.736310778,0.736310778,0.736310778,0.736310778,0.834485549,0.834485549,0.834485549,0.834485549,0.834485549,0.834485549,0.834485549,0.834485549,0.834485549,0.736310778,0.736310778,0.736310778,0.736310778,0.638136008,0.638136008,0.638136008,0.638136008,0.638136008,0.638136008,0.638136008,0.638136008,0.539961237,0.539961237,0.539961237,0.539961237,0.539961237,0.539961237,0.539961237,0.539961237,0.539961237,0.539961237
206.334949017,C01,AP01,client_to_ap,VHT,2,2,2,80,SU,1,4,122,6637c97e16e6ce8a,0.638136008,0.638136008,0.638136008,0.638136008,0.638136008,0.638136008,0.638136008,0.638136008,0.638136008,0.638136008,0.638136008,0.638136008,0.638136008,0.638136008,0.638136008,0.638136008,0.638136008,0.638136008,0.638136008,0.638136008,0.638136008,0.638136008,0.638136008,0.638136008,0.638136008,0.638136008,0.638136008,0.638136008,0.638136008,0.638136008,0.638136008,0.638136008,0.736310778,0.736310778,0.736310778,0.736310778,0.736310778,0.736310778,0.736310778,0.736310778,0.736310778,0.736310778,0.736310778,0.736310778,0.736310778,0.736310778,0.736310778,0.736310778,0.736310778,0.736310778,0.736310778,0.736310778,0.736310778,0.638136008,0.638136008,0.638136008,0.638136008,0.539961237,0.539961237,0.539961237,0.539961237,0.441786467,0.441786467,0.441786467,0.343611696,0.343611696,0.343611696,0.343611696,0.245436926,0.245436926,0.245436926,0.245436926,0.245436926,0.147262156,0.147262156,0.147262156,0.0490873852,0.0490873852,0.0490873852,0.147262156,0.147262156,0.245436926,0.343611696,0.441786467,0.539961237,0.539961237,0.638136008,0.638136008,0.736310778,0.736310778,0.736310778,0.834485549,0.834485549,0.834485549,0.834485549,0.834485549,0.834485549,0.834485549,0.834485549,0.834485549,0.834485549,0.736310778,0.736310778,0.736310778,0.736310778,0.736310778,0.638136008,0.638136008,0.638136008,0.638136008,0.638136008,0.638136008,0.638136008,0.539961237,0.539961237,0.539961237,0.539961237,0.539961237,0.539961237,0.539961237,0.539961237,0.539961237
207.666673899,C01,AP01,client_to_ap,VHT,2,2,2,80,SU,1,4,122,6637c97e16e6ce8a,0.736310778,0.638136008,0.638136008,0.638136008,0.638136008,0.638136008,0.638136008,0.638136008,0.638136008,0.638136008,0.638136008,0.638136008,0.638136008,0.638136008,0.638136008,0.638136008,0.638136008,0.638136008,0.638136008,0.638136008,0.638136008,0.638136008,0.638136008,0.638136008,0.638136008,0.638136008,0.638136008,0.638136008,0.638136008,0.736310778,0.736310778,0.736310778,0.736310778,0.736310778,0.736310778,0.736310778,0.736310778,0.736310778,0.736310778,0.736310778,0.736310778,0.736310778,0.736310778,0.736310778,0.736310778,0.736310778,0.736310778,0.736310778,0.736310778,0.736310778,0.736310778,0.736310778,0.736310778,0.638136008,0.638136008,0.638136008,0.638136008,0.638136008,0.539961237,0.539961237,0.539961237,0.441786467,0.441786467,0.441786467,0.343611696,0.343611696,0.343611696,0.343611696,0.245436926,0.245436926,0.245436926,0.245436926,0.245436926,0.147262156,0.147262156,0.0490873852,0.0490873852,0.0490873852,0.0490873852,0.147262156,0.147262156,0.245436926,0.343611696,0.441786467,0.441786467,0.539961237,0.638136008,0.736310778,0.736310778,0.736310778,0.736310778,0.834485549,0.834485549,0.834485549,0.834485549,0.834485549,0.834485549,0.834485549,0.834485549,0.834485549,0.736310778,0.736310778,0.736310778,0.736310778,0.736310778,0.736310778,0.638136008,0.638136008,0.638136008,0.638136008,0.638136008,0.638136008,0.539961237,0.539961237,0.539961237,0.539961237,0.539961237,0.539961237,0.539961237,0.539961237,0.539961237,0.539961237
208.999471903,C01,AP01,client_to_ap,VHT,2,2,2,80,SU,1,4,122,6637c97e16e6ce8a,0.736310778,0.638136008,0.638136008,0.638136008,0.638136008,0.638136008,0.638136008,0.638136008,0.638136008,0.638136008,0.638136008,0.638136008,0.638136008,0.638136008,0.638136008,0.638136008,0.638136008,0.638136008,0.638136008,0.638136008,0.638136008,0.638136008,0.638136008,0.638136008,0.638136008,0.638136008,0.638136008,0.638136008,0.638136008,0.638136008,0.638136008,0.638136008,0.736310778,0.638136008,0.736310778,0.736310778,0.736310778,0.736310778,0.736310778,0.736310778,0.736310778,0.736310778,0.736310778,0.736310778,0.736310778,0.736310778,0.736310778,0.736310778,0.736310778,0.736310778,0.736310778,0.736310778,0.736310778,0.638136008,0.638136008,0.638136008,0.638136008,0.539961237,0.539961237,0.539961237,0.539961237,0.441786467,0.441786467,0.441786467,0.343611696,0.343611696,0.343611696,0.343611696,0.245436926,0.245436926,0.245436926,0.245436926,0.245436926,0.147262156,0.147262156,0.147262156,0.0490873852,0.0490873852,0.0490873852,0.0490873852,0.147262156,0.245436926,0.343611696,0.441786467,0.539961237,0.539961237,0.638136008,0.736310778,0.736310778,0.736310778,0.736310778,0.834485549,0.834485549,0.834485549,0.834485549,0.834485549,0.834485549,0.834485549,0.834485549,0.834485549,0.736310778,0.736310778,0.736310778,0.736310778,0.736310778,0.736310778,0.638136008,0.638136008,0.638136008,0.638136008,0.638136008,0.638136008,0.539961237,0.539961237,0.539961237,0.539961237,0.539961237,0.539961237,0.539961237,0.539961237,0.539961237,0.539961237
210.335090876,C01,AP01,client_to_ap,VHT,2,2,2,80,SU,1,4,122,6637c97e16e6ce8a,0.638136008,0.638136008,0.638136008,0.638136008,0.638136008,0.638136008,0.638136008,0.638136008,0.638136008,0.638136008,0.638136008,0.638136008,0.638136008,0.638136008,0.638136008,0.638136008,0.638136008,0.638136008,0.638136008,0.638136008,0.638136008,0.638136008,0.638136008,0.638136008,0.638136008,0.638136008,0.638136008,0.638136008,0.638136008,0.736310778,0.638136008,0.638136008,0.638136008,0.736310778,0.736310778,0.736310778,0.736310778,0.736310778,0.736310778,0.736310778,0.736310778,0.736310778,0.736310778,0.736310778,0.736310778,0.736310778,0.736310778,0.736310778,0.736310778,0.736310778,0.736310778,0.736310778,0.736310778,0.638136008,0.638136008,0.638136008,0.638136008,0.539961237,0.539961237,0.539961237,0.539961237,0.441786467,0.441786467,0.441786467,0.343611696,0.343611696,0.343611696,0.343611696,0.343611696,0.245436926,0.245436926,0.245436926,0.245436926,0.147262156,0.147262156,0.147262156,0.0490873852,0.0490873852,0.0490873852,0.0490873852,0.147262156,0.245436926,0.343611696,0.441786467,0.441786467,0.539961237,0.638136008,0.638136008,0.736310778,0.736310778,0.736310778,0.834485549,0.834485549,0.834485549,0.834485549,0.834485549,0.834485549,0.834485549,0.834485549,0.834485549,0.834485549,0.736310778,0.736310778,0.736310778,0.736310778,0.736310778,0.638136008,0.638136008,0.638136008,0.638136008,0.638136008,0.638136008,0.539961237,0.539961237,0.539961237,0.539961237,0.539961237,0.539961237,0.539961237,0.539961237,0.539961237,0.539961237
211.666977882,C01,AP01,client_to_ap,VHT,2,2,2,80,SU,1,4,122,6637c97e16e6ce8a,0.736310778,0.736310778,0.638136008,0.638136008,0.638136008,0.638136008,0.638136008,0.638136008,0.638136008,0.638136008,0.638136008,0.638136008,0.638136008,0.638136008,0.638136008,0.638136008,0.638136008,0.638136008,0.638136008,0.638136008,0.638136008,0.638136008,0.638136008,0.638136008,0.638136008,0.638136008,0.638136008,0.736310778,0.736310778,0.736310778,0.736310778,0.736310778,0.736310778,0.736310778,0.736310778,0.736310778,0.736310778,0.736310778,0.736310778,0.736310778,0.736310778,0.736310778,0.736310778,0.736310778,0.736310778,0.736310778,0.834485549,0.736310778,0.736310778,0.736310778,0.736310778,0.736310778,0.736310778,0.736310778,0.638136008,0.638136008,0.638136008,0.638136008,0.539961237,0.539961237,0.539961237,0.441786467,0.441786467,0.441786467,0.343611696,0.343611696,0.343611696,0.343611696,0.245436926,0.245436926,0.245436926,0.245436926,0.245436926,0.147262156,0.147262156,0.147262156,0.0490873852,0.0490873852,0.0490873852,0.147262156,0.147262156,0.245436926,0.343611696,0.441786467,0.539961237,0.638136008,0.638136008,0.736310778,0.736310778,0.736310778,0.834485549,0.834485549,0.834485549,0.834485549,0.834485549,0.834485549,0.834485549,0.834485549,0.834485549,0.834485549,0.834485549,0.834485549,0.736310778,0.736310778,0.736310778,0.736310778,0.638136008,0.638136008,0.638136008,0.638136008,0.638136008,0.638136008,0.638136008,0.638136008,0.539961237,0.539961237,0.539961237,0.539961237,0.539961237,0.539961237,0.539961237,0.539961237
212.998402834,C01,AP01,client_to_ap,VHT,2,2,2,80,SU,1,4,122,6637c97e16e6ce8a,0.736310778,0.638136008,0.638136008,0.638136008,0.638136008,0.638136008,0.638136008,0.638136008,0.638136008,0.638136008,0.638136008,0.638136008,0.638136008,0.638136008,0.638136008,0.638136008,0.638136008,0.638136008,0.638136008,0.638136008,0.638136008,0.638136008,0.638136008,0.638136008,0.638136008,0.638136008,0.638136008,0.638136008,0.638136008,0.638136008,0.638136008,0.638136008,0.638136008,0.638136008,0.736310778,0.736310778,0.736310778,0.736310778,0.736310778,0.736310778,0.736310778,0.736310778,0.736310778,0.736310778,0.736310778,0.736310778,0.736310778,0.736310778,0.736310778,0.736310778,0.736310778,0.736310778,0.736310778,0.638136008,0.638136008,0.638136008,0.638136008,0.539961237,0.539961237,0.539961237,0.539961237,0.441786467,0.441786467,0.441786467,0.343611696,0.343611696,0.343611696,0.343611696,0.245436926,0.245436926,0.245436926,0.245436926,0.245436926,0.147262156,0.147262156,0.147262156,0.0490873852,0.0490873852,0.0490873852,0.147262156,0.147262156,0.245436926,0.343611696,0.441786467,0.441786467,0.539961237,0.638136008,0.638136008,0.736310778,0.736310778,0.736310778,0.834485549,0.834485549,0.834485549,0.834485549,0.834485549,0.834485549,0.834485549,0.834485549,0.834485549,0.736310778,0.736310778,0.736310778,0.736310778,0.736310778,0.736310778,0.638136008,0.638136008,0.638136008,0.638136008,0.638136008,0.638136008,0.539961237,0.539961237,0.539961237,0.539961237,0.539961237,0.539961237,0.539961237,0.539961237,0.539961237,0.539961237
214.334923029,C01,AP01,client_to_ap,VHT,2,2,2,80,SU,1,4,122,6637c97e16e6ce8a,0.638136008,0.638136008,0.638136008,0.638136008,0.638136008,0.638136008,0.638136008,0.638136008,0.638136008,0.638136008,0.638136008,0.638136008,0.638136008,0.638136008,0.638136008,0.638136008,0.638136008,0.638136008,0.638136008,0.638136008,0.638136008,0.638136008,0.638136008,0.638136008,0.638136008,0.638136008,0.638136008,0.638136008,0.638136008,0.638136008,0.638136008,0.736310778,0.736310778,0.638136008,0.638136008,0.736310778,0.736310778,0.736310778,0.736310778,0.736310778,0.736310778,0.736310778,0.736310778,0.736310778,0.736310778,0.736310778,0.736310778,0.736310778,0.736310778,0.736310778,0.736310778,0.736310778,0.736310778,0.638136008,0.638136008,0.638136008,0.638136008,0.539961237,0.539961237,0.539961237,0.539961237,0.441786467,0.441786467,0.441786467,0.343611696,0.343611696,0.343611696,0.343611696,0.245436926,0.245436926,0.245436926,0.245436926,0.245436926,0.147262156,0.147262156,0.147262156,0.0490873852,0.0490873852,0.0490873852,0.147262156,0.147262156,0.245436926,0.343611696,0.343611696,0.441786467,0.539961237,0.638136008,0.638136008,0.736310778,0.736310778,0.736310778,0.834485549,0.834485549,0.834485549,0.834485549,0.834485549,0.834485549,0.834485549,0.834485549,0.834485549,0.834485549,0.736310778,0.736310778,0.736310778,0.736310778,0.638136008,0.638136008,0.638136008,0.638136008,0.638136008,0.638136008,0.638136008,0.539961237,0.539961237,0.539961237,0.539961237,0.539961237,0.539961237,0.539961237,0.539961237,0.539961237,0.539961237
215.661880970,C01,AP01,client_to_ap,VHT,2,2,2,80,SU,1,4,122,6637c97e16e6ce8a,0.736310778,0.638136008,0.638136008,0.638136008,0.638136008,0.638136008,0.638136008,0.638136008,0.638136008,0.638136008,0.638136008,0.638136008,0.638136008,0.638136008,0.638136008,0.638136008,0.638136008,0.638136008,0.638136008,0.638136008,0.638136008,0.638136008,0.638136008,0.638136008,0.638136008,0.638136008,0.638136008,0.638136008,0.638136008,0.736310778,0.736310778,0.638136008,0.638136008,0.638136008,0.736310778,0.736310778,0.736310778,0.736310778,0.736310778,0.736310778,0.736310778,0.736310778,0.736310778,0.736310778,0.736310778,0.834485549,0.736310778,0.736310778,0.736310778,0.736310778,0.736310778,0.736310778,0.736310778,0.736310778,0.638136008,0.638136008,0.638136008,0.638136008,0.539961237,0.539961237,0.539961237,0.441786467,0.441786467,0.441786467,0.343611696,0.343611696,0.343611696,0.343611696,0.245436926,0.245436926,0.245436926,0.245436926,0.245436926,0.147262156,0.147262156,0.147262156,0.0490873852,0.0490873852,0.0490873852,0.147262156,0.147262156,0.245436926,0.343611696,0.343611696,0.441786467,0.539961237,0.638136008,0.736310778,0.736310778,0.736310778,0.736310778,0.834485549,0.834485549,0.834485549,0.834485549,0.834485549,0.834485549,0.834485549,0.834485549,0.834485549,0.736310778,0.736310778,0.736310778,0.736310778,0.736310778,0.638136008,0.638136008,0.638136008,0.638136008,0.638136008,0.638136008,0.539961237,0.539961237,0.539961237,0.539961237,0.539961237,0.539961237,0.539961237,0.539961237,0.539961237,0.539961237,0.539961237
216.989301920,C01,AP01,client_to_ap,VHT,2,2,2,80,SU,1,4,122,6637c97e16e6ce8a,0.736310778,0.736310778,0.736310778,0.638136008,0.736310778,0.638136008,0.638136008,0.638136008,0.638136008,0.638136008,0.638136008,0.638136008,0.638136008,0.638136008,0.638136008,0.638136008,0.638136008,0.638136008,0.638136008,0.638136008,0.638136008,0.638136008,0.638136008,0.638136008,0.638136008,0.638136008,0.638136008,0.638136008,0.638136008,0.638136008,0.736310778,0.736310778,0.736310778,0.736310778,0.736310778,0.736310778,0.736310778,0.736310778,0.736310778,0.736310778,0.736310778,0.736310778,0.736310778,0.736310778,0.834485549,0.834485549,0.834485549,0.736310778,0.736310778,0.736310778,0.736310778,0.736310778,0.736310778,0.736310778,0.638136008,0.638136008,0.638136008,0.638136008,0.539961237,0.539961237,0.539961237,0.441786467,0.441786467,0.441786467,0.441786467,0.343611696,0.343611696,0.343611696,0.245436926,0.245436926,0.245436926,0.245436926,0.245436926,0.147262156,0.147262156,0.147262156,0.0490873852,0.0490873852,0.0490873852,0.0490873852,0.147262156,0.245436926,0.343611696,0.441786467,0.441786467,0.539961237,0.638136008,0.638136008,0.736310778,0.736310778,0.736310778,0.834485549,0.834485549,0.834485549,0.834485549,0.834485549,0.834485549,0.834485549,0.834485549,0.834485549,0.834485549,0.736310778,0.736310778,0.736310778,0.736310778,0.736310778,0.638136008,0.638136008,0.638136008,0.638136008,0.638136008,0.638136008,0.638136008,0.539961237,0.539961237,0.539961237,0.539961237,0.539961237,0.539961237,0.539961237,0.539961237,0.539961237
218.324416876,C01,AP01,client_to_ap,VHT,2,2,2,80,SU,1,4,122,6637c97e16e6ce8a,0.638136008,0.638136008,0.638136008,0.638136008,0.638136008,0.638136008,0.638136008,0.638136008,0.638136008,0.638136008,0.638136008,0.638136008,0.638136008,0.638136008,0.638136008,0.638136008,0.638136008,0.638136008,0.638136008,0.638136008,0.638136008,0.638136008,0.638136008,0.638136008,0.638136008,0.638136008,0.638136008,0.638136008,0.638136008,0.638136008,0.638136008,0.638136008,0.638136008,0.736310778,0.736310778,0.736310778,0.736310778,0.736310778,0.736310778,0.736310778,0.736310778,0.736310778,0.736310778,0.736310778,0.736310778,0.736310778,0.736310778,0.736310778,0.736310778,0.736310778,0.736310778,0.736310778,0.736310778,0.638136008,0.638136008,0.638136008,0.638136008,0.539961237,0.539961237,0.539961237,0.539961237,0.441786467,0.441786467,0.441786467,0.343611696,0.343611696,0.343611696,0.343611696,0.245436926,0.245436926,0.245436926,0.245436926,0.245436926,0.147262156,0.147262156,0.147262156,0.0490873852,0.0490873852,0.0490873852,0.147262156,0.147262156,0.245436926,0.343611696,0.441786467,0.441786467,0.539961237,0.638136008,0.638136008,0.736310778,0.736310778,0.736310778,0.834485549,0.834485549,0.834485549,0.834485549,0.834485549,0.834485549,0.834485549,0.834485549,0.834485549,0.736310778,0.736310778,0.736310778,0.736310778,0.736310778,0.736310778,0.638136008,0.638136008,0.638136008,0.638136008,0.638136008,0.638136008,0.539961237,0.539961237,0.539961237,0.539961237,0.539961237,0.539961237,0.539961237,0.539961237,0.539961237,0.539961237
219.656781912,C01,AP01,client_to_ap,VHT,2,2,2,80,SU,1,4,122,6637c97e16e6ce8a,0.736310778,0.638136008,0.638136008,0.638136008,0.638136008,0.638136008,0.638136008,0.638136008,0.638136008,0.638136008,0.638136008,0.638136008,0.638136008,0.638136008,0.638136008,0.638136008,0.638136008,0.638136008,0.638136008,0.638136008,0.638136008,0.638136008,0.638136008,0.638136008,0.638136008,0.638136008,0.638136008,0.638136008,0.638136008,0.736310778,0.736310778,0.638136008,0.736310778,0.736310778,0.736310778,0.736310778,0.736310778,0.736310778,0.736310778,0.736310778,0.736310778,0.736310778,0.736310778,0.736310778,0.834485549,0.834485549,0.834485549,0.736310778,0.736310778,0.736310778,0.736310778,0.736310778,0.736310778,0.736310778,0.638136008,0.638136008,0.638136008,0.638136008,0.539961237,0.539961237,0.539961237,0.441786467,0.441786467,0.441786467,0.441786467,0.343611696,0.343611696,0.343611696,0.343611696,0.245436926,0.245436926,0.245436926,0.245436926,0.147262156,0.147262156,0.147262156,0.0490873852,0.0490873852,0.0490873852,0.0490873852,0.147262156,0.245436926,0.343611696,0.441786467,0.539961237,0.539961237,0.638136008,0.736310778,0.736310778,0.736310778,0.834485549,0.834485549,0.834485549,0.834485549,0.834485549,0.834485549,0.834485549,0.834485549,0.834485549,0.834485549,0.834485549,0.834485549,0.736310778,0.736310778,0.736310778,0.736310778,0.638136008,0.638136008,0.638136008,0.638136008,0.638136008,0.638136008,0.638136008,0.638136008,0.539961237,0.539961237,0.539961237,0.539961237,0.539961237,0.539961237,0.539961237,0.539961237
220.989348888,C01,AP01,client_to_ap,VHT,2,2,2,80,SU,1,4,122,6637c97e16e6ce8a,0.736310778,0.638136008,0.736310778,0.638136008,0.638136008,0.638136008,0.638136008,0.638136008,0.638136008,0.638136008,0.638136008,0.638136008,0.638136008,0.638136008,0.638136008,0.638136008,0.638136008,0.638136008,0.638136008,0.638136008,0.638136008,0.638136008,0.638136008,0.638136008,0.638136008,0.638136008,0.638136008,0.638136008,0.638136008,0.638136008,0.638136008,0.638136008,0.638136008,0.736310778,0.736310778,0.736310778,0.736310778,0.736310778,0.736310778,0.736310778,0.736310778,0.736310778,0.736310778,0.736310778,0.736310778,0.736310778,0.736310778,0.736310778,0.736310778,0.736310778,0.736310778,0.736310778,0.736310778,0.638136008,0.638136008,0.638136008,0.638136008,0.539961237,0.539961237,0.539961237,0.539961237,0.441786467,0.441786467,0.441786467,0.343611696,0.343611696,0.343611696,0.343611696,0.245436926,0.245436926,0.245436926,0.245436926,0.245436926,0.147262156,0.147262156,0.147262156,0.0490873852,0.0490873852,0.0490873852,0.147262156,0.147262156,0.245436926,0.343611696,0.441786467,0.441786467,0.539961237,0.638136008,0.638136008,0.736310778,0.736310778,0.736310778,0.834485549,0.834485549,0.834485549,0.834485549,0.834485549,0.834485549,0.834485549,0.834485549,0.834485549,0.736310778,0.736310778,0.736310778,0.736310778,0.736310778,0.736310778,0.638136008,0.638136008,0.638136008,0.638136008,0.638136008,0.638136008,0.539961237,0.539961237,0.539961237,0.539961237,0.539961237,0.539961237,0.539961237,0.539961237,0.539961237,0.539961237
222.324322939,C01,AP01,client_to_ap,VHT,2,2,2,80,SU,1,4,122,6637c97e16e6ce8a,0.736310778,0.638136008,0.638136008,0.638136008,0.638136008,0.638136008,0.638136008,0.638136008,0.638136008,0.638136008,0.638136008,0.638136008,0.638136008,0.638136008,0.638136008,0.638136008,0.638136008,0.638136008,0.638136008,0.638136008,0.638136008,0.638136008,0.638136008,0.638136008,0.638136008,0.638136008,0.638136008,0.638136008,0.638136008,0.638136008,0.638136008,0.638136008,0.638136008,0.638136008,0.638136008,0.736310778,0.736310778,0.736310778,0.736310778,0.736310778,0.736310778,0.736310778,0.736310778,0.736310778,0.736310778,0.736310778,0.736310778,0.736310778,0.736310778,0.736310778,0.736310778,0.736310778,0.638136008,0.638136008,0.638136008,0.638136008,0.638136008,0.539961237,0.539961237,0.539961237,0.539961237,0.441786467,0.441786467,0.441786467,0.343611696,0.343611696,0.343611696,0.343611696,0.245436926,0.245436926,0.245436926,0.245436926,0.147262156,0.147262156,0.147262156,0.0490873852,0.0490873852,0.0490873852,0.0490873852,0.147262156,0.245436926,0.245436926,0.343611696,0.441786467,0.441786467,0.539961237,0.638136008,0.638136008,0.736310778,0.736310778,0.736310778,0.834485549,0.834485549,0.834485549,0.834485549,0.834485549,0.834485549,0.834485549,0.834485549,0.834485549,0.736310778,0.736310778,0.736310778,0.736310778,0.736310778,0.638136008,0.638136008,0.638136008,0.638136008,0.638136008,0.638136008,0.638136008,0.539961237,0.539961237,0.539961237,0.539961237,0.539961237,0.539961237,0.539961237,0.539961237,0.539961237,0.539961237
223.656308889,C01,AP01,client_to_ap,VHT,2,2,2,80,SU,1,4,122,6637c97e16e6ce8a,0.638136008,0.638136008,0.638136008,0.638136008,0.638136008,0.638136008,0.638136008,0.638136008,0.638136008,0.638136008,0.638136008,0.638136008,0.638136008,0.638136008,0.638136008,0.638136008,0.638136008,0.638136008,0.638136008,0.638136008,0.638136008,0.638136008,0.638136008,0.638136008,0.638136008,0.638136008,0.638136008,0.638136008,0.638136008,0.638136008,0.638136008,0.638136008,0.638136008,0.638136008,0.638136008,0.638136008,0.638136008,0.638136008,0.638136008,0.736310778,0.736310778,0.736310778,0.736310778,0.736310778,0.736310778,0.736310778,0.736310778,0.736310778,0.736310778,0.736310778,0.736310778,0.736310778,0.638136008,0.638136008,0.638136008,0.638136008,0.638136008,0.539961237,0.539961237,0.539961237,0.539961237,0.441786467,0.441786467,0.441786467,0.343611696,0.343611696,0.343611696,0.343611696,0.245436926,0.245436926,0.245436926,0.245436926,0.147262156,0.147262156,0.147262156,0.0490873852,0.0490873852,0.0490873852,0.0490873852,0.147262156,0.245436926,0.245436926,0.343611696,0.441786467,0.441786467,0.539961237,0.638136008,0.638136008,0.736310778,0.736310778,0.736310778,0.736310778,0.834485549,0.834485549,0.834485549,0.834485549,0.834485549,0.834485549,0.834485549,0.736310778,0.736310778,0.736310778,0.736310778,0.736310778,0.736310778,0.638136008,0.638136008,0.638136008,0.638136008,0.638136008,0.638136008,0.638136008,0.638136008,0.539961237,0.539961237,0.539961237,0.539961237,0.539961237,0.539961237,0.539961237,0.539961237,0.539961237
224.988790035,C01,AP01,client_to_ap,VHT,2,2,2,80,SU,1,4,122,6637c97e16e6ce8a,0.736310778,0.736310778,0.736310778,0.638136008,0.638136008,0.638136008,0.638136008,0.638136008,0.638136008,0.638136008,0.638136008,0.638136008,0.638136008,0.638136008,0.638136008,0.638136008,0.638136008,0.638136008,0.638136008,0.638136008,0.638136008,0.638136008,0.638136008,0.638136008,0.638136008,0.638136008,0.638136008,0.638136008,0.638136008,0.736310778,0.638136008,0.736310778,0.736310778,0.736310778,0.736310778,0.736310778,0.736310778,0.736310778,0.736310778,0.736310778,0.736310778,0.736310778,0.736310778,0.834485549,0.834485549,0.834485549,0.834485549,0.736310778,0.736310778,0.736310778,0.736310778,0.736310778,0.736310778,0.736310778,0.638136008,0.638136008,0.638136008,0.638136008,0.539961237,0.539961237,0.539961237,0.441786467,0.441786467,0.441786467,0.441786467,0.343611696,0.343611696,0.343611696,0.343611696,0.245436926,0.245436926,0.245436926,0.245436926,0.147262156,0.147262156,0.147262156,0.0490873852,0.0490873852,0.0490873852,0.0490873852,0.147262156,0.245436926,0.343611696,0.441786467,0.539961237,0.638136008,0.638136008,0.736310778,0.736310778,0.736310778,0.834485549,0.834485549,0.834485549,0.834485549,0.834485549,0.834485549,0.834485549,0.834485549,0.834485549,0.834485549,0.834485549,0.834485549,0.736310778,0.736310778,0.736310778,0.736310778,0.638136008,0.638136008,0.638136008,0.638136008,0.638136008,0.638136008,0.638136008,0.638136008,0.539961237,0.539961237,0.539961237,0.539961237,0.539961237,0.539961237,0.539961237,0.539961237
226.319939852,C01,AP01,client_to_ap,VHT,2,2,2,80,SU,1,4,122,6637c97e16e6ce8a,0.638136008,0.638136008,0.638136008,0.638136008,0.638136008,0.638136008,0.638136008,0.638136008,0.638136008,0.638136008,0.638136008,0.638136008,0.638136008,0.638136008,0.638136008,0.638136008,0.638136008,0.638136008,0.638136008,0.638136008,0.638136008,0.638136008,0.638136008,0.638136008,0.638136008,0.638136008,0.638136008,0.638136008,0.638136008,0.638136008,0.638136008,0.638136008,0.638136008,0.736310778,0.736310778,0.736310778,0.736310778,0.736310778,0.736310778,0.736310778,0.736310778,0.736310778,0.736310778,0.736310778,0.736310778,0.736310778,0.736310778,0.736310778,0.736310778,0.736310778,0.736310778,0.736310778,0.736310778,0.638136008,0.638136008,0.638136008,0.638136008,0.539961237,0.539961237,0.539961237,0.539961237,0.441786467,0.441786467,0.441786467,0.343611696,0.343611696,0.343611696,0.343611696,0.245436926,0.245436926,0.245436926,0.245436926,0.245436926,0.147262156,0.147262156,0.147262156,0.0490873852,0.0490873852,0.0490873852,0.0490873852,0.147262156,0.245436926,0.343611696,0.441786467,0.539961237,0.539961237,0.638136008,0.638136008,0.736310778,0.736310778,0.736310778,0.834485549,0.834485549,0.834485549,0.834485549,0.834485549,0.834485549,0.834485549,0.834485549,0.834485549,0.834485549,0.736310778,0.736310778,0.736310778,0.736310778,0.736310778,0.638136008,0.638136008,0.638136008,0.638136008,0.638136008,0.638136008,0.539961237,0.539961237,0.539961237,0.539961237,0.539961237,0.539961237,0.539961237,0.539961237,0.539961237,0.539961237
227.647936821,C01,AP01,client_to_ap,VHT,2,2,2,80,SU,1,4,122,6637c97e16e6ce8a,0.638136008,0.736310778,0.736310778,0.638136008,0.638136008,0.638136008,0.638136008,0.638136008,0.638136008,0.638136008,0.638136008,0.638136008,0.638136008,0.638136008,0.638136008,0.638136008,0.638136008,0.638136008,0.638136008,0.638136008,0.638136008,0.638136008,0.638136008,0.638136008,0.638136008,0.638136008,0.638136008,0.638136008,0.638136008,0.736310778,0.638136008,0.736310778,0.736310778,0.736310778,0.736310778,0.736310778,0.736310778,0.736310778,0.736310778,0.736310778,0.736310778,0.736310778,0.736310778,0.736310778,0.736310778,0.834485549,0.736310778,0.736310778,0.736310778,0.736310778,0.736310778,0.736310778,0.736310778,0.736310778,0.638136008,0.638136008,0.638136008,0.638136008,0.539961237,0.539961237,0.539961237,0.441786467,0.441786467,0.441786467,0.343611696,0.343611696,0.343611696,0.343611696,0.245436926,0.245436926,0.245436926,0.245436926,0.245436926,0.147262156,0.147262156,0.147262156,0.0490873852,0.0490873852,0.0490873852,0.0490873852,0.147262156,0.245436926,0.343611696,0.441786467,0.539961237,0.638136008,0.638136008,0.736310778,0.736310778,0.736310778,0.834485549,0.834485549,0.834485549,0.834485549,0.834485549,0.834485549,0.834485549,0.834485549,0.834485549,0.834485549,0.834485549,0.736310778,0.736310778,0.736310778,0.736310778,0.736310778,0.638136008,0.638136008,0.638136008,0.638136008,0.638136008,0.638136008,0.638136008,0.638136008,0.539961237,0.539961237,0.539961237,0.539961237,0.539961237,0.539961237,0.539961237,0.539961237
228.978713989,C01,AP01,client_to_ap,VHT,2,2,2,80,SU,1,4,122,6637c97e16e6ce8a,0.736310778,0.638136008,0.638136008,0.638136008,0.638136008,0.638136008,0.638136008,0.638136008,0.638136008,0.638136008,0.638136008,0.638136008,0.638136008,0.638136008,0.638136008,0.638136008,0.638136008,0.638136008,0.638136008,0.638136008,0.638136008,0.638136008,0.638136008,0.638136008,0.638136008,0.638136008,0.638136008,0.638136008,0.638136008,0.736310778,0.736310778,0.638136008,0.736310778,0.638136008,0.638136008,0.736310778,0.736310778,0.736310778,0.736310778,0.736310778,0.736310778,0.736310778,0.736310778,0.736310778,0.736310778,0.834485549,0.736310778,0.736310778,0.736310778,0.736310778,0.736310778,0.736310778,0.736310778,0.638136008,0.638136008,0.638136008,0.638136008,0.539961237,0.539961237,0.539961237,0.539961237,0.441786467,0.441786467,0.441786467,0.343611696,0.343611696,0.343611696,0.343611696,0.245436926,0.245436926,0.245436926,0.245436926,0.147262156,0.147262156,0.147262156,0.147262156,0.0490873852,0.0490873852,0.0490873852,0.147262156,0.147262156,0.245436926,0.343611696,0.441786467,0.539961237,0.539961237,0.638136008,0.736310778,0.736310778,0.736310778,0.834485549,0.834485549,0.834485549,0.834485549,0.834485549,0.834485549,0.834485549,0.834485549,0.834485549,0.834485549,0.736310778,0.736310778,0.736310778,0.736310778,0.736310778,0.638136008,0.638136008,0.638136008,0.638136008,0.638136008,0.638136008,0.638136008,0.539961237,0.539961237,0.539961237,0.539961237,0.539961237,0.539961237,0.539961237,0.539961237,0.539961237,0.539961237
230.314534903,C01,AP01,client_to_ap,VHT,2,2,2,80,SU,1,4,122,6637c97e16e6ce8a,0.736310778,0.638136008,0.638136008,0.638136008,0.638136008,0.638136008,0.638136008,0.638136008,0.638136008,0.638136008,0.638136008,0.638136008,0.638136008,0.638136008,0.638136008,0.638136008,0.638136008,0.638136008,0.638136008,0.638136008,0.638136008,0.638136008,0.638136008,0.638136008,0.638136008,0.638136008,0.638136008,0.638136008,0.638136008,0.638136008,0.638136008,0.736310778,0.638136008,0.638136008,0.736310778,0.736310778,0.736310778,0.736310778,0.736310778,0.736310778,0.736310778,0.736310778,0.736310778,0.736310778,0.736310778,0.736310778,0.736310778,0.736310778,0.736310778,0.736310778,0.736310778,0.736310778,0.736310778,0.638136008,0.638136008,0.638136008,0.638136008,0.539961237,0.539961237,0.539961237,0.539961237,0.441786467,0.441786467,0.441786467,0.343611696,0.343611696,0.343611696,0.343611696,0.245436926,0.245436926,0.245436926,0.245436926,0.245436926,0.147262156,0.147262156,0.0490873852,0.0490873852,0.0490873852,0.0490873852,0.0490873852,0.147262156,0.245436926,0.343611696,0.441786467,0.441786467,0.539961237,0.638136008,0.736310778,0.736310778,0.736310778,0.736310778,0.834485549,0.834485549,0.834485549,0.834485549,0.834485549,0.834485549,0.834485549,0.834485549,0.834485549,0.736310778,0.736310778,0.736310778,0.736310778,0.736310778,0.638136008,0.638136008,0.638136008,0.638136008,0.638136008,0.638136008,0.638136008,0.638136008,0.638136008,0.539961237,0.539961237,0.539961237,0.539961237,0.539961237,0.539961237,0.539961237,0.539961237
231.646508932,C01,AP01,client_to_ap,VHT,2,2,2,80,SU,1,4,122,6637c97e16e6ce8a,0.638136008,0.736310778,0.638136008,0.638136008,0.638136008,0.638136008,0.638136008,0.638136008,0.638136008,0.638136008,0.638136008,0.638136008,0.638136008,0.638136008,0.638136008,0.638136008,0.638136008,0.638136008,0.638136008,0.638136008,0.638136008,0.638136008,0.638136008,0.638136008,0.638136008,0.638136008,0.638136008,0.638136008,0.638136008,0.736310778,0.638136008,0.736310778,0.736310778,0.736310778,0.736310778,0.736310778,0.736310778,0.736310778,0.736310778,0.736310778,0.736310778,0.736310778,0.736310778,0.736310778,0.736310778,0.834485549,0.736310778,0.736310778,0.736310778,0.736310778,0.736310778,0.736310778,0.736310778,0.736310778,0.638136008,0.638136008,0.638136008,0.638136008,0.539961237,0.539961237,0.539961237,0.441786467,0.441786467,0.441786467,0.343611696,0.343611696,0.343611696,0.343611696,0.343611696,0.245436926,0.245436926,0.245436926,0.245436926,0.147262156,0.147262156,0.147262156,0.0490873852,0.0490873852,0.0490873852,0.147262156,0.147262156,0.245436926,0.343611696,0.441786467,0.441786467,0.539961237,0.638136008,0.736310778,0.736310778,0.736310778,0.834485549,0.834485549,0.834485549,0.834485549,0.834485549,0.834485549,0.834485549,0.834485549,0.834485549,0.834485549,0.834485549,0.736310778,0.736310778,0.736310778,0.736310778,0.736310778,0.638136008,0.638136008,0.638136008,0.638136008,0.638136008,0.638136008,0.638136008,0.539961237,0.638136008,0.539961237,0.539961237,0.539961237,0.539961237,0.539961237,0.539961237,0.539961237
232.977985859,C01,AP01,client_to_ap,VHT,2,2,2,80,SU,1,4,122,6637c97e16e6ce8a,0.638136008,0.638136008,0.638136008,0.638136008,0.638136008,0.638136008,0.638136008,0.638136008,0.638136008,0.638136008,0.638136008,0.638136008,0.638136008,0.638136008,0.638136008,0.638136008,0.638136008,0.638136008,0.638136008,0.638136008,0.638136008,0.638136008,0.638136008,0.638136008,0.638136008,0.638136008,0.638136008,0.638136008,0.638136008,0.638136008,0.638136008,0.638136008,0.638136008,0.638136008,0.736310778,0.736310778,0.736310778,0.736310778,0.736310778,0.736310778,0.736310778,0.736310778,0.736310778,0.736310778,0.736310778,0.736310778,0.736310778,0.736310778,0.736310778,0.736310778,0.736310778,0.736310778,0.736310778,0.638136008,0.638136008,0.638136008,0.638136008,0.539961237,0.539961237,0.539961237,0.539961237,0.441786467,0.441786467,0.441786467,0.343611696,0.343611696,0.343611696,0.343611696,0.245436926,0.245436926,0.245436926,0.245436926,0.245436926,0.147262156,0.147262156,0.147262156,0.0490873852,0.0490873852,0.0490873852,0.147262156,0.147262156,0.245436926,0.343611696,0.441786467,0.441786467,0.539961237,0.638136008,0.638136008,0.736310778,0.736310778,0.736310778,0.834485549,0.834485549,0.834485549,0.834485549,0.834485549,0.834485549,0.834485549,0.834485549,0.834485549,0.834485549,0.736310778,0.736310778,0.736310778,0.736310778,0.736310778,0.638136008,0.638136008,0.638136008,0.638136008,0.638136008,0.638136008,0.539961237,0.539961237,0.539961237,0.539961237,0.539961237,0.539961237,0.539961237,0.539961237,0.539961237,0.539961237
234.314568996,C01,AP01,client_to_ap,VHT,2,2,2,80,SU,1,4,122,6637c97e16e6ce8a,0.638136008,0.736310778,0.736310778,0.638136008,0.638136008,0.638136008,0.638136008,0.638136008,0.638136008,0.638136008,0.638136008,0.638136008,0.638136008,0.638136008,0.638136008,0.638136008,0.638136008,0.638136008,0.638136008,0.638136008,0.638136008,0.638136008,0.638136008,0.638136008,0.638136008,0.638136008,0.638136008,0.638136008,0.638136008,0.736310778,0.736310778,0.736310778,0.736310778,0.736310778,0.736310778,0.736310778,0.736310778,0.736310778,0.736310778,0.736310778,0.736310778,0.736310778,0.736310778,0.736310778,0.736310778,0.834485549,0.834485549,0.736310778,0.736310778,0.736310778,0.736310778,0.736310778,0.736310778,0.638136008,0.638136008,0.638136008,0.638136008,0.638136008,0.539961237,0.539961237,0.539961237,0.441786467,0.441786467,0.441786467,0.343611696,0.343611696,0.343611696,0.343611696,0.343611696,0.245436926,0.245436926,0.245436926,0.245436926,0.147262156,0.147262156,0.147262156,0.0490873852,0.0490873852,0.0490873852,0.147262156,0.147262156,0.245436926,0.343611696,0.441786467,0.539961237,0.539961237,0.638136008,0.736310778,0.736310778,0.736310778,0.834485549,0.834485549,0.834485549,0.834485549,0.834485549,0.834485549,0.834485549,0.834485549,0.834485549,0.834485549,0.834485549,0.736310778,0.736310778,0.736310778,0.736310778,0.736310778,0.638136008,0.638136008,0.638136008,0.638136008,0.638136008,0.638136008,0.539961237,0.539961237,0.539961237,0.539961237,0.539961237,0.539961237,0.539961237,0.539961237,0.539961237,0.539961237
235.646894932,C01,AP01,client_to_ap,VHT,2,2,2,80,SU,1,4,122,6637c97e16e6ce8a,0.638136008,0.638136008,0.638136008,0.638136008,0.638136008,0.638136008,0.638136008,0.638136008,0.638136008,0.638136008,0.638136008,0.638136008,0.638136008,0.638136008,0.638136008,0.638136008,0.638136008,0.638136008,0.638136008,0.638136008,0.638136008,0.638136008,0.638136008,0.638136008,0.638136008,0.638136008,0.638136008,0.638136008,0.638136008,0.638136008,0.638136008,0.638136008,0.638136008,0.638136008,0.638136008,0.736310778,0.736310778,0.736310778,0.736310778,0.736310778,0.736310778,0.736310778,0.736310778,0.736310778,0.736310778,0.736310778,0.736310778,0.736310778,0.736310778,0.736310778,0.736310778,0.736310778,0.736310778,0.638136008,0.638136008,0.638136008,0.638136008,0.539961237,0.539961237,0.539961237,0.539961237,0.441786467,0.441786467,0.441786467,0.343611696,0.343611696,0.343611696,0.343611696,0.245436926,0.245436926,0.245436926,0.245436926,0.245436926,0.147262156,0.147262156,0.147262156,0.0490873852,0.0490873852,0.0490873852,0.0490873852,0.147262156,0.245436926,0.343611696,0.441786467,0.441786467,0.539961237,0.638136008,0.638136008,0.736310778,0.736310778,0.834485549,0.834485549,0.834485549,0.834485549,0.834485549,0.834485549,0.834485549,0.834485549,0.834485549,0.834485549,0.736310778,0.736310778,0.736310778,0.736310778,0.736310778,0.736310778,0.638136008,0.638136008,0.638136008,0.638136008,0.638136008,0.638136008,0.539961237,0.539961237,0.539961237,0.539961237,0.539961237,0.539961237,0.539961237,0.539961237,0.539961237,0.539961237
236.978734016,C01,AP01,client_to_ap,VHT,2,2,2,80,SU,1,4,122,6637c97e16e6ce8a,0.638136008,0.736310778,0.638136008,0.638136008,0.638136008,0.638136008,0.638136008,0.638136008,0.638136008,0.638136008,0.638136008,0.638136008,0.638136008,0.638136008,0.638136008,0.638136008,0.638136008,0.638136008,0.638136008,0.638136008,0.638136008,0.638136008,0.638136008,0.638136008,0.638136008,0.638136008,0.638136008,0.638136008,0.638136008,0.638136008,0.638136008,0.638136008,0.638136008,0.736310778,0.736310778,0.736310778,0.736310778,0.736310778,0.736310778,0.736310778,0.736310778,0.736310778,0.736310778,0.736310778,0.736310778,0.736310778,0.736310778,0.736310778,0.736310778,0.736310778,0.736310778,0.736310778,0.736310778,0.736310778,0.638136008,0.638136008,0.638136008,0.539961237,0.539961237,0.539961237,0.539961237,0.441786467,0.441786467,0.441786467,0.343611696,0.343611696,0.343611696,0.343611696,0.245436926,0.245436926,0.245436926,0.245436926,0.245436926,0.147262156,0.147262156,0.147262156,0.0490873852,0.0490873852,0.0490873852,0.147262156,0.147262156,0.245436926,0.343611696,0.441786467,0.441786467,0.539961237,0.638136008,0.638136008,0.736310778,0.736310778,0.834485549,0.834485549,0.834485549,0.834485549,0.834485549,0.834485549,0.834485549,0.834485549,0.834485549,0.834485549,0.736310778,0.736310778,0.736310778,0.736310778,0.736310778,0.638136008,0.638136008,0.638136008,0.638136008,0.638136008,0.638136008,0.638136008,0.539961237,0.539961237,0.539961237,0.539961237,0.539961237,0.539961237,0.539961237,0.539961237,0.539961237,0.539961237
238.314553976,C01,AP01,client_to_ap,VHT,2,2,2,80,SU,1,4,122,6637c97e16e6ce8a,0.638136008,0.638136008,0.638136008,0.638136008,0.638136008,0.638136008,0.638136008,0.638136008,0.638136008,0.638136008,0.638136008,0.638136008,0.638136008,0.638136008,0.638136008,0.638136008,0.638136008,0.638136008,0.638136008,0.638136008,0.638136008,0.638136008,0.638136008,0.638136008,0.638136008,0.638136008,0.638136008,0.638136008,0.638136008,0.638136008,0.638136008,0.638136008,0.638136008,0.638136008,0.638136008,0.638136008,0.638136008,0.638136008,0.638136008,0.736310778,0.736310778,0.736310778,0.736310778,0.736310778,0.736310778,0.736310778,0.736310778,0.736310778,0.736310778,0.736310778,0.638136008,0.638136008,0.638136008,0.638136008,0.638136008,0.638136008,0.539961237,0.539961237,0.539961237,0.539961237,0.441786467,0.441786467,0.441786467,0.343611696,0.343611696,0.343611696,0.343611696,0.245436926,0.245436926,0.245436926,0.245436926,0.147262156,0.147262156,0.147262156,0.147262156,0.0490873852,0.0490873852,0.0490873852,0.0490873852,0.147262156,0.245436926,0.245436926,0.343611696,0.441786467,0.441786467,0.539961237,0.638136008,0.638136008,0.638136008,0.736310778,0.736310778,0.736310778,0.834485549,0.834485549,0.834485549,0.834485549,0.834485549,0.736310778,0.736310778,0.736310778,0.736310778,0.736310778,0.736310778,0.736310778,0.638136008,0.638136008,0.638136008,0.638136008,0.638136008,0.638136008,0.638136008,0.539961237,0.539961237,0.539961237,0.539961237,0.539961237,0.539961237,0.539961237,0.539961237,0.539961237,0.539961237,0.539961237
239.646764040,C01,AP01,client_to_ap,VHT,2,2,2,80,SU,1,4,122,6637c97e16e6ce8a,0.736310778,0.638136008,0.736310778,0.638136008,0.638136008,0.638136008,0.638136008,0.638136008,0.638136008,0.638136008,0.638136008,0.638136008,0.638136008,0.638136008,0.638136008,0.638136008,0.638136008,0.638136008,0.638136008,0.638136008,0.638136008,0.638136008,0.638136008,0.638136008,0.638136008,0.638136008,0.638136008,0.638136008,0.638136008,0.736310778,0.638136008,0.736310778,0.736310778,0.736310778,0.736310778,0.736310778,0.736310778,0.736310778,0.736310778,0.736310778,0.736310778,0.736310778,0.736310778,0.834485549,0.834485549,0.834485549,0.834485549,0.736310778,0.736310778,0.736310778,0.736310778,0.736310778,0.736310778,0.736310778,0.638136008,0.638136008,0.638136008,0.638136008,0.539961237,0.539961237,0.539961237,0.441786467,0.441786467,0.441786467,0.343611696,0.343611696,0.343611696,0.343611696,0.245436926,0.245436926,0.245436926,0.245436926,0.245436926,0.147262156,0.147262156,0.147262156,0.0490873852,0.0490873852,0.0490873852,0.147262156,0.147262156,0.245436926,0.343611696,0.441786467,0.539961237,0.539961237,0.638136008,0.736310778,0.736310778,0.736310778,0.834485549,0.834485549,0.834485549,0.834485549,0.834485549,0.834485549,0.834485549,0.834485549,0.834485549,0.834485549,0.834485549,0.834485549,0.736310778,0.736310778,0.736310778,0.736310778,0.638136008,0.638136008,0.638136008,0.638136008,0.638136008,0.638136008,0.638136008,0.638136008,0.539961237,0.539961237,0.539961237,0.539961237,0.539961237,0.539961237,0.539961237,0.539961237
240.978301048,C01,AP01,client_to_ap,VHT,2,2,2,80,SU,1,4,122,6637c97e16e6ce8a,0.736310778,0.736310778,0.736310778,0.638136008,0.638136008,0.638136008,0.638136008,0.638136008,0.638136008,0.638136008,0.638136008,0.638136008,0.638136008,0.638136008,0.638136008,0.638136008,0.638136008,0.638136008,0.638136008,0.638136008,0.638136008,0.638136008,0.638136008,0.638136008,0.638136008,0.638136008,0.638136008,0.638136008,0.638136008,0.638136008,0.638136008,0.638136008,0.638136008,0.638136008,0.736310778,0.736310778,0.736310778,0.736310778,0.736310778,0.736310778,0.736310778,0.736310778,0.736310778,0.736310778,0.736310778,0.736310778,0.736310778,0.736310778,0.736310778,0.736310778,0.736310778,0.736310778,0.736310778,0.638136008,0.638136008,0.638136008,0.638136008,0.539961237,0.539961237,0.539961237,0.539961237,0.441786467,0.441786467,0.441786467,0.343611696,0.343611696,0.343611696,0.343611696,0.245436926,0.245436926,0.245436926,0.245436926,0.245436926,0.147262156,0.147262156,0.147262156,0.0490873852,0.0490873852,0.0490873852,0.0490873852,0.147262156,0.245436926,0.343611696,0.441786467,0.441786467,0.539961237,0.638136008,0.638136008,0.736310778,0.736310778,0.736310778,0.834485549,0.834485549,0.834485549,0.834485549,0.834485549,0.834485549,0.834485549,0.834485549,0.834485549,0.736310778,0.736310778,0.736310778,0.736310778,0.736310778,0.638136008,0.638136008,0.638136008,0.638136008,0.638136008,0.638136008,0.638136008,0.539961237,0.539961237,0.539961237,0.539961237,0.539961237,0.539961237,0.539961237,0.539961237,0.539961237,0.539961237
242.314635038,C01,AP01,client_to_ap,VHT,2,2,2,80,SU,1,4,122,6637c97e16e6ce8a,0.638136008,0.638136008,0.638136008,0.638136008,0.638136008,0.638136008,0.638136008,0.638136008,0.638136008,0.638136008,0.638136008,0.638136008,0.638136008,0.638136008,0.638136008,0.638136008,0.638136008,0.638136008,0.638136008,0.638136008,0.638136008,0.638136008,0.638136008,0.638136008,0.638136008,0.638136008,0.638136008,0.638136008,0.638136008,0.638136008,0.638136008,0.638136008,0.638136008,0.638136008,0.736310778,0.736310778,0.736310778,0.736310778,0.736310778,0.736310778,0.736310778,0.736310778,0.736310778,0.736310778,0.736310778,0.736310778,0.736310778,0.736310778,0.736310778,0.736310778,0.736310778,0.736310778,0.736310778,0.638136008,0.638136008,0.638136008,0.638136008,0.539961237,0.539961237,0.539961237,0.539961237,0.441786467,0.441786467,0.441786467,0.343611696,0.343611696,0.343611696,0.343611696,0.245436926,0.245436926,0.245436926,0.245436926,0.245436926,0.147262156,0.147262156,0.147262156,0.0490873852,0.0490873852,0.0490873852,0.147262156,0.147262156,0.245436926,0.343611696,0.343611696,0.441786467,0.539961237,0.638136008,0.638136008,0.736310778,0.736310778,0.736310778,0.834485549,0.834485549,0.834485549,0.834485549,0.834485549,0.834485549,0.834485549,0.834485549,0.834485549,0.736310778,0.736310778,0.736310778,0.736310778,0.736310778,0.736310778,0.638136008,0.638136008,0.638136008,0.638136008,0.638136008,0.638136008,0.539961237,0.539961237,0.539961237,0.539961237,0.539961237,0.539961237,0.539961237,0.539961237,0.539961237,0.539961237
243.646373987,C01,AP01,client_to_ap,VHT,2,2,2,80,SU,1,4,122,6637c97e16e6ce8a,0.638136008,0.736310778,0.638136008,0.638136008,0.638136008,0.638136008,0.638136008,0.638136008,0.638136008,0.638136008,0.638136008,0.638136008,0.638136008,0.638136008,0.638136008,0.638136008,0.638136008,0.638136008,0.638136008,0.638136008,0.638136008,0.638136008,0.638136008,0.638136008,0.638136008,0.638136008,0.638136008,0.638136008,0.638136008,0.638136008,0.638136008,0.638136008,0.638136008,0.736310778,0.736310778,0.736310778,0.736310778,0.736310778,0.736310778,0.736310778,0.736310778,0.736310778,0.736310778,0.736310778,0.736310778,0.736310778,0.736310778,0.736310778,0.736310778,0.736310778,0.736310778,0.736310778,0.736310778,0.638136008,0.638136008,0.638136008,0.638136008,0.539961237,0.539961237,0.539961237,0.539961237,0.441786467,0.441786467,0.441786467,0.343611696,0.343611696,0.343611696,0.343611696,0.245436926,0.245436926,0.245436926,0.245436926,0.245436926,0.147262156,0.147262156,0.147262156,0.0490873852,0.0490873852,0.0490873852,0.147262156,0.147262156,0.245436926,0.343611696,0.441786467,0.539961237,0.539961237,0.638136008,0.638136008,0.736310778,0.736310778,0.736310778,0.834485549,0.834485549,0.834485549,0.834485549,0.834485549,0.834485549,0.834485549,0.834485549,0.834485549,0.736310778,0.736310778,0.736310778,0.736310778,0.736310778,0.736310778,0.638136008,0.638136008,0.638136008,0.638136008,0.638136008,0.638136008,0.539961237,0.539961237,0.539961237,0.539961237,0.539961237,0.539961237,0.539961237,0.539961237,0.539961237,0.539961237
244.979882002,C01,AP01,client_to_ap,VHT,2,2,2,80,SU,1,4,122,6637c97e16e6ce8a,0.638136008,0.638136008,0.638136008,0.638136008,0.638136008,0.638136008,0.638136008,0.638136008,0.638136008,0.638136008,0.638136008,0.638136008,0.638136008,0.638136008,0.638136008,0.638136008,0.638136008,0.638136008,0.638136008,0.638136008,0.638136008,0.638136008,0.638136008,0.638136008,0.638136008,0.638136008,0.638136008,0.638136008,0.638136008,0.638136008,0.638136008,0.638136008,0.638136008,0.638136008,0.638136008,0.736310778,0.736310778,0.736310778,0.736310778,0.736310778,0.736310778,0.736310778,0.736310778,0.736310778,0.736310778,0.736310778,0.736310778,0.736310778,0.736310778,0.736310778,0.736310778,0.736310778,0.638136008,0.638136008,0.638136008,0.638136008,0.638136008,0.539961237,0.539961237,0.539961237,0.441786467,0.441786467,0.441786467,0.441786467,0.343611696,0.343611696,0.343611696,0.245436926,0.245436926,0.245436926,0.245436926,0.245436926,0.245436926,0.147262156,0.147262156,0.147262156,0.0490873852,0.0490873852,0.0490873852,0.147262156,0.147262156,0.245436926,0.343611696,0.343611696,0.441786467,0.539961237,0.638136008,0.638136008,0.638136008,0.736310778,0.736310778,0.736310778,0.834485549,0.834485549,0.834485549,0.834485549,0.834485549,0.834485549,0.736310778,0.736310778,0.736310778,0.736310778,0.736310778,0.736310778,0.638136008,0.638136008,0.638136008,0.638136008,0.638136008,0.638136008,0.638136008,0.638136008,0.539961237,0.539961237,0.539961237,0.539961237,0.539961237,0.539961237,0.539961237,0.539961237,0.539961237,0.539961237
246.314355850,C01,AP01,client_to_ap,VHT,2,2,2,80,SU,1,4,122,6637c97e16e6ce8a,0.736310778,0.638136008,0.638136008,0.638136008,0.638136008,0.638136008,0.638136008,0.638136008,0.638136008,0.638136008,0.638136008,0.638136008,0.638136008,0.638136008,0.638136008,0.638136008,0.638136008,0.638136008,0.638136008,0.638136008,0.638136008,0.638136008,0.638136008,0.638136008,0.638136008,0.638136008,0.638136008,0.638136008,0.638136008,0.638136008,0.638136008,0.638136008,0.638136008,0.638136008,0.736310778,0.736310778,0.736310778,0.736310778,0.736310778,0.736310778,0.736310778,0.736310778,0.736310778,0.736310778,0.736310778,0.736310778,0.736310778,0.736310778,0.736310778,0.736310778,0.736310778,0.736310778,0.736310778,0.638136008,0.638136008,0.638136008,0.638136008,0.539961237,0.539961237,0.539961237,0.539961237,0.441786467,0.441786467,0.441786467,0.343611696,0.343611696,0.343611696,0.343611696,0.245436926,0.245436926,0.245436926,0.245436926,0.245436926,0.147262156,0.147262156,0.147262156,0.0490873852,0.0490873852,0.0490873852,0.0490873852,0.147262156,0.245436926,0.343611696,0.441786467,0.441786467,0.539961237,0.638136008,0.638136008,0.736310778,0.736310778,0.736310778,0.834485549,0.834485549,0.834485549,0.834485549,0.834485549,0.834485549,0.834485549,0.834485549,0.834485549,0.736310778,0.736310778,0.736310778,0.736310778,0.736310778,0.736310778,0.638136008,0.638136008,0.638136008,0.638136008,0.638136008,0.638136008,0.638136008,0.539961237,0.539961237,0.539961237,0.539961237,0.539961237,0.539961237,0.539961237,0.539961237,0.539961237
247.645639896,C01,AP01,client_to_ap,VHT,2,2,2,80,SU,1,4,122,6637c97e16e6ce8a,0.638136008,0.736310778,0.638136008,0.638136008,0.638136008,0.638136008,0.638136008,0.638136008,0.638136008,0.638136008,0.638136008,0.638136008,0.638136008,0.638136008,0.638136008,0.638136008,0.638136008,0.638136008,0.638136008,0.638136008,0.638136008,0.638136008,0.638136008,0.638136008,0.638136008,0.638136008,0.638136008,0.638136008,0.638136008,0.736310778,0.736310778,0.736310778,0.736310778,0.736310778,0.736310778,0.736310778,0.736310778,0.736310778,0.736310778,0.736310778,0.736310778,0.736310778,0.736310778,0.736310778,0.736310778,0.834485549,0.834485549,0.736310778,0.736310778,0.736310778,0.736310778,0.736310778,0.736310778,0.736310778,0.638136008,0.638136008,0.638136008,0.638136008,0.539961237,0.539961237,0.539961237,0.441786467,0.441786467,0.441786467,0.343611696,0.343611696,0.343611696,0.343611696,0.343611696,0.245436926,0.245436926,0.245436926,0.245436926,0.147262156,0.147262156,0.147262156,0.0490873852,0.0490873852,0.0490873852,0.147262156,0.147262156,0.245436926,0.343611696,0.343611696,0.441786467,0.539961237,0.638136008,0.736310778,0.736310778,0.736310778,0.736310778,0.834485549,0.834485549,0.834485549,0.834485549,0.834485549,0.834485549,0.834485549,0.834485549,0.834485549,0.834485549,0.834485549,0.736310778,0.736310778,0.736310778,0.638136008,0.638136008,0.638136008,0.638136008,0.638136008,0.638136008,0.638136008,0.539961237,0.539961237,0.539961237,0.539961237,0.539961237,0.539961237,0.539961237,0.539961237,0.539961237,0.539961237
248.978885889,C01,AP01,client_to_ap,VHT,2,2,2,80,SU,1,4,122,6637c97e16e6ce8a,0.736310778,0.736310778,0.638136008,0.638136008,0.638136008,0.638136008,0.638136008,0.638136008,0.638136008,0.638136008,0.638136008,0.638136008,0.638136008,0.638136008,0.638136008,0.638136008,0.638136008,0.638136008,0.638136008,0.638136008,0.638136008,0.638136008,0.638136008,0.638136008,0.638136008,0.638136008,0.638136008,0.638136008,0.638136008,0.638136008,0.638136008,0.638136008,0.736310778,0.736310778,0.736310778,0.736310778,0.736310778,0.736310778,0.736310778,0.736310778,0.736310778,0.736310778,0.736310778,0.736310778,0.736310778,0.834485549,0.834485549,0.736310778,0.736310778,0.736310778,0.736310778,0.736310778,0.736310778,0.736310778,0.638136008,0.638136008,0.638136008,0.638136008,0.539961237,0.539961237,0.539961237,0.441786467,0.441786467,0.441786467,0.441786467,0.343611696,0.343611696,0.343611696,0.343611696,0.245436926,0.245436926,0.245436926,0.245436926,0.147262156,0.147262156,0.147262156,0.0490873852,0.0490873852,0.0490873852,0.0490873852,0.147262156,0.245436926,0.343611696,0.441786467,0.539961237,0.539961237,0.638136008,0.736310778,0.736310778,0.736310778,0.736310778,0.834485549,0.834485549,0.834485549,0.834485549,0.834485549,0.834485549,0.834485549,0.834485549,0.834485549,0.736310778,0.736310778,0.736310778,0.736310778,0.736310778,0.638136008,0.638136008,0.638136008,0.638136008,0.638136008,0.638136008,0.638136008,0.539961237,0.539961237,0.539961237,0.539961237,0.539961237,0.539961237,0.539961237,0.539961237,0.539961237,0.539961237
250.314844847,C01,AP01,client_to_ap,VHT,2,2,2,80,SU,1,4,122,6637c97e16e6ce8a,0.638136008,0.638136008,0.638136008,0.638136008,0.638136008,0.638136008,0.638136008,0.638136008,0.638136008,0.638136008,0.638136008,0.638136008,0.638136008,0.638136008,0.638136008,0.638136008,0.638136008,0.638136008,0.638136008,0.638136008,0.638136008,0.638136008,0.638136008,0.638136008,0.638136008,0.638136008,0.638136008,0.638136008,0.638136008,0.638136008,0.638136008,0.638136008,0.638136008,0.736310778,0.736310778,0.736310778,0.736310778,0.736310778,0.736310778,0.736310778,0.736310778,0.736310778,0.736310778,0.736310778,0.736310778,0.736310778,0.736310778,0.736310778,0.736310778,0.736310778,0.736310778,0.736310778,0.736310778,0.638136008,0.638136008,0.638136008,0.638136008,0.638136008,0.539961237,0.539961237,0.539961237,0.441786467,0.441786467,0.441786467,0.343611696,0.343611696,0.343611696,0.343611696,0.245436926,0.245436926,0.245436926,0.245436926,0.245436926,0.147262156,0.147262156,0.147262156,0.0490873852,0.0490873852,0.0490873852,0.147262156,0.147262156,0.245436926,0.343611696,0.343611696,0.441786467,0.539961237,0.638136008,0.638136008,0.736310778,0.736310778,0.736310778,0.834485549,0.834485549,0.834485549,0.834485549,0.834485549,0.834485549,0.834485549,0.834485549,0.834485549,0.736310778,0.736310778,0.736310778,0.736310778,0.736310778,0.638136008,0.638136008,0.638136008,0.638136008,0.638136008,0.638136008,0.638136008,0.539961237,0.539961237,0.539961237,0.539961237,0.539961237,0.539961237,0.539961237,0.539961237,0.539961237,0.539961237
251.647223949,C01,AP01,client_to_ap,VHT,2,2,2,80,SU,1,4,122,6637c97e16e6ce8a,0.736310778,0.736310778,0.736310778,0.638136008,0.638136008,0.638136008,0.638136008,0.638136008,0.638136008,0.638136008,0.638136008,0.638136008,0.638136008,0.638136008,0.638136008,0.638136008,0.638136008,0.638136008,0.638136008,0.638136008,0.638136008,0.638136008,0.638136008,0.638136008,0.638136008,0.638136008,0.638136008,0.638136008,0.638136008,0.638136008,0.638136008,0.638136008,0.638136008,0.736310778,0.736310778,0.736310778,0.736310778,0.736310778,0.736310778,0.736310778,0.736310778,0.736310778,0.736310778,0.736310778,0.736310778,0.736310778,0.736310778,0.736310778,0.736310778,0.736310778,0.736310778,0.736310778,0.736310778,0.736310778,0.638136008,0.638136008,0.638136008,0.638136008,0.539961237,0.539961237,0.539961237,0.441786467,0.441786467,0.441786467,0.343611696,0.343611696,0.343611696,0.343611696,0.343611696,0.245436926,0.245436926,0.245436926,0.245436926,0.147262156,0.147262156,0.147262156,0.0490873852,0.0490873852,0.0490873852,0.147262156,0.147262156,0.245436926,0.343611696,0.441786467,0.539961237,0.539961237,0.638136008,0.638136008,0.736310778,0.736310778,0.834485549,0.834485549,0.834485549,0.834485549,0.834485549,0.834485549,0.834485549,0.834485549,0.834485549,0.834485549,0.736310778,0.736310778,0.736310778,0.736310778,0.736310778,0.638136008,0.638136008,0.638136008,0.638136008,0.638136008,0.638136008,0.638136008,0.539961237,0.539961237,0.539961237,0.539961237,0.539961237,0.539961237,0.539961237,0.539961237,0.539961237,0.539961237
252.978741884,C01,AP01,client_to_ap,VHT,2,2,2,80,SU,1,4,122,6637c97e16e6ce8a,0.638136008,0.638136008,0.638136008,0.638136008,0.638136008,0.638136008,0.638136008,0.638136008,0.638136008,0.638136008,0.638136008,0.638136008,0.638136008,0.638136008,0.638136008,0.638136008,0.638136008,0.638136008,0.638136008,0.638136008,0.638136008,0.638136008,0.638136008,0.638136008,0.638136008,0.638136008,0.638136008,0.638136008,0.638136008,0.736310778,0.638136008,0.736310778,0.638136008,0.736310778,0.736310778,0.736310778,0.736310778,0.736310778,0.736310778,0.736310778,0.736310778,0.736310778,0.736310778,0.736310778,0.736310778,0.736310778,0.736310778,0.736310778,0.736310778,0.736310778,0.736310778,0.736310778,0.736310778,0.736310778,0.638136008,0.638136008,0.638136008,0.638136008,0.539961237,0.539961237,0.539961237,0.441786467,0.441786467,0.441786467,0.441786467,0.343611696,0.343611696,0.343611696,0.343611696,0.245436926,0.245436926,0.245436926,0.245436926,0.147262156,0.147262156,0.147262156,0.0490873852,0.0490873852,0.0490873852,0.0490873852,0.147262156,0.245436926,0.343611696,0.441786467,0.441786467,0.539961237,0.638136008,0.638136008,0.736310778,0.736310778,0.834485549,0.834485549,0.834485549,0.834485549,0.834485549,0.834485549,0.834485549,0.834485549,0.834485549,0.834485549,0.834485549,0.736310778,0.736310778,0.736310778,0.736310778,0.736310778,0.638136008,0.638136008,0.638136008,0.638136008,0.638136008,0.638136008,0.539961237,0.539961237,0.539961237,0.539961237,0.539961237,0.539961237,0.539961237,0.539961237,0.539961237,0.539961237
254.310078859,C01,AP01,client_to_ap,VHT,2,2,2,80,SU,1,4,122,6637c97e16e6ce8a,0.736310778,0.638136008,0.638136008,0.638136008,0.638136008,0.638136008,0.638136008,0.638136008,0.638136008,0.638136008,0.638136008,0.638136008,0.638136008,0.638136008,0.638136008,0.638136008,0.638136008,0.638136008,0.638136008,0.638136008,0.638136008,0.638136008,0.638136008,0.638136008,0.638136008,0.638136008,0.638136008,0.638136008,0.638136008,0.736310778,0.736310778,0.736310778,0.638136008,0.736310778,0.736310778,0.736310778,0.736310778,0.736310778,0.736310778,0.736310778,0.736310778,0.736310778,0.736310778,0.736310778,0.736310778,0.736310778,0.736310778,0.736310778,0.736310778,0.736310778,0.736310778,0.736310778,0.736310778,0.736310778,0.638136008,0.638136008,0.638136008,0.638136008,0.539961237,0.539961237,0.539961237,0.441786467,0.441786467,0.441786467,0.343611696,0.343611696,0.343611696,0.343611696,0.245436926,0.245436926,0.245436926,0.245436926,0.245436926,0.245436926,0.147262156,0.147262156,0.0490873852,0.0490873852,0.0490873852,0.147262156,0.147262156,0.245436926,0.343611696,0.441786467,0.539961237,0.539961237,0.638136008,0.736310778,0.736310778,0.736310778,0.834485549,0.834485549,0.834485549,0.834485549,0.834485549,0.834485549,0.834485549,0.834485549,0.834485549,0.834485549,0.834485549,0.834485549,0.736310778,0.736310778,0.736310778,0.638136008,0.638136008,0.638136008,0.638136008,0.638136008,0.638136008,0.638136008,0.539961237,0.539961237,0.539961237,0.539961237,0.539961237,0.539961237,0.539961237,0.539961237,0.539961237,0.539961237
255.637578964,C01,AP01,client_to_ap,VHT,2,2,2,80,SU,1,4,122,6637c97e16e6ce8a,0.736310778,0.638136008,0.736310778,0.638136008,0.638136008,0.638136008,0.638136008,0.638136008,0.638136008,0.638136008,0.638136008,0.638136008,0.638136008,0.638136008,0.638136008,0.638136008,0.638136008,0.638136008,0.638136008,0.638136008,0.638136008,0.638136008,0.638136008,0.638136008,0.638136008,0.638136008,0.638136008,0.638136008,0.638136008,0.638136008,0.736310778,0.638136008,0.736310778,0.736310778,0.736310778,0.736310778,0.736310778,0.736310778,0.736310778,0.736310778,0.736310778,0.736310778,0.736310778,0.736310778,0.736310778,0.834485549,0.834485549,0.736310778,0.736310778,0.736310778,0.736310778,0.736310778,0.736310778,0.736310778,0.638136008,0.638136008,0.638136008,0.638136008,0.539961237,0.539961237,0.539961237,0.441786467,0.441786467,0.441786467,0.343611696,0.343611696,0.343611696,0.343611696,0.343611696,0.245436926,0.245436926,0.245436926,0.245436926,0.245436926,0.147262156,0.147262156,0.0490873852,0.0490873852,0.0490873852,0.0490873852,0.147262156,0.245436926,0.343611696,0.441786467,0.441786467,0.539961237,0.638136008,0.736310778,0.736310778,0.736310778,0.834485549,0.834485549,0.834485549,0.834485549,0.834485549,0.834485549,0.834485549,0.834485549,0.834485549,0.834485549,0.736310778,0.736310778,0.736310778,0.736310778,0.736310778,0.736310778,0.638136008,0.638136008,0.638136008,0.638136008,0.638136008,0.638136008,0.638136008,0.539961237,0.539961237,0.539961237,0.539961237,0.539961237,0.539961237,0.539961237,0.539961237,0.539961237
256.968557835,C01,AP01,client_to_ap,VHT,2,2,2,80,SU,1,4,122,6637c97e16e6ce8a,0.736310778,0.736310778,0.736310778,0.638136008,0.638136008,0.638136008,0.638136008,0.638136008,0.638136008,0.638136008,0.638136008,0.638136008,0.638136008,0.638136008,0.638136008,0.638136008,0.638136008,0.638136008,0.638136008,0.638136008,0.638136008,0.638136008,0.638136008,0.638136008,0.638136008,0.638136008,0.638136008,0.638136008,0.638136008,0.638136008,0.638136008,0.638136008,0.736310778,0.736310778,0.736310778,0.736310778,0.736310778,0.736310778,0.736310778,0.736310778,0.736310778,0.736310778,0.736310778,0.736310778,0.736310778,0.834485549,0.736310778,0.736310778,0.736310778,0.736310778,0.736310778,0.736310778,0.736310778,0.736310778,0.638136008,0.638136008,0.638136008,0.539961237,0.539961237,0.539961237,0.539961237,0.441786467,0.441786467,0.441786467,0.343611696,0.343611696,0.343611696,0.343611696,0.245436926,0.245436926,0.245436926,0.245436926,0.245436926,0.147262156,0.147262156,0.147262156,0.0490873852,0.0490873852,0.0490873852,0.147262156,0.147262156,0.245436926,0.343611696,0.441786467,0.441786467,0.539961237,0.638136008,0.638136008,0.736310778,0.736310778,0.736310778,0.834485549,0.834485549,0.834485549,0.834485549,0.834485549,0.834485549,0.834485549,0.834485549,0.834485549,0.834485549,0.736310778,0.736310778,0.736310778,0.736310778,0.638136008,0.638136008,0.638136008,0.638136008,0.638136008,0.638136008,0.638136008,0.539961237,0.539961237,0.539961237,0.539961237,0.539961237,0.539961237,0.539961237,0.539961237,0.539961237,0.539961237
258.304478884,C01,AP01,client_to_ap,VHT,2,2,2,80,SU,1,4,122,6637c97e16e6ce8a,0.736310778,0.736310778,0.736310778,0.638136008,0.638136008,0.638136008,0.638136008,0.638136008,0.638136008,0.638136008,0.638136008,0.638136008,0.638136008,0.638136008,0.638136008,0.638136008,0.638136008,0.638136008,0.638136008,0.638136008,0.638136008,0.638136008,0.638136008,0.638136008,0.638136008,0.638136008,0.638136008,0.638136008,0.638136008,0.736310778,0.736310778,0.736310778,0.736310778,0.736310778,0.736310778,0.736310778,0.736310778,0.736310778,0.736310778,0.736310778,0.736310778,0.736310778,0.834485549,0.834485549,0.834485549,0.834485549,0.834485549,0.736310778,0.736310778,0.736310778,0.736310778,0.736310778,0.736310778,0.736310778,0.638136008,0.638136008,0.638136008,0.638136008,0.539961237,0.539961237,0.539961237,0.441786467,0.441786467,0.441786467,0.441786467,0.343611696,0.343611696,0.343611696,0.343611696,0.245436926,0.245436926,0.245436926,0.245436926,0.147262156,0.147262156,0.147262156,0.0490873852,0.0490873852,0.0490873852,0.147262156,0.147262156,0.245436926,0.343611696,0.441786467,0.539961237,0.638136008,0.638136008,0.736310778,0.736310778,0.834485549,0.834485549,0.834485549,0.834485549,0.834485549,0.834485549,0.834485549,0.834485549,0.834485549,0.834485549,0.834485549,0.834485549,0.834485549,0.736310778,0.736310778,0.736310778,0.736310778,0.638136008,0.638136008,0.638136008,0.638136008,0.638136008,0.638136008,0.638136008,0.539961237,0.539961237,0.539961237,0.539961237,0.539961237,0.539961237,0.539961237,0.539961237,0.539961237
259.636508942,C01,AP01,client_to_ap,VHT,2,2,2,80,SU,1,4,122,6637c97e16e6ce8a,0.638136008,0.638136008,0.638136008,0.638136008,0.638136008,0.638136008,0.638136008,0.638136008,0.638136008,0.638136008,0.638136008,0.638136008,0.638136008,0.638136008,0.638136008,0.638136008,0.638136008,0.638136008,0.638136008,0.638136008,0.638136008,0.638136008,0.638136008,0.638136008,0.638136008,0.638136008,0.638136008,0.638136008,0.638136008,0.736310778,0.638136008,0.638136008,0.638136008,0.638136008,0.736310778,0.736310778,0.736310778,0.736310778,0.736310778,0.736310778,0.736310778,0.736310778,0.736310778,0.736310778,0.736310778,0.736310778,0.736310778,0.736310778,0.736310778,0.736310778,0.736310778,0.736310778,0.736310778,0.638136008,0.638136008,0.638136008,0.638136008,0.539961237,0.539961237,0.539961237,0.539961237,0.441786467,0.441786467,0.441786467,0.343611696,0.343611696,0.343611696,0.343611696,0.245436926,0.245436926,0.245436926,0.245436926,0.245436926,0.147262156,0.147262156,0.147262156,0.0490873852,0.0490873852,0.0490873852,0.147262156,0.147262156,0.245436926,0.343611696,0.441786467,0.539961237,0.539961237,0.638136008,0.736310778,0.736310778,0.736310778,0.736310778,0.834485549,0.834485549,0.834485549,0.834485549,0.834485549,0.834485549,0.834485549,0.834485549,0.834485549,0.736310778,0.736310778,0.736310778,0.736310778,0.736310778,0.638136008,0.638136008,0.638136008,0.638136008,0.638136008,0.638136008,0.638136008,0.539961237,0.539961237,0.539961237,0.539961237,0.539961237,0.539961237,0.539961237,0.539961237,0.539961237,0.539961237
260.967870951,C01,AP01,client_to_ap,VHT,2,2,2,80,SU,1,4,122,6637c97e16e6ce8a,0.638136008,0.638136008,0.638136008,0.638136008,0.638136008,0.638136008,0.638136008,0.638136008,0.638136008,0.638136008,0.638136008,0.638136008,0.638136008,0.638136008,0.638136008,0.638136008,0.638136008,0.638136008,0.638136008,0.638136008,0.638136008,0.638136008,0.638136008,0.638136008,0.638136008,0.638136008,0.638136008,0.638136008,0.638136008,0.638136008,0.638136008,0.638136008,0.638136008,0.638136008,0.736310778,0.736310778,0.736310778,0.736310778,0.736310778,0.736310778,0.736310778,0.736310778,0.736310778,0.736310778,0.736310778,0.736310778,0.736310778,0.736310778,0.736310778,0.736310778,0.736310778,0.736310778,0.736310778,0.638136008,0.638136008,0.638136008,0.638136008,0.539961237,0.539961237,0.539961237,0.539961237,0.441786467,0.441786467,0.441786467,0.343611696,0.343611696,0.343611696,0.343611696,0.245436926,0.245436926,0.245436926,0.245436926,0.147262156,0.147262156,0.147262156,0.147262156,0.0490873852,0.0490873852,0.0490873852,0.147262156,0.147262156,0.245436926,0.343611696,0.441786467,0.539961237,0.539961237,0.638136008,0.638136008,0.736310778,0.736310778,0.736310778,0.834485549,0.834485549,0.834485549,0.834485549,0.834485549,0.834485549,0.834485549,0.834485549,0.834485549,0.736310778,0.736310778,0.736310778,0.736310778,0.736310778,0.736310778,0.638136008,0.638136008,0.638136008,0.638136008,0.638136008,0.638136008,0.539961237,0.539961237,0.539961237,0.539961237,0.539961237,0.539961237,0.539961237,0.539961237,0.539961237,0.539961237
262.304420948,C01,AP01,client_to_ap,VHT,2,2,2,80,SU,1,4,122,6637c97e16e6ce8a,0.638136008,0.736310778,0.638136008,0.638136008,0.638136008,0.638136008,0.638136008,0.638136008,0.638136008,0.638136008,0.638136008,0.638136008,0.638136008,0.638136008,0.638136008,0.638136008,0.638136008,0.638136008,0.638136008,0.638136008,0.638136008,0.638136008,0.638136008,0.638136008,0.638136008,0.638136008,0.638136008,0.638136008,0.638136008,0.638136008,0.638136008,0.638136008,0.638136008,0.638136008,0.736310778,0.638136008,0.736310778,0.736310778,0.736310778,0.736310778,0.736310778,0.736310778,0.736310778,0.736310778,0.736310778,0.736310778,0.736310778,0.736310778,0.736310778,0.736310778,0.736310778,0.736310778,0.736310778,0.736310778,0.638136008,0.638136008,0.638136008,0.539961237,0.539961237,0.539961237,0.539961237,0.441786467,0.441786467,0.441786467,0.343611696,0.343611696,0.343611696,0.343611696,0.343611696,0.245436926,0.245436926,0.245436926,0.245436926,0.147262156,0.147262156,0.0490873852,0.0490873852,0.0490873852,0.0490873852,0.147262156,0.147262156,0.245436926,0.343611696,0.441786467,0.441786467,0.539961237,0.638136008,0.736310778,0.736310778,0.736310778,0.736310778,0.834485549,0.834485549,0.834485549,0.834485549,0.834485549,0.834485549,0.834485549,0.834485549,0.834485549,0.736310778,0.736310778,0.736310778,0.736310778,0.736310778,0.638136008,0.638136008,0.638136008,0.638136008,0.638136008,0.638136008,0.638136008,0.539961237,0.539961237,0.539961237,0.539961237,0.539961237,0.539961237,0.539961237,0.539961237,0.539961237,0.539961237
263.636420965,C01,AP01,client_to_ap,VHT,2,2,2,80,SU,1,4,122,6637c97e16e6ce8a,0.638136008,0.638136008,0.638136008,0.638136008,0.638136008,0.638136008,0.638136008,0.638136008,0.638136008,0.638136008,0.638136008,0.638136008,0.638136008,0.638136008,0.638136008,0.638136008,0.638136008,0.638136008,0.638136008,0.638136008,0.638136008,0.638136008,0.638136008,0.638136008,0.638136008,0.638136008,0.638136008,0.638136008,0.638136008,0.638136008,0.638136008,0.638136008,0.736310778,0.638136008,0.736310778,0.736310778,0.736310778,0.736310778,0.736310778,0.736310778,0.736310778,0.736310778,0.736310778,0.736310778,0.736310778,0.736310778,0.736310778,0.736310778,0.736310778,0.736310778,0.736310778,0.736310778,0.736310778,0.638136008,0.638136008,0.638136008,0.638136008,0.539961237,0.539961237,0.539961237,0.539961237,0.441786467,0.441786467,0.441786467,0.343611696,0.343611696,0.343611696,0.343611696,0.245436926,0.245436926,0.245436926,0.245436926,0.147262156,0.147262156,0.147262156,0.147262156,0.0490873852,0.0490873852,0.0490873852,0.0490873852,0.147262156,0.245436926,0.343611696,0.343611696,0.441786467,0.539961237,0.638136008,0.638136008,0.736310778,0.736310778,0.736310778,0.834485549,0.834485549,0.834485549,0.834485549,0.834485549,0.834485549,0.834485549,0.834485549,0.834485549,0.736310778,0.736310778,0.736310778,0.736310778,0.736310778,0.638136008,0.638136008,0.638136008,0.638136008,0.638136008,0.638136008,0.539961237,0.638136008,0.539961237,0.539961237,0.539961237,0.539961237,0.539961237,0.539961237,0.539961237,0.539961237,0.539961237
264.968745947,C01,AP01,client_to_ap,VHT,2,2,2,80,SU,1,4,122,6637c97e16e6ce8a,0.638136008,0.638136008,0.638136008,0.638136008,0.638136008,0.638136008,0.638136008,0.638136008,0.638136008,0.638136008,0.638136008,0.638136008,0.638136008,0.638136008,0.638136008,0.638136008,0.638136008,0.638136008,0.638136008,0.638136008,0.638136008,0.638136008,0.638136008,0.638136008,0.638136008,0.638136008,0.638136008,0.638136008,0.638136008,0.638136008,0.638136008,0.638136008,0.638136008,0.638136008,0.638136008,0.638136008,0.736310778,0.736310778,0.736310778,0.736310778,0.736310778,0.736310778,0.736310778,0.736310778,0.736310778,0.736310778,0.736310778,0.736310778,0.736310778,0.736310778,0.736310778,0.736310778,0.736310778,0.638136008,0.638136008,0.638136008,0.638136008,0.539961237,0.539961237,0.539961237,0.539961237,0.441786467,0.441786467,0.441786467,0.343611696,0.343611696,0.343611696,0.343611696,0.245436926,0.245436926,0.245436926,0.245436926,0.245436926,0.147262156,0.147262156,0.147262156,0.0490873852,0.0490873852,0.0490873852,0.0490873852,0.147262156,0.245436926,0.245436926,0.343611696,0.441786467,0.539961237,0.539961237,0.638136008,0.638136008,0.736310778,0.736310778,0.834485549,0.834485549,0.834485549,0.834485549,0.834485549,0.834485549,0.834485549,0.834485549,0.834485549,0.736310778,0.736310778,0.736310778,0.736310778,0.638136008,0.638136008,0.638136008,0.638136008,0.638136008,0.638136008,0.638136008,0.539961237,0.539961237,0.539961237,0.539961237,0.539961237,0.539961237,0.539961237,0.539961237,0.539961237,0.539961237,0.539961237
266.303946018,C01,AP01,client_to_ap,VHT,2,2,2,80,SU,1,4,122,6637c97e16e6ce8a,0.638136008,0.638136008,0.638136008,0.638136008,0.638136008,0.638136008,0.638136008,0.638136008,0.638136008,0.638136008,0.638136008,0.638136008,0.638136008,0.638136008,0.638136008,0.638136008,0.638136008,0.638136008,0.638136008,0.638136008,0.638136008,0.638136008,0.638136008,0.638136008,0.638136008,0.638136008,0.638136008,0.638136008,0.638136008,0.638136008,0.638136008,0.638136008,0.638136008,0.638136008,0.638136008,0.638136008,0.638136008,0.736310778,0.736310778,0.736310778,0.736310778,0.736310778,0.736310778,0.736310778,0.736310778,0.736310778,0.736310778,0.736310778,0.736310778,0.736310778,0.736310778,0.736310778,0.638136008,0.638136008,0.638136008,0.638136008,0.539961237,0.539961237,0.539961237,0.539961237,0.441786467,0.441786467,0.441786467,0.441786467,0.343611696,0.343611696,0.343611696,0.245436926,0.245436926,0.245436926,0.245436926,0.245436926,0.147262156,0.147262156,0.147262156,0.0490873852,0.0490873852,0.0490873852,0.0490873852,0.147262156,0.147262156,0.245436926,0.343611696,0.441786467,0.441786467,0.539961237,0.638136008,0.638136008,0.638136008,0.736310778,0.736310778,0.736310778,0.834485549,0.834485549,0.834485549,0.834485549,0.834485549,0.834485549,0.834485549,0.736310778,0.736310778,0.736310778,0.736310778,0.736310778,0.638136008,0.638136008,0.638136008,0.638136008,0.638136008,0.638136008,0.638136008,0.638136008,0.539961237,0.539961237,0.539961237,0.539961237,0.539961237,0.539961237,0.539961237,0.539961237,0.539961237,0.539961237
267.636425018,C01,AP01,client_to_ap,VHT,2,2,2,80,SU,1,4,122,6637c97e16e6ce8a,0.638136008,0.638136008,0.638136008,0.638136008,0.638136008,0.638136008,0.638136008,0.638136008,0.638136008,0.638136008,0.638136008,0.638136008,0.638136008,0.638136008,0.638136008,0.638136008,0.638136008,0.638136008,0.638136008,0.638136008,0.638136008,0.638136008,0.638136008,0.638136008,0.638136008,0.638136008,0.638136008,0.638136008,0.638136008,0.638136008,0.638136008,0.638136008,0.638136008,0.638136008,0.638136008,0.638136008,0.638136008,0.638136008,0.736310778,0.736310778,0.736310778,0.736310778,0.736310778,0.736310778,0.736310778,0.736310778,0.736310778,0.736310778,0.736310778,0.736310778,0.736310778,0.736310778,0.638136008,0.638136008,0.638136008,0.638136008,0.539961237,0.539961237,0.539961237,0.539961237,0.441786467,0.441786467,0.441786467,0.343611696,0.343611696,0.343611696,0.343611696,0.245436926,0.245436926,0.245436926,0.245436926,0.245436926,0.147262156,0.147262156,0.147262156,0.0490873852,0.0490873852,0.0490873852,0.0490873852,0.147262156,0.245436926,0.245436926,0.343611696,0.441786467,0.441786467,0.539961237,0.638136008,0.638136008,0.638136008,0.736310778,0.736310778,0.736310778,0.736310778,0.834485549,0.834485549,0.834485549,0.834485549,0.834485549,0.736310778,0.736310778,0.736310778,0.736310778,0.736310778,0.736310778,0.638136008,0.638136008,0.638136008,0.638136008,0.638136008,0.638136008,0.638136008,0.539961237,0.539961237,0.539961237,0.539961237,0.539961237,0.539961237,0.539961237,0.539961237,0.539961237,0.539961237,0.539961237
268.968825817,C01,AP01,client_to_ap,VHT,2,2,2,80,SU,1,4,122,6637c97e16e6ce8a,0.638136008,0.638136008,0.638136008,0.638136008,0.638136008,0.638136008,0.638136008,0.638136008,0.638136008,0.638136008,0.638136008,0.638136008,0.638136008,0.638136008,0.638136008,0.638136008,0.638136008,0.638136008,0.638136008,0.638136008,0.638136008,0.638136008,0.638136008,0.638136008,0.638136008,0.638136008,0.638136008,0.638136008,0.638136008,0.638136008,0.638136008,0.638136008,0.638136008,0.638136008,0.736310778,0.638136008,0.736310778,0.736310778,0.736310778,0.736310778,0.736310778,0.736310778,0.736310778,0.736310778,0.736310778,0.736310778,0.736310778,0.736310778,0.736310778,0.736310778,0.736310778,0.736310778,0.736310778,0.638136008,0.638136008,0.638136008,0.638136008,0.539961237,0.539961237,0.539961237,0.539961237,0.441786467,0.441786467,0.441786467,0.343611696,0.343611696,0.343611696,0.343611696,0.245436926,0.245436926,0.245436926,0.245436926,0.245436926,0.147262156,0.147262156,0.147262156,0.0490873852,0.0490873852,0.0490873852,0.147262156,0.147262156,0.245436926,0.343611696,0.441786467,0.441786467,0.539961237,0.638136008,0.638136008,0.638136008,0.736310778,0.736310778,0.834485549,0.834485549,0.834485549,0.834485549,0.834485549,0.834485549,0.834485549,0.834485549,0.834485549,0.736310778,0.736310778,0.736310778,0.736310778,0.638136008,0.638136008,0.638136008,0.638136008,0.638136008,0.638136008,0.638136008,0.638136008,0.539961237,0.539961237,0.539961237,0.539961237,0.539961237,0.539961237,0.539961237,0.539961237,0.539961237,0.539961237
270.299777031,C01,AP01,client_to_ap,VHT,2,2,2,80,SU,1,4,122,6637c97e16e6ce8a,0.736310778,0.736310778,0.638136008,0.638136008,0.638136008,0.638136008,0.638136008,0.638136008,0.638136008,0.638136008,0.638136008,0.638136008,0.638136008,0.638136008,0.638136008,0.638136008,0.638136008,0.638136008,0.638136008,0.638136008,0.638136008,0.638136008,0.638136008,0.638136008,0.638136008,0.638136008,0.638136008,0.638136008,0.638136008,0.638136008,0.638136008,0.736310778,0.736310778,0.638136008,0.638136008,0.736310778,0.736310778,0.736310778,0.736310778,0.736310778,0.736310778,0.736310778,0.736310778,0.736310778,0.736310778,0.736310778,0.736310778,0.736310778,0.736310778,0.736310778,0.736310778,0.736310778,0.736310778,0.638136008,0.638136008,0.638136008,0.638136008,0.539961237,0.539961237,0.539961237,0.539961237,0.441786467,0.441786467,0.441786467,0.343611696,0.343611696,0.343611696,0.343611696,0.245436926,0.245436926,0.245436926,0.245436926,0.245436926,0.147262156,0.147262156,0.147262156,0.0490873852,0.0490873852,0.0490873852,0.147262156,0.147262156,0.245436926,0.343611696,0.441786467,0.441786467,0.539961237,0.638136008,0.638136008,0.736310778,0.736310778,0.736310778,0.834485549,0.834485549,0.834485549,0.834485549,0.834485549,0.834485549,0.834485549,0.834485549,0.834485549,0.736310778,0.736310778,0.736310778,0.736310778,0.736310778,0.736310778,0.638136008,0.638136008,0.638136008,0.638136008,0.638136008,0.638136008,0.638136008,0.539961237,0.539961237,0.539961237,0.539961237,0.539961237,0.539961237,0.539961237,0.539961237,0.539961237
271.627281904,C01,AP01,client_to_ap,VHT,2,2,2,80,SU,1,4,122,6637c97e16e6ce8a,0.638136008,0.638136008,0.638136008,0.638136008,0.638136008,0.638136008,0.638136008,0.638136008,0.638136008,0.638136008,0.638136008,0.638136008,0.638136008,0.638136008,0.638136008,0.638136008,0.638136008,0.638136008,0.638136008,0.638136008,0.638136008,0.638136008,0.638136008,0.638136008,0.638136008,0.638136008,0.638136008,0.638136008,0.638136008,0.638136008,0.638136008,0.638136008,0.638136008,0.638136008,0.736310778,0.736310778,0.736310778,0.736310778,0.736310778,0.736310778,0.736310778,0.736310778,0.736310778,0.736310778,0.736310778,0.736310778,0.736310778,0.736310778,0.736310778,0.736310778,0.736310778,0.736310778,0.736310778,0.638136008,0.638136008,0.638136008,0.638136008,0.539961237,0.539961237,0.539961237,0.539961237,0.441786467,0.441786467,0.441786467,0.343611696,0.343611696,0.343611696,0.343611696,0.245436926,0.245436926,0.245436926,0.245436926,0.245436926,0.147262156,0.147262156,0.147262156,0.0490873852,0.0490873852,0.0490873852,0.0490873852,0.147262156,0.245436926,0.343611696,0.441786467,0.441786467,0.539961237,0.638136008,0.638136008,0.736310778,0.736310778,0.736310778,0.834485549,0.834485549,0.834485549,0.834485549,0.834485549,0.834485549,0.834485549,0.834485549,0.834485549,0.736310778,0.736310778,0.736310778,0.736310778,0.736310778,0.638136008,0.638136008,0.638136008,0.638136008,0.638136008,0.638136008,0.539961237,0.539961237,0.539961237,0.539961237,0.539961237,0.539961237,0.539961237,0.539961237,0.539961237,0.539961237,0.539961237
272.957667828,C01,AP01,client_to_ap,VHT,2,2,2,80,SU,1,4,122,6637c97e16e6ce8a,0.736310778,0.736310778,0.736310778,0.638136008,0.638136008,0.638136008,0.638136008,0.638136008,0.638136008,0.638136008,0.638136008,0.638136008,0.638136008,0.638136008,0.638136008,0.638136008,0.638136008,0.638136008,0.638136008,0.638136008,0.638136008,0.638136008,0.638136008,0.638136008,0.638136008,0.638136008,0.638136008,0.638136008,0.638136008,0.638136008,0.638136008,0.638136008,0.736310778,0.736310778,0.736310778,0.736310778,0.736310778,0.736310778,0.736310778,0.736310778,0.736310778,0.736310778,0.736310778,0.736310778,0.736310778,0.736310778,0.736310778,0.736310778,0.736310778,0.736310778,0.736310778,0.736310778,0.736310778,0.638136008,0.638136008,0.638136008,0.638136008,0.539961237,0.539961237,0.539961237,0.539961237,0.441786467,0.441786467,0.441786467,0.343611696,0.343611696,0.343611696,0.343611696,0.245436926,0.245436926,0.245436926,0.245436926,0.245436926,0.147262156,0.147262156,0.147262156,0.0490873852,0.0490873852,0.0490873852,0.0490873852,0.147262156,0.245436926,0.343611696,0.441786467,0.441786467,0.539961237,0.638136008,0.638136008,0.736310778,0.736310778,0.736310778,0.834485549,0.834485549,0.834485549,0.834485549,0.834485549,0.834485549,0.834485549,0.834485549,0.834485549,0.736310778,0.736310778,0.736310778,0.736310778,0.736310778,0.736310778,0.638136008,0.638136008,0.638136008,0.638136008,0.638136008,0.638136008,0.539961237,0.539961237,0.539961237,0.539961237,0.539961237,0.539961237,0.539961237,0.539961237,0.539961237,0.539961237
274.294234991,C01,AP01,client_to_ap,VHT,2,2,2,80,SU,1,4,122,6637c97e16e6ce8a,0.736310778,0.736310778,0.736310778,0.638136008,0.736310778,0.638136008,0.638136008,0.638136008,0.638136008,0.638136008,0.638136008,0.638136008,0.638136008,0.638136008,0.638136008,0.638136008,0.638136008,0.638136008,0.638136008,0.638136008,0.638136008,0.638136008,0.638136008,0.638136008,0.638136008,0.638136008,0.638136008,0.638136008,0.638136008,0.736310778,0.736310778,0.736310778,0.736310778,0.736310778,0.736310778,0.736310778,0.736310778,0.736310778,0.736310778,0.736310778,0.736310778,0.736310778,0.736310778,0.736310778,0.736310778,0.834485549,0.834485549,0.736310778,0.736310778,0.736310778,0.736310778,0.736310778,0.736310778,0.736310778,0.638136008,0.638136008,0.638136008,0.638136008,0.539961237,0.539961237,0.539961237,0.441786467,0.441786467,0.441786467,0.441786467,0.343611696,0.343611696,0.343611696,0.343611696,0.245436926,0.245436926,0.245436926,0.245436926,0.147262156,0.147262156,0.147262156,0.0490873852,0.0490873852,0.0490873852,0.0490873852,0.147262156,0.245436926,0.245436926,0.343611696,0.441786467,0.539961237,0.638136008,0.638136008,0.736310778,0.736310778,0.834485549,0.834485549,0.834485549,0.834485549,0.834485549,0.834485549,0.834485549,0.834485549,0.834485549,0.834485549,0.834485549,0.736310778,0.736310778,0.736310778,0.736310778,0.736310778,0.638136008,0.638136008,0.638136008,0.638136008,0.638136008,0.638136008,0.539961237,0.539961237,0.539961237,0.539961237,0.539961237,0.539961237,0.539961237,0.539961237,0.539961237,0.539961237
275.625924826,C01,AP01,client_to_ap,VHT,2,2,2,80,SU,1,4,122,6637c97e16e6ce8a,0.736310778,0.736310778,0.638136008,0.638136008,0.638136008,0.638136008,0.638136008,0.638136008,0.638136008,0.638136008,0.638136008,0.638136008,0.638136008,0.638136008,0.638136008,0.638136008,0.638136008,0.638136008,0.638136008,0.638136008,0.638136008,0.638136008,0.638136008,0.638136008,0.638136008,0.638136008,0.638136008,0.638136008,0.638136008,0.638136008,0.638136008,0.638136008,0.638136008,0.638136008,0.736310778,0.736310778,0.736310778,0.736310778,0.736310778,0.736310778,0.736310778,0.736310778,0.736310778,0.736310778,0.736310778,0.736310778,0.736310778,0.736310778,0.736310778,0.736310778,0.736310778,0.736310778,0.736310778,0.638136008,0.638136008,0.638136008,0.638136008,0.539961237,0.539961237,0.539961237,0.539961237,0.441786467,0.441786467,0.441786467,0.343611696,0.343611696,0.343611696,0.343611696,0.245436926,0.245436926,0.245436926,0.245436926,0.245436926,0.147262156,0.147262156,0.147262156,0.0490873852,0.0490873852,0.0490873852,0.0490873852,0.147262156,0.245436926,0.245436926,0.441786467,0.441786467,0.539961237,0.638136008,0.638136008,0.736310778,0.736310778,0.736310778,0.834485549,0.834485549,0.834485549,0.834485549,0.834485549,0.834485549,0.834485549,0.834485549,0.834485549,0.736310778,0.736310778,0.736310778,0.736310778,0.736310778,0.638136008,0.638136008,0.638136008,0.638136008,0.638136008,0.638136008,0.638136008,0.539961237,0.539961237,0.539961237,0.539961237,0.539961237,0.539961237,0.539961237,0.539961237,0.539961237,0.539961237
276.957785845,C01,AP01,client_to_ap,VHT,2,2,2,80,SU,1,4,122,6637c97e16e6ce8a,0.638136008,0.638136008,0.638136008,0.638136008,0.638136008,0.638136008,0.638136008,0.638136008,0.638136008,0.638136008,0.638136008,0.638136008,0.638136008,0.638136008,0.638136008,0.638136008,0.638136008,0.638136008,0.638136008,0.638136008,0.638136008,0.638136008,0.638136008,0.638136008,0.638136008,0.638136008,0.638136008,0.638136008,0.638136008,0.638136008,0.638136008,0.638136008,0.638136008,0.638136008,0.736310778,0.736310778,0.736310778,0.736310778,0.736310778,0.736310778,0.736310778,0.736310778,0.736310778,0.736310778,0.736310778,0.736310778,0.736310778,0.736310778,0.736310778,0.736310778,0.736310778,0.736310778,0.736310778,0.638136008,0.638136008,0.638136008,0.638136008,0.539961237,0.539961237,0.539961237,0.539961237,0.441786467,0.441786467,0.441786467,0.343611696,0.343611696,0.343611696,0.343611696,0.245436926,0.245436926,0.245436926,0.245436926,0.147262156,0.147262156,0.147262156,0.147262156,0.0490873852,0.0490873852,0.0490873852,0.0490873852,0.147262156,0.245436926,0.343611696,0.343611696,0.441786467,0.539961237,0.638136008,0.638136008,0.736310778,0.736310778,0.736310778,0.834485549,0.834485549,0.834485549,0.834485549,0.834485549,0.834485549,0.834485549,0.834485549,0.834485549,0.834485549,0.736310778,0.736310778,0.736310778,0.736310778,0.736310778,0.638136008,0.638136008,0.638136008,0.638136008,0.638136008,0.638136008,0.539961237,0.539961237,0.539961237,0.539961237,0.539961237,0.539961237,0.539961237,0.539961237,0.539961237,0.539961237
278.294242859,C01,AP01,client_to_ap,VHT,2,2,2,80,SU,1,4,122,6637c97e16e6ce8a,0.736310778,0.736310778,0.736310778,0.736310778,0.736310778,0.638136008,0.638136008,0.736310778,0.638136008,0.638136008,0.638136008,0.638136008,0.638136008,0.638136008,0.638136008,0.638136008,0.638136008,0.638136008,0.638136008,0.638136008,0.638136008,0.638136008,0.638136008,0.638136008,0.638136008,0.638136008,0.638136008,0.638136008,0.638136008,0.736310778,0.736310778,0.736310778,0.736310778,0.736310778,0.736310778,0.736310778,0.736310778,0.736310778,0.736310778,0.736310778,0.736310778,0.736310778,0.736310778,0.834485549,0.834485549,0.834485549,0.834485549,0.834485549,0.834485549,0.736310778,0.736310778,0.736310778,0.736310778,0.736310778,0.638136008,0.638136008,0.638136008,0.638136008,0.539961237,0.539961237,0.539961237,0.441786467,0.441786467,0.441786467,0.441786467,0.343611696,0.343611696,0.343611696,0.343611696,0.245436926,0.245436926,0.245436926,0.245436926,0.147262156,0.147262156,0.147262156,0.0490873852,0.0490873852,0.0490873852,0.0490873852,0.147262156,0.245436926,0.343611696,0.441786467,0.539961237,0.638136008,0.638136008,0.736310778,0.736310778,0.736310778,0.834485549,0.834485549,0.834485549,0.834485549,0.834485549,0.834485549,0.834485549,0.834485549,0.834485549,0.834485549,0.834485549,0.834485549,0.736310778,0.736310778,0.736310778,0.736310778,0.638136008,0.638136008,0.638136008,0.638136008,0.638136008,0.638136008,0.638136008,0.539961237,0.539961237,0.539961237,0.539961237,0.539961237,0.539961237,0.539961237,0.539961237,0.539961237
279.626214027,C01,AP01,client_to_ap,VHT,2,2,2,80,SU,1,4,122,6637c97e16e6ce8a,0.638136008,0.638136008,0.638136008,0.638136008,0.638136008,0.638136008,0.638136008,0.638136008,0.638136008,0.638136008,0.638136008,0.638136008,0.638136008,0.638136008,0.638136008,0.638136008,0.638136008,0.638136008,0.638136008,0.638136008,0.638136008,0.638136008,0.638136008,0.638136008,0.638136008,0.638136008,0.638136008,0.638136008,0.638136008,0.736310778,0.736310778,0.638136008,0.736310778,0.736310778,0.736310778,0.736310778,0.736310778,0.736310778,0.736310778,0.736310778,0.736310778,0.736310778,0.736310778,0.736310778,0.736310778,0.736310778,0.736310778,0.736310778,0.736310778,0.736310778,0.736310778,0.736310778,0.736310778,0.638136008,0.638136008,0.638136008,0.638136008,0.638136008,0.539961237,0.539961237,0.539961237,0.441786467,0.441786467,0.441786467,0.441786467,0.343611696,0.343611696,0.343611696,0.245436926,0.245436926,0.245436926,0.245436926,0.245436926,0.147262156,0.147262156,0.147262156,0.0490873852,0.0490873852,0.0490873852,0.0490873852,0.147262156,0.245436926,0.343611696,0.441786467,0.539961237,0.539961237,0.638136008,0.736310778,0.736310778,0.736310778,0.834485549,0.834485549,0.834485549,0.834485549,0.834485549,0.834485549,0.834485549,0.834485549,0.834485549,0.834485549,0.736310778,0.736310778,0.736310778,0.736310778,0.736310778,0.736310778,0.638136008,0.638136008,0.638136008,0.638136008,0.638136008,0.638136008,0.638136008,0.539961237,0.539961237,0.539961237,0.539961237,0.539961237,0.539961237,0.539961237,0.539961237,0.539961237
280.958058834,C01,AP01,client_to_ap,VHT,2,2,2,80,SU,1,4,122,6637c97e16e6ce8a,0.736310778,0.638136008,0.736310778,0.638136008,0.638136008,0.638136008,0.638136008,0.638136008,0.638136008,0.638136008,0.638136008,0.638136008,0.638136008,0.638136008,0.638136008,0.638136008,0.638136008,0.638136008,0.638136008,0.638136008,0.638136008,0.638136008,0.638136008,0.638136008,0.638136008,0.638136008,0.638136008,0.638136008,0.638136008,0.638136008,0.638136008,0.638136008,0.638136008,0.638136008,0.736310778,0.736310778,0.736310778,0.736310778,0.736310778,0.736310778,0.736310778,0.736310778,0.736310778,0.736310778,0.736310778,0.736310778,0.736310778,0.736310778,0.736310778,0.736310778,0.736310778,0.736310778,0.736310778,0.638136008,0.638136008,0.638136008,0.638136008,0.539961237,0.539961237,0.539961237,0.539961237,0.441786467,0.441786467,0.441786467,0.343611696,0.343611696,0.343611696,0.343611696,0.245436926,0.245436926,0.245436926,0.245436926,0.245436926,0.147262156,0.147262156,0.147262156,0.0490873852,0.0490873852,0.0490873852,0.147262156,0.147262156,0.245436926,0.343611696,0.441786467,0.441786467,0.539961237,0.638136008,0.638136008,0.736310778,0.736310778,0.736310778,0.834485549,0.834485549,0.834485549,0.834485549,0.834485549,0.834485549,0.834485549,0.834485549,0.834485549,0.736310778,0.736310778,0.736310778,0.736310778,0.736310778,0.736310778,0.638136008,0.638136008,0.638136008,0.638136008,0.638136008,0.638136008,0.539961237,0.539961237,0.539961237,0.539961237,0.539961237,0.539961237,0.539961237,0.539961237,0.539961237,0.539961237
282.294646025,C01,AP01,client_to_ap,VHT,2,2,2,80,SU,1,4,122,6637c97e16e6ce8a,0.736310778,0.736310778,0.736310778,0.736310778,0.638136008,0.638136008,0.638136008,0.736310778,0.638136008,0.638136008,0.638136008,0.638136008,0.638136008,0.638136008,0.638136008,0.638136008,0.638136008,0.638136008,0.638136008,0.638136008,0.638136008,0.638136008,0.638136008,0.638136008,0.638136008,0.638136008,0.638136008,0.638136008,0.736310778,0.736310778,0.736310778,0.736310778,0.736310778,0.736310778,0.736310778,0.736310778,0.736310778,0.736310778,0.736310778,0.736310778,0.736310778,0.736310778,0.736310778,0.736310778,0.834485549,0.834485549,0.834485549,0.736310778,0.834485549,0.736310778,0.736310778,0.736310778,0.736310778,0.736310778,0.638136008,0.638136008,0.638136008,0.638136008,0.539961237,0.539961237,0.539961237,0.441786467,0.441786467,0.441786467,0.441786467,0.343611696,0.343611696,0.343611696,0.343611696,0.245436926,0.245436926,0.245436926,0.245436926,0.245436926,0.147262156,0.147262156,0.0490873852,0.0490873852,0.0490873852,0.0490873852,0.147262156,0.245436926,0.245436926,0.441786467,0.441786467,0.539961237,0.638136008,0.736310778,0.736310778,0.736310778,0.834485549,0.834485549,0.834485549,0.834485549,0.834485549,0.834485549,0.834485549,0.834485549,0.834485549,0.834485549,0.834485549,0.736310778,0.736310778,0.736310778,0.736310778,0.736310778,0.638136008,0.638136008,0.638136008,0.638136008,0.638136008,0.638136008,0.638136008,0.539961237,0.539961237,0.539961237,0.539961237,0.539961237,0.539961237,0.539961237,0.539961237,0.539961237
283.626590014,C01,AP01,client_to_ap,VHT,2,2,2,80,SU,1,4,122,6637c97e16e6ce8a,0.736310778,0.736310778,0.638136008,0.638136008,0.638136008,0.638136008,0.638136008,0.638136008,0.638136008,0.638136008,0.638136008,0.638136008,0.638136008,0.638136008,0.638136008,0.638136008,0.638136008,0.638136008,0.638136008,0.638136008,0.638136008,0.638136008,0.638136008,0.638136008,0.638136008,0.638136008,0.638136008,0.638136008,0.638136008,0.736310778,0.638136008,0.638136008,0.736310778,0.736310778,0.736310778,0.736310778,0.736310778,0.736310778,0.736310778,0.736310778,0.736310778,0.736310778,0.736310778,0.736310778,0.834485549,0.736310778,0.834485549,0.736310778,0.736310778,0.736310778,0.736310778,0.736310778,0.736310778,0.736310778,0.638136008,0.638136008,0.638136008,0.638136008,0.539961237,0.539961237,0.539961237,0.441786467,0.441786467,0.441786467,0.441786467,0.343611696,0.343611696,0.343611696,0.245436926,0.245436926,0.245436926,0.245436926,0.245436926,0.147262156,0.147262156,0.147262156,0.0490873852,0.0490873852,0.0490873852,0.0490873852,0.147262156,0.245436926,0.343611696,0.441786467,0.539961237,0.539961237,0.638136008,0.736310778,0.736310778,0.736310778,0.834485549,0.834485549,0.834485549,0.834485549,0.834485549,0.834485549,0.834485549,0.834485549,0.834485549,0.834485549,0.834485549,0.736310778,0.736310778,0.736310778,0.736310778,0.736310778,0.638136008,0.638136008,0.638136008,0.638136008,0.638136008,0.638136008,0.638136008,0.638136008,0.539961237,0.539961237,0.539961237,0.539961237,0.539961237,0.539961237,0.539961237,0.539961237
284.958248854,C01,AP01,client_to_ap,VHT,2,2,2,80,SU,1,4,122,6637c97e16e6ce8a,0.736310778,0.638136008,0.638136008,0.638136008,0.638136008,0.638136008,0.638136008,0.638136008,0.638136008,0.638136008,0.638136008,0.638136008,0.638136008,0.638136008,0.638136008,0.638136008,0.638136008,0.638136008,0.638136008,0.638136008,0.638136008,0.638136008,0.638136008,0.638136008,0.638136008,0.638136008,0.638136008,0.638136008,0.638136008,0.638136008,0.638136008,0.736310778,0.638136008,0.638136008,0.638136008,0.736310778,0.736310778,0.736310778,0.736310778,0.736310778,0.736310778,0.736310778,0.736310778,0.736310778,0.736310778,0.736310778,0.736310778,0.736310778,0.736310778,0.736310778,0.736310778,0.736310778,0.736310778,0.638136008,0.638136008,0.638136008,0.638136008,0.539961237,0.539961237,0.539961237,0.539961237,0.441786467,0.441786467,0.441786467,0.343611696,0.343611696,0.343611696,0.343611696,0.245436926,0.245436926,0.245436926,0.245436926,0.147262156,0.147262156,0.147262156,0.147262156,0.0490873852,0.0490873852,0.0490873852,0.0490873852,0.147262156,0.245436926,0.343611696,0.343611696,0.441786467,0.539961237,0.638136008,0.638136008,0.736310778,0.736310778,0.736310778,0.834485549,0.834485549,0.834485549,0.834485549,0.834485549,0.834485549,0.834485549,0.834485549,0.834485549,0.834485549,0.736310778,0.736310778,0.736310778,0.736310778,0.736310778,0.638136008,0.638136008,0.638136008,0.638136008,0.638136008,0.638136008,0.638136008,0.539961237,0.539961237,0.539961237,0.539961237,0.539961237,0.539961237,0.539961237,0.539961237,0.539961237
286.294473886,C01,AP01,client_to_ap,VHT,2,2,2,80,SU,1,4,122,6637c97e16e6ce8a,0.638136008,0.638136008,0.638136008,0.638136008,0.638136008,0.638136008,0.638136008,0.638136008,0.638136008,0.638136008,0.638136008,0.638136008,0.638136008,0.638136008,0.638136008,0.638136008,0.638136008,0.638136008,0.638136008,0.638136008,0.638136008,0.638136008,0.638136008,0.638136008,0.638136008,0.638136008,0.638136008,0.638136008,0.638136008,0.638136008,0.638136008,0.638136008,0.638136008,0.638136008,0.736310778,0.638136008,0.736310778,0.736310778,0.736310778,0.736310778,0.736310778,0.736310778,0.736310778,0.736310778,0.736310778,0.736310778,0.736310778,0.736310778,0.736310778,0.736310778,0.736310778,0.736310778,0.736310778,0.638136008,0.638136008,0.638136008,0.638136008,0.638136008,0.539961237,0.539961237,0.539961237,0.441786467,0.441786467,0.441786467,0.343611696,0.343611696,0.343611696,0.343611696,0.245436926,0.245436926,0.245436926,0.245436926,0.245436926,0.147262156,0.147262156,0.147262156,0.0490873852,0.0490873852,0.0490873852,0.147262156,0.147262156,0.245436926,0.343611696,0.441786467,0.441786467,0.539961237,0.638136008,0.638136008,0.736310778,0.736310778,0.736310778,0.834485549,0.834485549,0.834485549,0.834485549,0.834485549,0.834485549,0.834485549,0.834485549,0.834485549,0.736310778,0.736310778,0.736310778,0.736310778,0.736310778,0.736310778,0.638136008,0.638136008,0.638136008,0.638136008,0.638136008,0.638136008,0.539961237,0.539961237,0.539961237,0.539961237,0.539961237,0.539961237,0.539961237,0.539961237,0.539961237,0.539961237
287.626646996,C01,AP01,client_to_ap,VHT,2,2,2,80,SU,1,4,122,6637c97e16e6ce8a,0.736310778,0.638136008,0.638136008,0.638136008,0.638136008,0.638136008,0.638136008,0.638136008,0.638136008,0.638136008,0.638136008,0.638136008,0.638136008,0.638136008,0.638136008,0.638136008,0.638136008,0.638136008,0.638136008,0.638136008,0.638136008,0.638136008,0.638136008,0.638136008,0.638136008,0.638136008,0.638136008,0.638136008,0.638136008,0.736310778,0.638136008,0.736310778,0.638136008,0.638136008,0.736310778,0.736310778,0.736310778,0.736310778,0.736310778,0.736310778,0.736310778,0.736310778,0.736310778,0.736310778,0.736310778,0.736310778,0.736310778,0.736310778,0.736310778,0.736310778,0.736310778,0.736310778,0.736310778,0.638136008,0.638136008,0.638136008,0.638136008,0.638136008,0.539961237,0.539961237,0.539961237,0.441786467,0.441786467,0.441786467,0.343611696,0.343611696,0.343611696,0.343611696,0.245436926,0.245436926,0.245436926,0.245436926,0.245436926,0.147262156,0.147262156,0.0490873852,0.0490873852,0.0490873852,0.0490873852,0.147262156,0.147262156,0.245436926,0.343611696,0.441786467,0.441786467,0.539961237,0.638136008,0.638136008,0.736310778,0.736310778,0.736310778,0.834485549,0.834485549,0.834485549,0.834485549,0.834485549,0.834485549,0.834485549,0.834485549,0.736310778,0.736310778,0.736310778,0.736310778,0.736310778,0.736310778,0.638136008,0.638136008,0.638136008,0.638136008,0.638136008,0.638136008,0.638136008,0.638136008,0.539961237,0.539961237,0.539961237,0.539961237,0.539961237,0.539961237,0.539961237,0.539961237,0.539961237
288.959223032,C01,AP01,client_to_ap,VHT,2,2,2,80,SU,1,4,122,6637c97e16e6ce8a,0.638136008,0.638136008,0.638136008,0.638136008,0.638136008,0.638136008,0.638136008,0.638136008,0.638136008,0.638136008,0.638136008,0.638136008,0.638136008,0.638136008,0.638136008,0.638136008,0.638136008,0.638136008,0.638136008,0.638136008,0.638136008,0.638136008,0.638136008,0.638136008,0.638136008,0.638136008,0.638136008,0.638136008,0.638136008,0.638136008,0.638136008,0.638136008,0.638136008,0.638136008,0.638136008,0.638136008,0.736310778,0.638136008,0.736310778,0.736310778,0.736310778,0.736310778,0.736310778,0.736310778,0.736310778,0.736310778,0.736310778,0.736310778,0.736310778,0.736310778,0.736310778,0.736310778,0.638136008,0.638136008,0.638136008,0.638136008,0.638136008,0.539961237,0.539961237,0.539961237,0.539961237,0.441786467,0.441786467,0.441786467,0.343611696,0.343611696,0.343611696,0.343611696,0.245436926,0.245436926,0.245436926,0.245436926,0.147262156,0.147262156,0.147262156,0.147262156,0.0490873852,0.0490873852,0.0490873852,0.0490873852,0.147262156,0.245436926,0.245436926,0.343611696,0.441786467,0.539961237,0.539961237,0.638136008,0.638136008,0.736310778,0.736310778,0.736310778,0.834485549,0.834485549,0.834485549,0.834485549,0.834485549,0.834485549,0.736310778,0.736310778,0.736310778,0.736310778,0.736310778,0.736310778,0.736310778,0.638136008,0.638136008,0.638136008,0.638136008,0.638136008,0.638136008,0.539961237,0.539961237,0.539961237,0.539961237,0.539961237,0.539961237,0.539961237,0.539961237,0.539961237,0.539961237,0.539961237
290.294517040,C01,AP01,client_to_ap,VHT,2,2,2,80,SU,1,4,122,6637c97e16e6ce8a,0.638136008,0.638136008,0.638136008,0.638136008,0.638136008,0.638136008,0.638136008,0.638136008,0.638136008,0.638136008,0.638136008,0.638136008,0.638136008,0.638136008,0.638136008,0.638136008,0.638136008,0.638136008,0.638136008,0.638136008,0.638136008,0.638136008,0.638136008,0.638136008,0.638136008,0.638136008,0.638136008,0.638136008,0.638136008,0.736310778,0.638136008,0.736310778,0.736310778,0.736310778,0.736310778,0.736310778,0.736310778,0.736310778,0.736310778,0.736310778,0.736310778,0.736310778,0.736310778,0.736310778,0.834485549,0.736310778,0.834485549,0.736310778,0.736310778,0.736310778,0.736310778,0.736310778,0.736310778,0.736310778,0.638136008,0.638136008,0.638136008,0.638136008,0.539961237,0.539961237,0.539961237,0.441786467,0.441786467,0.441786467,0.343611696,0.343611696,0.343611696,0.343611696,0.343611696,0.245436926,0.245436926,0.245436926,0.245436926,0.147262156,0.147262156,0.147262156,0.0490873852,0.0490873852,0.0490873852,0.147262156,0.147262156,0.245436926,0.343611696,0.441786467,0.441786467,0.539961237,0.638136008,0.736310778,0.736310778,0.736310778,0.834485549,0.834485549,0.834485549,0.834485549,0.834485549,0.834485549,0.834485549,0.834485549,0.834485549,0.834485549,0.834485549,0.834485549,0.736310778,0.736310778,0.736310778,0.736310778,0.638136008,0.638136008,0.638136008,0.638136008,0.638136008,0.638136008,0.539961237,0.539961237,0.539961237,0.539961237,0.539961237,0.539961237,0.539961237,0.539961237,0.539961237,0.539961237
291.626004934,C01,AP01,client_to_ap,VHT,2,2,2,80,SU,1,4,122,6637c97e16e6ce8a,0.638136008,0.736310778,0.638136008,0.638136008,0.638136008,0.638136008,0.638136008,0.638136008,0.638136008,0.638136008,0.638136008,0.638136008,0.638136008,0.638136008,0.638136008,0.638136008,0.638136008,0.638136008,0.638136008,0.638136008,0.638136008,0.638136008,0.638136008,0.638136008,0.638136008,0.638136008,0.638136008,0.638136008,0.638136008,0.736310778,0.736310778,0.736310778,0.638136008,0.736310778,0.736310778,0.736310778,0.736310778,0.736310778,0.736310778,0.736310778,0.736310778,0.736310778,0.736310778,0.736310778,0.834485549,0.834485549,0.834485549,0.736310778,0.736310778,0.736310778,0.736310778,0.736310778,0.736310778,0.736310778,0.638136008,0.638136008,0.638136008,0.638136008,0.539961237,0.539961237,0.539961237,0.441786467,0.441786467,0.441786467,0.441786467,0.343611696,0.343611696,0.343611696,0.343611696,0.245436926,0.245436926,0.245436926,0.245436926,0.147262156,0.147262156,0.147262156,0.0490873852,0.0490873852,0.0490873852,0.147262156,0.147262156,0.245436926,0.343611696,0.441786467,0.539961237,0.539961237,0.638136008,0.736310778,0.736310778,0.736310778,0.834485549,0.834485549,0.834485549,0.834485549,0.834485549,0.834485549,0.834485549,0.834485549,0.834485549,0.834485549,0.834485549,0.736310778,0.736310778,0.736310778,0.736310778,0.638136008,0.638136008,0.638136008,0.638136008,0.638136008,0.638136008,0.638136008,0.539961237,0.539961237,0.539961237,0.539961237,0.539961237,0.539961237,0.539961237,0.539961237,0.539961237,0.539961237
292.957568884,C01,AP01,client_to_ap,VHT,2,2,2,80,SU,1,4,122,6637c97e16e6ce8a,0.736310778,0.736310778,0.638136008,0.638136008,0.638136008,0.638136008,0.638136008,0.638136008,0.638136008,0.638136008,0.638136008,0.638136008,0.638136008,0.638136008,0.638136008,0.638136008,0.638136008,0.638136008,0.638136008,0.638136008,0.638136008,0.638136008,0.638136008,0.638136008,0.638136008,0.638136008,0.638136008,0.638136008,0.638136008,0.638136008,0.736310778,0.638136008,0.736310778,0.736310778,0.736310778,0.736310778,0.736310778,0.736310778,0.736310778,0.736310778,0.736310778,0.736310778,0.736310778,0.736310778,0.736310778,0.834485549,0.736310778,0.736310778,0.736310778,0.736310778,0.736310778,0.736310778,0.736310778,0.638136008,0.638136008,0.638136008,0.638136008,0.638136008,0.539961237,0.539961237,0.539961237,0.441786467,0.441786467,0.441786467,0.441786467,0.343611696,0.343611696,0.343611696,0.343611696,0.245436926,0.245436926,0.245436926,0.245436926,0.147262156,0.147262156,0.147262156,0.0490873852,0.0490873852,0.0490873852,0.0490873852,0.147262156,0.245436926,0.343611696,0.441786467,0.441786467,0.539961237,0.638136008,0.736310778,0.736310778,0.736310778,0.834485549,0.834485549,0.834485549,0.834485549,0.834485549,0.834485549,0.834485549,0.834485549,0.834485549,0.834485549,0.834485549,0.736310778,0.736310778,0.736310778,0.736310778,0.736310778,0.638136008,0.638136008,0.638136008,0.638136008,0.638136008,0.638136008,0.539961237,0.539961237,0.539961237,0.539961237,0.539961237,0.539961237,0.539961237,0.539961237,0.539961237,0.539961237
294.286602020,C01,AP01,client_to_ap,VHT,2,2,2,80,SU,1,4,122,6637c97e16e6ce8a,0.736310778,0.638136008,0.638136008,0.638136008,0.638136008,0.638136008,0.638136008,0.638136008,0.638136008,0.638136008,0.638136008,0.638136008,0.638136008,0.638136008,0.638136008,0.638136008,0.638136008,0.638136008,0.638136008,0.638136008,0.638136008,0.638136008,0.638136008,0.638136008,0.638136008,0.638136008,0.638136008,0.638136008,0.638136008,0.638136008,0.638136008,0.638136008,0.638136008,0.638136008,0.736310778,0.736310778,0.736310778,0.736310778,0.736310778,0.736310778,0.736310778,0.736310778,0.736310778,0.736310778,0.736310778,0.736310778,0.736310778,0.736310778,0.736310778,0.736310778,0.736310778,0.736310778,0.736310778,0.638136008,0.638136008,0.638136008,0.638136008,0.638136008,0.539961237,0.539961237,0.539961237,0.441786467,0.441786467,0.441786467,0.343611696,0.343611696,0.343611696,0.343611696,0.245436926,0.245436926,0.245436926,0.245436926,0.245436926,0.147262156,0.147262156,0.147262156,0.0490873852,0.0490873852,0.0490873852,0.0490873852,0.147262156,0.245436926,0.343611696,0.343611696,0.441786467,0.539961237,0.638136008,0.638136008,0.736310778,0.736310778,0.736310778,0.834485549,0.834485549,0.834485549,0.834485549,0.834485549,0.834485549,0.834485549,0.834485549,0.834485549,0.834485549,0.736310778,0.736310778,0.736310778,0.736310778,0.638136008,0.638136008,0.638136008,0.638136008,0.638136008,0.638136008,0.638136008,0.539961237,0.539961237,0.539961237,0.539961237,0.539961237,0.539961237,0.539961237,0.539961237,0.539961237,0.539961237
295.616261959,C01,AP01,client_to_ap,VHT,2,2,2,80,SU,1,4,122,6637c97e16e6ce8a,0.638136008,0.638136008,0.638136008,0.638136008,0.638136008,0.638136008,0.638136008,0.638136008,0.638136008,0.638136008,0.638136008,0.638136008,0.638136008,0.638136008,0.638136008,0.638136008,0.638136008,0.638136008,0.638136008,0.638136008,0.638136008,0.638136008,0.638136008,0.638136008,0.638136008,0.638136008,0.638136008,0.638136008,0.638136008,0.638136008,0.638136008,0.638136008,0.638136008,0.736310778,0.736310778,0.736310778,0.736310778,0.736310778,0.736310778,0.736310778,0.736310778,0.736310778,0.736310778,0.736310778,0.736310778,0.736310778,0.736310778,0.736310778,0.736310778,0.736310778,0.736310778,0.736310778,0.736310778,0.638136008,0.638136008,0.638136008,0.638136008,0.539961237,0.539961237,0.539961237,0.539961237,0.441786467,0.441786467,0.441786467,0.343611696,0.343611696,0.343611696,0.343611696,0.245436926,0.245436926,0.245436926,0.245436926,0.245436926,0.147262156,0.147262156,0.147262156,0.0490873852,0.0490873852,0.0490873852,0.147262156,0.147262156,0.245436926,0.343611696,0.441786467,0.441786467,0.539961237,0.638136008,0.638136008,0.736310778,0.736310778,0.736310778,0.834485549,0.834485549,0.834485549,0.834485549,0.834485549,0.834485549,0.834485549,0.834485549,0.834485549,0.736310778,0.736310778,0.736310778,0.736310778,0.736310778,0.638136008,0.638136008,0.638136008,0.638136008,0.638136008,0.638136008,0.638136008,0.539961237,0.539961237,0.539961237,0.539961237,0.539961237,0.539961237,0.539961237,0.539961237,0.539961237,0.539961237
296.947571039,C01,AP01,client_to_ap,VHT,2,2,2,80,SU,1,4,122,6637c97e16e6ce8a,0.638136008,0.638136008,0.638136008,0.638136008,0.638136008,0.638136008,0.638136008,0.638136008,0.638136008,0.638136008,0.638136008,0.638136008,0.638136008,0.638136008,0.638136008,0.638136008,0.638136008,0.638136008,0.638136008,0.638136008,0.638136008,0.638136008,0.638136008,0.638136008,0.638136008,0.638136008,0.638136008,0.638136008,0.638136008,0.638136008,0.638136008,0.638136008,0.736310778,0.736310778,0.736310778,0.736310778,0.736310778,0.736310778,0.736310778,0.736310778,0.736310778,0.736310778,0.736310778,0.736310778,0.736310778,0.736310778,0.736310778,0.736310778,0.736310778,0.736310778,0.736310778,0.736310778,0.736310778,0.638136008,0.638136008,0.638136008,0.638136008,0.539961237,0.539961237,0.539961237,0.539961237,0.441786467,0.441786467,0.441786467,0.343611696,0.343611696,0.343611696,0.343611696,0.245436926,0.245436926,0.245436926,0.245436926,0.245436926,0.147262156,0.147262156,0.147262156,0.0490873852,0.0490873852,0.0490873852,0.0490873852,0.147262156,0.245436926,0.343611696,0.441786467,0.539961237,0.539961237,0.638136008,0.638136008,0.736310778,0.736310778,0.834485549,0.834485549,0.834485549,0.834485549,0.834485549,0.834485549,0.834485549,0.834485549,0.834485549,0.834485549,0.736310778,0.736310778,0.736310778,0.736310778,0.736310778,0.736310778,0.638136008,0.638136008,0.638136008,0.638136008,0.638136008,0.638136008,0.539961237,0.539961237,0.539961237,0.539961237,0.539961237,0.539961237,0.539961237,0.539961237,0.539961237,0.539961237
298.284189939,C01,AP01,client_to_ap,VHT,2,2,2,80,SU,1,4,122,6637c97e16e6ce8a,0.736310778,0.736310778,0.638136008,0.638136008,0.638136008,0.638136008,0.638136008,0.638136008,0.638136008,0.638136008,0.638136008,0.638136008,0.638136008,0.638136008,0.638136008,0.638136008,0.638136008,0.638136008,0.638136008,0.638136008,0.638136008,0.638136008,0.638136008,0.638136008,0.638136008,0.638136008,0.638136008,0.638136008,0.638136008,0.638136008,0.638136008,0.638136008,0.736310778,0.638136008,0.736310778,0.736310778,0.736310778,0.736310778,0.736310778,0.736310778,0.736310778,0.736310778,0.736310778,0.736310778,0.736310778,0.834485549,0.736310778,0.736310778,0.736310778,0.736310778,0.736310778,0.736310778,0.736310778,0.638136008,0.638136008,0.638136008,0.638136008,0.539961237,0.539961237,0.539961237,0.539961237,0.441786467,0.441786467,0.441786467,0.343611696,0.343611696,0.343611696,0.343611696,0.245436926,0.245436926,0.245436926,0.245436926,0.245436926,0.147262156,0.147262156,0.147262156,0.0490873852,0.0490873852,0.0490873852,0.147262156,0.147262156,0.245436926,0.343611696,0.441786467,0.441786467,0.539961237,0.638136008,0.638136008,0.736310778,0.736310778,0.736310778,0.834485549,0.834485549,0.834485549,0.834485549,0.834485549,0.834485549,0.834485549,0.834485549,0.834485549,0.736310778,0.736310778,0.736310778,0.736310778,0.736310778,0.638136008,0.638136008,0.638136008,0.638136008,0.638136008,0.638136008,0.638136008,0.539961237,0.539961237,0.539961237,0.539961237,0.539961237,0.539961237,0.539961237,0.539961237,0.539961237,0.539961237
299.615986824,C01,AP01,client_to_ap,VHT,2,2,2,80,SU,1,4,122,6637c97e16e6ce8a,0.736310778,0.638136008,0.638136008,0.638136008,0.638136008,0.638136008,0.638136008,0.638136008,0.638136008,0.638136008,0.638136008,0.638136008,0.638136008,0.638136008,0.638136008,0.638136008,0.638136008,0.638136008,0.638136008,0.638136008,0.638136008,0.638136008,0.638136008,0.638136008,0.638136008,0.638136008,0.638136008,0.638136008,0.638136008,0.736310778,0.638136008,0.638136008,0.638136008,0.736310778,0.736310778,0.736310778,0.736310778,0.736310778,0.736310778,0.736310778,0.736310778,0.736310778,0.736310778,0.736310778,0.736310778,0.834485549,0.834485549,0.736310778,0.736310778,0.736310778,0.736310778,0.736310778,0.736310778,0.736310778,0.638136008,0.638136008,0.638136008,0.638136008,0.539961237,0.539961237,0.539961237,0.441786467,0.441786467,0.441786467,0.441786467,0.343611696,0.343611696,0.343611696,0.343611696,0.245436926,0.245436926,0.245436926,0.245436926,0.147262156,0.147262156,0.147262156,0.0490873852,0.0490873852,0.0490873852,0.147262156,0.147262156,0.245436926,0.343611696,0.441786467,0.441786467,0.539961237,0.638136008,0.736310778,0.736310778,0.736310778,0.834485549,0.834485549,0.834485549,0.834485549,0.834485549,0.834485549,0.834485549,0.834485549,0.834485549,0.834485549,0.834485549,0.736310778,0.736310778,0.736310778,0.736310778,0.736310778,0.638136008,0.638136008,0.638136008,0.638136008,0.638136008,0.638136008,0.539961237,0.539961237,0.539961237,0.539961237,0.539961237,0.539961237,0.539961237,0.539961237,0.539961237,0.539961237
