t_rel_s,client,ap,direction,format,Nr,Nc,Ng,bandwidth_mhz,feedback,codebook,bits_psi,subcarriers,series_id,psi_0000_rad,psi_0001_rad,psi_0002_rad,psi_0003_rad,psi_0004_rad,psi_0005_rad,psi_0006_rad,psi_0007_rad,psi_0008_rad,psi_0009_rad,psi_0010_rad,psi_0011_rad,psi_0012_rad,psi_0013_rad,psi_0014_rad,psi_0015_rad,psi_0016_rad,psi_0017_rad,psi_0018_rad,psi_0019_rad,psi_0020_rad,psi_0021_rad,psi_0022_rad,psi_0023_rad,psi_0024_rad,psi_0025_rad,psi_0026_rad,psi_0027_rad,psi_0028_rad,psi_0029_rad,psi_0030_rad,psi_0031_rad,psi_0032_rad,psi_0033_rad,psi_0034_rad,psi_0035_rad,psi_0036_rad,psi_0037_rad,psi_0038_rad,psi_0039_rad,psi_0040_rad,psi_0041_rad,psi_0042_rad,psi_0043_rad,psi_0044_rad,psi_0045_rad,psi_0046_rad,psi_0047_rad,psi_0048_rad,psi_0049_rad,psi_0050_rad,psi_0051_rad,psi_0052_rad,psi_0053_rad,psi_0054_rad,psi_0055_rad,psi_0056_rad,psi_0057_rad,psi_0058_rad,psi_0059_rad,psi_0060_rad,psi_0061_rad,psi_0062_rad,psi_0063_rad,psi_0064_rad,psi_0065_rad,psi_0066_rad,psi_0067_rad,psi_0068_rad,psi_0069_rad,psi_0070_rad,psi_0071_rad,psi_0072_rad,psi_0073_rad,psi_0074_rad,psi_0075_rad,psi_0076_rad,psi_0077_rad,psi_0078_rad,psi_0079_rad,psi_0080_rad,psi_0081_rad,psi_0082_rad,psi_0083_rad,psi_0084_rad,psi_0085_rad,psi_0086_rad,psi_0087_rad,psi_0088_rad,psi_0089_rad,psi_0090_rad,psi_0091_rad,psi_0092_rad,psi_0093_rad,psi_0094_rad,psi_0095_rad,psi_0096_rad,psi_0097_rad,psi_0098_rad,psi_0099_rad,psi_0100_rad,psi_0101_rad,psi_0102_rad,psi_0103_rad,psi_0104_rad,psi_0105_rad,psi_0106_rad,psi_0107_rad,psi_0108_rad,psi_0109_rad,psi_0110_rad,psi_0111_rad,psi_0112_rad,psi_0113_rad,psi_0114_rad,psi_0115_rad,psi_0116_rad,psi_0117_rad,psi_0118_rad,psi_0119_rad,psi_0120_rad,psi_0121_rad
0.324981928,C01,AP01,client_to_ap,VHT,2,2,2,80,SU,1,4,122,6637c97e16e6ce8a,1.22718463,1.22718463,1.22718463,1.22718463,1.22718463,1.22718463,1.22718463,1.22718463,1.22718463,1.3253594,1.3253594,1.3253594,1.3253594,1.3253594,1.3253594,1.3253594,1.3253594,1.3253594,1.3253594,1.3253594,1.3253594,1.42353417,1.42353417,1.42353417,1.42353417,1.42353417,1.42353417,1.42353417,1.42353417,1.42353417,1.52170894,1.52170894,1.52170894,1.52170894,1.52170894,1.52170894,1.52170894,1.42353417,1.42353417,1.42353417,1.42353417,1.42353417,1.42353417,1.42353417,1.3253594,1.3253594,1.3253594,1.3253594,1.3253594,1.22718463,1.22718463,1.22718463,1.22718463,1.22718463,1.22718463,1.22718463,1.12900986,1.12900986,1.12900986,1.12900986,1.12900986,1.03083509,1.03083509,1.03083509,1.03083509,1.03083509,0.932660319,0.932660319,0.932660319,0.932660319,0.932660319,0.834485549,0.834485549,0.834485549,0.834485549,0.834485549,0.736310778,0.736310778,0.736310778,0.736310778,0.736310778,0.736310778,0.736310778,0.736310778,0.736310778,0.638136008,0.638136008,0.638136008,0.638136008,0.638136008,0.638136008,0.638136008,0.638136008,0.638136008,0.638136008,0.638136008,0.638136008,0.539961237,0.539961237,0.539961237,0.539961237,0.539961237,0.539961237,0.539961237,0.539961237,0.539961237,0.539961237,0.539961237,0.539961237,0.539961237,0.539961237,0.539961237,0.539961237,0.539961237,0.539961237,0.539961237,0.638136008,0.539961237,0.539961237,0.539961237,0.638136008,0.539961237
1.657269955,C01,AP01,client_to_ap,VHT,2,2,2,80,SU,1,4,122,6637c97e16e6ce8a,1.22718463,1.22718463,1.22718463,1.22718463,1.22718463,1.22718463,1.22718463,1.22718463,1.22718463,1.3253594,1.3253594,1.3253594,1.3253594,1.3253594,1.3253594,1.3253594,1.3253594,1.3253594,1.3253594,1.3253594,1.42353417,1.42353417,1.42353417,1.42353417,1.42353417,1.42353417,1.42353417,1.42353417,1.52170894,1.52170894,1.52170894,1.52170894,1.52170894,1.52170894,1.52170894,1.52170894,1.52170894,1.42353417,1.42353417,1.42353417,1.42353417,1.42353417,1.42353417,1.42353417,1.3253594,1.3253594,1.3253594,1.3253594,1.22718463,1.22718463,1.22718463,1.22718463,1.22718463,1.22718463,1.22718463,1.12900986,1.22718463,1.12900986,1.12900986,1.12900986,1.12900986,1.03083509,1.03083509,1.03083509,1.03083509,1.03083509,0.932660319,0.932660319,0.932660319,0.932660319,0.932660319,0.834485549,0.834485549,0.834485549,0.834485549,0.834485549,0.834485549,0.736310778,0.736310778,0.736310778,0.736310778,0.736310778,0.736310778,0.736310778,0.736310778,0.736310778,0.736310778,0.638136008,0.638136008,0.638136008,0.638136008,0.638136008,0.638136008,0.638136008,0.638136008,0.638136008,0.638136008,0.539961237,0.539961237,0.539961237,0.539961237,0.539961237,0.539961237,0.539961237,0.539961237,0.539961237,0.539961237,0.539961237,0.539961237,0.539961237,0.539961237,0.539961237,0.539961237,0.539961237,0.539961237,0.539961237,0.539961237,0.539961237,0.539961237,0.638136008,0.539961237,0.539961237
2.988989830,C01,AP01,client_to_ap,VHT,2,2,2,80,SU,1,4,122,6637c97e16e6ce8a,1.22718463,1.22718463,1.22718463,1.22718463,1.22718463,1.22718463,1.22718463,1.22718463,1.3253594,1.3253594,1.3253594,1.3253594,1.3253594,1.3253594,1.3253594,1.3253594,1.3253594,1.3253594,1.3253594,1.3253594,1.3253594,1.42353417,1.42353417,1.42353417,1.42353417,1.42353417,1.42353417,1.42353417,1.42353417,1.52170894,1.52170894,1.52170894,1.52170894,1.52170894,1.52170894,1.52170894,1.52170894,1.42353417,1.42353417,1.42353417,1.42353417,1.42353417,1.42353417,1.42353417,1.3253594,1.3253594,1.3253594,1.3253594,1.3253594,1.22718463,1.22718463,1.22718463,1.22718463,1.22718463,1.22718463,1.22718463,1.12900986,1.12900986,1.12900986,1.12900986,1.12900986,1.03083509,1.03083509,1.03083509,1.03083509,1.03083509,0.932660319,0.932660319,0.932660319,0.932660319,0.932660319,0.834485549,0.834485549,0.834485549,0.834485549,0.834485549,0.834485549,0.736310778,0.736310778,0.736310778,0.736310778,0.736310778,0.736310778,0.736310778,0.736310778,0.736310778,0.638136008,0.638136008,0.638136008,0.638136008,0.638136008,0.638136008,0.638136008,0.638136008,0.638136008,0.638136008,0.638136008,0.539961237,0.539961237,0.539961237,0.539961237,0.539961237,0.539961237,0.539961237,0.539961237,0.539961237,0.539961237,0.539961237,0.539961237,0.539961237,0.539961237,0.539961237,0.539961237,0.539961237,0.539961237,0.539961237,0.539961237,0.539961237,0.638136008,0.539961237,0.638136008,0.539961237
4.325172901,C01,AP01,client_to_ap,VHT,2,2,2,80,SU,1,4,122,6637c97e16e6ce8a,1.22718463,1.22718463,1.22718463,1.22718463,1.22718463,1.22718463,1.22718463,1.22718463,1.22718463,1.3253594,1.3253594,1.3253594,1.3253594,1.3253594,1.3253594,1.3253594,1.3253594,1.3253594,1.3253594,1.3253594,1.3253594,1.42353417,1.42353417,1.42353417,1.42353417,1.42353417,1.42353417,1.42353417,1.52170894,1.42353417,1.52170894,1.52170894,1.52170894,1.52170894,1.52170894,1.42353417,1.52170894,1.42353417,1.42353417,1.42353417,1.42353417,1.42353417,1.42353417,1.3253594,1.3253594,1.3253594,1.3253594,1.3253594,1.3253594,1.22718463,1.22718463,1.22718463,1.22718463,1.22718463,1.22718463,1.12900986,1.12900986,1.12900986,1.12900986,1.12900986,1.12900986,1.03083509,1.03083509,1.03083509,1.03083509,1.03083509,0.932660319,0.932660319,0.932660319,0.932660319,0.932660319,0.834485549,0.834485549,0.834485549,0.834485549,0.834485549,0.834485549,0.736310778,0.736310778,0.736310778,0.736310778,0.736310778,0.736310778,0.736310778,0.736310778,0.638136008,0.736310778,0.638136008,0.638136008,0.638136008,0.638136008,0.638136008,0.638136008,0.638136008,0.638136008,0.638136008,0.638136008,0.638136008,0.638136008,0.539961237,0.539961237,0.539961237,0.539961237,0.539961237,0.539961237,0.539961237,0.539961237,0.539961237,0.539961237,0.539961237,0.539961237,0.539961237,0.638136008,0.539961237,0.539961237,0.539961237,0.539961237,0.638136008,0.638136008,0.638136008,0.638136008,0.539961237
5.658135891,C01,AP01,client_to_ap,VHT,2,2,2,80,SU,1,4,122,6637c97e16e6ce8a,1.22718463,1.22718463,1.22718463,1.22718463,1.22718463,1.22718463,1.22718463,1.22718463,1.22718463,1.3253594,1.3253594,1.3253594,1.3253594,1.3253594,1.3253594,1.3253594,1.3253594,1.3253594,1.3253594,1.3253594,1.3253594,1.42353417,1.42353417,1.42353417,1.42353417,1.42353417,1.42353417,1.42353417,1.42353417,1.42353417,1.52170894,1.52170894,1.52170894,1.52170894,1.52170894,1.52170894,1.42353417,1.52170894,1.42353417,1.42353417,1.42353417,1.42353417,1.42353417,1.42353417,1.3253594,1.3253594,1.3253594,1.3253594,1.3253594,1.22718463,1.22718463,1.22718463,1.22718463,1.22718463,1.22718463,1.22718463,1.12900986,1.12900986,1.12900986,1.12900986,1.12900986,1.03083509,1.03083509,1.03083509,1.03083509,1.03083509,0.932660319,0.932660319,0.932660319,0.932660319,0.932660319,0.834485549,0.834485549,0.834485549,0.834485549,0.834485549,0.834485549,0.736310778,0.736310778,0.736310778,0.736310778,0.736310778,0.736310778,0.736310778,0.736310778,0.736310778,0.638136008,0.736310778,0.638136008,0.638136008,0.638136008,0.638136008,0.638136008,0.638136008,0.638136008,0.638136008,0.539961237,0.539961237,0.638136008,0.539961237,0.539961237,0.539961237,0.539961237,0.539961237,0.539961237,0.539961237,0.539961237,0.539961237,0.539961237,0.539961237,0.539961237,0.539961237,0.539961237,0.539961237,0.539961237,0.539961237,0.539961237,0.539961237,0.638136008,0.539961237,0.638136008,0.539961237
6.989265919,C01,AP01,client_to_ap,VHT,2,2,2,80,SU,1,4,122,6637c97e16e6ce8a,1.22718463,1.22718463,1.22718463,1.22718463,1.22718463,1.22718463,1.22718463,1.3253594,1.22718463,1.3253594,1.3253594,1.3253594,1.3253594,1.3253594,1.3253594,1.3253594,1.3253594,1.3253594,1.3253594,1.3253594,1.42353417,1.42353417,1.42353417,1.42353417,1.42353417,1.42353417,1.42353417,1.42353417,1.42353417,1.42353417,1.52170894,1.52170894,1.52170894,1.52170894,1.52170894,1.52170894,1.52170894,1.42353417,1.42353417,1.42353417,1.42353417,1.42353417,1.42353417,1.42353417,1.3253594,1.3253594,1.3253594,1.3253594,1.3253594,1.22718463,1.22718463,1.22718463,1.22718463,1.22718463,1.22718463,1.22718463,1.22718463,1.12900986,1.12900986,1.12900986,1.12900986,1.12900986,1.03083509,1.03083509,1.03083509,1.03083509,1.03083509,0.932660319,0.932660319,0.932660319,0.932660319,0.932660319,0.834485549,0.834485549,0.834485549,0.834485549,0.834485549,0.834485549,0.736310778,0.736310778,0.736310778,0.736310778,0.736310778,0.736310778,0.736310778,0.736310778,0.736310778,0.736310778,0.638136008,0.638136008,0.638136008,0.638136008,0.638136008,0.638136008,0.638136008,0.638136008,0.638136008,0.638136008,0.638136008,0.539961237,0.638136008,0.539961237,0.539961237,0.539961237,0.539961237,0.539961237,0.539961237,0.539961237,0.539961237,0.539961237,0.539961237,0.638136008,0.539961237,0.638136008,0.539961237,0.638136008,0.539961237,0.539961237,0.638136008,0.638136008,0.539961237,0.638136008
8.325492859,C01,AP01,client_to_ap,VHT,2,2,2,80,SU,1,4,122,6637c97e16e6ce8a,1.22718463,1.22718463,1.22718463,1.22718463,1.22718463,1.22718463,1.22718463,1.22718463,1.22718463,1.3253594,1.3253594,1.3253594,1.3253594,1.3253594,1.3253594,1.3253594,1.3253594,1.3253594,1.3253594,1.3253594,1.3253594,1.42353417,1.42353417,1.42353417,1.42353417,1.42353417,1.42353417,1.42353417,1.42353417,1.52170894,1.52170894,1.52170894,1.52170894,1.52170894,1.52170894,1.52170894,1.42353417,1.42353417,1.42353417,1.42353417,1.42353417,1.42353417,1.42353417,1.3253594,1.3253594,1.3253594,1.3253594,1.3253594,1.3253594,1.22718463,1.22718463,1.22718463,1.22718463,1.22718463,1.22718463,1.22718463,1.12900986,1.12900986,1.12900986,1.12900986,1.12900986,1.03083509,1.03083509,1.03083509,1.03083509,1.03083509,0.932660319,0.932660319,0.932660319,0.932660319,0.932660319,0.932660319,0.834485549,0.834485549,0.834485549,0.834485549,0.834485549,0.736310778,0.736310778,0.736310778,0.736310778,0.736310778,0.736310778,0.736310778,0.736310778,0.638136008,0.638136008,0.638136008,0.638136008,0.638136008,0.638136008,0.638136008,0.638136008,0.638136008,0.638136008,0.638136008,0.638136008,0.638136008,0.539961237,0.539961237,0.539961237,0.539961237,0.539961237,0.539961237,0.539961237,0.539961237,0.539961237,0.539961237,0.539961237,0.539961237,0.539961237,0.539961237,0.539961237,0.539961237,0.539961237,0.539961237,0.539961237,0.539961237,0.539961237,0.539961237,0.539961237,0.638136008
9.657146931,C01,AP01,client_to_ap,VHT,2,2,2,80,SU,1,4,122,6637c97e16e6ce8a,1.22718463,1.22718463,1.22718463,1.22718463,1.22718463,1.22718463,1.22718463,1.22718463,1.22718463,1.3253594,1.3253594,1.3253594,1.3253594,1.3253594,1.3253594,1.3253594,1.3253594,1.3253594,1.3253594,1.3253594,1.3253594,1.42353417,1.42353417,1.42353417,1.42353417,1.42353417,1.42353417,1.42353417,1.42353417,1.52170894,1.52170894,1.52170894,1.42353417,1.52170894,1.52170894,1.52170894,1.42353417,1.42353417,1.42353417,1.42353417,1.42353417,1.42353417,1.42353417,1.42353417,1.3253594,1.3253594,1.3253594,1.3253594,1.3253594,1.22718463,1.22718463,1.22718463,1.22718463,1.22718463,1.22718463,1.22718463,1.12900986,1.12900986,1.12900986,1.12900986,1.12900986,1.12900986,1.03083509,1.03083509,1.03083509,1.03083509,0.932660319,0.932660319,0.932660319,0.932660319,0.932660319,0.834485549,0.834485549,0.834485549,0.834485549,0.834485549,0.736310778,0.736310778,0.736310778,0.736310778,0.736310778,0.736310778,0.736310778,0.736310778,0.736310778,0.736310778,0.638136008,0.638136008,0.638136008,0.638136008,0.638136008,0.638136008,0.638136008,0.638136008,0.638136008,0.638136008,0.638136008,0.539961237,0.539961237,0.539961237,0.539961237,0.539961237,0.539961237,0.539961237,0.539961237,0.539961237,0.539961237,0.539961237,0.539961237,0.539961237,0.539961237,0.539961237,0.539961237,0.539961237,0.539961237,0.539961237,0.539961237,0.539961237,0.539961237,0.539961237,0.638136008,0.638136008
10.989376783,C01,AP01,client_to_ap,VHT,2,2,2,80,SU,1,4,122,6637c97e16e6ce8a,1.22718463,1.22718463,1.22718463,1.22718463,1.22718463,1.22718463,1.22718463,1.22718463,1.22718463,1.3253594,1.3253594,1.3253594,1.3253594,1.3253594,1.3253594,1.3253594,1.3253594,1.3253594,1.3253594,1.3253594,1.42353417,1.3253594,1.42353417,1.42353417,1.42353417,1.42353417,1.42353417,1.42353417,1.42353417,1.52170894,1.52170894,1.52170894,1.52170894,1.52170894,1.52170894,1.52170894,1.42353417,1.42353417,1.42353417,1.42353417,1.42353417,1.42353417,1.42353417,1.42353417,1.3253594,1.3253594,1.3253594,1.3253594,1.22718463,1.22718463,1.22718463,1.22718463,1.22718463,1.22718463,1.22718463,1.22718463,1.12900986,1.12900986,1.12900986,1.12900986,1.12900986,1.03083509,1.03083509,1.03083509,1.03083509,1.03083509,0.932660319,0.932660319,0.932660319,0.932660319,0.932660319,0.834485549,0.834485549,0.834485549,0.834485549,0.834485549,0.834485549,0.736310778,0.736310778,0.736310778,0.736310778,0.736310778,0.736310778,0.736310778,0.736310778,0.736310778,0.736310778,0.638136008,0.638136008,0.638136008,0.638136008,0.638136008,0.638136008,0.638136008,0.638136008,0.638136008,0.638136008,0.638136008,0.638136008,0.539961237,0.539961237,0.539961237,0.539961237,0.539961237,0.539961237,0.539961237,0.539961237,0.539961237,0.539961237,0.539961237,0.539961237,0.539961237,0.539961237,0.539961237,0.539961237,0.539961237,0.539961237,0.539961237,0.539961237,0.638136008,0.539961237,0.638136008
12.325191975,C01,AP01,client_to_ap,VHT,2,2,2,80,SU,1,4,122,6637c97e16e6ce8a,1.22718463,1.22718463,1.22718463,1.22718463,1.22718463,1.3253594,1.3253594,1.3253594,1.3253594,1.3253594,1.3253594,1.3253594,1.3253594,1.3253594,1.3253594,1.3253594,1.3253594,1.3253594,1.3253594,1.3253594,1.42353417,1.42353417,1.42353417,1.42353417,1.42353417,1.42353417,1.42353417,1.42353417,1.42353417,1.42353417,1.42353417,1.42353417,1.42353417,1.42353417,1.42353417,1.42353417,1.42353417,1.52170894,1.42353417,1.42353417,1.42353417,1.42353417,1.42353417,1.42353417,1.42353417,1.42353417,1.42353417,1.42353417,1.42353417,1.42353417,1.42353417,1.42353417,1.42353417,1.42353417,1.42353417,1.42353417,1.42353417,1.42353417,1.42353417,1.3253594,1.3253594,1.3253594,1.3253594,1.3253594,1.22718463,1.22718463,1.22718463,1.22718463,1.22718463,1.22718463,1.22718463,1.22718463,1.22718463,1.12900986,1.12900986,1.12900986,1.12900986,1.12900986,1.12900986,1.12900986,1.12900986,1.12900986,1.12900986,1.12900986,1.12900986,1.03083509,1.03083509,1.03083509,1.03083509,1.03083509,1.03083509,1.03083509,1.03083509,0.932660319,0.932660319,0.932660319,0.932660319,0.932660319,0.932660319,0.834485549,0.834485549,0.834485549,0.834485549,0.834485549,0.834485549,0.834485549,0.834485549,0.834485549,0.834485549,0.834485549,0.834485549,0.834485549,0.834485549,0.834485549,0.834485549,0.834485549,0.834485549,0.834485549,0.834485549,0.834485549,0.834485549,0.834485549
13.656956911,C01,AP01,client_to_ap,VHT,2,2,2,80,SU,1,4,122,6637c97e16e6ce8a,1.22718463,1.22718463,1.22718463,1.22718463,1.22718463,1.22718463,1.22718463,1.22718463,1.22718463,1.3253594,1.3253594,1.3253594,1.3253594,1.3253594,1.3253594,1.3253594,1.3253594,1.3253594,1.3253594,1.3253594,1.3253594,1.42353417,1.42353417,1.42353417,1.42353417,1.42353417,1.42353417,1.42353417,1.42353417,1.42353417,1.52170894,1.52170894,1.52170894,1.52170894,1.52170894,1.52170894,1.52170894,1.52170894,1.42353417,1.42353417,1.42353417,1.42353417,1.42353417,1.42353417,1.3253594,1.3253594,1.3253594,1.3253594,1.3253594,1.22718463,1.22718463,1.22718463,1.22718463,1.22718463,1.22718463,1.22718463,1.22718463,1.12900986,1.12900986,1.12900986,1.12900986,1.03083509,1.03083509,1.03083509,1.03083509,1.03083509,1.03083509,0.932660319,0.932660319,0.932660319,0.932660319,0.932660319,0.834485549,0.834485549,0.834485549,0.834485549,0.834485549,0.736310778,0.736310778,0.736310778,0.736310778,0.736310778,0.736310778,0.736310778,0.736310778,0.736310778,0.736310778,0.736310778,0.638136008,0.638136008,0.638136008,0.638136008,0.638136008,0.638136008,0.638136008,0.638136008,0.638136008,0.638136008,0.638136008,0.638136008,0.539961237,0.539961237,0.539961237,0.539961237,0.539961237,0.539961237,0.539961237,0.539961237,0.539961237,0.539961237,0.539961237,0.638136008,0.539961237,0.638136008,0.539961237,0.638136008,0.638136008,0.638136008,0.638136008,0.638136008,0.638136008,0.638136008
14.989098787,C01,AP01,client_to_ap,VHT,2,2,2,80,SU,1,4,122,6637c97e16e6ce8a,1.22718463,1.22718463,1.22718463,1.22718463,1.22718463,1.22718463,1.22718463,1.22718463,1.22718463,1.3253594,1.3253594,1.22718463,1.3253594,1.3253594,1.3253594,1.3253594,1.3253594,1.3253594,1.3253594,1.3253594,1.42353417,1.42353417,1.42353417,1.42353417,1.42353417,1.42353417,1.42353417,1.42353417,1.42353417,1.52170894,1.52170894,1.52170894,1.52170894,1.52170894,1.52170894,1.52170894,1.42353417,1.42353417,1.42353417,1.42353417,1.42353417,1.42353417,1.42353417,1.42353417,1.3253594,1.3253594,1.3253594,1.3253594,1.3253594,1.3253594,1.22718463,1.22718463,1.22718463,1.22718463,1.22718463,1.22718463,1.12900986,1.12900986,1.12900986,1.12900986,1.12900986,1.03083509,1.03083509,1.03083509,1.03083509,1.03083509,0.932660319,0.932660319,0.932660319,0.932660319,0.932660319,0.834485549,0.834485549,0.834485549,0.834485549,0.834485549,0.834485549,0.736310778,0.736310778,0.736310778,0.736310778,0.736310778,0.736310778,0.736310778,0.736310778,0.638136008,0.638136008,0.638136008,0.638136008,0.638136008,0.638136008,0.638136008,0.638136008,0.638136008,0.638136008,0.638136008,0.638136008,0.539961237,0.539961237,0.539961237,0.539961237,0.539961237,0.539961237,0.539961237,0.539961237,0.539961237,0.539961237,0.539961237,0.539961237,0.539961237,0.539961237,0.539961237,0.539961237,0.539961237,0.539961237,0.539961237,0.539961237,0.539961237,0.539961237,0.539961237,0.638136008,0.539961237
16.325168848,C01,AP01,client_to_ap,VHT,2,2,2,80,SU,1,4,122,6637c97e16e6ce8a,1.22718463,1.22718463,1.22718463,1.22718463,1.22718463,1.22718463,1.22718463,1.22718463,1.22718463,1.3253594,1.3253594,1.3253594,1.3253594,1.3253594,1.3253594,1.3253594,1.3253594,1.3253594,1.3253594,1.3253594,1.42353417,1.3253594,1.42353417,1.42353417,1.42353417,1.42353417,1.42353417,1.42353417,1.42353417,1.42353417,1.52170894,1.52170894,1.52170894,1.52170894,1.52170894,1.42353417,1.52170894,1.42353417,1.42353417,1.42353417,1.42353417,1.42353417,1.42353417,1.42353417,1.3253594,1.3253594,1.3253594,1.3253594,1.3253594,1.22718463,1.22718463,1.22718463,1.22718463,1.22718463,1.22718463,1.22718463,1.12900986,1.12900986,1.12900986,1.12900986,1.12900986,1.03083509,1.03083509,1.03083509,1.03083509,1.03083509,0.932660319,0.932660319,0.932660319,0.932660319,0.932660319,0.932660319,0.834485549,0.834485549,0.834485549,0.834485549,0.834485549,0.736310778,0.736310778,0.736310778,0.736310778,0.736310778,0.736310778,0.736310778,0.736310778,0.736310778,0.638136008,0.638136008,0.638136008,0.638136008,0.638136008,0.638136008,0.638136008,0.638136008,0.638136008,0.638136008,0.638136008,0.539961237,0.539961237,0.539961237,0.539961237,0.539961237,0.539961237,0.539961237,0.539961237,0.539961237,0.539961237,0.539961237,0.539961237,0.539961237,0.539961237,0.539961237,0.539961237,0.539961237,0.539961237,0.539961237,0.539961237,0.539961237,0.539961237,0.539961237,0.638136008,0.539961237
17.657624960,C01,AP01,client_to_ap,VHT,2,2,2,80,SU,1,4,122,6637c97e16e6ce8a,1.22718463,1.22718463,1.22718463,1.22718463,1.22718463,1.22718463,1.22718463,1.22718463,1.22718463,1.3253594,1.3253594,1.3253594,1.3253594,1.3253594,1.3253594,1.3253594,1.3253594,1.3253594,1.3253594,1.3253594,1.3253594,1.42353417,1.42353417,1.42353417,1.42353417,1.42353417,1.42353417,1.42353417,1.42353417,1.52170894,1.52170894,1.52170894,1.52170894,1.52170894,1.52170894,1.52170894,1.42353417,1.42353417,1.42353417,1.42353417,1.42353417,1.42353417,1.42353417,1.42353417,1.3253594,1.3253594,1.3253594,1.3253594,1.3253594,1.22718463,1.22718463,1.22718463,1.22718463,1.22718463,1.22718463,1.22718463,1.12900986,1.12900986,1.12900986,1.12900986,1.12900986,1.12900986,1.03083509,1.03083509,1.03083509,1.03083509,0.932660319,0.932660319,0.932660319,0.932660319,0.932660319,0.834485549,0.834485549,0.834485549,0.834485549,0.834485549,0.834485549,0.736310778,0.736310778,0.736310778,0.736310778,0.736310778,0.736310778,0.736310778,0.736310778,0.736310778,0.638136008,0.638136008,0.638136008,0.638136008,0.638136008,0.638136008,0.638136008,0.638136008,0.638136008,0.638136008,0.638136008,0.539961237,0.539961237,0.539961237,0.539961237,0.539961237,0.539961237,0.539961237,0.539961237,0.539961237,0.539961237,0.539961237,0.539961237,0.539961237,0.539961237,0.539961237,0.638136008,0.539961237,0.539961237,0.638136008,0.539961237,0.539961237,0.539961237,0.539961237,0.539961237,0.539961237
18.989866018,C01,AP01,client_to_ap,VHT,2,2,2,80,SU,1,4,122,6637c97e16e6ce8a,1.22718463,1.22718463,1.22718463,1.22718463,1.22718463,1.22718463,1.22718463,1.22718463,1.3253594,1.3253594,1.3253594,1.3253594,1.3253594,1.3253594,1.3253594,1.3253594,1.3253594,1.3253594,1.3253594,1.3253594,1.3253594,1.42353417,1.42353417,1.42353417,1.42353417,1.42353417,1.42353417,1.42353417,1.42353417,1.42353417,1.52170894,1.52170894,1.52170894,1.52170894,1.52170894,1.52170894,1.52170894,1.42353417,1.42353417,1.42353417,1.42353417,1.42353417,1.42353417,1.42353417,1.3253594,1.3253594,1.3253594,1.3253594,1.3253594,1.22718463,1.22718463,1.22718463,1.22718463,1.22718463,1.22718463,1.22718463,1.12900986,1.12900986,1.12900986,1.12900986,1.12900986,1.12900986,1.03083509,1.03083509,1.03083509,1.03083509,0.932660319,0.932660319,0.932660319,0.932660319,0.932660319,0.932660319,0.834485549,0.834485549,0.834485549,0.834485549,0.834485549,0.736310778,0.736310778,0.736310778,0.736310778,0.736310778,0.736310778,0.736310778,0.736310778,0.736310778,0.736310778,0.736310778,0.638136008,0.638136008,0.638136008,0.638136008,0.638136008,0.638136008,0.638136008,0.638136008,0.638136008,0.638136008,0.638136008,0.539961237,0.539961237,0.539961237,0.539961237,0.539961237,0.539961237,0.539961237,0.539961237,0.539961237,0.539961237,0.539961237,0.638136008,0.539961237,0.539961237,0.539961237,0.539961237,0.539961237,0.539961237,0.539961237,0.638136008,0.638136008,0.539961237,0.539961237
20.325644016,C01,AP01,client_to_ap,VHT,2,2,2,80,SU,1,4,122,6637c97e16e6ce8a,1.22718463,1.22718463,1.22718463,1.22718463,1.22718463,1.22718463,1.22718463,1.22718463,1.22718463,1.3253594,1.3253594,1.3253594,1.3253594,1.3253594,1.3253594,1.3253594,1.3253594,1.3253594,1.3253594,1.3253594,1.3253594,1.42353417,1.42353417,1.42353417,1.42353417,1.42353417,1.42353417,1.42353417,1.42353417,1.42353417,1.52170894,1.52170894,1.52170894,1.52170894,1.52170894,1.52170894,1.42353417,1.42353417,1.42353417,1.42353417,1.42353417,1.42353417,1.42353417,1.3253594,1.3253594,1.3253594,1.3253594,1.3253594,1.3253594,1.22718463,1.22718463,1.22718463,1.22718463,1.22718463,1.22718463,1.22718463,1.12900986,1.12900986,1.12900986,1.12900986,1.12900986,1.03083509,1.03083509,1.03083509,1.03083509,0.932660319,0.932660319,0.932660319,0.932660319,0.932660319,0.932660319,0.932660319,0.834485549,0.834485549,0.834485549,0.834485549,0.834485549,0.736310778,0.736310778,0.736310778,0.736310778,0.736310778,0.736310778,0.736310778,0.736310778,0.736310778,0.736310778,0.638136008,0.638136008,0.638136008,0.638136008,0.638136008,0.638136008,0.638136008,0.638136008,0.638136008,0.638136008,0.539961237,0.638136008,0.539961237,0.539961237,0.539961237,0.539961237,0.539961237,0.539961237,0.539961237,0.539961237,0.539961237,0.539961237,0.539961237,0.539961237,0.539961237,0.539961237,0.539961237,0.539961237,0.539961237,0.539961237,0.539961237,0.638136008,0.539961237,0.539961237,0.539961237
21.657504797,C01,AP01,client_to_ap,VHT,2,2,2,80,SU,1,4,122,6637c97e16e6ce8a,1.22718463,1.22718463,1.22718463,1.22718463,1.22718463,1.22718463,1.22718463,1.3253594,1.22718463,1.3253594,1.3253594,1.3253594,1.3253594,1.3253594,1.3253594,1.3253594,1.3253594,1.3253594,1.3253594,1.3253594,1.3253594,1.3253594,1.42353417,1.42353417,1.42353417,1.42353417,1.42353417,1.42353417,1.42353417,1.52170894,1.52170894,1.52170894,1.52170894,1.52170894,1.52170894,1.52170894,1.52170894,1.42353417,1.42353417,1.42353417,1.42353417,1.42353417,1.42353417,1.42353417,1.3253594,1.3253594,1.3253594,1.3253594,1.3253594,1.22718463,1.22718463,1.22718463,1.22718463,1.22718463,1.22718463,1.22718463,1.22718463,1.12900986,1.12900986,1.12900986,1.12900986,1.12900986,1.03083509,1.03083509,1.03083509,1.03083509,0.932660319,0.932660319,0.932660319,0.932660319,0.932660319,0.932660319,0.834485549,0.834485549,0.834485549,0.834485549,0.834485549,0.736310778,0.736310778,0.736310778,0.736310778,0.736310778,0.736310778,0.736310778,0.736310778,0.736310778,0.736310778,0.736310778,0.638136008,0.638136008,0.638136008,0.638136008,0.638136008,0.638136008,0.638136008,0.638136008,0.638136008,0.638136008,0.638136008,0.638136008,0.539961237,0.539961237,0.539961237,0.539961237,0.539961237,0.539961237,0.539961237,0.539961237,0.539961237,0.539961237,0.539961237,0.539961237,0.539961237,0.539961237,0.539961237,0.638136008,0.539961237,0.539961237,0.539961237,0.638136008,0.638136008,0.638136008
22.989501953,C01,AP01,client_to_ap,VHT,2,2,2,80,SU,1,4,122,6637c97e16e6ce8a,1.22718463,1.22718463,1.22718463,1.22718463,1.22718463,1.22718463,1.22718463,1.22718463,1.22718463,1.3253594,1.3253594,1.3253594,1.3253594,1.3253594,1.3253594,1.3253594,1.3253594,1.3253594,1.3253594,1.3253594,1.3253594,1.42353417,1.42353417,1.42353417,1.42353417,1.42353417,1.42353417,1.42353417,1.42353417,1.42353417,1.52170894,1.52170894,1.52170894,1.52170894,1.52170894,1.52170894,1.42353417,1.42353417,1.42353417,1.42353417,1.42353417,1.42353417,1.42353417,1.42353417,1.3253594,1.3253594,1.3253594,1.3253594,1.22718463,1.22718463,1.22718463,1.22718463,1.22718463,1.22718463,1.22718463,1.22718463,1.12900986,1.12900986,1.12900986,1.12900986,1.12900986,1.03083509,1.03083509,1.03083509,1.03083509,1.03083509,0.932660319,0.932660319,0.932660319,0.932660319,0.932660319,0.834485549,0.834485549,0.834485549,0.834485549,0.834485549,0.834485549,0.834485549,0.736310778,0.736310778,0.736310778,0.736310778,0.736310778,0.736310778,0.736310778,0.736310778,0.736310778,0.638136008,0.638136008,0.638136008,0.638136008,0.638136008,0.638136008,0.638136008,0.638136008,0.638136008,0.638136008,0.638136008,0.539961237,0.539961237,0.638136008,0.539961237,0.539961237,0.539961237,0.539961237,0.539961237,0.539961237,0.539961237,0.539961237,0.539961237,0.539961237,0.539961237,0.539961237,0.539961237,0.539961237,0.539961237,0.539961237,0.638136008,0.638136008,0.539961237,0.638136008,0.539961237
24.325717926,C01,AP01,client_to_ap,VHT,2,2,2,80,SU,1,4,122,6637c97e16e6ce8a,1.22718463,1.22718463,1.22718463,1.22718463,1.22718463,1.22718463,1.22718463,1.22718463,1.22718463,1.3253594,1.3253594,1.3253594,1.3253594,1.3253594,1.3253594,1.3253594,1.3253594,1.3253594,1.3253594,1.42353417,1.3253594,1.42353417,1.42353417,1.42353417,1.42353417,1.42353417,1.42353417,1.42353417,1.42353417,1.42353417,1.52170894,1.52170894,1.52170894,1.52170894,1.52170894,1.52170894,1.52170894,1.42353417,1.42353417,1.42353417,1.42353417,1.42353417,1.42353417,1.42353417,1.42353417,1.3253594,1.3253594,1.3253594,1.3253594,1.22718463,1.22718463,1.22718463,1.22718463,1.22718463,1.22718463,1.22718463,1.12900986,1.12900986,1.12900986,1.12900986,1.12900986,1.03083509,1.03083509,1.03083509,1.03083509,1.03083509,0.932660319,0.932660319,0.932660319,0.932660319,0.932660319,0.834485549,0.834485549,0.834485549,0.834485549,0.834485549,0.834485549,0.736310778,0.736310778,0.736310778,0.736310778,0.736310778,0.736310778,0.736310778,0.736310778,0.736310778,0.736310778,0.736310778,0.638136008,0.638136008,0.638136008,0.638136008,0.638136008,0.638136008,0.638136008,0.638136008,0.638136008,0.539961237,0.638136008,0.638136008,0.539961237,0.539961237,0.539961237,0.539961237,0.539961237,0.539961237,0.539961237,0.539961237,0.539961237,0.539961237,0.539961237,0.638136008,0.539961237,0.539961237,0.539961237,0.638136008,0.539961237,0.539961237,0.638136008,0.539961237,0.638136008,0.638136008
25.656763792,C01,AP01,client_to_ap,VHT,2,2,2,80,SU,1,4,122,6637c97e16e6ce8a,1.22718463,1.22718463,1.22718463,1.22718463,1.22718463,1.22718463,1.22718463,1.22718463,1.22718463,1.3253594,1.3253594,1.3253594,1.3253594,1.3253594,1.3253594,1.3253594,1.3253594,1.3253594,1.3253594,1.3253594,1.3253594,1.42353417,1.42353417,1.42353417,1.42353417,1.42353417,1.42353417,1.42353417,1.42353417,1.42353417,1.52170894,1.52170894,1.52170894,1.52170894,1.52170894,1.52170894,1.52170894,1.42353417,1.42353417,1.42353417,1.42353417,1.42353417,1.42353417,1.42353417,1.3253594,1.3253594,1.3253594,1.3253594,1.3253594,1.22718463,1.22718463,1.22718463,1.22718463,1.22718463,1.22718463,1.22718463,1.12900986,1.12900986,1.12900986,1.12900986,1.12900986,1.12900986,1.03083509,1.03083509,1.03083509,1.03083509,0.932660319,0.932660319,0.932660319,0.932660319,0.932660319,0.932660319,0.834485549,0.834485549,0.834485549,0.834485549,0.736310778,0.736310778,0.736310778,0.736310778,0.736310778,0.736310778,0.736310778,0.736310778,0.736310778,0.638136008,0.638136008,0.736310778,0.638136008,0.638136008,0.638136008,0.638136008,0.638136008,0.638136008,0.638136008,0.638136008,0.638136008,0.539961237,0.539961237,0.539961237,0.539961237,0.539961237,0.539961237,0.539961237,0.539961237,0.539961237,0.539961237,0.539961237,0.539961237,0.539961237,0.539961237,0.539961237,0.539961237,0.539961237,0.539961237,0.539961237,0.539961237,0.539961237,0.638136008,0.638136008,0.539961237,0.539961237
26.989550829,C01,AP01,client_to_ap,VHT,2,2,2,80,SU,1,4,122,6637c97e16e6ce8a,1.22718463,1.22718463,1.22718463,1.22718463,1.22718463,1.22718463,1.22718463,1.22718463,1.3253594,1.3253594,1.3253594,1.3253594,1.3253594,1.3253594,1.3253594,1.3253594,1.3253594,1.3253594,1.3253594,1.3253594,1.3253594,1.42353417,1.42353417,1.42353417,1.42353417,1.42353417,1.42353417,1.42353417,1.42353417,1.42353417,1.42353417,1.52170894,1.52170894,1.52170894,1.52170894,1.52170894,1.52170894,1.42353417,1.42353417,1.42353417,1.42353417,1.42353417,1.42353417,1.42353417,1.42353417,1.3253594,1.3253594,1.3253594,1.3253594,1.22718463,1.22718463,1.22718463,1.22718463,1.22718463,1.22718463,1.22718463,1.12900986,1.12900986,1.12900986,1.12900986,1.12900986,1.12900986,1.03083509,1.03083509,1.03083509,1.03083509,1.03083509,0.932660319,0.932660319,0.932660319,0.932660319,0.932660319,0.834485549,0.834485549,0.834485549,0.834485549,0.834485549,0.834485549,0.736310778,0.736310778,0.736310778,0.736310778,0.736310778,0.736310778,0.736310778,0.736310778,0.736310778,0.736310778,0.638136008,0.638136008,0.638136008,0.638136008,0.638136008,0.638136008,0.638136008,0.638136008,0.638136008,0.638136008,0.638136008,0.638136008,0.539961237,0.539961237,0.539961237,0.539961237,0.539961237,0.539961237,0.539961237,0.539961237,0.638136008,0.638136008,0.539961237,0.539961237,0.539961237,0.539961237,0.638136008,0.638136008,0.638136008,0.539961237,0.638136008,0.638136008,0.638136008,0.638136008
28.325194836,C01,AP01,client_to_ap,VHT,2,2,2,80,SU,1,4,122,6637c97e16e6ce8a,1.22718463,1.22718463,1.22718463,1.22718463,1.22718463,1.22718463,1.22718463,1.3253594,1.3253594,1.3253594,1.3253594,1.3253594,1.3253594,1.3253594,1.3253594,1.3253594,1.3253594,1.3253594,1.3253594,1.3253594,1.42353417,1.42353417,1.42353417,1.42353417,1.42353417,1.42353417,1.42353417,1.42353417,1.42353417,1.42353417,1.52170894,1.52170894,1.52170894,1.52170894,1.52170894,1.52170894,1.52170894,1.42353417,1.42353417,1.42353417,1.42353417,1.42353417,1.42353417,1.42353417,1.42353417,1.3253594,1.3253594,1.3253594,1.3253594,1.22718463,1.22718463,1.22718463,1.22718463,1.22718463,1.22718463,1.22718463,1.12900986,1.12900986,1.12900986,1.12900986,1.12900986,1.12900986,1.03083509,1.03083509,1.03083509,1.03083509,0.932660319,0.932660319,0.932660319,0.932660319,0.932660319,0.932660319,0.834485549,0.834485549,0.834485549,0.834485549,0.834485549,0.834485549,0.736310778,0.736310778,0.736310778,0.736310778,0.736310778,0.736310778,0.736310778,0.736310778,0.736310778,0.736310778,0.638136008,0.638136008,0.638136008,0.638136008,0.638136008,0.638136008,0.638136008,0.638136008,0.638136008,0.638136008,0.638136008,0.539961237,0.539961237,0.539961237,0.539961237,0.638136008,0.638136008,0.539961237,0.539961237,0.539961237,0.638136008,0.539961237,0.539961237,0.539961237,0.539961237,0.539961237,0.539961237,0.539961237,0.539961237,0.638136008,0.638136008,0.539961237,0.638136008,0.638136008
29.657465935,C01,AP01,client_to_ap,VHT,2,2,2,80,SU,1,4,122,6637c97e16e6ce8a,1.22718463,1.22718463,1.22718463,1.22718463,1.22718463,1.22718463,1.22718463,1.22718463,1.22718463,1.3253594,1.3253594,1.3253594,1.3253594,1.3253594,1.3253594,1.3253594,1.3253594,1.3253594,1.3253594,1.3253594,1.3253594,1.42353417,1.42353417,1.42353417,1.42353417,1.42353417,1.42353417,1.42353417,1.42353417,1.52170894,1.52170894,1.52170894,1.52170894,1.52170894,1.52170894,1.52170894,1.42353417,1.42353417,1.42353417,1.42353417,1.42353417,1.42353417,1.42353417,1.42353417,1.3253594,1.3253594,1.3253594,1.3253594,1.3253594,1.22718463,1.22718463,1.22718463,1.22718463,1.22718463,1.22718463,1.22718463,1.12900986,1.12900986,1.12900986,1.12900986,1.12900986,1.12900986,1.03083509,1.03083509,1.03083509,1.03083509,0.932660319,0.932660319,0.932660319,0.932660319,0.932660319,0.834485549,0.834485549,0.834485549,0.834485549,0.834485549,0.834485549,0.736310778,0.736310778,0.736310778,0.736310778,0.736310778,0.736310778,0.736310778,0.736310778,0.736310778,0.736310778,0.638136008,0.638136008,0.638136008,0.638136008,0.638136008,0.638136008,0.638136008,0.638136008,0.638136008,0.638136008,0.638136008,0.539961237,0.539961237,0.638136008,0.539961237,0.539961237,0.539961237,0.539961237,0.539961237,0.539961237,0.539961237,0.539961237,0.539961237,0.539961237,0.539961237,0.539961237,0.539961237,0.539961237,0.539961237,0.539961237,0.539961237,0.638136008,0.539961237,0.638136008,0.539961237
30.989365816,C01,AP01,client_to_ap,VHT,2,2,2,80,SU,1,4,122,6637c97e16e6ce8a,1.22718463,1.22718463,1.22718463,1.22718463,1.22718463,1.22718463,1.22718463,1.22718463,1.22718463,1.3253594,1.3253594,1.3253594,1.3253594,1.3253594,1.3253594,1.3253594,1.3253594,1.3253594,1.3253594,1.3253594,1.3253594,1.42353417,1.42353417,1.42353417,1.42353417,1.42353417,1.42353417,1.42353417,1.42353417,1.52170894,1.52170894,1.52170894,1.52170894,1.52170894,1.52170894,1.42353417,1.52170894,1.42353417,1.42353417,1.42353417,1.42353417,1.42353417,1.42353417,1.42353417,1.3253594,1.3253594,1.3253594,1.3253594,1.3253594,1.22718463,1.22718463,1.22718463,1.22718463,1.22718463,1.22718463,1.22718463,1.22718463,1.12900986,1.12900986,1.12900986,1.12900986,1.03083509,1.03083509,1.03083509,1.03083509,1.03083509,0.932660319,0.932660319,0.932660319,0.932660319,0.932660319,0.932660319,0.834485549,0.834485549,0.834485549,0.834485549,0.834485549,0.736310778,0.736310778,0.736310778,0.736310778,0.736310778,0.736310778,0.736310778,0.736310778,0.736310778,0.736310778,0.638136008,0.638136008,0.638136008,0.638136008,0.638136008,0.638136008,0.638136008,0.638136008,0.638136008,0.638136008,0.638136008,0.638136008,0.638136008,0.539961237,0.539961237,0.539961237,0.539961237,0.539961237,0.539961237,0.539961237,0.539961237,0.539961237,0.539961237,0.539961237,0.539961237,0.539961237,0.539961237,0.539961237,0.539961237,0.638136008,0.638136008,0.638136008,0.638136008,0.539961237,0.638136008
32.325725794,C01,AP01,client_to_ap,VHT,2,2,2,80,SU,1,4,122,6637c97e16e6ce8a,1.22718463,1.22718463,1.22718463,1.22718463,1.22718463,1.22718463,1.22718463,1.22718463,1.3253594,1.3253594,1.3253594,1.3253594,1.3253594,1.3253594,1.3253594,1.3253594,1.3253594,1.3253594,1.3253594,1.3253594,1.42353417,1.42353417,1.42353417,1.42353417,1.42353417,1.42353417,1.42353417,1.42353417,1.42353417,1.52170894,1.52170894,1.52170894,1.52170894,1.52170894,1.52170894,1.52170894,1.52170894,1.42353417,1.42353417,1.42353417,1.42353417,1.42353417,1.42353417,1.42353417,1.3253594,1.3253594,1.3253594,1.3253594,1.3253594,1.22718463,1.22718463,1.22718463,1.22718463,1.22718463,1.22718463,1.22718463,1.22718463,1.12900986,1.12900986,1.12900986,1.12900986,1.12900986,1.03083509,1.03083509,1.03083509,1.03083509,1.03083509,0.932660319,0.932660319,0.932660319,0.932660319,0.932660319,0.834485549,0.834485549,0.834485549,0.834485549,0.834485549,0.834485549,0.736310778,0.736310778,0.736310778,0.736310778,0.736310778,0.736310778,0.736310778,0.736310778,0.736310778,0.736310778,0.638136008,0.638136008,0.638136008,0.638136008,0.638136008,0.638136008,0.638136008,0.638136008,0.638136008,0.638136008,0.638136008,0.638136008,0.638136008,0.638136008,0.539961237,0.638136008,0.539961237,0.539961237,0.539961237,0.539961237,0.638136008,0.539961237,0.539961237,0.638136008,0.539961237,0.539961237,0.539961237,0.638136008,0.638136008,0.638136008,0.638136008,0.638136008,0.638136008,0.638136008
33.657799006,C01,AP01,client_to_ap,VHT,2,2,2,80,SU,1,4,122,6637c97e16e6ce8a,1.22718463,1.22718463,1.22718463,1.22718463,1.22718463,1.22718463,1.22718463,1.22718463,1.22718463,1.3253594,1.3253594,1.3253594,1.3253594,1.3253594,1.3253594,1.3253594,1.3253594,1.3253594,1.3253594,1.3253594,1.3253594,1.42353417,1.42353417,1.42353417,1.42353417,1.42353417,1.42353417,1.42353417,1.42353417,1.42353417,1.52170894,1.52170894,1.52170894,1.52170894,1.52170894,1.52170894,1.52170894,1.42353417,1.42353417,1.42353417,1.42353417,1.42353417,1.42353417,1.3253594,1.3253594,1.3253594,1.3253594,1.3253594,1.3253594,1.22718463,1.22718463,1.22718463,1.22718463,1.22718463,1.22718463,1.12900986,1.12900986,1.12900986,1.12900986,1.12900986,1.12900986,1.03083509,1.03083509,1.03083509,1.03083509,1.03083509,0.932660319,0.932660319,0.932660319,0.932660319,0.932660319,0.932660319,0.834485549,0.834485549,0.834485549,0.834485549,0.834485549,0.736310778,0.736310778,0.736310778,0.736310778,0.736310778,0.736310778,0.736310778,0.736310778,0.736310778,0.638136008,0.638136008,0.638136008,0.638136008,0.638136008,0.638136008,0.638136008,0.638136008,0.638136008,0.638136008,0.638136008,0.638136008,0.638136008,0.539961237,0.539961237,0.539961237,0.539961237,0.539961237,0.539961237,0.539961237,0.539961237,0.539961237,0.539961237,0.539961237,0.539961237,0.539961237,0.539961237,0.539961237,0.539961237,0.539961237,0.539961237,0.638136008,0.539961237,0.539961237,0.638136008,0.539961237
34.989961863,C01,AP01,client_to_ap,VHT,2,2,2,80,SU,1,4,122,6637c97e16e6ce8a,1.22718463,1.22718463,1.22718463,1.22718463,1.22718463,1.22718463,1.22718463,1.22718463,1.22718463,1.3253594,1.3253594,1.3253594,1.3253594,1.3253594,1.3253594,1.3253594,1.3253594,1.3253594,1.3253594,1.3253594,1.42353417,1.3253594,1.42353417,1.42353417,1.42353417,1.42353417,1.42353417,1.42353417,1.42353417,1.42353417,1.42353417,1.52170894,1.52170894,1.52170894,1.52170894,1.52170894,1.42353417,1.42353417,1.42353417,1.42353417,1.42353417,1.42353417,1.42353417,1.42353417,1.3253594,1.3253594,1.3253594,1.3253594,1.22718463,1.22718463,1.22718463,1.22718463,1.22718463,1.22718463,1.22718463,1.22718463,1.12900986,1.12900986,1.12900986,1.12900986,1.12900986,1.12900986,1.03083509,1.03083509,1.03083509,1.03083509,0.932660319,0.932660319,0.932660319,0.932660319,0.932660319,0.834485549,0.834485549,0.834485549,0.834485549,0.834485549,0.834485549,0.736310778,0.736310778,0.736310778,0.736310778,0.736310778,0.736310778,0.736310778,0.736310778,0.736310778,0.638136008,0.638136008,0.638136008,0.638136008,0.638136008,0.638136008,0.638136008,0.638136008,0.638136008,0.638136008,0.638136008,0.638136008,0.539961237,0.539961237,0.539961237,0.539961237,0.539961237,0.539961237,0.539961237,0.539961237,0.539961237,0.539961237,0.539961237,0.539961237,0.539961237,0.539961237,0.539961237,0.539961237,0.539961237,0.539961237,0.638136008,0.539961237,0.638136008,0.638136008,0.539961237,0.539961237
36.325783014,C01,AP01,client_to_ap,VHT,2,2,2,80,SU,1,4,122,6637c97e16e6ce8a,1.22718463,1.22718463,1.22718463,1.22718463,1.22718463,1.22718463,1.22718463,1.22718463,1.22718463,1.3253594,1.3253594,1.3253594,1.3253594,1.3253594,1.3253594,1.3253594,1.3253594,1.3253594,1.3253594,1.3253594,1.3253594,1.42353417,1.42353417,1.42353417,1.42353417,1.42353417,1.42353417,1.42353417,1.42353417,1.42353417,1.52170894,1.52170894,1.52170894,1.52170894,1.52170894,1.52170894,1.52170894,1.42353417,1.42353417,1.42353417,1.42353417,1.42353417,1.42353417,1.42353417,1.3253594,1.3253594,1.3253594,1.3253594,1.3253594,1.3253594,1.22718463,1.22718463,1.22718463,1.22718463,1.22718463,1.22718463,1.22718463,1.12900986,1.12900986,1.12900986,1.12900986,1.03083509,1.03083509,1.03083509,1.03083509,1.03083509,1.03083509,0.932660319,0.932660319,0.932660319,0.932660319,0.932660319,0.834485549,0.834485549,0.834485549,0.834485549,0.834485549,0.834485549,0.736310778,0.736310778,0.736310778,0.736310778,0.736310778,0.736310778,0.736310778,0.736310778,0.736310778,0.736310778,0.638136008,0.638136008,0.638136008,0.638136008,0.638136008,0.638136008,0.638136008,0.638136008,0.638136008,0.638136008,0.638136008,0.539961237,0.539961237,0.539961237,0.539961237,0.539961237,0.539961237,0.539961237,0.539961237,0.539961237,0.539961237,0.539961237,0.539961237,0.539961237,0.539961237,0.539961237,0.539961237,0.539961237,0.539961237,0.638136008,0.638136008,0.638136008,0.638136008,0.539961237
37.657617807,C01,AP01,client_to_ap,VHT,2,2,2,80,SU,1,4,122,6637c97e16e6ce8a,1.22718463,1.22718463,1.22718463,1.22718463,1.22718463,1.22718463,1.22718463,1.22718463,1.22718463,1.3253594,1.3253594,1.3253594,1.3253594,1.3253594,1.3253594,1.3253594,1.3253594,1.3253594,1.3253594,1.3253594,1.42353417,1.42353417,1.42353417,1.42353417,1.42353417,1.42353417,1.42353417,1.42353417,1.42353417,1.52170894,1.52170894,1.42353417,1.42353417,1.52170894,1.52170894,1.42353417,1.42353417,1.42353417,1.42353417,1.42353417,1.42353417,1.42353417,1.42353417,1.42353417,1.3253594,1.3253594,1.3253594,1.3253594,1.3253594,1.3253594,1.22718463,1.22718463,1.22718463,1.22718463,1.22718463,1.12900986,1.12900986,1.12900986,1.12900986,1.12900986,1.12900986,1.12900986,1.03083509,1.03083509,1.03083509,1.03083509,0.932660319,0.932660319,0.932660319,0.932660319,0.932660319,0.834485549,0.834485549,0.834485549,0.834485549,0.834485549,0.834485549,0.834485549,0.736310778,0.736310778,0.736310778,0.736310778,0.736310778,0.736310778,0.736310778,0.736310778,0.638136008,0.736310778,0.638136008,0.638136008,0.638136008,0.638136008,0.638136008,0.638136008,0.638136008,0.638136008,0.638136008,0.638136008,0.539961237,0.539961237,0.539961237,0.539961237,0.539961237,0.539961237,0.539961237,0.539961237,0.539961237,0.539961237,0.539961237,0.539961237,0.539961237,0.539961237,0.539961237,0.539961237,0.539961237,0.539961237,0.539961237,0.539961237,0.539961237,0.539961237,0.638136008,0.539961237
38.990178823,C01,AP01,client_to_ap,VHT,2,2,2,80,SU,1,4,122,6637c97e16e6ce8a,1.22718463,1.22718463,1.22718463,1.22718463,1.22718463,1.22718463,1.22718463,1.22718463,1.22718463,1.3253594,1.3253594,1.3253594,1.3253594,1.3253594,1.3253594,1.3253594,1.3253594,1.3253594,1.3253594,1.3253594,1.42353417,1.42353417,1.42353417,1.42353417,1.42353417,1.42353417,1.42353417,1.42353417,1.42353417,1.42353417,1.52170894,1.52170894,1.52170894,1.52170894,1.52170894,1.52170894,1.42353417,1.42353417,1.42353417,1.42353417,1.42353417,1.42353417,1.42353417,1.42353417,1.3253594,1.3253594,1.3253594,1.3253594,1.3253594,1.22718463,1.22718463,1.22718463,1.22718463,1.22718463,1.22718463,1.22718463,1.12900986,1.12900986,1.12900986,1.12900986,1.12900986,1.12900986,1.03083509,1.03083509,1.03083509,1.03083509,0.932660319,0.932660319,0.932660319,0.932660319,0.932660319,0.834485549,0.834485549,0.834485549,0.834485549,0.834485549,0.834485549,0.736310778,0.736310778,0.736310778,0.736310778,0.736310778,0.736310778,0.736310778,0.736310778,0.736310778,0.736310778,0.638136008,0.638136008,0.638136008,0.638136008,0.638136008,0.638136008,0.638136008,0.638136008,0.638136008,0.638136008,0.539961237,0.539961237,0.539961237,0.539961237,0.539961237,0.539961237,0.539961237,0.539961237,0.539961237,0.539961237,0.539961237,0.539961237,0.539961237,0.539961237,0.539961237,0.539961237,0.539961237,0.539961237,0.539961237,0.539961237,0.638136008,0.638136008,0.638136008,0.638136008,0.539961237
40.325695992,C01,AP01,client_to_ap,VHT,2,2,2,80,SU,1,4,122,6637c97e16e6ce8a,1.22718463,1.22718463,1.22718463,1.22718463,1.22718463,1.22718463,1.22718463,1.22718463,1.22718463,1.3253594,1.3253594,1.3253594,1.3253594,1.3253594,1.3253594,1.3253594,1.3253594,1.3253594,1.3253594,1.3253594,1.3253594,1.42353417,1.42353417,1.42353417,1.42353417,1.42353417,1.42353417,1.42353417,1.42353417,1.42353417,1.52170894,1.52170894,1.52170894,1.52170894,1.52170894,1.52170894,1.52170894,1.42353417,1.42353417,1.42353417,1.42353417,1.42353417,1.42353417,1.42353417,1.42353417,1.3253594,1.3253594,1.3253594,1.3253594,1.22718463,1.22718463,1.22718463,1.22718463,1.22718463,1.22718463,1.22718463,1.22718463,1.12900986,1.12900986,1.12900986,1.12900986,1.12900986,1.03083509,1.03083509,1.03083509,1.03083509,1.03083509,0.932660319,0.932660319,0.932660319,0.932660319,0.932660319,0.834485549,0.834485549,0.834485549,0.834485549,0.736310778,0.834485549,0.736310778,0.736310778,0.736310778,0.736310778,0.736310778,0.736310778,0.736310778,0.736310778,0.736310778,0.736310778,0.638136008,0.638136008,0.638136008,0.638136008,0.638136008,0.638136008,0.638136008,0.638136008,0.638136008,0.638136008,0.638136008,0.638136008,0.638136008,0.539961237,0.539961237,0.539961237,0.539961237,0.539961237,0.539961237,0.539961237,0.539961237,0.539961237,0.539961237,0.539961237,0.539961237,0.539961237,0.539961237,0.539961237,0.539961237,0.638136008,0.638136008,0.539961237,0.638136008,0.638136008
41.657472849,C01,AP01,client_to_ap,VHT,2,2,2,80,SU,1,4,122,6637c97e16e6ce8a,1.22718463,1.22718463,1.22718463,1.22718463,1.22718463,1.22718463,1.22718463,1.22718463,1.22718463,1.3253594,1.3253594,1.3253594,1.3253594,1.3253594,1.3253594,1.3253594,1.3253594,1.3253594,1.3253594,1.3253594,1.3253594,1.42353417,1.42353417,1.42353417,1.42353417,1.42353417,1.42353417,1.42353417,1.42353417,1.52170894,1.52170894,1.52170894,1.52170894,1.52170894,1.52170894,1.52170894,1.42353417,1.42353417,1.42353417,1.42353417,1.42353417,1.42353417,1.42353417,1.42353417,1.3253594,1.3253594,1.3253594,1.3253594,1.22718463,1.22718463,1.22718463,1.22718463,1.22718463,1.22718463,1.22718463,1.22718463,1.12900986,1.12900986,1.12900986,1.12900986,1.12900986,1.12900986,1.03083509,1.03083509,1.03083509,1.03083509,0.932660319,0.932660319,0.932660319,0.932660319,0.932660319,0.834485549,0.834485549,0.834485549,0.834485549,0.834485549,0.736310778,0.736310778,0.736310778,0.736310778,0.736310778,0.736310778,0.736310778,0.736310778,0.736310778,0.736310778,0.736310778,0.638136008,0.638136008,0.638136008,0.638136008,0.638136008,0.638136008,0.638136008,0.638136008,0.638136008,0.638136008,0.638136008,0.638136008,0.539961237,0.539961237,0.539961237,0.539961237,0.539961237,0.539961237,0.539961237,0.539961237,0.539961237,0.539961237,0.539961237,0.539961237,0.539961237,0.638136008,0.539961237,0.539961237,0.539961237,0.638136008,0.539961237,0.539961237,0.539961237,0.539961237,0.539961237
42.989604950,C01,AP01,client_to_ap,VHT,2,2,2,80,SU,1,4,122,6637c97e16e6ce8a,1.22718463,1.22718463,1.22718463,1.22718463,1.22718463,1.22718463,1.22718463,1.22718463,1.3253594,1.3253594,1.3253594,1.3253594,1.3253594,1.3253594,1.3253594,1.3253594,1.3253594,1.3253594,1.3253594,1.3253594,1.3253594,1.42353417,1.42353417,1.42353417,1.42353417,1.42353417,1.42353417,1.42353417,1.42353417,1.52170894,1.52170894,1.52170894,1.52170894,1.52170894,1.52170894,1.52170894,1.52170894,1.42353417,1.42353417,1.42353417,1.42353417,1.42353417,1.42353417,1.42353417,1.3253594,1.3253594,1.3253594,1.3253594,1.3253594,1.3253594,1.22718463,1.22718463,1.22718463,1.22718463,1.22718463,1.22718463,1.12900986,1.12900986,1.12900986,1.12900986,1.12900986,1.12900986,1.03083509,1.03083509,1.03083509,1.03083509,1.03083509,0.932660319,0.932660319,0.932660319,0.932660319,0.834485549,0.834485549,0.834485549,0.834485549,0.834485549,0.834485549,0.834485549,0.736310778,0.736310778,0.736310778,0.736310778,0.736310778,0.736310778,0.736310778,0.736310778,0.736310778,0.736310778,0.638136008,0.638136008,0.638136008,0.638136008,0.638136008,0.638136008,0.638136008,0.638136008,0.638136008,0.638136008,0.638136008,0.539961237,0.539961237,0.539961237,0.539961237,0.539961237,0.539961237,0.539961237,0.539961237,0.539961237,0.638136008,0.539961237,0.539961237,0.539961237,0.539961237,0.539961237,0.539961237,0.638136008,0.638136008,0.539961237,0.539961237,0.638136008,0.638136008,0.638136008
44.325666904,C01,AP01,client_to_ap,VHT,2,2,2,80,SU,1,4,122,6637c97e16e6ce8a,1.22718463,1.22718463,1.22718463,1.22718463,1.22718463,1.22718463,1.22718463,1.22718463,1.3253594,1.3253594,1.3253594,1.3253594,1.3253594,1.3253594,1.3253594,1.3253594,1.3253594,1.3253594,1.3253594,1.3253594,1.3253594,1.42353417,1.42353417,1.42353417,1.42353417,1.42353417,1.42353417,1.42353417,1.42353417,1.52170894,1.52170894,1.52170894,1.52170894,1.52170894,1.52170894,1.52170894,1.52170894,1.42353417,1.42353417,1.42353417,1.42353417,1.42353417,1.42353417,1.42353417,1.3253594,1.3253594,1.3253594,1.3253594,1.3253594,1.22718463,1.22718463,1.22718463,1.22718463,1.22718463,1.22718463,1.22718463,1.12900986,1.12900986,1.12900986,1.12900986,1.12900986,1.12900986,1.03083509,1.03083509,1.03083509,1.03083509,1.03083509,0.932660319,0.932660319,0.932660319,0.932660319,0.932660319,0.834485549,0.834485549,0.834485549,0.834485549,0.834485549,0.736310778,0.834485549,0.736310778,0.736310778,0.736310778,0.736310778,0.736310778,0.736310778,0.736310778,0.736310778,0.736310778,0.638136008,0.736310778,0.638136008,0.638136008,0.638136008,0.638136008,0.638136008,0.638136008,0.638136008,0.638136008,0.638136008,0.638136008,0.638136008,0.539961237,0.539961237,0.638136008,0.638136008,0.539961237,0.638136008,0.539961237,0.638136008,0.638136008,0.638136008,0.638136008,0.539961237,0.638136008,0.638136008,0.539961237,0.638136008,0.638136008,0.638136008,0.638136008,0.638136008,0.638136008
45.657540798,C01,AP01,client_to_ap,VHT,2,2,2,80,SU,1,4,122,6637c97e16e6ce8a,1.22718463,1.22718463,1.22718463,1.22718463,1.22718463,1.22718463,1.22718463,1.3253594,1.3253594,1.3253594,1.3253594,1.3253594,1.3253594,1.3253594,1.3253594,1.3253594,1.3253594,1.3253594,1.3253594,1.3253594,1.42353417,1.42353417,1.42353417,1.42353417,1.42353417,1.42353417,1.42353417,1.42353417,1.42353417,1.42353417,1.42353417,1.52170894,1.52170894,1.52170894,1.52170894,1.52170894,1.52170894,1.42353417,1.42353417,1.42353417,1.42353417,1.42353417,1.42353417,1.42353417,1.42353417,1.42353417,1.3253594,1.3253594,1.3253594,1.3253594,1.3253594,1.3253594,1.22718463,1.22718463,1.22718463,1.22718463,1.22718463,1.22718463,1.22718463,1.12900986,1.12900986,1.12900986,1.12900986,1.03083509,1.03083509,1.03083509,1.03083509,1.03083509,0.932660319,0.932660319,0.932660319,0.932660319,0.932660319,0.932660319,0.834485549,0.834485549,0.834485549,0.834485549,0.834485549,0.834485549,0.834485549,0.834485549,0.736310778,0.736310778,0.736310778,0.736310778,0.736310778,0.736310778,0.736310778,0.736310778,0.736310778,0.736310778,0.638136008,0.638136008,0.638136008,0.638136008,0.638136008,0.638136008,0.638136008,0.638136008,0.638136008,0.638136008,0.638136008,0.638136008,0.638136008,0.638136008,0.638136008,0.638136008,0.638136008,0.638136008,0.638136008,0.638136008,0.638136008,0.638136008,0.638136008,0.638136008,0.638136008,0.638136008,0.638136008,0.638136008,0.638136008,0.638136008
46.990866899,C01,AP01,client_to_ap,VHT,2,2,2,80,SU,1,4,122,6637c97e16e6ce8a,1.22718463,1.22718463,1.22718463,1.22718463,1.22718463,1.22718463,1.22718463,1.3253594,1.3253594,1.3253594,1.3253594,1.3253594,1.3253594,1.3253594,1.3253594,1.3253594,1.3253594,1.3253594,1.3253594,1.3253594,1.42353417,1.42353417,1.42353417,1.42353417,1.42353417,1.42353417,1.42353417,1.42353417,1.42353417,1.42353417,1.52170894,1.52170894,1.52170894,1.52170894,1.52170894,1.52170894,1.52170894,1.42353417,1.42353417,1.42353417,1.42353417,1.42353417,1.42353417,1.42353417,1.3253594,1.3253594,1.3253594,1.3253594,1.3253594,1.3253594,1.22718463,1.22718463,1.22718463,1.22718463,1.22718463,1.22718463,1.12900986,1.12900986,1.12900986,1.12900986,1.12900986,1.03083509,1.03083509,1.03083509,1.03083509,1.03083509,0.932660319,0.932660319,0.932660319,0.932660319,0.932660319,0.834485549,0.834485549,0.834485549,0.834485549,0.834485549,0.834485549,0.736310778,0.736310778,0.736310778,0.736310778,0.736310778,0.736310778,0.736310778,0.736310778,0.736310778,0.736310778,0.638136008,0.638136008,0.638136008,0.638136008,0.638136008,0.638136008,0.638136008,0.638136008,0.638136008,0.638136008,0.638136008,0.539961237,0.638136008,0.638136008,0.539961237,0.539961237,0.539961237,0.539961237,0.539961237,0.539961237,0.539961237,0.539961237,0.539961237,0.539961237,0.539961237,0.539961237,0.539961237,0.539961237,0.539961237,0.638136008,0.638136008,0.638136008,0.638136008,0.539961237,0.638136008
48.325578928,C01,AP01,client_to_ap,VHT,2,2,2,80,SU,1,4,122,6637c97e16e6ce8a,1.22718463,1.22718463,1.22718463,1.22718463,1.22718463,1.22718463,1.22718463,1.22718463,1.3253594,1.3253594,1.3253594,1.3253594,1.3253594,1.3253594,1.3253594,1.3253594,1.3253594,1.3253594,1.3253594,1.3253594,1.3253594,1.42353417,1.42353417,1.42353417,1.42353417,1.42353417,1.42353417,1.42353417,1.42353417,1.52170894,1.52170894,1.52170894,1.52170894,1.52170894,1.52170894,1.52170894,1.42353417,1.42353417,1.42353417,1.42353417,1.42353417,1.42353417,1.42353417,1.42353417,1.3253594,1.3253594,1.3253594,1.3253594,1.3253594,1.3253594,1.22718463,1.22718463,1.22718463,1.22718463,1.22718463,1.22718463,1.22718463,1.12900986,1.12900986,1.12900986,1.12900986,1.12900986,1.03083509,1.03083509,1.03083509,1.03083509,1.03083509,0.932660319,0.932660319,0.932660319,0.932660319,0.932660319,0.834485549,0.834485549,0.834485549,0.834485549,0.834485549,0.834485549,0.736310778,0.736310778,0.736310778,0.736310778,0.736310778,0.736310778,0.736310778,0.736310778,0.736310778,0.736310778,0.638136008,0.638136008,0.638136008,0.638136008,0.638136008,0.638136008,0.638136008,0.638136008,0.638136008,0.638136008,0.638136008,0.638136008,0.638136008,0.638136008,0.539961237,0.539961237,0.539961237,0.539961237,0.539961237,0.539961237,0.638136008,0.539961237,0.539961237,0.539961237,0.539961237,0.539961237,0.638136008,0.638136008,0.638136008,0.638136008,0.638136008,0.638136008,0.638136008,0.638136008
49.658053875,C01,AP01,client_to_ap,VHT,2,2,2,80,SU,1,4,122,6637c97e16e6ce8a,1.22718463,1.22718463,1.22718463,1.22718463,1.22718463,1.22718463,1.22718463,1.22718463,1.22718463,1.3253594,1.3253594,1.3253594,1.3253594,1.3253594,1.3253594,1.3253594,1.3253594,1.3253594,1.3253594,1.3253594,1.3253594,1.42353417,1.42353417,1.42353417,1.42353417,1.42353417,1.42353417,1.42353417,1.42353417,1.42353417,1.52170894,1.52170894,1.52170894,1.52170894,1.52170894,1.52170894,1.52170894,1.42353417,1.42353417,1.42353417,1.42353417,1.42353417,1.42353417,1.42353417,1.3253594,1.3253594,1.3253594,1.3253594,1.3253594,1.22718463,1.22718463,1.22718463,1.22718463,1.22718463,1.22718463,1.22718463,1.12900986,1.12900986,1.12900986,1.12900986,1.12900986,1.03083509,1.03083509,1.03083509,1.03083509,1.03083509,0.932660319,0.932660319,0.932660319,0.932660319,0.932660319,0.834485549,0.834485549,0.834485549,0.834485549,0.834485549,0.834485549,0.736310778,0.736310778,0.736310778,0.736310778,0.736310778,0.736310778,0.736310778,0.736310778,0.736310778,0.736310778,0.736310778,0.638136008,0.638136008,0.638136008,0.638136008,0.638136008,0.638136008,0.638136008,0.638136008,0.539961237,0.539961237,0.539961237,0.638136008,0.539961237,0.539961237,0.539961237,0.539961237,0.539961237,0.539961237,0.539961237,0.539961237,0.539961237,0.539961237,0.638136008,0.539961237,0.539961237,0.539961237,0.539961237,0.539961237,0.539961237,0.539961237,0.638136008,0.539961237,0.638136008,0.539961237
50.990304947,C01,AP01,client_to_ap,VHT,2,2,2,80,SU,1,4,122,6637c97e16e6ce8a,1.22718463,1.22718463,1.22718463,1.22718463,1.22718463,1.22718463,1.22718463,1.3253594,1.22718463,1.22718463,1.3253594,1.3253594,1.3253594,1.3253594,1.3253594,1.3253594,1.3253594,1.3253594,1.3253594,1.42353417,1.42353417,1.42353417,1.42353417,1.42353417,1.42353417,1.42353417,1.42353417,1.42353417,1.42353417,1.42353417,1.52170894,1.52170894,1.52170894,1.52170894,1.52170894,1.52170894,1.52170894,1.42353417,1.42353417,1.42353417,1.42353417,1.42353417,1.42353417,1.42353417,1.42353417,1.3253594,1.3253594,1.3253594,1.3253594,1.3253594,1.22718463,1.22718463,1.22718463,1.22718463,1.22718463,1.22718463,1.22718463,1.12900986,1.12900986,1.12900986,1.12900986,1.12900986,1.03083509,1.03083509,1.03083509,1.03083509,0.932660319,0.932660319,0.932660319,0.932660319,0.932660319,0.932660319,0.834485549,0.834485549,0.834485549,0.834485549,0.834485549,0.736310778,0.736310778,0.736310778,0.736310778,0.736310778,0.736310778,0.736310778,0.736310778,0.736310778,0.736310778,0.736310778,0.638136008,0.638136008,0.638136008,0.638136008,0.638136008,0.638136008,0.638136008,0.638136008,0.638136008,0.638136008,0.638136008,0.539961237,0.539961237,0.539961237,0.539961237,0.539961237,0.539961237,0.539961237,0.539961237,0.539961237,0.539961237,0.539961237,0.539961237,0.539961237,0.539961237,0.638136008,0.638136008,0.638136008,0.638136008,0.539961237,0.638136008,0.638136008,0.638136008,0.638136008
52.325790882,C01,AP01,client_to_ap,VHT,2,2,2,80,SU,1,4,122,6637c97e16e6ce8a,1.22718463,1.22718463,1.22718463,1.22718463,1.22718463,1.22718463,1.22718463,1.22718463,1.22718463,1.3253594,1.3253594,1.3253594,1.3253594,1.3253594,1.3253594,1.3253594,1.3253594,1.3253594,1.3253594,1.3253594,1.3253594,1.42353417,1.42353417,1.42353417,1.42353417,1.42353417,1.42353417,1.42353417,1.42353417,1.52170894,1.52170894,1.52170894,1.52170894,1.52170894,1.52170894,1.42353417,1.52170894,1.42353417,1.42353417,1.42353417,1.42353417,1.42353417,1.42353417,1.42353417,1.3253594,1.3253594,1.3253594,1.3253594,1.3253594,1.22718463,1.22718463,1.22718463,1.22718463,1.22718463,1.22718463,1.22718463,1.12900986,1.12900986,1.12900986,1.12900986,1.12900986,1.12900986,1.03083509,1.03083509,1.03083509,1.03083509,0.932660319,0.932660319,0.932660319,0.932660319,0.932660319,0.834485549,0.834485549,0.834485549,0.834485549,0.834485549,0.834485549,0.834485549,0.736310778,0.736310778,0.736310778,0.736310778,0.736310778,0.736310778,0.736310778,0.638136008,0.638136008,0.736310778,0.638136008,0.638136008,0.638136008,0.638136008,0.638136008,0.638136008,0.638136008,0.638136008,0.638136008,0.638136008,0.638136008,0.539961237,0.539961237,0.539961237,0.539961237,0.539961237,0.539961237,0.539961237,0.539961237,0.539961237,0.638136008,0.539961237,0.539961237,0.539961237,0.539961237,0.539961237,0.539961237,0.638136008,0.638136008,0.539961237,0.638136008,0.638136008,0.638136008,0.638136008
53.657196999,C01,AP01,client_to_ap,VHT,2,2,2,80,SU,1,4,122,6637c97e16e6ce8a,1.22718463,1.22718463,1.22718463,1.22718463,1.22718463,1.22718463,1.22718463,1.3253594,1.3253594,1.3253594,1.3253594,1.3253594,1.3253594,1.3253594,1.3253594,1.3253594,1.3253594,1.3253594,1.3253594,1.3253594,1.3253594,1.42353417,1.42353417,1.42353417,1.42353417,1.42353417,1.42353417,1.42353417,1.42353417,1.42353417,1.52170894,1.52170894,1.52170894,1.52170894,1.52170894,1.52170894,1.52170894,1.52170894,1.42353417,1.42353417,1.42353417,1.42353417,1.42353417,1.42353417,1.42353417,1.42353417,1.3253594,1.3253594,1.3253594,1.3253594,1.3253594,1.22718463,1.22718463,1.22718463,1.22718463,1.22718463,1.22718463,1.22718463,1.22718463,1.12900986,1.12900986,1.12900986,1.12900986,1.03083509,1.03083509,1.03083509,1.03083509,1.03083509,0.932660319,0.932660319,0.932660319,0.932660319,0.932660319,0.932660319,0.834485549,0.834485549,0.834485549,0.834485549,0.834485549,0.834485549,0.834485549,0.736310778,0.736310778,0.736310778,0.736310778,0.736310778,0.736310778,0.736310778,0.736310778,0.736310778,0.736310778,0.638136008,0.638136008,0.638136008,0.638136008,0.638136008,0.638136008,0.638136008,0.638136008,0.638136008,0.638136008,0.638136008,0.638136008,0.638136008,0.638136008,0.638136008,0.638136008,0.638136008,0.638136008,0.638136008,0.638136008,0.638136008,0.638136008,0.638136008,0.638136008,0.638136008,0.638136008,0.539961237,0.638136008,0.638136008,0.638136008,0.638136008
54.990786791,C01,AP01,client_to_ap,VHT,2,2,2,80,SU,1,4,122,6637c97e16e6ce8a,1.22718463,1.22718463,1.22718463,1.22718463,1.22718463,1.22718463,1.22718463,1.22718463,1.3253594,1.3253594,1.3253594,1.3253594,1.3253594,1.3253594,1.3253594,1.3253594,1.3253594,1.3253594,1.3253594,1.42353417,1.3253594,1.42353417,1.42353417,1.42353417,1.42353417,1.42353417,1.42353417,1.42353417,1.42353417,1.42353417,1.52170894,1.52170894,1.52170894,1.52170894,1.52170894,1.52170894,1.52170894,1.52170894,1.42353417,1.42353417,1.42353417,1.42353417,1.42353417,1.42353417,1.42353417,1.3253594,1.3253594,1.3253594,1.3253594,1.3253594,1.3253594,1.3253594,1.3253594,1.22718463,1.22718463,1.22718463,1.22718463,1.22718463,1.22718463,1.22718463,1.12900986,1.12900986,1.12900986,1.12900986,1.03083509,1.03083509,1.03083509,1.03083509,0.932660319,0.932660319,0.932660319,0.932660319,0.932660319,0.932660319,0.834485549,0.834485549,0.834485549,0.834485549,0.834485549,0.834485549,0.834485549,0.736310778,0.736310778,0.736310778,0.736310778,0.736310778,0.736310778,0.736310778,0.736310778,0.736310778,0.736310778,0.638136008,0.638136008,0.638136008,0.638136008,0.638136008,0.638136008,0.638136008,0.638136008,0.638136008,0.638136008,0.638136008,0.638136008,0.638136008,0.638136008,0.539961237,0.638136008,0.638136008,0.638136008,0.539961237,0.638136008,0.638136008,0.638136008,0.638136008,0.638136008,0.638136008,0.638136008,0.638136008,0.638136008,0.638136008,0.638136008,0.638136008
56.325792789,C01,AP01,client_to_ap,VHT,2,2,2,80,SU,1,4,122,6637c97e16e6ce8a,1.22718463,1.22718463,1.22718463,1.22718463,1.22718463,1.22718463,1.22718463,1.22718463,1.22718463,1.3253594,1.3253594,1.3253594,1.3253594,1.3253594,1.3253594,1.3253594,1.3253594,1.3253594,1.3253594,1.3253594,1.3253594,1.42353417,1.42353417,1.42353417,1.42353417,1.42353417,1.42353417,1.42353417,1.42353417,1.52170894,1.52170894,1.52170894,1.52170894,1.52170894,1.52170894,1.52170894,1.52170894,1.42353417,1.42353417,1.42353417,1.42353417,1.42353417,1.42353417,1.42353417,1.3253594,1.3253594,1.3253594,1.3253594,1.22718463,1.22718463,1.22718463,1.22718463,1.22718463,1.22718463,1.22718463,1.12900986,1.12900986,1.12900986,1.12900986,1.12900986,1.12900986,1.03083509,1.03083509,1.03083509,1.03083509,1.03083509,1.03083509,0.932660319,0.932660319,0.932660319,0.932660319,0.834485549,0.834485549,0.834485549,0.834485549,0.834485549,0.834485549,0.736310778,0.736310778,0.736310778,0.736310778,0.736310778,0.736310778,0.736310778,0.736310778,0.736310778,0.736310778,0.736310778,0.638136008,0.638136008,0.638136008,0.638136008,0.638136008,0.638136008,0.638136008,0.638136008,0.638136008,0.638136008,0.539961237,0.638136008,0.638136008,0.638136008,0.539961237,0.539961237,0.539961237,0.539961237,0.539961237,0.539961237,0.539961237,0.539961237,0.539961237,0.539961237,0.539961237,0.539961237,0.539961237,0.539961237,0.638136008,0.539961237,0.638136008,0.638136008,0.638136008,0.638136008
57.657100916,C01,AP01,client_to_ap,VHT,2,2,2,80,SU,1,4,122,6637c97e16e6ce8a,1.22718463,1.22718463,1.22718463,1.22718463,1.22718463,1.22718463,1.22718463,1.22718463,1.22718463,1.22718463,1.3253594,1.3253594,1.3253594,1.3253594,1.3253594,1.3253594,1.3253594,1.3253594,1.3253594,1.3253594,1.3253594,1.42353417,1.42353417,1.42353417,1.42353417,1.42353417,1.42353417,1.42353417,1.42353417,1.42353417,1.52170894,1.52170894,1.52170894,1.52170894,1.52170894,1.52170894,1.52170894,1.42353417,1.42353417,1.42353417,1.42353417,1.42353417,1.42353417,1.42353417,1.3253594,1.3253594,1.3253594,1.3253594,1.3253594,1.3253594,1.22718463,1.22718463,1.22718463,1.22718463,1.22718463,1.22718463,1.12900986,1.12900986,1.12900986,1.12900986,1.12900986,1.03083509,1.03083509,1.03083509,1.03083509,1.03083509,0.932660319,0.932660319,0.932660319,0.932660319,0.932660319,0.834485549,0.834485549,0.834485549,0.834485549,0.834485549,0.834485549,0.736310778,0.736310778,0.736310778,0.736310778,0.736310778,0.736310778,0.736310778,0.736310778,0.638136008,0.736310778,0.638136008,0.638136008,0.638136008,0.638136008,0.638136008,0.638136008,0.638136008,0.638136008,0.638136008,0.638136008,0.539961237,0.638136008,0.539961237,0.539961237,0.539961237,0.539961237,0.539961237,0.539961237,0.539961237,0.539961237,0.539961237,0.539961237,0.539961237,0.539961237,0.539961237,0.539961237,0.539961237,0.539961237,0.539961237,0.539961237,0.539961237,0.638136008,0.539961237,0.539961237,0.539961237
58.990161896,C01,AP01,client_to_ap,VHT,2,2,2,80,SU,1,4,122,6637c97e16e6ce8a,1.22718463,1.22718463,1.22718463,1.22718463,1.22718463,1.22718463,1.22718463,1.22718463,1.22718463,1.3253594,1.3253594,1.3253594,1.3253594,1.3253594,1.3253594,1.3253594,1.3253594,1.3253594,1.3253594,1.3253594,1.3253594,1.42353417,1.42353417,1.42353417,1.42353417,1.42353417,1.42353417,1.42353417,1.42353417,1.42353417,1.52170894,1.52170894,1.52170894,1.52170894,1.52170894,1.42353417,1.42353417,1.42353417,1.42353417,1.42353417,1.42353417,1.42353417,1.42353417,1.42353417,1.3253594,1.3253594,1.3253594,1.3253594,1.22718463,1.22718463,1.22718463,1.22718463,1.22718463,1.22718463,1.22718463,1.12900986,1.12900986,1.12900986,1.12900986,1.12900986,1.12900986,1.03083509,1.03083509,1.03083509,1.03083509,1.03083509,0.932660319,0.932660319,0.932660319,0.932660319,0.932660319,0.834485549,0.834485549,0.834485549,0.834485549,0.834485549,0.834485549,0.736310778,0.736310778,0.736310778,0.736310778,0.736310778,0.736310778,0.736310778,0.736310778,0.736310778,0.736310778,0.638136008,0.638136008,0.638136008,0.638136008,0.638136008,0.638136008,0.638136008,0.638136008,0.638136008,0.539961237,0.539961237,0.638136008,0.539961237,0.539961237,0.539961237,0.539961237,0.539961237,0.539961237,0.539961237,0.539961237,0.539961237,0.539961237,0.539961237,0.539961237,0.539961237,0.539961237,0.539961237,0.539961237,0.539961237,0.638136008,0.539961237,0.539961237,0.638136008,0.638136008,0.539961237
60.325337887,C01,AP01,client_to_ap,VHT,2,2,2,80,SU,1,4,122,6637c97e16e6ce8a,1.22718463,1.22718463,1.22718463,1.22718463,1.22718463,1.22718463,1.22718463,1.22718463,1.3253594,1.3253594,1.3253594,1.3253594,1.3253594,1.3253594,1.3253594,1.3253594,1.3253594,1.3253594,1.3253594,1.3253594,1.3253594,1.42353417,1.42353417,1.42353417,1.42353417,1.42353417,1.42353417,1.42353417,1.42353417,1.42353417,1.52170894,1.52170894,1.52170894,1.52170894,1.52170894,1.52170894,1.52170894,1.42353417,1.42353417,1.42353417,1.42353417,1.42353417,1.42353417,1.42353417,1.3253594,1.3253594,1.3253594,1.3253594,1.3253594,1.22718463,1.22718463,1.22718463,1.22718463,1.22718463,1.22718463,1.22718463,1.12900986,1.12900986,1.12900986,1.12900986,1.12900986,1.03083509,1.03083509,1.03083509,1.03083509,1.03083509,0.932660319,0.932660319,0.932660319,0.932660319,0.932660319,0.834485549,0.834485549,0.834485549,0.834485549,0.834485549,0.834485549,0.736310778,0.736310778,0.736310778,0.736310778,0.736310778,0.736310778,0.736310778,0.736310778,0.638136008,0.638136008,0.638136008,0.638136008,0.638136008,0.638136008,0.638136008,0.638136008,0.638136008,0.638136008,0.638136008,0.638136008,0.638136008,0.539961237,0.539961237,0.539961237,0.539961237,0.539961237,0.539961237,0.539961237,0.539961237,0.539961237,0.539961237,0.539961237,0.539961237,0.539961237,0.539961237,0.539961237,0.539961237,0.539961237,0.539961237,0.539961237,0.539961237,0.638136008,0.539961237,0.539961237,0.539961237
61.657351017,C01,AP01,client_to_ap,VHT,2,2,2,80,SU,1,4,122,6637c97e16e6ce8a,1.22718463,1.22718463,1.22718463,1.22718463,1.22718463,1.22718463,1.22718463,1.22718463,1.3253594,1.3253594,1.3253594,1.3253594,1.3253594,1.3253594,1.3253594,1.3253594,1.3253594,1.3253594,1.3253594,1.3253594,1.42353417,1.42353417,1.42353417,1.42353417,1.42353417,1.42353417,1.42353417,1.42353417,1.42353417,1.52170894,1.52170894,1.52170894,1.52170894,1.52170894,1.52170894,1.52170894,1.52170894,1.42353417,1.42353417,1.42353417,1.42353417,1.42353417,1.42353417,1.42353417,1.3253594,1.3253594,1.3253594,1.3253594,1.3253594,1.22718463,1.22718463,1.22718463,1.22718463,1.22718463,1.22718463,1.22718463,1.12900986,1.12900986,1.12900986,1.12900986,1.12900986,1.03083509,1.03083509,1.03083509,1.03083509,1.03083509,0.932660319,0.932660319,0.932660319,0.932660319,0.932660319,0.834485549,0.834485549,0.834485549,0.834485549,0.834485549,0.834485549,0.834485549,0.736310778,0.736310778,0.736310778,0.736310778,0.736310778,0.736310778,0.736310778,0.736310778,0.736310778,0.736310778,0.638136008,0.638136008,0.638136008,0.638136008,0.638136008,0.638136008,0.638136008,0.638136008,0.638136008,0.638136008,0.638136008,0.539961237,0.539961237,0.539961237,0.539961237,0.539961237,0.638136008,0.539961237,0.539961237,0.539961237,0.539961237,0.539961237,0.539961237,0.539961237,0.539961237,0.539961237,0.638136008,0.638136008,0.638136008,0.638136008,0.539961237,0.638136008,0.638136008,0.638136008
62.989315987,C01,AP01,client_to_ap,VHT,2,2,2,80,SU,1,4,122,6637c97e16e6ce8a,1.22718463,1.22718463,1.22718463,1.22718463,1.22718463,1.22718463,1.22718463,1.22718463,1.22718463,1.3253594,1.3253594,1.3253594,1.3253594,1.3253594,1.3253594,1.3253594,1.3253594,1.3253594,1.3253594,1.42353417,1.3253594,1.42353417,1.42353417,1.42353417,1.42353417,1.42353417,1.42353417,1.42353417,1.42353417,1.42353417,1.52170894,1.52170894,1.52170894,1.52170894,1.52170894,1.52170894,1.42353417,1.42353417,1.42353417,1.42353417,1.42353417,1.42353417,1.42353417,1.42353417,1.3253594,1.3253594,1.3253594,1.3253594,1.3253594,1.22718463,1.22718463,1.22718463,1.22718463,1.22718463,1.22718463,1.22718463,1.12900986,1.12900986,1.12900986,1.12900986,1.12900986,1.12900986,1.03083509,1.03083509,1.03083509,0.932660319,0.932660319,0.932660319,0.932660319,0.932660319,0.932660319,0.834485549,0.834485549,0.834485549,0.834485549,0.834485549,0.834485549,0.736310778,0.736310778,0.736310778,0.736310778,0.736310778,0.736310778,0.736310778,0.736310778,0.736310778,0.638136008,0.638136008,0.638136008,0.638136008,0.638136008,0.638136008,0.638136008,0.638136008,0.638136008,0.638136008,0.638136008,0.539961237,0.638136008,0.539961237,0.539961237,0.539961237,0.539961237,0.539961237,0.539961237,0.539961237,0.539961237,0.539961237,0.539961237,0.539961237,0.539961237,0.539961237,0.539961237,0.539961237,0.539961237,0.539961237,0.638136008,0.539961237,0.638136008,0.638136008,0.539961237,0.539961237
64.325762987,C01,AP01,client_to_ap,VHT,2,2,2,80,SU,1,4,122,6637c97e16e6ce8a,1.22718463,1.22718463,1.22718463,1.22718463,1.22718463,1.22718463,1.22718463,1.22718463,1.3253594,1.3253594,1.3253594,1.3253594,1.3253594,1.3253594,1.3253594,1.3253594,1.3253594,1.3253594,1.3253594,1.3253594,1.3253594,1.42353417,1.42353417,1.42353417,1.42353417,1.42353417,1.42353417,1.42353417,1.42353417,1.42353417,1.52170894,1.52170894,1.52170894,1.52170894,1.52170894,1.52170894,1.52170894,1.42353417,1.42353417,1.42353417,1.42353417,1.42353417,1.42353417,1.42353417,1.3253594,1.3253594,1.3253594,1.3253594,1.3253594,1.3253594,1.22718463,1.22718463,1.22718463,1.22718463,1.22718463,1.22718463,1.12900986,1.12900986,1.12900986,1.12900986,1.12900986,1.12900986,1.03083509,1.03083509,1.03083509,1.03083509,1.03083509,0.932660319,0.932660319,0.932660319,0.932660319,0.932660319,0.834485549,0.834485549,0.834485549,0.834485549,0.834485549,0.834485549,0.736310778,0.736310778,0.736310778,0.736310778,0.736310778,0.736310778,0.736310778,0.736310778,0.736310778,0.736310778,0.638136008,0.638136008,0.638136008,0.638136008,0.638136008,0.638136008,0.638136008,0.638136008,0.638136008,0.638136008,0.638136008,0.638136008,0.539961237,0.539961237,0.539961237,0.539961237,0.539961237,0.539961237,0.539961237,0.539961237,0.539961237,0.539961237,0.539961237,0.638136008,0.539961237,0.539961237,0.539961237,0.638136008,0.539961237,0.638136008,0.638136008,0.638136008,0.539961237,0.638136008
65.657984018,C01,AP01,client_to_ap,VHT,2,2,2,80,SU,1,4,122,6637c97e16e6ce8a,1.22718463,1.22718463,1.22718463,1.22718463,1.22718463,1.22718463,1.22718463,1.22718463,1.22718463,1.3253594,1.3253594,1.3253594,1.3253594,1.3253594,1.3253594,1.3253594,1.3253594,1.3253594,1.3253594,1.3253594,1.42353417,1.42353417,1.42353417,1.42353417,1.42353417,1.42353417,1.42353417,1.42353417,1.42353417,1.42353417,1.52170894,1.52170894,1.52170894,1.52170894,1.52170894,1.52170894,1.52170894,1.42353417,1.42353417,1.42353417,1.42353417,1.42353417,1.42353417,1.42353417,1.42353417,1.3253594,1.3253594,1.3253594,1.3253594,1.22718463,1.22718463,1.22718463,1.22718463,1.22718463,1.22718463,1.22718463,1.22718463,1.12900986,1.12900986,1.12900986,1.12900986,1.12900986,1.03083509,1.03083509,1.03083509,1.03083509,0.932660319,0.932660319,0.932660319,0.932660319,0.932660319,0.932660319,0.834485549,0.834485549,0.834485549,0.834485549,0.834485549,0.834485549,0.736310778,0.736310778,0.736310778,0.736310778,0.736310778,0.736310778,0.736310778,0.736310778,0.736310778,0.736310778,0.638136008,0.638136008,0.638136008,0.638136008,0.638136008,0.638136008,0.638136008,0.638136008,0.638136008,0.539961237,0.638136008,0.638136008,0.539961237,0.539961237,0.539961237,0.638136008,0.539961237,0.539961237,0.539961237,0.539961237,0.539961237,0.539961237,0.539961237,0.539961237,0.539961237,0.539961237,0.539961237,0.539961237,0.539961237,0.539961237,0.539961237,0.638136008,0.638136008,0.539961237
66.989317894,C01,AP01,client_to_ap,VHT,2,2,2,80,SU,1,4,122,6637c97e16e6ce8a,1.22718463,1.22718463,1.22718463,1.22718463,1.22718463,1.22718463,1.22718463,1.22718463,1.22718463,1.3253594,1.3253594,1.3253594,1.3253594,1.3253594,1.3253594,1.3253594,1.3253594,1.3253594,1.3253594,1.3253594,1.42353417,1.42353417,1.42353417,1.42353417,1.42353417,1.42353417,1.42353417,1.42353417,1.42353417,1.52170894,1.52170894,1.52170894,1.52170894,1.52170894,1.52170894,1.52170894,1.52170894,1.42353417,1.42353417,1.42353417,1.42353417,1.42353417,1.42353417,1.42353417,1.3253594,1.3253594,1.3253594,1.3253594,1.3253594,1.22718463,1.22718463,1.22718463,1.22718463,1.22718463,1.22718463,1.22718463,1.12900986,1.12900986,1.12900986,1.12900986,1.12900986,1.12900986,1.03083509,1.03083509,1.03083509,1.03083509,1.03083509,0.932660319,0.932660319,0.932660319,0.932660319,0.932660319,0.834485549,0.834485549,0.834485549,0.834485549,0.834485549,0.736310778,0.736310778,0.736310778,0.736310778,0.736310778,0.736310778,0.736310778,0.736310778,0.736310778,0.736310778,0.638136008,0.638136008,0.638136008,0.638136008,0.638136008,0.638136008,0.638136008,0.638136008,0.638136008,0.638136008,0.638136008,0.638136008,0.539961237,0.638136008,0.539961237,0.539961237,0.539961237,0.539961237,0.539961237,0.539961237,0.539961237,0.539961237,0.539961237,0.539961237,0.539961237,0.638136008,0.539961237,0.539961237,0.539961237,0.539961237,0.539961237,0.638136008,0.638136008,0.638136008,0.539961237
68.325974941,C01,AP01,client_to_ap,VHT,2,2,2,80,SU,1,4,122,6637c97e16e6ce8a,1.22718463,1.22718463,1.22718463,1.22718463,1.22718463,1.22718463,1.22718463,1.22718463,1.22718463,1.3253594,1.3253594,1.3253594,1.3253594,1.3253594,1.3253594,1.3253594,1.3253594,1.3253594,1.3253594,1.42353417,1.3253594,1.42353417,1.42353417,1.42353417,1.42353417,1.42353417,1.42353417,1.42353417,1.42353417,1.42353417,1.52170894,1.52170894,1.52170894,1.52170894,1.52170894,1.52170894,1.52170894,1.42353417,1.42353417,1.42353417,1.42353417,1.42353417,1.42353417,1.42353417,1.3253594,1.3253594,1.3253594,1.3253594,1.3253594,1.22718463,1.22718463,1.22718463,1.22718463,1.22718463,1.22718463,1.22718463,1.22718463,1.12900986,1.12900986,1.12900986,1.12900986,1.12900986,1.03083509,1.03083509,1.03083509,1.03083509,0.932660319,0.932660319,0.932660319,0.932660319,0.932660319,0.932660319,0.834485549,0.834485549,0.834485549,0.834485549,0.834485549,0.834485549,0.736310778,0.736310778,0.736310778,0.736310778,0.736310778,0.736310778,0.736310778,0.736310778,0.736310778,0.736310778,0.638136008,0.638136008,0.638136008,0.638136008,0.638136008,0.638136008,0.638136008,0.638136008,0.638136008,0.638136008,0.638136008,0.539961237,0.638136008,0.539961237,0.539961237,0.638136008,0.539961237,0.539961237,0.539961237,0.539961237,0.539961237,0.539961237,0.539961237,0.539961237,0.539961237,0.539961237,0.539961237,0.539961237,0.539961237,0.539961237,0.638136008,0.638136008,0.638136008,0.638136008
69.658282995,C01,AP01,client_to_ap,VHT,2,2,2,80,SU,1,4,122,6637c97e16e6ce8a,1.22718463,1.22718463,1.22718463,1.22718463,1.22718463,1.22718463,1.22718463,1.22718463,1.22718463,1.3253594,1.3253594,1.3253594,1.3253594,1.3253594,1.3253594,1.3253594,1.3253594,1.3253594,1.3253594,1.3253594,1.3253594,1.42353417,1.42353417,1.42353417,1.42353417,1.42353417,1.42353417,1.42353417,1.42353417,1.52170894,1.52170894,1.52170894,1.52170894,1.52170894,1.52170894,1.52170894,1.52170894,1.42353417,1.42353417,1.42353417,1.42353417,1.42353417,1.42353417,1.42353417,1.3253594,1.3253594,1.3253594,1.3253594,1.22718463,1.22718463,1.22718463,1.22718463,1.22718463,1.22718463,1.22718463,1.12900986,1.12900986,1.12900986,1.12900986,1.12900986,1.12900986,1.03083509,1.03083509,1.03083509,1.03083509,1.03083509,0.932660319,0.932660319,0.932660319,0.932660319,0.932660319,0.834485549,0.834485549,0.834485549,0.834485549,0.834485549,0.736310778,0.736310778,0.736310778,0.736310778,0.736310778,0.736310778,0.736310778,0.736310778,0.736310778,0.736310778,0.638136008,0.638136008,0.638136008,0.638136008,0.638136008,0.638136008,0.638136008,0.638136008,0.638136008,0.638136008,0.638136008,0.539961237,0.539961237,0.539961237,0.539961237,0.539961237,0.539961237,0.539961237,0.539961237,0.539961237,0.539961237,0.539961237,0.539961237,0.539961237,0.539961237,0.539961237,0.539961237,0.539961237,0.539961237,0.539961237,0.539961237,0.539961237,0.539961237,0.539961237,0.638136008,0.539961237
70.988976955,C01,AP01,client_to_ap,VHT,2,2,2,80,SU,1,4,122,6637c97e16e6ce8a,1.22718463,1.22718463,1.22718463,1.22718463,1.22718463,1.22718463,1.22718463,1.22718463,1.22718463,1.3253594,1.3253594,1.3253594,1.3253594,1.3253594,1.3253594,1.3253594,1.3253594,1.3253594,1.3253594,1.42353417,1.42353417,1.42353417,1.42353417,1.42353417,1.42353417,1.42353417,1.42353417,1.42353417,1.42353417,1.52170894,1.52170894,1.52170894,1.52170894,1.52170894,1.52170894,1.52170894,1.42353417,1.42353417,1.42353417,1.42353417,1.42353417,1.42353417,1.42353417,1.42353417,1.3253594,1.3253594,1.3253594,1.3253594,1.3253594,1.22718463,1.22718463,1.22718463,1.22718463,1.22718463,1.22718463,1.22718463,1.12900986,1.12900986,1.12900986,1.12900986,1.12900986,1.03083509,1.03083509,1.03083509,1.03083509,1.03083509,0.932660319,0.932660319,0.932660319,0.932660319,0.932660319,0.834485549,0.834485549,0.834485549,0.834485549,0.834485549,0.834485549,0.736310778,0.736310778,0.736310778,0.736310778,0.736310778,0.736310778,0.736310778,0.736310778,0.638136008,0.736310778,0.736310778,0.638136008,0.638136008,0.638136008,0.638136008,0.638136008,0.638136008,0.638136008,0.638136008,0.638136008,0.539961237,0.638136008,0.539961237,0.539961237,0.638136008,0.539961237,0.539961237,0.638136008,0.539961237,0.539961237,0.539961237,0.539961237,0.539961237,0.539961237,0.539961237,0.638136008,0.539961237,0.539961237,0.539961237,0.539961237,0.638136008,0.638136008,0.638136008,0.638136008,0.539961237
72.325466871,C01,AP01,client_to_ap,VHT,2,2,2,80,SU,1,4,122,6637c97e16e6ce8a,1.22718463,1.22718463,1.22718463,1.22718463,1.22718463,1.22718463,1.22718463,1.22718463,1.22718463,1.3253594,1.3253594,1.22718463,1.3253594,1.3253594,1.3253594,1.3253594,1.3253594,1.3253594,1.3253594,1.3253594,1.42353417,1.42353417,1.42353417,1.42353417,1.42353417,1.42353417,1.42353417,1.42353417,1.42353417,1.52170894,1.52170894,1.52170894,1.52170894,1.52170894,1.52170894,1.52170894,1.52170894,1.42353417,1.42353417,1.42353417,1.42353417,1.42353417,1.42353417,1.42353417,1.3253594,1.3253594,1.3253594,1.3253594,1.3253594,1.3253594,1.22718463,1.22718463,1.22718463,1.22718463,1.22718463,1.22718463,1.12900986,1.12900986,1.12900986,1.12900986,1.12900986,1.12900986,1.03083509,1.03083509,1.03083509,1.03083509,0.932660319,0.932660319,0.932660319,0.932660319,0.932660319,0.834485549,0.834485549,0.834485549,0.834485549,0.834485549,0.834485549,0.736310778,0.736310778,0.736310778,0.736310778,0.736310778,0.736310778,0.736310778,0.736310778,0.736310778,0.736310778,0.638136008,0.638136008,0.638136008,0.638136008,0.638136008,0.638136008,0.638136008,0.638136008,0.638136008,0.638136008,0.638136008,0.638136008,0.638136008,0.539961237,0.539961237,0.539961237,0.539961237,0.638136008,0.539961237,0.539961237,0.539961237,0.539961237,0.539961237,0.539961237,0.539961237,0.539961237,0.539961237,0.539961237,0.539961237,0.638136008,0.638136008,0.638136008,0.638136008,0.638136008,0.638136008
73.658451796,C01,AP01,client_to_ap,VHT,2,2,2,80,SU,1,4,122,6637c97e16e6ce8a,1.22718463,1.22718463,1.22718463,1.22718463,1.22718463,1.22718463,1.22718463,1.22718463,1.22718463,1.3253594,1.3253594,1.3253594,1.3253594,1.3253594,1.3253594,1.3253594,1.3253594,1.3253594,1.3253594,1.3253594,1.42353417,1.42353417,1.42353417,1.42353417,1.42353417,1.42353417,1.42353417,1.42353417,1.42353417,1.52170894,1.52170894,1.52170894,1.52170894,1.52170894,1.52170894,1.52170894,1.52170894,1.42353417,1.42353417,1.42353417,1.42353417,1.42353417,1.42353417,1.42353417,1.3253594,1.3253594,1.3253594,1.3253594,1.3253594,1.22718463,1.22718463,1.22718463,1.22718463,1.22718463,1.22718463,1.22718463,1.12900986,1.12900986,1.12900986,1.12900986,1.12900986,1.12900986,1.03083509,1.03083509,1.03083509,1.03083509,0.932660319,0.932660319,0.932660319,0.932660319,0.932660319,0.834485549,0.834485549,0.834485549,0.834485549,0.834485549,0.834485549,0.834485549,0.736310778,0.736310778,0.736310778,0.736310778,0.736310778,0.736310778,0.736310778,0.736310778,0.638136008,0.736310778,0.638136008,0.638136008,0.638136008,0.638136008,0.638136008,0.638136008,0.638136008,0.638136008,0.638136008,0.638136008,0.539961237,0.638136008,0.539961237,0.539961237,0.539961237,0.539961237,0.539961237,0.539961237,0.539961237,0.539961237,0.539961237,0.539961237,0.539961237,0.539961237,0.539961237,0.539961237,0.539961237,0.638136008,0.638136008,0.638136008,0.638136008,0.638136008,0.638136008,0.539961237
74.989642859,C01,AP01,client_to_ap,VHT,2,2,2,80,SU,1,4,122,6637c97e16e6ce8a,1.22718463,1.22718463,1.22718463,1.22718463,1.22718463,1.22718463,1.22718463,1.22718463,1.22718463,1.3253594,1.3253594,1.3253594,1.3253594,1.3253594,1.3253594,1.3253594,1.3253594,1.3253594,1.3253594,1.3253594,1.42353417,1.42353417,1.42353417,1.42353417,1.42353417,1.42353417,1.42353417,1.42353417,1.42353417,1.52170894,1.52170894,1.52170894,1.52170894,1.52170894,1.52170894,1.52170894,1.52170894,1.42353417,1.42353417,1.42353417,1.42353417,1.42353417,1.42353417,1.42353417,1.3253594,1.3253594,1.3253594,1.3253594,1.3253594,1.22718463,1.22718463,1.22718463,1.22718463,1.22718463,1.22718463,1.22718463,1.12900986,1.12900986,1.12900986,1.12900986,1.12900986,1.12900986,1.03083509,1.03083509,1.03083509,1.03083509,0.932660319,0.932660319,0.932660319,0.932660319,0.932660319,0.932660319,0.834485549,0.834485549,0.834485549,0.834485549,0.834485549,0.834485549,0.736310778,0.736310778,0.736310778,0.736310778,0.736310778,0.736310778,0.736310778,0.736310778,0.736310778,0.736310778,0.638136008,0.638136008,0.638136008,0.638136008,0.638136008,0.638136008,0.638136008,0.638136008,0.638136008,0.539961237,0.638136008,0.638136008,0.539961237,0.539961237,0.539961237,0.539961237,0.539961237,0.539961237,0.539961237,0.539961237,0.539961237,0.539961237,0.539961237,0.539961237,0.539961237,0.638136008,0.539961237,0.638136008,0.539961237,0.638136008,0.638136008,0.638136008,0.638136008,0.638136008
76.325621843,C01,AP01,client_to_ap,VHT,2,2,2,80,SU,1,4,122,6637c97e16e6ce8a,1.22718463,1.22718463,1.22718463,1.22718463,1.22718463,1.22718463,1.22718463,1.3253594,1.22718463,1.3253594,1.3253594,1.3253594,1.3253594,1.3253594,1.3253594,1.3253594,1.3253594,1.3253594,1.3253594,1.3253594,1.3253594,1.42353417,1.42353417,1.42353417,1.42353417,1.42353417,1.42353417,1.42353417,1.42353417,1.52170894,1.52170894,1.52170894,1.52170894,1.52170894,1.52170894,1.52170894,1.52170894,1.42353417,1.42353417,1.42353417,1.42353417,1.42353417,1.42353417,1.42353417,1.3253594,1.3253594,1.3253594,1.3253594,1.3253594,1.22718463,1.22718463,1.22718463,1.22718463,1.22718463,1.22718463,1.22718463,1.22718463,1.12900986,1.12900986,1.12900986,1.12900986,1.12900986,1.03083509,1.03083509,1.03083509,1.03083509,1.03083509,0.932660319,0.932660319,0.932660319,0.932660319,0.932660319,0.834485549,0.834485549,0.834485549,0.834485549,0.834485549,0.834485549,0.736310778,0.736310778,0.736310778,0.736310778,0.736310778,0.736310778,0.736310778,0.736310778,0.736310778,0.736310778,0.638136008,0.638136008,0.638136008,0.638136008,0.638136008,0.638136008,0.638136008,0.638136008,0.638136008,0.638136008,0.638136008,0.638136008,0.539961237,0.539961237,0.539961237,0.539961237,0.638136008,0.539961237,0.539961237,0.539961237,0.539961237,0.539961237,0.539961237,0.539961237,0.539961237,0.539961237,0.539961237,0.539961237,0.638136008,0.638136008,0.638136008,0.638136008,0.638136008,0.638136008
77.658020973,C01,AP01,client_to_ap,VHT,2,2,2,80,SU,1,4,122,6637c97e16e6ce8a,1.22718463,1.22718463,1.22718463,1.22718463,1.22718463,1.22718463,1.22718463,1.22718463,1.3253594,1.3253594,1.3253594,1.3253594,1.3253594,1.3253594,1.3253594,1.3253594,1.3253594,1.3253594,1.3253594,1.3253594,1.42353417,1.42353417,1.42353417,1.42353417,1.42353417,1.42353417,1.42353417,1.42353417,1.42353417,1.52170894,1.52170894,1.52170894,1.52170894,1.52170894,1.52170894,1.52170894,1.52170894,1.42353417,1.42353417,1.42353417,1.42353417,1.42353417,1.42353417,1.42353417,1.3253594,1.3253594,1.3253594,1.3253594,1.3253594,1.22718463,1.22718463,1.22718463,1.22718463,1.22718463,1.22718463,1.22718463,1.12900986,1.12900986,1.12900986,1.12900986,1.12900986,1.12900986,1.03083509,1.03083509,1.03083509,1.03083509,1.03083509,0.932660319,0.932660319,0.932660319,0.932660319,0.932660319,0.834485549,0.834485549,0.834485549,0.834485549,0.834485549,0.834485549,0.736310778,0.736310778,0.736310778,0.736310778,0.736310778,0.736310778,0.736310778,0.736310778,0.736310778,0.638136008,0.638136008,0.638136008,0.638136008,0.638136008,0.638136008,0.638136008,0.638136008,0.638136008,0.638136008,0.638136008,0.638136008,0.638136008,0.638136008,0.638136008,0.539961237,0.539961237,0.539961237,0.539961237,0.539961237,0.539961237,0.539961237,0.539961237,0.539961237,0.638136008,0.638136008,0.539961237,0.638136008,0.539961237,0.638136008,0.638136008,0.638136008,0.539961237,0.638136008,0.638136008
78.990222931,C01,AP01,client_to_ap,VHT,2,2,2,80,SU,1,4,122,6637c97e16e6ce8a,1.22718463,1.22718463,1.22718463,1.22718463,1.22718463,1.22718463,1.22718463,1.3253594,1.22718463,1.3253594,1.3253594,1.3253594,1.3253594,1.3253594,1.3253594,1.3253594,1.3253594,1.3253594,1.3253594,1.3253594,1.42353417,1.42353417,1.42353417,1.42353417,1.42353417,1.42353417,1.42353417,1.42353417,1.42353417,1.42353417,1.52170894,1.52170894,1.52170894,1.52170894,1.52170894,1.52170894,1.42353417,1.42353417,1.42353417,1.42353417,1.42353417,1.42353417,1.42353417,1.42353417,1.3253594,1.3253594,1.3253594,1.3253594,1.3253594,1.22718463,1.22718463,1.22718463,1.22718463,1.22718463,1.22718463,1.22718463,1.22718463,1.12900986,1.12900986,1.12900986,1.12900986,1.12900986,1.03083509,1.03083509,1.03083509,1.03083509,0.932660319,0.932660319,0.932660319,0.932660319,0.932660319,0.932660319,0.834485549,0.834485549,0.834485549,0.834485549,0.834485549,0.736310778,0.736310778,0.736310778,0.736310778,0.736310778,0.736310778,0.736310778,0.736310778,0.736310778,0.736310778,0.736310778,0.638136008,0.638136008,0.638136008,0.638136008,0.638136008,0.638136008,0.638136008,0.638136008,0.638136008,0.638136008,0.539961237,0.638136008,0.539961237,0.539961237,0.539961237,0.638136008,0.539961237,0.539961237,0.539961237,0.539961237,0.539961237,0.539961237,0.539961237,0.539961237,0.539961237,0.539961237,0.539961237,0.638136008,0.539961237,0.539961237,0.638136008,0.539961237,0.638136008,0.539961237
80.326521873,C01,AP01,client_to_ap,VHT,2,2,2,80,SU,1,4,122,6637c97e16e6ce8a,1.22718463,1.22718463,1.22718463,1.22718463,1.22718463,1.22718463,1.22718463,1.22718463,1.3253594,1.3253594,1.3253594,1.3253594,1.3253594,1.3253594,1.3253594,1.3253594,1.3253594,1.3253594,1.3253594,1.3253594,1.42353417,1.42353417,1.42353417,1.42353417,1.42353417,1.42353417,1.42353417,1.42353417,1.42353417,1.52170894,1.52170894,1.52170894,1.52170894,1.52170894,1.52170894,1.52170894,1.52170894,1.42353417,1.42353417,1.42353417,1.42353417,1.42353417,1.42353417,1.42353417,1.3253594,1.3253594,1.3253594,1.3253594,1.3253594,1.22718463,1.22718463,1.22718463,1.22718463,1.22718463,1.22718463,1.22718463,1.22718463,1.12900986,1.12900986,1.12900986,1.12900986,1.12900986,1.03083509,1.03083509,1.03083509,1.03083509,1.03083509,0.932660319,0.932660319,0.932660319,0.932660319,0.932660319,0.834485549,0.834485549,0.834485549,0.834485549,0.834485549,0.834485549,0.736310778,0.736310778,0.736310778,0.736310778,0.736310778,0.736310778,0.736310778,0.736310778,0.736310778,0.736310778,0.638136008,0.638136008,0.638136008,0.638136008,0.638136008,0.638136008,0.638136008,0.638136008,0.638136008,0.638136008,0.638136008,0.638136008,0.539961237,0.539961237,0.539961237,0.539961237,0.638136008,0.638136008,0.539961237,0.539961237,0.539961237,0.539961237,0.539961237,0.539961237,0.638136008,0.638136008,0.539961237,0.539961237,0.638136008,0.638136008,0.638136008,0.638136008,0.638136008,0.638136008
81.657481909,C01,AP01,client_to_ap,VHT,2,2,2,80,SU,1,4,122,6637c97e16e6ce8a,1.22718463,1.22718463,1.22718463,1.22718463,1.22718463,1.22718463,1.22718463,1.3253594,1.3253594,1.3253594,1.3253594,1.3253594,1.3253594,1.3253594,1.3253594,1.3253594,1.3253594,1.3253594,1.3253594,1.3253594,1.3253594,1.42353417,1.42353417,1.42353417,1.42353417,1.42353417,1.42353417,1.42353417,1.42353417,1.52170894,1.52170894,1.52170894,1.52170894,1.52170894,1.52170894,1.52170894,1.52170894,1.42353417,1.42353417,1.42353417,1.42353417,1.42353417,1.42353417,1.42353417,1.3253594,1.3253594,1.3253594,1.3253594,1.3253594,1.22718463,1.22718463,1.22718463,1.22718463,1.22718463,1.22718463,1.22718463,1.22718463,1.12900986,1.12900986,1.12900986,1.12900986,1.12900986,1.03083509,1.03083509,1.03083509,1.03083509,0.932660319,0.932660319,0.932660319,0.932660319,0.932660319,0.932660319,0.834485549,0.834485549,0.834485549,0.834485549,0.834485549,0.736310778,0.736310778,0.736310778,0.736310778,0.736310778,0.736310778,0.736310778,0.736310778,0.736310778,0.736310778,0.736310778,0.638136008,0.638136008,0.638136008,0.638136008,0.638136008,0.638136008,0.638136008,0.638136008,0.638136008,0.539961237,0.638136008,0.638136008,0.539961237,0.539961237,0.539961237,0.638136008,0.539961237,0.539961237,0.539961237,0.539961237,0.539961237,0.539961237,0.539961237,0.638136008,0.539961237,0.539961237,0.539961237,0.539961237,0.638136008,0.638136008,0.638136008,0.638136008,0.638136008,0.638136008
82.990607977,C01,AP01,client_to_ap,VHT,2,2,2,80,SU,1,4,122,6637c97e16e6ce8a,1.22718463,1.22718463,1.22718463,1.22718463,1.22718463,1.22718463,1.22718463,1.22718463,1.22718463,1.3253594,1.3253594,1.3253594,1.3253594,1.3253594,1.3253594,1.3253594,1.3253594,1.42353417,1.3253594,1.3253594,1.42353417,1.42353417,1.42353417,1.42353417,1.42353417,1.42353417,1.42353417,1.42353417,1.42353417,1.52170894,1.52170894,1.52170894,1.42353417,1.52170894,1.52170894,1.52170894,1.42353417,1.42353417,1.42353417,1.42353417,1.42353417,1.42353417,1.42353417,1.42353417,1.42353417,1.3253594,1.3253594,1.3253594,1.3253594,1.22718463,1.22718463,1.22718463,1.22718463,1.22718463,1.22718463,1.22718463,1.12900986,1.12900986,1.12900986,1.12900986,1.12900986,1.12900986,1.03083509,1.03083509,1.03083509,1.03083509,1.03083509,0.932660319,0.932660319,0.932660319,0.932660319,0.932660319,0.834485549,0.834485549,0.834485549,0.834485549,0.834485549,0.834485549,0.736310778,0.736310778,0.736310778,0.736310778,0.736310778,0.736310778,0.736310778,0.736310778,0.736310778,0.736310778,0.638136008,0.638136008,0.638136008,0.638136008,0.638136008,0.638136008,0.638136008,0.638136008,0.638136008,0.638136008,0.638136008,0.638136008,0.638136008,0.539961237,0.539961237,0.539961237,0.638136008,0.539961237,0.539961237,0.638136008,0.539961237,0.539961237,0.539961237,0.539961237,0.638136008,0.638136008,0.539961237,0.638136008,0.638136008,0.638136008,0.638136008,0.638136008,0.638136008,0.539961237
84.325574875,C01,AP01,client_to_ap,VHT,2,2,2,80,SU,1,4,122,6637c97e16e6ce8a,1.22718463,1.22718463,1.22718463,1.22718463,1.22718463,1.22718463,1.22718463,1.3253594,1.22718463,1.3253594,1.3253594,1.3253594,1.3253594,1.3253594,1.3253594,1.3253594,1.3253594,1.3253594,1.3253594,1.3253594,1.3253594,1.42353417,1.42353417,1.42353417,1.42353417,1.42353417,1.42353417,1.42353417,1.42353417,1.42353417,1.52170894,1.52170894,1.52170894,1.52170894,1.52170894,1.52170894,1.52170894,1.42353417,1.42353417,1.42353417,1.42353417,1.42353417,1.42353417,1.42353417,1.3253594,1.3253594,1.3253594,1.3253594,1.3253594,1.3253594,1.22718463,1.22718463,1.22718463,1.22718463,1.22718463,1.22718463,1.22718463,1.12900986,1.12900986,1.12900986,1.12900986,1.12900986,1.03083509,1.03083509,1.03083509,1.03083509,1.03083509,0.932660319,0.932660319,0.932660319,0.932660319,0.932660319,0.834485549,0.834485549,0.834485549,0.834485549,0.834485549,0.834485549,0.834485549,0.834485549,0.736310778,0.736310778,0.736310778,0.736310778,0.736310778,0.736310778,0.736310778,0.736310778,0.638136008,0.638136008,0.638136008,0.638136008,0.638136008,0.638136008,0.638136008,0.638136008,0.638136008,0.638136008,0.638136008,0.638136008,0.638136008,0.539961237,0.539961237,0.539961237,0.539961237,0.539961237,0.539961237,0.539961237,0.638136008,0.539961237,0.638136008,0.638136008,0.638136008,0.638136008,0.539961237,0.638136008,0.638136008,0.638136008,0.638136008,0.638136008,0.638136008,0.638136008
85.657780886,C01,AP01,client_to_ap,VHT,2,2,2,80,SU,1,4,122,6637c97e16e6ce8a,1.22718463,1.22718463,1.22718463,1.22718463,1.22718463,1.22718463,1.22718463,1.22718463,1.22718463,1.3253594,1.3253594,1.3253594,1.3253594,1.3253594,1.3253594,1.3253594,1.3253594,1.3253594,1.3253594,1.3253594,1.42353417,1.42353417,1.42353417,1.42353417,1.42353417,1.42353417,1.42353417,1.42353417,1.42353417,1.42353417,1.52170894,1.52170894,1.52170894,1.52170894,1.52170894,1.52170894,1.52170894,1.42353417,1.42353417,1.42353417,1.42353417,1.42353417,1.42353417,1.42353417,1.3253594,1.3253594,1.3253594,1.3253594,1.22718463,1.22718463,1.22718463,1.22718463,1.22718463,1.22718463,1.22718463,1.22718463,1.12900986,1.12900986,1.12900986,1.12900986,1.12900986,1.12900986,1.03083509,1.03083509,1.03083509,1.03083509,0.932660319,0.932660319,0.932660319,0.932660319,0.932660319,0.932660319,0.834485549,0.834485549,0.834485549,0.834485549,0.834485549,0.834485549,0.736310778,0.736310778,0.736310778,0.736310778,0.736310778,0.736310778,0.736310778,0.736310778,0.736310778,0.736310778,0.638136008,0.638136008,0.638136008,0.638136008,0.638136008,0.638136008,0.638136008,0.638136008,0.638136008,0.638136008,0.638136008,0.638136008,0.539961237,0.539961237,0.539961237,0.539961237,0.539961237,0.539961237,0.539961237,0.539961237,0.539961237,0.539961237,0.539961237,0.539961237,0.539961237,0.539961237,0.539961237,0.539961237,0.638136008,0.539961237,0.638136008,0.638136008,0.638136008,0.638136008
86.989871979,C01,AP01,client_to_ap,VHT,2,2,2,80,SU,1,4,122,6637c97e16e6ce8a,1.22718463,1.22718463,1.22718463,1.22718463,1.22718463,1.22718463,1.22718463,1.22718463,1.22718463,1.3253594,1.3253594,1.3253594,1.3253594,1.3253594,1.3253594,1.3253594,1.3253594,1.3253594,1.3253594,1.3253594,1.3253594,1.42353417,1.42353417,1.42353417,1.42353417,1.42353417,1.42353417,1.42353417,1.42353417,1.52170894,1.52170894,1.42353417,1.52170894,1.52170894,1.42353417,1.52170894,1.42353417,1.42353417,1.42353417,1.42353417,1.42353417,1.42353417,1.42353417,1.42353417,1.3253594,1.3253594,1.3253594,1.3253594,1.3253594,1.22718463,1.22718463,1.22718463,1.22718463,1.22718463,1.22718463,1.22718463,1.12900986,1.12900986,1.12900986,1.12900986,1.12900986,1.03083509,1.03083509,1.03083509,1.03083509,1.03083509,0.932660319,0.932660319,0.932660319,0.932660319,0.932660319,0.834485549,0.834485549,0.834485549,0.834485549,0.834485549,0.834485549,0.736310778,0.736310778,0.736310778,0.736310778,0.736310778,0.736310778,0.736310778,0.736310778,0.736310778,0.736310778,0.638136008,0.638136008,0.638136008,0.638136008,0.638136008,0.638136008,0.638136008,0.638136008,0.638136008,0.638136008,0.638136008,0.539961237,0.539961237,0.539961237,0.539961237,0.539961237,0.539961237,0.539961237,0.539961237,0.539961237,0.539961237,0.539961237,0.539961237,0.539961237,0.539961237,0.539961237,0.539961237,0.539961237,0.539961237,0.638136008,0.539961237,0.539961237,0.539961237,0.638136008,0.539961237
88.326376915,C01,AP01,client_to_ap,VHT,2,2,2,80,SU,1,4,122,6637c97e16e6ce8a,1.22718463,1.22718463,1.22718463,1.22718463,1.22718463,1.22718463,1.22718463,1.22718463,1.22718463,1.3253594,1.3253594,1.3253594,1.3253594,1.3253594,1.3253594,1.3253594,1.3253594,1.3253594,1.3253594,1.3253594,1.3253594,1.42353417,1.42353417,1.42353417,1.42353417,1.42353417,1.42353417,1.42353417,1.42353417,1.52170894,1.52170894,1.52170894,1.52170894,1.52170894,1.52170894,1.52170894,1.52170894,1.42353417,1.42353417,1.42353417,1.42353417,1.42353417,1.42353417,1.42353417,1.3253594,1.3253594,1.3253594,1.3253594,1.3253594,1.22718463,1.3253594,1.22718463,1.22718463,1.22718463,1.22718463,1.22718463,1.12900986,1.12900986,1.12900986,1.12900986,1.12900986,1.03083509,1.03083509,1.03083509,1.03083509,1.03083509,0.932660319,0.932660319,0.932660319,0.932660319,0.932660319,0.834485549,0.834485549,0.834485549,0.834485549,0.834485549,0.834485549,0.736310778,0.736310778,0.736310778,0.736310778,0.736310778,0.736310778,0.736310778,0.736310778,0.736310778,0.736310778,0.638136008,0.638136008,0.638136008,0.638136008,0.638136008,0.638136008,0.638136008,0.638136008,0.638136008,0.638136008,0.539961237,0.539961237,0.539961237,0.539961237,0.539961237,0.539961237,0.539961237,0.539961237,0.539961237,0.539961237,0.539961237,0.539961237,0.539961237,0.539961237,0.539961237,0.539961237,0.539961237,0.539961237,0.539961237,0.638136008,0.638136008,0.539961237,0.539961237,0.638136008,0.539961237
89.658101797,C01,AP01,client_to_ap,VHT,2,2,2,80,SU,1,4,122,6637c97e16e6ce8a,1.22718463,1.22718463,1.22718463,1.22718463,1.22718463,1.22718463,1.22718463,1.22718463,1.22718463,1.3253594,1.3253594,1.3253594,1.3253594,1.3253594,1.3253594,1.3253594,1.3253594,1.3253594,1.3253594,1.3253594,1.3253594,1.42353417,1.42353417,1.42353417,1.42353417,1.42353417,1.42353417,1.42353417,1.52170894,1.42353417,1.52170894,1.52170894,1.52170894,1.52170894,1.52170894,1.52170894,1.52170894,1.42353417,1.42353417,1.42353417,1.42353417,1.42353417,1.42353417,1.42353417,1.3253594,1.3253594,1.3253594,1.3253594,1.3253594,1.22718463,1.22718463,1.22718463,1.22718463,1.22718463,1.12900986,1.22718463,1.22718463,1.12900986,1.12900986,1.12900986,1.12900986,1.03083509,1.03083509,1.03083509,1.03083509,1.03083509,0.932660319,0.932660319,0.932660319,0.932660319,0.932660319,0.932660319,0.834485549,0.834485549,0.834485549,0.834485549,0.736310778,0.736310778,0.736310778,0.736310778,0.736310778,0.736310778,0.736310778,0.736310778,0.736310778,0.638136008,0.638136008,0.638136008,0.638136008,0.638136008,0.638136008,0.638136008,0.638136008,0.638136008,0.638136008,0.638136008,0.539961237,0.539961237,0.638136008,0.539961237,0.539961237,0.539961237,0.539961237,0.539961237,0.539961237,0.539961237,0.539961237,0.539961237,0.539961237,0.539961237,0.539961237,0.539961237,0.539961237,0.539961237,0.638136008,0.539961237,0.539961237,0.539961237,0.539961237,0.638136008,0.539961237,0.638136008
90.990145922,C01,AP01,client_to_ap,VHT,2,2,2,80,SU,1,4,122,6637c97e16e6ce8a,1.22718463,1.22718463,1.22718463,1.22718463,1.22718463,1.22718463,1.22718463,1.22718463,1.22718463,1.3253594,1.3253594,1.3253594,1.3253594,1.3253594,1.3253594,1.3253594,1.3253594,1.3253594,1.3253594,1.3253594,1.3253594,1.42353417,1.42353417,1.42353417,1.42353417,1.42353417,1.42353417,1.42353417,1.42353417,1.52170894,1.52170894,1.52170894,1.52170894,1.52170894,1.52170894,1.52170894,1.42353417,1.42353417,1.42353417,1.42353417,1.42353417,1.42353417,1.42353417,1.42353417,1.3253594,1.3253594,1.3253594,1.3253594,1.3253594,1.22718463,1.22718463,1.22718463,1.22718463,1.22718463,1.22718463,1.22718463,1.12900986,1.12900986,1.12900986,1.12900986,1.12900986,1.03083509,1.03083509,1.03083509,1.03083509,1.03083509,0.932660319,0.932660319,0.932660319,0.932660319,0.932660319,0.834485549,0.834485549,0.834485549,0.834485549,0.834485549,0.736310778,0.736310778,0.736310778,0.736310778,0.736310778,0.736310778,0.736310778,0.736310778,0.736310778,0.638136008,0.638136008,0.638136008,0.638136008,0.638136008,0.638136008,0.638136008,0.638136008,0.638136008,0.638136008,0.638136008,0.638136008,0.539961237,0.539961237,0.539961237,0.539961237,0.539961237,0.539961237,0.539961237,0.539961237,0.539961237,0.539961237,0.539961237,0.539961237,0.539961237,0.539961237,0.539961237,0.539961237,0.539961237,0.539961237,0.539961237,0.539961237,0.539961237,0.539961237,0.539961237,0.539961237,0.638136008
92.326569796,C01,AP01,client_to_ap,VHT,2,2,2,80,SU,1,4,122,6637c97e16e6ce8a,1.22718463,1.22718463,1.22718463,1.22718463,1.22718463,1.22718463,1.22718463,1.22718463,1.22718463,1.3253594,1.3253594,1.3253594,1.3253594,1.3253594,1.3253594,1.3253594,1.3253594,1.3253594,1.3253594,1.42353417,1.3253594,1.42353417,1.42353417,1.42353417,1.42353417,1.42353417,1.42353417,1.42353417,1.42353417,1.42353417,1.52170894,1.52170894,1.52170894,1.52170894,1.52170894,1.52170894,1.52170894,1.42353417,1.42353417,1.42353417,1.42353417,1.42353417,1.42353417,1.42353417,1.3253594,1.3253594,1.3253594,1.3253594,1.22718463,1.22718463,1.22718463,1.22718463,1.22718463,1.22718463,1.22718463,1.22718463,1.22718463,1.12900986,1.12900986,1.12900986,1.12900986,1.03083509,1.03083509,1.03083509,1.03083509,1.03083509,0.932660319,0.932660319,0.932660319,0.932660319,0.932660319,0.834485549,0.834485549,0.834485549,0.834485549,0.834485549,0.834485549,0.736310778,0.736310778,0.736310778,0.736310778,0.736310778,0.736310778,0.736310778,0.736310778,0.736310778,0.638136008,0.638136008,0.638136008,0.638136008,0.638136008,0.638136008,0.638136008,0.638136008,0.638136008,0.638136008,0.638136008,0.539961237,0.539961237,0.539961237,0.539961237,0.539961237,0.539961237,0.539961237,0.539961237,0.539961237,0.539961237,0.539961237,0.539961237,0.539961237,0.539961237,0.539961237,0.539961237,0.539961237,0.539961237,0.539961237,0.539961237,0.539961237,0.539961237,0.638136008,0.539961237,0.539961237
93.658118963,C01,AP01,client_to_ap,VHT,2,2,2,80,SU,1,4,122,6637c97e16e6ce8a,1.22718463,1.22718463,1.22718463,1.22718463,1.22718463,1.22718463,1.22718463,1.22718463,1.22718463,1.3253594,1.3253594,1.3253594,1.3253594,1.3253594,1.3253594,1.3253594,1.3253594,1.3253594,1.3253594,1.3253594,1.3253594,1.42353417,1.42353417,1.42353417,1.42353417,1.42353417,1.42353417,1.42353417,1.42353417,1.42353417,1.52170894,1.52170894,1.52170894,1.52170894,1.52170894,1.52170894,1.52170894,1.42353417,1.42353417,1.42353417,1.42353417,1.42353417,1.42353417,1.42353417,1.42353417,1.3253594,1.3253594,1.3253594,1.3253594,1.22718463,1.22718463,1.22718463,1.22718463,1.22718463,1.22718463,1.22718463,1.12900986,1.12900986,1.12900986,1.12900986,1.12900986,1.03083509,1.03083509,1.03083509,1.03083509,1.03083509,0.932660319,0.932660319,0.932660319,0.932660319,0.932660319,0.834485549,0.834485549,0.834485549,0.834485549,0.834485549,0.834485549,0.736310778,0.736310778,0.736310778,0.736310778,0.736310778,0.736310778,0.736310778,0.736310778,0.736310778,0.736310778,0.736310778,0.638136008,0.638136008,0.638136008,0.638136008,0.638136008,0.638136008,0.638136008,0.638136008,0.638136008,0.638136008,0.539961237,0.539961237,0.539961237,0.539961237,0.539961237,0.539961237,0.539961237,0.539961237,0.539961237,0.539961237,0.539961237,0.539961237,0.539961237,0.539961237,0.539961237,0.539961237,0.539961237,0.539961237,0.539961237,0.539961237,0.638136008,0.539961237,0.539961237,0.539961237
94.990269899,C01,AP01,client_to_ap,VHT,2,2,2,80,SU,1,4,122,6637c97e16e6ce8a,1.22718463,1.22718463,1.22718463,1.22718463,1.22718463,1.22718463,1.22718463,1.22718463,1.22718463,1.3253594,1.3253594,1.3253594,1.3253594,1.3253594,1.3253594,1.3253594,1.3253594,1.3253594,1.3253594,1.3253594,1.3253594,1.42353417,1.42353417,1.42353417,1.42353417,1.42353417,1.42353417,1.42353417,1.42353417,1.42353417,1.52170894,1.52170894,1.52170894,1.52170894,1.52170894,1.52170894,1.42353417,1.42353417,1.42353417,1.42353417,1.42353417,1.42353417,1.42353417,1.3253594,1.3253594,1.3253594,1.3253594,1.3253594,1.3253594,1.22718463,1.22718463,1.22718463,1.22718463,1.22718463,1.22718463,1.12900986,1.12900986,1.12900986,1.12900986,1.12900986,1.12900986,1.03083509,1.03083509,1.03083509,1.03083509,1.03083509,0.932660319,0.932660319,0.932660319,0.932660319,0.932660319,0.932660319,0.834485549,0.834485549,0.834485549,0.834485549,0.834485549,0.736310778,0.736310778,0.736310778,0.736310778,0.736310778,0.736310778,0.736310778,0.736310778,0.736310778,0.736310778,0.638136008,0.638136008,0.638136008,0.638136008,0.638136008,0.638136008,0.638136008,0.638136008,0.638136008,0.638136008,0.638136008,0.539961237,0.539961237,0.638136008,0.638136008,0.539961237,0.539961237,0.638136008,0.539961237,0.539961237,0.539961237,0.539961237,0.539961237,0.539961237,0.539961237,0.539961237,0.638136008,0.638136008,0.539961237,0.539961237,0.539961237,0.638136008,0.539961237,0.539961237,0.638136008
96.326416016,C01,AP01,client_to_ap,VHT,2,2,2,80,SU,1,4,122,6637c97e16e6ce8a,1.22718463,1.22718463,1.22718463,1.22718463,1.22718463,1.22718463,1.22718463,1.22718463,1.22718463,1.3253594,1.3253594,1.3253594,1.3253594,1.3253594,1.3253594,1.3253594,1.3253594,1.3253594,1.3253594,1.3253594,1.42353417,1.42353417,1.42353417,1.42353417,1.42353417,1.42353417,1.42353417,1.42353417,1.42353417,1.52170894,1.52170894,1.52170894,1.52170894,1.52170894,1.52170894,1.52170894,1.42353417,1.42353417,1.42353417,1.42353417,1.42353417,1.42353417,1.42353417,1.42353417,1.3253594,1.3253594,1.3253594,1.3253594,1.3253594,1.22718463,1.22718463,1.22718463,1.22718463,1.22718463,1.22718463,1.22718463,1.12900986,1.12900986,1.12900986,1.12900986,1.12900986,1.12900986,1.03083509,1.03083509,1.03083509,1.03083509,0.932660319,0.932660319,0.932660319,0.932660319,0.932660319,0.932660319,0.834485549,0.834485549,0.834485549,0.834485549,0.834485549,0.834485549,0.736310778,0.736310778,0.736310778,0.736310778,0.736310778,0.736310778,0.736310778,0.736310778,0.736310778,0.736310778,0.638136008,0.638136008,0.638136008,0.638136008,0.638136008,0.638136008,0.638136008,0.638136008,0.638136008,0.638136008,0.539961237,0.638136008,0.539961237,0.539961237,0.539961237,0.539961237,0.539961237,0.539961237,0.539961237,0.539961237,0.539961237,0.539961237,0.539961237,0.539961237,0.539961237,0.539961237,0.539961237,0.638136008,0.638136008,0.539961237,0.638136008,0.638136008,0.539961237,0.539961237
97.657645941,C01,AP01,client_to_ap,VHT,2,2,2,80,SU,1,4,122,6637c97e16e6ce8a,1.22718463,1.22718463,1.22718463,1.22718463,1.22718463,1.22718463,1.22718463,1.22718463,1.22718463,1.3253594,1.3253594,1.3253594,1.3253594,1.3253594,1.3253594,1.3253594,1.3253594,1.3253594,1.3253594,1.3253594,1.3253594,1.42353417,1.42353417,1.42353417,1.42353417,1.42353417,1.42353417,1.42353417,1.42353417,1.42353417,1.52170894,1.52170894,1.52170894,1.52170894,1.52170894,1.52170894,1.52170894,1.42353417,1.42353417,1.42353417,1.42353417,1.42353417,1.42353417,1.42353417,1.3253594,1.3253594,1.3253594,1.3253594,1.22718463,1.22718463,1.22718463,1.22718463,1.22718463,1.22718463,1.22718463,1.12900986,1.12900986,1.12900986,1.12900986,1.12900986,1.12900986,1.03083509,1.03083509,1.03083509,1.03083509,1.03083509,0.932660319,0.932660319,0.932660319,0.932660319,0.932660319,0.834485549,0.834485549,0.834485549,0.834485549,0.834485549,0.736310778,0.736310778,0.736310778,0.736310778,0.736310778,0.736310778,0.736310778,0.736310778,0.736310778,0.736310778,0.638136008,0.736310778,0.638136008,0.638136008,0.638136008,0.638136008,0.638136008,0.638136008,0.638136008,0.638136008,0.539961237,0.539961237,0.539961237,0.539961237,0.539961237,0.539961237,0.539961237,0.539961237,0.539961237,0.539961237,0.539961237,0.539961237,0.539961237,0.539961237,0.539961237,0.539961237,0.539961237,0.539961237,0.539961237,0.539961237,0.539961237,0.539961237,0.638136008,0.539961237,0.539961237,0.539961237
98.992316961,C01,AP01,client_to_ap,VHT,2,2,2,80,SU,1,4,122,6637c97e16e6ce8a,1.22718463,1.22718463,1.22718463,1.22718463,1.22718463,1.22718463,1.22718463,1.22718463,1.22718463,1.3253594,1.3253594,1.3253594,1.3253594,1.3253594,1.3253594,1.3253594,1.3253594,1.3253594,1.3253594,1.42353417,1.42353417,1.42353417,1.42353417,1.42353417,1.42353417,1.42353417,1.42353417,1.42353417,1.52170894,1.52170894,1.52170894,1.52170894,1.42353417,1.52170894,1.52170894,1.52170894,1.52170894,1.42353417,1.42353417,1.42353417,1.42353417,1.42353417,1.42353417,1.42353417,1.3253594,1.3253594,1.3253594,1.3253594,1.3253594,1.22718463,1.22718463,1.22718463,1.22718463,1.22718463,1.22718463,1.22718463,1.22718463,1.12900986,1.12900986,1.12900986,1.12900986,1.12900986,1.03083509,1.03083509,1.03083509,1.03083509,1.03083509,0.932660319,0.932660319,0.932660319,0.932660319,0.932660319,0.834485549,0.834485549,0.834485549,0.834485549,0.834485549,0.834485549,0.736310778,0.736310778,0.736310778,0.736310778,0.736310778,0.736310778,0.736310778,0.736310778,0.736310778,0.736310778,0.638136008,0.638136008,0.638136008,0.638136008,0.638136008,0.638136008,0.638136008,0.638136008,0.638136008,0.638136008,0.638136008,0.638136008,0.539961237,0.539961237,0.539961237,0.539961237,0.539961237,0.539961237,0.539961237,0.539961237,0.638136008,0.539961237,0.539961237,0.539961237,0.539961237,0.638136008,0.638136008,0.638136008,0.638136008,0.638136008,0.638136008,0.638136008,0.638136008,0.638136008
100.326236963,C01,AP01,client_to_ap,VHT,2,2,2,80,SU,1,4,122,6637c97e16e6ce8a,1.22718463,1.22718463,1.22718463,1.22718463,1.22718463,1.22718463,1.22718463,1.22718463,1.22718463,1.3253594,1.3253594,1.3253594,1.3253594,1.3253594,1.3253594,1.3253594,1.3253594,1.3253594,1.3253594,1.3253594,1.3253594,1.42353417,1.42353417,1.42353417,1.42353417,1.42353417,1.42353417,1.42353417,1.42353417,1.42353417,1.52170894,1.52170894,1.52170894,1.52170894,1.52170894,1.52170894,1.52170894,1.42353417,1.42353417,1.42353417,1.42353417,1.42353417,1.42353417,1.42353417,1.3253594,1.3253594,1.3253594,1.3253594,1.3253594,1.22718463,1.22718463,1.22718463,1.22718463,1.22718463,1.22718463,1.22718463,1.22718463,1.12900986,1.12900986,1.12900986,1.12900986,1.12900986,1.03083509,1.03083509,1.03083509,1.03083509,0.932660319,0.932660319,0.932660319,0.932660319,0.932660319,0.932660319,0.834485549,0.834485549,0.834485549,0.834485549,0.834485549,0.736310778,0.736310778,0.736310778,0.736310778,0.736310778,0.736310778,0.736310778,0.736310778,0.736310778,0.736310778,0.736310778,0.638136008,0.638136008,0.638136008,0.638136008,0.638136008,0.638136008,0.638136008,0.638136008,0.638136008,0.638136008,0.638136008,0.638136008,0.539961237,0.539961237,0.539961237,0.539961237,0.539961237,0.539961237,0.539961237,0.539961237,0.539961237,0.539961237,0.539961237,0.539961237,0.539961237,0.539961237,0.539961237,0.539961237,0.638136008,0.638136008,0.638136008,0.638136008,0.539961237,0.638136008
101.659534931,C01,AP01,client_to_ap,VHT,2,2,2,80,SU,1,4,122,6637c97e16e6ce8a,1.22718463,1.22718463,1.22718463,1.22718463,1.22718463,1.22718463,1.22718463,1.22718463,1.22718463,1.22718463,1.3253594,1.3253594,1.3253594,1.3253594,1.3253594,1.3253594,1.3253594,1.3253594,1.3253594,1.3253594,1.3253594,1.42353417,1.42353417,1.42353417,1.42353417,1.42353417,1.42353417,1.42353417,1.42353417,1.52170894,1.52170894,1.52170894,1.52170894,1.52170894,1.52170894,1.52170894,1.52170894,1.42353417,1.42353417,1.42353417,1.42353417,1.42353417,1.42353417,1.42353417,1.3253594,1.3253594,1.3253594,1.3253594,1.3253594,1.3253594,1.22718463,1.22718463,1.22718463,1.22718463,1.22718463,1.22718463,1.12900986,1.12900986,1.12900986,1.12900986,1.12900986,1.12900986,1.03083509,1.03083509,1.03083509,1.03083509,0.932660319,0.932660319,0.932660319,0.932660319,0.932660319,0.834485549,0.834485549,0.834485549,0.834485549,0.834485549,0.834485549,0.736310778,0.736310778,0.736310778,0.736310778,0.736310778,0.736310778,0.736310778,0.736310778,0.736310778,0.736310778,0.736310778,0.638136008,0.638136008,0.638136008,0.638136008,0.638136008,0.638136008,0.638136008,0.638136008,0.638136008,0.539961237,0.638136008,0.638136008,0.539961237,0.539961237,0.539961237,0.539961237,0.539961237,0.539961237,0.539961237,0.539961237,0.539961237,0.539961237,0.539961237,0.539961237,0.638136008,0.539961237,0.539961237,0.539961237,0.638136008,0.539961237,0.638136008,0.638136008,0.638136008,0.638136008
102.991681814,C01,AP01,client_to_ap,VHT,2,2,2,80,SU,1,4,122,6637c97e16e6ce8a,1.22718463,1.22718463,1.22718463,1.22718463,1.22718463,1.22718463,1.22718463,1.22718463,1.22718463,1.3253594,1.3253594,1.3253594,1.3253594,1.3253594,1.3253594,1.3253594,1.3253594,1.3253594,1.3253594,1.3253594,1.3253594,1.42353417,1.42353417,1.42353417,1.42353417,1.42353417,1.42353417,1.42353417,1.42353417,1.52170894,1.52170894,1.52170894,1.52170894,1.52170894,1.52170894,1.52170894,1.42353417,1.42353417,1.42353417,1.42353417,1.42353417,1.42353417,1.42353417,1.42353417,1.3253594,1.3253594,1.3253594,1.3253594,1.22718463,1.22718463,1.22718463,1.22718463,1.22718463,1.22718463,1.22718463,1.22718463,1.12900986,1.12900986,1.12900986,1.12900986,1.12900986,1.03083509,1.03083509,1.03083509,1.03083509,1.03083509,0.932660319,0.932660319,0.932660319,0.932660319,0.932660319,0.834485549,0.834485549,0.834485549,0.834485549,0.834485549,0.834485549,0.736310778,0.736310778,0.736310778,0.736310778,0.736310778,0.736310778,0.736310778,0.736310778,0.736310778,0.638136008,0.736310778,0.638136008,0.638136008,0.638136008,0.638136008,0.638136008,0.638136008,0.638136008,0.638136008,0.638136008,0.638136008,0.539961237,0.539961237,0.539961237,0.539961237,0.539961237,0.539961237,0.539961237,0.539961237,0.539961237,0.539961237,0.539961237,0.539961237,0.539961237,0.539961237,0.539961237,0.539961237,0.539961237,0.539961237,0.539961237,0.539961237,0.539961237,0.539961237,0.638136008,0.539961237
104.326320887,C01,AP01,client_to_ap,VHT,2,2,2,80,SU,1,4,122,6637c97e16e6ce8a,1.22718463,1.22718463,1.22718463,1.22718463,1.22718463,1.22718463,1.22718463,1.22718463,1.22718463,1.22718463,1.3253594,1.3253594,1.3253594,1.3253594,1.3253594,1.3253594,1.3253594,1.3253594,1.3253594,1.42353417,1.42353417,1.42353417,1.42353417,1.42353417,1.42353417,1.42353417,1.42353417,1.42353417,1.42353417,1.42353417,1.52170894,1.52170894,1.52170894,1.52170894,1.52170894,1.52170894,1.52170894,1.42353417,1.42353417,1.42353417,1.42353417,1.42353417,1.42353417,1.42353417,1.3253594,1.3253594,1.3253594,1.3253594,1.3253594,1.22718463,1.22718463,1.22718463,1.22718463,1.22718463,1.22718463,1.22718463,1.22718463,1.12900986,1.12900986,1.12900986,1.12900986,1.12900986,1.03083509,1.03083509,1.03083509,1.03083509,0.932660319,0.932660319,0.932660319,0.932660319,0.932660319,0.834485549,0.834485549,0.834485549,0.834485549,0.834485549,0.834485549,0.736310778,0.736310778,0.736310778,0.736310778,0.736310778,0.736310778,0.736310778,0.736310778,0.736310778,0.736310778,0.736310778,0.638136008,0.638136008,0.638136008,0.638136008,0.638136008,0.638136008,0.638136008,0.638136008,0.638136008,0.638136008,0.638136008,0.638136008,0.638136008,0.539961237,0.539961237,0.539961237,0.539961237,0.539961237,0.539961237,0.638136008,0.539961237,0.539961237,0.539961237,0.539961237,0.539961237,0.539961237,0.539961237,0.638136008,0.638136008,0.638136008,0.638136008,0.638136008,0.539961237,0.638136008
105.659186840,C01,AP01,client_to_ap,VHT,2,2,2,80,SU,1,4,122,6637c97e16e6ce8a,1.22718463,1.22718463,1.22718463,1.22718463,1.22718463,1.22718463,1.22718463,1.22718463,1.22718463,1.3253594,1.3253594,1.3253594,1.3253594,1.3253594,1.3253594,1.3253594,1.3253594,1.3253594,1.3253594,1.3253594,1.42353417,1.42353417,1.42353417,1.42353417,1.42353417,1.42353417,1.42353417,1.42353417,1.42353417,1.42353417,1.52170894,1.52170894,1.52170894,1.52170894,1.52170894,1.52170894,1.52170894,1.42353417,1.42353417,1.42353417,1.42353417,1.42353417,1.42353417,1.42353417,1.3253594,1.3253594,1.3253594,1.3253594,1.3253594,1.22718463,1.3253594,1.22718463,1.22718463,1.22718463,1.22718463,1.22718463,1.12900986,1.12900986,1.12900986,1.12900986,1.12900986,1.12900986,1.03083509,1.03083509,1.03083509,1.03083509,0.932660319,0.932660319,0.932660319,0.932660319,0.932660319,0.932660319,0.834485549,0.834485549,0.834485549,0.834485549,0.834485549,0.834485549,0.736310778,0.736310778,0.736310778,0.736310778,0.736310778,0.736310778,0.736310778,0.736310778,0.736310778,0.736310778,0.638136008,0.638136008,0.638136008,0.638136008,0.638136008,0.638136008,0.638136008,0.638136008,0.638136008,0.638136008,0.638136008,0.638136008,0.638136008,0.539961237,0.539961237,0.539961237,0.539961237,0.539961237,0.539961237,0.539961237,0.539961237,0.539961237,0.539961237,0.539961237,0.539961237,0.539961237,0.638136008,0.539961237,0.638136008,0.638136008,0.638136008,0.638136008,0.638136008,0.539961237
106.992299795,C01,AP01,client_to_ap,VHT,2,2,2,80,SU,1,4,122,6637c97e16e6ce8a,1.22718463,1.22718463,1.22718463,1.22718463,1.22718463,1.22718463,1.22718463,1.22718463,1.22718463,1.3253594,1.3253594,1.3253594,1.3253594,1.3253594,1.3253594,1.3253594,1.3253594,1.3253594,1.3253594,1.3253594,1.42353417,1.42353417,1.42353417,1.42353417,1.42353417,1.42353417,1.42353417,1.42353417,1.42353417,1.52170894,1.52170894,1.52170894,1.52170894,1.52170894,1.52170894,1.52170894,1.42353417,1.42353417,1.42353417,1.42353417,1.42353417,1.42353417,1.42353417,1.42353417,1.42353417,1.3253594,1.3253594,1.3253594,1.3253594,1.22718463,1.22718463,1.22718463,1.22718463,1.22718463,1.22718463,1.22718463,1.22718463,1.12900986,1.12900986,1.12900986,1.12900986,1.12900986,1.03083509,1.03083509,1.03083509,1.03083509,0.932660319,0.932660319,0.932660319,0.932660319,0.932660319,0.834485549,0.834485549,0.834485549,0.834485549,0.834485549,0.834485549,0.834485549,0.736310778,0.736310778,0.736310778,0.736310778,0.736310778,0.736310778,0.736310778,0.736310778,0.736310778,0.736310778,0.638136008,0.638136008,0.638136008,0.638136008,0.638136008,0.638136008,0.638136008,0.638136008,0.638136008,0.638136008,0.638136008,0.539961237,0.638136008,0.539961237,0.539961237,0.539961237,0.638136008,0.539961237,0.539961237,0.539961237,0.539961237,0.539961237,0.539961237,0.539961237,0.539961237,0.539961237,0.539961237,0.638136008,0.638136008,0.638136008,0.638136008,0.638136008,0.638136008,0.638136008
108.325677872,C01,AP01,client_to_ap,VHT,2,2,2,80,SU,1,4,122,6637c97e16e6ce8a,1.22718463,1.22718463,1.22718463,1.22718463,1.22718463,1.22718463,1.22718463,1.22718463,1.22718463,1.3253594,1.3253594,1.3253594,1.3253594,1.3253594,1.3253594,1.3253594,1.3253594,1.3253594,1.3253594,1.3253594,1.42353417,1.42353417,1.42353417,1.42353417,1.42353417,1.42353417,1.42353417,1.42353417,1.42353417,1.52170894,1.52170894,1.52170894,1.52170894,1.52170894,1.52170894,1.52170894,1.52170894,1.42353417,1.42353417,1.42353417,1.42353417,1.42353417,1.42353417,1.42353417,1.3253594,1.3253594,1.3253594,1.3253594,1.3253594,1.22718463,1.22718463,1.22718463,1.22718463,1.22718463,1.22718463,1.22718463,1.22718463,1.12900986,1.12900986,1.12900986,1.12900986,1.12900986,1.03083509,1.03083509,1.03083509,1.03083509,0.932660319,0.932660319,0.932660319,0.932660319,0.932660319,0.932660319,0.834485549,0.834485549,0.834485549,0.834485549,0.834485549,0.834485549,0.736310778,0.736310778,0.736310778,0.736310778,0.736310778,0.736310778,0.736310778,0.736310778,0.736310778,0.736310778,0.638136008,0.638136008,0.638136008,0.638136008,0.638136008,0.638136008,0.638136008,0.638136008,0.638136008,0.638136008,0.539961237,0.638136008,0.638136008,0.539961237,0.638136008,0.539961237,0.539961237,0.539961237,0.539961237,0.539961237,0.539961237,0.539961237,0.539961237,0.539961237,0.539961237,0.539961237,0.539961237,0.539961237,0.638136008,0.539961237,0.638136008,0.638136008,0.638136008,0.539961237
109.658978939,C01,AP01,client_to_ap,VHT,2,2,2,80,SU,1,4,122,6637c97e16e6ce8a,1.22718463,1.22718463,1.22718463,1.22718463,1.22718463,1.22718463,1.22718463,1.22718463,1.22718463,1.3253594,1.3253594,1.3253594,1.3253594,1.3253594,1.3253594,1.3253594,1.3253594,1.3253594,1.3253594,1.3253594,1.42353417,1.42353417,1.42353417,1.42353417,1.42353417,1.42353417,1.42353417,1.42353417,1.42353417,1.42353417,1.52170894,1.52170894,1.52170894,1.52170894,1.52170894,1.52170894,1.52170894,1.42353417,1.42353417,1.42353417,1.42353417,1.42353417,1.42353417,1.42353417,1.3253594,1.3253594,1.3253594,1.3253594,1.3253594,1.22718463,1.22718463,1.22718463,1.22718463,1.22718463,1.22718463,1.22718463,1.22718463,1.12900986,1.12900986,1.12900986,1.12900986,1.03083509,1.03083509,1.03083509,1.03083509,1.03083509,1.03083509,0.932660319,0.932660319,0.932660319,0.932660319,0.932660319,0.834485549,0.834485549,0.834485549,0.834485549,0.834485549,0.736310778,0.736310778,0.736310778,0.736310778,0.736310778,0.736310778,0.736310778,0.736310778,0.736310778,0.736310778,0.736310778,0.638136008,0.638136008,0.638136008,0.638136008,0.638136008,0.638136008,0.638136008,0.638136008,0.638136008,0.638136008,0.638136008,0.638136008,0.638136008,0.539961237,0.539961237,0.539961237,0.539961237,0.539961237,0.539961237,0.539961237,0.539961237,0.539961237,0.539961237,0.638136008,0.539961237,0.539961237,0.539961237,0.638136008,0.539961237,0.638136008,0.638136008,0.638136008,0.638136008,0.539961237
110.990638971,C01,AP01,client_to_ap,VHT,2,2,2,80,SU,1,4,122,6637c97e16e6ce8a,1.22718463,1.22718463,1.22718463,1.22718463,1.22718463,1.22718463,1.22718463,1.3253594,1.22718463,1.3253594,1.3253594,1.3253594,1.3253594,1.3253594,1.3253594,1.3253594,1.3253594,1.3253594,1.3253594,1.3253594,1.42353417,1.42353417,1.42353417,1.42353417,1.42353417,1.42353417,1.42353417,1.42353417,1.42353417,1.52170894,1.52170894,1.52170894,1.52170894,1.52170894,1.52170894,1.52170894,1.52170894,1.42353417,1.42353417,1.42353417,1.42353417,1.42353417,1.42353417,1.42353417,1.3253594,1.3253594,1.3253594,1.3253594,1.22718463,1.3253594,1.22718463,1.22718463,1.22718463,1.22718463,1.22718463,1.22718463,1.12900986,1.12900986,1.12900986,1.12900986,1.12900986,1.03083509,1.03083509,1.03083509,1.03083509,1.03083509,1.03083509,0.932660319,0.932660319,0.932660319,0.932660319,0.932660319,0.834485549,0.834485549,0.834485549,0.834485549,0.834485549,0.834485549,0.736310778,0.736310778,0.736310778,0.736310778,0.736310778,0.736310778,0.736310778,0.736310778,0.638136008,0.736310778,0.638136008,0.638136008,0.638136008,0.638136008,0.638136008,0.638136008,0.638136008,0.638136008,0.638136008,0.638136008,0.638136008,0.539961237,0.638136008,0.539961237,0.539961237,0.539961237,0.539961237,0.539961237,0.539961237,0.539961237,0.539961237,0.539961237,0.539961237,0.539961237,0.638136008,0.539961237,0.539961237,0.539961237,0.638136008,0.638136008,0.638136008,0.638136008,0.638136008,0.638136008
112.325938940,C01,AP01,client_to_ap,VHT,2,2,2,80,SU,1,4,122,6637c97e16e6ce8a,1.22718463,1.22718463,1.22718463,1.22718463,1.22718463,1.22718463,1.22718463,1.22718463,1.3253594,1.3253594,1.3253594,1.3253594,1.3253594,1.3253594,1.3253594,1.3253594,1.3253594,1.3253594,1.3253594,1.3253594,1.3253594,1.42353417,1.42353417,1.42353417,1.42353417,1.42353417,1.42353417,1.42353417,1.42353417,1.52170894,1.52170894,1.52170894,1.52170894,1.52170894,1.52170894,1.52170894,1.52170894,1.42353417,1.42353417,1.42353417,1.42353417,1.42353417,1.42353417,1.42353417,1.3253594,1.3253594,1.3253594,1.3253594,1.3253594,1.3253594,1.22718463,1.22718463,1.22718463,1.22718463,1.22718463,1.22718463,1.12900986,1.12900986,1.12900986,1.12900986,1.12900986,1.03083509,1.03083509,1.03083509,1.03083509,1.03083509,0.932660319,0.932660319,0.932660319,0.932660319,0.932660319,0.932660319,0.834485549,0.834485549,0.834485549,0.834485549,0.834485549,0.736310778,0.736310778,0.736310778,0.736310778,0.736310778,0.736310778,0.736310778,0.736310778,0.736310778,0.736310778,0.638136008,0.638136008,0.638136008,0.638136008,0.638136008,0.638136008,0.638136008,0.638136008,0.638136008,0.638136008,0.638136008,0.539961237,0.539961237,0.539961237,0.539961237,0.539961237,0.539961237,0.539961237,0.539961237,0.539961237,0.539961237,0.539961237,0.539961237,0.539961237,0.539961237,0.539961237,0.539961237,0.539961237,0.539961237,0.539961237,0.539961237,0.638136008,0.539961237,0.638136008,0.539961237
113.658296824,C01,AP01,client_to_ap,VHT,2,2,2,80,SU,1,4,122,6637c97e16e6ce8a,1.22718463,1.22718463,1.22718463,1.22718463,1.22718463,1.22718463,1.22718463,1.22718463,1.3253594,1.3253594,1.3253594,1.3253594,1.3253594,1.3253594,1.3253594,1.3253594,1.3253594,1.3253594,1.3253594,1.3253594,1.42353417,1.42353417,1.42353417,1.42353417,1.42353417,1.42353417,1.42353417,1.42353417,1.42353417,1.42353417,1.52170894,1.52170894,1.52170894,1.52170894,1.52170894,1.52170894,1.52170894,1.42353417,1.42353417,1.42353417,1.42353417,1.42353417,1.42353417,1.42353417,1.42353417,1.3253594,1.3253594,1.3253594,1.3253594,1.22718463,1.22718463,1.22718463,1.22718463,1.22718463,1.22718463,1.22718463,1.22718463,1.12900986,1.12900986,1.12900986,1.12900986,1.12900986,1.03083509,1.03083509,1.03083509,1.03083509,0.932660319,0.932660319,0.932660319,0.932660319,0.932660319,0.932660319,0.834485549,0.834485549,0.834485549,0.834485549,0.834485549,0.736310778,0.736310778,0.736310778,0.736310778,0.736310778,0.736310778,0.736310778,0.736310778,0.736310778,0.736310778,0.736310778,0.638136008,0.638136008,0.638136008,0.638136008,0.638136008,0.638136008,0.638136008,0.638136008,0.638136008,0.638136008,0.638136008,0.638136008,0.539961237,0.539961237,0.638136008,0.539961237,0.539961237,0.539961237,0.539961237,0.638136008,0.539961237,0.539961237,0.539961237,0.539961237,0.539961237,0.539961237,0.638136008,0.638136008,0.539961237,0.539961237,0.638136008,0.638136008,0.638136008,0.539961237
114.990650892,C01,AP01,client_to_ap,VHT,2,2,2,80,SU,1,4,122,6637c97e16e6ce8a,1.22718463,1.22718463,1.22718463,1.22718463,1.22718463,1.22718463,1.22718463,1.22718463,1.22718463,1.3253594,1.3253594,1.3253594,1.3253594,1.3253594,1.3253594,1.3253594,1.3253594,1.3253594,1.3253594,1.3253594,1.3253594,1.42353417,1.42353417,1.42353417,1.42353417,1.42353417,1.42353417,1.42353417,1.42353417,1.42353417,1.52170894,1.52170894,1.52170894,1.52170894,1.52170894,1.52170894,1.52170894,1.42353417,1.42353417,1.42353417,1.42353417,1.42353417,1.42353417,1.3253594,1.3253594,1.3253594,1.3253594,1.3253594,1.3253594,1.22718463,1.22718463,1.22718463,1.22718463,1.22718463,1.22718463,1.22718463,1.12900986,1.12900986,1.12900986,1.12900986,1.12900986,1.12900986,1.03083509,1.03083509,1.03083509,1.03083509,1.03083509,0.932660319,0.932660319,0.932660319,0.932660319,0.932660319,0.834485549,0.834485549,0.834485549,0.834485549,0.834485549,0.834485549,0.736310778,0.736310778,0.736310778,0.736310778,0.736310778,0.736310778,0.736310778,0.736310778,0.736310778,0.736310778,0.638136008,0.638136008,0.638136008,0.638136008,0.638136008,0.638136008,0.638136008,0.638136008,0.638136008,0.638136008,0.638136008,0.539961237,0.539961237,0.539961237,0.539961237,0.539961237,0.539961237,0.539961237,0.539961237,0.539961237,0.539961237,0.539961237,0.539961237,0.539961237,0.539961237,0.539961237,0.638136008,0.539961237,0.539961237,0.638136008,0.638136008,0.638136008,0.539961237,0.638136008
116.326490879,C01,AP01,client_to_ap,VHT,2,2,2,80,SU,1,4,122,6637c97e16e6ce8a,1.22718463,1.22718463,1.22718463,1.22718463,1.22718463,1.22718463,1.22718463,1.22718463,1.22718463,1.3253594,1.3253594,1.3253594,1.3253594,1.3253594,1.3253594,1.3253594,1.3253594,1.3253594,1.3253594,1.42353417,1.3253594,1.42353417,1.42353417,1.42353417,1.42353417,1.42353417,1.42353417,1.42353417,1.42353417,1.52170894,1.52170894,1.52170894,1.52170894,1.52170894,1.52170894,1.52170894,1.52170894,1.42353417,1.42353417,1.42353417,1.42353417,1.42353417,1.42353417,1.42353417,1.3253594,1.3253594,1.3253594,1.3253594,1.3253594,1.3253594,1.22718463,1.22718463,1.22718463,1.22718463,1.22718463,1.22718463,1.22718463,1.12900986,1.12900986,1.12900986,1.12900986,1.03083509,1.03083509,1.03083509,1.03083509,1.03083509,1.03083509,0.932660319,0.932660319,0.932660319,0.932660319,0.932660319,0.834485549,0.834485549,0.834485549,0.834485549,0.834485549,0.834485549,0.736310778,0.834485549,0.736310778,0.736310778,0.736310778,0.736310778,0.736310778,0.736310778,0.736310778,0.736310778,0.638136008,0.638136008,0.638136008,0.638136008,0.638136008,0.638136008,0.638136008,0.638136008,0.638136008,0.638136008,0.638136008,0.539961237,0.539961237,0.539961237,0.539961237,0.638136008,0.539961237,0.539961237,0.539961237,0.539961237,0.539961237,0.539961237,0.539961237,0.638136008,0.539961237,0.539961237,0.638136008,0.539961237,0.539961237,0.638136008,0.638136008,0.638136008,0.638136008,0.638136008
117.657694817,C01,AP01,client_to_ap,VHT,2,2,2,80,SU,1,4,122,6637c97e16e6ce8a,1.22718463,1.22718463,1.22718463,1.22718463,1.22718463,1.22718463,1.22718463,1.22718463,1.22718463,1.3253594,1.3253594,1.3253594,1.3253594,1.3253594,1.3253594,1.3253594,1.3253594,1.3253594,1.3253594,1.3253594,1.3253594,1.42353417,1.42353417,1.42353417,1.42353417,1.42353417,1.42353417,1.42353417,1.42353417,1.52170894,1.52170894,1.52170894,1.52170894,1.52170894,1.52170894,1.52170894,1.42353417,1.42353417,1.42353417,1.42353417,1.42353417,1.42353417,1.42353417,1.42353417,1.42353417,1.3253594,1.3253594,1.3253594,1.3253594,1.22718463,1.22718463,1.22718463,1.22718463,1.22718463,1.22718463,1.22718463,1.22718463,1.12900986,1.12900986,1.12900986,1.12900986,1.12900986,1.03083509,1.03083509,1.03083509,1.03083509,1.03083509,0.932660319,0.932660319,0.932660319,0.932660319,0.932660319,0.834485549,0.834485549,0.834485549,0.834485549,0.834485549,0.834485549,0.736310778,0.736310778,0.736310778,0.736310778,0.736310778,0.736310778,0.736310778,0.736310778,0.736310778,0.736310778,0.638136008,0.638136008,0.638136008,0.638136008,0.638136008,0.638136008,0.638136008,0.638136008,0.638136008,0.638136008,0.638136008,0.638136008,0.638136008,0.539961237,0.539961237,0.539961237,0.539961237,0.539961237,0.539961237,0.539961237,0.539961237,0.539961237,0.638136008,0.638136008,0.638136008,0.638136008,0.638136008,0.638136008,0.638136008,0.638136008,0.638136008,0.539961237,0.638136008,0.638136008
118.990131855,C01,AP01,client_to_ap,VHT,2,2,2,80,SU,1,4,122,6637c97e16e6ce8a,1.22718463,1.22718463,1.22718463,1.22718463,1.22718463,1.22718463,1.22718463,1.22718463,1.22718463,1.3253594,1.3253594,1.3253594,1.3253594,1.3253594,1.3253594,1.3253594,1.3253594,1.3253594,1.3253594,1.42353417,1.42353417,1.42353417,1.42353417,1.42353417,1.42353417,1.42353417,1.42353417,1.42353417,1.42353417,1.52170894,1.52170894,1.52170894,1.52170894,1.52170894,1.52170894,1.52170894,1.52170894,1.42353417,1.42353417,1.42353417,1.42353417,1.42353417,1.42353417,1.42353417,1.42353417,1.3253594,1.3253594,1.3253594,1.3253594,1.22718463,1.22718463,1.22718463,1.22718463,1.22718463,1.22718463,1.22718463,1.12900986,1.12900986,1.12900986,1.12900986,1.12900986,1.12900986,1.03083509,1.03083509,1.03083509,1.03083509,1.03083509,0.932660319,0.932660319,0.932660319,0.932660319,0.932660319,0.834485549,0.834485549,0.834485549,0.834485549,0.834485549,0.736310778,0.736310778,0.736310778,0.736310778,0.736310778,0.736310778,0.736310778,0.736310778,0.736310778,0.736310778,0.736310778,0.638136008,0.638136008,0.638136008,0.638136008,0.638136008,0.638136008,0.638136008,0.638136008,0.638136008,0.638136008,0.638136008,0.638136008,0.638136008,0.539961237,0.539961237,0.539961237,0.638136008,0.539961237,0.539961237,0.539961237,0.539961237,0.539961237,0.638136008,0.638136008,0.539961237,0.539961237,0.539961237,0.638136008,0.638136008,0.638136008,0.638136008,0.638136008,0.638136008,0.638136008
120.325966835,C01,AP01,client_to_ap,VHT,2,2,2,80,SU,1,4,122,6637c97e16e6ce8a,1.22718463,1.22718463,1.22718463,1.22718463,1.22718463,1.22718463,1.22718463,1.22718463,1.3253594,1.3253594,1.3253594,1.3253594,1.3253594,1.3253594,1.3253594,1.3253594,1.3253594,1.3253594,1.3253594,1.3253594,1.3253594,1.42353417,1.42353417,1.42353417,1.42353417,1.42353417,1.42353417,1.42353417,1.42353417,1.42353417,1.52170894,1.52170894,1.52170894,1.52170894,1.52170894,1.52170894,1.42353417,1.42353417,1.42353417,1.42353417,1.42353417,1.42353417,1.42353417,1.42353417,1.3253594,1.3253594,1.3253594,1.3253594,1.3253594,1.22718463,1.22718463,1.22718463,1.22718463,1.22718463,1.22718463,1.22718463,1.12900986,1.22718463,1.12900986,1.12900986,1.12900986,1.12900986,1.03083509,1.03083509,1.03083509,1.03083509,0.932660319,0.932660319,0.932660319,0.932660319,0.932660319,0.834485549,0.834485549,0.834485549,0.834485549,0.834485549,0.834485549,0.736310778,0.736310778,0.736310778,0.736310778,0.736310778,0.736310778,0.736310778,0.736310778,0.736310778,0.736310778,0.736310778,0.638136008,0.638136008,0.638136008,0.638136008,0.638136008,0.638136008,0.638136008,0.638136008,0.638136008,0.638136008,0.638136008,0.539961237,0.539961237,0.539961237,0.539961237,0.539961237,0.638136008,0.539961237,0.539961237,0.539961237,0.539961237,0.539961237,0.539961237,0.638136008,0.539961237,0.539961237,0.539961237,0.638136008,0.638136008,0.638136008,0.539961237,0.539961237,0.638136008,0.638136008
121.657971859,C01,AP01,client_to_ap,VHT,2,2,2,80,SU,1,4,122,6637c97e16e6ce8a,1.22718463,1.22718463,1.22718463,1.22718463,1.22718463,1.22718463,1.22718463,1.22718463,1.22718463,1.3253594,1.3253594,1.3253594,1.3253594,1.3253594,1.3253594,1.3253594,1.3253594,1.3253594,1.3253594,1.3253594,1.3253594,1.42353417,1.42353417,1.42353417,1.42353417,1.42353417,1.42353417,1.42353417,1.42353417,1.52170894,1.52170894,1.52170894,1.52170894,1.52170894,1.52170894,1.52170894,1.52170894,1.42353417,1.42353417,1.42353417,1.42353417,1.42353417,1.42353417,1.42353417,1.3253594,1.3253594,1.3253594,1.3253594,1.3253594,1.3253594,1.22718463,1.22718463,1.22718463,1.22718463,1.22718463,1.22718463,1.22718463,1.12900986,1.12900986,1.12900986,1.12900986,1.12900986,1.03083509,1.03083509,1.03083509,1.03083509,1.03083509,0.932660319,0.932660319,0.932660319,0.932660319,0.932660319,0.834485549,0.834485549,0.834485549,0.834485549,0.834485549,0.736310778,0.736310778,0.736310778,0.736310778,0.736310778,0.736310778,0.736310778,0.736310778,0.736310778,0.736310778,0.736310778,0.638136008,0.638136008,0.638136008,0.638136008,0.638136008,0.638136008,0.638136008,0.638136008,0.638136008,0.638136008,0.638136008,0.638136008,0.539961237,0.539961237,0.539961237,0.539961237,0.539961237,0.539961237,0.539961237,0.539961237,0.539961237,0.539961237,0.539961237,0.638136008,0.539961237,0.539961237,0.539961237,0.638136008,0.539961237,0.539961237,0.638136008,0.539961237,0.638136008,0.638136008
122.991070986,C01,AP01,client_to_ap,VHT,2,2,2,80,SU,1,4,122,6637c97e16e6ce8a,1.22718463,1.22718463,1.22718463,1.22718463,1.22718463,1.22718463,1.22718463,1.22718463,1.22718463,1.3253594,1.3253594,1.3253594,1.3253594,1.3253594,1.3253594,1.3253594,1.3253594,1.3253594,1.3253594,1.3253594,1.42353417,1.42353417,1.42353417,1.42353417,1.42353417,1.42353417,1.42353417,1.42353417,1.42353417,1.52170894,1.52170894,1.52170894,1.52170894,1.52170894,1.52170894,1.52170894,1.42353417,1.42353417,1.42353417,1.42353417,1.42353417,1.42353417,1.42353417,1.42353417,1.3253594,1.3253594,1.3253594,1.3253594,1.3253594,1.22718463,1.22718463,1.22718463,1.22718463,1.22718463,1.22718463,1.22718463,1.12900986,1.12900986,1.12900986,1.12900986,1.12900986,1.03083509,1.03083509,1.03083509,1.03083509,1.03083509,0.932660319,0.932660319,0.932660319,0.932660319,0.932660319,0.834485549,0.834485549,0.834485549,0.834485549,0.834485549,0.834485549,0.736310778,0.736310778,0.736310778,0.736310778,0.736310778,0.736310778,0.736310778,0.736310778,0.736310778,0.638136008,0.638136008,0.638136008,0.638136008,0.638136008,0.638136008,0.638136008,0.638136008,0.638136008,0.638136008,0.638136008,0.539961237,0.539961237,0.539961237,0.539961237,0.539961237,0.539961237,0.539961237,0.539961237,0.539961237,0.539961237,0.539961237,0.539961237,0.539961237,0.539961237,0.539961237,0.539961237,0.539961237,0.539961237,0.539961237,0.539961237,0.539961237,0.539961237,0.539961237,0.539961237,0.539961237
124.325866938,C01,AP01,client_to_ap,VHT,2,2,2,80,SU,1,4,122,6637c97e16e6ce8a,1.22718463,1.22718463,1.22718463,1.22718463,1.22718463,1.22718463,1.22718463,1.22718463,1.22718463,1.3253594,1.3253594,1.3253594,1.3253594,1.3253594,1.3253594,1.3253594,1.3253594,1.3253594,1.3253594,1.3253594,1.3253594,1.42353417,1.42353417,1.42353417,1.42353417,1.42353417,1.42353417,1.42353417,1.42353417,1.52170894,1.52170894,1.52170894,1.52170894,1.52170894,1.52170894,1.52170894,1.42353417,1.42353417,1.42353417,1.42353417,1.42353417,1.42353417,1.42353417,1.42353417,1.3253594,1.3253594,1.3253594,1.3253594,1.22718463,1.22718463,1.22718463,1.22718463,1.22718463,1.22718463,1.22718463,1.22718463,1.12900986,1.12900986,1.12900986,1.12900986,1.12900986,1.03083509,1.03083509,1.03083509,1.03083509,1.03083509,0.932660319,0.932660319,0.932660319,0.932660319,0.932660319,0.834485549,0.834485549,0.834485549,0.834485549,0.834485549,0.834485549,0.736310778,0.736310778,0.736310778,0.736310778,0.736310778,0.736310778,0.736310778,0.736310778,0.736310778,0.736310778,0.638136008,0.638136008,0.638136008,0.638136008,0.638136008,0.638136008,0.638136008,0.638136008,0.638136008,0.638136008,0.539961237,0.539961237,0.539961237,0.539961237,0.539961237,0.539961237,0.539961237,0.539961237,0.539961237,0.539961237,0.539961237,0.539961237,0.539961237,0.539961237,0.539961237,0.539961237,0.539961237,0.539961237,0.539961237,0.539961237,0.539961237,0.638136008,0.638136008,0.539961237,0.638136008
125.658723831,C01,AP01,client_to_ap,VHT,2,2,2,80,SU,1,4,122,6637c97e16e6ce8a,1.22718463,1.22718463,1.22718463,1.22718463,1.22718463,1.22718463,1.22718463,1.22718463,1.3253594,1.3253594,1.3253594,1.3253594,1.3253594,1.3253594,1.3253594,1.3253594,1.3253594,1.3253594,1.3253594,1.3253594,1.42353417,1.42353417,1.42353417,1.42353417,1.42353417,1.42353417,1.42353417,1.42353417,1.42353417,1.42353417,1.52170894,1.52170894,1.52170894,1.52170894,1.52170894,1.52170894,1.52170894,1.42353417,1.42353417,1.42353417,1.42353417,1.42353417,1.42353417,1.42353417,1.3253594,1.3253594,1.3253594,1.3253594,1.3253594,1.22718463,1.22718463,1.22718463,1.22718463,1.22718463,1.22718463,1.22718463,1.22718463,1.12900986,1.12900986,1.12900986,1.12900986,1.12900986,1.03083509,1.03083509,1.03083509,1.03083509,1.03083509,0.932660319,0.932660319,0.932660319,0.932660319,0.932660319,0.834485549,0.834485549,0.834485549,0.834485549,0.834485549,0.736310778,0.736310778,0.736310778,0.736310778,0.736310778,0.736310778,0.736310778,0.736310778,0.736310778,0.736310778,0.736310778,0.638136008,0.638136008,0.638136008,0.638136008,0.638136008,0.638136008,0.638136008,0.638136008,0.638136008,0.638136008,0.638136008,0.638136008,0.539961237,0.638136008,0.539961237,0.539961237,0.539961237,0.539961237,0.539961237,0.539961237,0.539961237,0.539961237,0.539961237,0.539961237,0.539961237,0.539961237,0.638136008,0.638136008,0.539961237,0.539961237,0.638136008,0.638136008,0.638136008,0.638136008
126.990266800,C01,AP01,client_to_ap,VHT,2,2,2,80,SU,1,4,122,6637c97e16e6ce8a,1.22718463,1.22718463,1.22718463,1.22718463,1.22718463,1.22718463,1.22718463,1.22718463,1.22718463,1.3253594,1.3253594,1.3253594,1.3253594,1.3253594,1.3253594,1.3253594,1.3253594,1.3253594,1.3253594,1.3253594,1.3253594,1.42353417,1.42353417,1.42353417,1.42353417,1.42353417,1.42353417,1.42353417,1.42353417,1.52170894,1.52170894,1.52170894,1.52170894,1.52170894,1.52170894,1.52170894,1.42353417,1.42353417,1.42353417,1.42353417,1.42353417,1.42353417,1.42353417,1.42353417,1.3253594,1.3253594,1.3253594,1.3253594,1.3253594,1.22718463,1.22718463,1.22718463,1.22718463,1.22718463,1.22718463,1.22718463,1.22718463,1.12900986,1.12900986,1.12900986,1.12900986,1.12900986,1.03083509,1.03083509,1.03083509,1.03083509,0.932660319,0.932660319,0.932660319,0.932660319,0.932660319,0.932660319,0.834485549,0.834485549,0.834485549,0.834485549,0.834485549,0.834485549,0.736310778,0.736310778,0.736310778,0.736310778,0.736310778,0.736310778,0.736310778,0.736310778,0.736310778,0.736310778,0.638136008,0.638136008,0.638136008,0.638136008,0.638136008,0.638136008,0.638136008,0.638136008,0.638136008,0.638136008,0.638136008,0.539961237,0.539961237,0.539961237,0.539961237,0.539961237,0.539961237,0.539961237,0.539961237,0.539961237,0.638136008,0.539961237,0.539961237,0.539961237,0.539961237,0.638136008,0.638136008,0.539961237,0.638136008,0.539961237,0.638136008,0.539961237,0.638136008,0.638136008
128.326769829,C01,AP01,client_to_ap,VHT,2,2,2,80,SU,1,4,122,6637c97e16e6ce8a,1.22718463,1.22718463,1.22718463,1.22718463,1.22718463,1.22718463,1.22718463,1.22718463,1.3253594,1.3253594,1.3253594,1.3253594,1.3253594,1.3253594,1.3253594,1.3253594,1.3253594,1.3253594,1.3253594,1.3253594,1.42353417,1.42353417,1.42353417,1.42353417,1.42353417,1.42353417,1.42353417,1.42353417,1.42353417,1.52170894,1.52170894,1.52170894,1.52170894,1.52170894,1.52170894,1.52170894,1.52170894,1.42353417,1.42353417,1.42353417,1.42353417,1.42353417,1.42353417,1.42353417,1.3253594,1.3253594,1.3253594,1.3253594,1.3253594,1.22718463,1.22718463,1.22718463,1.22718463,1.22718463,1.22718463,1.22718463,1.12900986,1.12900986,1.12900986,1.12900986,1.12900986,1.03083509,1.03083509,1.03083509,1.03083509,1.03083509,0.932660319,0.932660319,0.932660319,0.932660319,0.932660319,0.932660319,0.834485549,0.834485549,0.834485549,0.834485549,0.834485549,0.834485549,0.736310778,0.736310778,0.736310778,0.736310778,0.736310778,0.736310778,0.736310778,0.736310778,0.736310778,0.736310778,0.638136008,0.638136008,0.638136008,0.638136008,0.638136008,0.638136008,0.638136008,0.638136008,0.638136008,0.638136008,0.539961237,0.539961237,0.539961237,0.539961237,0.539961237,0.539961237,0.539961237,0.539961237,0.539961237,0.539961237,0.539961237,0.539961237,0.539961237,0.539961237,0.539961237,0.539961237,0.539961237,0.638136008,0.638136008,0.638136008,0.638136008,0.638136008,0.539961237,0.638136008
129.658238888,C01,AP01,client_to_ap,VHT,2,2,2,80,SU,1,4,122,6637c97e16e6ce8a,1.22718463,1.22718463,1.22718463,1.22718463,1.22718463,1.22718463,1.22718463,1.22718463,1.3253594,1.3253594,1.3253594,1.3253594,1.3253594,1.3253594,1.3253594,1.3253594,1.3253594,1.3253594,1.3253594,1.3253594,1.42353417,1.42353417,1.42353417,1.42353417,1.42353417,1.42353417,1.42353417,1.42353417,1.42353417,1.52170894,1.52170894,1.52170894,1.52170894,1.52170894,1.52170894,1.52170894,1.52170894,1.42353417,1.42353417,1.42353417,1.42353417,1.42353417,1.42353417,1.42353417,1.3253594,1.3253594,1.3253594,1.3253594,1.3253594,1.22718463,1.22718463,1.22718463,1.22718463,1.22718463,1.22718463,1.22718463,1.12900986,1.12900986,1.12900986,1.12900986,1.12900986,1.12900986,1.03083509,1.03083509,1.03083509,1.03083509,0.932660319,0.932660319,0.932660319,0.932660319,0.932660319,0.932660319,0.834485549,0.834485549,0.834485549,0.834485549,0.834485549,0.736310778,0.736310778,0.736310778,0.736310778,0.736310778,0.736310778,0.736310778,0.736310778,0.736310778,0.736310778,0.638136008,0.638136008,0.638136008,0.638136008,0.638136008,0.638136008,0.638136008,0.638136008,0.638136008,0.638136008,0.539961237,0.638136008,0.539961237,0.539961237,0.539961237,0.539961237,0.539961237,0.638136008,0.539961237,0.539961237,0.539961237,0.539961237,0.539961237,0.539961237,0.539961237,0.539961237,0.539961237,0.539961237,0.539961237,0.539961237,0.638136008,0.539961237,0.638136008,0.638136008,0.539961237
130.990027905,C01,AP01,client_to_ap,VHT,2,2,2,80,SU,1,4,122,6637c97e16e6ce8a,1.22718463,1.22718463,1.22718463,1.22718463,1.22718463,1.22718463,1.22718463,1.22718463,1.22718463,1.3253594,1.3253594,1.3253594,1.3253594,1.3253594,1.3253594,1.3253594,1.3253594,1.3253594,1.3253594,1.3253594,1.3253594,1.42353417,1.42353417,1.42353417,1.42353417,1.42353417,1.42353417,1.42353417,1.52170894,1.42353417,1.52170894,1.52170894,1.52170894,1.52170894,1.52170894,1.42353417,1.52170894,1.42353417,1.42353417,1.42353417,1.42353417,1.42353417,1.42353417,1.42353417,1.3253594,1.3253594,1.3253594,1.3253594,1.3253594,1.22718463,1.22718463,1.22718463,1.22718463,1.22718463,1.22718463,1.22718463,1.22718463,1.12900986,1.12900986,1.12900986,1.12900986,1.03083509,1.03083509,1.03083509,1.03083509,1.03083509,0.932660319,0.932660319,0.932660319,0.932660319,0.932660319,0.834485549,0.834485549,0.834485549,0.834485549,0.834485549,0.834485549,0.834485549,0.736310778,0.736310778,0.736310778,0.736310778,0.736310778,0.736310778,0.736310778,0.736310778,0.736310778,0.736310778,0.638136008,0.638136008,0.638136008,0.638136008,0.638136008,0.638136008,0.638136008,0.638136008,0.638136008,0.638136008,0.638136008,0.638136008,0.539961237,0.539961237,0.539961237,0.539961237,0.638136008,0.539961237,0.539961237,0.539961237,0.539961237,0.539961237,0.539961237,0.539961237,0.539961237,0.539961237,0.539961237,0.539961237,0.638136008,0.638136008,0.638136008,0.638136008,0.638136008,0.638136008
132.326186895,C01,AP01,client_to_ap,VHT,2,2,2,80,SU,1,4,122,6637c97e16e6ce8a,1.22718463,1.22718463,1.22718463,1.22718463,1.22718463,1.22718463,1.22718463,1.22718463,1.22718463,1.3253594,1.3253594,1.3253594,1.3253594,1.3253594,1.3253594,1.3253594,1.3253594,1.3253594,1.3253594,1.3253594,1.3253594,1.42353417,1.42353417,1.42353417,1.42353417,1.42353417,1.42353417,1.42353417,1.42353417,1.52170894,1.52170894,1.52170894,1.52170894,1.52170894,1.52170894,1.52170894,1.42353417,1.52170894,1.42353417,1.42353417,1.42353417,1.42353417,1.42353417,1.42353417,1.3253594,1.3253594,1.3253594,1.3253594,1.3253594,1.3253594,1.22718463,1.22718463,1.22718463,1.22718463,1.22718463,1.22718463,1.12900986,1.12900986,1.12900986,1.12900986,1.12900986,1.12900986,1.03083509,1.03083509,1.03083509,1.03083509,0.932660319,0.932660319,0.932660319,0.932660319,0.932660319,0.932660319,0.834485549,0.834485549,0.834485549,0.834485549,0.834485549,0.736310778,0.736310778,0.736310778,0.736310778,0.736310778,0.736310778,0.736310778,0.736310778,0.736310778,0.736310778,0.638136008,0.638136008,0.638136008,0.638136008,0.638136008,0.638136008,0.638136008,0.638136008,0.638136008,0.638136008,0.638136008,0.539961237,0.539961237,0.539961237,0.539961237,0.539961237,0.539961237,0.539961237,0.539961237,0.539961237,0.539961237,0.539961237,0.539961237,0.539961237,0.539961237,0.539961237,0.638136008,0.539961237,0.539961237,0.539961237,0.638136008,0.539961237,0.638136008,0.638136008,0.638136008
133.658807993,C01,AP01,client_to_ap,VHT,2,2,2,80,SU,1,4,122,6637c97e16e6ce8a,1.22718463,1.22718463,1.22718463,1.22718463,1.22718463,1.22718463,1.22718463,1.22718463,1.22718463,1.3253594,1.3253594,1.3253594,1.3253594,1.3253594,1.3253594,1.3253594,1.3253594,1.3253594,1.3253594,1.3253594,1.3253594,1.42353417,1.42353417,1.42353417,1.42353417,1.42353417,1.42353417,1.42353417,1.42353417,1.42353417,1.52170894,1.52170894,1.52170894,1.52170894,1.52170894,1.52170894,1.42353417,1.42353417,1.42353417,1.42353417,1.42353417,1.42353417,1.42353417,1.42353417,1.3253594,1.3253594,1.3253594,1.3253594,1.22718463,1.22718463,1.22718463,1.22718463,1.22718463,1.22718463,1.22718463,1.12900986,1.12900986,1.12900986,1.12900986,1.12900986,1.12900986,1.03083509,1.03083509,1.03083509,1.03083509,1.03083509,0.932660319,0.932660319,0.932660319,0.932660319,0.834485549,0.834485549,0.834485549,0.834485549,0.834485549,0.834485549,0.834485549,0.736310778,0.736310778,0.736310778,0.736310778,0.736310778,0.736310778,0.736310778,0.736310778,0.638136008,0.736310778,0.638136008,0.638136008,0.638136008,0.638136008,0.638136008,0.638136008,0.638136008,0.638136008,0.638136008,0.539961237,0.638136008,0.638136008,0.539961237,0.539961237,0.539961237,0.539961237,0.539961237,0.539961237,0.539961237,0.539961237,0.539961237,0.539961237,0.539961237,0.539961237,0.539961237,0.539961237,0.539961237,0.539961237,0.539961237,0.638136008,0.539961237,0.539961237,0.539961237,0.638136008,0.539961237
134.990831852,C01,AP01,client_to_ap,VHT,2,2,2,80,SU,1,4,122,6637c97e16e6ce8a,1.22718463,1.22718463,1.22718463,1.22718463,1.22718463,1.22718463,1.22718463,1.22718463,1.22718463,1.3253594,1.3253594,1.3253594,1.3253594,1.3253594,1.3253594,1.3253594,1.3253594,1.3253594,1.3253594,1.42353417,1.42353417,1.42353417,1.42353417,1.42353417,1.42353417,1.42353417,1.42353417,1.42353417,1.42353417,1.52170894,1.52170894,1.52170894,1.52170894,1.52170894,1.52170894,1.52170894,1.42353417,1.42353417,1.42353417,1.42353417,1.42353417,1.42353417,1.42353417,1.42353417,1.42353417,1.3253594,1.3253594,1.3253594,1.3253594,1.22718463,1.22718463,1.22718463,1.22718463,1.22718463,1.22718463,1.22718463,1.22718463,1.12900986,1.12900986,1.12900986,1.12900986,1.12900986,1.03083509,1.03083509,1.03083509,1.03083509,0.932660319,0.932660319,0.932660319,0.932660319,0.932660319,0.932660319,0.834485549,0.834485549,0.834485549,0.834485549,0.834485549,0.834485549,0.736310778,0.736310778,0.736310778,0.736310778,0.736310778,0.736310778,0.736310778,0.736310778,0.736310778,0.736310778,0.638136008,0.638136008,0.638136008,0.638136008,0.638136008,0.638136008,0.638136008,0.638136008,0.638136008,0.638136008,0.539961237,0.539961237,0.539961237,0.539961237,0.539961237,0.539961237,0.539961237,0.539961237,0.539961237,0.539961237,0.638136008,0.539961237,0.539961237,0.539961237,0.539961237,0.539961237,0.539961237,0.539961237,0.638136008,0.638136008,0.638136008,0.539961237,0.638136008,0.638136008
136.326506853,C01,AP01,client_to_ap,VHT,2,2,2,80,SU,1,4,122,6637c97e16e6ce8a,1.22718463,1.22718463,1.22718463,1.22718463,1.22718463,1.22718463,1.22718463,1.22718463,1.3253594,1.3253594,1.3253594,1.3253594,1.3253594,1.3253594,1.3253594,1.3253594,1.3253594,1.3253594,1.3253594,1.3253594,1.3253594,1.42353417,1.42353417,1.42353417,1.42353417,1.42353417,1.42353417,1.42353417,1.42353417,1.52170894,1.52170894,1.52170894,1.52170894,1.52170894,1.52170894,1.52170894,1.52170894,1.52170894,1.42353417,1.42353417,1.42353417,1.42353417,1.42353417,1.42353417,1.42353417,1.3253594,1.3253594,1.3253594,1.3253594,1.3253594,1.22718463,1.22718463,1.22718463,1.22718463,1.22718463,1.22718463,1.22718463,1.12900986,1.12900986,1.12900986,1.12900986,1.12900986,1.03083509,1.03083509,1.03083509,1.03083509,1.03083509,0.932660319,0.932660319,0.932660319,0.932660319,0.932660319,0.834485549,0.834485549,0.834485549,0.834485549,0.834485549,0.834485549,0.736310778,0.736310778,0.736310778,0.736310778,0.736310778,0.736310778,0.736310778,0.736310778,0.736310778,0.736310778,0.638136008,0.638136008,0.638136008,0.638136008,0.638136008,0.638136008,0.638136008,0.638136008,0.638136008,0.638136008,0.638136008,0.638136008,0.539961237,0.539961237,0.638136008,0.539961237,0.539961237,0.539961237,0.539961237,0.539961237,0.539961237,0.539961237,0.638136008,0.638136008,0.638136008,0.638136008,0.638136008,0.638136008,0.638136008,0.638136008,0.638136008,0.638136008,0.539961237,0.638136008
137.659432888,C01,AP01,client_to_ap,VHT,2,2,2,80,SU,1,4,122,6637c97e16e6ce8a,1.22718463,1.22718463,1.22718463,1.22718463,1.22718463,1.22718463,1.22718463,1.3253594,1.22718463,1.3253594,1.3253594,1.3253594,1.3253594,1.3253594,1.3253594,1.3253594,1.3253594,1.3253594,1.3253594,1.3253594,1.42353417,1.42353417,1.42353417,1.42353417,1.42353417,1.42353417,1.42353417,1.42353417,1.42353417,1.52170894,1.52170894,1.52170894,1.52170894,1.52170894,1.52170894,1.52170894,1.42353417,1.42353417,1.42353417,1.42353417,1.42353417,1.42353417,1.42353417,1.42353417,1.42353417,1.3253594,1.3253594,1.3253594,1.3253594,1.22718463,1.22718463,1.22718463,1.22718463,1.22718463,1.22718463,1.22718463,1.22718463,1.12900986,1.12900986,1.12900986,1.12900986,1.12900986,1.03083509,1.03083509,1.03083509,1.03083509,1.03083509,0.932660319,0.932660319,0.932660319,0.932660319,0.932660319,0.834485549,0.834485549,0.834485549,0.834485549,0.834485549,0.834485549,0.736310778,0.736310778,0.736310778,0.736310778,0.736310778,0.736310778,0.736310778,0.736310778,0.736310778,0.736310778,0.638136008,0.638136008,0.638136008,0.638136008,0.638136008,0.638136008,0.638136008,0.638136008,0.638136008,0.638136008,0.638136008,0.539961237,0.638136008,0.539961237,0.539961237,0.539961237,0.638136008,0.638136008,0.539961237,0.539961237,0.539961237,0.539961237,0.539961237,0.539961237,0.539961237,0.539961237,0.638136008,0.638136008,0.539961237,0.638136008,0.638136008,0.638136008,0.638136008,0.638136008
138.990600824,C01,AP01,client_to_ap,VHT,2,2,2,80,SU,1,4,122,6637c97e16e6ce8a,1.22718463,1.22718463,1.22718463,1.22718463,1.22718463,1.22718463,1.22718463,1.22718463,1.22718463,1.3253594,1.3253594,1.3253594,1.3253594,1.3253594,1.3253594,1.3253594,1.3253594,1.3253594,1.3253594,1.42353417,1.3253594,1.42353417,1.42353417,1.42353417,1.42353417,1.42353417,1.42353417,1.42353417,1.42353417,1.42353417,1.52170894,1.52170894,1.52170894,1.52170894,1.52170894,1.52170894,1.52170894,1.42353417,1.42353417,1.42353417,1.42353417,1.42353417,1.42353417,1.42353417,1.3253594,1.3253594,1.3253594,1.3253594,1.3253594,1.22718463,1.22718463,1.22718463,1.22718463,1.22718463,1.22718463,1.22718463,1.12900986,1.12900986,1.12900986,1.12900986,1.12900986,1.03083509,1.03083509,1.03083509,1.03083509,1.03083509,0.932660319,0.932660319,0.932660319,0.932660319,0.932660319,0.932660319,0.834485549,0.834485549,0.834485549,0.834485549,0.834485549,0.736310778,0.736310778,0.736310778,0.736310778,0.736310778,0.736310778,0.736310778,0.736310778,0.736310778,0.736310778,0.736310778,0.638136008,0.638136008,0.638136008,0.638136008,0.638136008,0.638136008,0.638136008,0.638136008,0.638136008,0.539961237,0.638136008,0.539961237,0.539961237,0.539961237,0.539961237,0.539961237,0.539961237,0.539961237,0.539961237,0.539961237,0.539961237,0.539961237,0.539961237,0.638136008,0.539961237,0.539961237,0.638136008,0.638136008,0.539961237,0.539961237,0.638136008,0.638136008,0.539961237,0.539961237
140.326973915,C01,AP01,client_to_ap,VHT,2,2,2,80,SU,1,4,122,6637c97e16e6ce8a,1.22718463,1.22718463,1.22718463,1.22718463,1.22718463,1.22718463,1.22718463,1.22718463,1.3253594,1.3253594,1.3253594,1.3253594,1.3253594,1.3253594,1.3253594,1.3253594,1.3253594,1.3253594,1.3253594,1.3253594,1.42353417,1.42353417,1.42353417,1.42353417,1.42353417,1.42353417,1.42353417,1.42353417,1.42353417,1.52170894,1.52170894,1.52170894,1.52170894,1.52170894,1.52170894,1.52170894,1.52170894,1.52170894,1.42353417,1.42353417,1.42353417,1.42353417,1.42353417,1.42353417,1.3253594,1.3253594,1.3253594,1.3253594,1.22718463,1.22718463,1.22718463,1.22718463,1.22718463,1.22718463,1.22718463,1.22718463,1.12900986,1.12900986,1.12900986,1.12900986,1.12900986,1.12900986,1.03083509,1.03083509,1.03083509,1.03083509,0.932660319,0.932660319,0.932660319,0.932660319,0.932660319,0.932660319,0.834485549,0.834485549,0.834485549,0.834485549,0.834485549,0.834485549,0.736310778,0.736310778,0.736310778,0.736310778,0.736310778,0.736310778,0.736310778,0.736310778,0.736310778,0.736310778,0.638136008,0.638136008,0.638136008,0.638136008,0.638136008,0.638136008,0.638136008,0.638136008,0.638136008,0.638136008,0.539961237,0.539961237,0.539961237,0.539961237,0.539961237,0.539961237,0.539961237,0.539961237,0.539961237,0.539961237,0.638136008,0.539961237,0.539961237,0.539961237,0.539961237,0.638136008,0.638136008,0.539961237,0.638136008,0.638136008,0.539961237,0.638136008,0.539961237,0.638136008
141.658614874,C01,AP01,client_to_ap,VHT,2,2,2,80,SU,1,4,122,6637c97e16e6ce8a,1.22718463,1.22718463,1.22718463,1.22718463,1.22718463,1.22718463,1.22718463,1.22718463,1.22718463,1.3253594,1.3253594,1.3253594,1.3253594,1.3253594,1.3253594,1.3253594,1.3253594,1.3253594,1.3253594,1.3253594,1.3253594,1.42353417,1.42353417,1.42353417,1.42353417,1.42353417,1.42353417,1.42353417,1.42353417,1.42353417,1.52170894,1.52170894,1.52170894,1.52170894,1.52170894,1.42353417,1.42353417,1.42353417,1.42353417,1.42353417,1.42353417,1.42353417,1.42353417,1.42353417,1.3253594,1.3253594,1.3253594,1.3253594,1.3253594,1.22718463,1.22718463,1.22718463,1.22718463,1.22718463,1.22718463,1.22718463,1.12900986,1.12900986,1.12900986,1.12900986,1.12900986,1.03083509,1.03083509,1.03083509,1.03083509,1.03083509,0.932660319,0.932660319,0.932660319,0.932660319,0.932660319,0.932660319,0.834485549,0.834485549,0.834485549,0.834485549,0.834485549,0.834485549,0.736310778,0.736310778,0.736310778,0.736310778,0.736310778,0.736310778,0.736310778,0.736310778,0.736310778,0.736310778,0.638136008,0.638136008,0.638136008,0.638136008,0.638136008,0.638136008,0.638136008,0.638136008,0.638136008,0.638136008,0.638136008,0.638136008,0.539961237,0.539961237,0.539961237,0.539961237,0.539961237,0.539961237,0.539961237,0.539961237,0.539961237,0.539961237,0.539961237,0.539961237,0.539961237,0.638136008,0.539961237,0.638136008,0.638136008,0.539961237,0.638136008,0.638136008,0.638136008,0.638136008
142.990541935,C01,AP01,client_to_ap,VHT,2,2,2,80,SU,1,4,122,6637c97e16e6ce8a,1.22718463,1.22718463,1.22718463,1.22718463,1.22718463,1.22718463,1.22718463,1.22718463,1.22718463,1.3253594,1.3253594,1.3253594,1.3253594,1.3253594,1.3253594,1.3253594,1.3253594,1.3253594,1.3253594,1.3253594,1.42353417,1.42353417,1.42353417,1.42353417,1.42353417,1.42353417,1.42353417,1.42353417,1.42353417,1.52170894,1.52170894,1.52170894,1.52170894,1.52170894,1.52170894,1.42353417,1.42353417,1.42353417,1.42353417,1.42353417,1.42353417,1.42353417,1.42353417,1.42353417,1.3253594,1.3253594,1.3253594,1.3253594,1.3253594,1.22718463,1.22718463,1.22718463,1.22718463,1.22718463,1.22718463,1.22718463,1.12900986,1.12900986,1.12900986,1.12900986,1.12900986,1.03083509,1.03083509,1.03083509,1.03083509,1.03083509,0.932660319,0.932660319,0.932660319,0.932660319,0.932660319,0.932660319,0.834485549,0.834485549,0.834485549,0.834485549,0.834485549,0.736310778,0.736310778,0.736310778,0.736310778,0.736310778,0.736310778,0.736310778,0.736310778,0.736310778,0.638136008,0.638136008,0.638136008,0.638136008,0.638136008,0.638136008,0.638136008,0.638136008,0.638136008,0.638136008,0.638136008,0.539961237,0.539961237,0.539961237,0.539961237,0.539961237,0.539961237,0.539961237,0.539961237,0.539961237,0.539961237,0.539961237,0.539961237,0.539961237,0.539961237,0.539961237,0.539961237,0.539961237,0.539961237,0.539961237,0.539961237,0.539961237,0.539961237,0.539961237,0.638136008,0.539961237
144.326141834,C01,AP01,client_to_ap,VHT,2,2,2,80,SU,1,4,122,6637c97e16e6ce8a,1.22718463,1.22718463,1.22718463,1.22718463,1.22718463,1.22718463,1.22718463,1.22718463,1.22718463,1.3253594,1.3253594,1.3253594,1.3253594,1.3253594,1.3253594,1.3253594,1.3253594,1.3253594,1.3253594,1.3253594,1.3253594,1.42353417,1.42353417,1.42353417,1.42353417,1.42353417,1.42353417,1.42353417,1.52170894,1.52170894,1.52170894,1.52170894,1.52170894,1.52170894,1.52170894,1.52170894,1.52170894,1.42353417,1.42353417,1.42353417,1.42353417,1.42353417,1.42353417,1.42353417,1.3253594,1.3253594,1.3253594,1.3253594,1.3253594,1.3253594,1.22718463,1.22718463,1.22718463,1.22718463,1.22718463,1.22718463,1.12900986,1.12900986,1.12900986,1.12900986,1.12900986,1.12900986,1.03083509,1.03083509,1.03083509,1.03083509,0.932660319,0.932660319,0.932660319,0.932660319,0.932660319,0.834485549,0.932660319,0.834485549,0.834485549,0.834485549,0.834485549,0.834485549,0.736310778,0.736310778,0.736310778,0.736310778,0.736310778,0.736310778,0.736310778,0.736310778,0.736310778,0.638136008,0.638136008,0.638136008,0.638136008,0.638136008,0.638136008,0.638136008,0.638136008,0.638136008,0.638136008,0.638136008,0.638136008,0.539961237,0.539961237,0.539961237,0.539961237,0.539961237,0.539961237,0.539961237,0.539961237,0.539961237,0.539961237,0.539961237,0.539961237,0.539961237,0.539961237,0.539961237,0.539961237,0.539961237,0.539961237,0.539961237,0.638136008,0.638136008,0.638136008,0.638136008
145.658819914,C01,AP01,client_to_ap,VHT,2,2,2,80,SU,1,4,122,6637c97e16e6ce8a,1.22718463,1.22718463,1.22718463,1.22718463,1.22718463,1.22718463,1.22718463,1.22718463,1.22718463,1.3253594,1.3253594,1.3253594,1.3253594,1.3253594,1.3253594,1.3253594,1.3253594,1.3253594,1.3253594,1.3253594,1.3253594,1.42353417,1.42353417,1.42353417,1.42353417,1.42353417,1.42353417,1.42353417,1.42353417,1.42353417,1.52170894,1.52170894,1.52170894,1.52170894,1.52170894,1.52170894,1.52170894,1.42353417,1.42353417,1.42353417,1.42353417,1.42353417,1.42353417,1.42353417,1.3253594,1.3253594,1.3253594,1.3253594,1.3253594,1.22718463,1.22718463,1.22718463,1.22718463,1.22718463,1.22718463,1.22718463,1.22718463,1.12900986,1.12900986,1.12900986,1.12900986,1.03083509,1.03083509,1.03083509,1.03083509,1.03083509,1.03083509,0.932660319,0.932660319,0.932660319,0.932660319,0.932660319,0.834485549,0.834485549,0.834485549,0.834485549,0.834485549,0.834485549,0.736310778,0.736310778,0.736310778,0.736310778,0.736310778,0.736310778,0.736310778,0.736310778,0.736310778,0.638136008,0.638136008,0.638136008,0.638136008,0.638136008,0.638136008,0.638136008,0.638136008,0.638136008,0.638136008,0.638136008,0.638136008,0.539961237,0.539961237,0.539961237,0.539961237,0.539961237,0.539961237,0.539961237,0.539961237,0.539961237,0.539961237,0.539961237,0.539961237,0.638136008,0.539961237,0.539961237,0.638136008,0.539961237,0.638136008,0.638136008,0.638136008,0.638136008,0.638136008,0.539961237
146.990027905,C01,AP01,client_to_ap,VHT,2,2,2,80,SU,1,4,122,6637c97e16e6ce8a,1.22718463,1.22718463,1.22718463,1.22718463,1.22718463,1.22718463,1.22718463,1.22718463,1.22718463,1.3253594,1.3253594,1.3253594,1.3253594,1.3253594,1.3253594,1.3253594,1.3253594,1.3253594,1.3253594,1.3253594,1.42353417,1.42353417,1.42353417,1.42353417,1.42353417,1.42353417,1.42353417,1.42353417,1.42353417,1.42353417,1.52170894,1.52170894,1.52170894,1.52170894,1.52170894,1.52170894,1.52170894,1.42353417,1.42353417,1.42353417,1.42353417,1.42353417,1.42353417,1.42353417,1.3253594,1.3253594,1.3253594,1.3253594,1.22718463,1.22718463,1.22718463,1.22718463,1.22718463,1.22718463,1.22718463,1.22718463,1.22718463,1.12900986,1.12900986,1.12900986,1.12900986,1.12900986,1.03083509,1.03083509,1.03083509,1.03083509,1.03083509,0.932660319,0.932660319,0.932660319,0.932660319,0.834485549,0.834485549,0.834485549,0.834485549,0.834485549,0.834485549,0.834485549,0.736310778,0.736310778,0.736310778,0.736310778,0.736310778,0.736310778,0.736310778,0.736310778,0.736310778,0.736310778,0.638136008,0.638136008,0.638136008,0.638136008,0.638136008,0.638136008,0.638136008,0.638136008,0.638136008,0.638136008,0.638136008,0.638136008,0.539961237,0.638136008,0.539961237,0.638136008,0.539961237,0.638136008,0.539961237,0.539961237,0.539961237,0.539961237,0.638136008,0.539961237,0.638136008,0.638136008,0.638136008,0.638136008,0.638136008,0.638136008,0.539961237,0.638136008,0.638136008,0.638136008
148.326324940,C01,AP01,client_to_ap,VHT,2,2,2,80,SU,1,4,122,6637c97e16e6ce8a,1.22718463,1.22718463,1.22718463,1.22718463,1.22718463,1.22718463,1.22718463,1.22718463,1.22718463,1.3253594,1.3253594,1.3253594,1.3253594,1.3253594,1.3253594,1.3253594,1.3253594,1.3253594,1.3253594,1.3253594,1.3253594,1.42353417,1.42353417,1.42353417,1.42353417,1.42353417,1.42353417,1.42353417,1.42353417,1.42353417,1.52170894,1.52170894,1.52170894,1.52170894,1.52170894,1.52170894,1.42353417,1.42353417,1.42353417,1.42353417,1.42353417,1.42353417,1.42353417,1.42353417,1.3253594,1.3253594,1.3253594,1.3253594,1.22718463,1.22718463,1.22718463,1.22718463,1.22718463,1.22718463,1.22718463,1.22718463,1.12900986,1.12900986,1.12900986,1.12900986,1.12900986,1.12900986,1.03083509,1.03083509,1.03083509,1.03083509,0.932660319,0.932660319,0.932660319,0.932660319,0.932660319,0.834485549,0.834485549,0.834485549,0.834485549,0.834485549,0.736310778,0.736310778,0.736310778,0.736310778,0.736310778,0.736310778,0.736310778,0.736310778,0.736310778,0.736310778,0.736310778,0.638136008,0.638136008,0.638136008,0.638136008,0.638136008,0.638136008,0.638136008,0.638136008,0.638136008,0.638136008,0.638136008,0.638136008,0.539961237,0.539961237,0.539961237,0.539961237,0.539961237,0.539961237,0.539961237,0.539961237,0.539961237,0.539961237,0.539961237,0.539961237,0.539961237,0.539961237,0.539961237,0.539961237,0.539961237,0.638136008,0.539961237,0.638136008,0.638136008,0.638136008,0.638136008
149.658533812,C01,AP01,client_to_ap,VHT,2,2,2,80,SU,1,4,122,6637c97e16e6ce8a,1.22718463,1.22718463,1.22718463,1.22718463,1.22718463,1.22718463,1.22718463,1.3253594,1.3253594,1.3253594,1.3253594,1.3253594,1.3253594,1.3253594,1.3253594,1.3253594,1.3253594,1.42353417,1.3253594,1.3253594,1.42353417,1.42353417,1.42353417,1.42353417,1.42353417,1.42353417,1.42353417,1.42353417,1.42353417,1.52170894,1.52170894,1.52170894,1.52170894,1.52170894,1.52170894,1.52170894,1.42353417,1.42353417,1.42353417,1.42353417,1.42353417,1.42353417,1.42353417,1.42353417,1.3253594,1.3253594,1.3253594,1.3253594,1.3253594,1.22718463,1.3253594,1.22718463,1.22718463,1.22718463,1.22718463,1.22718463,1.22718463,1.12900986,1.12900986,1.12900986,1.12900986,1.12900986,1.03083509,1.03083509,1.03083509,1.03083509,0.932660319,0.932660319,0.932660319,0.932660319,0.932660319,0.932660319,0.834485549,0.834485549,0.834485549,0.834485549,0.834485549,0.834485549,0.736310778,0.736310778,0.736310778,0.736310778,0.736310778,0.736310778,0.736310778,0.736310778,0.736310778,0.736310778,0.638136008,0.638136008,0.638136008,0.638136008,0.638136008,0.638136008,0.638136008,0.638136008,0.638136008,0.638136008,0.638136008,0.638136008,0.638136008,0.539961237,0.539961237,0.638136008,0.638136008,0.539961237,0.539961237,0.539961237,0.539961237,0.539961237,0.638136008,0.539961237,0.638136008,0.638136008,0.539961237,0.638136008,0.638136008,0.638136008,0.539961237,0.638136008,0.638136008,0.638136008
150.991312981,C01,AP01,client_to_ap,VHT,2,2,2,80,SU,1,4,122,6637c97e16e6ce8a,1.22718463,1.22718463,1.22718463,1.22718463,1.22718463,1.22718463,1.22718463,1.22718463,1.3253594,1.3253594,1.3253594,1.3253594,1.3253594,1.3253594,1.3253594,1.3253594,1.3253594,1.3253594,1.3253594,1.3253594,1.3253594,1.42353417,1.42353417,1.42353417,1.42353417,1.42353417,1.42353417,1.42353417,1.42353417,1.52170894,1.52170894,1.52170894,1.52170894,1.52170894,1.52170894,1.52170894,1.52170894,1.42353417,1.42353417,1.42353417,1.42353417,1.42353417,1.42353417,1.42353417,1.3253594,1.3253594,1.3253594,1.3253594,1.3253594,1.22718463,1.22718463,1.22718463,1.22718463,1.22718463,1.22718463,1.22718463,1.12900986,1.12900986,1.12900986,1.12900986,1.12900986,1.03083509,1.03083509,1.03083509,1.03083509,1.03083509,0.932660319,0.932660319,0.932660319,0.932660319,0.932660319,0.932660319,0.834485549,0.834485549,0.834485549,0.834485549,0.834485549,0.834485549,0.736310778,0.736310778,0.736310778,0.736310778,0.736310778,0.736310778,0.736310778,0.736310778,0.736310778,0.638136008,0.638136008,0.638136008,0.638136008,0.638136008,0.638136008,0.638136008,0.638136008,0.638136008,0.638136008,0.638136008,0.539961237,0.539961237,0.539961237,0.539961237,0.539961237,0.539961237,0.539961237,0.539961237,0.539961237,0.539961237,0.539961237,0.539961237,0.539961237,0.539961237,0.539961237,0.539961237,0.539961237,0.539961237,0.638136008,0.539961237,0.539961237,0.638136008,0.638136008,0.539961237
152.327236891,C01,AP01,client_to_ap,VHT,2,2,2,80,SU,1,4,122,6637c97e16e6ce8a,1.22718463,1.22718463,1.22718463,1.22718463,1.22718463,1.22718463,1.22718463,1.22718463,1.22718463,1.3253594,1.3253594,1.3253594,1.3253594,1.3253594,1.3253594,1.3253594,1.3253594,1.3253594,1.3253594,1.3253594,1.3253594,1.42353417,1.42353417,1.42353417,1.42353417,1.42353417,1.42353417,1.42353417,1.42353417,1.52170894,1.52170894,1.52170894,1.52170894,1.52170894,1.52170894,1.52170894,1.52170894,1.42353417,1.42353417,1.42353417,1.42353417,1.42353417,1.42353417,1.42353417,1.3253594,1.3253594,1.3253594,1.3253594,1.3253594,1.22718463,1.22718463,1.22718463,1.22718463,1.22718463,1.22718463,1.22718463,1.12900986,1.12900986,1.12900986,1.12900986,1.12900986,1.12900986,1.03083509,1.03083509,1.03083509,1.03083509,0.932660319,0.932660319,0.932660319,0.932660319,0.932660319,0.834485549,0.834485549,0.834485549,0.834485549,0.834485549,0.834485549,0.736310778,0.736310778,0.736310778,0.736310778,0.736310778,0.736310778,0.736310778,0.736310778,0.736310778,0.638136008,0.638136008,0.638136008,0.638136008,0.638136008,0.638136008,0.638136008,0.638136008,0.638136008,0.638136008,0.638136008,0.539961237,0.539961237,0.539961237,0.539961237,0.539961237,0.539961237,0.539961237,0.539961237,0.539961237,0.539961237,0.539961237,0.539961237,0.539961237,0.539961237,0.539961237,0.539961237,0.539961237,0.539961237,0.539961237,0.539961237,0.539961237,0.539961237,0.638136008,0.539961237,0.638136008
153.658928871,C01,AP01,client_to_ap,VHT,2,2,2,80,SU,1,4,122,6637c97e16e6ce8a,1.22718463,1.22718463,1.22718463,1.22718463,1.22718463,1.22718463,1.22718463,1.22718463,1.22718463,1.3253594,1.3253594,1.3253594,1.3253594,1.3253594,1.3253594,1.3253594,1.3253594,1.3253594,1.3253594,1.3253594,1.3253594,1.42353417,1.42353417,1.42353417,1.42353417,1.42353417,1.42353417,1.42353417,1.42353417,1.52170894,1.52170894,1.52170894,1.52170894,1.52170894,1.52170894,1.42353417,1.42353417,1.42353417,1.42353417,1.42353417,1.42353417,1.42353417,1.42353417,1.42353417,1.3253594,1.3253594,1.3253594,1.3253594,1.3253594,1.22718463,1.22718463,1.22718463,1.22718463,1.22718463,1.22718463,1.22718463,1.12900986,1.12900986,1.12900986,1.12900986,1.12900986,1.03083509,1.03083509,1.03083509,1.03083509,1.03083509,0.932660319,0.932660319,0.932660319,0.932660319,0.932660319,0.932660319,0.834485549,0.834485549,0.834485549,0.834485549,0.834485549,0.736310778,0.736310778,0.736310778,0.736310778,0.736310778,0.736310778,0.736310778,0.736310778,0.736310778,0.736310778,0.638136008,0.638136008,0.638136008,0.638136008,0.638136008,0.638136008,0.638136008,0.638136008,0.638136008,0.638136008,0.638136008,0.638136008,0.539961237,0.539961237,0.539961237,0.539961237,0.539961237,0.539961237,0.539961237,0.539961237,0.539961237,0.539961237,0.539961237,0.539961237,0.539961237,0.539961237,0.539961237,0.539961237,0.539961237,0.539961237,0.539961237,0.539961237,0.539961237,0.539961237,0.638136008
154.990568876,C01,AP01,client_to_ap,VHT,2,2,2,80,SU,1,4,122,6637c97e16e6ce8a,1.22718463,1.22718463,1.22718463,1.22718463,1.22718463,1.22718463,1.22718463,1.22718463,1.22718463,1.3253594,1.3253594,1.3253594,1.3253594,1.3253594,1.3253594,1.3253594,1.3253594,1.3253594,1.3253594,1.3253594,1.3253594,1.42353417,1.42353417,1.42353417,1.42353417,1.42353417,1.42353417,1.42353417,1.42353417,1.52170894,1.52170894,1.52170894,1.52170894,1.52170894,1.52170894,1.52170894,1.42353417,1.42353417,1.42353417,1.42353417,1.42353417,1.42353417,1.42353417,1.42353417,1.3253594,1.3253594,1.3253594,1.3253594,1.3253594,1.22718463,1.22718463,1.22718463,1.22718463,1.22718463,1.22718463,1.22718463,1.12900986,1.12900986,1.12900986,1.12900986,1.12900986,1.12900986,1.03083509,1.03083509,1.03083509,1.03083509,0.932660319,0.932660319,0.932660319,0.932660319,0.932660319,0.932660319,0.834485549,0.834485549,0.834485549,0.834485549,0.834485549,0.736310778,0.736310778,0.736310778,0.736310778,0.736310778,0.736310778,0.736310778,0.736310778,0.638136008,0.638136008,0.736310778,0.638136008,0.638136008,0.638136008,0.638136008,0.638136008,0.638136008,0.638136008,0.638136008,0.539961237,0.638136008,0.539961237,0.539961237,0.539961237,0.539961237,0.539961237,0.539961237,0.539961237,0.539961237,0.539961237,0.539961237,0.539961237,0.539961237,0.539961237,0.539961237,0.539961237,0.539961237,0.539961237,0.539961237,0.638136008,0.539961237,0.638136008,0.539961237,0.638136008,0.539961237
156.326170921,C01,AP01,client_to_ap,VHT,2,2,2,80,SU,1,4,122,6637c97e16e6ce8a,1.22718463,1.22718463,1.22718463,1.22718463,1.22718463,1.22718463,1.22718463,1.22718463,1.22718463,1.3253594,1.3253594,1.3253594,1.3253594,1.3253594,1.3253594,1.3253594,1.3253594,1.3253594,1.3253594,1.3253594,1.3253594,1.42353417,1.42353417,1.42353417,1.42353417,1.42353417,1.42353417,1.42353417,1.42353417,1.52170894,1.52170894,1.52170894,1.52170894,1.52170894,1.52170894,1.52170894,1.52170894,1.42353417,1.42353417,1.42353417,1.42353417,1.42353417,1.42353417,1.42353417,1.3253594,1.3253594,1.3253594,1.3253594,1.22718463,1.22718463,1.22718463,1.22718463,1.22718463,1.22718463,1.22718463,1.22718463,1.12900986,1.12900986,1.12900986,1.12900986,1.12900986,1.03083509,1.03083509,1.03083509,1.03083509,1.03083509,0.932660319,0.932660319,0.932660319,0.932660319,0.932660319,0.834485549,0.834485549,0.834485549,0.834485549,0.834485549,0.834485549,0.834485549,0.736310778,0.736310778,0.736310778,0.736310778,0.736310778,0.736310778,0.736310778,0.736310778,0.638136008,0.638136008,0.638136008,0.638136008,0.638136008,0.638136008,0.638136008,0.638136008,0.638136008,0.638136008,0.638136008,0.638136008,0.539961237,0.539961237,0.539961237,0.539961237,0.539961237,0.539961237,0.539961237,0.539961237,0.539961237,0.539961237,0.539961237,0.539961237,0.539961237,0.539961237,0.539961237,0.539961237,0.539961237,0.539961237,0.539961237,0.638136008,0.638136008,0.539961237,0.638136008,0.638136008
157.658258915,C01,AP01,client_to_ap,VHT,2,2,2,80,SU,1,4,122,6637c97e16e6ce8a,1.22718463,1.22718463,1.22718463,1.22718463,1.22718463,1.22718463,1.22718463,1.22718463,1.22718463,1.3253594,1.3253594,1.3253594,1.3253594,1.3253594,1.3253594,1.3253594,1.3253594,1.3253594,1.3253594,1.3253594,1.3253594,1.42353417,1.42353417,1.42353417,1.42353417,1.42353417,1.42353417,1.42353417,1.52170894,1.42353417,1.52170894,1.52170894,1.52170894,1.52170894,1.52170894,1.52170894,1.42353417,1.42353417,1.42353417,1.42353417,1.42353417,1.42353417,1.42353417,1.42353417,1.3253594,1.3253594,1.3253594,1.3253594,1.3253594,1.22718463,1.22718463,1.22718463,1.22718463,1.22718463,1.22718463,1.22718463,1.12900986,1.12900986,1.12900986,1.12900986,1.12900986,1.03083509,1.03083509,1.03083509,1.03083509,1.03083509,0.932660319,0.932660319,0.932660319,0.932660319,0.932660319,0.834485549,0.834485549,0.834485549,0.834485549,0.834485549,0.834485549,0.736310778,0.736310778,0.736310778,0.736310778,0.736310778,0.736310778,0.736310778,0.736310778,0.736310778,0.638136008,0.638136008,0.638136008,0.638136008,0.638136008,0.638136008,0.638136008,0.638136008,0.638136008,0.638136008,0.638136008,0.539961237,0.539961237,0.539961237,0.539961237,0.539961237,0.539961237,0.539961237,0.539961237,0.539961237,0.539961237,0.539961237,0.539961237,0.539961237,0.539961237,0.539961237,0.539961237,0.539961237,0.539961237,0.539961237,0.539961237,0.539961237,0.539961237,0.539961237,0.638136008,0.539961237
158.990976810,C01,AP01,client_to_ap,VHT,2,2,2,80,SU,1,4,122,6637c97e16e6ce8a,1.22718463,1.22718463,1.22718463,1.22718463,1.22718463,1.22718463,1.22718463,1.22718463,1.22718463,1.3253594,1.3253594,1.3253594,1.3253594,1.3253594,1.3253594,1.3253594,1.3253594,1.3253594,1.3253594,1.42353417,1.42353417,1.42353417,1.42353417,1.42353417,1.42353417,1.42353417,1.42353417,1.42353417,1.42353417,1.52170894,1.52170894,1.52170894,1.52170894,1.52170894,1.52170894,1.52170894,1.42353417,1.42353417,1.42353417,1.42353417,1.42353417,1.42353417,1.42353417,1.42353417,1.42353417,1.3253594,1.3253594,1.3253594,1.3253594,1.3253594,1.22718463,1.22718463,1.22718463,1.22718463,1.22718463,1.22718463,1.12900986,1.12900986,1.12900986,1.12900986,1.12900986,1.12900986,1.03083509,1.03083509,1.03083509,1.03083509,1.03083509,0.932660319,0.932660319,0.932660319,0.932660319,0.932660319,0.834485549,0.834485549,0.834485549,0.834485549,0.834485549,0.834485549,0.736310778,0.736310778,0.736310778,0.736310778,0.736310778,0.736310778,0.736310778,0.736310778,0.736310778,0.736310778,0.638136008,0.638136008,0.638136008,0.638136008,0.638136008,0.638136008,0.638136008,0.638136008,0.638136008,0.638136008,0.638136008,0.539961237,0.539961237,0.539961237,0.539961237,0.539961237,0.638136008,0.539961237,0.539961237,0.539961237,0.539961237,0.539961237,0.539961237,0.539961237,0.638136008,0.539961237,0.539961237,0.638136008,0.638136008,0.539961237,0.539961237,0.539961237,0.539961237,0.539961237
160.326647997,C01,AP01,client_to_ap,VHT,2,2,2,80,SU,1,4,122,6637c97e16e6ce8a,1.22718463,1.22718463,1.22718463,1.22718463,1.22718463,1.22718463,1.22718463,1.22718463,1.3253594,1.3253594,1.3253594,1.3253594,1.3253594,1.3253594,1.3253594,1.3253594,1.3253594,1.3253594,1.3253594,1.3253594,1.42353417,1.42353417,1.42353417,1.42353417,1.42353417,1.42353417,1.42353417,1.42353417,1.42353417,1.52170894,1.52170894,1.52170894,1.52170894,1.52170894,1.52170894,1.52170894,1.52170894,1.52170894,1.42353417,1.42353417,1.42353417,1.42353417,1.42353417,1.42353417,1.42353417,1.42353417,1.3253594,1.3253594,1.3253594,1.3253594,1.3253594,1.3253594,1.22718463,1.22718463,1.22718463,1.22718463,1.22718463,1.22718463,1.22718463,1.12900986,1.12900986,1.12900986,1.12900986,1.12900986,1.03083509,1.03083509,1.03083509,1.03083509,0.932660319,0.932660319,0.932660319,0.932660319,0.932660319,0.932660319,0.834485549,0.834485549,0.834485549,0.834485549,0.834485549,0.834485549,0.834485549,0.736310778,0.736310778,0.736310778,0.736310778,0.736310778,0.736310778,0.736310778,0.736310778,0.736310778,0.736310778,0.736310778,0.638136008,0.638136008,0.638136008,0.638136008,0.638136008,0.638136008,0.638136008,0.638136008,0.638136008,0.638136008,0.638136008,0.638136008,0.638136008,0.638136008,0.638136008,0.638136008,0.638136008,0.638136008,0.638136008,0.638136008,0.638136008,0.638136008,0.638136008,0.638136008,0.638136008,0.638136008,0.638136008,0.638136008,0.638136008,0.638136008
161.658113956,C01,AP01,client_to_ap,VHT,2,2,2,80,SU,1,4,122,6637c97e16e6ce8a,1.22718463,1.22718463,1.22718463,1.22718463,1.22718463,1.22718463,1.22718463,1.3253594,1.22718463,1.3253594,1.3253594,1.3253594,1.3253594,1.3253594,1.3253594,1.3253594,1.3253594,1.3253594,1.3253594,1.3253594,1.42353417,1.42353417,1.42353417,1.42353417,1.42353417,1.42353417,1.42353417,1.42353417,1.42353417,1.52170894,1.52170894,1.52170894,1.52170894,1.52170894,1.52170894,1.52170894,1.42353417,1.42353417,1.42353417,1.42353417,1.42353417,1.42353417,1.42353417,1.42353417,1.3253594,1.3253594,1.3253594,1.3253594,1.3253594,1.22718463,1.22718463,1.22718463,1.22718463,1.22718463,1.22718463,1.22718463,1.22718463,1.12900986,1.12900986,1.12900986,1.12900986,1.12900986,1.03083509,1.03083509,1.03083509,1.03083509,0.932660319,0.932660319,0.932660319,0.932660319,0.932660319,0.834485549,0.834485549,0.834485549,0.834485549,0.834485549,0.834485549,0.834485549,0.736310778,0.736310778,0.736310778,0.736310778,0.736310778,0.736310778,0.736310778,0.736310778,0.736310778,0.638136008,0.638136008,0.638136008,0.638136008,0.638136008,0.638136008,0.638136008,0.638136008,0.638136008,0.638136008,0.638136008,0.539961237,0.539961237,0.638136008,0.638136008,0.539961237,0.539961237,0.539961237,0.539961237,0.539961237,0.539961237,0.539961237,0.539961237,0.539961237,0.539961237,0.539961237,0.539961237,0.539961237,0.539961237,0.638136008,0.638136008,0.539961237,0.638136008,0.638136008,0.539961237
162.991545916,C01,AP01,client_to_ap,VHT,2,2,2,80,SU,1,4,122,6637c97e16e6ce8a,1.22718463,1.22718463,1.22718463,1.22718463,1.22718463,1.22718463,1.22718463,1.22718463,1.22718463,1.3253594,1.3253594,1.3253594,1.3253594,1.3253594,1.3253594,1.3253594,1.3253594,1.3253594,1.3253594,1.3253594,1.3253594,1.42353417,1.42353417,1.42353417,1.42353417,1.42353417,1.42353417,1.42353417,1.42353417,1.52170894,1.52170894,1.52170894,1.42353417,1.52170894,1.52170894,1.52170894,1.42353417,1.42353417,1.42353417,1.42353417,1.42353417,1.42353417,1.42353417,1.42353417,1.42353417,1.3253594,1.3253594,1.3253594,1.22718463,1.3253594,1.22718463,1.22718463,1.22718463,1.22718463,1.22718463,1.22718463,1.12900986,1.12900986,1.12900986,1.12900986,1.12900986,1.12900986,1.03083509,1.03083509,1.03083509,1.03083509,0.932660319,0.932660319,0.932660319,0.932660319,0.932660319,0.932660319,0.834485549,0.834485549,0.834485549,0.834485549,0.834485549,0.834485549,0.736310778,0.736310778,0.736310778,0.736310778,0.736310778,0.736310778,0.736310778,0.736310778,0.736310778,0.638136008,0.638136008,0.638136008,0.638136008,0.638136008,0.638136008,0.638136008,0.638136008,0.638136008,0.638136008,0.638136008,0.638136008,0.539961237,0.638136008,0.539961237,0.539961237,0.539961237,0.638136008,0.539961237,0.539961237,0.539961237,0.539961237,0.638136008,0.539961237,0.539961237,0.638136008,0.539961237,0.539961237,0.539961237,0.638136008,0.638136008,0.638136008,0.638136008,0.539961237,0.638136008
164.326858997,C01,AP01,client_to_ap,VHT,2,2,2,80,SU,1,4,122,6637c97e16e6ce8a,1.22718463,1.22718463,1.22718463,1.22718463,1.22718463,1.22718463,1.22718463,1.22718463,1.22718463,1.3253594,1.3253594,1.3253594,1.3253594,1.3253594,1.3253594,1.3253594,1.3253594,1.3253594,1.3253594,1.3253594,1.3253594,1.42353417,1.42353417,1.42353417,1.42353417,1.42353417,1.42353417,1.42353417,1.42353417,1.52170894,1.52170894,1.52170894,1.52170894,1.52170894,1.52170894,1.52170894,1.42353417,1.42353417,1.42353417,1.42353417,1.42353417,1.42353417,1.42353417,1.42353417,1.3253594,1.3253594,1.3253594,1.3253594,1.3253594,1.3253594,1.22718463,1.22718463,1.22718463,1.22718463,1.22718463,1.22718463,1.12900986,1.12900986,1.12900986,1.12900986,1.12900986,1.03083509,1.03083509,1.03083509,1.03083509,1.03083509,0.932660319,0.932660319,0.932660319,0.932660319,0.932660319,0.932660319,0.834485549,0.834485549,0.834485549,0.834485549,0.834485549,0.834485549,0.736310778,0.736310778,0.736310778,0.736310778,0.736310778,0.736310778,0.736310778,0.736310778,0.736310778,0.638136008,0.638136008,0.638136008,0.638136008,0.638136008,0.638136008,0.638136008,0.638136008,0.638136008,0.638136008,0.638136008,0.638136008,0.539961237,0.638136008,0.539961237,0.539961237,0.539961237,0.539961237,0.539961237,0.539961237,0.539961237,0.539961237,0.539961237,0.539961237,0.539961237,0.539961237,0.638136008,0.539961237,0.539961237,0.638136008,0.638136008,0.539961237,0.539961237,0.638136008,0.638136008
165.659600973,C01,AP01,client_to_ap,VHT,2,2,2,80,SU,1,4,122,6637c97e16e6ce8a,1.22718463,1.22718463,1.22718463,1.22718463,1.22718463,1.22718463,1.22718463,1.3253594,1.3253594,1.3253594,1.3253594,1.3253594,1.3253594,1.3253594,1.3253594,1.3253594,1.3253594,1.3253594,1.3253594,1.3253594,1.42353417,1.42353417,1.42353417,1.42353417,1.42353417,1.42353417,1.42353417,1.42353417,1.42353417,1.52170894,1.52170894,1.52170894,1.52170894,1.52170894,1.52170894,1.52170894,1.42353417,1.42353417,1.42353417,1.42353417,1.42353417,1.42353417,1.42353417,1.42353417,1.3253594,1.3253594,1.3253594,1.3253594,1.3253594,1.22718463,1.22718463,1.22718463,1.22718463,1.22718463,1.22718463,1.22718463,1.22718463,1.12900986,1.12900986,1.12900986,1.12900986,1.12900986,1.03083509,1.03083509,1.03083509,1.03083509,0.932660319,0.932660319,0.932660319,0.932660319,0.932660319,0.932660319,0.834485549,0.834485549,0.834485549,0.834485549,0.834485549,0.834485549,0.736310778,0.736310778,0.736310778,0.736310778,0.736310778,0.736310778,0.736310778,0.736310778,0.736310778,0.736310778,0.638136008,0.638136008,0.638136008,0.638136008,0.638136008,0.638136008,0.638136008,0.638136008,0.638136008,0.638136008,0.638136008,0.638136008,0.539961237,0.539961237,0.539961237,0.539961237,0.539961237,0.539961237,0.539961237,0.539961237,0.539961237,0.539961237,0.539961237,0.539961237,0.539961237,0.539961237,0.539961237,0.539961237,0.638136008,0.638136008,0.638136008,0.539961237,0.638136008,0.638136008
166.991729975,C01,AP01,client_to_ap,VHT,2,2,2,80,SU,1,4,122,6637c97e16e6ce8a,1.22718463,1.22718463,1.22718463,1.22718463,1.22718463,1.22718463,1.22718463,1.22718463,1.22718463,1.3253594,1.3253594,1.3253594,1.3253594,1.3253594,1.3253594,1.3253594,1.3253594,1.3253594,1.3253594,1.3253594,1.3253594,1.42353417,1.42353417,1.42353417,1.42353417,1.42353417,1.42353417,1.42353417,1.42353417,1.42353417,1.52170894,1.52170894,1.52170894,1.52170894,1.52170894,1.52170894,1.52170894,1.52170894,1.42353417,1.42353417,1.42353417,1.42353417,1.42353417,1.42353417,1.3253594,1.3253594,1.3253594,1.3253594,1.3253594,1.22718463,1.22718463,1.22718463,1.22718463,1.22718463,1.22718463,1.22718463,1.12900986,1.12900986,1.12900986,1.12900986,1.12900986,1.12900986,1.03083509,1.03083509,1.03083509,1.03083509,1.03083509,0.932660319,0.932660319,0.932660319,0.932660319,0.932660319,0.834485549,0.834485549,0.834485549,0.834485549,0.834485549,0.834485549,0.736310778,0.736310778,0.736310778,0.736310778,0.736310778,0.736310778,0.736310778,0.736310778,0.736310778,0.736310778,0.638136008,0.638136008,0.638136008,0.638136008,0.638136008,0.638136008,0.638136008,0.638136008,0.638136008,0.638136008,0.638136008,0.638136008,0.638136008,0.539961237,0.539961237,0.539961237,0.539961237,0.539961237,0.539961237,0.539961237,0.539961237,0.539961237,0.539961237,0.539961237,0.539961237,0.539961237,0.539961237,0.638136008,0.638136008,0.539961237,0.638136008,0.638136008,0.638136008,0.539961237
168.326277971,C01,AP01,client_to_ap,VHT,2,2,2,80,SU,1,4,122,6637c97e16e6ce8a,1.22718463,1.22718463,1.22718463,1.22718463,1.22718463,1.22718463,1.22718463,1.22718463,1.22718463,1.3253594,1.3253594,1.3253594,1.3253594,1.3253594,1.3253594,1.3253594,1.3253594,1.3253594,1.3253594,1.3253594,1.42353417,1.42353417,1.42353417,1.42353417,1.42353417,1.42353417,1.42353417,1.42353417,1.42353417,1.52170894,1.52170894,1.52170894,1.52170894,1.52170894,1.52170894,1.52170894,1.52170894,1.42353417,1.42353417,1.42353417,1.42353417,1.42353417,1.42353417,1.42353417,1.3253594,1.3253594,1.3253594,1.3253594,1.3253594,1.22718463,1.3253594,1.22718463,1.22718463,1.22718463,1.22718463,1.22718463,1.22718463,1.12900986,1.12900986,1.12900986,1.12900986,1.12900986,1.03083509,1.03083509,1.03083509,1.03083509,0.932660319,0.932660319,0.932660319,0.932660319,0.932660319,0.932660319,0.834485549,0.834485549,0.834485549,0.834485549,0.834485549,0.834485549,0.834485549,0.736310778,0.736310778,0.736310778,0.736310778,0.736310778,0.736310778,0.736310778,0.736310778,0.736310778,0.638136008,0.638136008,0.638136008,0.638136008,0.638136008,0.638136008,0.638136008,0.638136008,0.638136008,0.638136008,0.638136008,0.638136008,0.638136008,0.539961237,0.539961237,0.539961237,0.539961237,0.539961237,0.539961237,0.539961237,0.638136008,0.638136008,0.539961237,0.638136008,0.539961237,0.539961237,0.539961237,0.638136008,0.638136008,0.638136008,0.638136008,0.638136008,0.638136008,0.638136008
169.659193993,C01,AP01,client_to_ap,VHT,2,2,2,80,SU,1,4,122,6637c97e16e6ce8a,1.12900986,1.22718463,1.22718463,1.22718463,1.22718463,1.22718463,1.22718463,1.22718463,1.22718463,1.3253594,1.3253594,1.22718463,1.3253594,1.3253594,1.3253594,1.3253594,1.3253594,1.3253594,1.3253594,1.42353417,1.3253594,1.42353417,1.42353417,1.42353417,1.42353417,1.42353417,1.42353417,1.42353417,1.42353417,1.42353417,1.52170894,1.52170894,1.52170894,1.52170894,1.52170894,1.52170894,1.52170894,1.42353417,1.42353417,1.42353417,1.42353417,1.42353417,1.42353417,1.42353417,1.3253594,1.3253594,1.3253594,1.3253594,1.3253594,1.22718463,1.22718463,1.22718463,1.22718463,1.22718463,1.22718463,1.12900986,1.12900986,1.12900986,1.12900986,1.12900986,1.12900986,1.03083509,1.03083509,1.03083509,1.03083509,1.03083509,0.932660319,0.932660319,0.932660319,0.932660319,0.834485549,0.834485549,0.834485549,0.834485549,0.834485549,0.834485549,0.834485549,0.736310778,0.736310778,0.736310778,0.736310778,0.736310778,0.736310778,0.736310778,0.736310778,0.638136008,0.638136008,0.638136008,0.638136008,0.638136008,0.638136008,0.638136008,0.638136008,0.638136008,0.638136008,0.638136008,0.638136008,0.539961237,0.539961237,0.539961237,0.539961237,0.539961237,0.539961237,0.539961237,0.539961237,0.539961237,0.539961237,0.539961237,0.539961237,0.539961237,0.539961237,0.539961237,0.539961237,0.539961237,0.539961237,0.539961237,0.539961237,0.638136008,0.638136008,0.539961237,0.539961237,0.539961237
170.990357876,C01,AP01,client_to_ap,VHT,2,2,2,80,SU,1,4,122,6637c97e16e6ce8a,1.22718463,1.22718463,1.22718463,1.22718463,1.22718463,1.22718463,1.22718463,1.22718463,1.22718463,1.3253594,1.3253594,1.3253594,1.3253594,1.3253594,1.3253594,1.3253594,1.3253594,1.3253594,1.3253594,1.3253594,1.3253594,1.42353417,1.42353417,1.42353417,1.42353417,1.42353417,1.42353417,1.42353417,1.42353417,1.42353417,1.52170894,1.52170894,1.52170894,1.52170894,1.52170894,1.52170894,1.42353417,1.42353417,1.42353417,1.42353417,1.42353417,1.42353417,1.42353417,1.42353417,1.3253594,1.3253594,1.3253594,1.3253594,1.3253594,1.22718463,1.22718463,1.22718463,1.22718463,1.22718463,1.22718463,1.12900986,1.12900986,1.12900986,1.12900986,1.12900986,1.12900986,1.03083509,1.03083509,1.03083509,1.03083509,1.03083509,0.932660319,0.932660319,0.932660319,0.932660319,0.932660319,0.834485549,0.834485549,0.834485549,0.834485549,0.834485549,0.834485549,0.736310778,0.736310778,0.736310778,0.736310778,0.736310778,0.736310778,0.736310778,0.736310778,0.736310778,0.638136008,0.638136008,0.638136008,0.638136008,0.638136008,0.638136008,0.638136008,0.638136008,0.638136008,0.638136008,0.638136008,0.539961237,0.638136008,0.539961237,0.539961237,0.539961237,0.539961237,0.539961237,0.539961237,0.539961237,0.539961237,0.539961237,0.539961237,0.539961237,0.539961237,0.539961237,0.539961237,0.539961237,0.539961237,0.638136008,0.539961237,0.539961237,0.638136008,0.539961237,0.539961237,0.539961237
172.326611996,C01,AP01,client_to_ap,VHT,2,2,2,80,SU,1,4,122,6637c97e16e6ce8a,1.22718463,1.22718463,1.22718463,1.22718463,1.22718463,1.22718463,1.22718463,1.22718463,1.22718463,1.3253594,1.3253594,1.3253594,1.3253594,1.3253594,1.3253594,1.3253594,1.3253594,1.3253594,1.3253594,1.3253594,1.42353417,1.42353417,1.42353417,1.42353417,1.42353417,1.42353417,1.42353417,1.42353417,1.42353417,1.42353417,1.52170894,1.52170894,1.52170894,1.52170894,1.52170894,1.52170894,1.52170894,1.42353417,1.42353417,1.42353417,1.42353417,1.42353417,1.42353417,1.42353417,1.3253594,1.3253594,1.3253594,1.3253594,1.3253594,1.22718463,1.22718463,1.22718463,1.22718463,1.22718463,1.22718463,1.22718463,1.12900986,1.12900986,1.12900986,1.12900986,1.12900986,1.03083509,1.03083509,1.03083509,1.03083509,1.03083509,0.932660319,0.932660319,0.932660319,0.932660319,0.932660319,0.932660319,0.834485549,0.834485549,0.834485549,0.834485549,0.834485549,0.736310778,0.736310778,0.736310778,0.736310778,0.736310778,0.736310778,0.736310778,0.736310778,0.736310778,0.736310778,0.736310778,0.638136008,0.638136008,0.638136008,0.638136008,0.638136008,0.638136008,0.638136008,0.638136008,0.638136008,0.638136008,0.638136008,0.638136008,0.539961237,0.539961237,0.539961237,0.539961237,0.539961237,0.539961237,0.539961237,0.539961237,0.539961237,0.539961237,0.539961237,0.539961237,0.539961237,0.539961237,0.638136008,0.638136008,0.539961237,0.539961237,0.638136008,0.638136008,0.539961237,0.638136008
173.659077883,C01,AP01,client_to_ap,VHT,2,2,2,80,SU,1,4,122,6637c97e16e6ce8a,1.22718463,1.22718463,1.22718463,1.22718463,1.22718463,1.22718463,1.22718463,1.3253594,1.3253594,1.3253594,1.3253594,1.3253594,1.3253594,1.3253594,1.3253594,1.3253594,1.3253594,1.3253594,1.3253594,1.3253594,1.3253594,1.42353417,1.42353417,1.42353417,1.42353417,1.42353417,1.42353417,1.42353417,1.42353417,1.52170894,1.52170894,1.52170894,1.52170894,1.52170894,1.52170894,1.52170894,1.52170894,1.42353417,1.42353417,1.42353417,1.42353417,1.42353417,1.42353417,1.42353417,1.3253594,1.3253594,1.3253594,1.3253594,1.3253594,1.22718463,1.22718463,1.22718463,1.22718463,1.22718463,1.22718463,1.22718463,1.22718463,1.12900986,1.12900986,1.12900986,1.12900986,1.12900986,1.03083509,1.03083509,1.03083509,1.03083509,1.03083509,0.932660319,0.932660319,0.932660319,0.932660319,0.932660319,0.834485549,0.834485549,0.834485549,0.834485549,0.834485549,0.736310778,0.736310778,0.736310778,0.736310778,0.736310778,0.736310778,0.736310778,0.736310778,0.736310778,0.736310778,0.736310778,0.638136008,0.638136008,0.638136008,0.638136008,0.638136008,0.638136008,0.638136008,0.638136008,0.638136008,0.638136008,0.638136008,0.638136008,0.539961237,0.539961237,0.539961237,0.638136008,0.539961237,0.539961237,0.638136008,0.539961237,0.539961237,0.539961237,0.539961237,0.638136008,0.539961237,0.638136008,0.638136008,0.638136008,0.638136008,0.638136008,0.638136008,0.638136008,0.638136008,0.638136008
174.991002798,C01,AP01,client_to_ap,VHT,2,2,2,80,SU,1,4,122,6637c97e16e6ce8a,1.22718463,1.22718463,1.22718463,1.22718463,1.22718463,1.22718463,1.22718463,1.3253594,1.3253594,1.3253594,1.3253594,1.3253594,1.3253594,1.3253594,1.3253594,1.3253594,1.3253594,1.3253594,1.3253594,1.42353417,1.42353417,1.42353417,1.42353417,1.42353417,1.42353417,1.42353417,1.42353417,1.42353417,1.42353417,1.42353417,1.52170894,1.52170894,1.52170894,1.52170894,1.52170894,1.52170894,1.52170894,1.52170894,1.42353417,1.42353417,1.42353417,1.42353417,1.42353417,1.42353417,1.42353417,1.3253594,1.3253594,1.3253594,1.3253594,1.3253594,1.3253594,1.22718463,1.22718463,1.22718463,1.22718463,1.22718463,1.22718463,1.22718463,1.12900986,1.12900986,1.12900986,1.12900986,1.12900986,1.03083509,1.03083509,1.03083509,1.03083509,1.03083509,0.932660319,0.932660319,0.932660319,0.932660319,0.932660319,0.834485549,0.834485549,0.834485549,0.834485549,0.834485549,0.834485549,0.834485549,0.736310778,0.736310778,0.736310778,0.736310778,0.736310778,0.736310778,0.736310778,0.736310778,0.638136008,0.736310778,0.638136008,0.638136008,0.638136008,0.638136008,0.638136008,0.638136008,0.638136008,0.638136008,0.638136008,0.638136008,0.638136008,0.638136008,0.638136008,0.638136008,0.539961237,0.539961237,0.638136008,0.638136008,0.638136008,0.638136008,0.638136008,0.638136008,0.539961237,0.638136008,0.638136008,0.638136008,0.638136008,0.539961237,0.638136008,0.638136008,0.638136008,0.638136008
176.326823950,C01,AP01,client_to_ap,VHT,2,2,2,80,SU,1,4,122,6637c97e16e6ce8a,1.22718463,1.22718463,1.22718463,1.22718463,1.22718463,1.22718463,1.22718463,1.22718463,1.22718463,1.3253594,1.3253594,1.3253594,1.3253594,1.3253594,1.3253594,1.3253594,1.3253594,1.3253594,1.3253594,1.42353417,1.42353417,1.42353417,1.42353417,1.42353417,1.42353417,1.42353417,1.42353417,1.42353417,1.42353417,1.52170894,1.52170894,1.52170894,1.52170894,1.52170894,1.52170894,1.52170894,1.52170894,1.42353417,1.42353417,1.42353417,1.42353417,1.42353417,1.42353417,1.42353417,1.3253594,1.3253594,1.3253594,1.3253594,1.3253594,1.22718463,1.22718463,1.22718463,1.22718463,1.22718463,1.22718463,1.22718463,1.12900986,1.12900986,1.12900986,1.12900986,1.12900986,1.12900986,1.03083509,1.03083509,1.03083509,1.03083509,0.932660319,0.932660319,0.932660319,0.932660319,0.932660319,0.932660319,0.834485549,0.834485549,0.834485549,0.834485549,0.834485549,0.834485549,0.736310778,0.736310778,0.736310778,0.736310778,0.736310778,0.736310778,0.736310778,0.736310778,0.736310778,0.736310778,0.638136008,0.638136008,0.638136008,0.638136008,0.638136008,0.638136008,0.638136008,0.638136008,0.638136008,0.638136008,0.638136008,0.539961237,0.539961237,0.539961237,0.539961237,0.539961237,0.638136008,0.539961237,0.539961237,0.539961237,0.539961237,0.539961237,0.539961237,0.539961237,0.539961237,0.539961237,0.539961237,0.539961237,0.638136008,0.539961237,0.638136008,0.638136008,0.638136008,0.539961237
177.658672810,C01,AP01,client_to_ap,VHT,2,2,2,80,SU,1,4,122,6637c97e16e6ce8a,1.22718463,1.22718463,1.22718463,1.22718463,1.22718463,1.22718463,1.22718463,1.22718463,1.22718463,1.3253594,1.3253594,1.3253594,1.3253594,1.3253594,1.3253594,1.3253594,1.3253594,1.3253594,1.3253594,1.42353417,1.3253594,1.42353417,1.42353417,1.42353417,1.42353417,1.42353417,1.42353417,1.42353417,1.52170894,1.42353417,1.52170894,1.52170894,1.52170894,1.52170894,1.52170894,1.52170894,1.52170894,1.52170894,1.42353417,1.42353417,1.42353417,1.42353417,1.42353417,1.42353417,1.42353417,1.3253594,1.3253594,1.3253594,1.3253594,1.3253594,1.22718463,1.22718463,1.22718463,1.22718463,1.22718463,1.22718463,1.22718463,1.12900986,1.12900986,1.12900986,1.12900986,1.03083509,1.03083509,1.03083509,1.03083509,1.03083509,1.03083509,0.932660319,0.932660319,0.932660319,0.932660319,0.932660319,0.834485549,0.834485549,0.834485549,0.834485549,0.834485549,0.736310778,0.736310778,0.736310778,0.736310778,0.736310778,0.736310778,0.736310778,0.736310778,0.736310778,0.736310778,0.736310778,0.638136008,0.638136008,0.638136008,0.638136008,0.638136008,0.638136008,0.638136008,0.638136008,0.638136008,0.638136008,0.638136008,0.638136008,0.539961237,0.539961237,0.539961237,0.539961237,0.638136008,0.539961237,0.539961237,0.539961237,0.539961237,0.539961237,0.539961237,0.539961237,0.539961237,0.539961237,0.539961237,0.638136008,0.638136008,0.638136008,0.539961237,0.638136008,0.638136008,0.638136008
178.991146803,C01,AP01,client_to_ap,VHT,2,2,2,80,SU,1,4,122,6637c97e16e6ce8a,1.22718463,1.22718463,1.22718463,1.22718463,1.22718463,1.22718463,1.22718463,1.22718463,1.22718463,1.3253594,1.3253594,1.3253594,1.3253594,1.3253594,1.3253594,1.3253594,1.3253594,1.3253594,1.3253594,1.3253594,1.3253594,1.42353417,1.42353417,1.42353417,1.42353417,1.42353417,1.42353417,1.42353417,1.42353417,1.42353417,1.52170894,1.52170894,1.52170894,1.52170894,1.52170894,1.52170894,1.42353417,1.42353417,1.42353417,1.42353417,1.42353417,1.42353417,1.42353417,1.42353417,1.3253594,1.3253594,1.3253594,1.3253594,1.3253594,1.3253594,1.22718463,1.22718463,1.22718463,1.22718463,1.22718463,1.22718463,1.22718463,1.12900986,1.12900986,1.12900986,1.12900986,1.12900986,1.03083509,1.03083509,1.03083509,1.03083509,1.03083509,0.932660319,0.932660319,0.932660319,0.932660319,0.932660319,0.834485549,0.834485549,0.834485549,0.834485549,0.834485549,0.834485549,0.736310778,0.736310778,0.736310778,0.736310778,0.736310778,0.736310778,0.736310778,0.736310778,0.736310778,0.736310778,0.638136008,0.638136008,0.638136008,0.638136008,0.638136008,0.638136008,0.638136008,0.638136008,0.638136008,0.638136008,0.638136008,0.638136008,0.638136008,0.539961237,0.539961237,0.539961237,0.539961237,0.539961237,0.539961237,0.539961237,0.539961237,0.539961237,0.539961237,0.638136008,0.638136008,0.638136008,0.539961237,0.539961237,0.638136008,0.539961237,0.638136008,0.638136008,0.638136008,0.638136008
180.326933861,C01,AP01,client_to_ap,VHT,2,2,2,80,SU,1,4,122,6637c97e16e6ce8a,1.22718463,1.22718463,1.22718463,1.22718463,1.22718463,1.22718463,1.22718463,1.3253594,1.22718463,1.3253594,1.3253594,1.3253594,1.3253594,1.3253594,1.3253594,1.3253594,1.3253594,1.3253594,1.3253594,1.3253594,1.42353417,1.42353417,1.42353417,1.42353417,1.42353417,1.42353417,1.42353417,1.42353417,1.42353417,1.42353417,1.52170894,1.52170894,1.52170894,1.52170894,1.52170894,1.52170894,1.42353417,1.42353417,1.42353417,1.42353417,1.42353417,1.42353417,1.42353417,1.42353417,1.3253594,1.3253594,1.3253594,1.3253594,1.3253594,1.22718463,1.22718463,1.22718463,1.22718463,1.22718463,1.22718463,1.12900986,1.12900986,1.12900986,1.12900986,1.12900986,1.12900986,1.12900986,1.03083509,1.03083509,1.03083509,1.03083509,0.932660319,0.932660319,0.932660319,0.932660319,0.932660319,0.834485549,0.834485549,0.834485549,0.834485549,0.834485549,0.834485549,0.736310778,0.736310778,0.736310778,0.736310778,0.736310778,0.736310778,0.736310778,0.736310778,0.638136008,0.736310778,0.736310778,0.638136008,0.638136008,0.638136008,0.638136008,0.638136008,0.638136008,0.638136008,0.638136008,0.638136008,0.539961237,0.539961237,0.638136008,0.539961237,0.539961237,0.539961237,0.539961237,0.539961237,0.539961237,0.539961237,0.539961237,0.539961237,0.539961237,0.539961237,0.539961237,0.539961237,0.539961237,0.539961237,0.539961237,0.638136008,0.638136008,0.539961237,0.638136008,0.638136008,0.638136008
181.659561872,C01,AP01,client_to_ap,VHT,2,2,2,80,SU,1,4,122,6637c97e16e6ce8a,1.22718463,1.22718463,1.22718463,1.22718463,1.22718463,1.22718463,1.22718463,1.22718463,1.22718463,1.3253594,1.3253594,1.3253594,1.3253594,1.3253594,1.3253594,1.3253594,1.3253594,1.3253594,1.3253594,1.3253594,1.3253594,1.42353417,1.42353417,1.42353417,1.42353417,1.42353417,1.42353417,1.42353417,1.42353417,1.52170894,1.52170894,1.52170894,1.52170894,1.52170894,1.52170894,1.52170894,1.52170894,1.52170894,1.42353417,1.42353417,1.42353417,1.42353417,1.42353417,1.42353417,1.3253594,1.3253594,1.3253594,1.3253594,1.3253594,1.22718463,1.22718463,1.22718463,1.22718463,1.22718463,1.22718463,1.22718463,1.22718463,1.12900986,1.12900986,1.12900986,1.12900986,1.12900986,1.03083509,1.03083509,1.03083509,1.03083509,1.03083509,0.932660319,0.932660319,0.932660319,0.932660319,0.932660319,0.834485549,0.834485549,0.834485549,0.834485549,0.834485549,0.834485549,0.736310778,0.736310778,0.736310778,0.736310778,0.736310778,0.736310778,0.736310778,0.736310778,0.736310778,0.736310778,0.638136008,0.638136008,0.638136008,0.638136008,0.638136008,0.638136008,0.638136008,0.638136008,0.638136008,0.638136008,0.638136008,0.539961237,0.539961237,0.539961237,0.539961237,0.539961237,0.638136008,0.539961237,0.539961237,0.539961237,0.539961237,0.539961237,0.638136008,0.539961237,0.539961237,0.638136008,0.638136008,0.638136008,0.638136008,0.638136008,0.638136008,0.638136008,0.638136008,0.638136008
182.991681814,C01,AP01,client_to_ap,VHT,2,2,2,80,SU,1,4,122,6637c97e16e6ce8a,1.22718463,1.22718463,1.22718463,1.22718463,1.22718463,1.22718463,1.22718463,1.22718463,1.22718463,1.3253594,1.3253594,1.3253594,1.3253594,1.3253594,1.3253594,1.3253594,1.3253594,1.3253594,1.3253594,1.3253594,1.42353417,1.42353417,1.42353417,1.42353417,1.42353417,1.42353417,1.42353417,1.42353417,1.42353417,1.52170894,1.52170894,1.52170894,1.52170894,1.52170894,1.52170894,1.52170894,1.52170894,1.42353417,1.42353417,1.42353417,1.42353417,1.42353417,1.42353417,1.42353417,1.42353417,1.3253594,1.3253594,1.3253594,1.3253594,1.3253594,1.22718463,1.22718463,1.22718463,1.22718463,1.22718463,1.22718463,1.22718463,1.12900986,1.12900986,1.12900986,1.12900986,1.12900986,1.03083509,1.03083509,1.03083509,1.03083509,0.932660319,0.932660319,0.932660319,0.932660319,0.932660319,0.834485549,0.834485549,0.834485549,0.834485549,0.834485549,0.834485549,0.834485549,0.736310778,0.736310778,0.736310778,0.736310778,0.736310778,0.736310778,0.736310778,0.736310778,0.736310778,0.638136008,0.638136008,0.638136008,0.638136008,0.638136008,0.638136008,0.638136008,0.638136008,0.638136008,0.638136008,0.638136008,0.539961237,0.539961237,0.539961237,0.539961237,0.539961237,0.539961237,0.539961237,0.539961237,0.539961237,0.638136008,0.539961237,0.539961237,0.539961237,0.539961237,0.539961237,0.539961237,0.539961237,0.539961237,0.638136008,0.539961237,0.638136008,0.539961237,0.638136008,0.539961237
184.326756954,C01,AP01,client_to_ap,VHT,2,2,2,80,SU,1,4,122,6637c97e16e6ce8a,1.22718463,1.22718463,1.22718463,1.22718463,1.22718463,1.22718463,1.22718463,1.22718463,1.22718463,1.3253594,1.3253594,1.3253594,1.3253594,1.3253594,1.3253594,1.3253594,1.3253594,1.3253594,1.3253594,1.42353417,1.42353417,1.42353417,1.42353417,1.42353417,1.42353417,1.42353417,1.42353417,1.42353417,1.42353417,1.52170894,1.52170894,1.52170894,1.52170894,1.52170894,1.52170894,1.52170894,1.42353417,1.42353417,1.42353417,1.42353417,1.42353417,1.42353417,1.42353417,1.42353417,1.3253594,1.3253594,1.3253594,1.3253594,1.22718463,1.22718463,1.22718463,1.22718463,1.22718463,1.22718463,1.22718463,1.22718463,1.12900986,1.12900986,1.12900986,1.12900986,1.12900986,1.03083509,1.03083509,1.03083509,1.03083509,1.03083509,0.932660319,0.932660319,0.932660319,0.932660319,0.932660319,0.834485549,0.834485549,0.834485549,0.834485549,0.834485549,0.834485549,0.736310778,0.736310778,0.736310778,0.736310778,0.736310778,0.736310778,0.736310778,0.736310778,0.638136008,0.638136008,0.736310778,0.638136008,0.638136008,0.638136008,0.638136008,0.638136008,0.638136008,0.638136008,0.638136008,0.638136008,0.539961237,0.539961237,0.539961237,0.539961237,0.539961237,0.539961237,0.539961237,0.539961237,0.539961237,0.539961237,0.539961237,0.539961237,0.539961237,0.539961237,0.539961237,0.539961237,0.539961237,0.539961237,0.539961237,0.638136008,0.539961237,0.638136008,0.638136008,0.539961237,0.539961237
185.659669876,C01,AP01,client_to_ap,VHT,2,2,2,80,SU,1,4,122,6637c97e16e6ce8a,1.22718463,1.22718463,1.22718463,1.22718463,1.22718463,1.22718463,1.22718463,1.22718463,1.22718463,1.3253594,1.3253594,1.3253594,1.3253594,1.3253594,1.3253594,1.3253594,1.3253594,1.3253594,1.3253594,1.3253594,1.3253594,1.42353417,1.42353417,1.42353417,1.42353417,1.42353417,1.42353417,1.42353417,1.42353417,1.52170894,1.52170894,1.52170894,1.42353417,1.52170894,1.52170894,1.42353417,1.42353417,1.42353417,1.42353417,1.42353417,1.42353417,1.42353417,1.42353417,1.42353417,1.3253594,1.3253594,1.3253594,1.3253594,1.22718463,1.22718463,1.22718463,1.22718463,1.22718463,1.22718463,1.22718463,1.12900986,1.12900986,1.12900986,1.12900986,1.12900986,1.12900986,1.12900986,1.03083509,1.03083509,1.03083509,1.03083509,0.932660319,0.932660319,0.932660319,0.932660319,0.932660319,0.834485549,0.834485549,0.834485549,0.834485549,0.834485549,0.834485549,0.736310778,0.736310778,0.736310778,0.736310778,0.736310778,0.736310778,0.736310778,0.736310778,0.736310778,0.638136008,0.638136008,0.638136008,0.638136008,0.638136008,0.638136008,0.638136008,0.638136008,0.638136008,0.638136008,0.638136008,0.638136008,0.539961237,0.539961237,0.539961237,0.539961237,0.539961237,0.539961237,0.539961237,0.539961237,0.539961237,0.539961237,0.539961237,0.539961237,0.539961237,0.539961237,0.539961237,0.539961237,0.539961237,0.539961237,0.638136008,0.638136008,0.539961237,0.539961237,0.638136008,0.638136008
186.990950823,C01,AP01,client_to_ap,VHT,2,2,2,80,SU,1,4,122,6637c97e16e6ce8a,1.22718463,1.22718463,1.22718463,1.22718463,1.22718463,1.22718463,1.22718463,1.22718463,1.22718463,1.3253594,1.3253594,1.3253594,1.3253594,1.3253594,1.3253594,1.3253594,1.3253594,1.3253594,1.3253594,1.3253594,1.3253594,1.42353417,1.42353417,1.42353417,1.42353417,1.42353417,1.42353417,1.42353417,1.42353417,1.42353417,1.52170894,1.52170894,1.52170894,1.52170894,1.52170894,1.52170894,1.52170894,1.42353417,1.42353417,1.42353417,1.42353417,1.42353417,1.42353417,1.42353417,1.3253594,1.3253594,1.3253594,1.3253594,1.3253594,1.22718463,1.22718463,1.22718463,1.22718463,1.22718463,1.22718463,1.22718463,1.12900986,1.12900986,1.12900986,1.12900986,1.12900986,1.03083509,1.03083509,1.03083509,1.03083509,1.03083509,0.932660319,0.932660319,0.932660319,0.932660319,0.932660319,0.834485549,0.834485549,0.834485549,0.834485549,0.834485549,0.834485549,0.736310778,0.736310778,0.736310778,0.736310778,0.736310778,0.736310778,0.736310778,0.736310778,0.638136008,0.736310778,0.638136008,0.638136008,0.638136008,0.638136008,0.638136008,0.638136008,0.638136008,0.638136008,0.638136008,0.638136008,0.539961237,0.638136008,0.539961237,0.539961237,0.539961237,0.539961237,0.539961237,0.539961237,0.539961237,0.539961237,0.539961237,0.539961237,0.539961237,0.539961237,0.539961237,0.539961237,0.539961237,0.539961237,0.539961237,0.539961237,0.539961237,0.539961237,0.638136008,0.539961237,0.539961237
188.327900887,C01,AP01,client_to_ap,VHT,2,2,2,80,SU,1,4,122,6637c97e16e6ce8a,1.22718463,1.22718463,1.22718463,1.22718463,1.22718463,1.22718463,1.22718463,1.22718463,1.3253594,1.3253594,1.3253594,1.3253594,1.3253594,1.3253594,1.3253594,1.3253594,1.3253594,1.3253594,1.3253594,1.3253594,1.42353417,1.3253594,1.42353417,1.42353417,1.42353417,1.42353417,1.42353417,1.42353417,1.42353417,1.42353417,1.52170894,1.52170894,1.52170894,1.52170894,1.52170894,1.52170894,1.52170894,1.42353417,1.42353417,1.42353417,1.42353417,1.42353417,1.42353417,1.42353417,1.3253594,1.3253594,1.3253594,1.3253594,1.3253594,1.22718463,1.22718463,1.22718463,1.22718463,1.22718463,1.22718463,1.22718463,1.12900986,1.12900986,1.12900986,1.12900986,1.12900986,1.03083509,1.03083509,1.03083509,1.03083509,1.03083509,1.03083509,0.932660319,0.932660319,0.932660319,0.932660319,0.932660319,0.834485549,0.834485549,0.834485549,0.834485549,0.834485549,0.736310778,0.736310778,0.736310778,0.736310778,0.736310778,0.736310778,0.736310778,0.736310778,0.736310778,0.736310778,0.736310778,0.638136008,0.638136008,0.638136008,0.638136008,0.638136008,0.638136008,0.638136008,0.638136008,0.638136008,0.539961237,0.638136008,0.638136008,0.539961237,0.539961237,0.638136008,0.539961237,0.539961237,0.539961237,0.539961237,0.539961237,0.539961237,0.539961237,0.539961237,0.638136008,0.539961237,0.539961237,0.638136008,0.539961237,0.539961237,0.539961237,0.638136008,0.638136008,0.539961237,0.539961237
189.659223795,C01,AP01,client_to_ap,VHT,2,2,2,80,SU,1,4,122,6637c97e16e6ce8a,1.22718463,1.22718463,1.22718463,1.22718463,1.22718463,1.22718463,1.22718463,1.22718463,1.22718463,1.3253594,1.3253594,1.3253594,1.3253594,1.3253594,1.3253594,1.3253594,1.3253594,1.3253594,1.3253594,1.3253594,1.42353417,1.42353417,1.42353417,1.42353417,1.42353417,1.42353417,1.42353417,1.42353417,1.42353417,1.52170894,1.52170894,1.52170894,1.52170894,1.52170894,1.52170894,1.42353417,1.42353417,1.42353417,1.42353417,1.42353417,1.42353417,1.42353417,1.42353417,1.42353417,1.3253594,1.3253594,1.3253594,1.3253594,1.3253594,1.22718463,1.22718463,1.22718463,1.22718463,1.22718463,1.22718463,1.22718463,1.12900986,1.12900986,1.12900986,1.12900986,1.12900986,1.03083509,1.03083509,1.03083509,1.03083509,1.03083509,0.932660319,0.932660319,0.932660319,0.932660319,0.932660319,0.834485549,0.834485549,0.834485549,0.834485549,0.834485549,0.834485549,0.736310778,0.736310778,0.736310778,0.736310778,0.736310778,0.736310778,0.736310778,0.736310778,0.736310778,0.736310778,0.638136008,0.638136008,0.638136008,0.638136008,0.638136008,0.638136008,0.638136008,0.638136008,0.638136008,0.638136008,0.539961237,0.539961237,0.539961237,0.539961237,0.539961237,0.539961237,0.539961237,0.539961237,0.539961237,0.539961237,0.539961237,0.539961237,0.539961237,0.539961237,0.539961237,0.539961237,0.539961237,0.539961237,0.539961237,0.638136008,0.539961237,0.539961237,0.539961237,0.539961237,0.638136008
190.990944862,C01,AP01,client_to_ap,VHT,2,2,2,80,SU,1,4,122,6637c97e16e6ce8a,1.22718463,1.22718463,1.22718463,1.22718463,1.22718463,1.22718463,1.22718463,1.22718463,1.22718463,1.3253594,1.3253594,1.3253594,1.3253594,1.3253594,1.3253594,1.3253594,1.3253594,1.3253594,1.3253594,1.3253594,1.42353417,1.42353417,1.42353417,1.42353417,1.42353417,1.42353417,1.42353417,1.42353417,1.42353417,1.42353417,1.52170894,1.52170894,1.52170894,1.52170894,1.52170894,1.52170894,1.42353417,1.42353417,1.42353417,1.42353417,1.42353417,1.42353417,1.42353417,1.3253594,1.3253594,1.3253594,1.3253594,1.3253594,1.3253594,1.22718463,1.22718463,1.22718463,1.22718463,1.22718463,1.22718463,1.22718463,1.12900986,1.12900986,1.12900986,1.12900986,1.12900986,1.12900986,1.03083509,1.03083509,1.03083509,1.03083509,0.932660319,0.932660319,0.932660319,0.932660319,0.932660319,0.932660319,0.834485549,0.834485549,0.834485549,0.834485549,0.834485549,0.736310778,0.736310778,0.736310778,0.736310778,0.736310778,0.736310778,0.736310778,0.736310778,0.736310778,0.638136008,0.638136008,0.638136008,0.638136008,0.638136008,0.638136008,0.638136008,0.638136008,0.638136008,0.638136008,0.638136008,0.539961237,0.539961237,0.539961237,0.539961237,0.539961237,0.539961237,0.539961237,0.539961237,0.539961237,0.539961237,0.539961237,0.539961237,0.539961237,0.539961237,0.539961237,0.539961237,0.539961237,0.539961237,0.539961237,0.638136008,0.638136008,0.638136008,0.638136008,0.539961237,0.638136008
192.326999903,C01,AP01,client_to_ap,VHT,2,2,2,80,SU,1,4,122,6637c97e16e6ce8a,1.22718463,1.22718463,1.22718463,1.22718463,1.22718463,1.22718463,1.22718463,1.22718463,1.3253594,1.3253594,1.3253594,1.3253594,1.3253594,1.3253594,1.3253594,1.3253594,1.3253594,1.3253594,1.3253594,1.3253594,1.42353417,1.42353417,1.42353417,1.42353417,1.42353417,1.42353417,1.42353417,1.42353417,1.42353417,1.52170894,1.52170894,1.52170894,1.52170894,1.52170894,1.52170894,1.52170894,1.52170894,1.42353417,1.42353417,1.42353417,1.42353417,1.42353417,1.42353417,1.42353417,1.3253594,1.3253594,1.3253594,1.3253594,1.3253594,1.22718463,1.22718463,1.22718463,1.22718463,1.22718463,1.22718463,1.22718463,1.12900986,1.12900986,1.12900986,1.12900986,1.12900986,1.12900986,1.03083509,1.03083509,1.03083509,1.03083509,1.03083509,0.932660319,0.932660319,0.932660319,0.932660319,0.932660319,0.834485549,0.834485549,0.834485549,0.834485549,0.834485549,0.834485549,0.736310778,0.834485549,0.736310778,0.736310778,0.736310778,0.736310778,0.736310778,0.736310778,0.736310778,0.736310778,0.638136008,0.638136008,0.638136008,0.638136008,0.638136008,0.638136008,0.638136008,0.638136008,0.638136008,0.638136008,0.638136008,0.638136008,0.638136008,0.539961237,0.539961237,0.638136008,0.638136008,0.539961237,0.539961237,0.539961237,0.539961237,0.539961237,0.539961237,0.638136008,0.638136008,0.638136008,0.638136008,0.539961237,0.638136008,0.539961237,0.638136008,0.638136008,0.638136008,0.539961237
193.658864975,C01,AP01,client_to_ap,VHT,2,2,2,80,SU,1,4,122,6637c97e16e6ce8a,1.22718463,1.22718463,1.22718463,1.22718463,1.22718463,1.22718463,1.22718463,1.22718463,1.22718463,1.3253594,1.3253594,1.3253594,1.3253594,1.3253594,1.3253594,1.3253594,1.3253594,1.3253594,1.3253594,1.3253594,1.3253594,1.42353417,1.42353417,1.42353417,1.42353417,1.42353417,1.42353417,1.42353417,1.42353417,1.52170894,1.52170894,1.52170894,1.52170894,1.52170894,1.52170894,1.52170894,1.42353417,1.42353417,1.42353417,1.42353417,1.42353417,1.42353417,1.42353417,1.42353417,1.3253594,1.3253594,1.3253594,1.3253594,1.3253594,1.22718463,1.22718463,1.22718463,1.22718463,1.22718463,1.22718463,1.22718463,1.12900986,1.12900986,1.12900986,1.12900986,1.12900986,1.12900986,1.03083509,1.03083509,1.03083509,1.03083509,0.932660319,0.932660319,0.932660319,0.932660319,0.932660319,0.834485549,0.834485549,0.834485549,0.834485549,0.834485549,0.834485549,0.834485549,0.736310778,0.736310778,0.736310778,0.736310778,0.736310778,0.736310778,0.736310778,0.736310778,0.736310778,0.638136008,0.638136008,0.638136008,0.638136008,0.638136008,0.638136008,0.638136008,0.638136008,0.638136008,0.638136008,0.638136008,0.638136008,0.539961237,0.539961237,0.539961237,0.539961237,0.539961237,0.539961237,0.539961237,0.539961237,0.539961237,0.539961237,0.539961237,0.539961237,0.539961237,0.539961237,0.638136008,0.539961237,0.539961237,0.638136008,0.638136008,0.638136008,0.539961237,0.638136008,0.539961237
194.991249800,C01,AP01,client_to_ap,VHT,2,2,2,80,SU,1,4,122,6637c97e16e6ce8a,1.22718463,1.22718463,1.22718463,1.22718463,1.22718463,1.22718463,1.22718463,1.22718463,1.22718463,1.3253594,1.3253594,1.3253594,1.3253594,1.3253594,1.3253594,1.3253594,1.3253594,1.3253594,1.3253594,1.3253594,1.3253594,1.42353417,1.42353417,1.42353417,1.42353417,1.42353417,1.42353417,1.42353417,1.42353417,1.42353417,1.52170894,1.52170894,1.52170894,1.52170894,1.52170894,1.42353417,1.52170894,1.52170894,1.42353417,1.42353417,1.42353417,1.42353417,1.42353417,1.42353417,1.3253594,1.3253594,1.3253594,1.3253594,1.3253594,1.22718463,1.22718463,1.22718463,1.22718463,1.22718463,1.22718463,1.22718463,1.12900986,1.12900986,1.12900986,1.12900986,1.12900986,1.12900986,1.03083509,1.03083509,1.03083509,1.03083509,0.932660319,0.932660319,0.932660319,0.932660319,0.932660319,0.932660319,0.834485549,0.834485549,0.834485549,0.834485549,0.834485549,0.834485549,0.736310778,0.736310778,0.736310778,0.736310778,0.736310778,0.736310778,0.736310778,0.736310778,0.736310778,0.736310778,0.638136008,0.638136008,0.638136008,0.638136008,0.638136008,0.638136008,0.638136008,0.638136008,0.638136008,0.638136008,0.638136008,0.539961237,0.638136008,0.539961237,0.539961237,0.539961237,0.539961237,0.539961237,0.539961237,0.539961237,0.638136008,0.539961237,0.539961237,0.539961237,0.539961237,0.539961237,0.539961237,0.638136008,0.638136008,0.539961237,0.539961237,0.638136008,0.638136008,0.539961237
196.327296019,C01,AP01,client_to_ap,VHT,2,2,2,80,SU,1,4,122,6637c97e16e6ce8a,1.22718463,1.22718463,1.22718463,1.22718463,1.22718463,1.22718463,1.22718463,1.22718463,1.22718463,1.3253594,1.3253594,1.3253594,1.3253594,1.3253594,1.3253594,1.3253594,1.3253594,1.3253594,1.3253594,1.3253594,1.42353417,1.42353417,1.42353417,1.42353417,1.42353417,1.42353417,1.42353417,1.42353417,1.42353417,1.52170894,1.52170894,1.52170894,1.52170894,1.52170894,1.52170894,1.52170894,1.42353417,1.42353417,1.42353417,1.42353417,1.42353417,1.42353417,1.42353417,1.42353417,1.3253594,1.3253594,1.3253594,1.3253594,1.3253594,1.22718463,1.22718463,1.22718463,1.22718463,1.22718463,1.22718463,1.22718463,1.12900986,1.12900986,1.12900986,1.12900986,1.12900986,1.12900986,1.03083509,1.03083509,1.03083509,1.03083509,0.932660319,0.932660319,0.932660319,0.932660319,0.932660319,0.834485549,0.834485549,0.834485549,0.834485549,0.834485549,0.834485549,0.834485549,0.736310778,0.736310778,0.736310778,0.736310778,0.736310778,0.736310778,0.736310778,0.736310778,0.736310778,0.638136008,0.638136008,0.638136008,0.638136008,0.638136008,0.638136008,0.638136008,0.638136008,0.638136008,0.638136008,0.638136008,0.539961237,0.539961237,0.638136008,0.539961237,0.539961237,0.539961237,0.539961237,0.539961237,0.539961237,0.539961237,0.539961237,0.638136008,0.539961237,0.539961237,0.539961237,0.539961237,0.539961237,0.539961237,0.638136008,0.638136008,0.638136008,0.539961237,0.638136008,0.638136008
197.659597874,C01,AP01,client_to_ap,VHT,2,2,2,80,SU,1,4,122,6637c97e16e6ce8a,1.22718463,1.22718463,1.22718463,1.22718463,1.22718463,1.22718463,1.22718463,1.22718463,1.3253594,1.3253594,1.3253594,1.3253594,1.3253594,1.3253594,1.3253594,1.3253594,1.3253594,1.3253594,1.3253594,1.3253594,1.3253594,1.42353417,1.42353417,1.42353417,1.42353417,1.42353417,1.42353417,1.42353417,1.42353417,1.42353417,1.52170894,1.52170894,1.52170894,1.52170894,1.52170894,1.52170894,1.42353417,1.42353417,1.42353417,1.42353417,1.42353417,1.42353417,1.42353417,1.42353417,1.3253594,1.3253594,1.3253594,1.3253594,1.22718463,1.22718463,1.22718463,1.22718463,1.22718463,1.22718463,1.22718463,1.22718463,1.12900986,1.12900986,1.12900986,1.12900986,1.12900986,1.03083509,1.03083509,1.03083509,1.03083509,1.03083509,1.03083509,0.932660319,0.932660319,0.932660319,0.932660319,0.932660319,0.834485549,0.834485549,0.834485549,0.834485549,0.834485549,0.736310778,0.736310778,0.736310778,0.736310778,0.736310778,0.736310778,0.736310778,0.736310778,0.736310778,0.736310778,0.736310778,0.638136008,0.638136008,0.638136008,0.638136008,0.638136008,0.638136008,0.638136008,0.638136008,0.638136008,0.539961237,0.638136008,0.539961237,0.539961237,0.539961237,0.539961237,0.539961237,0.539961237,0.539961237,0.539961237,0.539961237,0.539961237,0.539961237,0.539961237,0.539961237,0.539961237,0.539961237,0.539961237,0.539961237,0.638136008,0.539961237,0.638136008,0.638136008,0.539961237,0.539961237
198.990853786,C01,AP01,client_to_ap,VHT,2,2,2,80,SU,1,4,122,6637c97e16e6ce8a,1.22718463,1.22718463,1.22718463,1.22718463,1.22718463,1.22718463,1.22718463,1.22718463,1.22718463,1.3253594,1.3253594,1.3253594,1.3253594,1.3253594,1.3253594,1.3253594,1.3253594,1.3253594,1.3253594,1.3253594,1.3253594,1.42353417,1.42353417,1.42353417,1.42353417,1.42353417,1.42353417,1.42353417,1.42353417,1.42353417,1.52170894,1.52170894,1.52170894,1.52170894,1.52170894,1.42353417,1.42353417,1.52170894,1.52170894,1.42353417,1.42353417,1.42353417,1.42353417,1.42353417,1.3253594,1.3253594,1.3253594,1.3253594,1.3253594,1.22718463,1.22718463,1.22718463,1.22718463,1.22718463,1.22718463,1.22718463,1.22718463,1.12900986,1.12900986,1.12900986,1.12900986,1.03083509,1.03083509,1.03083509,1.03083509,1.03083509,0.932660319,0.932660319,0.932660319,0.932660319,0.932660319,0.834485549,0.834485549,0.834485549,0.834485549,0.834485549,0.834485549,0.736310778,0.736310778,0.736310778,0.736310778,0.736310778,0.736310778,0.736310778,0.736310778,0.736310778,0.736310778,0.736310778,0.638136008,0.638136008,0.638136008,0.638136008,0.638136008,0.638136008,0.638136008,0.638136008,0.638136008,0.638136008,0.638136008,0.638136008,0.638136008,0.539961237,0.539961237,0.539961237,0.539961237,0.539961237,0.539961237,0.539961237,0.539961237,0.539961237,0.539961237,0.638136008,0.539961237,0.539961237,0.539961237,0.539961237,0.539961237,0.539961237,0.638136008,0.638136008,0.638136008,0.638136008
200.327261925,C01,AP01,client_to_ap,VHT,2,2,2,80,SU,1,4,122,6637c97e16e6ce8a,1.22718463,1.22718463,1.22718463,1.22718463,1.22718463,1.22718463,1.22718463,1.3253594,1.22718463,1.3253594,1.3253594,1.3253594,1.3253594,1.3253594,1.3253594,1.3253594,1.3253594,1.3253594,1.3253594,1.3253594,1.42353417,1.42353417,1.42353417,1.42353417,1.42353417,1.42353417,1.42353417,1.42353417,1.42353417,1.52170894,1.52170894,1.52170894,1.52170894,1.52170894,1.52170894,1.52170894,1.42353417,1.42353417,1.42353417,1.42353417,1.42353417,1.42353417,1.42353417,1.42353417,1.3253594,1.3253594,1.3253594,1.3253594,1.3253594,1.22718463,1.22718463,1.22718463,1.22718463,1.22718463,1.22718463,1.22718463,1.22718463,1.12900986,1.12900986,1.12900986,1.12900986,1.12900986,1.03083509,1.03083509,1.03083509,1.03083509,1.03083509,0.932660319,0.932660319,0.932660319,0.932660319,0.932660319,0.834485549,0.834485549,0.834485549,0.834485549,0.834485549,0.834485549,0.736310778,0.834485549,0.736310778,0.736310778,0.736310778,0.736310778,0.736310778,0.736310778,0.736310778,0.736310778,0.638136008,0.638136008,0.638136008,0.638136008,0.638136008,0.638136008,0.638136008,0.638136008,0.638136008,0.638136008,0.638136008,0.638136008,0.638136008,0.539961237,0.539961237,0.539961237,0.539961237,0.638136008,0.539961237,0.539961237,0.539961237,0.638136008,0.539961237,0.638136008,0.638136008,0.539961237,0.638136008,0.638136008,0.638136008,0.638136008,0.638136008,0.638136008,0.539961237,0.638136008
201.659130812,C01,AP01,client_to_ap,VHT,2,2,2,80,SU,1,4,122,6637c97e16e6ce8a,1.22718463,1.22718463,1.22718463,1.22718463,1.22718463,1.22718463,1.22718463,1.22718463,1.22718463,1.3253594,1.3253594,1.3253594,1.3253594,1.3253594,1.3253594,1.3253594,1.3253594,1.3253594,1.3253594,1.3253594,1.42353417,1.42353417,1.42353417,1.42353417,1.42353417,1.42353417,1.42353417,1.42353417,1.42353417,1.42353417,1.52170894,1.52170894,1.52170894,1.52170894,1.52170894,1.52170894,1.52170894,1.52170894,1.42353417,1.42353417,1.42353417,1.42353417,1.42353417,1.42353417,1.42353417,1.3253594,1.3253594,1.3253594,1.3253594,1.22718463,1.22718463,1.22718463,1.22718463,1.22718463,1.22718463,1.22718463,1.22718463,1.12900986,1.12900986,1.12900986,1.12900986,1.12900986,1.03083509,1.03083509,1.03083509,1.03083509,0.932660319,0.932660319,0.932660319,0.932660319,0.932660319,0.932660319,0.834485549,0.834485549,0.834485549,0.834485549,0.834485549,0.834485549,0.834485549,0.736310778,0.736310778,0.736310778,0.736310778,0.736310778,0.736310778,0.736310778,0.736310778,0.736310778,0.638136008,0.638136008,0.638136008,0.638136008,0.638136008,0.638136008,0.638136008,0.638136008,0.638136008,0.638136008,0.638136008,0.638136008,0.638136008,0.539961237,0.539961237,0.539961237,0.539961237,0.539961237,0.539961237,0.539961237,0.539961237,0.539961237,0.539961237,0.638136008,0.539961237,0.539961237,0.539961237,0.638136008,0.638136008,0.638136008,0.638136008,0.638136008,0.638136008,0.638136008
202.991503000,C01,AP01,client_to_ap,VHT,2,2,2,80,SU,1,4,122,6637c97e16e6ce8a,1.22718463,1.22718463,1.22718463,1.22718463,1.22718463,1.22718463,1.22718463,1.22718463,1.22718463,1.22718463,1.3253594,1.3253594,1.3253594,1.3253594,1.3253594,1.3253594,1.3253594,1.3253594,1.3253594,1.3253594,1.42353417,1.42353417,1.42353417,1.42353417,1.42353417,1.42353417,1.42353417,1.42353417,1.42353417,1.42353417,1.52170894,1.52170894,1.52170894,1.52170894,1.52170894,1.42353417,1.42353417,1.42353417,1.42353417,1.42353417,1.42353417,1.42353417,1.42353417,1.42353417,1.3253594,1.3253594,1.3253594,1.3253594,1.3253594,1.22718463,1.22718463,1.22718463,1.22718463,1.22718463,1.22718463,1.12900986,1.12900986,1.12900986,1.12900986,1.12900986,1.12900986,1.12900986,1.03083509,1.03083509,1.03083509,1.03083509,0.932660319,0.932660319,0.932660319,0.932660319,0.932660319,0.834485549,0.834485549,0.834485549,0.834485549,0.834485549,0.834485549,0.736310778,0.736310778,0.736310778,0.736310778,0.736310778,0.736310778,0.736310778,0.736310778,0.736310778,0.638136008,0.638136008,0.638136008,0.638136008,0.638136008,0.638136008,0.638136008,0.638136008,0.638136008,0.638136008,0.638136008,0.638136008,0.539961237,0.539961237,0.539961237,0.539961237,0.539961237,0.539961237,0.539961237,0.539961237,0.539961237,0.539961237,0.539961237,0.539961237,0.539961237,0.539961237,0.539961237,0.539961237,0.539961237,0.539961237,0.539961237,0.539961237,0.539961237,0.638136008,0.638136008,0.638136008
204.327233791,C01,AP01,client_to_ap,VHT,2,2,2,80,SU,1,4,122,6637c97e16e6ce8a,1.22718463,1.22718463,1.22718463,1.22718463,1.22718463,1.22718463,1.22718463,1.22718463,1.22718463,1.3253594,1.3253594,1.3253594,1.3253594,1.3253594,1.3253594,1.3253594,1.3253594,1.3253594,1.3253594,1.3253594,1.3253594,1.3253594,1.42353417,1.42353417,1.42353417,1.42353417,1.42353417,1.42353417,1.42353417,1.42353417,1.52170894,1.52170894,1.52170894,1.52170894,1.52170894,1.52170894,1.42353417,1.42353417,1.42353417,1.42353417,1.42353417,1.42353417,1.42353417,1.3253594,1.3253594,1.3253594,1.3253594,1.3253594,1.3253594,1.22718463,1.3253594,1.22718463,1.22718463,1.22718463,1.22718463,1.22718463,1.12900986,1.12900986,1.12900986,1.12900986,1.12900986,1.12900986,1.03083509,1.03083509,1.03083509,1.03083509,0.932660319,0.932660319,0.932660319,0.932660319,0.932660319,0.834485549,0.834485549,0.834485549,0.834485549,0.834485549,0.834485549,0.834485549,0.736310778,0.736310778,0.736310778,0.736310778,0.736310778,0.736310778,0.736310778,0.736310778,0.736310778,0.736310778,0.638136008,0.638136008,0.638136008,0.638136008,0.638136008,0.638136008,0.638136008,0.638136008,0.638136008,0.638136008,0.539961237,0.539961237,0.638136008,0.638136008,0.539961237,0.539961237,0.539961237,0.539961237,0.539961237,0.539961237,0.539961237,0.539961237,0.539961237,0.539961237,0.638136008,0.539961237,0.539961237,0.539961237,0.638136008,0.638136008,0.638136008,0.539961237,0.539961237,0.638136008
205.659201860,C01,AP01,client_to_ap,VHT,2,2,2,80,SU,1,4,122,6637c97e16e6ce8a,1.22718463,1.22718463,1.22718463,1.22718463,1.22718463,1.22718463,1.22718463,1.22718463,1.22718463,1.3253594,1.3253594,1.3253594,1.3253594,1.3253594,1.3253594,1.3253594,1.3253594,1.3253594,1.3253594,1.3253594,1.3253594,1.42353417,1.42353417,1.42353417,1.42353417,1.42353417,1.42353417,1.42353417,1.42353417,1.42353417,1.52170894,1.52170894,1.52170894,1.52170894,1.52170894,1.52170894,1.42353417,1.42353417,1.42353417,1.42353417,1.42353417,1.42353417,1.42353417,1.42353417,1.3253594,1.3253594,1.3253594,1.3253594,1.3253594,1.22718463,1.22718463,1.22718463,1.22718463,1.22718463,1.22718463,1.22718463,1.12900986,1.12900986,1.12900986,1.12900986,1.12900986,1.03083509,1.03083509,1.03083509,1.03083509,1.03083509,0.932660319,0.932660319,0.932660319,0.932660319,0.932660319,0.834485549,0.834485549,0.834485549,0.834485549,0.834485549,0.834485549,0.736310778,0.736310778,0.736310778,0.736310778,0.736310778,0.736310778,0.736310778,0.736310778,0.638136008,0.736310778,0.638136008,0.638136008,0.638136008,0.638136008,0.638136008,0.638136008,0.638136008,0.638136008,0.638136008,0.638136008,0.539961237,0.539961237,0.539961237,0.539961237,0.539961237,0.539961237,0.539961237,0.539961237,0.539961237,0.539961237,0.539961237,0.539961237,0.539961237,0.539961237,0.539961237,0.539961237,0.539961237,0.539961237,0.539961237,0.539961237,0.539961237,0.638136008,0.539961237,0.539961237,0.539961237
206.992549896,C01,AP01,client_to_ap,VHT,2,2,2,80,SU,1,4,122,6637c97e16e6ce8a,1.22718463,1.22718463,1.22718463,1.22718463,1.22718463,1.22718463,1.22718463,1.22718463,1.22718463,1.3253594,1.3253594,1.3253594,1.3253594,1.3253594,1.3253594,1.3253594,1.3253594,1.3253594,1.3253594,1.3253594,1.3253594,1.42353417,1.42353417,1.42353417,1.42353417,1.42353417,1.42353417,1.42353417,1.52170894,1.42353417,1.52170894,1.52170894,1.52170894,1.52170894,1.52170894,1.52170894,1.52170894,1.52170894,1.42353417,1.42353417,1.42353417,1.42353417,1.42353417,1.42353417,1.3253594,1.3253594,1.3253594,1.3253594,1.3253594,1.22718463,1.22718463,1.22718463,1.22718463,1.22718463,1.22718463,1.12900986,1.12900986,1.12900986,1.12900986,1.12900986,1.12900986,1.03083509,1.03083509,1.03083509,1.03083509,0.932660319,0.932660319,0.932660319,0.932660319,0.932660319,0.932660319,0.834485549,0.834485549,0.834485549,0.834485549,0.834485549,0.834485549,0.736310778,0.736310778,0.736310778,0.736310778,0.736310778,0.736310778,0.736310778,0.736310778,0.638136008,0.638136008,0.638136008,0.638136008,0.638136008,0.638136008,0.638136008,0.638136008,0.638136008,0.638136008,0.638136008,0.638136008,0.539961237,0.539961237,0.539961237,0.539961237,0.539961237,0.539961237,0.539961237,0.539961237,0.539961237,0.539961237,0.539961237,0.539961237,0.539961237,0.539961237,0.539961237,0.539961237,0.539961237,0.539961237,0.638136008,0.638136008,0.539961237,0.638136008,0.638136008,0.539961237,0.539961237
208.326656818,C01,AP01,client_to_ap,VHT,2,2,2,80,SU,1,4,122,6637c97e16e6ce8a,1.22718463,1.22718463,1.22718463,1.22718463,1.22718463,1.22718463,1.22718463,1.22718463,1.3253594,1.22718463,1.3253594,1.3253594,1.3253594,1.3253594,1.3253594,1.3253594,1.3253594,1.3253594,1.3253594,1.3253594,1.42353417,1.42353417,1.42353417,1.42353417,1.42353417,1.42353417,1.42353417,1.42353417,1.42353417,1.52170894,1.52170894,1.52170894,1.52170894,1.52170894,1.52170894,1.42353417,1.42353417,1.42353417,1.42353417,1.42353417,1.42353417,1.42353417,1.42353417,1.3253594,1.3253594,1.3253594,1.3253594,1.3253594,1.22718463,1.22718463,1.22718463,1.22718463,1.22718463,1.22718463,1.22718463,1.12900986,1.12900986,1.12900986,1.12900986,1.12900986,1.12900986,1.03083509,1.03083509,1.03083509,1.03083509,1.03083509,0.932660319,0.932660319,0.932660319,0.932660319,0.932660319,0.834485549,0.834485549,0.834485549,0.834485549,0.834485549,0.834485549,0.736310778,0.736310778,0.736310778,0.736310778,0.736310778,0.736310778,0.736310778,0.736310778,0.638136008,0.638136008,0.736310778,0.638136008,0.638136008,0.638136008,0.638136008,0.638136008,0.638136008,0.638136008,0.638136008,0.638136008,0.539961237,0.539961237,0.539961237,0.539961237,0.539961237,0.539961237,0.638136008,0.539961237,0.539961237,0.539961237,0.539961237,0.539961237,0.539961237,0.539961237,0.539961237,0.539961237,0.539961237,0.539961237,0.539961237,0.539961237,0.539961237,0.539961237,0.638136008,0.638136008,0.539961237
209.659806013,C01,AP01,client_to_ap,VHT,2,2,2,80,SU,1,4,122,6637c97e16e6ce8a,1.22718463,1.22718463,1.22718463,1.22718463,1.22718463,1.22718463,1.22718463,1.22718463,1.22718463,1.3253594,1.3253594,1.3253594,1.3253594,1.3253594,1.3253594,1.3253594,1.3253594,1.3253594,1.3253594,1.3253594,1.42353417,1.42353417,1.42353417,1.42353417,1.42353417,1.42353417,1.42353417,1.42353417,1.42353417,1.52170894,1.52170894,1.52170894,1.52170894,1.52170894,1.52170894,1.52170894,1.52170894,1.42353417,1.42353417,1.42353417,1.42353417,1.42353417,1.42353417,1.42353417,1.3253594,1.3253594,1.3253594,1.3253594,1.3253594,1.22718463,1.22718463,1.22718463,1.22718463,1.22718463,1.22718463,1.22718463,1.22718463,1.12900986,1.12900986,1.12900986,1.12900986,1.12900986,1.03083509,1.03083509,1.03083509,1.03083509,1.03083509,0.932660319,0.932660319,0.932660319,0.932660319,0.932660319,0.834485549,0.834485549,0.834485549,0.834485549,0.834485549,0.834485549,0.834485549,0.736310778,0.736310778,0.736310778,0.736310778,0.736310778,0.736310778,0.736310778,0.736310778,0.736310778,0.638136008,0.638136008,0.638136008,0.638136008,0.638136008,0.638136008,0.638136008,0.638136008,0.638136008,0.638136008,0.638136008,0.638136008,0.638136008,0.638136008,0.638136008,0.539961237,0.539961237,0.539961237,0.539961237,0.638136008,0.638136008,0.539961237,0.638136008,0.638136008,0.638136008,0.539961237,0.638136008,0.638136008,0.638136008,0.539961237,0.638136008,0.638136008,0.638136008,0.638136008
210.991513014,C01,AP01,client_to_ap,VHT,2,2,2,80,SU,1,4,122,6637c97e16e6ce8a,1.22718463,1.22718463,1.22718463,1.22718463,1.22718463,1.22718463,1.22718463,1.22718463,1.22718463,1.3253594,1.3253594,1.3253594,1.3253594,1.3253594,1.3253594,1.3253594,1.3253594,1.3253594,1.3253594,1.3253594,1.42353417,1.42353417,1.42353417,1.42353417,1.42353417,1.42353417,1.42353417,1.42353417,1.42353417,1.52170894,1.52170894,1.52170894,1.52170894,1.52170894,1.52170894,1.52170894,1.52170894,1.42353417,1.42353417,1.42353417,1.42353417,1.42353417,1.42353417,1.42353417,1.42353417,1.3253594,1.3253594,1.3253594,1.3253594,1.22718463,1.22718463,1.22718463,1.22718463,1.22718463,1.22718463,1.22718463,1.22718463,1.12900986,1.12900986,1.12900986,1.12900986,1.12900986,1.03083509,1.03083509,1.03083509,1.03083509,1.03083509,0.932660319,0.932660319,0.932660319,0.932660319,0.932660319,0.834485549,0.834485549,0.834485549,0.834485549,0.834485549,0.834485549,0.736310778,0.736310778,0.736310778,0.736310778,0.736310778,0.736310778,0.736310778,0.736310778,0.736310778,0.736310778,0.638136008,0.638136008,0.638136008,0.638136008,0.638136008,0.638136008,0.638136008,0.638136008,0.638136008,0.638136008,0.638136008,0.638136008,0.539961237,0.539961237,0.638136008,0.539961237,0.539961237,0.539961237,0.539961237,0.539961237,0.539961237,0.539961237,0.638136008,0.539961237,0.638136008,0.539961237,0.638136008,0.638136008,0.638136008,0.638136008,0.638136008,0.638136008,0.539961237,0.638136008
212.327028990,C01,AP01,client_to_ap,VHT,2,2,2,80,SU,1,4,122,6637c97e16e6ce8a,1.22718463,1.22718463,1.22718463,1.22718463,1.22718463,1.22718463,1.22718463,1.22718463,1.22718463,1.3253594,1.3253594,1.3253594,1.3253594,1.3253594,1.3253594,1.3253594,1.3253594,1.3253594,1.3253594,1.3253594,1.42353417,1.42353417,1.42353417,1.42353417,1.42353417,1.42353417,1.42353417,1.42353417,1.42353417,1.42353417,1.52170894,1.52170894,1.52170894,1.52170894,1.52170894,1.52170894,1.52170894,1.42353417,1.42353417,1.42353417,1.42353417,1.42353417,1.42353417,1.42353417,1.42353417,1.3253594,1.3253594,1.3253594,1.3253594,1.22718463,1.22718463,1.22718463,1.22718463,1.22718463,1.22718463,1.22718463,1.22718463,1.12900986,1.12900986,1.12900986,1.12900986,1.12900986,1.03083509,1.03083509,1.03083509,1.03083509,1.03083509,0.932660319,0.932660319,0.932660319,0.932660319,0.834485549,0.834485549,0.834485549,0.834485549,0.834485549,0.834485549,0.834485549,0.736310778,0.736310778,0.736310778,0.736310778,0.736310778,0.736310778,0.736310778,0.736310778,0.736310778,0.736310778,0.638136008,0.638136008,0.638136008,0.638136008,0.638136008,0.638136008,0.638136008,0.638136008,0.638136008,0.638136008,0.638136008,0.539961237,0.638136008,0.638136008,0.539961237,0.539961237,0.539961237,0.539961237,0.539961237,0.539961237,0.539961237,0.539961237,0.539961237,0.539961237,0.539961237,0.539961237,0.539961237,0.539961237,0.638136008,0.638136008,0.539961237,0.539961237,0.638136008,0.638136008
213.659535885,C01,AP01,client_to_ap,VHT,2,2,2,80,SU,1,4,122,6637c97e16e6ce8a,1.22718463,1.22718463,1.22718463,1.22718463,1.22718463,1.22718463,1.22718463,1.22718463,1.22718463,1.3253594,1.3253594,1.3253594,1.3253594,1.3253594,1.3253594,1.3253594,1.3253594,1.3253594,1.3253594,1.42353417,1.42353417,1.42353417,1.42353417,1.42353417,1.42353417,1.42353417,1.42353417,1.42353417,1.42353417,1.42353417,1.52170894,1.52170894,1.52170894,1.52170894,1.52170894,1.52170894,1.52170894,1.42353417,1.42353417,1.42353417,1.42353417,1.42353417,1.42353417,1.42353417,1.3253594,1.3253594,1.3253594,1.3253594,1.3253594,1.22718463,1.22718463,1.22718463,1.22718463,1.22718463,1.22718463,1.22718463,1.12900986,1.12900986,1.12900986,1.12900986,1.12900986,1.03083509,1.03083509,1.03083509,1.03083509,1.03083509,0.932660319,0.932660319,0.932660319,0.932660319,0.932660319,0.932660319,0.834485549,0.834485549,0.834485549,0.834485549,0.834485549,0.736310778,0.736310778,0.736310778,0.736310778,0.736310778,0.736310778,0.736310778,0.736310778,0.736310778,0.736310778,0.736310778,0.638136008,0.638136008,0.638136008,0.638136008,0.638136008,0.638136008,0.638136008,0.638136008,0.638136008,0.539961237,0.539961237,0.539961237,0.539961237,0.539961237,0.539961237,0.539961237,0.539961237,0.539961237,0.539961237,0.539961237,0.539961237,0.539961237,0.539961237,0.539961237,0.539961237,0.539961237,0.539961237,0.638136008,0.638136008,0.539961237,0.539961237,0.638136008,0.539961237,0.539961237
214.991978884,C01,AP01,client_to_ap,VHT,2,2,2,80,SU,1,4,122,6637c97e16e6ce8a,1.22718463,1.22718463,1.22718463,1.22718463,1.22718463,1.22718463,1.22718463,1.22718463,1.22718463,1.3253594,1.3253594,1.3253594,1.3253594,1.3253594,1.3253594,1.3253594,1.3253594,1.3253594,1.3253594,1.3253594,1.42353417,1.42353417,1.42353417,1.42353417,1.42353417,1.42353417,1.42353417,1.42353417,1.42353417,1.52170894,1.52170894,1.52170894,1.52170894,1.52170894,1.52170894,1.42353417,1.42353417,1.42353417,1.42353417,1.42353417,1.42353417,1.42353417,1.42353417,1.42353417,1.3253594,1.3253594,1.3253594,1.3253594,1.22718463,1.22718463,1.3253594,1.22718463,1.22718463,1.22718463,1.22718463,1.22718463,1.12900986,1.12900986,1.12900986,1.12900986,1.12900986,1.12900986,1.03083509,1.03083509,1.03083509,1.03083509,0.932660319,0.932660319,0.932660319,0.932660319,0.932660319,0.834485549,0.834485549,0.834485549,0.834485549,0.834485549,0.834485549,0.834485549,0.736310778,0.736310778,0.736310778,0.736310778,0.736310778,0.736310778,0.736310778,0.736310778,0.736310778,0.638136008,0.638136008,0.638136008,0.638136008,0.638136008,0.638136008,0.638136008,0.638136008,0.638136008,0.638136008,0.638136008,0.638136008,0.539961237,0.638136008,0.539961237,0.539961237,0.539961237,0.539961237,0.539961237,0.539961237,0.539961237,0.539961237,0.638136008,0.539961237,0.539961237,0.638136008,0.539961237,0.539961237,0.539961237,0.638136008,0.638136008,0.539961237,0.539961237,0.638136008,0.638136008
216.326877832,C01,AP01,client_to_ap,VHT,2,2,2,80,SU,1,4,122,6637c97e16e6ce8a,1.22718463,1.22718463,1.22718463,1.22718463,1.22718463,1.22718463,1.22718463,1.3253594,1.22718463,1.3253594,1.3253594,1.3253594,1.3253594,1.3253594,1.3253594,1.3253594,1.3253594,1.3253594,1.3253594,1.42353417,1.42353417,1.42353417,1.42353417,1.42353417,1.42353417,1.42353417,1.42353417,1.42353417,1.42353417,1.52170894,1.52170894,1.52170894,1.52170894,1.52170894,1.52170894,1.52170894,1.52170894,1.42353417,1.42353417,1.42353417,1.42353417,1.42353417,1.42353417,1.42353417,1.42353417,1.3253594,1.3253594,1.3253594,1.3253594,1.3253594,1.22718463,1.22718463,1.22718463,1.22718463,1.22718463,1.22718463,1.22718463,1.22718463,1.12900986,1.12900986,1.12900986,1.12900986,1.03083509,1.03083509,1.03083509,1.03083509,1.03083509,0.932660319,0.932660319,0.932660319,0.932660319,0.932660319,0.834485549,0.834485549,0.834485549,0.834485549,0.834485549,0.834485549,0.834485549,0.834485549,0.736310778,0.736310778,0.736310778,0.736310778,0.736310778,0.736310778,0.736310778,0.736310778,0.736310778,0.736310778,0.638136008,0.638136008,0.638136008,0.638136008,0.638136008,0.638136008,0.638136008,0.638136008,0.638136008,0.638136008,0.638136008,0.539961237,0.638136008,0.539961237,0.539961237,0.539961237,0.638136008,0.638136008,0.539961237,0.539961237,0.638136008,0.638136008,0.638136008,0.638136008,0.638136008,0.638136008,0.638136008,0.638136008,0.638136008,0.638136008,0.638136008,0.638136008
217.659174919,C01,AP01,client_to_ap,VHT,2,2,2,80,SU,1,4,122,6637c97e16e6ce8a,1.22718463,1.22718463,1.22718463,1.22718463,1.22718463,1.22718463,1.22718463,1.22718463,1.22718463,1.3253594,1.3253594,1.3253594,1.3253594,1.3253594,1.3253594,1.3253594,1.3253594,1.3253594,1.3253594,1.3253594,1.3253594,1.42353417,1.42353417,1.42353417,1.42353417,1.42353417,1.42353417,1.42353417,1.42353417,1.42353417,1.52170894,1.52170894,1.52170894,1.52170894,1.52170894,1.52170894,1.42353417,1.42353417,1.42353417,1.42353417,1.42353417,1.42353417,1.42353417,1.42353417,1.3253594,1.3253594,1.3253594,1.3253594,1.3253594,1.22718463,1.22718463,1.22718463,1.22718463,1.22718463,1.22718463,1.22718463,1.12900986,1.12900986,1.12900986,1.12900986,1.12900986,1.03083509,1.03083509,1.03083509,1.03083509,1.03083509,0.932660319,0.932660319,0.932660319,0.932660319,0.932660319,0.932660319,0.834485549,0.834485549,0.834485549,0.834485549,0.834485549,0.736310778,0.736310778,0.736310778,0.736310778,0.736310778,0.736310778,0.736310778,0.736310778,0.736310778,0.736310778,0.638136008,0.638136008,0.638136008,0.638136008,0.638136008,0.638136008,0.638136008,0.638136008,0.638136008,0.638136008,0.638136008,0.638136008,0.539961237,0.539961237,0.539961237,0.539961237,0.539961237,0.539961237,0.539961237,0.539961237,0.539961237,0.539961237,0.539961237,0.539961237,0.539961237,0.539961237,0.539961237,0.539961237,0.539961237,0.539961237,0.638136008,0.638136008,0.539961237,0.539961237,0.539961237
218.990999937,C01,AP01,client_to_ap,VHT,2,2,2,80,SU,1,4,122,6637c97e16e6ce8a,1.22718463,1.22718463,1.22718463,1.22718463,1.22718463,1.22718463,1.22718463,1.3253594,1.3253594,1.3253594,1.3253594,1.3253594,1.3253594,1.3253594,1.3253594,1.3253594,1.3253594,1.3253594,1.3253594,1.3253594,1.42353417,1.42353417,1.42353417,1.42353417,1.42353417,1.42353417,1.42353417,1.42353417,1.42353417,1.42353417,1.52170894,1.52170894,1.52170894,1.52170894,1.52170894,1.52170894,1.52170894,1.52170894,1.42353417,1.42353417,1.42353417,1.42353417,1.42353417,1.42353417,1.42353417,1.42353417,1.3253594,1.3253594,1.3253594,1.3253594,1.3253594,1.3253594,1.3253594,1.22718463,1.22718463,1.22718463,1.22718463,1.22718463,1.22718463,1.22718463,1.12900986,1.12900986,1.12900986,1.12900986,1.03083509,1.03083509,1.03083509,1.03083509,1.03083509,1.03083509,0.932660319,0.932660319,0.932660319,0.932660319,0.932660319,0.834485549,0.834485549,0.834485549,0.834485549,0.834485549,0.834485549,0.834485549,0.834485549,0.736310778,0.736310778,0.736310778,0.736310778,0.736310778,0.736310778,0.736310778,0.736310778,0.736310778,0.638136008,0.638136008,0.638136008,0.638136008,0.638136008,0.638136008,0.638136008,0.638136008,0.638136008,0.638136008,0.638136008,0.638136008,0.638136008,0.638136008,0.638136008,0.638136008,0.638136008,0.638136008,0.638136008,0.638136008,0.638136008,0.638136008,0.638136008,0.638136008,0.638136008,0.638136008,0.638136008,0.638136008,0.638136008,0.638136008
220.326826811,C01,AP01,client_to_ap,VHT,2,2,2,80,SU,1,4,122,6637c97e16e6ce8a,1.22718463,1.22718463,1.22718463,1.22718463,1.22718463,1.22718463,1.22718463,1.22718463,1.3253594,1.3253594,1.3253594,1.3253594,1.3253594,1.3253594,1.3253594,1.3253594,1.3253594,1.3253594,1.3253594,1.3253594,1.3253594,1.42353417,1.42353417,1.42353417,1.42353417,1.42353417,1.42353417,1.42353417,1.42353417,1.52170894,1.52170894,1.52170894,1.52170894,1.52170894,1.52170894,1.52170894,1.42353417,1.42353417,1.42353417,1.42353417,1.42353417,1.42353417,1.42353417,1.42353417,1.3253594,1.3253594,1.3253594,1.3253594,1.3253594,1.22718463,1.22718463,1.22718463,1.22718463,1.22718463,1.22718463,1.22718463,1.12900986,1.12900986,1.12900986,1.12900986,1.12900986,1.12900986,1.03083509,1.03083509,1.03083509,1.03083509,1.03083509,0.932660319,0.932660319,0.932660319,0.932660319,0.932660319,0.834485549,0.834485549,0.834485549,0.834485549,0.834485549,0.736310778,0.736310778,0.736310778,0.736310778,0.736310778,0.736310778,0.736310778,0.736310778,0.736310778,0.736310778,0.736310778,0.638136008,0.638136008,0.638136008,0.638136008,0.638136008,0.638136008,0.638136008,0.638136008,0.638136008,0.638136008,0.638136008,0.539961237,0.539961237,0.539961237,0.539961237,0.539961237,0.539961237,0.539961237,0.539961237,0.539961237,0.539961237,0.539961237,0.539961237,0.539961237,0.539961237,0.539961237,0.539961237,0.638136008,0.539961237,0.539961237,0.638136008,0.638136008,0.638136008,0.638136008
221.659811974,C01,AP01,client_to_ap,VHT,2,2,2,80,SU,1,4,122,6637c97e16e6ce8a,1.22718463,1.22718463,1.22718463,1.22718463,1.22718463,1.22718463,1.22718463,1.3253594,1.22718463,1.3253594,1.3253594,1.3253594,1.3253594,1.3253594,1.3253594,1.3253594,1.3253594,1.3253594,1.3253594,1.3253594,1.42353417,1.3253594,1.42353417,1.42353417,1.42353417,1.42353417,1.42353417,1.42353417,1.42353417,1.42353417,1.52170894,1.52170894,1.52170894,1.52170894,1.52170894,1.52170894,1.52170894,1.42353417,1.42353417,1.42353417,1.42353417,1.42353417,1.42353417,1.42353417,1.3253594,1.3253594,1.3253594,1.3253594,1.3253594,1.22718463,1.22718463,1.22718463,1.22718463,1.22718463,1.22718463,1.22718463,1.22718463,1.12900986,1.12900986,1.12900986,1.12900986,1.12900986,1.03083509,1.03083509,1.03083509,1.03083509,0.932660319,0.932660319,0.932660319,0.932660319,0.932660319,0.932660319,0.834485549,0.834485549,0.834485549,0.834485549,0.834485549,0.736310778,0.736310778,0.736310778,0.736310778,0.736310778,0.736310778,0.736310778,0.736310778,0.736310778,0.736310778,0.736310778,0.638136008,0.638136008,0.638136008,0.638136008,0.638136008,0.638136008,0.638136008,0.638136008,0.638136008,0.539961237,0.539961237,0.638136008,0.539961237,0.539961237,0.539961237,0.539961237,0.539961237,0.539961237,0.539961237,0.539961237,0.539961237,0.539961237,0.539961237,0.539961237,0.539961237,0.539961237,0.638136008,0.539961237,0.539961237,0.539961237,0.638136008,0.638136008,0.638136008,0.638136008
222.991415977,C01,AP01,client_to_ap,VHT,2,2,2,80,SU,1,4,122,6637c97e16e6ce8a,1.22718463,1.22718463,1.22718463,1.22718463,1.22718463,1.22718463,1.22718463,1.22718463,1.22718463,1.3253594,1.3253594,1.3253594,1.3253594,1.3253594,1.3253594,1.3253594,1.3253594,1.3253594,1.3253594,1.3253594,1.3253594,1.42353417,1.42353417,1.42353417,1.42353417,1.42353417,1.42353417,1.42353417,1.42353417,1.42353417,1.52170894,1.52170894,1.52170894,1.52170894,1.52170894,1.52170894,1.52170894,1.42353417,1.42353417,1.42353417,1.42353417,1.42353417,1.42353417,1.42353417,1.3253594,1.3253594,1.3253594,1.3253594,1.3253594,1.22718463,1.22718463,1.22718463,1.22718463,1.22718463,1.22718463,1.22718463,1.12900986,1.12900986,1.12900986,1.12900986,1.12900986,1.03083509,1.03083509,1.03083509,1.03083509,1.03083509,0.932660319,0.932660319,0.932660319,0.932660319,0.932660319,0.834485549,0.834485549,0.834485549,0.834485549,0.834485549,0.834485549,0.736310778,0.736310778,0.736310778,0.736310778,0.736310778,0.736310778,0.736310778,0.736310778,0.736310778,0.736310778,0.638136008,0.638136008,0.638136008,0.638136008,0.638136008,0.638136008,0.638136008,0.638136008,0.638136008,0.638136008,0.638136008,0.539961237,0.539961237,0.539961237,0.539961237,0.539961237,0.539961237,0.539961237,0.539961237,0.539961237,0.539961237,0.539961237,0.539961237,0.539961237,0.539961237,0.539961237,0.539961237,0.638136008,0.638136008,0.539961237,0.539961237,0.539961237,0.539961237,0.539961237,0.638136008
224.327250004,C01,AP01,client_to_ap,VHT,2,2,2,80,SU,1,4,122,6637c97e16e6ce8a,1.22718463,1.22718463,1.22718463,1.22718463,1.22718463,1.22718463,1.22718463,1.22718463,1.22718463,1.3253594,1.3253594,1.3253594,1.3253594,1.3253594,1.3253594,1.3253594,1.3253594,1.3253594,1.3253594,1.3253594,1.42353417,1.42353417,1.42353417,1.42353417,1.42353417,1.42353417,1.42353417,1.42353417,1.42353417,1.42353417,1.52170894,1.52170894,1.52170894,1.52170894,1.52170894,1.52170894,1.42353417,1.52170894,1.42353417,1.42353417,1.42353417,1.42353417,1.42353417,1.42353417,1.3253594,1.3253594,1.3253594,1.3253594,1.3253594,1.3253594,1.22718463,1.22718463,1.22718463,1.22718463,1.22718463,1.22718463,1.12900986,1.12900986,1.12900986,1.12900986,1.12900986,1.12900986,1.03083509,1.03083509,1.03083509,1.03083509,0.932660319,0.932660319,0.932660319,0.932660319,0.932660319,0.834485549,0.834485549,0.834485549,0.834485549,0.834485549,0.834485549,0.736310778,0.736310778,0.736310778,0.736310778,0.736310778,0.736310778,0.736310778,0.736310778,0.736310778,0.736310778,0.736310778,0.638136008,0.638136008,0.638136008,0.638136008,0.638136008,0.638136008,0.638136008,0.638136008,0.638136008,0.638136008,0.638136008,0.638136008,0.539961237,0.539961237,0.539961237,0.539961237,0.539961237,0.638136008,0.539961237,0.539961237,0.539961237,0.539961237,0.539961237,0.539961237,0.539961237,0.638136008,0.539961237,0.539961237,0.539961237,0.539961237,0.638136008,0.638136008,0.638136008,0.638136008
225.660153866,C01,AP01,client_to_ap,VHT,2,2,2,80,SU,1,4,122,6637c97e16e6ce8a,1.22718463,1.22718463,1.22718463,1.22718463,1.22718463,1.22718463,1.22718463,1.3253594,1.22718463,1.3253594,1.3253594,1.3253594,1.3253594,1.3253594,1.3253594,1.3253594,1.3253594,1.3253594,1.3253594,1.3253594,1.42353417,1.42353417,1.42353417,1.42353417,1.42353417,1.42353417,1.42353417,1.42353417,1.42353417,1.52170894,1.52170894,1.52170894,1.52170894,1.52170894,1.52170894,1.52170894,1.52170894,1.42353417,1.42353417,1.42353417,1.42353417,1.42353417,1.42353417,1.42353417,1.42353417,1.3253594,1.3253594,1.3253594,1.3253594,1.22718463,1.22718463,1.22718463,1.22718463,1.22718463,1.22718463,1.22718463,1.22718463,1.12900986,1.12900986,1.12900986,1.12900986,1.03083509,1.03083509,1.03083509,1.03083509,0.932660319,0.932660319,0.932660319,0.932660319,0.932660319,0.932660319,0.932660319,0.834485549,0.834485549,0.834485549,0.834485549,0.834485549,0.736310778,0.736310778,0.736310778,0.736310778,0.736310778,0.736310778,0.736310778,0.736310778,0.736310778,0.736310778,0.736310778,0.638136008,0.638136008,0.638136008,0.638136008,0.638136008,0.638136008,0.638136008,0.638136008,0.638136008,0.539961237,0.539961237,0.539961237,0.539961237,0.539961237,0.539961237,0.638136008,0.638136008,0.539961237,0.539961237,0.539961237,0.539961237,0.539961237,0.539961237,0.539961237,0.539961237,0.539961237,0.638136008,0.638136008,0.638136008,0.638136008,0.638136008,0.638136008,0.539961237,0.539961237
226.991892815,C01,AP01,client_to_ap,VHT,2,2,2,80,SU,1,4,122,6637c97e16e6ce8a,1.22718463,1.22718463,1.22718463,1.22718463,1.22718463,1.22718463,1.22718463,1.22718463,1.22718463,1.3253594,1.3253594,1.3253594,1.3253594,1.3253594,1.3253594,1.3253594,1.3253594,1.3253594,1.3253594,1.3253594,1.3253594,1.42353417,1.42353417,1.42353417,1.42353417,1.42353417,1.42353417,1.42353417,1.42353417,1.52170894,1.52170894,1.52170894,1.52170894,1.52170894,1.52170894,1.52170894,1.52170894,1.52170894,1.42353417,1.42353417,1.42353417,1.42353417,1.42353417,1.42353417,1.42353417,1.3253594,1.3253594,1.3253594,1.3253594,1.22718463,1.22718463,1.22718463,1.22718463,1.22718463,1.22718463,1.22718463,1.12900986,1.12900986,1.12900986,1.12900986,1.12900986,1.12900986,1.03083509,1.03083509,1.03083509,1.03083509,0.932660319,0.932660319,0.932660319,0.932660319,0.932660319,0.932660319,0.834485549,0.834485549,0.834485549,0.834485549,0.834485549,0.834485549,0.736310778,0.736310778,0.736310778,0.736310778,0.736310778,0.736310778,0.736310778,0.736310778,0.638136008,0.736310778,0.638136008,0.638136008,0.638136008,0.638136008,0.638136008,0.638136008,0.638136008,0.638136008,0.638136008,0.539961237,0.638136008,0.539961237,0.539961237,0.539961237,0.539961237,0.539961237,0.539961237,0.539961237,0.539961237,0.539961237,0.539961237,0.539961237,0.539961237,0.539961237,0.539961237,0.539961237,0.539961237,0.539961237,0.638136008,0.539961237,0.539961237,0.539961237,0.638136008,0.539961237
228.327322006,C01,AP01,client_to_ap,VHT,2,2,2,80,SU,1,4,122,6637c97e16e6ce8a,1.22718463,1.22718463,1.22718463,1.22718463,1.22718463,1.22718463,1.22718463,1.22718463,1.22718463,1.3253594,1.3253594,1.3253594,1.3253594,1.3253594,1.3253594,1.3253594,1.3253594,1.3253594,1.3253594,1.3253594,1.3253594,1.42353417,1.42353417,1.42353417,1.42353417,1.42353417,1.42353417,1.42353417,1.52170894,1.42353417,1.52170894,1.52170894,1.52170894,1.52170894,1.52170894,1.52170894,1.52170894,1.42353417,1.42353417,1.42353417,1.42353417,1.42353417,1.42353417,1.42353417,1.3253594,1.3253594,1.3253594,1.3253594,1.3253594,1.22718463,1.22718463,1.22718463,1.22718463,1.22718463,1.22718463,1.22718463,1.12900986,1.12900986,1.12900986,1.12900986,1.12900986,1.03083509,1.03083509,1.03083509,1.03083509,1.03083509,0.932660319,0.932660319,0.932660319,0.932660319,0.932660319,0.834485549,0.834485549,0.834485549,0.834485549,0.834485549,0.834485549,0.736310778,0.736310778,0.736310778,0.736310778,0.736310778,0.736310778,0.736310778,0.736310778,0.638136008,0.638136008,0.638136008,0.638136008,0.638136008,0.638136008,0.638136008,0.638136008,0.638136008,0.638136008,0.638136008,0.638136008,0.539961237,0.638136008,0.539961237,0.539961237,0.539961237,0.539961237,0.539961237,0.539961237,0.539961237,0.539961237,0.539961237,0.539961237,0.539961237,0.539961237,0.539961237,0.539961237,0.539961237,0.539961237,0.539961237,0.539961237,0.539961237,0.539961237,0.638136008,0.539961237,0.539961237
229.659156799,C01,AP01,client_to_ap,VHT,2,2,2,80,SU,1,4,122,6637c97e16e6ce8a,1.22718463,1.22718463,1.22718463,1.22718463,1.22718463,1.22718463,1.22718463,1.22718463,1.22718463,1.3253594,1.3253594,1.3253594,1.3253594,1.3253594,1.3253594,1.3253594,1.3253594,1.3253594,1.3253594,1.3253594,1.3253594,1.42353417,1.42353417,1.42353417,1.42353417,1.42353417,1.42353417,1.42353417,1.42353417,1.52170894,1.52170894,1.52170894,1.52170894,1.52170894,1.52170894,1.52170894,1.52170894,1.42353417,1.42353417,1.42353417,1.42353417,1.42353417,1.42353417,1.42353417,1.42353417,1.3253594,1.3253594,1.3253594,1.3253594,1.3253594,1.22718463,1.22718463,1.22718463,1.22718463,1.22718463,1.22718463,1.22718463,1.12900986,1.12900986,1.12900986,1.12900986,1.12900986,1.03083509,1.03083509,1.03083509,1.03083509,1.03083509,0.932660319,0.932660319,0.932660319,0.932660319,0.932660319,0.834485549,0.834485549,0.834485549,0.834485549,0.834485549,0.834485549,0.736310778,0.736310778,0.736310778,0.736310778,0.736310778,0.736310778,0.736310778,0.736310778,0.736310778,0.736310778,0.638136008,0.638136008,0.638136008,0.638136008,0.638136008,0.638136008,0.638136008,0.638136008,0.638136008,0.638136008,0.638136008,0.638136008,0.638136008,0.638136008,0.539961237,0.638136008,0.638136008,0.539961237,0.539961237,0.539961237,0.539961237,0.539961237,0.638136008,0.638136008,0.638136008,0.539961237,0.638136008,0.539961237,0.638136008,0.638136008,0.638136008,0.638136008,0.638136008,0.638136008
230.991257906,C01,AP01,client_to_ap,VHT,2,2,2,80,SU,1,4,122,6637c97e16e6ce8a,1.22718463,1.22718463,1.22718463,1.22718463,1.22718463,1.22718463,1.22718463,1.22718463,1.3253594,1.3253594,1.3253594,1.3253594,1.3253594,1.3253594,1.3253594,1.3253594,1.3253594,1.3253594,1.3253594,1.3253594,1.3253594,1.42353417,1.42353417,1.42353417,1.42353417,1.42353417,1.42353417,1.42353417,1.42353417,1.52170894,1.52170894,1.52170894,1.52170894,1.52170894,1.52170894,1.52170894,1.52170894,1.52170894,1.42353417,1.42353417,1.42353417,1.42353417,1.42353417,1.42353417,1.42353417,1.3253594,1.3253594,1.3253594,1.3253594,1.22718463,1.22718463,1.22718463,1.22718463,1.22718463,1.22718463,1.22718463,1.22718463,1.12900986,1.12900986,1.12900986,1.12900986,1.12900986,1.03083509,1.03083509,1.03083509,1.03083509,1.03083509,0.932660319,0.932660319,0.932660319,0.932660319,0.932660319,0.834485549,0.834485549,0.834485549,0.834485549,0.834485549,0.834485549,0.834485549,0.736310778,0.736310778,0.736310778,0.736310778,0.736310778,0.736310778,0.736310778,0.736310778,0.736310778,0.638136008,0.638136008,0.638136008,0.638136008,0.638136008,0.638136008,0.638136008,0.638136008,0.638136008,0.638136008,0.638136008,0.638136008,0.638136008,0.539961237,0.539961237,0.638136008,0.539961237,0.539961237,0.539961237,0.539961237,0.539961237,0.539961237,0.539961237,0.638136008,0.539961237,0.638136008,0.638136008,0.638136008,0.638136008,0.638136008,0.638136008,0.638136008,0.638136008,0.638136008
232.326962948,C01,AP01,client_to_ap,VHT,2,2,2,80,SU,1,4,122,6637c97e16e6ce8a,1.22718463,1.22718463,1.22718463,1.22718463,1.22718463,1.22718463,1.22718463,1.22718463,1.3253594,1.3253594,1.3253594,1.3253594,1.3253594,1.3253594,1.3253594,1.3253594,1.3253594,1.3253594,1.3253594,1.3253594,1.42353417,1.42353417,1.42353417,1.42353417,1.42353417,1.42353417,1.42353417,1.42353417,1.42353417,1.52170894,1.52170894,1.52170894,1.52170894,1.52170894,1.52170894,1.52170894,1.52170894,1.42353417,1.42353417,1.42353417,1.42353417,1.42353417,1.42353417,1.42353417,1.42353417,1.3253594,1.3253594,1.3253594,1.3253594,1.22718463,1.22718463,1.22718463,1.22718463,1.22718463,1.22718463,1.22718463,1.22718463,1.12900986,1.12900986,1.12900986,1.12900986,1.12900986,1.03083509,1.03083509,1.03083509,1.03083509,1.03083509,0.932660319,0.932660319,0.932660319,0.932660319,0.932660319,0.932660319,0.834485549,0.834485549,0.834485549,0.834485549,0.834485549,0.736310778,0.736310778,0.736310778,0.736310778,0.736310778,0.736310778,0.736310778,0.736310778,0.736310778,0.736310778,0.638136008,0.638136008,0.638136008,0.638136008,0.638136008,0.638136008,0.638136008,0.638136008,0.638136008,0.638136008,0.638136008,0.638136008,0.638136008,0.638136008,0.539961237,0.539961237,0.638136008,0.539961237,0.539961237,0.539961237,0.539961237,0.539961237,0.539961237,0.539961237,0.638136008,0.539961237,0.638136008,0.539961237,0.638136008,0.638136008,0.638136008,0.638136008,0.638136008,0.638136008
233.659524918,C01,AP01,client_to_ap,VHT,2,2,2,80,SU,1,4,122,6637c97e16e6ce8a,1.22718463,1.22718463,1.22718463,1.22718463,1.22718463,1.22718463,1.22718463,1.22718463,1.22718463,1.3253594,1.3253594,1.3253594,1.3253594,1.3253594,1.3253594,1.3253594,1.3253594,1.3253594,1.3253594,1.3253594,1.42353417,1.42353417,1.42353417,1.42353417,1.42353417,1.42353417,1.42353417,1.42353417,1.42353417,1.42353417,1.52170894,1.52170894,1.52170894,1.52170894,1.52170894,1.52170894,1.52170894,1.42353417,1.42353417,1.42353417,1.42353417,1.42353417,1.42353417,1.42353417,1.3253594,1.3253594,1.3253594,1.3253594,1.3253594,1.3253594,1.22718463,1.22718463,1.22718463,1.22718463,1.22718463,1.22718463,1.22718463,1.12900986,1.12900986,1.12900986,1.12900986,1.12900986,1.03083509,1.03083509,1.03083509,1.03083509,1.03083509,0.932660319,0.932660319,0.932660319,0.932660319,0.932660319,0.834485549,0.834485549,0.834485549,0.834485549,0.834485549,0.736310778,0.736310778,0.736310778,0.736310778,0.736310778,0.736310778,0.736310778,0.736310778,0.736310778,0.736310778,0.736310778,0.638136008,0.638136008,0.638136008,0.638136008,0.638136008,0.638136008,0.638136008,0.638136008,0.638136008,0.539961237,0.638136008,0.638136008,0.539961237,0.539961237,0.539961237,0.539961237,0.539961237,0.539961237,0.539961237,0.539961237,0.539961237,0.539961237,0.539961237,0.539961237,0.539961237,0.539961237,0.539961237,0.638136008,0.539961237,0.539961237,0.638136008,0.638136008,0.638136008,0.539961237
234.991160870,C01,AP01,client_to_ap,VHT,2,2,2,80,SU,1,4,122,6637c97e16e6ce8a,1.22718463,1.22718463,1.22718463,1.22718463,1.22718463,1.22718463,1.22718463,1.22718463,1.3253594,1.3253594,1.3253594,1.3253594,1.3253594,1.3253594,1.3253594,1.3253594,1.3253594,1.3253594,1.3253594,1.3253594,1.42353417,1.42353417,1.42353417,1.42353417,1.42353417,1.42353417,1.42353417,1.42353417,1.42353417,1.52170894,1.52170894,1.52170894,1.52170894,1.52170894,1.52170894,1.52170894,1.52170894,1.42353417,1.42353417,1.42353417,1.42353417,1.42353417,1.42353417,1.42353417,1.3253594,1.3253594,1.3253594,1.3253594,1.3253594,1.22718463,1.22718463,1.22718463,1.22718463,1.22718463,1.22718463,1.22718463,1.22718463,1.12900986,1.12900986,1.12900986,1.12900986,1.12900986,1.03083509,1.03083509,1.03083509,1.03083509,1.03083509,0.932660319,0.932660319,0.932660319,0.932660319,0.834485549,0.834485549,0.834485549,0.834485549,0.834485549,0.834485549,0.736310778,0.736310778,0.736310778,0.736310778,0.736310778,0.736310778,0.736310778,0.736310778,0.736310778,0.736310778,0.736310778,0.638136008,0.638136008,0.638136008,0.638136008,0.638136008,0.638136008,0.638136008,0.638136008,0.638136008,0.638136008,0.539961237,0.638136008,0.638136008,0.539961237,0.539961237,0.539961237,0.539961237,0.539961237,0.539961237,0.539961237,0.638136008,0.539961237,0.539961237,0.539961237,0.539961237,0.539961237,0.539961237,0.539961237,0.638136008,0.638136008,0.539961237,0.638136008,0.539961237,0.638136008
236.327632904,C01,AP01,client_to_ap,VHT,2,2,2,80,SU,1,4,122,6637c97e16e6ce8a,1.22718463,1.22718463,1.22718463,1.22718463,1.22718463,1.22718463,1.22718463,1.22718463,1.22718463,1.3253594,1.3253594,1.3253594,1.3253594,1.3253594,1.3253594,1.3253594,1.3253594,1.3253594,1.3253594,1.3253594,1.42353417,1.42353417,1.42353417,1.42353417,1.42353417,1.42353417,1.42353417,1.42353417,1.42353417,1.52170894,1.52170894,1.52170894,1.52170894,1.52170894,1.52170894,1.52170894,1.42353417,1.42353417,1.42353417,1.42353417,1.42353417,1.42353417,1.42353417,1.42353417,1.3253594,1.3253594,1.3253594,1.3253594,1.3253594,1.22718463,1.22718463,1.22718463,1.22718463,1.22718463,1.22718463,1.22718463,1.12900986,1.12900986,1.12900986,1.12900986,1.12900986,1.12900986,1.03083509,1.03083509,1.03083509,1.03083509,1.03083509,0.932660319,0.932660319,0.932660319,0.932660319,0.834485549,0.834485549,0.834485549,0.834485549,0.834485549,0.834485549,0.736310778,0.736310778,0.736310778,0.736310778,0.736310778,0.736310778,0.736310778,0.736310778,0.736310778,0.736310778,0.736310778,0.638136008,0.638136008,0.638136008,0.638136008,0.638136008,0.638136008,0.638136008,0.638136008,0.638136008,0.638136008,0.638136008,0.638136008,0.539961237,0.539961237,0.539961237,0.539961237,0.539961237,0.539961237,0.539961237,0.539961237,0.539961237,0.539961237,0.539961237,0.539961237,0.539961237,0.539961237,0.638136008,0.539961237,0.539961237,0.539961237,0.638136008,0.638136008,0.638136008,0.638136008
237.659779787,C01,AP01,client_to_ap,VHT,2,2,2,80,SU,1,4,122,6637c97e16e6ce8a,1.22718463,1.22718463,1.22718463,1.22718463,1.22718463,1.22718463,1.22718463,1.22718463,1.22718463,1.3253594,1.3253594,1.3253594,1.3253594,1.3253594,1.3253594,1.3253594,1.3253594,1.3253594,1.3253594,1.3253594,1.42353417,1.42353417,1.42353417,1.42353417,1.42353417,1.42353417,1.42353417,1.42353417,1.42353417,1.52170894,1.52170894,1.52170894,1.52170894,1.52170894,1.52170894,1.52170894,1.52170894,1.42353417,1.42353417,1.42353417,1.42353417,1.42353417,1.42353417,1.3253594,1.3253594,1.3253594,1.3253594,1.3253594,1.3253594,1.22718463,1.22718463,1.22718463,1.22718463,1.22718463,1.22718463,1.22718463,1.22718463,1.12900986,1.12900986,1.12900986,1.12900986,1.03083509,1.03083509,1.03083509,1.03083509,1.03083509,0.932660319,0.932660319,0.932660319,0.932660319,0.932660319,0.932660319,0.834485549,0.834485549,0.834485549,0.834485549,0.834485549,0.834485549,0.736310778,0.736310778,0.736310778,0.736310778,0.736310778,0.736310778,0.736310778,0.736310778,0.736310778,0.736310778,0.638136008,0.638136008,0.638136008,0.638136008,0.638136008,0.638136008,0.638136008,0.638136008,0.638136008,0.638136008,0.638136008,0.638136008,0.539961237,0.539961237,0.539961237,0.539961237,0.539961237,0.539961237,0.539961237,0.539961237,0.539961237,0.539961237,0.539961237,0.638136008,0.539961237,0.539961237,0.539961237,0.539961237,0.638136008,0.539961237,0.638136008,0.638136008,0.539961237,0.638136008
238.992613792,C01,AP01,client_to_ap,VHT,2,2,2,80,SU,1,4,122,6637c97e16e6ce8a,1.22718463,1.22718463,1.22718463,1.22718463,1.22718463,1.22718463,1.22718463,1.22718463,1.22718463,1.3253594,1.3253594,1.3253594,1.3253594,1.3253594,1.3253594,1.3253594,1.3253594,1.3253594,1.3253594,1.3253594,1.3253594,1.42353417,1.42353417,1.42353417,1.42353417,1.42353417,1.42353417,1.42353417,1.42353417,1.42353417,1.52170894,1.52170894,1.52170894,1.52170894,1.52170894,1.52170894,1.52170894,1.42353417,1.42353417,1.42353417,1.42353417,1.42353417,1.42353417,1.42353417,1.3253594,1.3253594,1.3253594,1.3253594,1.3253594,1.22718463,1.22718463,1.22718463,1.22718463,1.22718463,1.22718463,1.22718463,1.12900986,1.12900986,1.12900986,1.12900986,1.12900986,1.03083509,1.03083509,1.03083509,1.03083509,1.03083509,0.932660319,0.932660319,0.932660319,0.932660319,0.932660319,0.932660319,0.834485549,0.834485549,0.834485549,0.834485549,0.834485549,0.736310778,0.736310778,0.736310778,0.736310778,0.736310778,0.736310778,0.736310778,0.736310778,0.736310778,0.736310778,0.736310778,0.638136008,0.638136008,0.638136008,0.638136008,0.638136008,0.638136008,0.638136008,0.638136008,0.638136008,0.539961237,0.638136008,0.638136008,0.638136008,0.638136008,0.539961237,0.539961237,0.539961237,0.539961237,0.539961237,0.539961237,0.539961237,0.539961237,0.539961237,0.638136008,0.539961237,0.539961237,0.539961237,0.638136008,0.539961237,0.539961237,0.638136008,0.638136008,0.638136008,0.638136008
240.327564001,C01,AP01,client_to_ap,VHT,2,2,2,80,SU,1,4,122,6637c97e16e6ce8a,1.22718463,1.22718463,1.22718463,1.22718463,1.22718463,1.22718463,1.22718463,1.22718463,1.22718463,1.3253594,1.3253594,1.3253594,1.3253594,1.3253594,1.3253594,1.3253594,1.3253594,1.3253594,1.3253594,1.3253594,1.42353417,1.42353417,1.42353417,1.42353417,1.42353417,1.42353417,1.42353417,1.42353417,1.42353417,1.52170894,1.52170894,1.52170894,1.52170894,1.52170894,1.52170894,1.52170894,1.52170894,1.42353417,1.42353417,1.42353417,1.42353417,1.42353417,1.42353417,1.42353417,1.3253594,1.3253594,1.3253594,1.3253594,1.3253594,1.22718463,1.22718463,1.22718463,1.22718463,1.22718463,1.22718463,1.22718463,1.22718463,1.12900986,1.12900986,1.12900986,1.12900986,1.12900986,1.03083509,1.03083509,1.03083509,1.03083509,1.03083509,0.932660319,0.932660319,0.932660319,0.932660319,0.932660319,0.834485549,0.834485549,0.834485549,0.834485549,0.834485549,0.834485549,0.736310778,0.736310778,0.736310778,0.736310778,0.736310778,0.736310778,0.736310778,0.736310778,0.736310778,0.736310778,0.638136008,0.638136008,0.638136008,0.638136008,0.638136008,0.638136008,0.638136008,0.638136008,0.638136008,0.638136008,0.638136008,0.638136008,0.638136008,0.638136008,0.539961237,0.539961237,0.638136008,0.539961237,0.539961237,0.638136008,0.638136008,0.539961237,0.638136008,0.638136008,0.638136008,0.638136008,0.638136008,0.638136008,0.638136008,0.638136008,0.638136008,0.638136008,0.638136008,0.638136008
241.660323858,C01,AP01,client_to_ap,VHT,2,2,2,80,SU,1,4,122,6637c97e16e6ce8a,1.22718463,1.22718463,1.22718463,1.22718463,1.22718463,1.22718463,1.22718463,1.3253594,1.22718463,1.3253594,1.3253594,1.3253594,1.3253594,1.3253594,1.3253594,1.3253594,1.3253594,1.3253594,1.3253594,1.3253594,1.42353417,1.42353417,1.42353417,1.42353417,1.42353417,1.42353417,1.42353417,1.42353417,1.42353417,1.52170894,1.52170894,1.52170894,1.52170894,1.52170894,1.52170894,1.52170894,1.42353417,1.42353417,1.42353417,1.42353417,1.42353417,1.42353417,1.42353417,1.42353417,1.42353417,1.3253594,1.3253594,1.3253594,1.3253594,1.3253594,1.22718463,1.22718463,1.22718463,1.22718463,1.22718463,1.22718463,1.22718463,1.12900986,1.12900986,1.12900986,1.12900986,1.12900986,1.03083509,1.03083509,1.03083509,1.03083509,0.932660319,0.932660319,0.932660319,0.932660319,0.932660319,0.932660319,0.834485549,0.834485549,0.834485549,0.834485549,0.834485549,0.834485549,0.736310778,0.736310778,0.736310778,0.736310778,0.736310778,0.736310778,0.736310778,0.736310778,0.736310778,0.736310778,0.638136008,0.638136008,0.638136008,0.638136008,0.638136008,0.638136008,0.638136008,0.638136008,0.638136008,0.638136008,0.638136008,0.638136008,0.638136008,0.638136008,0.539961237,0.638136008,0.539961237,0.539961237,0.539961237,0.539961237,0.539961237,0.539961237,0.539961237,0.638136008,0.638136008,0.539961237,0.539961237,0.539961237,0.638136008,0.638136008,0.638136008,0.638136008,0.638136008,0.539961237
242.992457867,C01,AP01,client_to_ap,VHT,2,2,2,80,SU,1,4,122,6637c97e16e6ce8a,1.22718463,1.22718463,1.22718463,1.22718463,1.22718463,1.22718463,1.22718463,1.22718463,1.22718463,1.3253594,1.3253594,1.3253594,1.3253594,1.3253594,1.3253594,1.3253594,1.3253594,1.3253594,1.3253594,1.3253594,1.3253594,1.42353417,1.42353417,1.42353417,1.42353417,1.42353417,1.42353417,1.42353417,1.42353417,1.52170894,1.52170894,1.52170894,1.52170894,1.52170894,1.52170894,1.52170894,1.52170894,1.52170894,1.42353417,1.42353417,1.42353417,1.42353417,1.42353417,1.42353417,1.42353417,1.3253594,1.3253594,1.3253594,1.3253594,1.22718463,1.22718463,1.22718463,1.22718463,1.22718463,1.22718463,1.22718463,1.22718463,1.12900986,1.12900986,1.12900986,1.12900986,1.03083509,1.03083509,1.03083509,1.03083509,1.03083509,0.932660319,0.932660319,0.932660319,0.932660319,0.932660319,0.834485549,0.834485549,0.834485549,0.834485549,0.834485549,0.834485549,0.834485549,0.736310778,0.736310778,0.736310778,0.736310778,0.736310778,0.736310778,0.736310778,0.736310778,0.736310778,0.736310778,0.638136008,0.638136008,0.638136008,0.638136008,0.638136008,0.638136008,0.638136008,0.638136008,0.638136008,0.638136008,0.638136008,0.638136008,0.539961237,0.539961237,0.539961237,0.539961237,0.539961237,0.539961237,0.539961237,0.539961237,0.539961237,0.539961237,0.539961237,0.539961237,0.539961237,0.539961237,0.539961237,0.638136008,0.539961237,0.539961237,0.638136008,0.638136008,0.638136008,0.539961237
244.327955008,C01,AP01,client_to_ap,VHT,2,2,2,80,SU,1,4,122,6637c97e16e6ce8a,1.22718463,1.22718463,1.22718463,1.22718463,1.22718463,1.22718463,1.22718463,1.22718463,1.3253594,1.3253594,1.3253594,1.3253594,1.3253594,1.3253594,1.3253594,1.3253594,1.3253594,1.3253594,1.3253594,1.3253594,1.42353417,1.42353417,1.42353417,1.42353417,1.42353417,1.42353417,1.42353417,1.42353417,1.42353417,1.52170894,1.52170894,1.52170894,1.52170894,1.52170894,1.52170894,1.52170894,1.52170894,1.42353417,1.42353417,1.42353417,1.42353417,1.42353417,1.42353417,1.42353417,1.3253594,1.3253594,1.3253594,1.3253594,1.3253594,1.22718463,1.22718463,1.22718463,1.22718463,1.22718463,1.22718463,1.22718463,1.12900986,1.12900986,1.12900986,1.12900986,1.12900986,1.12900986,1.03083509,1.03083509,1.03083509,1.03083509,1.03083509,0.932660319,0.932660319,0.932660319,0.932660319,0.932660319,0.834485549,0.834485549,0.834485549,0.834485549,0.834485549,0.834485549,0.736310778,0.736310778,0.736310778,0.736310778,0.736310778,0.736310778,0.736310778,0.736310778,0.736310778,0.736310778,0.638136008,0.638136008,0.638136008,0.638136008,0.638136008,0.638136008,0.638136008,0.638136008,0.638136008,0.638136008,0.638136008,0.638136008,0.638136008,0.638136008,0.539961237,0.539961237,0.539961237,0.539961237,0.539961237,0.539961237,0.539961237,0.539961237,0.539961237,0.539961237,0.539961237,0.539961237,0.539961237,0.638136008,0.638136008,0.638136008,0.638136008,0.638136008,0.638136008,0.539961237
246.992072821,C01,AP01,client_to_ap,VHT,2,2,2,80,SU,1,4,122,6637c97e16e6ce8a,1.22718463,1.22718463,1.22718463,1.22718463,1.22718463,1.22718463,1.22718463,1.22718463,1.3253594,1.3253594,1.3253594,1.3253594,1.3253594,1.3253594,1.3253594,1.3253594,1.3253594,1.3253594,1.3253594,1.3253594,1.42353417,1.42353417,1.42353417,1.42353417,1.42353417,1.42353417,1.42353417,1.42353417,1.42353417,1.52170894,1.52170894,1.52170894,1.52170894,1.52170894,1.52170894,1.52170894,1.42353417,1.52170894,1.52170894,1.42353417,1.42353417,1.42353417,1.42353417,1.42353417,1.42353417,1.3253594,1.3253594,1.3253594,1.22718463,1.22718463,1.3253594,1.22718463,1.22718463,1.22718463,1.22718463,1.22718463,1.12900986,1.12900986,1.12900986,1.12900986,1.12900986,1.12900986,1.03083509,1.03083509,1.03083509,1.03083509,0.932660319,0.932660319,0.932660319,0.932660319,0.932660319,0.932660319,0.834485549,0.834485549,0.834485549,0.834485549,0.834485549,0.834485549,0.736310778,0.736310778,0.736310778,0.736310778,0.736310778,0.736310778,0.736310778,0.736310778,0.736310778,0.736310778,0.638136008,0.638136008,0.638136008,0.638136008,0.638136008,0.638136008,0.638136008,0.638136008,0.638136008,0.638136008,0.539961237,0.638136008,0.638136008,0.638136008,0.539961237,0.539961237,0.539961237,0.539961237,0.539961237,0.539961237,0.539961237,0.539961237,0.539961237,0.539961237,0.638136008,0.638136008,0.539961237,0.539961237,0.638136008,0.638136008,0.539961237,0.638136008,0.638136008,0.638136008
248.327831984,C01,AP01,client_to_ap,VHT,2,2,2,80,SU,1,4,122,6637c97e16e6ce8a,1.22718463,1.22718463,1.22718463,1.22718463,1.22718463,1.22718463,1.22718463,1.22718463,1.22718463,1.3253594,1.3253594,1.3253594,1.3253594,1.3253594,1.3253594,1.3253594,1.3253594,1.3253594,1.3253594,1.3253594,1.3253594,1.42353417,1.42353417,1.42353417,1.42353417,1.42353417,1.42353417,1.42353417,1.42353417,1.52170894,1.52170894,1.52170894,1.52170894,1.52170894,1.52170894,1.52170894,1.42353417,1.42353417,1.42353417,1.42353417,1.42353417,1.42353417,1.42353417,1.42353417,1.3253594,1.3253594,1.3253594,1.3253594,1.3253594,1.22718463,1.22718463,1.22718463,1.22718463,1.22718463,1.22718463,1.22718463,1.12900986,1.12900986,1.12900986,1.12900986,1.12900986,1.03083509,1.03083509,1.03083509,1.03083509,1.03083509,0.932660319,0.932660319,0.932660319,0.932660319,0.932660319,0.834485549,0.834485549,0.834485549,0.834485549,0.834485549,0.834485549,0.736310778,0.736310778,0.736310778,0.736310778,0.736310778,0.736310778,0.736310778,0.736310778,0.736310778,0.736310778,0.638136008,0.638136008,0.638136008,0.638136008,0.638136008,0.638136008,0.638136008,0.638136008,0.638136008,0.638136008,0.638136008,0.539961237,0.539961237,0.539961237,0.539961237,0.539961237,0.539961237,0.539961237,0.539961237,0.539961237,0.539961237,0.539961237,0.539961237,0.539961237,0.539961237,0.539961237,0.539961237,0.539961237,0.539961237,0.539961237,0.539961237,0.539961237,0.539961237,0.539961237,0.539961237
249.660116911,C01,AP01,client_to_ap,VHT,2,2,2,80,SU,1,4,122,6637c97e16e6ce8a,1.22718463,1.22718463,1.22718463,1.22718463,1.22718463,1.22718463,1.22718463,1.22718463,1.22718463,1.3253594,1.3253594,1.3253594,1.3253594,1.3253594,1.3253594,1.3253594,1.3253594,1.3253594,1.3253594,1.3253594,1.3253594,1.42353417,1.42353417,1.42353417,1.42353417,1.42353417,1.42353417,1.42353417,1.42353417,1.52170894,1.52170894,1.52170894,1.52170894,1.52170894,1.52170894,1.42353417,1.42353417,1.42353417,1.42353417,1.42353417,1.42353417,1.42353417,1.42353417,1.42353417,1.3253594,1.3253594,1.3253594,1.3253594,1.3253594,1.22718463,1.22718463,1.22718463,1.22718463,1.22718463,1.22718463,1.22718463,1.12900986,1.12900986,1.12900986,1.12900986,1.12900986,1.12900986,1.03083509,1.03083509,1.03083509,1.03083509,0.932660319,0.932660319,0.932660319,0.932660319,0.932660319,0.834485549,0.834485549,0.834485549,0.834485549,0.834485549,0.834485549,0.736310778,0.736310778,0.736310778,0.736310778,0.736310778,0.736310778,0.736310778,0.736310778,0.736310778,0.736310778,0.638136008,0.638136008,0.638136008,0.638136008,0.638136008,0.638136008,0.638136008,0.638136008,0.638136008,0.638136008,0.638136008,0.539961237,0.539961237,0.539961237,0.539961237,0.539961237,0.539961237,0.539961237,0.539961237,0.539961237,0.539961237,0.539961237,0.539961237,0.539961237,0.539961237,0.539961237,0.539961237,0.539961237,0.539961237,0.539961237,0.539961237,0.539961237,0.539961237,0.539961237,0.539961237
250.992160797,C01,AP01,client_to_ap,VHT,2,2,2,80,SU,1,4,122,6637c97e16e6ce8a,1.22718463,1.22718463,1.22718463,1.22718463,1.22718463,1.22718463,1.22718463,1.22718463,1.3253594,1.3253594,1.3253594,1.3253594,1.3253594,1.3253594,1.3253594,1.3253594,1.3253594,1.3253594,1.3253594,1.3253594,1.42353417,1.3253594,1.42353417,1.42353417,1.42353417,1.42353417,1.42353417,1.42353417,1.42353417,1.52170894,1.52170894,1.52170894,1.52170894,1.52170894,1.52170894,1.52170894,1.52170894,1.42353417,1.42353417,1.42353417,1.42353417,1.42353417,1.42353417,1.42353417,1.3253594,1.3253594,1.3253594,1.3253594,1.3253594,1.3253594,1.22718463,1.22718463,1.22718463,1.22718463,1.22718463,1.12900986,1.12900986,1.12900986,1.12900986,1.12900986,1.12900986,1.03083509,1.03083509,1.03083509,1.03083509,1.03083509,0.932660319,0.932660319,0.932660319,0.932660319,0.932660319,0.932660319,0.932660319,0.834485549,0.834485549,0.834485549,0.834485549,0.736310778,0.736310778,0.736310778,0.736310778,0.736310778,0.736310778,0.736310778,0.736310778,0.736310778,0.736310778,0.638136008,0.638136008,0.638136008,0.638136008,0.638136008,0.638136008,0.638136008,0.638136008,0.638136008,0.638136008,0.638136008,0.638136008,0.539961237,0.539961237,0.539961237,0.539961237,0.539961237,0.539961237,0.539961237,0.539961237,0.539961237,0.539961237,0.539961237,0.539961237,0.539961237,0.539961237,0.539961237,0.539961237,0.539961237,0.539961237,0.638136008,0.539961237,0.539961237,0.539961237,0.539961237
252.327637911,C01,AP01,client_to_ap,VHT,2,2,2,80,SU,1,4,122,6637c97e16e6ce8a,1.22718463,1.22718463,1.22718463,1.22718463,1.22718463,1.22718463,1.22718463,1.22718463,1.3253594,1.3253594,1.3253594,1.3253594,1.3253594,1.3253594,1.3253594,1.3253594,1.3253594,1.3253594,1.3253594,1.3253594,1.42353417,1.42353417,1.42353417,1.42353417,1.42353417,1.42353417,1.42353417,1.42353417,1.42353417,1.52170894,1.52170894,1.52170894,1.52170894,1.52170894,1.52170894,1.52170894,1.52170894,1.42353417,1.42353417,1.42353417,1.42353417,1.42353417,1.42353417,1.42353417,1.3253594,1.3253594,1.3253594,1.3253594,1.3253594,1.22718463,1.22718463,1.22718463,1.22718463,1.22718463,1.22718463,1.22718463,1.12900986,1.12900986,1.12900986,1.12900986,1.12900986,1.12900986,1.03083509,1.03083509,1.03083509,1.03083509,0.932660319,0.932660319,0.932660319,0.932660319,0.932660319,0.834485549,0.834485549,0.834485549,0.834485549,0.834485549,0.834485549,0.736310778,0.736310778,0.736310778,0.736310778,0.736310778,0.736310778,0.736310778,0.736310778,0.736310778,0.736310778,0.736310778,0.638136008,0.638136008,0.638136008,0.638136008,0.638136008,0.638136008,0.638136008,0.638136008,0.638136008,0.638136008,0.539961237,0.539961237,0.539961237,0.539961237,0.539961237,0.539961237,0.539961237,0.539961237,0.539961237,0.539961237,0.539961237,0.539961237,0.539961237,0.539961237,0.539961237,0.539961237,0.539961237,0.539961237,0.539961237,0.539961237,0.539961237,0.539961237,0.539961237,0.539961237
253.659909010,C01,AP01,client_to_ap,VHT,2,2,2,80,SU,1,4,122,6637c97e16e6ce8a,1.22718463,1.22718463,1.22718463,1.22718463,1.22718463,1.22718463,1.22718463,1.22718463,1.22718463,1.3253594,1.3253594,1.3253594,1.3253594,1.3253594,1.3253594,1.3253594,1.3253594,1.3253594,1.3253594,1.3253594,1.3253594,1.3253594,1.42353417,1.42353417,1.42353417,1.42353417,1.42353417,1.42353417,1.42353417,1.52170894,1.52170894,1.52170894,1.52170894,1.52170894,1.52170894,1.52170894,1.52170894,1.42353417,1.42353417,1.42353417,1.42353417,1.42353417,1.42353417,1.42353417,1.3253594,1.3253594,1.3253594,1.3253594,1.3253594,1.3253594,1.22718463,1.22718463,1.22718463,1.22718463,1.22718463,1.22718463,1.12900986,1.12900986,1.12900986,1.12900986,1.12900986,1.03083509,1.03083509,1.03083509,1.03083509,1.03083509,1.03083509,0.932660319,0.932660319,0.932660319,0.932660319,0.834485549,0.834485549,0.834485549,0.834485549,0.834485549,0.834485549,0.736310778,0.736310778,0.736310778,0.736310778,0.736310778,0.736310778,0.736310778,0.736310778,0.736310778,0.736310778,0.638136008,0.638136008,0.638136008,0.638136008,0.638136008,0.638136008,0.638136008,0.638136008,0.638136008,0.638136008,0.638136008,0.539961237,0.539961237,0.539961237,0.539961237,0.539961237,0.539961237,0.539961237,0.539961237,0.539961237,0.539961237,0.539961237,0.539961237,0.539961237,0.539961237,0.539961237,0.539961237,0.539961237,0.539961237,0.539961237,0.539961237,0.539961237,0.539961237,0.638136008,0.539961237
254.992703915,C01,AP01,client_to_ap,VHT,2,2,2,80,SU,1,4,122,6637c97e16e6ce8a,1.22718463,1.22718463,1.22718463,1.22718463,1.22718463,1.22718463,1.22718463,1.22718463,1.22718463,1.3253594,1.3253594,1.3253594,1.3253594,1.3253594,1.3253594,1.3253594,1.3253594,1.3253594,1.3253594,1.3253594,1.42353417,1.42353417,1.42353417,1.42353417,1.42353417,1.42353417,1.42353417,1.42353417,1.42353417,1.52170894,1.52170894,1.52170894,1.52170894,1.52170894,1.52170894,1.42353417,1.42353417,1.42353417,1.42353417,1.42353417,1.42353417,1.42353417,1.42353417,1.42353417,1.3253594,1.3253594,1.3253594,1.3253594,1.3253594,1.22718463,1.22718463,1.22718463,1.22718463,1.22718463,1.22718463,1.12900986,1.12900986,1.12900986,1.12900986,1.12900986,1.12900986,1.03083509,1.03083509,1.03083509,1.03083509,1.03083509,0.932660319,0.932660319,0.932660319,0.932660319,0.834485549,0.834485549,0.834485549,0.834485549,0.834485549,0.834485549,0.834485549,0.736310778,0.736310778,0.736310778,0.736310778,0.736310778,0.736310778,0.736310778,0.736310778,0.638136008,0.736310778,0.638136008,0.638136008,0.638136008,0.638136008,0.638136008,0.638136008,0.638136008,0.638136008,0.638136008,0.638136008,0.539961237,0.539961237,0.539961237,0.539961237,0.539961237,0.539961237,0.539961237,0.539961237,0.539961237,0.539961237,0.539961237,0.539961237,0.539961237,0.539961237,0.539961237,0.539961237,0.539961237,0.539961237,0.539961237,0.539961237,0.638136008,0.539961237,0.539961237,0.638136008,0.539961237
256.327878952,C01,AP01,client_to_ap,VHT,2,2,2,80,SU,1,4,122,6637c97e16e6ce8a,1.22718463,1.22718463,1.22718463,1.22718463,1.22718463,1.22718463,1.22718463,1.22718463,1.22718463,1.3253594,1.3253594,1.3253594,1.3253594,1.3253594,1.3253594,1.3253594,1.3253594,1.3253594,1.3253594,1.3253594,1.42353417,1.42353417,1.42353417,1.42353417,1.42353417,1.42353417,1.42353417,1.42353417,1.42353417,1.52170894,1.52170894,1.52170894,1.52170894,1.52170894,1.52170894,1.52170894,1.52170894,1.42353417,1.42353417,1.42353417,1.42353417,1.42353417,1.42353417,1.42353417,1.3253594,1.3253594,1.3253594,1.3253594,1.3253594,1.22718463,1.22718463,1.22718463,1.22718463,1.22718463,1.22718463,1.22718463,1.22718463,1.12900986,1.12900986,1.12900986,1.12900986,1.12900986,1.03083509,1.03083509,1.03083509,1.03083509,0.932660319,0.932660319,0.932660319,0.932660319,0.834485549,0.834485549,0.834485549,0.834485549,0.834485549,0.834485549,0.834485549,0.736310778,0.736310778,0.736310778,0.736310778,0.736310778,0.736310778,0.736310778,0.736310778,0.638136008,0.736310778,0.638136008,0.638136008,0.638136008,0.638136008,0.638136008,0.638136008,0.638136008,0.638136008,0.638136008,0.638136008,0.638136008,0.638136008,0.539961237,0.539961237,0.539961237,0.539961237,0.539961237,0.539961237,0.539961237,0.539961237,0.539961237,0.539961237,0.539961237,0.539961237,0.539961237,0.539961237,0.539961237,0.539961237,0.539961237,0.539961237,0.539961237,0.638136008,0.539961237,0.539961237,0.539961237
257.659760952,C01,AP01,client_to_ap,VHT,2,2,2,80,SU,1,4,122,6637c97e16e6ce8a,1.12900986,1.22718463,1.22718463,1.22718463,1.22718463,1.22718463,1.22718463,1.22718463,1.3253594,1.3253594,1.3253594,1.3253594,1.3253594,1.3253594,1.3253594,1.3253594,1.3253594,1.3253594,1.3253594,1.3253594,1.3253594,1.42353417,1.42353417,1.42353417,1.42353417,1.42353417,1.42353417,1.42353417,1.42353417,1.42353417,1.52170894,1.52170894,1.52170894,1.52170894,1.52170894,1.52170894,1.52170894,1.42353417,1.42353417,1.42353417,1.42353417,1.42353417,1.42353417,1.42353417,1.3253594,1.3253594,1.3253594,1.3253594,1.3253594,1.22718463,1.22718463,1.22718463,1.22718463,1.22718463,1.22718463,1.12900986,1.12900986,1.12900986,1.12900986,1.12900986,1.12900986,1.03083509,1.03083509,1.03083509,1.03083509,1.03083509,0.932660319,0.932660319,0.932660319,0.932660319,0.932660319,0.834485549,0.834485549,0.834485549,0.834485549,0.834485549,0.834485549,0.736310778,0.736310778,0.736310778,0.736310778,0.736310778,0.736310778,0.736310778,0.736310778,0.638136008,0.638136008,0.638136008,0.638136008,0.638136008,0.638136008,0.638136008,0.638136008,0.638136008,0.638136008,0.638136008,0.638136008,0.638136008,0.539961237,0.539961237,0.539961237,0.539961237,0.539961237,0.539961237,0.539961237,0.539961237,0.539961237,0.539961237,0.539961237,0.539961237,0.539961237,0.539961237,0.539961237,0.539961237,0.539961237,0.539961237,0.539961237,0.539961237,0.539961237,0.638136008,0.539961237,0.638136008
258.992131948,C01,AP01,client_to_ap,VHT,2,2,2,80,SU,1,4,122,6637c97e16e6ce8a,1.22718463,1.22718463,1.22718463,1.22718463,1.22718463,1.22718463,1.22718463,1.22718463,1.3253594,1.3253594,1.3253594,1.3253594,1.3253594,1.3253594,1.3253594,1.3253594,1.3253594,1.3253594,1.3253594,1.42353417,1.42353417,1.42353417,1.42353417,1.42353417,1.42353417,1.42353417,1.42353417,1.42353417,1.42353417,1.52170894,1.52170894,1.52170894,1.52170894,1.52170894,1.52170894,1.52170894,1.52170894,1.52170894,1.52170894,1.42353417,1.42353417,1.42353417,1.42353417,1.42353417,1.42353417,1.42353417,1.3253594,1.3253594,1.3253594,1.3253594,1.3253594,1.3253594,1.22718463,1.22718463,1.22718463,1.22718463,1.22718463,1.22718463,1.22718463,1.22718463,1.12900986,1.12900986,1.12900986,1.12900986,1.03083509,1.03083509,1.03083509,1.03083509,0.932660319,0.932660319,0.932660319,0.932660319,0.932660319,0.932660319,0.932660319,0.834485549,0.834485549,0.834485549,0.834485549,0.834485549,0.834485549,0.736310778,0.736310778,0.736310778,0.736310778,0.736310778,0.736310778,0.736310778,0.736310778,0.736310778,0.736310778,0.638136008,0.638136008,0.638136008,0.638136008,0.638136008,0.638136008,0.638136008,0.638136008,0.638136008,0.638136008,0.638136008,0.638136008,0.638136008,0.638136008,0.638136008,0.638136008,0.638136008,0.638136008,0.638136008,0.638136008,0.638136008,0.638136008,0.638136008,0.638136008,0.638136008,0.638136008,0.638136008,0.638136008,0.638136008,0.638136008,0.638136008
260.327658892,C01,AP01,client_to_ap,VHT,2,2,2,80,SU,1,4,122,6637c97e16e6ce8a,1.22718463,1.22718463,1.22718463,1.22718463,1.22718463,1.22718463,1.22718463,1.22718463,1.22718463,1.3253594,1.3253594,1.3253594,1.3253594,1.3253594,1.3253594,1.3253594,1.3253594,1.3253594,1.3253594,1.3253594,1.3253594,1.42353417,1.42353417,1.42353417,1.42353417,1.42353417,1.42353417,1.42353417,1.42353417,1.42353417,1.52170894,1.52170894,1.52170894,1.52170894,1.52170894,1.52170894,1.52170894,1.42353417,1.42353417,1.42353417,1.42353417,1.42353417,1.42353417,1.42353417,1.3253594,1.3253594,1.3253594,1.3253594,1.3253594,1.22718463,1.22718463,1.22718463,1.22718463,1.22718463,1.22718463,1.12900986,1.12900986,1.12900986,1.12900986,1.12900986,1.12900986,1.12900986,1.03083509,1.03083509,1.03083509,1.03083509,0.932660319,0.932660319,0.932660319,0.932660319,0.932660319,0.834485549,0.834485549,0.834485549,0.834485549,0.834485549,0.834485549,0.736310778,0.736310778,0.736310778,0.736310778,0.736310778,0.736310778,0.736310778,0.736310778,0.638136008,0.638136008,0.638136008,0.638136008,0.638136008,0.638136008,0.638136008,0.638136008,0.638136008,0.638136008,0.638136008,0.638136008,0.638136008,0.539961237,0.539961237,0.539961237,0.539961237,0.539961237,0.539961237,0.539961237,0.539961237,0.539961237,0.539961237,0.539961237,0.539961237,0.539961237,0.539961237,0.539961237,0.539961237,0.539961237,0.539961237,0.638136008,0.539961237,0.638136008,0.539961237,0.638136008,0.638136008
261.659755945,C01,AP01,client_to_ap,VHT,2,2,2,80,SU,1,4,122,6637c97e16e6ce8a,1.22718463,1.22718463,1.22718463,1.22718463,1.22718463,1.22718463,1.22718463,1.22718463,1.22718463,1.3253594,1.3253594,1.3253594,1.3253594,1.3253594,1.3253594,1.3253594,1.3253594,1.3253594,1.3253594,1.3253594,1.3253594,1.42353417,1.42353417,1.42353417,1.42353417,1.42353417,1.42353417,1.42353417,1.42353417,1.42353417,1.52170894,1.52170894,1.52170894,1.52170894,1.52170894,1.52170894,1.42353417,1.42353417,1.42353417,1.42353417,1.42353417,1.42353417,1.42353417,1.42353417,1.3253594,1.3253594,1.3253594,1.3253594,1.3253594,1.22718463,1.22718463,1.22718463,1.22718463,1.22718463,1.22718463,1.22718463,1.12900986,1.12900986,1.12900986,1.12900986,1.12900986,1.03083509,1.03083509,1.03083509,1.03083509,1.03083509,0.932660319,0.932660319,0.932660319,0.932660319,0.932660319,0.834485549,0.834485549,0.834485549,0.834485549,0.834485549,0.834485549,0.736310778,0.736310778,0.736310778,0.736310778,0.736310778,0.736310778,0.736310778,0.736310778,0.638136008,0.638136008,0.638136008,0.638136008,0.638136008,0.638136008,0.638136008,0.638136008,0.638136008,0.638136008,0.638136008,0.638136008,0.539961237,0.638136008,0.539961237,0.539961237,0.539961237,0.539961237,0.539961237,0.539961237,0.539961237,0.539961237,0.539961237,0.539961237,0.539961237,0.539961237,0.539961237,0.539961237,0.539961237,0.539961237,0.539961237,0.638136008,0.539961237,0.539961237,0.539961237,0.638136008,0.539961237
262.991694927,C01,AP01,client_to_ap,VHT,2,2,2,80,SU,1,4,122,6637c97e16e6ce8a,1.22718463,1.22718463,1.22718463,1.22718463,1.22718463,1.22718463,1.22718463,1.22718463,1.3253594,1.3253594,1.3253594,1.3253594,1.3253594,1.3253594,1.3253594,1.3253594,1.3253594,1.3253594,1.3253594,1.3253594,1.3253594,1.42353417,1.42353417,1.42353417,1.42353417,1.42353417,1.42353417,1.42353417,1.42353417,1.42353417,1.52170894,1.52170894,1.52170894,1.52170894,1.52170894,1.42353417,1.52170894,1.42353417,1.42353417,1.42353417,1.42353417,1.42353417,1.42353417,1.42353417,1.3253594,1.3253594,1.3253594,1.3253594,1.3253594,1.22718463,1.22718463,1.22718463,1.22718463,1.22718463,1.22718463,1.12900986,1.12900986,1.12900986,1.12900986,1.12900986,1.12900986,1.03083509,1.03083509,1.03083509,1.03083509,0.932660319,0.932660319,0.932660319,0.932660319,0.932660319,0.932660319,0.834485549,0.834485549,0.834485549,0.834485549,0.834485549,0.834485549,0.736310778,0.736310778,0.736310778,0.736310778,0.736310778,0.736310778,0.736310778,0.736310778,0.736310778,0.638136008,0.638136008,0.638136008,0.638136008,0.638136008,0.638136008,0.638136008,0.638136008,0.638136008,0.638136008,0.638136008,0.638136008,0.638136008,0.539961237,0.539961237,0.539961237,0.539961237,0.539961237,0.539961237,0.539961237,0.539961237,0.539961237,0.539961237,0.539961237,0.539961237,0.539961237,0.539961237,0.539961237,0.539961237,0.539961237,0.539961237,0.539961237,0.539961237,0.539961237,0.539961237,0.539961237
264.327485800,C01,AP01,client_to_ap,VHT,2,2,2,80,SU,1,4,122,6637c97e16e6ce8a,1.22718463,1.22718463,1.22718463,1.22718463,1.22718463,1.22718463,1.22718463,1.22718463,1.22718463,1.3253594,1.3253594,1.3253594,1.3253594,1.3253594,1.3253594,1.3253594,1.3253594,1.3253594,1.3253594,1.3253594,1.42353417,1.42353417,1.42353417,1.42353417,1.42353417,1.42353417,1.42353417,1.42353417,1.42353417,1.42353417,1.52170894,1.52170894,1.52170894,1.52170894,1.52170894,1.52170894,1.42353417,1.42353417,1.42353417,1.42353417,1.42353417,1.42353417,1.42353417,1.42353417,1.3253594,1.3253594,1.3253594,1.3253594,1.3253594,1.22718463,1.22718463,1.22718463,1.22718463,1.22718463,1.22718463,1.22718463,1.22718463,1.12900986,1.12900986,1.12900986,1.12900986,1.12900986,1.03083509,1.03083509,1.03083509,1.03083509,0.932660319,0.932660319,0.932660319,0.932660319,0.932660319,0.834485549,0.834485549,0.834485549,0.834485549,0.834485549,0.834485549,0.834485549,0.736310778,0.736310778,0.736310778,0.736310778,0.736310778,0.736310778,0.736310778,0.638136008,0.638136008,0.736310778,0.638136008,0.638136008,0.638136008,0.638136008,0.638136008,0.638136008,0.638136008,0.638136008,0.638136008,0.638136008,0.638136008,0.539961237,0.539961237,0.539961237,0.539961237,0.539961237,0.539961237,0.539961237,0.539961237,0.539961237,0.539961237,0.539961237,0.638136008,0.539961237,0.539961237,0.539961237,0.539961237,0.539961237,0.638136008,0.638136008,0.539961237,0.539961237,0.638136008,0.638136008
265.660228014,C01,AP01,client_to_ap,VHT,2,2,2,80,SU,1,4,122,6637c97e16e6ce8a,1.22718463,1.22718463,1.22718463,1.22718463,1.22718463,1.22718463,1.22718463,1.22718463,1.3253594,1.3253594,1.3253594,1.3253594,1.3253594,1.3253594,1.3253594,1.3253594,1.3253594,1.3253594,1.3253594,1.3253594,1.42353417,1.42353417,1.42353417,1.42353417,1.42353417,1.42353417,1.42353417,1.42353417,1.42353417,1.52170894,1.52170894,1.52170894,1.52170894,1.52170894,1.52170894,1.52170894,1.42353417,1.52170894,1.42353417,1.42353417,1.42353417,1.42353417,1.42353417,1.42353417,1.3253594,1.3253594,1.3253594,1.3253594,1.3253594,1.22718463,1.22718463,1.22718463,1.22718463,1.22718463,1.22718463,1.22718463,1.12900986,1.12900986,1.12900986,1.12900986,1.12900986,1.12900986,1.03083509,1.03083509,1.03083509,1.03083509,1.03083509,0.932660319,0.932660319,0.932660319,0.932660319,0.932660319,0.834485549,0.834485549,0.834485549,0.834485549,0.834485549,0.834485549,0.736310778,0.736310778,0.736310778,0.736310778,0.736310778,0.736310778,0.736310778,0.736310778,0.736310778,0.736310778,0.638136008,0.638136008,0.638136008,0.638136008,0.638136008,0.638136008,0.638136008,0.638136008,0.638136008,0.638136008,0.638136008,0.638136008,0.539961237,0.539961237,0.539961237,0.539961237,0.539961237,0.539961237,0.539961237,0.539961237,0.539961237,0.638136008,0.638136008,0.539961237,0.539961237,0.539961237,0.539961237,0.539961237,0.638136008,0.638136008,0.539961237,0.539961237,0.638136008,0.539961237
266.992438793,C01,AP01,client_to_ap,VHT,2,2,2,80,SU,1,4,122,6637c97e16e6ce8a,1.22718463,1.22718463,1.22718463,1.22718463,1.22718463,1.22718463,1.22718463,1.22718463,1.22718463,1.3253594,1.3253594,1.3253594,1.3253594,1.3253594,1.3253594,1.3253594,1.3253594,1.3253594,1.3253594,1.3253594,1.42353417,1.42353417,1.42353417,1.42353417,1.42353417,1.42353417,1.42353417,1.42353417,1.42353417,1.52170894,1.52170894,1.52170894,1.52170894,1.52170894,1.52170894,1.52170894,1.52170894,1.42353417,1.42353417,1.42353417,1.42353417,1.42353417,1.42353417,1.42353417,1.42353417,1.3253594,1.3253594,1.3253594,1.3253594,1.3253594,1.22718463,1.22718463,1.22718463,1.22718463,1.22718463,1.22718463,1.22718463,1.12900986,1.12900986,1.12900986,1.12900986,1.12900986,1.03083509,1.03083509,1.03083509,1.03083509,1.03083509,0.932660319,0.932660319,0.932660319,0.932660319,0.932660319,0.834485549,0.834485549,0.834485549,0.834485549,0.834485549,0.834485549,0.834485549,0.834485549,0.736310778,0.736310778,0.736310778,0.736310778,0.736310778,0.736310778,0.736310778,0.736310778,0.638136008,0.638136008,0.638136008,0.638136008,0.638136008,0.638136008,0.638136008,0.638136008,0.638136008,0.638136008,0.638136008,0.638136008,0.638136008,0.638136008,0.539961237,0.539961237,0.638136008,0.539961237,0.539961237,0.539961237,0.539961237,0.539961237,0.638136008,0.539961237,0.638136008,0.539961237,0.638136008,0.638136008,0.638136008,0.638136008,0.638136008,0.638136008,0.638136008,0.539961237
268.327732801,C01,AP01,client_to_ap,VHT,2,2,2,80,SU,1,4,122,6637c97e16e6ce8a,1.22718463,1.22718463,1.22718463,1.22718463,1.22718463,1.22718463,1.22718463,1.22718463,1.22718463,1.3253594,1.3253594,1.3253594,1.3253594,1.3253594,1.3253594,1.3253594,1.3253594,1.3253594,1.3253594,1.3253594,1.42353417,1.42353417,1.42353417,1.42353417,1.42353417,1.42353417,1.42353417,1.42353417,1.42353417,1.52170894,1.52170894,1.52170894,1.52170894,1.52170894,1.52170894,1.52170894,1.42353417,1.52170894,1.42353417,1.42353417,1.42353417,1.42353417,1.42353417,1.42353417,1.42353417,1.3253594,1.3253594,1.3253594,1.3253594,1.22718463,1.22718463,1.22718463,1.22718463,1.22718463,1.22718463,1.22718463,1.22718463,1.12900986,1.12900986,1.12900986,1.12900986,1.12900986,1.03083509,1.03083509,1.03083509,1.03083509,0.932660319,0.932660319,0.932660319,0.932660319,0.932660319,0.932660319,0.834485549,0.834485549,0.834485549,0.834485549,0.834485549,0.736310778,0.736310778,0.736310778,0.736310778,0.736310778,0.736310778,0.736310778,0.736310778,0.736310778,0.736310778,0.736310778,0.638136008,0.638136008,0.638136008,0.638136008,0.638136008,0.638136008,0.638136008,0.638136008,0.638136008,0.638136008,0.638136008,0.638136008,0.539961237,0.539961237,0.539961237,0.539961237,0.539961237,0.539961237,0.539961237,0.539961237,0.539961237,0.539961237,0.539961237,0.539961237,0.539961237,0.539961237,0.539961237,0.638136008,0.638136008,0.539961237,0.638136008,0.638136008,0.638136008,0.539961237
269.659685850,C01,AP01,client_to_ap,VHT,2,2,2,80,SU,1,4,122,6637c97e16e6ce8a,1.22718463,1.22718463,1.22718463,1.22718463,1.22718463,1.22718463,1.22718463,1.22718463,1.3253594,1.3253594,1.3253594,1.3253594,1.3253594,1.3253594,1.3253594,1.3253594,1.3253594,1.3253594,1.3253594,1.3253594,1.3253594,1.42353417,1.42353417,1.42353417,1.42353417,1.42353417,1.42353417,1.42353417,1.42353417,1.52170894,1.52170894,1.52170894,1.52170894,1.52170894,1.52170894,1.42353417,1.42353417,1.42353417,1.42353417,1.42353417,1.42353417,1.42353417,1.42353417,1.42353417,1.3253594,1.3253594,1.3253594,1.3253594,1.3253594,1.22718463,1.22718463,1.22718463,1.22718463,1.22718463,1.22718463,1.22718463,1.12900986,1.12900986,1.12900986,1.12900986,1.12900986,1.12900986,1.03083509,1.03083509,1.03083509,1.03083509,1.03083509,0.932660319,0.932660319,0.932660319,0.932660319,0.932660319,0.834485549,0.834485549,0.834485549,0.834485549,0.834485549,0.736310778,0.736310778,0.736310778,0.736310778,0.736310778,0.736310778,0.736310778,0.736310778,0.736310778,0.736310778,0.736310778,0.638136008,0.638136008,0.638136008,0.638136008,0.638136008,0.638136008,0.638136008,0.638136008,0.638136008,0.539961237,0.638136008,0.539961237,0.539961237,0.638136008,0.539961237,0.539961237,0.539961237,0.539961237,0.539961237,0.539961237,0.539961237,0.539961237,0.539961237,0.539961237,0.539961237,0.539961237,0.539961237,0.539961237,0.638136008,0.638136008,0.638136008,0.638136008,0.539961237,0.638136008
270.992185831,C01,AP01,client_to_ap,VHT,2,2,2,80,SU,1,4,122,6637c97e16e6ce8a,1.22718463,1.22718463,1.22718463,1.22718463,1.22718463,1.22718463,1.22718463,1.22718463,1.3253594,1.3253594,1.3253594,1.3253594,1.3253594,1.3253594,1.3253594,1.3253594,1.3253594,1.3253594,1.3253594,1.3253594,1.42353417,1.42353417,1.42353417,1.42353417,1.42353417,1.42353417,1.42353417,1.42353417,1.42353417,1.52170894,1.52170894,1.52170894,1.52170894,1.52170894,1.52170894,1.52170894,1.42353417,1.42353417,1.52170894,1.42353417,1.42353417,1.42353417,1.42353417,1.42353417,1.3253594,1.3253594,1.3253594,1.3253594,1.3253594,1.3253594,1.3253594,1.22718463,1.22718463,1.22718463,1.22718463,1.22718463,1.22718463,1.12900986,1.22718463,1.12900986,1.12900986,1.12900986,1.03083509,1.03083509,1.03083509,1.03083509,1.03083509,0.932660319,0.932660319,0.932660319,0.932660319,0.932660319,0.932660319,0.834485549,0.834485549,0.834485549,0.834485549,0.736310778,0.736310778,0.736310778,0.736310778,0.736310778,0.736310778,0.736310778,0.736310778,0.736310778,0.736310778,0.736310778,0.638136008,0.638136008,0.638136008,0.638136008,0.638136008,0.638136008,0.638136008,0.638136008,0.638136008,0.638136008,0.638136008,0.539961237,0.539961237,0.539961237,0.539961237,0.539961237,0.539961237,0.539961237,0.539961237,0.539961237,0.539961237,0.539961237,0.539961237,0.539961237,0.539961237,0.539961237,0.539961237,0.539961237,0.638136008,0.638136008,0.638136008,0.638136008,0.638136008,0.539961237
272.327947855,C01,AP01,client_to_ap,VHT,2,2,2,80,SU,1,4,122,6637c97e16e6ce8a,1.22718463,1.22718463,1.22718463,1.22718463,1.22718463,1.22718463,1.22718463,1.22718463,1.22718463,1.3253594,1.3253594,1.3253594,1.3253594,1.3253594,1.3253594,1.3253594,1.3253594,1.3253594,1.3253594,1.42353417,1.42353417,1.42353417,1.42353417,1.42353417,1.42353417,1.42353417,1.42353417,1.42353417,1.42353417,1.42353417,1.52170894,1.52170894,1.52170894,1.52170894,1.52170894,1.52170894,1.52170894,1.42353417,1.42353417,1.42353417,1.42353417,1.42353417,1.42353417,1.42353417,1.3253594,1.3253594,1.3253594,1.3253594,1.3253594,1.22718463,1.22718463,1.22718463,1.22718463,1.22718463,1.22718463,1.22718463,1.22718463,1.12900986,1.12900986,1.12900986,1.12900986,1.12900986,1.03083509,1.03083509,1.03083509,1.03083509,1.03083509,0.932660319,0.932660319,0.932660319,0.932660319,0.932660319,0.834485549,0.834485549,0.834485549,0.834485549,0.834485549,0.736310778,0.736310778,0.736310778,0.736310778,0.736310778,0.736310778,0.736310778,0.736310778,0.736310778,0.736310778,0.736310778,0.638136008,0.638136008,0.638136008,0.638136008,0.638136008,0.638136008,0.638136008,0.638136008,0.638136008,0.638136008,0.638136008,0.539961237,0.539961237,0.539961237,0.539961237,0.539961237,0.539961237,0.539961237,0.539961237,0.539961237,0.539961237,0.539961237,0.638136008,0.638136008,0.539961237,0.539961237,0.638136008,0.638136008,0.539961237,0.539961237,0.638136008,0.638136008,0.539961237,0.539961237
273.660237789,C01,AP01,client_to_ap,VHT,2,2,2,80,SU,1,4,122,6637c97e16e6ce8a,1.22718463,1.22718463,1.22718463,1.22718463,1.22718463,1.22718463,1.22718463,1.22718463,1.22718463,1.3253594,1.3253594,1.3253594,1.3253594,1.3253594,1.3253594,1.3253594,1.3253594,1.3253594,1.3253594,1.3253594,1.42353417,1.42353417,1.42353417,1.42353417,1.42353417,1.42353417,1.42353417,1.42353417,1.42353417,1.42353417,1.52170894,1.52170894,1.52170894,1.52170894,1.52170894,1.52170894,1.52170894,1.42353417,1.42353417,1.42353417,1.42353417,1.42353417,1.42353417,1.42353417,1.42353417,1.3253594,1.3253594,1.3253594,1.3253594,1.22718463,1.22718463,1.22718463,1.22718463,1.22718463,1.22718463,1.22718463,1.12900986,1.12900986,1.12900986,1.12900986,1.12900986,1.03083509,1.03083509,1.03083509,1.03083509,1.03083509,0.932660319,0.932660319,0.932660319,0.932660319,0.932660319,0.834485549,0.834485549,0.834485549,0.834485549,0.834485549,0.834485549,0.834485549,0.736310778,0.736310778,0.736310778,0.736310778,0.736310778,0.736310778,0.736310778,0.736310778,0.736310778,0.736310778,0.638136008,0.638136008,0.638136008,0.638136008,0.638136008,0.638136008,0.638136008,0.638136008,0.638136008,0.638136008,0.638136008,0.638136008,0.539961237,0.539961237,0.539961237,0.539961237,0.539961237,0.539961237,0.539961237,0.539961237,0.539961237,0.539961237,0.539961237,0.539961237,0.539961237,0.638136008,0.539961237,0.539961237,0.638136008,0.638136008,0.539961237,0.638136008,0.638136008,0.539961237
274.991982937,C01,AP01,client_to_ap,VHT,2,2,2,80,SU,1,4,122,6637c97e16e6ce8a,1.22718463,1.22718463,1.22718463,1.22718463,1.22718463,1.22718463,1.22718463,1.22718463,1.22718463,1.3253594,1.3253594,1.3253594,1.3253594,1.3253594,1.3253594,1.3253594,1.3253594,1.3253594,1.3253594,1.3253594,1.3253594,1.42353417,1.42353417,1.42353417,1.42353417,1.42353417,1.42353417,1.42353417,1.42353417,1.52170894,1.52170894,1.52170894,1.52170894,1.52170894,1.52170894,1.52170894,1.42353417,1.42353417,1.42353417,1.42353417,1.42353417,1.42353417,1.42353417,1.42353417,1.3253594,1.3253594,1.3253594,1.3253594,1.22718463,1.22718463,1.22718463,1.22718463,1.22718463,1.22718463,1.22718463,1.22718463,1.12900986,1.12900986,1.12900986,1.12900986,1.12900986,1.12900986,1.03083509,1.03083509,1.03083509,1.03083509,1.03083509,0.932660319,0.932660319,0.932660319,0.932660319,0.932660319,0.834485549,0.834485549,0.834485549,0.834485549,0.834485549,0.736310778,0.736310778,0.736310778,0.736310778,0.736310778,0.736310778,0.736310778,0.736310778,0.736310778,0.736310778,0.638136008,0.638136008,0.638136008,0.638136008,0.638136008,0.638136008,0.638136008,0.638136008,0.638136008,0.638136008,0.638136008,0.539961237,0.539961237,0.539961237,0.539961237,0.539961237,0.539961237,0.539961237,0.539961237,0.539961237,0.539961237,0.539961237,0.539961237,0.539961237,0.539961237,0.539961237,0.539961237,0.539961237,0.539961237,0.638136008,0.638136008,0.539961237,0.638136008,0.638136008,0.638136008
276.327646017,C01,AP01,client_to_ap,VHT,2,2,2,80,SU,1,4,122,6637c97e16e6ce8a,1.22718463,1.22718463,1.22718463,1.22718463,1.22718463,1.22718463,1.22718463,1.3253594,1.3253594,1.3253594,1.3253594,1.3253594,1.3253594,1.3253594,1.3253594,1.3253594,1.3253594,1.3253594,1.3253594,1.3253594,1.42353417,1.42353417,1.42353417,1.42353417,1.42353417,1.42353417,1.42353417,1.42353417,1.52170894,1.42353417,1.52170894,1.52170894,1.42353417,1.52170894,1.52170894,1.52170894,1.52170894,1.42353417,1.42353417,1.42353417,1.42353417,1.42353417,1.42353417,1.42353417,1.3253594,1.3253594,1.3253594,1.3253594,1.22718463,1.22718463,1.22718463,1.22718463,1.22718463,1.22718463,1.22718463,1.22718463,1.12900986,1.12900986,1.12900986,1.12900986,1.12900986,1.03083509,1.03083509,1.03083509,1.03083509,1.03083509,1.03083509,0.932660319,0.932660319,0.932660319,0.932660319,0.834485549,0.834485549,0.834485549,0.834485549,0.834485549,0.834485549,0.736310778,0.736310778,0.736310778,0.736310778,0.736310778,0.736310778,0.736310778,0.736310778,0.736310778,0.736310778,0.736310778,0.638136008,0.638136008,0.638136008,0.638136008,0.638136008,0.638136008,0.638136008,0.638136008,0.638136008,0.638136008,0.539961237,0.638136008,0.539961237,0.539961237,0.539961237,0.539961237,0.539961237,0.539961237,0.539961237,0.539961237,0.539961237,0.539961237,0.539961237,0.638136008,0.539961237,0.539961237,0.638136008,0.539961237,0.638136008,0.539961237,0.638136008,0.638136008,0.638136008,0.638136008
277.660571814,C01,AP01,client_to_ap,VHT,2,2,2,80,SU,1,4,122,6637c97e16e6ce8a,1.22718463,1.22718463,1.22718463,1.22718463,1.22718463,1.22718463,1.22718463,1.22718463,1.22718463,1.22718463,1.3253594,1.3253594,1.3253594,1.3253594,1.3253594,1.3253594,1.3253594,1.3253594,1.3253594,1.3253594,1.3253594,1.42353417,1.42353417,1.42353417,1.42353417,1.42353417,1.42353417,1.42353417,1.42353417,1.52170894,1.52170894,1.52170894,1.52170894,1.52170894,1.52170894,1.52170894,1.42353417,1.42353417,1.42353417,1.42353417,1.42353417,1.42353417,1.42353417,1.3253594,1.3253594,1.3253594,1.3253594,1.3253594,1.22718463,1.22718463,1.22718463,1.22718463,1.22718463,1.22718463,1.22718463,1.22718463,1.12900986,1.12900986,1.12900986,1.12900986,1.12900986,1.03083509,1.03083509,1.03083509,1.03083509,1.03083509,0.932660319,0.932660319,0.932660319,0.932660319,0.932660319,0.834485549,0.834485549,0.834485549,0.834485549,0.834485549,0.834485549,0.736310778,0.736310778,0.736310778,0.736310778,0.736310778,0.736310778,0.736310778,0.736310778,0.638136008,0.638136008,0.638136008,0.638136008,0.638136008,0.638136008,0.638136008,0.638136008,0.638136008,0.638136008,0.638136008,0.638136008,0.539961237,0.539961237,0.539961237,0.539961237,0.539961237,0.539961237,0.539961237,0.539961237,0.539961237,0.539961237,0.539961237,0.539961237,0.539961237,0.539961237,0.539961237,0.539961237,0.539961237,0.539961237,0.539961237,0.539961237,0.539961237,0.638136008,0.638136008,0.539961237,0.638136008
278.993149996,C01,AP01,client_to_ap,VHT,2,2,2,80,SU,1,4,122,6637c97e16e6ce8a,1.22718463,1.22718463,1.22718463,1.22718463,1.22718463,1.22718463,1.22718463,1.22718463,1.22718463,1.3253594,1.3253594,1.3253594,1.3253594,1.3253594,1.3253594,1.3253594,1.3253594,1.3253594,1.3253594,1.3253594,1.3253594,1.42353417,1.42353417,1.42353417,1.42353417,1.42353417,1.42353417,1.42353417,1.42353417,1.52170894,1.52170894,1.52170894,1.52170894,1.52170894,1.52170894,1.52170894,1.52170894,1.42353417,1.42353417,1.42353417,1.42353417,1.42353417,1.42353417,1.42353417,1.3253594,1.3253594,1.3253594,1.3253594,1.22718463,1.22718463,1.22718463,1.22718463,1.22718463,1.22718463,1.22718463,1.22718463,1.22718463,1.12900986,1.12900986,1.12900986,1.12900986,1.12900986,1.03083509,1.03083509,1.03083509,1.03083509,0.932660319,0.932660319,0.932660319,0.932660319,0.932660319,0.932660319,0.834485549,0.834485549,0.834485549,0.834485549,0.834485549,0.736310778,0.736310778,0.736310778,0.736310778,0.736310778,0.736310778,0.736310778,0.736310778,0.736310778,0.736310778,0.736310778,0.638136008,0.638136008,0.638136008,0.638136008,0.638136008,0.638136008,0.638136008,0.638136008,0.638136008,0.638136008,0.638136008,0.638136008,0.638136008,0.539961237,0.539961237,0.539961237,0.539961237,0.539961237,0.539961237,0.539961237,0.539961237,0.539961237,0.539961237,0.539961237,0.539961237,0.539961237,0.539961237,0.539961237,0.638136008,0.638136008,0.638136008,0.638136008,0.638136008,0.638136008
280.328703880,C01,AP01,client_to_ap,VHT,2,2,2,80,SU,1,4,122,6637c97e16e6ce8a,1.22718463,1.22718463,1.22718463,1.22718463,1.22718463,1.22718463,1.22718463,1.22718463,1.22718463,1.3253594,1.3253594,1.3253594,1.3253594,1.3253594,1.3253594,1.3253594,1.3253594,1.3253594,1.3253594,1.3253594,1.3253594,1.42353417,1.42353417,1.42353417,1.42353417,1.42353417,1.42353417,1.42353417,1.42353417,1.42353417,1.52170894,1.52170894,1.52170894,1.52170894,1.52170894,1.52170894,1.52170894,1.42353417,1.42353417,1.42353417,1.42353417,1.42353417,1.42353417,1.42353417,1.3253594,1.3253594,1.3253594,1.3253594,1.3253594,1.22718463,1.22718463,1.22718463,1.22718463,1.22718463,1.22718463,1.22718463,1.12900986,1.12900986,1.12900986,1.12900986,1.12900986,1.03083509,1.03083509,1.03083509,1.03083509,1.03083509,0.932660319,0.932660319,0.932660319,0.932660319,0.932660319,0.834485549,0.834485549,0.834485549,0.834485549,0.834485549,0.834485549,0.736310778,0.736310778,0.736310778,0.736310778,0.736310778,0.736310778,0.736310778,0.736310778,0.736310778,0.736310778,0.736310778,0.638136008,0.638136008,0.638136008,0.638136008,0.638136008,0.638136008,0.638136008,0.638136008,0.638136008,0.638136008,0.638136008,0.539961237,0.539961237,0.539961237,0.539961237,0.539961237,0.638136008,0.539961237,0.539961237,0.539961237,0.539961237,0.638136008,0.539961237,0.539961237,0.539961237,0.539961237,0.539961237,0.638136008,0.539961237,0.539961237,0.638136008,0.539961237,0.638136008,0.638136008
281.660226822,C01,AP01,client_to_ap,VHT,2,2,2,80,SU,1,4,122,6637c97e16e6ce8a,1.22718463,1.22718463,1.22718463,1.22718463,1.22718463,1.22718463,1.22718463,1.22718463,1.22718463,1.3253594,1.3253594,1.3253594,1.3253594,1.3253594,1.3253594,1.3253594,1.3253594,1.3253594,1.3253594,1.3253594,1.3253594,1.42353417,1.42353417,1.42353417,1.42353417,1.42353417,1.42353417,1.42353417,1.52170894,1.52170894,1.52170894,1.52170894,1.52170894,1.52170894,1.52170894,1.52170894,1.52170894,1.42353417,1.42353417,1.42353417,1.42353417,1.42353417,1.42353417,1.42353417,1.3253594,1.3253594,1.3253594,1.3253594,1.22718463,1.22718463,1.22718463,1.22718463,1.22718463,1.22718463,1.22718463,1.22718463,1.12900986,1.12900986,1.12900986,1.12900986,1.12900986,1.03083509,1.03083509,1.03083509,1.03083509,1.03083509,1.03083509,0.932660319,0.932660319,0.932660319,0.932660319,0.834485549,0.834485549,0.834485549,0.834485549,0.834485549,0.834485549,0.834485549,0.736310778,0.736310778,0.736310778,0.736310778,0.736310778,0.736310778,0.736310778,0.736310778,0.736310778,0.638136008,0.638136008,0.638136008,0.638136008,0.638136008,0.638136008,0.638136008,0.638136008,0.638136008,0.638136008,0.638136008,0.638136008,0.539961237,0.638136008,0.539961237,0.539961237,0.539961237,0.539961237,0.539961237,0.539961237,0.539961237,0.539961237,0.539961237,0.539961237,0.539961237,0.539961237,0.539961237,0.539961237,0.539961237,0.539961237,0.638136008,0.539961237,0.539961237,0.638136008,0.539961237
282.992413998,C01,AP01,client_to_ap,VHT,2,2,2,80,SU,1,4,122,6637c97e16e6ce8a,1.22718463,1.22718463,1.22718463,1.22718463,1.22718463,1.22718463,1.22718463,1.22718463,1.3253594,1.3253594,1.3253594,1.3253594,1.3253594,1.3253594,1.3253594,1.3253594,1.3253594,1.3253594,1.3253594,1.3253594,1.42353417,1.3253594,1.42353417,1.42353417,1.42353417,1.42353417,1.42353417,1.42353417,1.42353417,1.42353417,1.52170894,1.52170894,1.52170894,1.52170894,1.52170894,1.52170894,1.52170894,1.42353417,1.42353417,1.42353417,1.42353417,1.42353417,1.42353417,1.42353417,1.3253594,1.3253594,1.3253594,1.3253594,1.3253594,1.22718463,1.22718463,1.22718463,1.22718463,1.22718463,1.22718463,1.22718463,1.12900986,1.12900986,1.12900986,1.12900986,1.12900986,1.12900986,1.03083509,1.03083509,1.03083509,1.03083509,0.932660319,0.932660319,0.932660319,0.932660319,0.932660319,0.834485549,0.834485549,0.834485549,0.834485549,0.834485549,0.736310778,0.736310778,0.736310778,0.736310778,0.736310778,0.736310778,0.736310778,0.736310778,0.736310778,0.736310778,0.736310778,0.736310778,0.638136008,0.638136008,0.638136008,0.638136008,0.638136008,0.638136008,0.638136008,0.638136008,0.638136008,0.539961237,0.539961237,0.539961237,0.539961237,0.539961237,0.539961237,0.539961237,0.539961237,0.539961237,0.539961237,0.539961237,0.539961237,0.539961237,0.539961237,0.539961237,0.539961237,0.539961237,0.539961237,0.539961237,0.539961237,0.539961237,0.638136008,0.539961237,0.539961237,0.539961237
284.328125000,C01,AP01,client_to_ap,VHT,2,2,2,80,SU,1,4,122,6637c97e16e6ce8a,1.12900986,1.22718463,1.22718463,1.22718463,1.22718463,1.22718463,1.22718463,1.22718463,1.22718463,1.3253594,1.3253594,1.3253594,1.3253594,1.3253594,1.3253594,1.3253594,1.3253594,1.3253594,1.3253594,1.3253594,1.42353417,1.42353417,1.42353417,1.42353417,1.42353417,1.42353417,1.42353417,1.42353417,1.42353417,1.42353417,1.52170894,1.52170894,1.52170894,1.52170894,1.52170894,1.52170894,1.52170894,1.42353417,1.42353417,1.42353417,1.42353417,1.42353417,1.42353417,1.3253594,1.3253594,1.3253594,1.3253594,1.3253594,1.3253594,1.22718463,1.22718463,1.22718463,1.22718463,1.22718463,1.22718463,1.22718463,1.12900986,1.12900986,1.12900986,1.12900986,1.12900986,1.03083509,1.03083509,1.03083509,1.03083509,1.03083509,0.932660319,0.932660319,0.932660319,0.932660319,0.932660319,0.834485549,0.834485549,0.834485549,0.834485549,0.834485549,0.834485549,0.736310778,0.736310778,0.736310778,0.736310778,0.736310778,0.736310778,0.736310778,0.736310778,0.638136008,0.638136008,0.736310778,0.638136008,0.638136008,0.638136008,0.638136008,0.638136008,0.638136008,0.638136008,0.638136008,0.638136008,0.539961237,0.539961237,0.539961237,0.539961237,0.539961237,0.539961237,0.539961237,0.539961237,0.539961237,0.539961237,0.539961237,0.539961237,0.539961237,0.539961237,0.539961237,0.539961237,0.539961237,0.539961237,0.539961237,0.539961237,0.539961237,0.638136008,0.539961237,0.539961237,0.539961237
285.660528898,C01,AP01,client_to_ap,VHT,2,2,2,80,SU,1,4,122,6637c97e16e6ce8a,1.22718463,1.22718463,1.22718463,1.22718463,1.22718463,1.22718463,1.22718463,1.22718463,1.22718463,1.3253594,1.3253594,1.3253594,1.3253594,1.3253594,1.3253594,1.3253594,1.3253594,1.3253594,1.3253594,1.3253594,1.3253594,1.42353417,1.42353417,1.42353417,1.42353417,1.42353417,1.42353417,1.42353417,1.42353417,1.42353417,1.52170894,1.52170894,1.52170894,1.52170894,1.52170894,1.52170894,1.42353417,1.52170894,1.42353417,1.42353417,1.42353417,1.42353417,1.42353417,1.42353417,1.3253594,1.3253594,1.3253594,1.3253594,1.3253594,1.22718463,1.22718463,1.22718463,1.22718463,1.22718463,1.22718463,1.12900986,1.12900986,1.12900986,1.12900986,1.12900986,1.12900986,1.12900986,1.03083509,1.03083509,1.03083509,1.03083509,1.03083509,0.932660319,0.932660319,0.932660319,0.932660319,0.834485549,0.834485549,0.834485549,0.834485549,0.834485549,0.834485549,0.736310778,0.736310778,0.736310778,0.736310778,0.736310778,0.736310778,0.736310778,0.736310778,0.736310778,0.736310778,0.736310778,0.638136008,0.638136008,0.638136008,0.638136008,0.638136008,0.638136008,0.638136008,0.638136008,0.638136008,0.638136008,0.638136008,0.638136008,0.638136008,0.539961237,0.539961237,0.539961237,0.539961237,0.539961237,0.539961237,0.539961237,0.539961237,0.539961237,0.539961237,0.539961237,0.539961237,0.539961237,0.539961237,0.539961237,0.638136008,0.638136008,0.638136008,0.638136008,0.638136008,0.638136008
286.991781950,C01,AP01,client_to_ap,VHT,2,2,2,80,SU,1,4,122,6637c97e16e6ce8a,1.22718463,1.22718463,1.22718463,1.22718463,1.22718463,1.22718463,1.22718463,1.3253594,1.22718463,1.3253594,1.3253594,1.3253594,1.3253594,1.3253594,1.3253594,1.3253594,1.3253594,1.3253594,1.3253594,1.3253594,1.42353417,1.42353417,1.42353417,1.42353417,1.42353417,1.42353417,1.42353417,1.42353417,1.42353417,1.52170894,1.52170894,1.52170894,1.52170894,1.52170894,1.52170894,1.52170894,1.52170894,1.42353417,1.42353417,1.42353417,1.42353417,1.42353417,1.42353417,1.42353417,1.3253594,1.3253594,1.3253594,1.3253594,1.3253594,1.22718463,1.22718463,1.22718463,1.22718463,1.22718463,1.22718463,1.12900986,1.12900986,1.12900986,1.12900986,1.12900986,1.12900986,1.12900986,1.03083509,1.03083509,1.03083509,1.03083509,0.932660319,0.932660319,0.932660319,0.932660319,0.932660319,0.932660319,0.834485549,0.834485549,0.834485549,0.834485549,0.834485549,0.834485549,0.736310778,0.736310778,0.736310778,0.736310778,0.736310778,0.736310778,0.736310778,0.736310778,0.638136008,0.638136008,0.638136008,0.638136008,0.638136008,0.638136008,0.638136008,0.638136008,0.638136008,0.638136008,0.638136008,0.638136008,0.638136008,0.539961237,0.539961237,0.539961237,0.539961237,0.539961237,0.539961237,0.539961237,0.539961237,0.539961237,0.539961237,0.539961237,0.539961237,0.539961237,0.638136008,0.539961237,0.539961237,0.638136008,0.539961237,0.638136008,0.638136008,0.638136008,0.638136008,0.539961237
288.328176975,C01,AP01,client_to_ap,VHT,2,2,2,80,SU,1,4,122,6637c97e16e6ce8a,1.22718463,1.22718463,1.22718463,1.22718463,1.22718463,1.22718463,1.22718463,1.22718463,1.3253594,1.3253594,1.3253594,1.3253594,1.3253594,1.3253594,1.3253594,1.3253594,1.3253594,1.3253594,1.3253594,1.42353417,1.42353417,1.42353417,1.42353417,1.42353417,1.42353417,1.42353417,1.42353417,1.42353417,1.42353417,1.52170894,1.52170894,1.52170894,1.52170894,1.52170894,1.52170894,1.52170894,1.52170894,1.42353417,1.42353417,1.42353417,1.42353417,1.42353417,1.42353417,1.42353417,1.42353417,1.3253594,1.3253594,1.3253594,1.3253594,1.3253594,1.22718463,1.22718463,1.22718463,1.22718463,1.22718463,1.22718463,1.22718463,1.22718463,1.12900986,1.12900986,1.12900986,1.12900986,1.03083509,1.03083509,1.03083509,1.03083509,1.03083509,0.932660319,0.932660319,0.932660319,0.932660319,0.932660319,0.834485549,0.834485549,0.834485549,0.834485549,0.834485549,0.834485549,0.834485549,0.834485549,0.736310778,0.736310778,0.736310778,0.736310778,0.736310778,0.736310778,0.736310778,0.736310778,0.638136008,0.638136008,0.638136008,0.638136008,0.638136008,0.638136008,0.638136008,0.638136008,0.638136008,0.638136008,0.638136008,0.638136008,0.539961237,0.539961237,0.539961237,0.638136008,0.539961237,0.539961237,0.539961237,0.638136008,0.638136008,0.539961237,0.539961237,0.638136008,0.638136008,0.638136008,0.539961237,0.638136008,0.638136008,0.638136008,0.638136008,0.638136008,0.638136008,0.638136008
289.660105944,C01,AP01,client_to_ap,VHT,2,2,2,80,SU,1,4,122,6637c97e16e6ce8a,1.22718463,1.22718463,1.22718463,1.22718463,1.22718463,1.22718463,1.22718463,1.22718463,1.22718463,1.3253594,1.3253594,1.3253594,1.3253594,1.3253594,1.3253594,1.3253594,1.3253594,1.3253594,1.3253594,1.3253594,1.42353417,1.42353417,1.42353417,1.42353417,1.42353417,1.42353417,1.42353417,1.42353417,1.42353417,1.52170894,1.52170894,1.52170894,1.52170894,1.52170894,1.52170894,1.52170894,1.42353417,1.42353417,1.42353417,1.42353417,1.42353417,1.42353417,1.42353417,1.42353417,1.3253594,1.3253594,1.3253594,1.3253594,1.3253594,1.22718463,1.22718463,1.22718463,1.22718463,1.22718463,1.22718463,1.22718463,1.12900986,1.12900986,1.12900986,1.12900986,1.12900986,1.12900986,1.03083509,1.03083509,1.03083509,1.03083509,1.03083509,0.932660319,0.932660319,0.932660319,0.932660319,0.932660319,0.834485549,0.834485549,0.834485549,0.834485549,0.834485549,0.834485549,0.834485549,0.736310778,0.736310778,0.736310778,0.736310778,0.736310778,0.736310778,0.736310778,0.736310778,0.736310778,0.638136008,0.638136008,0.638136008,0.638136008,0.638136008,0.638136008,0.638136008,0.638136008,0.638136008,0.638136008,0.638136008,0.539961237,0.638136008,0.539961237,0.638136008,0.638136008,0.638136008,0.539961237,0.539961237,0.638136008,0.539961237,0.539961237,0.638136008,0.539961237,0.539961237,0.638136008,0.539961237,0.638136008,0.638136008,0.638136008,0.539961237,0.539961237,0.638136008,0.638136008
290.992222786,C01,AP01,client_to_ap,VHT,2,2,2,80,SU,1,4,122,6637c97e16e6ce8a,1.22718463,1.22718463,1.22718463,1.22718463,1.22718463,1.22718463,1.22718463,1.22718463,1.3253594,1.3253594,1.3253594,1.3253594,1.3253594,1.3253594,1.3253594,1.3253594,1.3253594,1.3253594,1.3253594,1.3253594,1.3253594,1.42353417,1.42353417,1.42353417,1.42353417,1.42353417,1.42353417,1.42353417,1.42353417,1.42353417,1.52170894,1.52170894,1.52170894,1.52170894,1.52170894,1.52170894,1.52170894,1.42353417,1.42353417,1.42353417,1.42353417,1.42353417,1.42353417,1.42353417,1.3253594,1.3253594,1.3253594,1.3253594,1.3253594,1.22718463,1.22718463,1.22718463,1.22718463,1.22718463,1.22718463,1.22718463,1.22718463,1.12900986,1.12900986,1.12900986,1.12900986,1.03083509,1.03083509,1.03083509,1.03083509,1.03083509,0.932660319,0.932660319,0.932660319,0.932660319,0.932660319,0.932660319,0.834485549,0.834485549,0.834485549,0.834485549,0.834485549,0.736310778,0.736310778,0.736310778,0.736310778,0.736310778,0.736310778,0.736310778,0.736310778,0.736310778,0.736310778,0.638136008,0.638136008,0.638136008,0.638136008,0.638136008,0.638136008,0.638136008,0.638136008,0.638136008,0.638136008,0.638136008,0.638136008,0.539961237,0.539961237,0.539961237,0.539961237,0.539961237,0.539961237,0.539961237,0.539961237,0.539961237,0.539961237,0.539961237,0.539961237,0.638136008,0.539961237,0.539961237,0.539961237,0.638136008,0.638136008,0.539961237,0.638136008,0.638136008,0.638136008,0.638136008
292.328355789,C01,AP01,client_to_ap,VHT,2,2,2,80,SU,1,4,122,6637c97e16e6ce8a,1.22718463,1.22718463,1.22718463,1.22718463,1.22718463,1.22718463,1.22718463,1.3253594,1.22718463,1.3253594,1.3253594,1.3253594,1.3253594,1.3253594,1.3253594,1.3253594,1.3253594,1.3253594,1.3253594,1.3253594,1.42353417,1.42353417,1.42353417,1.42353417,1.42353417,1.42353417,1.42353417,1.42353417,1.42353417,1.42353417,1.52170894,1.52170894,1.52170894,1.52170894,1.52170894,1.52170894,1.52170894,1.42353417,1.42353417,1.42353417,1.42353417,1.42353417,1.42353417,1.42353417,1.3253594,1.3253594,1.3253594,1.3253594,1.3253594,1.22718463,1.22718463,1.22718463,1.22718463,1.22718463,1.22718463,1.22718463,1.12900986,1.12900986,1.12900986,1.12900986,1.12900986,1.03083509,1.03083509,1.03083509,1.03083509,1.03083509,0.932660319,0.932660319,0.932660319,0.932660319,0.932660319,0.932660319,0.834485549,0.834485549,0.834485549,0.834485549,0.834485549,0.834485549,0.736310778,0.736310778,0.736310778,0.736310778,0.736310778,0.736310778,0.736310778,0.736310778,0.736310778,0.736310778,0.638136008,0.638136008,0.638136008,0.638136008,0.638136008,0.638136008,0.638136008,0.638136008,0.638136008,0.638136008,0.539961237,0.638136008,0.638136008,0.539961237,0.539961237,0.539961237,0.539961237,0.539961237,0.539961237,0.539961237,0.539961237,0.539961237,0.539961237,0.638136008,0.539961237,0.539961237,0.539961237,0.539961237,0.638136008,0.638136008,0.638136008,0.638136008,0.638136008,0.539961237
293.661507845,C01,AP01,client_to_ap,VHT,2,2,2,80,SU,1,4,122,6637c97e16e6ce8a,1.22718463,1.22718463,1.22718463,1.22718463,1.22718463,1.22718463,1.22718463,1.22718463,1.22718463,1.3253594,1.3253594,1.3253594,1.3253594,1.3253594,1.3253594,1.3253594,1.3253594,1.3253594,1.3253594,1.3253594,1.3253594,1.42353417,1.42353417,1.42353417,1.42353417,1.42353417,1.42353417,1.42353417,1.42353417,1.52170894,1.52170894,1.52170894,1.52170894,1.52170894,1.52170894,1.52170894,1.52170894,1.42353417,1.42353417,1.42353417,1.42353417,1.42353417,1.42353417,1.42353417,1.3253594,1.3253594,1.3253594,1.3253594,1.3253594,1.22718463,1.22718463,1.22718463,1.22718463,1.22718463,1.22718463,1.22718463,1.12900986,1.12900986,1.12900986,1.12900986,1.12900986,1.12900986,1.03083509,1.03083509,1.03083509,1.03083509,0.932660319,0.932660319,0.932660319,0.932660319,0.932660319,0.834485549,0.834485549,0.834485549,0.834485549,0.834485549,0.834485549,0.834485549,0.736310778,0.736310778,0.736310778,0.736310778,0.736310778,0.736310778,0.736310778,0.736310778,0.736310778,0.736310778,0.638136008,0.638136008,0.638136008,0.638136008,0.638136008,0.638136008,0.638136008,0.638136008,0.638136008,0.638136008,0.638136008,0.638136008,0.539961237,0.539961237,0.539961237,0.539961237,0.539961237,0.539961237,0.539961237,0.539961237,0.539961237,0.539961237,0.539961237,0.539961237,0.539961237,0.539961237,0.539961237,0.638136008,0.539961237,0.638136008,0.638136008,0.638136008,0.638136008,0.638136008
294.993771791,C01,AP01,client_to_ap,VHT,2,2,2,80,SU,1,4,122,6637c97e16e6ce8a,1.22718463,1.22718463,1.22718463,1.22718463,1.22718463,1.22718463,1.22718463,1.22718463,1.22718463,1.3253594,1.3253594,1.3253594,1.3253594,1.3253594,1.3253594,1.3253594,1.3253594,1.3253594,1.3253594,1.42353417,1.42353417,1.42353417,1.42353417,1.42353417,1.42353417,1.42353417,1.42353417,1.42353417,1.42353417,1.52170894,1.52170894,1.52170894,1.52170894,1.52170894,1.52170894,1.52170894,1.52170894,1.42353417,1.42353417,1.42353417,1.42353417,1.42353417,1.42353417,1.3253594,1.3253594,1.3253594,1.3253594,1.3253594,1.22718463,1.22718463,1.22718463,1.22718463,1.22718463,1.22718463,1.22718463,1.22718463,1.22718463,1.12900986,1.12900986,1.12900986,1.12900986,1.03083509,1.03083509,1.03083509,1.03083509,0.932660319,0.932660319,0.932660319,0.932660319,0.932660319,0.932660319,0.834485549,0.834485549,0.834485549,0.834485549,0.834485549,0.834485549,0.736310778,0.736310778,0.736310778,0.736310778,0.736310778,0.736310778,0.736310778,0.736310778,0.638136008,0.736310778,0.638136008,0.638136008,0.638136008,0.638136008,0.638136008,0.638136008,0.638136008,0.638136008,0.638136008,0.638136008,0.539961237,0.539961237,0.539961237,0.539961237,0.539961237,0.539961237,0.539961237,0.539961237,0.539961237,0.539961237,0.539961237,0.539961237,0.539961237,0.539961237,0.539961237,0.539961237,0.539961237,0.539961237,0.539961237,0.539961237,0.539961237,0.539961237,0.539961237,0.539961237,0.638136008
296.328581810,C01,AP01,client_to_ap,VHT,2,2,2,80,SU,1,4,122,6637c97e16e6ce8a,1.22718463,1.22718463,1.22718463,1.22718463,1.22718463,1.22718463,1.22718463,1.22718463,1.22718463,1.22718463,1.3253594,1.3253594,1.3253594,1.3253594,1.3253594,1.3253594,1.3253594,1.3253594,1.3253594,1.3253594,1.3253594,1.42353417,1.42353417,1.42353417,1.42353417,1.42353417,1.42353417,1.42353417,1.42353417,1.42353417,1.52170894,1.52170894,1.52170894,1.52170894,1.52170894,1.52170894,1.42353417,1.42353417,1.42353417,1.42353417,1.42353417,1.42353417,1.42353417,1.42353417,1.3253594,1.3253594,1.3253594,1.3253594,1.3253594,1.22718463,1.22718463,1.22718463,1.22718463,1.22718463,1.22718463,1.22718463,1.12900986,1.12900986,1.12900986,1.12900986,1.12900986,1.03083509,1.03083509,1.03083509,1.03083509,1.03083509,0.932660319,0.932660319,0.932660319,0.932660319,0.932660319,0.932660319,0.834485549,0.834485549,0.834485549,0.834485549,0.834485549,0.736310778,0.736310778,0.736310778,0.736310778,0.736310778,0.736310778,0.736310778,0.736310778,0.638136008,0.638136008,0.638136008,0.638136008,0.638136008,0.638136008,0.638136008,0.638136008,0.638136008,0.638136008,0.638136008,0.638136008,0.638136008,0.539961237,0.539961237,0.539961237,0.539961237,0.539961237,0.539961237,0.539961237,0.539961237,0.539961237,0.539961237,0.539961237,0.539961237,0.539961237,0.539961237,0.539961237,0.539961237,0.638136008,0.539961237,0.539961237,0.638136008,0.539961237,0.638136008,0.539961237,0.539961237
297.660347939,C01,AP01,client_to_ap,VHT,2,2,2,80,SU,1,4,122,6637c97e16e6ce8a,1.22718463,1.22718463,1.22718463,1.22718463,1.22718463,1.22718463,1.22718463,1.22718463,1.3253594,1.3253594,1.3253594,1.3253594,1.3253594,1.3253594,1.3253594,1.3253594,1.3253594,1.3253594,1.3253594,1.3253594,1.42353417,1.42353417,1.42353417,1.42353417,1.42353417,1.42353417,1.42353417,1.42353417,1.42353417,1.42353417,1.52170894,1.52170894,1.52170894,1.52170894,1.52170894,1.52170894,1.52170894,1.42353417,1.42353417,1.42353417,1.42353417,1.42353417,1.42353417,1.42353417,1.3253594,1.3253594,1.3253594,1.3253594,1.3253594,1.3253594,1.22718463,1.22718463,1.22718463,1.22718463,1.22718463,1.22718463,1.12900986,1.12900986,1.12900986,1.12900986,1.12900986,1.12900986,1.03083509,1.03083509,1.03083509,1.03083509,0.932660319,0.932660319,0.932660319,0.932660319,0.932660319,0.932660319,0.834485549,0.834485549,0.834485549,0.834485549,0.834485549,0.834485549,0.736310778,0.736310778,0.736310778,0.736310778,0.736310778,0.736310778,0.736310778,0.736310778,0.736310778,0.736310778,0.638136008,0.638136008,0.638136008,0.638136008,0.638136008,0.638136008,0.638136008,0.638136008,0.638136008,0.638136008,0.638136008,0.539961237,0.539961237,0.539961237,0.539961237,0.539961237,0.539961237,0.539961237,0.539961237,0.539961237,0.539961237,0.539961237,0.539961237,0.638136008,0.539961237,0.539961237,0.539961237,0.539961237,0.539961237,0.638136008,0.638136008,0.638136008,0.638136008,0.638136008
298.992715836,C01,AP01,client_to_ap,VHT,2,2,2,80,SU,1,4,122,6637c97e16e6ce8a,1.22718463,1.22718463,1.22718463,1.22718463,1.22718463,1.22718463,1.22718463,1.22718463,1.22718463,1.3253594,1.3253594,1.3253594,1.3253594,1.3253594,1.3253594,1.3253594,1.3253594,1.3253594,1.3253594,1.42353417,1.42353417,1.42353417,1.42353417,1.42353417,1.42353417,1.42353417,1.42353417,1.42353417,1.42353417,1.42353417,1.52170894,1.52170894,1.52170894,1.52170894,1.52170894,1.42353417,1.52170894,1.42353417,1.42353417,1.42353417,1.42353417,1.42353417,1.42353417,1.42353417,1.3253594,1.3253594,1.3253594,1.3253594,1.22718463,1.22718463,1.22718463,1.22718463,1.22718463,1.22718463,1.22718463,1.22718463,1.12900986,1.12900986,1.12900986,1.12900986,1.12900986,1.03083509,1.03083509,1.03083509,1.03083509,1.03083509,1.03083509,0.932660319,0.932660319,0.932660319,0.932660319,0.932660319,0.834485549,0.834485549,0.834485549,0.834485549,0.834485549,0.736310778,0.736310778,0.736310778,0.736310778,0.736310778,0.736310778,0.736310778,0.736310778,0.736310778,0.736310778,0.736310778,0.638136008,0.638136008,0.638136008,0.638136008,0.638136008,0.638136008,0.638136008,0.638136008,0.638136008,0.638136008,0.638136008,0.638136008,0.539961237,0.539961237,0.539961237,0.539961237,0.539961237,0.539961237,0.539961237,0.539961237,0.539961237,0.539961237,0.539961237,0.638136008,0.539961237,0.539961237,0.539961237,0.638136008,0.638136008,0.539961237,0.638136008,0.638136008,0.539961237,0.638136008
300.328782797,C01,AP01,client_to_ap,VHT,2,2,2,80,SU,1,4,122,6637c97e16e6ce8a,1.22718463,1.22718463,1.22718463,1.22718463,1.22718463,1.22718463,1.22718463,1.22718463,1.22718463,1.3253594,1.3253594,1.3253594,1.3253594,1.3253594,1.3253594,1.3253594,1.3253594,1.3253594,1.3253594,1.42353417,1.42353417,1.42353417,1.42353417,1.42353417,1.42353417,1.42353417,1.42353417,1.42353417,1.42353417,1.42353417,1.52170894,1.52170894,1.52170894,1.52170894,1.52170894,1.52170894,1.52170894,1.42353417,1.42353417,1.42353417,1.42353417,1.42353417,1.42353417,1.42353417,1.42353417,1.3253594,1.3253594,1.3253594,1.3253594,1.3253594,1.22718463,1.22718463,1.22718463,1.22718463,1.22718463,1.12900986,1.22718463,1.12900986,1.12900986,1.12900986,1.12900986,1.03083509,1.03083509,1.03083509,1.03083509,1.03083509,1.03083509,0.932660319,0.932660319,0.932660319,0.932660319,0.932660319,0.834485549,0.834485549,0.834485549,0.834485549,0.834485549,0.834485549,0.736310778,0.736310778,0.736310778,0.736310778,0.736310778,0.736310778,0.736310778,0.736310778,0.736310778,0.736310778,0.638136008,0.638136008,0.638136008,0.638136008,0.638136008,0.638136008,0.638136008,0.638136008,0.638136008,0.638136008,0.638136008,0.638136008,0.539961237,0.539961237,0.539961237,0.539961237,0.539961237,0.539961237,0.539961237,0.539961237,0.539961237,0.539961237,0.539961237,0.638136008,0.539961237,0.539961237,0.638136008,0.638136008,0.539961237,0.539961237,0.638136008,0.638136008,0.539961237,0.539961237
301.660364866,C01,AP01,client_to_ap,VHT,2,2,2,80,SU,1,4,122,6637c97e16e6ce8a,1.22718463,1.22718463,1.22718463,1.22718463,1.22718463,1.22718463,1.22718463,1.22718463,1.22718463,1.3253594,1.3253594,1.3253594,1.3253594,1.3253594,1.3253594,1.3253594,1.3253594,1.3253594,1.3253594,1.3253594,1.42353417,1.42353417,1.42353417,1.42353417,1.42353417,1.42353417,1.42353417,1.42353417,1.42353417,1.42353417,1.52170894,1.52170894,1.52170894,1.52170894,1.52170894,1.52170894,1.42353417,1.42353417,1.42353417,1.42353417,1.42353417,1.42353417,1.42353417,1.42353417,1.3253594,1.3253594,1.3253594,1.3253594,1.22718463,1.3253594,1.22718463,1.22718463,1.22718463,1.22718463,1.22718463,1.12900986,1.12900986,1.12900986,1.12900986,1.12900986,1.12900986,1.03083509,1.03083509,1.03083509,1.03083509,1.03083509,0.932660319,0.932660319,0.932660319,0.932660319,0.932660319,0.834485549,0.834485549,0.834485549,0.834485549,0.834485549,0.834485549,0.736310778,0.736310778,0.736310778,0.736310778,0.736310778,0.736310778,0.736310778,0.736310778,0.736310778,0.638136008,0.736310778,0.638136008,0.638136008,0.638136008,0.638136008,0.638136008,0.638136008,0.638136008,0.638136008,0.638136008,0.539961237,0.638136008,0.539961237,0.539961237,0.539961237,0.539961237,0.539961237,0.539961237,0.539961237,0.539961237,0.539961237,0.539961237,0.539961237,0.539961237,0.539961237,0.539961237,0.539961237,0.539961237,0.539961237,0.638136008,0.539961237,0.539961237,0.539961237,0.638136008,0.539961237
302.991569996,C01,AP01,client_to_ap,VHT,2,2,2,80,SU,1,4,122,6637c97e16e6ce8a,1.22718463,1.22718463,1.22718463,1.22718463,1.22718463,1.22718463,1.22718463,1.22718463,1.3253594,1.3253594,1.3253594,1.3253594,1.3253594,1.3253594,1.3253594,1.3253594,1.3253594,1.3253594,1.3253594,1.3253594,1.42353417,1.42353417,1.42353417,1.42353417,1.42353417,1.42353417,1.42353417,1.42353417,1.42353417,1.52170894,1.52170894,1.52170894,1.52170894,1.52170894,1.52170894,1.52170894,1.42353417,1.42353417,1.42353417,1.42353417,1.42353417,1.42353417,1.42353417,1.42353417,1.3253594,1.3253594,1.3253594,1.3253594,1.3253594,1.22718463,1.3253594,1.22718463,1.22718463,1.22718463,1.22718463,1.22718463,1.22718463,1.12900986,1.12900986,1.12900986,1.12900986,1.12900986,1.03083509,1.03083509,1.03083509,1.03083509,1.03083509,0.932660319,0.932660319,0.932660319,0.932660319,0.932660319,0.932660319,0.834485549,0.834485549,0.834485549,0.834485549,0.834485549,0.736310778,0.736310778,0.736310778,0.736310778,0.736310778,0.736310778,0.736310778,0.736310778,0.736310778,0.736310778,0.638136008,0.638136008,0.638136008,0.638136008,0.638136008,0.638136008,0.638136008,0.638136008,0.638136008,0.638136008,0.638136008,0.638136008,0.638136008,0.638136008,0.539961237,0.539961237,0.638136008,0.539961237,0.539961237,0.539961237,0.539961237,0.638136008,0.638136008,0.638136008,0.638136008,0.638136008,0.539961237,0.539961237,0.638136008,0.638136008,0.539961237,0.638136008,0.638136008,0.539961237
304.328256845,C01,AP01,client_to_ap,VHT,2,2,2,80,SU,1,4,122,6637c97e16e6ce8a,1.22718463,1.22718463,1.22718463,1.22718463,1.22718463,1.22718463,1.22718463,1.22718463,1.22718463,1.3253594,1.3253594,1.3253594,1.3253594,1.3253594,1.3253594,1.3253594,1.3253594,1.3253594,1.3253594,1.3253594,1.3253594,1.42353417,1.42353417,1.42353417,1.42353417,1.42353417,1.42353417,1.42353417,1.42353417,1.42353417,1.52170894,1.52170894,1.52170894,1.52170894,1.52170894,1.52170894,1.52170894,1.42353417,1.42353417,1.42353417,1.42353417,1.42353417,1.42353417,1.42353417,1.3253594,1.3253594,1.3253594,1.3253594,1.3253594,1.22718463,1.22718463,1.22718463,1.22718463,1.22718463,1.22718463,1.22718463,1.12900986,1.12900986,1.12900986,1.12900986,1.12900986,1.12900986,1.03083509,1.03083509,1.03083509,1.03083509,0.932660319,0.932660319,0.932660319,0.932660319,0.932660319,0.834485549,0.834485549,0.834485549,0.834485549,0.834485549,0.834485549,0.736310778,0.736310778,0.736310778,0.736310778,0.736310778,0.736310778,0.736310778,0.736310778,0.736310778,0.736310778,0.736310778,0.638136008,0.638136008,0.638136008,0.638136008,0.638136008,0.638136008,0.638136008,0.638136008,0.638136008,0.638136008,0.638136008,0.638136008,0.638136008,0.539961237,0.539961237,0.539961237,0.539961237,0.539961237,0.539961237,0.539961237,0.539961237,0.539961237,0.539961237,0.539961237,0.539961237,0.539961237,0.539961237,0.539961237,0.638136008,0.638136008,0.539961237,0.638136008,0.638136008,0.638136008
305.659976959,C01,AP01,client_to_ap,VHT,2,2,2,80,SU,1,4,122,6637c97e16e6ce8a,1.22718463,1.22718463,1.22718463,1.22718463,1.22718463,1.22718463,1.22718463,1.22718463,1.22718463,1.3253594,1.3253594,1.3253594,1.3253594,1.3253594,1.3253594,1.3253594,1.3253594,1.3253594,1.3253594,1.3253594,1.42353417,1.42353417,1.42353417,1.42353417,1.42353417,1.42353417,1.42353417,1.42353417,1.42353417,1.52170894,1.52170894,1.52170894,1.52170894,1.52170894,1.52170894,1.52170894,1.42353417,1.52170894,1.52170894,1.42353417,1.42353417,1.42353417,1.42353417,1.42353417,1.3253594,1.3253594,1.3253594,1.3253594,1.3253594,1.22718463,1.22718463,1.22718463,1.22718463,1.22718463,1.22718463,1.22718463,1.12900986,1.12900986,1.12900986,1.12900986,1.12900986,1.03083509,1.03083509,1.03083509,1.03083509,1.03083509,0.932660319,0.932660319,0.932660319,0.932660319,0.932660319,0.932660319,0.834485549,0.834485549,0.834485549,0.834485549,0.834485549,0.736310778,0.736310778,0.736310778,0.736310778,0.736310778,0.736310778,0.736310778,0.736310778,0.736310778,0.736310778,0.638136008,0.638136008,0.638136008,0.638136008,0.638136008,0.638136008,0.638136008,0.638136008,0.638136008,0.638136008,0.638136008,0.539961237,0.539961237,0.638136008,0.539961237,0.539961237,0.539961237,0.539961237,0.539961237,0.539961237,0.539961237,0.539961237,0.539961237,0.539961237,0.539961237,0.539961237,0.539961237,0.539961237,0.539961237,0.539961237,0.638136008,0.638136008,0.638136008,0.638136008,0.638136008
306.992528915,C01,AP01,client_to_ap,VHT,2,2,2,80,SU,1,4,122,6637c97e16e6ce8a,1.22718463,1.22718463,1.22718463,1.22718463,1.22718463,1.22718463,1.22718463,1.22718463,1.3253594,1.3253594,1.3253594,1.3253594,1.3253594,1.3253594,1.3253594,1.3253594,1.3253594,1.3253594,1.3253594,1.3253594,1.3253594,1.42353417,1.42353417,1.42353417,1.42353417,1.42353417,1.42353417,1.42353417,1.42353417,1.52170894,1.52170894,1.52170894,1.52170894,1.52170894,1.52170894,1.52170894,1.42353417,1.42353417,1.42353417,1.42353417,1.42353417,1.42353417,1.42353417,1.3253594,1.3253594,1.3253594,1.3253594,1.3253594,1.22718463,1.22718463,1.22718463,1.22718463,1.22718463,1.22718463,1.22718463,1.22718463,1.12900986,1.12900986,1.12900986,1.12900986,1.12900986,1.12900986,1.03083509,1.03083509,1.03083509,1.03083509,0.932660319,0.932660319,0.932660319,0.932660319,0.834485549,0.834485549,0.834485549,0.834485549,0.834485549,0.834485549,0.834485549,0.736310778,0.736310778,0.736310778,0.736310778,0.736310778,0.736310778,0.736310778,0.736310778,0.736310778,0.638136008,0.638136008,0.638136008,0.638136008,0.638136008,0.638136008,0.638136008,0.638136008,0.638136008,0.638136008,0.638136008,0.638136008,0.539961237,0.539961237,0.539961237,0.539961237,0.539961237,0.539961237,0.539961237,0.539961237,0.539961237,0.539961237,0.539961237,0.539961237,0.539961237,0.539961237,0.539961237,0.539961237,0.539961237,0.539961237,0.638136008,0.638136008,0.539961237,0.539961237,0.539961237,0.539961237
308.328262806,C01,AP01,client_to_ap,VHT,2,2,2,80,SU,1,4,122,6637c97e16e6ce8a,1.22718463,1.22718463,1.22718463,1.22718463,1.22718463,1.22718463,1.22718463,1.22718463,1.22718463,1.3253594,1.3253594,1.3253594,1.3253594,1.3253594,1.3253594,1.3253594,1.3253594,1.3253594,1.3253594,1.42353417,1.42353417,1.42353417,1.42353417,1.42353417,1.42353417,1.42353417,1.42353417,1.42353417,1.42353417,1.52170894,1.52170894,1.52170894,1.52170894,1.52170894,1.52170894,1.52170894,1.52170894,1.42353417,1.42353417,1.42353417,1.42353417,1.42353417,1.42353417,1.42353417,1.3253594,1.3253594,1.3253594,1.3253594,1.3253594,1.22718463,1.22718463,1.22718463,1.22718463,1.22718463,1.22718463,1.22718463,1.22718463,1.12900986,1.12900986,1.12900986,1.12900986,1.12900986,1.03083509,1.03083509,1.03083509,1.03083509,0.932660319,0.932660319,0.932660319,0.932660319,0.932660319,0.932660319,0.834485549,0.834485549,0.834485549,0.834485549,0.834485549,0.834485549,0.834485549,0.736310778,0.736310778,0.736310778,0.736310778,0.736310778,0.736310778,0.736310778,0.736310778,0.736310778,0.638136008,0.638136008,0.638136008,0.638136008,0.638136008,0.638136008,0.638136008,0.638136008,0.638136008,0.638136008,0.638136008,0.638136008,0.638136008,0.539961237,0.539961237,0.539961237,0.638136008,0.539961237,0.539961237,0.539961237,0.539961237,0.539961237,0.638136008,0.638136008,0.638136008,0.539961237,0.539961237,0.539961237,0.638136008,0.638136008,0.638136008,0.638136008,0.638136008,0.539961237
309.661206961,C01,AP01,client_to_ap,VHT,2,2,2,80,SU,1,4,122,6637c97e16e6ce8a,1.22718463,1.22718463,1.22718463,1.22718463,1.22718463,1.22718463,1.22718463,1.22718463,1.3253594,1.3253594,1.3253594,1.3253594,1.3253594,1.3253594,1.3253594,1.3253594,1.3253594,1.3253594,1.3253594,1.3253594,1.42353417,1.42353417,1.42353417,1.42353417,1.42353417,1.42353417,1.42353417,1.42353417,1.42353417,1.52170894,1.52170894,1.52170894,1.52170894,1.52170894,1.52170894,1.52170894,1.52170894,1.42353417,1.42353417,1.42353417,1.42353417,1.42353417,1.42353417,1.3253594,1.3253594,1.3253594,1.3253594,1.3253594,1.3253594,1.22718463,1.22718463,1.22718463,1.22718463,1.22718463,1.22718463,1.22718463,1.12900986,1.12900986,1.12900986,1.12900986,1.12900986,1.03083509,1.03083509,1.03083509,1.03083509,1.03083509,0.932660319,0.932660319,0.932660319,0.932660319,0.932660319,0.932660319,0.834485549,0.834485549,0.834485549,0.834485549,0.834485549,0.834485549,0.736310778,0.736310778,0.736310778,0.736310778,0.736310778,0.736310778,0.736310778,0.736310778,0.736310778,0.638136008,0.638136008,0.638136008,0.638136008,0.638136008,0.638136008,0.638136008,0.638136008,0.638136008,0.638136008,0.638136008,0.638136008,0.539961237,0.638136008,0.539961237,0.539961237,0.638136008,0.539961237,0.539961237,0.539961237,0.539961237,0.539961237,0.539961237,0.539961237,0.638136008,0.539961237,0.539961237,0.638136008,0.539961237,0.638136008,0.638136008,0.638136008,0.638136008,0.638136008,0.638136008
310.992169857,C01,AP01,client_to_ap,VHT,2,2,2,80,SU,1,4,122,6637c97e16e6ce8a,1.22718463,1.22718463,1.22718463,1.22718463,1.22718463,1.22718463,1.22718463,1.22718463,1.22718463,1.3253594,1.3253594,1.3253594,1.3253594,1.3253594,1.3253594,1.3253594,1.3253594,1.3253594,1.3253594,1.3253594,1.3253594,1.42353417,1.42353417,1.42353417,1.42353417,1.42353417,1.42353417,1.42353417,1.42353417,1.52170894,1.52170894,1.52170894,1.52170894,1.52170894,1.52170894,1.52170894,1.52170894,1.42353417,1.42353417,1.42353417,1.42353417,1.42353417,1.42353417,1.42353417,1.3253594,1.3253594,1.3253594,1.3253594,1.3253594,1.22718463,1.22718463,1.22718463,1.22718463,1.22718463,1.22718463,1.22718463,1.12900986,1.12900986,1.12900986,1.12900986,1.12900986,1.12900986,1.03083509,1.03083509,1.03083509,1.03083509,1.03083509,0.932660319,0.932660319,0.932660319,0.932660319,0.932660319,0.834485549,0.834485549,0.834485549,0.834485549,0.834485549,0.834485549,0.736310778,0.736310778,0.736310778,0.736310778,0.736310778,0.736310778,0.736310778,0.736310778,0.736310778,0.638136008,0.638136008,0.638136008,0.638136008,0.638136008,0.638136008,0.638136008,0.638136008,0.638136008,0.638136008,0.638136008,0.638136008,0.539961237,0.539961237,0.539961237,0.539961237,0.539961237,0.539961237,0.539961237,0.539961237,0.539961237,0.539961237,0.539961237,0.539961237,0.539961237,0.539961237,0.539961237,0.539961237,0.539961237,0.539961237,0.638136008,0.638136008,0.539961237,0.539961237,0.638136008
312.328086853,C01,AP01,client_to_ap,VHT,2,2,2,80,SU,1,4,122,6637c97e16e6ce8a,1.22718463,1.22718463,1.22718463,1.22718463,1.22718463,1.22718463,1.22718463,1.22718463,1.22718463,1.3253594,1.3253594,1.3253594,1.3253594,1.3253594,1.3253594,1.3253594,1.3253594,1.3253594,1.3253594,1.3253594,1.42353417,1.42353417,1.42353417,1.42353417,1.42353417,1.42353417,1.42353417,1.42353417,1.42353417,1.52170894,1.52170894,1.52170894,1.52170894,1.52170894,1.52170894,1.52170894,1.42353417,1.42353417,1.42353417,1.42353417,1.42353417,1.42353417,1.42353417,1.42353417,1.3253594,1.3253594,1.3253594,1.3253594,1.3253594,1.3253594,1.22718463,1.22718463,1.22718463,1.22718463,1.22718463,1.22718463,1.12900986,1.12900986,1.12900986,1.12900986,1.12900986,1.12900986,1.03083509,1.03083509,1.03083509,1.03083509,0.932660319,0.932660319,0.932660319,0.932660319,0.932660319,0.932660319,0.834485549,0.834485549,0.834485549,0.834485549,0.834485549,0.834485549,0.736310778,0.736310778,0.736310778,0.736310778,0.736310778,0.736310778,0.736310778,0.638136008,0.736310778,0.736310778,0.638136008,0.638136008,0.638136008,0.638136008,0.638136008,0.638136008,0.638136008,0.638136008,0.638136008,0.638136008,0.539961237,0.539961237,0.539961237,0.539961237,0.539961237,0.539961237,0.539961237,0.539961237,0.539961237,0.539961237,0.539961237,0.539961237,0.539961237,0.539961237,0.539961237,0.539961237,0.539961237,0.638136008,0.638136008,0.539961237,0.638136008,0.638136008,0.638136008,0.638136008
313.660264015,C01,AP01,client_to_ap,VHT,2,2,2,80,SU,1,4,122,6637c97e16e6ce8a,1.22718463,1.22718463,1.22718463,1.22718463,1.22718463,1.22718463,1.22718463,1.22718463,1.3253594,1.3253594,1.3253594,1.3253594,1.3253594,1.3253594,1.3253594,1.3253594,1.3253594,1.3253594,1.3253594,1.3253594,1.3253594,1.42353417,1.42353417,1.42353417,1.42353417,1.42353417,1.42353417,1.42353417,1.42353417,1.52170894,1.52170894,1.52170894,1.52170894,1.52170894,1.52170894,1.52170894,1.52170894,1.42353417,1.42353417,1.42353417,1.42353417,1.42353417,1.42353417,1.42353417,1.3253594,1.3253594,1.3253594,1.3253594,1.3253594,1.3253594,1.22718463,1.22718463,1.22718463,1.22718463,1.22718463,1.22718463,1.22718463,1.12900986,1.12900986,1.12900986,1.12900986,1.03083509,1.03083509,1.03083509,1.03083509,1.03083509,0.932660319,0.932660319,0.932660319,0.932660319,0.932660319,0.932660319,0.834485549,0.834485549,0.834485549,0.834485549,0.834485549,0.736310778,0.736310778,0.736310778,0.736310778,0.736310778,0.736310778,0.736310778,0.736310778,0.736310778,0.736310778,0.736310778,0.638136008,0.638136008,0.638136008,0.638136008,0.638136008,0.638136008,0.638136008,0.638136008,0.638136008,0.539961237,0.638136008,0.638136008,0.539961237,0.539961237,0.539961237,0.539961237,0.539961237,0.539961237,0.539961237,0.539961237,0.539961237,0.539961237,0.539961237,0.539961237,0.539961237,0.539961237,0.539961237,0.539961237,0.539961237,0.638136008,0.638136008,0.638136008,0.638136008,0.638136008
314.992438793,C01,AP01,client_to_ap,VHT,2,2,2,80,SU,1,4,122,6637c97e16e6ce8a,1.22718463,1.22718463,1.22718463,1.22718463,1.22718463,1.22718463,1.22718463,1.22718463,1.3253594,1.3253594,1.3253594,1.3253594,1.3253594,1.3253594,1.3253594,1.3253594,1.3253594,1.3253594,1.3253594,1.3253594,1.42353417,1.42353417,1.42353417,1.42353417,1.42353417,1.42353417,1.42353417,1.42353417,1.42353417,1.52170894,1.52170894,1.52170894,1.52170894,1.52170894,1.52170894,1.52170894,1.52170894,1.52170894,1.42353417,1.42353417,1.42353417,1.42353417,1.42353417,1.42353417,1.42353417,1.42353417,1.3253594,1.3253594,1.3253594,1.3253594,1.3253594,1.3253594,1.22718463,1.22718463,1.22718463,1.22718463,1.22718463,1.22718463,1.22718463,1.12900986,1.12900986,1.12900986,1.12900986,1.03083509,1.03083509,1.03083509,1.03083509,1.03083509,0.932660319,0.932660319,0.932660319,0.932660319,0.932660319,0.932660319,0.834485549,0.834485549,0.834485549,0.834485549,0.834485549,0.834485549,0.834485549,0.834485549,0.736310778,0.736310778,0.736310778,0.736310778,0.736310778,0.736310778,0.736310778,0.736310778,0.736310778,0.638136008,0.638136008,0.638136008,0.638136008,0.638136008,0.638136008,0.638136008,0.638136008,0.638136008,0.638136008,0.638136008,0.638136008,0.638136008,0.638136008,0.638136008,0.638136008,0.638136008,0.638136008,0.638136008,0.638136008,0.638136008,0.638136008,0.638136008,0.638136008,0.638136008,0.638136008,0.638136008,0.638136008,0.638136008,0.638136008,0.638136008
316.328203917,C01,AP01,client_to_ap,VHT,2,2,2,80,SU,1,4,122,6637c97e16e6ce8a,1.22718463,1.22718463,1.22718463,1.22718463,1.22718463,1.22718463,1.22718463,1.3253594,1.3253594,1.3253594,1.3253594,1.3253594,1.3253594,1.3253594,1.3253594,1.3253594,1.3253594,1.3253594,1.3253594,1.42353417,1.42353417,1.3253594,1.42353417,1.42353417,1.42353417,1.42353417,1.42353417,1.42353417,1.42353417,1.52170894,1.52170894,1.52170894,1.52170894,1.52170894,1.52170894,1.52170894,1.52170894,1.52170894,1.42353417,1.42353417,1.42353417,1.42353417,1.42353417,1.42353417,1.42353417,1.3253594,1.3253594,1.3253594,1.3253594,1.3253594,1.3253594,1.3253594,1.3253594,1.22718463,1.22718463,1.22718463,1.22718463,1.22718463,1.22718463,1.22718463,1.12900986,1.12900986,1.12900986,1.12900986,1.03083509,1.03083509,1.03083509,1.03083509,0.932660319,0.932660319,0.932660319,0.932660319,0.932660319,0.932660319,0.932660319,0.834485549,0.834485549,0.834485549,0.834485549,0.834485549,0.834485549,0.834485549,0.736310778,0.736310778,0.736310778,0.736310778,0.736310778,0.736310778,0.736310778,0.736310778,0.736310778,0.736310778,0.736310778,0.638136008,0.638136008,0.638136008,0.638136008,0.638136008,0.638136008,0.638136008,0.638136008,0.638136008,0.638136008,0.638136008,0.638136008,0.638136008,0.638136008,0.638136008,0.638136008,0.638136008,0.638136008,0.638136008,0.638136008,0.638136008,0.638136008,0.638136008,0.638136008,0.638136008,0.638136008,0.638136008,0.638136008,0.638136008
317.659402847,C01,AP01,client_to_ap,VHT,2,2,2,80,SU,1,4,122,6637c97e16e6ce8a,1.22718463,1.22718463,1.22718463,1.22718463,1.22718463,1.22718463,1.22718463,1.22718463,1.22718463,1.3253594,1.3253594,1.3253594,1.3253594,1.3253594,1.3253594,1.3253594,1.3253594,1.3253594,1.3253594,1.3253594,1.3253594,1.42353417,1.42353417,1.42353417,1.42353417,1.42353417,1.42353417,1.42353417,1.42353417,1.52170894,1.52170894,1.52170894,1.52170894,1.52170894,1.52170894,1.52170894,1.42353417,1.42353417,1.42353417,1.42353417,1.42353417,1.42353417,1.42353417,1.42353417,1.3253594,1.3253594,1.3253594,1.3253594,1.3253594,1.3253594,1.22718463,1.22718463,1.22718463,1.22718463,1.22718463,1.22718463,1.22718463,1.12900986,1.12900986,1.12900986,1.12900986,1.12900986,1.03083509,1.03083509,1.03083509,1.03083509,0.932660319,0.932660319,0.932660319,0.932660319,0.932660319,0.834485549,0.834485549,0.834485549,0.834485549,0.834485549,0.834485549,0.834485549,0.736310778,0.736310778,0.736310778,0.736310778,0.736310778,0.736310778,0.736310778,0.736310778,0.736310778,0.736310778,0.638136008,0.638136008,0.638136008,0.638136008,0.638136008,0.638136008,0.638136008,0.638136008,0.638136008,0.638136008,0.638136008,0.638136008,0.539961237,0.539961237,0.539961237,0.539961237,0.539961237,0.539961237,0.539961237,0.539961237,0.539961237,0.539961237,0.539961237,0.539961237,0.638136008,0.638136008,0.539961237,0.539961237,0.539961237,0.638136008,0.539961237,0.638136008,0.638136008,0.539961237
318.992638826,C01,AP01,client_to_ap,VHT,2,2,2,80,SU,1,4,122,6637c97e16e6ce8a,1.12900986,1.22718463,1.22718463,1.22718463,1.22718463,1.22718463,1.22718463,1.3253594,1.22718463,1.3253594,1.3253594,1.3253594,1.3253594,1.3253594,1.3253594,1.3253594,1.3253594,1.3253594,1.3253594,1.3253594,1.3253594,1.42353417,1.42353417,1.42353417,1.42353417,1.42353417,1.42353417,1.42353417,1.42353417,1.52170894,1.42353417,1.52170894,1.52170894,1.52170894,1.52170894,1.42353417,1.42353417,1.52170894,1.42353417,1.42353417,1.42353417,1.42353417,1.3253594,1.42353417,1.42353417,1.3253594,1.3253594,1.3253594,1.3253594,1.22718463,1.22718463,1.22718463,1.22718463,1.22718463,1.22718463,1.22718463,1.12900986,1.22718463,1.12900986,1.12900986,1.12900986,1.12900986,1.03083509,1.03083509,0.932660319,1.03083509,1.03083509,0.932660319,0.932660319,0.932660319,0.932660319,0.834485549,0.834485549,0.834485549,0.834485549,0.834485549,0.736310778,0.834485549,0.736310778,0.736310778,0.736310778,0.736310778,0.736310778,0.736310778,0.736310778,0.736310778,0.736310778,0.736310778,0.638136008,0.638136008,0.638136008,0.638136008,0.638136008,0.638136008,0.638136008,0.638136008,0.638136008,0.638136008,0.539961237,0.638136008,0.539961237,0.638136008,0.539961237,0.539961237,0.638136008,0.539961237,0.539961237,0.539961237,0.638136008,0.539961237,0.539961237,0.539961237,0.539961237,0.638136008,0.539961237,0.539961237,0.539961237,0.638136008,0.539961237,0.638136008,0.638136008,0.539961237
320.328255892,C01,AP01,client_to_ap,VHT,2,2,2,80,SU,1,4,122,6637c97e16e6ce8a,1.22718463,1.22718463,1.22718463,1.22718463,1.22718463,1.22718463,1.22718463,1.22718463,1.22718463,1.3253594,1.3253594,1.3253594,1.3253594,1.3253594,1.3253594,1.3253594,1.3253594,1.3253594,1.3253594,1.42353417,1.42353417,1.42353417,1.42353417,1.42353417,1.42353417,1.42353417,1.42353417,1.42353417,1.52170894,1.52170894,1.52170894,1.52170894,1.52170894,1.52170894,1.52170894,1.52170894,1.52170894,1.52170894,1.42353417,1.42353417,1.42353417,1.42353417,1.42353417,1.42353417,1.42353417,1.3253594,1.3253594,1.3253594,1.3253594,1.3253594,1.22718463,1.22718463,1.22718463,1.22718463,1.22718463,1.22718463,1.22718463,1.22718463,1.12900986,1.12900986,1.12900986,1.12900986,1.03083509,1.03083509,1.03083509,1.03083509,0.932660319,0.932660319,0.932660319,0.932660319,0.932660319,0.932660319,0.834485549,0.834485549,0.834485549,0.834485549,0.834485549,0.834485549,0.834485549,0.736310778,0.736310778,0.736310778,0.736310778,0.736310778,0.736310778,0.736310778,0.736310778,0.736310778,0.638136008,0.638136008,0.638136008,0.638136008,0.638136008,0.638136008,0.638136008,0.638136008,0.638136008,0.638136008,0.638136008,0.638136008,0.638136008,0.539961237,0.539961237,0.539961237,0.539961237,0.539961237,0.539961237,0.539961237,0.638136008,0.539961237,0.638136008,0.539961237,0.638136008,0.638136008,0.638136008,0.638136008,0.638136008,0.638136008,0.638136008,0.638136008,0.638136008,0.638136008
321.660218000,C01,AP01,client_to_ap,VHT,2,2,2,80,SU,1,4,122,6637c97e16e6ce8a,1.22718463,1.22718463,1.22718463,1.22718463,1.22718463,1.22718463,1.22718463,1.22718463,1.22718463,1.3253594,1.3253594,1.3253594,1.3253594,1.3253594,1.3253594,1.3253594,1.3253594,1.3253594,1.3253594,1.42353417,1.3253594,1.42353417,1.42353417,1.42353417,1.42353417,1.42353417,1.42353417,1.42353417,1.52170894,1.42353417,1.52170894,1.52170894,1.52170894,1.52170894,1.52170894,1.52170894,1.52170894,1.42353417,1.42353417,1.42353417,1.42353417,1.42353417,1.42353417,1.42353417,1.3253594,1.3253594,1.3253594,1.3253594,1.3253594,1.22718463,1.22718463,1.22718463,1.22718463,1.22718463,1.22718463,1.22718463,1.22718463,1.12900986,1.12900986,1.12900986,1.12900986,1.03083509,1.03083509,1.03083509,1.03083509,1.03083509,1.03083509,0.932660319,0.932660319,0.932660319,0.932660319,0.932660319,0.834485549,0.834485549,0.834485549,0.834485549,0.834485549,0.736310778,0.736310778,0.736310778,0.736310778,0.736310778,0.736310778,0.736310778,0.736310778,0.736310778,0.736310778,0.736310778,0.638136008,0.638136008,0.638136008,0.638136008,0.638136008,0.638136008,0.638136008,0.638136008,0.638136008,0.638136008,0.638136008,0.638136008,0.638136008,0.638136008,0.539961237,0.539961237,0.539961237,0.539961237,0.539961237,0.539961237,0.539961237,0.539961237,0.539961237,0.539961237,0.638136008,0.539961237,0.539961237,0.539961237,0.539961237,0.638136008,0.638136008,0.638136008,0.638136008,0.638136008
322.992523909,C01,AP01,client_to_ap,VHT,2,2,2,80,SU,1,4,122,6637c97e16e6ce8a,1.22718463,1.22718463,1.22718463,1.22718463,1.22718463,1.22718463,1.22718463,1.22718463,1.22718463,1.3253594,1.3253594,1.3253594,1.3253594,1.3253594,1.3253594,1.3253594,1.3253594,1.3253594,1.3253594,1.3253594,1.3253594,1.42353417,1.42353417,1.42353417,1.42353417,1.42353417,1.42353417,1.42353417,1.42353417,1.52170894,1.52170894,1.52170894,1.52170894,1.52170894,1.52170894,1.52170894,1.52170894,1.42353417,1.42353417,1.42353417,1.42353417,1.42353417,1.42353417,1.42353417,1.3253594,1.3253594,1.3253594,1.3253594,1.3253594,1.22718463,1.3253594,1.22718463,1.22718463,1.22718463,1.22718463,1.22718463,1.22718463,1.12900986,1.12900986,1.12900986,1.12900986,1.12900986,1.03083509,1.03083509,1.03083509,1.03083509,0.932660319,0.932660319,0.932660319,0.932660319,0.932660319,0.932660319,0.834485549,0.834485549,0.834485549,0.834485549,0.834485549,0.834485549,0.736310778,0.736310778,0.736310778,0.736310778,0.736310778,0.736310778,0.736310778,0.736310778,0.736310778,0.736310778,0.638136008,0.638136008,0.638136008,0.638136008,0.638136008,0.638136008,0.638136008,0.638136008,0.638136008,0.638136008,0.638136008,0.638136008,0.638136008,0.638136008,0.539961237,0.539961237,0.638136008,0.539961237,0.539961237,0.539961237,0.638136008,0.539961237,0.539961237,0.638136008,0.638136008,0.539961237,0.638136008,0.638136008,0.638136008,0.638136008,0.638136008,0.638136008,0.638136008,0.638136008
324.327900887,C01,AP01,client_to_ap,VHT,2,2,2,80,SU,1,4,122,6637c97e16e6ce8a,1.22718463,1.22718463,1.22718463,1.22718463,1.22718463,1.22718463,1.22718463,1.22718463,1.22718463,1.3253594,1.3253594,1.3253594,1.3253594,1.3253594,1.3253594,1.3253594,1.3253594,1.3253594,1.3253594,1.3253594,1.42353417,1.42353417,1.42353417,1.42353417,1.42353417,1.42353417,1.42353417,1.42353417,1.42353417,1.52170894,1.52170894,1.52170894,1.52170894,1.52170894,1.52170894,1.52170894,1.42353417,1.42353417,1.42353417,1.42353417,1.42353417,1.42353417,1.42353417,1.42353417,1.42353417,1.3253594,1.3253594,1.3253594,1.22718463,1.22718463,1.22718463,1.22718463,1.22718463,1.22718463,1.22718463,1.22718463,1.12900986,1.12900986,1.12900986,1.12900986,1.12900986,1.12900986,1.03083509,1.03083509,1.03083509,1.03083509,0.932660319,0.932660319,0.932660319,0.932660319,0.932660319,0.834485549,0.834485549,0.834485549,0.834485549,0.834485549,0.834485549,0.736310778,0.736310778,0.736310778,0.736310778,0.736310778,0.736310778,0.736310778,0.736310778,0.736310778,0.638136008,0.638136008,0.638136008,0.638136008,0.638136008,0.638136008,0.638136008,0.638136008,0.638136008,0.638136008,0.638136008,0.638136008,0.638136008,0.539961237,0.539961237,0.539961237,0.539961237,0.539961237,0.539961237,0.539961237,0.539961237,0.539961237,0.539961237,0.539961237,0.539961237,0.539961237,0.539961237,0.539961237,0.539961237,0.539961237,0.638136008,0.539961237,0.539961237,0.638136008,0.539961237,0.539961237
325.660370827,C01,AP01,client_to_ap,VHT,2,2,2,80,SU,1,4,122,6637c97e16e6ce8a,1.22718463,1.22718463,1.22718463,1.22718463,1.22718463,1.22718463,1.22718463,1.3253594,1.22718463,1.3253594,1.3253594,1.3253594,1.3253594,1.3253594,1.3253594,1.3253594,1.3253594,1.3253594,1.3253594,1.3253594,1.42353417,1.42353417,1.42353417,1.42353417,1.42353417,1.42353417,1.42353417,1.42353417,1.52170894,1.52170894,1.52170894,1.52170894,1.52170894,1.52170894,1.52170894,1.52170894,1.52170894,1.42353417,1.42353417,1.42353417,1.42353417,1.42353417,1.42353417,1.42353417,1.3253594,1.3253594,1.3253594,1.3253594,1.3253594,1.22718463,1.22718463,1.22718463,1.22718463,1.22718463,1.22718463,1.22718463,1.12900986,1.12900986,1.12900986,1.12900986,1.12900986,1.03083509,1.03083509,1.03083509,1.03083509,1.03083509,0.932660319,0.932660319,0.932660319,0.932660319,0.932660319,0.932660319,0.834485549,0.834485549,0.834485549,0.834485549,0.834485549,0.736310778,0.736310778,0.736310778,0.736310778,0.736310778,0.736310778,0.736310778,0.736310778,0.736310778,0.736310778,0.736310778,0.638136008,0.638136008,0.638136008,0.638136008,0.638136008,0.638136008,0.638136008,0.638136008,0.638136008,0.638136008,0.638136008,0.638136008,0.539961237,0.539961237,0.539961237,0.539961237,0.638136008,0.539961237,0.539961237,0.539961237,0.539961237,0.539961237,0.539961237,0.539961237,0.539961237,0.539961237,0.539961237,0.539961237,0.539961237,0.539961237,0.638136008,0.638136008,0.638136008,0.638136008
326.993418932,C01,AP01,client_to_ap,VHT,2,2,2,80,SU,1,4,122,6637c97e16e6ce8a,1.22718463,1.22718463,1.22718463,1.22718463,1.22718463,1.22718463,1.22718463,1.22718463,1.22718463,1.3253594,1.3253594,1.3253594,1.3253594,1.3253594,1.3253594,1.3253594,1.3253594,1.3253594,1.3253594,1.3253594,1.3253594,1.42353417,1.42353417,1.42353417,1.42353417,1.42353417,1.42353417,1.42353417,1.42353417,1.42353417,1.52170894,1.52170894,1.52170894,1.52170894,1.52170894,1.52170894,1.42353417,1.42353417,1.42353417,1.42353417,1.42353417,1.42353417,1.42353417,1.42353417,1.3253594,1.3253594,1.3253594,1.3253594,1.3253594,1.22718463,1.22718463,1.22718463,1.22718463,1.22718463,1.22718463,1.22718463,1.12900986,1.12900986,1.12900986,1.12900986,1.12900986,1.03083509,1.03083509,1.03083509,1.03083509,1.03083509,0.932660319,0.932660319,0.932660319,0.932660319,0.932660319,0.932660319,0.834485549,0.834485549,0.834485549,0.834485549,0.834485549,0.834485549,0.736310778,0.736310778,0.736310778,0.736310778,0.736310778,0.736310778,0.736310778,0.736310778,0.736310778,0.638136008,0.638136008,0.638136008,0.638136008,0.638136008,0.638136008,0.638136008,0.638136008,0.638136008,0.638136008,0.638136008,0.638136008,0.539961237,0.638136008,0.638136008,0.539961237,0.539961237,0.539961237,0.539961237,0.539961237,0.539961237,0.539961237,0.539961237,0.539961237,0.539961237,0.638136008,0.539961237,0.539961237,0.539961237,0.638136008,0.638136008,0.638136008,0.638136008,0.638136008,0.638136008
328.328422785,C01,AP01,client_to_ap,VHT,2,2,2,80,SU,1,4,122,6637c97e16e6ce8a,1.22718463,1.22718463,1.22718463,1.22718463,1.22718463,1.22718463,1.22718463,1.22718463,1.22718463,1.3253594,1.3253594,1.3253594,1.3253594,1.3253594,1.3253594,1.3253594,1.3253594,1.3253594,1.3253594,1.3253594,1.42353417,1.42353417,1.42353417,1.42353417,1.42353417,1.42353417,1.42353417,1.42353417,1.42353417,1.42353417,1.52170894,1.52170894,1.52170894,1.52170894,1.52170894,1.52170894,1.52170894,1.42353417,1.42353417,1.42353417,1.42353417,1.42353417,1.42353417,1.42353417,1.3253594,1.3253594,1.3253594,1.3253594,1.3253594,1.3253594,1.22718463,1.22718463,1.22718463,1.22718463,1.22718463,1.22718463,1.12900986,1.12900986,1.12900986,1.12900986,1.12900986,1.12900986,1.03083509,1.03083509,1.03083509,1.03083509,0.932660319,0.932660319,0.932660319,0.932660319,0.932660319,0.834485549,0.834485549,0.834485549,0.834485549,0.834485549,0.834485549,0.736310778,0.736310778,0.736310778,0.736310778,0.736310778,0.736310778,0.736310778,0.736310778,0.736310778,0.736310778,0.736310778,0.638136008,0.638136008,0.638136008,0.638136008,0.638136008,0.638136008,0.638136008,0.638136008,0.638136008,0.638136008,0.638136008,0.638136008,0.638136008,0.539961237,0.539961237,0.539961237,0.539961237,0.539961237,0.539961237,0.539961237,0.539961237,0.539961237,0.539961237,0.539961237,0.638136008,0.539961237,0.539961237,0.638136008,0.638136008,0.638136008,0.638136008,0.638136008,0.638136008,0.638136008
329.661033869,C01,AP01,client_to_ap,VHT,2,2,2,80,SU,1,4,122,6637c97e16e6ce8a,1.22718463,1.22718463,1.22718463,1.22718463,1.22718463,1.22718463,1.22718463,1.22718463,1.3253594,1.3253594,1.3253594,1.3253594,1.3253594,1.3253594,1.3253594,1.3253594,1.3253594,1.3253594,1.3253594,1.3253594,1.42353417,1.42353417,1.42353417,1.42353417,1.42353417,1.42353417,1.42353417,1.42353417,1.42353417,1.52170894,1.52170894,1.52170894,1.52170894,1.52170894,1.52170894,1.52170894,1.52170894,1.42353417,1.42353417,1.42353417,1.42353417,1.42353417,1.42353417,1.42353417,1.3253594,1.3253594,1.3253594,1.3253594,1.3253594,1.22718463,1.22718463,1.22718463,1.22718463,1.22718463,1.22718463,1.22718463,1.12900986,1.12900986,1.12900986,1.12900986,1.12900986,1.12900986,1.03083509,1.03083509,1.03083509,1.03083509,0.932660319,0.932660319,0.932660319,0.932660319,0.834485549,0.834485549,0.834485549,0.834485549,0.834485549,0.834485549,0.834485549,0.834485549,0.736310778,0.736310778,0.736310778,0.736310778,0.736310778,0.736310778,0.736310778,0.736310778,0.736310778,0.638136008,0.638136008,0.638136008,0.638136008,0.638136008,0.638136008,0.638136008,0.638136008,0.638136008,0.638136008,0.638136008,0.638136008,0.539961237,0.539961237,0.539961237,0.539961237,0.539961237,0.539961237,0.539961237,0.539961237,0.539961237,0.539961237,0.539961237,0.539961237,0.539961237,0.539961237,0.539961237,0.638136008,0.539961237,0.638136008,0.638136008,0.539961237,0.638136008,0.638136008,0.539961237
330.991794825,C01,AP01,client_to_ap,VHT,2,2,2,80,SU,1,4,122,6637c97e16e6ce8a,1.22718463,1.22718463,1.22718463,1.22718463,1.22718463,1.22718463,1.22718463,1.22718463,1.3253594,1.3253594,1.3253594,1.3253594,1.3253594,1.3253594,1.3253594,1.3253594,1.3253594,1.3253594,1.3253594,1.42353417,1.42353417,1.42353417,1.42353417,1.42353417,1.42353417,1.42353417,1.42353417,1.42353417,1.42353417,1.52170894,1.52170894,1.52170894,1.52170894,1.52170894,1.52170894,1.52170894,1.52170894,1.42353417,1.42353417,1.42353417,1.42353417,1.42353417,1.42353417,1.3253594,1.3253594,1.3253594,1.3253594,1.3253594,1.3253594,1.22718463,1.22718463,1.22718463,1.22718463,1.22718463,1.22718463,1.22718463,1.12900986,1.12900986,1.12900986,1.12900986,1.12900986,1.03083509,1.03083509,1.03083509,1.03083509,1.03083509,1.03083509,0.932660319,0.932660319,0.932660319,0.932660319,0.932660319,0.834485549,0.834485549,0.834485549,0.834485549,0.834485549,0.736310778,0.736310778,0.736310778,0.736310778,0.736310778,0.736310778,0.736310778,0.736310778,0.736310778,0.736310778,0.736310778,0.638136008,0.638136008,0.638136008,0.638136008,0.638136008,0.638136008,0.638136008,0.638136008,0.638136008,0.638136008,0.638136008,0.638136008,0.539961237,0.539961237,0.638136008,0.638136008,0.638136008,0.539961237,0.638136008,0.638136008,0.539961237,0.539961237,0.638136008,0.638136008,0.539961237,0.638136008,0.638136008,0.638136008,0.539961237,0.539961237,0.638136008,0.539961237,0.638136008,0.539961237
332.328943014,C01,AP01,client_to_ap,VHT,2,2,2,80,SU,1,4,122,6637c97e16e6ce8a,1.22718463,1.22718463,1.22718463,1.22718463,1.22718463,1.22718463,1.22718463,1.3253594,1.22718463,1.22718463,1.3253594,1.3253594,1.3253594,1.3253594,1.3253594,1.3253594,1.3253594,1.3253594,1.3253594,1.42353417,1.42353417,1.42353417,1.42353417,1.42353417,1.42353417,1.42353417,1.42353417,1.42353417,1.52170894,1.42353417,1.52170894,1.52170894,1.52170894,1.52170894,1.52170894,1.52170894,1.52170894,1.42353417,1.42353417,1.42353417,1.42353417,1.42353417,1.42353417,1.42353417,1.3253594,1.3253594,1.3253594,1.3253594,1.3253594,1.3253594,1.22718463,1.22718463,1.22718463,1.22718463,1.22718463,1.22718463,1.12900986,1.12900986,1.12900986,1.12900986,1.12900986,1.12900986,1.03083509,1.03083509,1.03083509,1.03083509,0.932660319,0.932660319,0.932660319,0.932660319,0.932660319,0.932660319,0.834485549,0.834485549,0.834485549,0.834485549,0.834485549,0.736310778,0.736310778,0.736310778,0.736310778,0.736310778,0.736310778,0.736310778,0.736310778,0.736310778,0.736310778,0.638136008,0.638136008,0.638136008,0.638136008,0.638136008,0.638136008,0.638136008,0.638136008,0.638136008,0.638136008,0.638136008,0.539961237,0.638136008,0.638136008,0.539961237,0.539961237,0.539961237,0.539961237,0.539961237,0.539961237,0.539961237,0.539961237,0.539961237,0.539961237,0.539961237,0.539961237,0.539961237,0.638136008,0.638136008,0.638136008,0.539961237,0.638136008,0.638136008,0.638136008,0.638136008
333.660244942,C01,AP01,client_to_ap,VHT,2,2,2,80,SU,1,4,122,6637c97e16e6ce8a,1.22718463,1.22718463,1.22718463,1.22718463,1.22718463,1.22718463,1.22718463,1.22718463,1.3253594,1.3253594,1.3253594,1.3253594,1.3253594,1.3253594,1.3253594,1.3253594,1.3253594,1.3253594,1.3253594,1.3253594,1.42353417,1.42353417,1.42353417,1.42353417,1.42353417,1.42353417,1.42353417,1.42353417,1.42353417,1.52170894,1.52170894,1.52170894,1.52170894,1.52170894,1.52170894,1.52170894,1.52170894,1.42353417,1.42353417,1.42353417,1.42353417,1.42353417,1.42353417,1.42353417,1.3253594,1.3253594,1.3253594,1.3253594,1.3253594,1.22718463,1.22718463,1.22718463,1.22718463,1.22718463,1.22718463,1.22718463,1.12900986,1.12900986,1.12900986,1.12900986,1.12900986,1.03083509,1.03083509,1.03083509,1.03083509,1.03083509,0.932660319,0.932660319,0.932660319,0.932660319,0.932660319,0.932660319,0.834485549,0.834485549,0.834485549,0.834485549,0.834485549,0.834485549,0.736310778,0.736310778,0.736310778,0.736310778,0.736310778,0.736310778,0.736310778,0.736310778,0.736310778,0.736310778,0.638136008,0.638136008,0.638136008,0.638136008,0.638136008,0.638136008,0.638136008,0.638136008,0.638136008,0.638136008,0.638136008,0.539961237,0.638136008,0.539961237,0.539961237,0.539961237,0.539961237,0.539961237,0.539961237,0.539961237,0.539961237,0.539961237,0.539961237,0.539961237,0.539961237,0.539961237,0.539961237,0.539961237,0.539961237,0.539961237,0.638136008,0.539961237,0.539961237,0.638136008
334.993564844,C01,AP01,client_to_ap,VHT,2,2,2,80,SU,1,4,122,6637c97e16e6ce8a,1.22718463,1.22718463,1.22718463,1.22718463,1.22718463,1.22718463,1.22718463,1.22718463,1.22718463,1.3253594,1.3253594,1.3253594,1.3253594,1.3253594,1.3253594,1.3253594,1.3253594,1.3253594,1.3253594,1.3253594,1.3253594,1.42353417,1.42353417,1.42353417,1.42353417,1.42353417,1.42353417,1.42353417,1.42353417,1.52170894,1.52170894,1.52170894,1.52170894,1.52170894,1.52170894,1.52170894,1.52170894,1.52170894,1.42353417,1.42353417,1.42353417,1.42353417,1.42353417,1.42353417,1.3253594,1.3253594,1.3253594,1.3253594,1.3253594,1.22718463,1.22718463,1.22718463,1.22718463,1.22718463,1.22718463,1.22718463,1.22718463,1.12900986,1.12900986,1.12900986,1.12900986,1.12900986,1.03083509,1.03083509,1.03083509,1.03083509,1.03083509,0.932660319,0.932660319,0.932660319,0.932660319,0.932660319,0.834485549,0.834485549,0.834485549,0.834485549,0.834485549,0.834485549,0.736310778,0.736310778,0.736310778,0.736310778,0.736310778,0.736310778,0.736310778,0.736310778,0.736310778,0.736310778,0.638136008,0.638136008,0.638136008,0.638136008,0.638136008,0.638136008,0.638136008,0.638136008,0.638136008,0.638136008,0.638136008,0.638136008,0.539961237,0.539961237,0.539961237,0.539961237,0.539961237,0.539961237,0.539961237,0.539961237,0.539961237,0.539961237,0.539961237,0.539961237,0.539961237,0.539961237,0.539961237,0.638136008,0.539961237,0.638136008,0.638136008,0.539961237,0.638136008,0.638136008
336.328386784,C01,AP01,client_to_ap,VHT,2,2,2,80,SU,1,4,122,6637c97e16e6ce8a,1.22718463,1.22718463,1.22718463,1.22718463,1.22718463,1.22718463,1.22718463,1.22718463,1.22718463,1.3253594,1.3253594,1.3253594,1.3253594,1.3253594,1.3253594,1.3253594,1.3253594,1.3253594,1.3253594,1.3253594,1.42353417,1.42353417,1.42353417,1.42353417,1.42353417,1.42353417,1.42353417,1.42353417,1.42353417,1.42353417,1.52170894,1.52170894,1.52170894,1.52170894,1.52170894,1.52170894,1.52170894,1.42353417,1.42353417,1.42353417,1.42353417,1.42353417,1.42353417,1.42353417,1.3253594,1.3253594,1.3253594,1.3253594,1.3253594,1.22718463,1.22718463,1.22718463,1.22718463,1.22718463,1.22718463,1.22718463,1.22718463,1.12900986,1.12900986,1.12900986,1.12900986,1.03083509,1.03083509,1.03083509,1.03083509,1.03083509,1.03083509,0.932660319,0.932660319,0.932660319,0.932660319,0.932660319,0.834485549,0.834485549,0.834485549,0.834485549,0.834485549,0.834485549,0.736310778,0.834485549,0.736310778,0.736310778,0.736310778,0.736310778,0.736310778,0.736310778,0.736310778,0.736310778,0.638136008,0.638136008,0.638136008,0.638136008,0.638136008,0.638136008,0.638136008,0.638136008,0.638136008,0.638136008,0.638136008,0.638136008,0.638136008,0.539961237,0.539961237,0.539961237,0.539961237,0.539961237,0.638136008,0.539961237,0.539961237,0.539961237,0.638136008,0.539961237,0.539961237,0.638136008,0.539961237,0.638136008,0.638136008,0.638136008,0.638136008,0.638136008,0.638136008,0.638136008
337.661274910,C01,AP01,client_to_ap,VHT,2,2,2,80,SU,1,4,122,6637c97e16e6ce8a,1.22718463,1.22718463,1.22718463,1.22718463,1.22718463,1.22718463,1.22718463,1.22718463,1.3253594,1.3253594,1.3253594,1.3253594,1.3253594,1.3253594,1.3253594,1.3253594,1.3253594,1.3253594,1.3253594,1.42353417,1.42353417,1.42353417,1.42353417,1.42353417,1.42353417,1.42353417,1.42353417,1.42353417,1.42353417,1.52170894,1.52170894,1.52170894,1.52170894,1.52170894,1.52170894,1.52170894,1.52170894,1.42353417,1.42353417,1.42353417,1.42353417,1.42353417,1.42353417,1.42353417,1.3253594,1.3253594,1.3253594,1.3253594,1.3253594,1.3253594,1.3253594,1.22718463,1.22718463,1.22718463,1.22718463,1.22718463,1.22718463,1.12900986,1.12900986,1.12900986,1.12900986,1.12900986,1.03083509,1.03083509,1.03083509,1.03083509,0.932660319,0.932660319,0.932660319,0.932660319,0.932660319,0.932660319,0.932660319,0.834485549,0.834485549,0.834485549,0.834485549,0.834485549,0.736310778,0.736310778,0.736310778,0.736310778,0.736310778,0.736310778,0.736310778,0.736310778,0.736310778,0.736310778,0.638136008,0.638136008,0.638136008,0.638136008,0.638136008,0.638136008,0.638136008,0.638136008,0.638136008,0.638136008,0.638136008,0.638136008,0.638136008,0.638136008,0.539961237,0.539961237,0.539961237,0.539961237,0.539961237,0.539961237,0.638136008,0.539961237,0.638136008,0.638136008,0.638136008,0.539961237,0.638136008,0.638136008,0.638136008,0.638136008,0.638136008,0.638136008,0.638136008,0.638136008
338.992481947,C01,AP01,client_to_ap,VHT,2,2,2,80,SU,1,4,122,6637c97e16e6ce8a,1.22718463,1.22718463,1.22718463,1.22718463,1.22718463,1.22718463,1.22718463,1.22718463,1.22718463,1.3253594,1.3253594,1.3253594,1.3253594,1.3253594,1.3253594,1.3253594,1.3253594,1.3253594,1.3253594,1.3253594,1.42353417,1.42353417,1.42353417,1.42353417,1.42353417,1.42353417,1.42353417,1.42353417,1.42353417,1.52170894,1.52170894,1.52170894,1.52170894,1.52170894,1.52170894,1.52170894,1.42353417,1.42353417,1.42353417,1.42353417,1.42353417,1.42353417,1.42353417,1.42353417,1.3253594,1.3253594,1.3253594,1.3253594,1.3253594,1.22718463,1.22718463,1.22718463,1.22718463,1.22718463,1.22718463,1.22718463,1.12900986,1.12900986,1.12900986,1.12900986,1.12900986,1.12900986,1.03083509,1.03083509,1.03083509,1.03083509,0.932660319,0.932660319,0.932660319,0.932660319,0.932660319,0.932660319,0.834485549,0.834485549,0.834485549,0.834485549,0.834485549,0.834485549,0.736310778,0.736310778,0.736310778,0.736310778,0.736310778,0.736310778,0.736310778,0.736310778,0.736310778,0.638136008,0.638136008,0.638136008,0.638136008,0.638136008,0.638136008,0.638136008,0.638136008,0.638136008,0.638136008,0.638136008,0.638136008,0.539961237,0.638136008,0.539961237,0.539961237,0.539961237,0.539961237,0.539961237,0.539961237,0.539961237,0.539961237,0.539961237,0.638136008,0.539961237,0.539961237,0.638136008,0.539961237,0.539961237,0.539961237,0.638136008,0.539961237,0.638136008,0.638136008,0.539961237
340.328310966,C01,AP01,client_to_ap,VHT,2,2,2,80,SU,1,4,122,6637c97e16e6ce8a,1.22718463,1.22718463,1.22718463,1.22718463,1.22718463,1.22718463,1.22718463,1.22718463,1.22718463,1.3253594,1.3253594,1.3253594,1.3253594,1.3253594,1.3253594,1.3253594,1.3253594,1.3253594,1.3253594,1.3253594,1.3253594,1.42353417,1.42353417,1.42353417,1.42353417,1.42353417,1.42353417,1.42353417,1.42353417,1.52170894,1.52170894,1.52170894,1.52170894,1.52170894,1.52170894,1.52170894,1.52170894,1.42353417,1.42353417,1.42353417,1.42353417,1.42353417,1.42353417,1.3253594,1.3253594,1.3253594,1.3253594,1.3253594,1.3253594,1.22718463,1.22718463,1.22718463,1.22718463,1.22718463,1.22718463,1.22718463,1.12900986,1.12900986,1.12900986,1.12900986,1.12900986,1.12900986,1.03083509,1.03083509,1.03083509,1.03083509,1.03083509,0.932660319,0.932660319,0.932660319,0.932660319,0.932660319,0.834485549,0.834485549,0.834485549,0.834485549,0.834485549,0.736310778,0.736310778,0.736310778,0.736310778,0.736310778,0.736310778,0.736310778,0.736310778,0.736310778,0.736310778,0.638136008,0.638136008,0.638136008,0.638136008,0.638136008,0.638136008,0.638136008,0.638136008,0.638136008,0.638136008,0.638136008,0.638136008,0.638136008,0.539961237,0.539961237,0.539961237,0.539961237,0.539961237,0.539961237,0.539961237,0.539961237,0.539961237,0.539961237,0.539961237,0.539961237,0.539961237,0.539961237,0.539961237,0.539961237,0.638136008,0.638136008,0.638136008,0.638136008,0.638136008,0.638136008
341.660625935,C01,AP01,client_to_ap,VHT,2,2,2,80,SU,1,4,122,6637c97e16e6ce8a,1.22718463,1.22718463,1.22718463,1.22718463,1.22718463,1.22718463,1.22718463,1.22718463,1.22718463,1.3253594,1.3253594,1.3253594,1.3253594,1.3253594,1.3253594,1.3253594,1.3253594,1.3253594,1.3253594,1.42353417,1.3253594,1.42353417,1.42353417,1.42353417,1.42353417,1.42353417,1.42353417,1.42353417,1.42353417,1.42353417,1.52170894,1.52170894,1.52170894,1.52170894,1.52170894,1.52170894,1.42353417,1.42353417,1.42353417,1.42353417,1.42353417,1.42353417,1.42353417,1.42353417,1.42353417,1.3253594,1.3253594,1.3253594,1.3253594,1.22718463,1.22718463,1.22718463,1.22718463,1.22718463,1.22718463,1.22718463,1.22718463,1.12900986,1.12900986,1.12900986,1.12900986,1.12900986,1.03083509,1.03083509,1.03083509,1.03083509,0.932660319,0.932660319,0.932660319,0.932660319,0.932660319,0.932660319,0.834485549,0.834485549,0.834485549,0.834485549,0.834485549,0.834485549,0.736310778,0.736310778,0.736310778,0.736310778,0.736310778,0.736310778,0.736310778,0.736310778,0.736310778,0.736310778,0.638136008,0.638136008,0.638136008,0.638136008,0.638136008,0.638136008,0.638136008,0.638136008,0.638136008,0.638136008,0.638136008,0.539961237,0.539961237,0.539961237,0.539961237,0.539961237,0.539961237,0.539961237,0.539961237,0.539961237,0.539961237,0.539961237,0.539961237,0.539961237,0.539961237,0.539961237,0.539961237,0.638136008,0.638136008,0.638136008,0.638136008,0.638136008,0.638136008,0.638136008
342.992760897,C01,AP01,client_to_ap,VHT,2,2,2,80,SU,1,4,122,6637c97e16e6ce8a,1.22718463,1.22718463,1.22718463,1.22718463,1.22718463,1.22718463,1.22718463,1.22718463,1.22718463,1.3253594,1.3253594,1.3253594,1.3253594,1.3253594,1.3253594,1.3253594,1.3253594,1.3253594,1.3253594,1.3253594,1.3253594,1.42353417,1.42353417,1.42353417,1.42353417,1.42353417,1.42353417,1.42353417,1.52170894,1.52170894,1.52170894,1.52170894,1.52170894,1.52170894,1.52170894,1.52170894,1.52170894,1.52170894,1.42353417,1.42353417,1.42353417,1.42353417,1.42353417,1.42353417,1.3253594,1.3253594,1.3253594,1.3253594,1.3253594,1.22718463,1.22718463,1.22718463,1.22718463,1.22718463,1.22718463,1.22718463,1.22718463,1.12900986,1.12900986,1.12900986,1.12900986,1.03083509,1.03083509,1.03083509,1.03083509,1.03083509,0.932660319,0.932660319,0.932660319,0.932660319,0.932660319,0.932660319,0.834485549,0.834485549,0.834485549,0.834485549,0.834485549,0.834485549,0.736310778,0.736310778,0.736310778,0.736310778,0.736310778,0.736310778,0.736310778,0.736310778,0.736310778,0.736310778,0.638136008,0.638136008,0.638136008,0.638136008,0.638136008,0.638136008,0.638136008,0.638136008,0.638136008,0.638136008,0.638136008,0.638136008,0.539961237,0.539961237,0.539961237,0.539961237,0.539961237,0.539961237,0.539961237,0.539961237,0.539961237,0.539961237,0.539961237,0.539961237,0.539961237,0.539961237,0.539961237,0.539961237,0.539961237,0.539961237,0.638136008,0.539961237,0.638136008,0.638136008
344.328720808,C01,AP01,client_to_ap,VHT,2,2,2,80,SU,1,4,122,6637c97e16e6ce8a,1.22718463,1.22718463,1.22718463,1.22718463,1.22718463,1.22718463,1.22718463,1.22718463,1.3253594,1.3253594,1.3253594,1.3253594,1.3253594,1.3253594,1.3253594,1.3253594,1.3253594,1.3253594,1.3253594,1.3253594,1.42353417,1.42353417,1.42353417,1.42353417,1.42353417,1.42353417,1.42353417,1.42353417,1.42353417,1.52170894,1.52170894,1.52170894,1.52170894,1.52170894,1.52170894,1.52170894,1.52170894,1.52170894,1.42353417,1.42353417,1.42353417,1.42353417,1.42353417,1.42353417,1.42353417,1.3253594,1.3253594,1.3253594,1.3253594,1.22718463,1.22718463,1.22718463,1.22718463,1.22718463,1.22718463,1.22718463,1.12900986,1.12900986,1.12900986,1.12900986,1.12900986,1.12900986,1.03083509,1.03083509,1.03083509,1.03083509,0.932660319,0.932660319,0.932660319,0.932660319,0.932660319,0.932660319,0.834485549,0.834485549,0.834485549,0.834485549,0.834485549,0.834485549,0.736310778,0.834485549,0.736310778,0.736310778,0.736310778,0.736310778,0.736310778,0.736310778,0.736310778,0.736310778,0.638136008,0.638136008,0.638136008,0.638136008,0.638136008,0.638136008,0.638136008,0.638136008,0.638136008,0.638136008,0.638136008,0.638136008,0.539961237,0.539961237,0.539961237,0.539961237,0.638136008,0.539961237,0.539961237,0.539961237,0.539961237,0.539961237,0.638136008,0.638136008,0.539961237,0.539961237,0.539961237,0.638136008,0.638136008,0.638136008,0.638136008,0.638136008,0.638136008,0.539961237
345.660982847,C01,AP01,client_to_ap,VHT,2,2,2,80,SU,1,4,122,6637c97e16e6ce8a,1.22718463,1.22718463,1.22718463,1.22718463,1.22718463,1.22718463,1.22718463,1.22718463,1.22718463,1.3253594,1.3253594,1.22718463,1.3253594,1.3253594,1.3253594,1.3253594,1.3253594,1.3253594,1.3253594,1.3253594,1.3253594,1.42353417,1.42353417,1.42353417,1.42353417,1.42353417,1.42353417,1.42353417,1.42353417,1.52170894,1.52170894,1.52170894,1.52170894,1.52170894,1.52170894,1.52170894,1.52170894,1.42353417,1.42353417,1.42353417,1.42353417,1.42353417,1.42353417,1.42353417,1.3253594,1.3253594,1.3253594,1.3253594,1.3253594,1.3253594,1.22718463,1.22718463,1.22718463,1.22718463,1.22718463,1.22718463,1.22718463,1.12900986,1.12900986,1.12900986,1.12900986,1.12900986,1.03083509,1.03083509,1.03083509,1.03083509,0.932660319,0.932660319,0.932660319,0.932660319,0.932660319,0.834485549,0.834485549,0.834485549,0.834485549,0.834485549,0.834485549,0.834485549,0.736310778,0.736310778,0.736310778,0.736310778,0.736310778,0.736310778,0.736310778,0.736310778,0.736310778,0.638136008,0.638136008,0.638136008,0.638136008,0.638136008,0.638136008,0.638136008,0.638136008,0.638136008,0.638136008,0.638136008,0.638136008,0.539961237,0.539961237,0.539961237,0.539961237,0.539961237,0.539961237,0.539961237,0.539961237,0.539961237,0.539961237,0.539961237,0.539961237,0.539961237,0.638136008,0.638136008,0.539961237,0.539961237,0.638136008,0.638136008,0.539961237,0.539961237,0.638136008,0.638136008
346.993299961,C01,AP01,client_to_ap,VHT,2,2,2,80,SU,1,4,122,6637c97e16e6ce8a,1.22718463,1.22718463,1.22718463,1.22718463,1.22718463,1.22718463,1.22718463,1.22718463,1.22718463,1.3253594,1.3253594,1.3253594,1.3253594,1.3253594,1.3253594,1.3253594,1.3253594,1.3253594,1.3253594,1.3253594,1.42353417,1.42353417,1.42353417,1.42353417,1.42353417,1.42353417,1.42353417,1.42353417,1.42353417,1.52170894,1.52170894,1.52170894,1.52170894,1.52170894,1.52170894,1.52170894,1.42353417,1.42353417,1.42353417,1.42353417,1.42353417,1.42353417,1.42353417,1.42353417,1.3253594,1.3253594,1.3253594,1.3253594,1.3253594,1.3253594,1.22718463,1.22718463,1.22718463,1.22718463,1.22718463,1.22718463,1.22718463,1.12900986,1.12900986,1.12900986,1.12900986,1.12900986,1.03083509,1.03083509,1.03083509,1.03083509,1.03083509,0.932660319,0.932660319,0.932660319,0.932660319,0.932660319,0.834485549,0.834485549,0.834485549,0.834485549,0.834485549,0.834485549,0.736310778,0.736310778,0.736310778,0.736310778,0.736310778,0.736310778,0.736310778,0.736310778,0.736310778,0.736310778,0.638136008,0.638136008,0.638136008,0.638136008,0.638136008,0.638136008,0.638136008,0.638136008,0.638136008,0.638136008,0.638136008,0.638136008,0.638136008,0.539961237,0.539961237,0.638136008,0.539961237,0.539961237,0.539961237,0.539961237,0.539961237,0.539961237,0.539961237,0.539961237,0.539961237,0.539961237,0.638136008,0.539961237,0.638136008,0.638136008,0.539961237,0.638136008,0.638136008,0.638136008
348.328786850,C01,AP01,client_to_ap,VHT,2,2,2,80,SU,1,4,122,6637c97e16e6ce8a,1.22718463,1.22718463,1.22718463,1.22718463,1.22718463,1.22718463,1.22718463,1.22718463,1.22718463,1.3253594,1.3253594,1.3253594,1.3253594,1.3253594,1.3253594,1.3253594,1.3253594,1.3253594,1.3253594,1.3253594,1.42353417,1.42353417,1.42353417,1.42353417,1.42353417,1.42353417,1.42353417,1.42353417,1.42353417,1.52170894,1.52170894,1.52170894,1.52170894,1.52170894,1.52170894,1.52170894,1.42353417,1.42353417,1.42353417,1.42353417,1.42353417,1.42353417,1.42353417,1.42353417,1.42353417,1.3253594,1.3253594,1.3253594,1.3253594,1.22718463,1.22718463,1.22718463,1.22718463,1.22718463,1.22718463,1.22718463,1.12900986,1.12900986,1.12900986,1.12900986,1.12900986,1.12900986,1.03083509,1.03083509,1.03083509,1.03083509,0.932660319,0.932660319,0.932660319,0.932660319,0.932660319,0.932660319,0.834485549,0.834485549,0.834485549,0.834485549,0.834485549,0.834485549,0.736310778,0.736310778,0.736310778,0.736310778,0.736310778,0.736310778,0.736310778,0.736310778,0.736310778,0.638136008,0.638136008,0.638136008,0.638136008,0.638136008,0.638136008,0.638136008,0.638136008,0.638136008,0.638136008,0.638136008,0.539961237,0.638136008,0.539961237,0.539961237,0.539961237,0.539961237,0.539961237,0.539961237,0.539961237,0.539961237,0.539961237,0.539961237,0.539961237,0.539961237,0.539961237,0.539961237,0.539961237,0.539961237,0.638136008,0.539961237,0.638136008,0.638136008,0.638136008,0.539961237
349.661489964,C01,AP01,client_to_ap,VHT,2,2,2,80,SU,1,4,122,6637c97e16e6ce8a,1.22718463,1.22718463,1.22718463,1.22718463,1.22718463,1.22718463,1.22718463,1.22718463,1.22718463,1.3253594,1.3253594,1.3253594,1.3253594,1.3253594,1.3253594,1.3253594,1.3253594,1.3253594,1.3253594,1.3253594,1.3253594,1.42353417,1.42353417,1.42353417,1.42353417,1.42353417,1.42353417,1.42353417,1.42353417,1.42353417,1.52170894,1.52170894,1.52170894,1.52170894,1.52170894,1.52170894,1.42353417,1.42353417,1.42353417,1.42353417,1.42353417,1.42353417,1.42353417,1.3253594,1.3253594,1.3253594,1.3253594,1.3253594,1.3253594,1.22718463,1.22718463,1.22718463,1.22718463,1.22718463,1.22718463,1.12900986,1.12900986,1.12900986,1.12900986,1.12900986,1.12900986,1.03083509,1.03083509,1.03083509,1.03083509,1.03083509,0.932660319,0.932660319,0.932660319,0.932660319,0.932660319,0.834485549,0.834485549,0.834485549,0.834485549,0.834485549,0.834485549,0.736310778,0.736310778,0.736310778,0.736310778,0.736310778,0.736310778,0.736310778,0.736310778,0.736310778,0.638136008,0.638136008,0.638136008,0.638136008,0.638136008,0.638136008,0.638136008,0.638136008,0.638136008,0.638136008,0.638136008,0.539961237,0.539961237,0.539961237,0.539961237,0.539961237,0.539961237,0.539961237,0.539961237,0.539961237,0.539961237,0.539961237,0.539961237,0.539961237,0.539961237,0.539961237,0.539961237,0.539961237,0.539961237,0.539961237,0.539961237,0.539961237,0.638136008,0.638136008,0.539961237,0.638136008
350.993086815,C01,AP01,client_to_ap,VHT,2,2,2,80,SU,1,4,122,6637c97e16e6ce8a,1.22718463,1.22718463,1.22718463,1.22718463,1.22718463,1.22718463,1.22718463,1.22718463,1.22718463,1.3253594,1.3253594,1.3253594,1.3253594,1.3253594,1.3253594,1.3253594,1.3253594,1.3253594,1.3253594,1.3253594,1.3253594,1.42353417,1.42353417,1.42353417,1.42353417,1.42353417,1.42353417,1.42353417,1.52170894,1.42353417,1.52170894,1.52170894,1.52170894,1.52170894,1.52170894,1.52170894,1.42353417,1.52170894,1.42353417,1.42353417,1.42353417,1.42353417,1.42353417,1.3253594,1.3253594,1.3253594,1.3253594,1.3253594,1.22718463,1.22718463,1.22718463,1.22718463,1.22718463,1.22718463,1.22718463,1.12900986,1.12900986,1.12900986,1.12900986,1.12900986,1.12900986,1.03083509,1.03083509,1.03083509,1.03083509,1.03083509,0.932660319,0.932660319,0.932660319,0.932660319,0.932660319,0.834485549,0.834485549,0.834485549,0.834485549,0.834485549,0.834485549,0.736310778,0.736310778,0.736310778,0.736310778,0.736310778,0.736310778,0.736310778,0.736310778,0.736310778,0.638136008,0.638136008,0.638136008,0.638136008,0.638136008,0.638136008,0.638136008,0.638136008,0.638136008,0.638136008,0.638136008,0.638136008,0.539961237,0.539961237,0.539961237,0.539961237,0.539961237,0.539961237,0.539961237,0.539961237,0.539961237,0.539961237,0.539961237,0.539961237,0.539961237,0.539961237,0.539961237,0.539961237,0.539961237,0.539961237,0.539961237,0.539961237,0.539961237,0.539961237,0.638136008,0.539961237
352.328185797,C01,AP01,client_to_ap,VHT,2,2,2,80,SU,1,4,122,6637c97e16e6ce8a,1.22718463,1.22718463,1.22718463,1.22718463,1.22718463,1.22718463,1.22718463,1.22718463,1.22718463,1.3253594,1.3253594,1.3253594,1.3253594,1.3253594,1.3253594,1.3253594,1.3253594,1.3253594,1.3253594,1.3253594,1.3253594,1.42353417,1.42353417,1.42353417,1.42353417,1.42353417,1.42353417,1.42353417,1.42353417,1.42353417,1.52170894,1.52170894,1.52170894,1.52170894,1.42353417,1.52170894,1.42353417,1.42353417,1.42353417,1.42353417,1.42353417,1.42353417,1.42353417,1.42353417,1.3253594,1.3253594,1.3253594,1.3253594,1.3253594,1.22718463,1.22718463,1.22718463,1.22718463,1.22718463,1.22718463,1.22718463,1.12900986,1.12900986,1.12900986,1.12900986,1.12900986,1.03083509,1.03083509,1.03083509,1.03083509,1.03083509,0.932660319,0.932660319,0.932660319,0.932660319,0.932660319,0.834485549,0.834485549,0.834485549,0.834485549,0.834485549,0.834485549,0.736310778,0.736310778,0.736310778,0.736310778,0.736310778,0.736310778,0.736310778,0.736310778,0.736310778,0.736310778,0.736310778,0.638136008,0.638136008,0.638136008,0.638136008,0.638136008,0.638136008,0.638136008,0.638136008,0.638136008,0.539961237,0.539961237,0.539961237,0.539961237,0.539961237,0.539961237,0.539961237,0.539961237,0.539961237,0.539961237,0.539961237,0.539961237,0.539961237,0.539961237,0.539961237,0.539961237,0.539961237,0.539961237,0.539961237,0.638136008,0.539961237,0.638136008,0.638136008,0.539961237,0.638136008
353.660868883,C01,AP01,client_to_ap,VHT,2,2,2,80,SU,1,4,122,6637c97e16e6ce8a,1.22718463,1.22718463,1.22718463,1.22718463,1.22718463,1.22718463,1.22718463,1.22718463,1.22718463,1.3253594,1.3253594,1.3253594,1.3253594,1.3253594,1.3253594,1.3253594,1.3253594,1.3253594,1.3253594,1.3253594,1.42353417,1.42353417,1.42353417,1.42353417,1.42353417,1.42353417,1.42353417,1.42353417,1.42353417,1.42353417,1.52170894,1.52170894,1.52170894,1.52170894,1.52170894,1.52170894,1.52170894,1.42353417,1.42353417,1.42353417,1.42353417,1.42353417,1.42353417,1.42353417,1.42353417,1.3253594,1.3253594,1.3253594,1.3253594,1.3253594,1.22718463,1.22718463,1.22718463,1.22718463,1.22718463,1.22718463,1.22718463,1.22718463,1.12900986,1.12900986,1.12900986,1.12900986,1.03083509,1.03083509,1.03083509,1.03083509,1.03083509,0.932660319,0.932660319,0.932660319,0.932660319,0.932660319,0.834485549,0.834485549,0.834485549,0.834485549,0.834485549,0.834485549,0.736310778,0.736310778,0.736310778,0.736310778,0.736310778,0.736310778,0.736310778,0.736310778,0.736310778,0.736310778,0.638136008,0.638136008,0.638136008,0.638136008,0.638136008,0.638136008,0.638136008,0.638136008,0.638136008,0.638136008,0.539961237,0.638136008,0.638136008,0.539961237,0.539961237,0.539961237,0.638136008,0.539961237,0.539961237,0.539961237,0.638136008,0.539961237,0.638136008,0.539961237,0.539961237,0.539961237,0.539961237,0.638136008,0.638136008,0.638136008,0.638136008,0.638136008,0.638136008,0.638136008
354.993517876,C01,AP01,client_to_ap,VHT,2,2,2,80,SU,1,4,122,6637c97e16e6ce8a,1.22718463,1.22718463,1.22718463,1.22718463,1.22718463,1.22718463,1.22718463,1.22718463,1.22718463,1.3253594,1.3253594,1.3253594,1.3253594,1.3253594,1.3253594,1.3253594,1.3253594,1.3253594,1.3253594,1.3253594,1.3253594,1.42353417,1.42353417,1.42353417,1.42353417,1.42353417,1.42353417,1.42353417,1.42353417,1.42353417,1.52170894,1.52170894,1.52170894,1.52170894,1.52170894,1.52170894,1.52170894,1.52170894,1.42353417,1.42353417,1.42353417,1.42353417,1.42353417,1.42353417,1.42353417,1.3253594,1.3253594,1.3253594,1.3253594,1.3253594,1.22718463,1.22718463,1.22718463,1.22718463,1.22718463,1.22718463,1.22718463,1.12900986,1.12900986,1.12900986,1.12900986,1.12900986,1.03083509,1.03083509,1.03083509,1.03083509,1.03083509,0.932660319,0.932660319,0.932660319,0.932660319,0.932660319,0.834485549,0.834485549,0.834485549,0.834485549,0.834485549,0.736310778,0.736310778,0.736310778,0.736310778,0.736310778,0.736310778,0.736310778,0.736310778,0.736310778,0.736310778,0.736310778,0.638136008,0.638136008,0.638136008,0.638136008,0.638136008,0.638136008,0.638136008,0.638136008,0.638136008,0.638136008,0.638136008,0.638136008,0.638136008,0.638136008,0.638136008,0.539961237,0.539961237,0.539961237,0.539961237,0.539961237,0.539961237,0.638136008,0.539961237,0.638136008,0.638136008,0.539961237,0.638136008,0.539961237,0.638136008,0.638136008,0.638136008,0.638136008,0.638136008,0.638136008
356.329250813,C01,AP01,client_to_ap,VHT,2,2,2,80,SU,1,4,122,6637c97e16e6ce8a,1.22718463,1.22718463,1.22718463,1.22718463,1.22718463,1.22718463,1.22718463,1.22718463,1.22718463,1.3253594,1.3253594,1.3253594,1.3253594,1.3253594,1.3253594,1.3253594,1.3253594,1.3253594,1.3253594,1.3253594,1.42353417,1.42353417,1.42353417,1.42353417,1.42353417,1.42353417,1.42353417,1.42353417,1.42353417,1.52170894,1.52170894,1.52170894,1.52170894,1.52170894,1.52170894,1.52170894,1.52170894,1.42353417,1.42353417,1.42353417,1.42353417,1.42353417,1.42353417,1.42353417,1.3253594,1.3253594,1.3253594,1.3253594,1.3253594,1.22718463,1.22718463,1.22718463,1.22718463,1.22718463,1.22718463,1.22718463,1.22718463,1.12900986,1.12900986,1.12900986,1.12900986,1.03083509,1.03083509,1.03083509,1.03083509,1.03083509,0.932660319,0.932660319,0.932660319,0.932660319,0.932660319,0.932660319,0.834485549,0.834485549,0.834485549,0.834485549,0.834485549,0.834485549,0.834485549,0.736310778,0.736310778,0.736310778,0.736310778,0.736310778,0.736310778,0.736310778,0.736310778,0.736310778,0.638136008,0.638136008,0.638136008,0.638136008,0.638136008,0.638136008,0.638136008,0.638136008,0.638136008,0.638136008,0.638136008,0.638136008,0.638136008,0.539961237,0.539961237,0.539961237,0.638136008,0.539961237,0.539961237,0.539961237,0.539961237,0.539961237,0.539961237,0.539961237,0.539961237,0.539961237,0.539961237,0.539961237,0.638136008,0.638136008,0.638136008,0.638136008,0.638136008,0.638136008
357.660990953,C01,AP01,client_to_ap,VHT,2,2,2,80,SU,1,4,122,6637c97e16e6ce8a,1.22718463,1.22718463,1.22718463,1.22718463,1.22718463,1.22718463,1.22718463,1.3253594,1.22718463,1.3253594,1.3253594,1.3253594,1.3253594,1.3253594,1.3253594,1.3253594,1.3253594,1.3253594,1.3253594,1.3253594,1.42353417,1.42353417,1.42353417,1.42353417,1.42353417,1.42353417,1.42353417,1.42353417,1.42353417,1.52170894,1.52170894,1.52170894,1.52170894,1.52170894,1.52170894,1.42353417,1.42353417,1.52170894,1.42353417,1.42353417,1.42353417,1.42353417,1.42353417,1.42353417,1.3253594,1.3253594,1.3253594,1.3253594,1.3253594,1.22718463,1.22718463,1.22718463,1.22718463,1.22718463,1.22718463,1.22718463,1.12900986,1.12900986,1.12900986,1.12900986,1.12900986,1.12900986,1.03083509,1.03083509,1.03083509,1.03083509,1.03083509,0.932660319,0.932660319,0.932660319,0.932660319,0.932660319,0.834485549,0.834485549,0.834485549,0.834485549,0.834485549,0.834485549,0.736310778,0.834485549,0.736310778,0.736310778,0.736310778,0.736310778,0.736310778,0.736310778,0.736310778,0.736310778,0.736310778,0.638136008,0.638136008,0.638136008,0.638136008,0.638136008,0.638136008,0.638136008,0.638136008,0.638136008,0.638136008,0.638136008,0.638136008,0.539961237,0.539961237,0.539961237,0.539961237,0.638136008,0.539961237,0.539961237,0.539961237,0.539961237,0.539961237,0.539961237,0.638136008,0.638136008,0.638136008,0.638136008,0.638136008,0.638136008,0.638136008,0.539961237,0.638136008,0.539961237
358.992918968,C01,AP01,client_to_ap,VHT,2,2,2,80,SU,1,4,122,6637c97e16e6ce8a,1.22718463,1.22718463,1.22718463,1.22718463,1.22718463,1.22718463,1.22718463,1.3253594,1.22718463,1.3253594,1.3253594,1.3253594,1.3253594,1.3253594,1.3253594,1.3253594,1.3253594,1.3253594,1.3253594,1.42353417,1.3253594,1.42353417,1.42353417,1.42353417,1.42353417,1.42353417,1.42353417,1.42353417,1.42353417,1.52170894,1.52170894,1.52170894,1.52170894,1.52170894,1.52170894,1.52170894,1.52170894,1.42353417,1.42353417,1.42353417,1.42353417,1.42353417,1.42353417,1.42353417,1.3253594,1.3253594,1.3253594,1.3253594,1.3253594,1.22718463,1.22718463,1.22718463,1.22718463,1.22718463,1.22718463,1.22718463,1.22718463,1.12900986,1.12900986,1.12900986,1.12900986,1.03083509,1.03083509,1.03083509,1.03083509,1.03083509,0.932660319,0.932660319,0.932660319,0.932660319,0.932660319,0.932660319,0.834485549,0.834485549,0.834485549,0.834485549,0.834485549,0.736310778,0.736310778,0.736310778,0.736310778,0.736310778,0.736310778,0.736310778,0.736310778,0.736310778,0.736310778,0.736310778,0.638136008,0.638136008,0.638136008,0.638136008,0.638136008,0.638136008,0.638136008,0.638136008,0.638136008,0.638136008,0.638136008,0.638136008,0.638136008,0.638136008,0.539961237,0.539961237,0.539961237,0.539961237,0.539961237,0.539961237,0.539961237,0.539961237,0.539961237,0.539961237,0.539961237,0.539961237,0.539961237,0.539961237,0.638136008,0.539961237,0.638136008,0.638136008,0.539961237,0.638136008
360.329620838,C01,AP01,client_to_ap,VHT,2,2,2,80,SU,1,4,122,6637c97e16e6ce8a,1.12900986,1.22718463,1.22718463,1.22718463,1.22718463,1.22718463,1.22718463,1.22718463,1.3253594,1.3253594,1.3253594,1.3253594,1.3253594,1.3253594,1.3253594,1.3253594,1.3253594,1.3253594,1.3253594,1.3253594,1.42353417,1.42353417,1.42353417,1.42353417,1.42353417,1.42353417,1.42353417,1.42353417,1.42353417,1.52170894,1.52170894,1.52170894,1.52170894,1.52170894,1.52170894,1.52170894,1.42353417,1.42353417,1.42353417,1.42353417,1.42353417,1.42353417,1.42353417,1.42353417,1.3253594,1.3253594,1.3253594,1.3253594,1.3253594,1.22718463,1.22718463,1.22718463,1.22718463,1.22718463,1.22718463,1.12900986,1.12900986,1.12900986,1.12900986,1.12900986,1.12900986,1.03083509,1.03083509,1.03083509,1.03083509,1.03083509,0.932660319,0.932660319,0.932660319,0.932660319,0.932660319,0.834485549,0.834485549,0.834485549,0.834485549,0.834485549,0.834485549,0.736310778,0.736310778,0.736310778,0.736310778,0.736310778,0.736310778,0.736310778,0.736310778,0.638136008,0.638136008,0.638136008,0.638136008,0.638136008,0.638136008,0.638136008,0.638136008,0.638136008,0.638136008,0.638136008,0.638136008,0.638136008,0.539961237,0.539961237,0.539961237,0.539961237,0.539961237,0.539961237,0.539961237,0.539961237,0.539961237,0.539961237,0.539961237,0.539961237,0.539961237,0.539961237,0.539961237,0.539961237,0.539961237,0.539961237,0.539961237,0.539961237,0.539961237,0.539961237,0.539961237,0.638136008
361.660622835,C01,AP01,client_to_ap,VHT,2,2,2,80,SU,1,4,122,6637c97e16e6ce8a,1.22718463,1.22718463,1.22718463,1.22718463,1.22718463,1.22718463,1.22718463,1.22718463,1.22718463,1.3253594,1.3253594,1.3253594,1.3253594,1.3253594,1.3253594,1.3253594,1.3253594,1.3253594,1.3253594,1.3253594,1.3253594,1.42353417,1.42353417,1.42353417,1.42353417,1.42353417,1.42353417,1.42353417,1.52170894,1.52170894,1.52170894,1.52170894,1.52170894,1.52170894,1.52170894,1.52170894,1.42353417,1.42353417,1.42353417,1.42353417,1.42353417,1.42353417,1.42353417,1.42353417,1.3253594,1.3253594,1.3253594,1.3253594,1.3253594,1.22718463,1.22718463,1.22718463,1.22718463,1.22718463,1.22718463,1.22718463,1.12900986,1.12900986,1.12900986,1.12900986,1.12900986,1.03083509,1.03083509,1.03083509,1.03083509,1.03083509,0.932660319,0.932660319,0.932660319,0.932660319,0.932660319,0.834485549,0.834485549,0.834485549,0.834485549,0.834485549,0.834485549,0.736310778,0.736310778,0.736310778,0.736310778,0.736310778,0.736310778,0.736310778,0.736310778,0.736310778,0.638136008,0.638136008,0.638136008,0.638136008,0.638136008,0.638136008,0.638136008,0.638136008,0.638136008,0.638136008,0.638136008,0.638136008,0.539961237,0.539961237,0.539961237,0.539961237,0.539961237,0.539961237,0.539961237,0.539961237,0.539961237,0.539961237,0.539961237,0.539961237,0.539961237,0.539961237,0.539961237,0.539961237,0.539961237,0.539961237,0.638136008,0.539961237,0.539961237,0.638136008,0.539961237,0.539961237
362.993106842,C01,AP01,client_to_ap,VHT,2,2,2,80,SU,1,4,122,6637c97e16e6ce8a,1.22718463,1.22718463,1.22718463,1.22718463,1.22718463,1.22718463,1.22718463,1.22718463,1.22718463,1.3253594,1.3253594,1.3253594,1.3253594,1.3253594,1.3253594,1.3253594,1.3253594,1.3253594,1.3253594,1.3253594,1.42353417,1.42353417,1.42353417,1.42353417,1.42353417,1.42353417,1.42353417,1.42353417,1.42353417,1.52170894,1.52170894,1.52170894,1.52170894,1.52170894,1.52170894,1.42353417,1.52170894,1.42353417,1.42353417,1.42353417,1.42353417,1.42353417,1.42353417,1.42353417,1.3253594,1.3253594,1.3253594,1.3253594,1.3253594,1.22718463,1.22718463,1.22718463,1.22718463,1.22718463,1.22718463,1.22718463,1.12900986,1.12900986,1.12900986,1.12900986,1.12900986,1.03083509,1.03083509,1.03083509,1.03083509,1.03083509,0.932660319,0.932660319,0.932660319,0.932660319,0.932660319,0.834485549,0.834485549,0.834485549,0.834485549,0.834485549,0.736310778,0.736310778,0.736310778,0.736310778,0.736310778,0.736310778,0.736310778,0.736310778,0.736310778,0.736310778,0.638136008,0.736310778,0.638136008,0.638136008,0.638136008,0.638136008,0.638136008,0.638136008,0.638136008,0.638136008,0.638136008,0.539961237,0.539961237,0.539961237,0.539961237,0.539961237,0.539961237,0.539961237,0.539961237,0.539961237,0.539961237,0.539961237,0.539961237,0.539961237,0.539961237,0.539961237,0.539961237,0.539961237,0.539961237,0.539961237,0.638136008,0.539961237,0.638136008,0.638136008,0.539961237,0.539961237
364.328792810,C01,AP01,client_to_ap,VHT,2,2,2,80,SU,1,4,122,6637c97e16e6ce8a,1.22718463,1.22718463,1.22718463,1.22718463,1.22718463,1.22718463,1.22718463,1.22718463,1.22718463,1.3253594,1.3253594,1.3253594,1.3253594,1.3253594,1.3253594,1.3253594,1.3253594,1.3253594,1.3253594,1.3253594,1.3253594,1.42353417,1.42353417,1.42353417,1.42353417,1.42353417,1.42353417,1.42353417,1.42353417,1.42353417,1.52170894,1.52170894,1.52170894,1.52170894,1.52170894,1.52170894,1.52170894,1.52170894,1.42353417,1.42353417,1.42353417,1.42353417,1.42353417,1.42353417,1.3253594,1.3253594,1.3253594,1.3253594,1.3253594,1.22718463,1.22718463,1.22718463,1.22718463,1.22718463,1.22718463,1.22718463,1.12900986,1.12900986,1.12900986,1.12900986,1.12900986,1.03083509,1.03083509,1.03083509,1.03083509,0.932660319,0.932660319,0.932660319,0.932660319,0.932660319,0.932660319,0.932660319,0.834485549,0.834485549,0.834485549,0.834485549,0.834485549,0.736310778,0.736310778,0.736310778,0.736310778,0.736310778,0.736310778,0.736310778,0.736310778,0.736310778,0.638136008,0.638136008,0.638136008,0.638136008,0.638136008,0.638136008,0.638136008,0.638136008,0.638136008,0.638136008,0.638136008,0.638136008,0.638136008,0.539961237,0.539961237,0.539961237,0.539961237,0.539961237,0.539961237,0.539961237,0.539961237,0.539961237,0.539961237,0.539961237,0.539961237,0.539961237,0.539961237,0.539961237,0.539961237,0.539961237,0.539961237,0.539961237,0.638136008,0.638136008,0.539961237,0.539961237
365.660532951,C01,AP01,client_to_ap,VHT,2,2,2,80,SU,1,4,122,6637c97e16e6ce8a,1.22718463,1.22718463,1.22718463,1.22718463,1.22718463,1.22718463,1.22718463,1.22718463,1.22718463,1.3253594,1.3253594,1.3253594,1.3253594,1.3253594,1.3253594,1.3253594,1.3253594,1.3253594,1.3253594,1.3253594,1.3253594,1.42353417,1.42353417,1.42353417,1.42353417,1.42353417,1.42353417,1.42353417,1.42353417,1.52170894,1.52170894,1.52170894,1.52170894,1.52170894,1.52170894,1.52170894,1.52170894,1.42353417,1.42353417,1.42353417,1.42353417,1.42353417,1.42353417,1.42353417,1.3253594,1.3253594,1.3253594,1.3253594,1.3253594,1.22718463,1.22718463,1.22718463,1.22718463,1.22718463,1.22718463,1.22718463,1.12900986,1.12900986,1.12900986,1.12900986,1.12900986,1.03083509,1.03083509,1.03083509,1.03083509,1.03083509,0.932660319,0.932660319,0.932660319,0.932660319,0.932660319,0.834485549,0.834485549,0.834485549,0.834485549,0.834485549,0.834485549,0.736310778,0.736310778,0.736310778,0.736310778,0.736310778,0.736310778,0.736310778,0.736310778,0.736310778,0.736310778,0.638136008,0.638136008,0.638136008,0.638136008,0.638136008,0.638136008,0.638136008,0.638136008,0.638136008,0.638136008,0.638136008,0.539961237,0.539961237,0.539961237,0.539961237,0.539961237,0.539961237,0.539961237,0.539961237,0.539961237,0.539961237,0.539961237,0.539961237,0.539961237,0.539961237,0.539961237,0.539961237,0.539961237,0.539961237,0.539961237,0.539961237,0.539961237,0.638136008,0.638136008,0.638136008
366.993372917,C01,AP01,client_to_ap,VHT,2,2,2,80,SU,1,4,122,6637c97e16e6ce8a,1.22718463,1.22718463,1.22718463,1.22718463,1.22718463,1.22718463,1.22718463,1.22718463,1.22718463,1.3253594,1.3253594,1.3253594,1.3253594,1.3253594,1.3253594,1.3253594,1.3253594,1.3253594,1.3253594,1.3253594,1.3253594,1.42353417,1.42353417,1.42353417,1.42353417,1.42353417,1.42353417,1.42353417,1.42353417,1.52170894,1.52170894,1.52170894,1.52170894,1.52170894,1.52170894,1.52170894,1.42353417,1.42353417,1.42353417,1.42353417,1.42353417,1.42353417,1.42353417,1.42353417,1.3253594,1.3253594,1.3253594,1.3253594,1.3253594,1.22718463,1.22718463,1.22718463,1.22718463,1.22718463,1.22718463,1.22718463,1.12900986,1.12900986,1.12900986,1.12900986,1.12900986,1.03083509,1.03083509,1.03083509,1.03083509,1.03083509,0.932660319,0.932660319,0.932660319,0.932660319,0.932660319,0.834485549,0.834485549,0.834485549,0.834485549,0.834485549,0.834485549,0.736310778,0.736310778,0.736310778,0.736310778,0.736310778,0.736310778,0.736310778,0.736310778,0.736310778,0.638136008,0.638136008,0.638136008,0.638136008,0.638136008,0.638136008,0.638136008,0.638136008,0.638136008,0.638136008,0.638136008,0.539961237,0.539961237,0.539961237,0.539961237,0.539961237,0.539961237,0.539961237,0.539961237,0.539961237,0.539961237,0.539961237,0.539961237,0.539961237,0.539961237,0.539961237,0.539961237,0.539961237,0.539961237,0.539961237,0.638136008,0.539961237,0.539961237,0.638136008,0.539961237,0.539961237
368.329089880,C01,AP01,client_to_ap,VHT,2,2,2,80,SU,1,4,122,6637c97e16e6ce8a,1.22718463,1.22718463,1.22718463,1.22718463,1.22718463,1.22718463,1.22718463,1.22718463,1.3253594,1.3253594,1.3253594,1.3253594,1.3253594,1.3253594,1.3253594,1.3253594,1.3253594,1.3253594,1.3253594,1.3253594,1.42353417,1.42353417,1.42353417,1.42353417,1.42353417,1.42353417,1.42353417,1.42353417,1.42353417,1.52170894,1.52170894,1.52170894,1.52170894,1.52170894,1.52170894,1.52170894,1.52170894,1.42353417,1.42353417,1.42353417,1.42353417,1.42353417,1.42353417,1.42353417,1.3253594,1.3253594,1.3253594,1.3253594,1.3253594,1.22718463,1.22718463,1.22718463,1.22718463,1.22718463,1.22718463,1.22718463,1.12900986,1.12900986,1.12900986,1.12900986,1.12900986,1.12900986,1.03083509,1.03083509,1.03083509,1.03083509,0.932660319,0.932660319,0.932660319,0.932660319,0.932660319,0.932660319,0.834485549,0.834485549,0.834485549,0.834485549,0.834485549,0.736310778,0.736310778,0.736310778,0.736310778,0.736310778,0.736310778,0.736310778,0.736310778,0.736310778,0.736310778,0.736310778,0.638136008,0.638136008,0.638136008,0.638136008,0.638136008,0.638136008,0.638136008,0.638136008,0.638136008,0.539961237,0.638136008,0.638136008,0.539961237,0.539961237,0.539961237,0.539961237,0.539961237,0.539961237,0.539961237,0.539961237,0.539961237,0.539961237,0.539961237,0.539961237,0.638136008,0.539961237,0.539961237,0.539961237,0.539961237,0.638136008,0.539961237,0.638136008,0.638136008,0.539961237
369.660854816,C01,AP01,client_to_ap,VHT,2,2,2,80,SU,1,4,122,6637c97e16e6ce8a,1.22718463,1.22718463,1.22718463,1.22718463,1.22718463,1.22718463,1.22718463,1.22718463,1.22718463,1.3253594,1.3253594,1.3253594,1.3253594,1.3253594,1.3253594,1.3253594,1.3253594,1.3253594,1.3253594,1.3253594,1.42353417,1.42353417,1.42353417,1.42353417,1.42353417,1.42353417,1.42353417,1.42353417,1.42353417,1.52170894,1.52170894,1.52170894,1.52170894,1.52170894,1.52170894,1.42353417,1.42353417,1.42353417,1.42353417,1.42353417,1.42353417,1.42353417,1.42353417,1.42353417,1.42353417,1.3253594,1.3253594,1.3253594,1.3253594,1.22718463,1.22718463,1.22718463,1.22718463,1.22718463,1.22718463,1.22718463,1.22718463,1.12900986,1.12900986,1.12900986,1.12900986,1.12900986,1.03083509,1.03083509,1.03083509,1.03083509,0.932660319,0.932660319,0.932660319,0.932660319,0.932660319,0.932660319,0.834485549,0.834485549,0.834485549,0.834485549,0.834485549,0.834485549,0.736310778,0.736310778,0.736310778,0.736310778,0.736310778,0.736310778,0.736310778,0.736310778,0.736310778,0.736310778,0.638136008,0.638136008,0.638136008,0.638136008,0.638136008,0.638136008,0.638136008,0.638136008,0.638136008,0.638136008,0.638136008,0.539961237,0.638136008,0.539961237,0.539961237,0.539961237,0.638136008,0.539961237,0.539961237,0.539961237,0.539961237,0.539961237,0.539961237,0.539961237,0.539961237,0.539961237,0.638136008,0.638136008,0.638136008,0.638136008,0.638136008,0.638136008,0.638136008,0.638136008
370.993187904,C01,AP01,client_to_ap,VHT,2,2,2,80,SU,1,4,122,6637c97e16e6ce8a,1.22718463,1.22718463,1.22718463,1.22718463,1.22718463,1.22718463,1.22718463,1.22718463,1.22718463,1.3253594,1.3253594,1.3253594,1.3253594,1.3253594,1.3253594,1.3253594,1.3253594,1.3253594,1.3253594,1.3253594,1.42353417,1.42353417,1.42353417,1.42353417,1.42353417,1.42353417,1.42353417,1.42353417,1.42353417,1.42353417,1.52170894,1.52170894,1.52170894,1.52170894,1.52170894,1.52170894,1.42353417,1.42353417,1.42353417,1.42353417,1.42353417,1.42353417,1.42353417,1.42353417,1.42353417,1.3253594,1.3253594,1.3253594,1.3253594,1.22718463,1.22718463,1.22718463,1.22718463,1.22718463,1.22718463,1.22718463,1.12900986,1.12900986,1.12900986,1.12900986,1.12900986,1.03083509,1.03083509,1.03083509,1.03083509,1.03083509,0.932660319,0.932660319,0.932660319,0.932660319,0.932660319,0.932660319,0.834485549,0.834485549,0.834485549,0.834485549,0.834485549,0.736310778,0.736310778,0.736310778,0.736310778,0.736310778,0.736310778,0.736310778,0.736310778,0.736310778,0.736310778,0.736310778,0.638136008,0.638136008,0.638136008,0.638136008,0.638136008,0.638136008,0.638136008,0.638136008,0.638136008,0.638136008,0.638136008,0.638136008,0.539961237,0.539961237,0.539961237,0.539961237,0.539961237,0.539961237,0.539961237,0.539961237,0.539961237,0.539961237,0.539961237,0.539961237,0.539961237,0.539961237,0.638136008,0.539961237,0.539961237,0.539961237,0.638136008,0.638136008,0.638136008,0.638136008
372.328780890,C01,AP01,client_to_ap,VHT,2,2,2,80,SU,1,4,122,6637c97e16e6ce8a,1.22718463,1.22718463,1.22718463,1.22718463,1.22718463,1.22718463,1.22718463,1.22718463,1.22718463,1.22718463,1.3253594,1.3253594,1.3253594,1.3253594,1.3253594,1.3253594,1.3253594,1.3253594,1.3253594,1.42353417,1.3253594,1.42353417,1.42353417,1.42353417,1.42353417,1.42353417,1.42353417,1.42353417,1.42353417,1.42353417,1.52170894,1.52170894,1.52170894,1.52170894,1.52170894,1.52170894,1.52170894,1.42353417,1.42353417,1.42353417,1.42353417,1.42353417,1.42353417,1.42353417,1.3253594,1.3253594,1.3253594,1.3253594,1.3253594,1.22718463,1.22718463,1.22718463,1.22718463,1.22718463,1.22718463,1.22718463,1.12900986,1.12900986,1.12900986,1.12900986,1.12900986,1.03083509,1.03083509,1.03083509,1.03083509,1.03083509,1.03083509,0.932660319,0.932660319,0.932660319,0.932660319,0.834485549,0.834485549,0.834485549,0.834485549,0.834485549,0.834485549,0.834485549,0.736310778,0.736310778,0.736310778,0.736310778,0.736310778,0.736310778,0.736310778,0.736310778,0.736310778,0.736310778,0.638136008,0.638136008,0.638136008,0.638136008,0.638136008,0.638136008,0.638136008,0.638136008,0.638136008,0.638136008,0.638136008,0.539961237,0.539961237,0.539961237,0.539961237,0.539961237,0.539961237,0.539961237,0.539961237,0.539961237,0.539961237,0.539961237,0.638136008,0.539961237,0.539961237,0.539961237,0.638136008,0.539961237,0.539961237,0.539961237,0.638136008,0.638136008,0.539961237,0.539961237
373.660542965,C01,AP01,client_to_ap,VHT,2,2,2,80,SU,1,4,122,6637c97e16e6ce8a,1.22718463,1.22718463,1.22718463,1.22718463,1.22718463,1.22718463,1.22718463,1.3253594,1.22718463,1.3253594,1.3253594,1.3253594,1.3253594,1.3253594,1.3253594,1.3253594,1.3253594,1.3253594,1.3253594,1.3253594,1.3253594,1.42353417,1.42353417,1.42353417,1.42353417,1.42353417,1.42353417,1.42353417,1.42353417,1.52170894,1.52170894,1.52170894,1.52170894,1.52170894,1.52170894,1.52170894,1.42353417,1.42353417,1.42353417,1.42353417,1.42353417,1.42353417,1.42353417,1.3253594,1.3253594,1.3253594,1.3253594,1.3253594,1.3253594,1.22718463,1.22718463,1.22718463,1.22718463,1.22718463,1.22718463,1.22718463,1.12900986,1.12900986,1.12900986,1.12900986,1.12900986,1.03083509,1.03083509,1.03083509,1.03083509,1.03083509,0.932660319,0.932660319,0.932660319,0.932660319,0.932660319,0.834485549,0.834485549,0.834485549,0.834485549,0.834485549,0.834485549,0.736310778,0.736310778,0.736310778,0.736310778,0.736310778,0.736310778,0.736310778,0.736310778,0.638136008,0.638136008,0.638136008,0.638136008,0.638136008,0.638136008,0.638136008,0.638136008,0.638136008,0.638136008,0.638136008,0.638136008,0.539961237,0.539961237,0.539961237,0.638136008,0.539961237,0.539961237,0.539961237,0.539961237,0.539961237,0.539961237,0.539961237,0.539961237,0.539961237,0.539961237,0.539961237,0.539961237,0.539961237,0.539961237,0.539961237,0.539961237,0.539961237,0.539961237,0.539961237,0.638136008,0.539961237
374.993506908,C01,AP01,client_to_ap,VHT,2,2,2,80,SU,1,4,122,6637c97e16e6ce8a,1.22718463,1.22718463,1.22718463,1.22718463,1.22718463,1.22718463,1.22718463,1.22718463,1.22718463,1.3253594,1.3253594,1.3253594,1.3253594,1.3253594,1.3253594,1.3253594,1.3253594,1.3253594,1.3253594,1.3253594,1.3253594,1.42353417,1.42353417,1.42353417,1.42353417,1.42353417,1.42353417,1.42353417,1.42353417,1.52170894,1.52170894,1.52170894,1.52170894,1.52170894,1.52170894,1.52170894,1.52170894,1.42353417,1.42353417,1.42353417,1.42353417,1.42353417,1.42353417,1.42353417,1.42353417,1.3253594,1.3253594,1.3253594,1.3253594,1.3253594,1.22718463,1.22718463,1.22718463,1.22718463,1.22718463,1.22718463,1.22718463,1.12900986,1.12900986,1.12900986,1.12900986,1.12900986,1.03083509,1.03083509,1.03083509,1.03083509,1.03083509,1.03083509,0.932660319,0.932660319,0.932660319,0.932660319,0.834485549,0.834485549,0.834485549,0.834485549,0.834485549,0.834485549,0.834485549,0.834485549,0.736310778,0.736310778,0.736310778,0.736310778,0.736310778,0.736310778,0.736310778,0.736310778,0.638136008,0.638136008,0.638136008,0.638136008,0.638136008,0.638136008,0.638136008,0.638136008,0.638136008,0.638136008,0.638136008,0.638136008,0.638136008,0.539961237,0.638136008,0.638136008,0.539961237,0.539961237,0.539961237,0.539961237,0.539961237,0.539961237,0.539961237,0.539961237,0.539961237,0.539961237,0.638136008,0.638136008,0.638136008,0.638136008,0.638136008,0.638136008,0.638136008,0.638136008
376.328445911,C01,AP01,client_to_ap,VHT,2,2,2,80,SU,1,4,122,6637c97e16e6ce8a,1.22718463,1.22718463,1.22718463,1.22718463,1.22718463,1.22718463,1.22718463,1.22718463,1.3253594,1.3253594,1.3253594,1.3253594,1.3253594,1.3253594,1.3253594,1.3253594,1.3253594,1.3253594,1.3253594,1.3253594,1.42353417,1.42353417,1.42353417,1.42353417,1.42353417,1.42353417,1.42353417,1.42353417,1.42353417,1.52170894,1.52170894,1.52170894,1.52170894,1.52170894,1.52170894,1.42353417,1.42353417,1.42353417,1.42353417,1.42353417,1.42353417,1.42353417,1.42353417,1.42353417,1.3253594,1.3253594,1.3253594,1.3253594,1.3253594,1.3253594,1.22718463,1.22718463,1.22718463,1.22718463,1.22718463,1.22718463,1.22718463,1.12900986,1.12900986,1.12900986,1.12900986,1.12900986,1.03083509,1.03083509,1.03083509,1.03083509,0.932660319,0.932660319,0.932660319,0.932660319,0.932660319,0.932660319,0.834485549,0.834485549,0.834485549,0.834485549,0.834485549,0.834485549,0.736310778,0.736310778,0.736310778,0.736310778,0.736310778,0.736310778,0.736310778,0.736310778,0.736310778,0.736310778,0.638136008,0.638136008,0.638136008,0.638136008,0.638136008,0.638136008,0.638136008,0.638136008,0.638136008,0.638136008,0.638136008,0.638136008,0.638136008,0.539961237,0.638136008,0.539961237,0.539961237,0.638136008,0.539961237,0.539961237,0.539961237,0.539961237,0.539961237,0.638136008,0.638136008,0.638136008,0.638136008,0.638136008,0.638136008,0.638136008,0.638136008,0.638136008,0.638136008,0.638136008
377.660737991,C01,AP01,client_to_ap,VHT,2,2,2,80,SU,1,4,122,6637c97e16e6ce8a,1.22718463,1.22718463,1.22718463,1.22718463,1.22718463,1.22718463,1.22718463,1.3253594,1.3253594,1.3253594,1.3253594,1.3253594,1.3253594,1.3253594,1.3253594,1.3253594,1.3253594,1.3253594,1.3253594,1.42353417,1.42353417,1.42353417,1.42353417,1.42353417,1.42353417,1.42353417,1.42353417,1.42353417,1.42353417,1.52170894,1.52170894,1.52170894,1.52170894,1.52170894,1.52170894,1.52170894,1.52170894,1.52170894,1.52170894,1.52170894,1.42353417,1.42353417,1.42353417,1.42353417,1.42353417,1.42353417,1.42353417,1.42353417,1.3253594,1.3253594,1.3253594,1.3253594,1.3253594,1.3253594,1.3253594,1.22718463,1.22718463,1.22718463,1.22718463,1.22718463,1.22718463,1.12900986,1.12900986,1.12900986,1.12900986,1.12900986,1.03083509,1.03083509,1.03083509,1.03083509,1.03083509,1.03083509,0.932660319,0.932660319,0.932660319,0.932660319,0.932660319,0.932660319,0.834485549,0.834485549,0.834485549,0.834485549,0.834485549,0.834485549,0.834485549,0.834485549,0.834485549,0.736310778,0.736310778,0.736310778,0.736310778,0.736310778,0.736310778,0.736310778,0.736310778,0.736310778,0.638136008,0.638136008,0.638136008,0.638136008,0.638136008,0.638136008,0.638136008,0.638136008,0.638136008,0.638136008,0.638136008,0.638136008,0.638136008,0.638136008,0.638136008,0.638136008,0.638136008,0.638136008,0.638136008,0.638136008,0.638136008,0.638136008,0.638136008,0.638136008,0.638136008,0.638136008
378.992712975,C01,AP01,client_to_ap,VHT,2,2,2,80,SU,1,4,122,6637c97e16e6ce8a,1.22718463,1.22718463,1.22718463,1.22718463,1.22718463,1.22718463,1.22718463,1.22718463,1.22718463,1.3253594,1.3253594,1.3253594,1.3253594,1.3253594,1.3253594,1.3253594,1.3253594,1.3253594,1.3253594,1.3253594,1.3253594,1.42353417,1.42353417,1.42353417,1.42353417,1.42353417,1.42353417,1.42353417,1.42353417,1.52170894,1.52170894,1.52170894,1.52170894,1.52170894,1.52170894,1.52170894,1.52170894,1.52170894,1.42353417,1.42353417,1.42353417,1.42353417,1.42353417,1.42353417,1.42353417,1.3253594,1.3253594,1.3253594,1.3253594,1.3253594,1.22718463,1.22718463,1.22718463,1.22718463,1.22718463,1.22718463,1.22718463,1.12900986,1.12900986,1.12900986,1.12900986,1.12900986,1.03083509,1.03083509,1.03083509,1.03083509,1.03083509,0.932660319,0.932660319,0.932660319,0.932660319,0.932660319,0.834485549,0.834485549,0.834485549,0.834485549,0.834485549,0.834485549,0.834485549,0.834485549,0.736310778,0.736310778,0.736310778,0.736310778,0.736310778,0.736310778,0.736310778,0.736310778,0.638136008,0.638136008,0.638136008,0.638136008,0.638136008,0.638136008,0.638136008,0.638136008,0.638136008,0.638136008,0.638136008,0.638136008,0.638136008,0.539961237,0.539961237,0.638136008,0.539961237,0.539961237,0.539961237,0.539961237,0.638136008,0.539961237,0.539961237,0.638136008,0.638136008,0.539961237,0.638136008,0.539961237,0.638136008,0.638136008,0.638136008,0.638136008,0.638136008,0.638136008
380.328553915,C01,AP01,client_to_ap,VHT,2,2,2,80,SU,1,4,122,6637c97e16e6ce8a,1.22718463,1.22718463,1.22718463,1.22718463,1.22718463,1.22718463,1.22718463,1.22718463,1.22718463,1.3253594,1.3253594,1.3253594,1.3253594,1.3253594,1.3253594,1.3253594,1.3253594,1.3253594,1.3253594,1.3253594,1.3253594,1.42353417,1.42353417,1.42353417,1.42353417,1.42353417,1.42353417,1.42353417,1.42353417,1.52170894,1.52170894,1.52170894,1.52170894,1.52170894,1.52170894,1.52170894,1.52170894,1.42353417,1.42353417,1.42353417,1.42353417,1.42353417,1.42353417,1.42353417,1.3253594,1.3253594,1.3253594,1.3253594,1.3253594,1.3253594,1.3253594,1.22718463,1.22718463,1.22718463,1.22718463,1.22718463,1.22718463,1.12900986,1.12900986,1.12900986,1.12900986,1.12900986,1.03083509,1.03083509,1.03083509,1.03083509,1.03083509,0.932660319,0.932660319,0.932660319,0.932660319,0.932660319,0.834485549,0.834485549,0.834485549,0.834485549,0.834485549,0.834485549,0.736310778,0.736310778,0.736310778,0.736310778,0.736310778,0.736310778,0.736310778,0.736310778,0.736310778,0.736310778,0.736310778,0.638136008,0.638136008,0.638136008,0.638136008,0.638136008,0.638136008,0.638136008,0.638136008,0.638136008,0.638136008,0.638136008,0.638136008,0.638136008,0.539961237,0.539961237,0.638136008,0.539961237,0.539961237,0.539961237,0.539961237,0.539961237,0.638136008,0.539961237,0.539961237,0.638136008,0.638136008,0.539961237,0.638136008,0.539961237,0.638136008,0.638136008,0.638136008,0.539961237
381.661119938,C01,AP01,client_to_ap,VHT,2,2,2,80,SU,1,4,122,6637c97e16e6ce8a,1.22718463,1.22718463,1.22718463,1.22718463,1.22718463,1.22718463,1.22718463,1.22718463,1.22718463,1.3253594,1.3253594,1.3253594,1.3253594,1.3253594,1.3253594,1.3253594,1.3253594,1.3253594,1.3253594,1.42353417,1.42353417,1.42353417,1.42353417,1.42353417,1.42353417,1.42353417,1.42353417,1.42353417,1.42353417,1.42353417,1.52170894,1.52170894,1.52170894,1.52170894,1.52170894,1.52170894,1.52170894,1.42353417,1.42353417,1.42353417,1.42353417,1.42353417,1.42353417,1.42353417,1.3253594,1.3253594,1.3253594,1.3253594,1.22718463,1.3253594,1.22718463,1.22718463,1.22718463,1.22718463,1.22718463,1.22718463,1.22718463,1.12900986,1.12900986,1.12900986,1.12900986,1.12900986,1.03083509,1.03083509,1.03083509,1.03083509,0.932660319,0.932660319,0.932660319,0.932660319,0.932660319,0.932660319,0.834485549,0.834485549,0.834485549,0.834485549,0.834485549,0.736310778,0.736310778,0.736310778,0.736310778,0.736310778,0.736310778,0.736310778,0.736310778,0.736310778,0.736310778,0.736310778,0.638136008,0.638136008,0.638136008,0.638136008,0.638136008,0.638136008,0.638136008,0.638136008,0.638136008,0.638136008,0.638136008,0.638136008,0.539961237,0.539961237,0.539961237,0.539961237,0.539961237,0.539961237,0.539961237,0.539961237,0.539961237,0.539961237,0.539961237,0.539961237,0.539961237,0.539961237,0.638136008,0.539961237,0.638136008,0.539961237,0.638136008,0.638136008,0.539961237,0.638136008
382.993874788,C01,AP01,client_to_ap,VHT,2,2,2,80,SU,1,4,122,6637c97e16e6ce8a,1.22718463,1.22718463,1.22718463,1.22718463,1.22718463,1.22718463,1.22718463,1.22718463,1.22718463,1.3253594,1.3253594,1.3253594,1.3253594,1.3253594,1.3253594,1.3253594,1.3253594,1.3253594,1.3253594,1.42353417,1.42353417,1.42353417,1.42353417,1.42353417,1.42353417,1.42353417,1.42353417,1.42353417,1.42353417,1.42353417,1.52170894,1.52170894,1.52170894,1.52170894,1.52170894,1.52170894,1.52170894,1.42353417,1.42353417,1.42353417,1.42353417,1.42353417,1.42353417,1.42353417,1.42353417,1.3253594,1.3253594,1.3253594,1.3253594,1.22718463,1.22718463,1.22718463,1.22718463,1.22718463,1.22718463,1.22718463,1.22718463,1.12900986,1.12900986,1.12900986,1.12900986,1.03083509,1.03083509,1.03083509,1.03083509,1.03083509,0.932660319,0.932660319,0.932660319,0.932660319,0.932660319,0.834485549,0.834485549,0.834485549,0.834485549,0.834485549,0.834485549,0.736310778,0.736310778,0.736310778,0.736310778,0.736310778,0.736310778,0.736310778,0.736310778,0.736310778,0.736310778,0.736310778,0.638136008,0.638136008,0.638136008,0.638136008,0.638136008,0.638136008,0.638136008,0.638136008,0.638136008,0.539961237,0.638136008,0.638136008,0.539961237,0.539961237,0.539961237,0.539961237,0.539961237,0.539961237,0.539961237,0.539961237,0.539961237,0.539961237,0.539961237,0.539961237,0.539961237,0.539961237,0.539961237,0.638136008,0.539961237,0.539961237,0.638136008,0.638136008,0.539961237,0.638136008
384.328651905,C01,AP01,client_to_ap,VHT,2,2,2,80,SU,1,4,122,6637c97e16e6ce8a,1.22718463,1.22718463,1.22718463,1.22718463,1.22718463,1.22718463,1.22718463,1.22718463,1.3253594,1.3253594,1.3253594,1.3253594,1.3253594,1.3253594,1.3253594,1.3253594,1.3253594,1.3253594,1.3253594,1.3253594,1.3253594,1.42353417,1.42353417,1.42353417,1.42353417,1.42353417,1.42353417,1.42353417,1.42353417,1.42353417,1.52170894,1.52170894,1.52170894,1.52170894,1.52170894,1.52170894,1.52170894,1.52170894,1.42353417,1.42353417,1.42353417,1.42353417,1.42353417,1.42353417,1.3253594,1.3253594,1.3253594,1.3253594,1.22718463,1.22718463,1.22718463,1.22718463,1.22718463,1.22718463,1.22718463,1.22718463,1.12900986,1.12900986,1.12900986,1.12900986,1.12900986,1.12900986,1.03083509,1.03083509,1.03083509,1.03083509,0.932660319,0.932660319,0.932660319,0.932660319,0.932660319,0.932660319,0.834485549,0.834485549,0.834485549,0.834485549,0.834485549,0.736310778,0.736310778,0.736310778,0.736310778,0.736310778,0.736310778,0.736310778,0.736310778,0.736310778,0.638136008,0.736310778,0.638136008,0.638136008,0.638136008,0.638136008,0.638136008,0.638136008,0.638136008,0.638136008,0.638136008,0.638136008,0.539961237,0.539961237,0.539961237,0.539961237,0.539961237,0.539961237,0.539961237,0.539961237,0.539961237,0.539961237,0.539961237,0.539961237,0.539961237,0.539961237,0.539961237,0.539961237,0.539961237,0.638136008,0.638136008,0.539961237,0.539961237,0.638136008,0.539961237,0.539961237
385.660652876,C01,AP01,client_to_ap,VHT,2,2,2,80,SU,1,4,122,6637c97e16e6ce8a,1.22718463,1.22718463,1.22718463,1.22718463,1.22718463,1.22718463,1.22718463,1.22718463,1.22718463,1.3253594,1.3253594,1.3253594,1.3253594,1.3253594,1.3253594,1.3253594,1.3253594,1.3253594,1.3253594,1.3253594,1.42353417,1.42353417,1.42353417,1.42353417,1.42353417,1.42353417,1.42353417,1.42353417,1.42353417,1.42353417,1.52170894,1.52170894,1.52170894,1.52170894,1.52170894,1.52170894,1.52170894,1.52170894,1.42353417,1.42353417,1.42353417,1.42353417,1.42353417,1.42353417,1.3253594,1.3253594,1.3253594,1.3253594,1.3253594,1.22718463,1.22718463,1.22718463,1.22718463,1.22718463,1.22718463,1.22718463,1.12900986,1.12900986,1.12900986,1.12900986,1.12900986,1.12900986,1.03083509,1.03083509,1.03083509,1.03083509,0.932660319,0.932660319,0.932660319,0.932660319,0.932660319,0.834485549,0.834485549,0.834485549,0.834485549,0.834485549,0.834485549,0.736310778,0.736310778,0.736310778,0.736310778,0.736310778,0.736310778,0.736310778,0.736310778,0.736310778,0.638136008,0.638136008,0.638136008,0.638136008,0.638136008,0.638136008,0.638136008,0.638136008,0.638136008,0.638136008,0.638136008,0.638136008,0.638136008,0.539961237,0.638136008,0.539961237,0.539961237,0.539961237,0.539961237,0.539961237,0.539961237,0.539961237,0.539961237,0.539961237,0.539961237,0.539961237,0.539961237,0.539961237,0.539961237,0.539961237,0.638136008,0.638136008,0.638136008,0.638136008,0.539961237,0.539961237
386.993709803,C01,AP01,client_to_ap,VHT,2,2,2,80,SU,1,4,122,6637c97e16e6ce8a,1.22718463,1.22718463,1.22718463,1.22718463,1.22718463,1.22718463,1.22718463,1.22718463,1.22718463,1.3253594,1.3253594,1.3253594,1.3253594,1.3253594,1.3253594,1.3253594,1.3253594,1.3253594,1.3253594,1.42353417,1.42353417,1.42353417,1.42353417,1.42353417,1.42353417,1.42353417,1.42353417,1.42353417,1.42353417,1.42353417,1.52170894,1.52170894,1.52170894,1.52170894,1.52170894,1.52170894,1.52170894,1.42353417,1.42353417,1.42353417,1.42353417,1.42353417,1.42353417,1.42353417,1.42353417,1.3253594,1.3253594,1.3253594,1.3253594,1.3253594,1.22718463,1.22718463,1.22718463,1.22718463,1.22718463,1.22718463,1.22718463,1.12900986,1.12900986,1.12900986,1.12900986,1.12900986,1.03083509,1.03083509,1.03083509,1.03083509,1.03083509,0.932660319,0.932660319,0.932660319,0.932660319,0.932660319,0.834485549,0.834485549,0.834485549,0.834485549,0.834485549,0.834485549,0.834485549,0.834485549,0.736310778,0.736310778,0.736310778,0.736310778,0.736310778,0.736310778,0.736310778,0.736310778,0.638136008,0.638136008,0.638136008,0.638136008,0.638136008,0.638136008,0.638136008,0.638136008,0.638136008,0.638136008,0.638136008,0.638136008,0.638136008,0.539961237,0.638136008,0.539961237,0.539961237,0.539961237,0.539961237,0.539961237,0.539961237,0.539961237,0.539961237,0.638136008,0.539961237,0.539961237,0.638136008,0.539961237,0.539961237,0.638136008,0.638136008,0.638136008,0.638136008,0.638136008
388.329058886,C01,AP01,client_to_ap,VHT,2,2,2,80,SU,1,4,122,6637c97e16e6ce8a,1.22718463,1.22718463,1.22718463,1.22718463,1.22718463,1.22718463,1.22718463,1.22718463,1.3253594,1.3253594,1.3253594,1.3253594,1.3253594,1.3253594,1.3253594,1.3253594,1.3253594,1.3253594,1.3253594,1.42353417,1.42353417,1.42353417,1.42353417,1.42353417,1.42353417,1.42353417,1.42353417,1.42353417,1.42353417,1.42353417,1.52170894,1.52170894,1.52170894,1.52170894,1.52170894,1.52170894,1.42353417,1.42353417,1.42353417,1.42353417,1.42353417,1.42353417,1.42353417,1.42353417,1.42353417,1.3253594,1.3253594,1.3253594,1.3253594,1.22718463,1.22718463,1.22718463,1.22718463,1.22718463,1.22718463,1.22718463,1.12900986,1.12900986,1.12900986,1.12900986,1.12900986,1.12900986,1.03083509,1.03083509,1.03083509,1.03083509,0.932660319,0.932660319,0.932660319,0.932660319,0.932660319,0.932660319,0.834485549,0.834485549,0.834485549,0.834485549,0.834485549,0.834485549,0.834485549,0.736310778,0.736310778,0.736310778,0.736310778,0.736310778,0.736310778,0.736310778,0.736310778,0.736310778,0.638136008,0.638136008,0.638136008,0.638136008,0.638136008,0.638136008,0.638136008,0.638136008,0.638136008,0.638136008,0.638136008,0.638136008,0.539961237,0.539961237,0.539961237,0.539961237,0.539961237,0.539961237,0.539961237,0.539961237,0.539961237,0.539961237,0.539961237,0.638136008,0.638136008,0.539961237,0.539961237,0.638136008,0.638136008,0.638136008,0.638136008,0.638136008,0.638136008,0.539961237
389.661040783,C01,AP01,client_to_ap,VHT,2,2,2,80,SU,1,4,122,6637c97e16e6ce8a,1.22718463,1.22718463,1.22718463,1.22718463,1.22718463,1.22718463,1.22718463,1.3253594,1.22718463,1.3253594,1.3253594,1.3253594,1.3253594,1.3253594,1.3253594,1.3253594,1.3253594,1.3253594,1.3253594,1.3253594,1.3253594,1.42353417,1.42353417,1.42353417,1.42353417,1.42353417,1.42353417,1.42353417,1.42353417,1.42353417,1.52170894,1.52170894,1.52170894,1.52170894,1.52170894,1.52170894,1.52170894,1.42353417,1.42353417,1.42353417,1.42353417,1.42353417,1.42353417,1.42353417,1.3253594,1.3253594,1.3253594,1.3253594,1.3253594,1.3253594,1.22718463,1.22718463,1.22718463,1.22718463,1.22718463,1.22718463,1.22718463,1.12900986,1.12900986,1.12900986,1.12900986,1.12900986,1.03083509,1.03083509,1.03083509,1.03083509,0.932660319,0.932660319,0.932660319,0.932660319,0.932660319,0.932660319,0.834485549,0.834485549,0.834485549,0.834485549,0.834485549,0.834485549,0.736310778,0.736310778,0.736310778,0.736310778,0.736310778,0.736310778,0.736310778,0.736310778,0.736310778,0.736310778,0.638136008,0.638136008,0.638136008,0.638136008,0.638136008,0.638136008,0.638136008,0.638136008,0.638136008,0.638136008,0.638136008,0.638136008,0.638136008,0.539961237,0.539961237,0.539961237,0.539961237,0.539961237,0.539961237,0.539961237,0.539961237,0.638136008,0.539961237,0.638136008,0.539961237,0.539961237,0.638136008,0.539961237,0.638136008,0.638136008,0.638136008,0.638136008,0.638136008,0.638136008
390.992975950,C01,AP01,client_to_ap,VHT,2,2,2,80,SU,1,4,122,6637c97e16e6ce8a,1.22718463,1.22718463,1.22718463,1.22718463,1.22718463,1.22718463,1.22718463,1.22718463,1.3253594,1.3253594,1.3253594,1.3253594,1.3253594,1.3253594,1.3253594,1.3253594,1.3253594,1.3253594,1.3253594,1.3253594,1.42353417,1.42353417,1.42353417,1.42353417,1.42353417,1.42353417,1.42353417,1.42353417,1.42353417,1.42353417,1.52170894,1.52170894,1.52170894,1.52170894,1.52170894,1.52170894,1.42353417,1.42353417,1.42353417,1.42353417,1.42353417,1.42353417,1.42353417,1.42353417,1.3253594,1.3253594,1.3253594,1.3253594,1.3253594,1.22718463,1.22718463,1.22718463,1.22718463,1.22718463,1.22718463,1.22718463,1.22718463,1.12900986,1.12900986,1.12900986,1.12900986,1.03083509,1.03083509,1.03083509,1.03083509,1.03083509,1.03083509,0.932660319,0.932660319,0.932660319,0.932660319,0.932660319,0.834485549,0.834485549,0.834485549,0.834485549,0.834485549,0.736310778,0.736310778,0.736310778,0.736310778,0.736310778,0.736310778,0.736310778,0.736310778,0.736310778,0.736310778,0.736310778,0.638136008,0.638136008,0.638136008,0.638136008,0.638136008,0.638136008,0.638136008,0.638136008,0.638136008,0.539961237,0.638136008,0.539961237,0.539961237,0.539961237,0.539961237,0.539961237,0.539961237,0.539961237,0.539961237,0.539961237,0.539961237,0.539961237,0.539961237,0.539961237,0.539961237,0.539961237,0.539961237,0.539961237,0.539961237,0.539961237,0.638136008,0.638136008,0.539961237,0.539961237
392.329420805,C01,AP01,client_to_ap,VHT,2,2,2,80,SU,1,4,122,6637c97e16e6ce8a,1.12900986,1.22718463,1.22718463,1.22718463,1.22718463,1.22718463,1.22718463,1.22718463,1.3253594,1.3253594,1.3253594,1.3253594,1.3253594,1.3253594,1.3253594,1.3253594,1.3253594,1.3253594,1.3253594,1.3253594,1.42353417,1.42353417,1.42353417,1.42353417,1.42353417,1.42353417,1.42353417,1.42353417,1.42353417,1.52170894,1.52170894,1.42353417,1.52170894,1.52170894,1.52170894,1.52170894,1.42353417,1.42353417,1.42353417,1.42353417,1.42353417,1.42353417,1.42353417,1.42353417,1.3253594,1.3253594,1.3253594,1.3253594,1.22718463,1.22718463,1.22718463,1.22718463,1.22718463,1.22718463,1.22718463,1.22718463,1.12900986,1.12900986,1.12900986,1.12900986,1.12900986,1.12900986,1.03083509,1.03083509,1.03083509,1.03083509,0.932660319,0.932660319,0.932660319,0.932660319,0.834485549,0.932660319,0.834485549,0.834485549,0.834485549,0.834485549,0.834485549,0.736310778,0.736310778,0.736310778,0.736310778,0.736310778,0.736310778,0.736310778,0.736310778,0.736310778,0.736310778,0.638136008,0.638136008,0.638136008,0.638136008,0.638136008,0.638136008,0.638136008,0.638136008,0.638136008,0.638136008,0.638136008,0.539961237,0.539961237,0.539961237,0.539961237,0.539961237,0.539961237,0.539961237,0.539961237,0.539961237,0.539961237,0.539961237,0.539961237,0.539961237,0.539961237,0.539961237,0.539961237,0.539961237,0.638136008,0.539961237,0.638136008,0.539961237,0.539961237,0.638136008,0.539961237
393.660712004,C01,AP01,client_to_ap,VHT,2,2,2,80,SU,1,4,122,6637c97e16e6ce8a,1.22718463,1.22718463,1.22718463,1.22718463,1.22718463,1.22718463,1.22718463,1.22718463,1.22718463,1.3253594,1.3253594,1.3253594,1.3253594,1.3253594,1.3253594,1.3253594,1.3253594,1.3253594,1.3253594,1.3253594,1.42353417,1.42353417,1.42353417,1.42353417,1.42353417,1.42353417,1.42353417,1.42353417,1.42353417,1.52170894,1.52170894,1.52170894,1.52170894,1.52170894,1.52170894,1.52170894,1.52170894,1.42353417,1.42353417,1.42353417,1.42353417,1.42353417,1.42353417,1.42353417,1.3253594,1.3253594,1.3253594,1.3253594,1.22718463,1.22718463,1.22718463,1.22718463,1.22718463,1.22718463,1.22718463,1.22718463,1.12900986,1.12900986,1.12900986,1.12900986,1.12900986,1.03083509,1.03083509,1.03083509,1.03083509,1.03083509,0.932660319,0.932660319,0.932660319,0.932660319,0.932660319,0.834485549,0.834485549,0.834485549,0.834485549,0.834485549,0.834485549,0.736310778,0.736310778,0.736310778,0.736310778,0.736310778,0.736310778,0.736310778,0.736310778,0.736310778,0.736310778,0.638136008,0.638136008,0.638136008,0.638136008,0.638136008,0.638136008,0.638136008,0.638136008,0.638136008,0.638136008,0.539961237,0.539961237,0.539961237,0.539961237,0.539961237,0.539961237,0.539961237,0.539961237,0.539961237,0.539961237,0.539961237,0.539961237,0.539961237,0.539961237,0.539961237,0.539961237,0.539961237,0.539961237,0.539961237,0.539961237,0.539961237,0.539961237,0.539961237,0.539961237,0.539961237
394.992720842,C01,AP01,client_to_ap,VHT,2,2,2,80,SU,1,4,122,6637c97e16e6ce8a,1.22718463,1.22718463,1.22718463,1.22718463,1.22718463,1.22718463,1.22718463,1.22718463,1.22718463,1.3253594,1.3253594,1.3253594,1.3253594,1.3253594,1.3253594,1.3253594,1.3253594,1.3253594,1.3253594,1.3253594,1.3253594,1.42353417,1.42353417,1.42353417,1.42353417,1.42353417,1.42353417,1.42353417,1.42353417,1.52170894,1.52170894,1.52170894,1.52170894,1.52170894,1.52170894,1.52170894,1.42353417,1.42353417,1.42353417,1.42353417,1.42353417,1.42353417,1.42353417,1.42353417,1.3253594,1.3253594,1.3253594,1.3253594,1.3253594,1.22718463,1.22718463,1.22718463,1.22718463,1.22718463,1.22718463,1.22718463,1.12900986,1.12900986,1.12900986,1.12900986,1.12900986,1.03083509,1.03083509,1.03083509,1.03083509,1.03083509,0.932660319,0.932660319,0.932660319,0.932660319,0.932660319,0.834485549,0.834485549,0.834485549,0.834485549,0.834485549,0.834485549,0.736310778,0.736310778,0.736310778,0.736310778,0.736310778,0.736310778,0.736310778,0.736310778,0.736310778,0.638136008,0.638136008,0.638136008,0.638136008,0.638136008,0.638136008,0.638136008,0.638136008,0.638136008,0.638136008,0.539961237,0.539961237,0.539961237,0.539961237,0.539961237,0.539961237,0.539961237,0.539961237,0.539961237,0.539961237,0.539961237,0.539961237,0.539961237,0.539961237,0.539961237,0.539961237,0.539961237,0.539961237,0.539961237,0.539961237,0.539961237,0.539961237,0.539961237,0.539961237,0.539961237,0.539961237
396.328946829,C01,AP01,client_to_ap,VHT,2,2,2,80,SU,1,4,122,6637c97e16e6ce8a,1.22718463,1.22718463,1.22718463,1.22718463,1.22718463,1.22718463,1.22718463,1.22718463,1.22718463,1.3253594,1.3253594,1.3253594,1.3253594,1.3253594,1.3253594,1.3253594,1.3253594,1.3253594,1.3253594,1.3253594,1.3253594,1.42353417,1.42353417,1.42353417,1.42353417,1.42353417,1.42353417,1.42353417,1.42353417,1.52170894,1.52170894,1.52170894,1.52170894,1.52170894,1.52170894,1.52170894,1.42353417,1.42353417,1.42353417,1.42353417,1.42353417,1.42353417,1.42353417,1.42353417,1.3253594,1.3253594,1.3253594,1.3253594,1.3253594,1.3253594,1.22718463,1.22718463,1.22718463,1.22718463,1.22718463,1.22718463,1.12900986,1.12900986,1.12900986,1.12900986,1.12900986,1.12900986,1.03083509,1.03083509,1.03083509,1.03083509,0.932660319,0.932660319,0.932660319,0.932660319,0.932660319,0.834485549,0.834485549,0.834485549,0.834485549,0.834485549,0.834485549,0.834485549,0.736310778,0.736310778,0.736310778,0.736310778,0.736310778,0.736310778,0.736310778,0.736310778,0.736310778,0.638136008,0.638136008,0.638136008,0.638136008,0.638136008,0.638136008,0.638136008,0.638136008,0.638136008,0.638136008,0.638136008,0.638136008,0.539961237,0.539961237,0.539961237,0.539961237,0.539961237,0.539961237,0.539961237,0.539961237,0.539961237,0.539961237,0.539961237,0.539961237,0.539961237,0.539961237,0.539961237,0.539961237,0.539961237,0.539961237,0.539961237,0.539961237,0.539961237,0.638136008,0.539961237
397.661544800,C01,AP01,client_to_ap,VHT,2,2,2,80,SU,1,4,122,6637c97e16e6ce8a,1.12900986,1.22718463,1.22718463,1.22718463,1.22718463,1.22718463,1.22718463,1.22718463,1.22718463,1.3253594,1.3253594,1.3253594,1.3253594,1.3253594,1.3253594,1.3253594,1.3253594,1.3253594,1.3253594,1.3253594,1.3253594,1.42353417,1.42353417,1.42353417,1.42353417,1.42353417,1.42353417,1.42353417,1.42353417,1.42353417,1.52170894,1.52170894,1.52170894,1.52170894,1.52170894,1.52170894,1.52170894,1.52170894,1.42353417,1.42353417,1.42353417,1.42353417,1.42353417,1.42353417,1.3253594,1.3253594,1.3253594,1.3253594,1.3253594,1.22718463,1.22718463,1.22718463,1.22718463,1.22718463,1.22718463,1.22718463,1.12900986,1.12900986,1.12900986,1.12900986,1.12900986,1.03083509,1.03083509,1.03083509,1.03083509,1.03083509,0.932660319,0.932660319,0.932660319,0.932660319,0.932660319,0.932660319,0.834485549,0.834485549,0.834485549,0.834485549,0.834485549,0.736310778,0.736310778,0.736310778,0.736310778,0.736310778,0.736310778,0.736310778,0.736310778,0.736310778,0.736310778,0.736310778,0.638136008,0.638136008,0.638136008,0.638136008,0.638136008,0.638136008,0.638136008,0.638136008,0.638136008,0.539961237,0.638136008,0.539961237,0.638136008,0.539961237,0.539961237,0.539961237,0.539961237,0.539961237,0.539961237,0.539961237,0.539961237,0.539961237,0.539961237,0.638136008,0.539961237,0.539961237,0.539961237,0.638136008,0.539961237,0.539961237,0.638136008,0.638136008,0.539961237,0.539961237
398.993499994,C01,AP01,client_to_ap,VHT,2,2,2,80,SU,1,4,122,6637c97e16e6ce8a,1.22718463,1.22718463,1.22718463,1.22718463,1.22718463,1.22718463,1.22718463,1.22718463,1.22718463,1.3253594,1.3253594,1.3253594,1.3253594,1.3253594,1.3253594,1.3253594,1.3253594,1.3253594,1.3253594,1.42353417,1.42353417,1.42353417,1.42353417,1.42353417,1.42353417,1.42353417,1.42353417,1.42353417,1.42353417,1.52170894,1.52170894,1.52170894,1.52170894,1.52170894,1.52170894,1.52170894,1.52170894,1.42353417,1.42353417,1.42353417,1.42353417,1.42353417,1.42353417,1.42353417,1.3253594,1.3253594,1.3253594,1.3253594,1.3253594,1.22718463,1.22718463,1.22718463,1.22718463,1.22718463,1.22718463,1.22718463,1.22718463,1.12900986,1.12900986,1.12900986,1.12900986,1.12900986,1.03083509,1.03083509,1.03083509,1.03083509,0.932660319,0.932660319,0.932660319,0.932660319,0.932660319,0.932660319,0.834485549,0.834485549,0.834485549,0.834485549,0.834485549,0.834485549,0.736310778,0.736310778,0.736310778,0.736310778,0.736310778,0.736310778,0.736310778,0.736310778,0.736310778,0.736310778,0.638136008,0.638136008,0.638136008,0.638136008,0.638136008,0.638136008,0.638136008,0.638136008,0.638136008,0.638136008,0.638136008,0.539961237,0.539961237,0.539961237,0.539961237,0.539961237,0.638136008,0.539961237,0.539961237,0.539961237,0.539961237,0.539961237,0.539961237,0.539961237,0.539961237,0.638136008,0.539961237,0.539961237,0.638136008,0.638136008,0.539961237,0.539961237,0.539961237,0.539961237
400.328858852,C01,AP01,client_to_ap,VHT,2,2,2,80,SU,1,4,122,6637c97e16e6ce8a,1.22718463,1.22718463,1.22718463,1.22718463,1.22718463,1.22718463,1.22718463,1.22718463,1.22718463,1.3253594,1.3253594,1.3253594,1.3253594,1.3253594,1.3253594,1.3253594,1.3253594,1.3253594,1.3253594,1.3253594,1.42353417,1.42353417,1.42353417,1.42353417,1.42353417,1.42353417,1.42353417,1.42353417,1.42353417,1.42353417,1.52170894,1.52170894,1.52170894,1.52170894,1.52170894,1.52170894,1.52170894,1.52170894,1.42353417,1.42353417,1.42353417,1.42353417,1.42353417,1.42353417,1.3253594,1.3253594,1.3253594,1.3253594,1.3253594,1.22718463,1.3253594,1.22718463,1.22718463,1.22718463,1.22718463,1.22718463,1.22718463,1.12900986,1.12900986,1.12900986,1.12900986,1.12900986,1.03083509,1.03083509,1.03083509,1.03083509,1.03083509,0.932660319,0.932660319,0.932660319,0.932660319,0.932660319,0.834485549,0.834485549,0.834485549,0.834485549,0.834485549,0.834485549,0.834485549,0.736310778,0.736310778,0.736310778,0.736310778,0.736310778,0.736310778,0.736310778,0.736310778,0.736310778,0.638136008,0.638136008,0.638136008,0.638136008,0.638136008,0.638136008,0.638136008,0.638136008,0.638136008,0.638136008,0.638136008,0.638136008,0.638136008,0.539961237,0.539961237,0.638136008,0.539961237,0.539961237,0.539961237,0.539961237,0.539961237,0.539961237,0.539961237,0.539961237,0.539961237,0.638136008,0.638136008,0.638136008,0.539961237,0.539961237,0.638136008,0.638136008,0.638136008,0.638136008
401.661116838,C01,AP01,client_to_ap,VHT,2,2,2,80,SU,1,4,122,6637c97e16e6ce8a,1.22718463,1.22718463,1.22718463,1.22718463,1.22718463,1.22718463,1.22718463,1.22718463,1.22718463,1.3253594,1.3253594,1.3253594,1.3253594,1.3253594,1.3253594,1.3253594,1.3253594,1.3253594,1.3253594,1.3253594,1.42353417,1.42353417,1.42353417,1.42353417,1.42353417,1.42353417,1.42353417,1.42353417,1.52170894,1.52170894,1.52170894,1.52170894,1.52170894,1.52170894,1.52170894,1.52170894,1.52170894,1.42353417,1.42353417,1.42353417,1.42353417,1.42353417,1.42353417,1.42353417,1.3253594,1.3253594,1.3253594,1.3253594,1.3253594,1.22718463,1.22718463,1.22718463,1.22718463,1.22718463,1.22718463,1.22718463,1.12900986,1.12900986,1.12900986,1.12900986,1.12900986,1.03083509,1.03083509,1.03083509,1.03083509,1.03083509,0.932660319,0.932660319,0.932660319,0.932660319,0.932660319,0.932660319,0.834485549,0.834485549,0.834485549,0.834485549,0.736310778,0.736310778,0.736310778,0.736310778,0.736310778,0.736310778,0.736310778,0.736310778,0.736310778,0.736310778,0.736310778,0.638136008,0.638136008,0.638136008,0.638136008,0.638136008,0.638136008,0.638136008,0.638136008,0.638136008,0.638136008,0.638136008,0.638136008,0.539961237,0.638136008,0.539961237,0.539961237,0.539961237,0.539961237,0.539961237,0.539961237,0.539961237,0.539961237,0.539961237,0.539961237,0.539961237,0.539961237,0.539961237,0.539961237,0.539961237,0.539961237,0.638136008,0.539961237,0.539961237,0.638136008,0.539961237
402.993778944,C01,AP01,client_to_ap,VHT,2,2,2,80,SU,1,4,122,6637c97e16e6ce8a,1.22718463,1.22718463,1.22718463,1.22718463,1.22718463,1.22718463,1.22718463,1.22718463,1.22718463,1.3253594,1.3253594,1.3253594,1.3253594,1.3253594,1.3253594,1.3253594,1.3253594,1.3253594,1.3253594,1.3253594,1.42353417,1.42353417,1.42353417,1.42353417,1.42353417,1.42353417,1.42353417,1.42353417,1.42353417,1.42353417,1.52170894,1.52170894,1.52170894,1.52170894,1.52170894,1.42353417,1.52170894,1.42353417,1.42353417,1.42353417,1.42353417,1.42353417,1.42353417,1.3253594,1.42353417,1.3253594,1.3253594,1.3253594,1.3253594,1.22718463,1.22718463,1.22718463,1.22718463,1.22718463,1.22718463,1.22718463,1.12900986,1.12900986,1.12900986,1.12900986,1.12900986,1.03083509,1.03083509,1.03083509,1.03083509,0.932660319,0.932660319,0.932660319,0.932660319,0.932660319,0.932660319,0.932660319,0.834485549,0.834485549,0.834485549,0.834485549,0.834485549,0.736310778,0.736310778,0.736310778,0.736310778,0.736310778,0.736310778,0.736310778,0.736310778,0.638136008,0.638136008,0.638136008,0.638136008,0.638136008,0.638136008,0.638136008,0.638136008,0.638136008,0.638136008,0.638136008,0.638136008,0.638136008,0.539961237,0.539961237,0.539961237,0.539961237,0.539961237,0.539961237,0.539961237,0.539961237,0.539961237,0.539961237,0.539961237,0.539961237,0.539961237,0.539961237,0.539961237,0.539961237,0.539961237,0.539961237,0.539961237,0.539961237,0.539961237,0.539961237,0.539961237,0.539961237
404.329608917,C01,AP01,client_to_ap,VHT,2,2,2,80,SU,1,4,122,6637c97e16e6ce8a,1.22718463,1.22718463,1.22718463,1.22718463,1.22718463,1.22718463,1.22718463,1.22718463,1.22718463,1.3253594,1.3253594,1.3253594,1.3253594,1.3253594,1.3253594,1.3253594,1.3253594,1.3253594,1.3253594,1.3253594,1.42353417,1.42353417,1.42353417,1.42353417,1.42353417,1.42353417,1.42353417,1.42353417,1.42353417,1.52170894,1.52170894,1.52170894,1.52170894,1.52170894,1.52170894,1.52170894,1.42353417,1.42353417,1.42353417,1.42353417,1.42353417,1.42353417,1.42353417,1.42353417,1.3253594,1.3253594,1.3253594,1.3253594,1.3253594,1.22718463,1.22718463,1.22718463,1.22718463,1.22718463,1.22718463,1.22718463,1.12900986,1.12900986,1.12900986,1.12900986,1.12900986,1.12900986,1.03083509,1.03083509,1.03083509,1.03083509,0.932660319,0.932660319,0.932660319,0.932660319,0.932660319,0.932660319,0.834485549,0.834485549,0.834485549,0.834485549,0.834485549,0.834485549,0.736310778,0.736310778,0.736310778,0.736310778,0.736310778,0.736310778,0.736310778,0.736310778,0.736310778,0.736310778,0.638136008,0.638136008,0.638136008,0.638136008,0.638136008,0.638136008,0.638136008,0.638136008,0.638136008,0.638136008,0.539961237,0.539961237,0.638136008,0.539961237,0.539961237,0.539961237,0.539961237,0.539961237,0.539961237,0.539961237,0.539961237,0.539961237,0.539961237,0.539961237,0.539961237,0.539961237,0.638136008,0.539961237,0.539961237,0.638136008,0.638136008,0.638136008,0.638136008,0.638136008
405.661086798,C01,AP01,client_to_ap,VHT,2,2,2,80,SU,1,4,122,6637c97e16e6ce8a,1.22718463,1.22718463,1.22718463,1.22718463,1.22718463,1.22718463,1.22718463,1.22718463,1.22718463,1.3253594,1.3253594,1.3253594,1.3253594,1.3253594,1.3253594,1.3253594,1.3253594,1.3253594,1.3253594,1.3253594,1.3253594,1.42353417,1.42353417,1.42353417,1.42353417,1.42353417,1.42353417,1.42353417,1.42353417,1.52170894,1.52170894,1.52170894,1.52170894,1.52170894,1.52170894,1.52170894,1.42353417,1.42353417,1.42353417,1.42353417,1.42353417,1.42353417,1.42353417,1.3253594,1.42353417,1.3253594,1.3253594,1.3253594,1.22718463,1.22718463,1.22718463,1.22718463,1.22718463,1.22718463,1.22718463,1.12900986,1.12900986,1.12900986,1.12900986,1.12900986,1.12900986,1.03083509,1.03083509,1.03083509,1.03083509,1.03083509,0.932660319,0.932660319,0.932660319,0.932660319,0.932660319,0.834485549,0.834485549,0.834485549,0.834485549,0.834485549,0.834485549,0.736310778,0.736310778,0.736310778,0.736310778,0.736310778,0.736310778,0.736310778,0.736310778,0.736310778,0.736310778,0.736310778,0.638136008,0.638136008,0.638136008,0.638136008,0.638136008,0.638136008,0.638136008,0.638136008,0.638136008,0.539961237,0.638136008,0.539961237,0.539961237,0.539961237,0.539961237,0.539961237,0.539961237,0.539961237,0.539961237,0.539961237,0.539961237,0.539961237,0.539961237,0.539961237,0.539961237,0.638136008,0.539961237,0.539961237,0.638136008,0.539961237,0.638136008,0.638136008,0.539961237,0.539961237
406.994095802,C01,AP01,client_to_ap,VHT,2,2,2,80,SU,1,4,122,6637c97e16e6ce8a,1.22718463,1.22718463,1.22718463,1.22718463,1.22718463,1.22718463,1.22718463,1.22718463,1.22718463,1.3253594,1.3253594,1.3253594,1.3253594,1.3253594,1.3253594,1.3253594,1.3253594,1.3253594,1.3253594,1.42353417,1.3253594,1.42353417,1.42353417,1.42353417,1.42353417,1.42353417,1.42353417,1.42353417,1.42353417,1.52170894,1.52170894,1.52170894,1.42353417,1.52170894,1.52170894,1.52170894,1.52170894,1.52170894,1.42353417,1.42353417,1.42353417,1.42353417,1.42353417,1.42353417,1.3253594,1.3253594,1.3253594,1.3253594,1.3253594,1.22718463,1.22718463,1.22718463,1.22718463,1.22718463,1.22718463,1.22718463,1.22718463,1.12900986,1.12900986,1.12900986,1.12900986,1.12900986,1.03083509,1.03083509,1.03083509,1.03083509,1.03083509,0.932660319,0.932660319,0.932660319,0.932660319,0.932660319,0.834485549,0.834485549,0.834485549,0.834485549,0.834485549,0.834485549,0.736310778,0.736310778,0.736310778,0.736310778,0.736310778,0.736310778,0.736310778,0.736310778,0.736310778,0.736310778,0.638136008,0.638136008,0.638136008,0.638136008,0.638136008,0.638136008,0.638136008,0.638136008,0.638136008,0.638136008,0.638136008,0.539961237,0.638136008,0.539961237,0.539961237,0.539961237,0.638136008,0.539961237,0.539961237,0.539961237,0.539961237,0.539961237,0.539961237,0.539961237,0.638136008,0.539961237,0.539961237,0.539961237,0.638136008,0.638136008,0.539961237,0.638136008,0.638136008,0.638136008
408.329330921,C01,AP01,client_to_ap,VHT,2,2,2,80,SU,1,4,122,6637c97e16e6ce8a,1.22718463,1.22718463,1.22718463,1.22718463,1.22718463,1.22718463,1.22718463,1.22718463,1.22718463,1.3253594,1.3253594,1.3253594,1.3253594,1.3253594,1.3253594,1.3253594,1.3253594,1.3253594,1.3253594,1.3253594,1.3253594,1.42353417,1.42353417,1.42353417,1.42353417,1.42353417,1.42353417,1.42353417,1.42353417,1.52170894,1.52170894,1.52170894,1.52170894,1.52170894,1.52170894,1.52170894,1.42353417,1.42353417,1.42353417,1.42353417,1.42353417,1.42353417,1.42353417,1.42353417,1.3253594,1.3253594,1.3253594,1.3253594,1.22718463,1.22718463,1.22718463,1.22718463,1.22718463,1.22718463,1.22718463,1.22718463,1.12900986,1.12900986,1.12900986,1.12900986,1.12900986,1.03083509,1.03083509,1.03083509,1.03083509,1.03083509,0.932660319,0.932660319,0.932660319,0.932660319,0.932660319,0.932660319,0.834485549,0.834485549,0.834485549,0.834485549,0.834485549,0.834485549,0.736310778,0.736310778,0.736310778,0.736310778,0.736310778,0.736310778,0.736310778,0.736310778,0.736310778,0.736310778,0.638136008,0.638136008,0.638136008,0.638136008,0.638136008,0.638136008,0.638136008,0.638136008,0.638136008,0.638136008,0.638136008,0.539961237,0.539961237,0.539961237,0.539961237,0.539961237,0.539961237,0.539961237,0.539961237,0.539961237,0.539961237,0.539961237,0.539961237,0.539961237,0.539961237,0.539961237,0.539961237,0.539961237,0.638136008,0.638136008,0.638136008,0.638136008,0.638136008,0.638136008
409.661508799,C01,AP01,client_to_ap,VHT,2,2,2,80,SU,1,4,122,6637c97e16e6ce8a,1.22718463,1.22718463,1.22718463,1.22718463,1.22718463,1.22718463,1.22718463,1.22718463,1.22718463,1.3253594,1.3253594,1.3253594,1.3253594,1.3253594,1.3253594,1.3253594,1.3253594,1.3253594,1.3253594,1.42353417,1.3253594,1.42353417,1.42353417,1.42353417,1.42353417,1.42353417,1.42353417,1.42353417,1.52170894,1.52170894,1.52170894,1.52170894,1.52170894,1.52170894,1.52170894,1.52170894,1.52170894,1.42353417,1.42353417,1.42353417,1.42353417,1.42353417,1.42353417,1.3253594,1.3253594,1.3253594,1.3253594,1.3253594,1.22718463,1.22718463,1.22718463,1.22718463,1.22718463,1.22718463,1.22718463,1.22718463,1.22718463,1.12900986,1.12900986,1.12900986,1.12900986,1.03083509,1.03083509,1.03083509,1.03083509,1.03083509,1.03083509,0.932660319,0.932660319,0.932660319,0.932660319,0.932660319,0.834485549,0.834485549,0.834485549,0.834485549,0.834485549,0.834485549,0.736310778,0.736310778,0.736310778,0.736310778,0.736310778,0.736310778,0.736310778,0.736310778,0.736310778,0.736310778,0.638136008,0.638136008,0.638136008,0.638136008,0.638136008,0.638136008,0.638136008,0.638136008,0.638136008,0.638136008,0.638136008,0.539961237,0.539961237,0.539961237,0.539961237,0.539961237,0.539961237,0.539961237,0.539961237,0.539961237,0.539961237,0.539961237,0.539961237,0.638136008,0.539961237,0.539961237,0.539961237,0.539961237,0.539961237,0.638136008,0.539961237,0.638136008,0.539961237,0.539961237
410.993511915,C01,AP01,client_to_ap,VHT,2,2,2,80,SU,1,4,122,6637c97e16e6ce8a,1.22718463,1.22718463,1.22718463,1.22718463,1.22718463,1.22718463,1.22718463,1.22718463,1.22718463,1.3253594,1.3253594,1.3253594,1.3253594,1.3253594,1.3253594,1.3253594,1.3253594,1.3253594,1.3253594,1.42353417,1.3253594,1.42353417,1.42353417,1.42353417,1.42353417,1.42353417,1.42353417,1.42353417,1.42353417,1.52170894,1.52170894,1.52170894,1.52170894,1.52170894,1.52170894,1.52170894,1.52170894,1.42353417,1.42353417,1.42353417,1.42353417,1.42353417,1.42353417,1.42353417,1.3253594,1.3253594,1.3253594,1.3253594,1.3253594,1.22718463,1.22718463,1.22718463,1.22718463,1.22718463,1.22718463,1.12900986,1.12900986,1.12900986,1.12900986,1.12900986,1.12900986,1.03083509,1.03083509,1.03083509,1.03083509,1.03083509,0.932660319,0.932660319,0.932660319,0.932660319,0.932660319,0.834485549,0.834485549,0.834485549,0.834485549,0.834485549,0.834485549,0.736310778,0.736310778,0.736310778,0.736310778,0.736310778,0.736310778,0.736310778,0.736310778,0.736310778,0.736310778,0.638136008,0.638136008,0.638136008,0.638136008,0.638136008,0.638136008,0.638136008,0.638136008,0.638136008,0.539961237,0.638136008,0.539961237,0.539961237,0.539961237,0.539961237,0.539961237,0.539961237,0.539961237,0.539961237,0.539961237,0.539961237,0.539961237,0.539961237,0.539961237,0.539961237,0.539961237,0.539961237,0.539961237,0.539961237,0.539961237,0.539961237,0.539961237,0.539961237,0.539961237,0.539961237
412.328783989,C01,AP01,client_to_ap,VHT,2,2,2,80,SU,1,4,122,6637c97e16e6ce8a,1.22718463,1.22718463,1.22718463,1.22718463,1.22718463,1.22718463,1.22718463,1.22718463,1.22718463,1.3253594,1.3253594,1.3253594,1.3253594,1.3253594,1.3253594,1.3253594,1.3253594,1.3253594,1.3253594,1.3253594,1.3253594,1.42353417,1.42353417,1.42353417,1.42353417,1.42353417,1.42353417,1.42353417,1.42353417,1.52170894,1.52170894,1.52170894,1.52170894,1.52170894,1.52170894,1.42353417,1.42353417,1.42353417,1.42353417,1.42353417,1.42353417,1.42353417,1.42353417,1.42353417,1.3253594,1.3253594,1.3253594,1.3253594,1.3253594,1.22718463,1.22718463,1.22718463,1.22718463,1.22718463,1.22718463,1.12900986,1.12900986,1.12900986,1.12900986,1.12900986,1.12900986,1.03083509,1.03083509,1.03083509,1.03083509,0.932660319,0.932660319,0.932660319,0.932660319,0.932660319,0.932660319,0.834485549,0.834485549,0.834485549,0.834485549,0.834485549,0.736310778,0.736310778,0.736310778,0.736310778,0.736310778,0.736310778,0.736310778,0.736310778,0.736310778,0.736310778,0.638136008,0.638136008,0.638136008,0.638136008,0.638136008,0.638136008,0.638136008,0.638136008,0.638136008,0.638136008,0.638136008,0.539961237,0.539961237,0.539961237,0.539961237,0.539961237,0.539961237,0.539961237,0.539961237,0.539961237,0.539961237,0.539961237,0.539961237,0.539961237,0.539961237,0.539961237,0.539961237,0.539961237,0.539961237,0.539961237,0.638136008,0.638136008,0.539961237,0.539961237,0.539961237,0.539961237
413.661944866,C01,AP01,client_to_ap,VHT,2,2,2,80,SU,1,4,122,6637c97e16e6ce8a,1.22718463,1.22718463,1.22718463,1.22718463,1.22718463,1.22718463,1.22718463,1.22718463,1.3253594,1.3253594,1.3253594,1.3253594,1.3253594,1.3253594,1.3253594,1.3253594,1.3253594,1.3253594,1.3253594,1.3253594,1.3253594,1.42353417,1.42353417,1.42353417,1.42353417,1.42353417,1.42353417,1.42353417,1.42353417,1.42353417,1.52170894,1.52170894,1.52170894,1.52170894,1.52170894,1.52170894,1.42353417,1.42353417,1.42353417,1.42353417,1.42353417,1.42353417,1.42353417,1.42353417,1.42353417,1.3253594,1.3253594,1.3253594,1.3253594,1.22718463,1.22718463,1.22718463,1.22718463,1.22718463,1.22718463,1.22718463,1.12900986,1.12900986,1.12900986,1.12900986,1.12900986,1.03083509,1.03083509,1.03083509,1.03083509,1.03083509,0.932660319,0.932660319,0.932660319,0.932660319,0.932660319,0.932660319,0.834485549,0.834485549,0.834485549,0.834485549,0.834485549,0.736310778,0.736310778,0.736310778,0.736310778,0.736310778,0.736310778,0.736310778,0.736310778,0.736310778,0.736310778,0.638136008,0.638136008,0.638136008,0.638136008,0.638136008,0.638136008,0.638136008,0.638136008,0.638136008,0.638136008,0.638136008,0.638136008,0.539961237,0.539961237,0.539961237,0.539961237,0.539961237,0.539961237,0.539961237,0.539961237,0.539961237,0.539961237,0.539961237,0.539961237,0.539961237,0.539961237,0.539961237,0.638136008,0.638136008,0.638136008,0.638136008,0.638136008,0.638136008,0.638136008,0.638136008
414.993530989,C01,AP01,client_to_ap,VHT,2,2,2,80,SU,1,4,122,6637c97e16e6ce8a,1.22718463,1.22718463,1.22718463,1.22718463,1.22718463,1.22718463,1.22718463,1.22718463,1.22718463,1.3253594,1.3253594,1.3253594,1.3253594,1.3253594,1.3253594,1.3253594,1.3253594,1.3253594,1.3253594,1.3253594,1.42353417,1.42353417,1.42353417,1.42353417,1.42353417,1.42353417,1.42353417,1.42353417,1.42353417,1.52170894,1.52170894,1.52170894,1.52170894,1.52170894,1.52170894,1.52170894,1.52170894,1.42353417,1.42353417,1.42353417,1.42353417,1.42353417,1.42353417,1.42353417,1.3253594,1.3253594,1.3253594,1.3253594,1.3253594,1.22718463,1.22718463,1.22718463,1.22718463,1.22718463,1.22718463,1.22718463,1.22718463,1.12900986,1.12900986,1.12900986,1.12900986,1.03083509,1.03083509,1.03083509,1.03083509,1.03083509,0.932660319,0.932660319,0.932660319,0.932660319,0.932660319,0.932660319,0.834485549,0.834485549,0.834485549,0.834485549,0.834485549,0.736310778,0.736310778,0.736310778,0.736310778,0.736310778,0.736310778,0.736310778,0.736310778,0.736310778,0.736310778,0.736310778,0.638136008,0.638136008,0.638136008,0.638136008,0.638136008,0.638136008,0.638136008,0.638136008,0.638136008,0.638136008,0.539961237,0.638136008,0.539961237,0.539961237,0.539961237,0.539961237,0.539961237,0.539961237,0.539961237,0.539961237,0.539961237,0.539961237,0.539961237,0.539961237,0.539961237,0.539961237,0.539961237,0.539961237,0.539961237,0.539961237,0.638136008,0.638136008,0.638136008,0.539961237
416.329254866,C01,AP01,client_to_ap,VHT,2,2,2,80,SU,1,4,122,6637c97e16e6ce8a,1.22718463,1.22718463,1.22718463,1.22718463,1.22718463,1.22718463,1.22718463,1.22718463,1.3253594,1.3253594,1.3253594,1.3253594,1.3253594,1.3253594,1.3253594,1.3253594,1.3253594,1.3253594,1.3253594,1.3253594,1.42353417,1.42353417,1.42353417,1.42353417,1.42353417,1.42353417,1.42353417,1.42353417,1.42353417,1.52170894,1.52170894,1.52170894,1.52170894,1.52170894,1.52170894,1.52170894,1.42353417,1.42353417,1.42353417,1.42353417,1.42353417,1.42353417,1.42353417,1.42353417,1.3253594,1.3253594,1.3253594,1.3253594,1.3253594,1.22718463,1.22718463,1.22718463,1.22718463,1.22718463,1.22718463,1.22718463,1.12900986,1.12900986,1.12900986,1.12900986,1.12900986,1.12900986,1.03083509,1.03083509,1.03083509,1.03083509,0.932660319,0.932660319,0.932660319,0.932660319,0.932660319,0.834485549,0.834485549,0.834485549,0.834485549,0.834485549,0.834485549,0.834485549,0.736310778,0.736310778,0.736310778,0.736310778,0.736310778,0.736310778,0.736310778,0.736310778,0.736310778,0.638136008,0.638136008,0.638136008,0.638136008,0.638136008,0.638136008,0.638136008,0.638136008,0.638136008,0.638136008,0.638136008,0.539961237,0.539961237,0.539961237,0.539961237,0.539961237,0.539961237,0.539961237,0.638136008,0.539961237,0.539961237,0.539961237,0.539961237,0.539961237,0.539961237,0.638136008,0.539961237,0.539961237,0.539961237,0.638136008,0.638136008,0.539961237,0.638136008,0.638136008,0.638136008
417.661389828,C01,AP01,client_to_ap,VHT,2,2,2,80,SU,1,4,122,6637c97e16e6ce8a,1.22718463,1.22718463,1.22718463,1.22718463,1.22718463,1.22718463,1.22718463,1.22718463,1.22718463,1.3253594,1.3253594,1.3253594,1.3253594,1.3253594,1.3253594,1.3253594,1.3253594,1.3253594,1.3253594,1.3253594,1.42353417,1.42353417,1.42353417,1.42353417,1.42353417,1.42353417,1.42353417,1.42353417,1.42353417,1.42353417,1.52170894,1.52170894,1.52170894,1.52170894,1.52170894,1.52170894,1.52170894,1.52170894,1.42353417,1.42353417,1.42353417,1.42353417,1.42353417,1.42353417,1.3253594,1.3253594,1.3253594,1.3253594,1.3253594,1.22718463,1.22718463,1.22718463,1.22718463,1.22718463,1.22718463,1.22718463,1.22718463,1.12900986,1.12900986,1.12900986,1.12900986,1.03083509,1.03083509,1.03083509,1.03083509,1.03083509,1.03083509,0.932660319,0.932660319,0.932660319,0.932660319,0.932660319,0.834485549,0.834485549,0.834485549,0.834485549,0.834485549,0.834485549,0.736310778,0.736310778,0.736310778,0.736310778,0.736310778,0.736310778,0.736310778,0.736310778,0.736310778,0.736310778,0.638136008,0.638136008,0.638136008,0.638136008,0.638136008,0.638136008,0.638136008,0.638136008,0.638136008,0.638136008,0.638136008,0.539961237,0.638136008,0.539961237,0.539961237,0.539961237,0.539961237,0.539961237,0.539961237,0.539961237,0.539961237,0.539961237,0.539961237,0.638136008,0.539961237,0.539961237,0.539961237,0.638136008,0.539961237,0.638136008,0.638136008,0.638136008,0.638136008,0.638136008
418.993846893,C01,AP01,client_to_ap,VHT,2,2,2,80,SU,1,4,122,6637c97e16e6ce8a,1.22718463,1.22718463,1.22718463,1.22718463,1.22718463,1.22718463,1.22718463,1.22718463,1.3253594,1.3253594,1.3253594,1.3253594,1.3253594,1.3253594,1.3253594,1.3253594,1.3253594,1.3253594,1.3253594,1.3253594,1.3253594,1.42353417,1.42353417,1.42353417,1.42353417,1.42353417,1.42353417,1.42353417,1.42353417,1.42353417,1.52170894,1.52170894,1.52170894,1.52170894,1.52170894,1.52170894,1.52170894,1.42353417,1.42353417,1.42353417,1.42353417,1.42353417,1.42353417,1.42353417,1.3253594,1.3253594,1.3253594,1.3253594,1.3253594,1.22718463,1.22718463,1.22718463,1.22718463,1.22718463,1.22718463,1.22718463,1.12900986,1.12900986,1.12900986,1.12900986,1.12900986,1.03083509,1.03083509,1.03083509,1.03083509,1.03083509,0.932660319,0.932660319,0.932660319,0.932660319,0.932660319,0.834485549,0.834485549,0.834485549,0.834485549,0.834485549,0.834485549,0.736310778,0.736310778,0.736310778,0.736310778,0.736310778,0.736310778,0.736310778,0.736310778,0.736310778,0.736310778,0.638136008,0.638136008,0.638136008,0.638136008,0.638136008,0.638136008,0.638136008,0.638136008,0.638136008,0.638136008,0.539961237,0.539961237,0.539961237,0.539961237,0.539961237,0.539961237,0.539961237,0.539961237,0.539961237,0.539961237,0.539961237,0.539961237,0.539961237,0.539961237,0.539961237,0.539961237,0.539961237,0.539961237,0.539961237,0.539961237,0.539961237,0.638136008,0.539961237,0.539961237,0.539961237
