t_rel_s,client,ap,direction,format,Nr,Nc,Ng,bandwidth_mhz,feedback,codebook,bits_psi,subcarriers,series_id,psi_0000_rad,psi_0001_rad,psi_0002_rad,psi_0003_rad,psi_0004_rad,psi_0005_rad,psi_0006_rad,psi_0007_rad,psi_0008_rad,psi_0009_rad,psi_0010_rad,psi_0011_rad,psi_0012_rad,psi_0013_rad,psi_0014_rad,psi_0015_rad,psi_0016_rad,psi_0017_rad,psi_0018_rad,psi_0019_rad,psi_0020_rad,psi_0021_rad,psi_0022_rad,psi_0023_rad,psi_0024_rad,psi_0025_rad,psi_0026_rad,psi_0027_rad,psi_0028_rad,psi_0029_rad,psi_0030_rad,psi_0031_rad,psi_0032_rad,psi_0033_rad,psi_0034_rad,psi_0035_rad,psi_0036_rad,psi_0037_rad,psi_0038_rad,psi_0039_rad,psi_0040_rad,psi_0041_rad,psi_0042_rad,psi_0043_rad,psi_0044_rad,psi_0045_rad,psi_0046_rad,psi_0047_rad,psi_0048_rad,psi_0049_rad,psi_0050_rad,psi_0051_rad,psi_0052_rad,psi_0053_rad,psi_0054_rad,psi_0055_rad,psi_0056_rad,psi_0057_rad,psi_0058_rad,psi_0059_rad,psi_0060_rad,psi_0061_rad,psi_0062_rad,psi_0063_rad,psi_0064_rad,psi_0065_rad,psi_0066_rad,psi_0067_rad,psi_0068_rad,psi_0069_rad,psi_0070_rad,psi_0071_rad,psi_0072_rad,psi_0073_rad,psi_0074_rad,psi_0075_rad,psi_0076_rad,psi_0077_rad,psi_0078_rad,psi_0079_rad,psi_0080_rad,psi_0081_rad,psi_0082_rad,psi_0083_rad,psi_0084_rad,psi_0085_rad,psi_0086_rad,psi_0087_rad,psi_0088_rad,psi_0089_rad,psi_0090_rad,psi_0091_rad,psi_0092_rad,psi_0093_rad,psi_0094_rad,psi_0095_rad,psi_0096_rad,psi_0097_rad,psi_0098_rad,psi_0099_rad,psi_0100_rad,psi_0101_rad,psi_0102_rad,psi_0103_rad,psi_0104_rad,psi_0105_rad,psi_0106_rad,psi_0107_rad,psi_0108_rad,psi_0109_rad,psi_0110_rad,psi_0111_rad,psi_0112_rad,psi_0113_rad,psi_0114_rad,psi_0115_rad,psi_0116_rad,psi_0117_rad,psi_0118_rad,psi_0119_rad,psi_0120_rad,psi_0121_rad,psi_0122_rad,psi_0123_rad,psi_0124_rad,psi_0125_rad,psi_0126_rad,psi_0127_rad,psi_0128_rad,psi_0129_rad,psi_0130_rad,psi_0131_rad,psi_0132_rad,psi_0133_rad,psi_0134_rad,psi_0135_rad,psi_0136_rad,psi_0137_rad,psi_0138_rad,psi_0139_rad,psi_0140_rad,psi_0141_rad,psi_0142_rad,psi_0143_rad,psi_0144_rad,psi_0145_rad,psi_0146_rad,psi_0147_rad,psi_0148_rad,psi_0149_rad,psi_0150_rad,psi_0151_rad,psi_0152_rad,psi_0153_rad,psi_0154_rad,psi_0155_rad,psi_0156_rad,psi_0157_rad,psi_0158_rad,psi_0159_rad,psi_0160_rad,psi_0161_rad,psi_0162_rad,psi_0163_rad,psi_0164_rad,psi_0165_rad,psi_0166_rad,psi_0167_rad,psi_0168_rad,psi_0169_rad,psi_0170_rad,psi_0171_rad,psi_0172_rad,psi_0173_rad,psi_0174_rad,psi_0175_rad,psi_0176_rad,psi_0177_rad,psi_0178_rad,psi_0179_rad,psi_0180_rad,psi_0181_rad,psi_0182_rad,psi_0183_rad,psi_0184_rad,psi_0185_rad,psi_0186_rad,psi_0187_rad,psi_0188_rad,psi_0189_rad,psi_0190_rad,psi_0191_rad,psi_0192_rad,psi_0193_rad,psi_0194_rad,psi_0195_rad,psi_0196_rad,psi_0197_rad,psi_0198_rad,psi_0199_rad,psi_0200_rad,psi_0201_rad,psi_0202_rad,psi_0203_rad,psi_0204_rad,psi_0205_rad,psi_0206_rad,psi_0207_rad,psi_0208_rad,psi_0209_rad,psi_0210_rad,psi_0211_rad,psi_0212_rad,psi_0213_rad,psi_0214_rad,psi_0215_rad,psi_0216_rad,psi_0217_rad,psi_0218_rad,psi_0219_rad,psi_0220_rad,psi_0221_rad,psi_0222_rad,psi_0223_rad,psi_0224_rad,psi_0225_rad,psi_0226_rad,psi_0227_rad,psi_0228_rad,psi_0229_rad,psi_0230_rad,psi_0231_rad,psi_0232_rad,psi_0233_rad
0.129345894,C05,AP01,client_to_ap,VHT,2,1,1,80,SU,1,4,234,d5766f7fc29bbe9c,1.3253594,1.3253594,1.3253594,1.3253594,1.3253594,1.3253594,1.3253594,1.3253594,1.3253594,1.3253594,1.3253594,1.3253594,1.3253594,1.3253594,1.3253594,1.3253594,1.3253594,1.3253594,1.3253594,1.3253594,1.3253594,1.3253594,1.3253594,1.3253594,1.3253594,1.3253594,1.3253594,1.3253594,1.3253594,1.3253594,1.3253594,1.3253594,1.42353417,1.42353417,1.42353417,1.42353417,1.3253594,1.42353417,1.3253594,1.3253594,1.42353417,1.42353417,1.42353417,1.42353417,1.42353417,1.42353417,1.3253594,1.42353417,1.42353417,1.42353417,1.42353417,1.42353417,1.42353417,1.42353417,1.42353417,1.42353417,1.42353417,1.42353417,1.42353417,1.42353417,1.42353417,1.42353417,1.42353417,1.42353417,1.42353417,1.42353417,1.42353417,1.42353417,1.42353417,1.42353417,1.42353417,1.42353417,1.42353417,1.42353417,1.42353417,1.42353417,1.42353417,1.42353417,1.42353417,1.42353417,1.42353417,1.42353417,1.42353417,1.42353417,1.42353417,1.42353417,1.42353417,1.42353417,1.42353417,1.42353417,1.42353417,1.42353417,1.42353417,1.42353417,1.42353417,1.42353417,1.42353417,1.42353417,1.42353417,1.42353417,1.42353417,1.42353417,1.42353417,1.42353417,1.42353417,1.42353417,1.42353417,1.42353417,1.42353417,1.42353417,1.42353417,1.42353417,1.42353417,1.42353417,1.42353417,1.42353417,1.42353417,1.42353417,1.42353417,1.42353417,1.42353417,1.42353417,1.42353417,1.42353417,1.42353417,1.42353417,1.42353417,1.42353417,1.42353417,1.42353417,1.42353417,1.42353417,1.42353417,1.42353417,1.42353417,1.42353417,1.42353417,1.42353417,1.42353417,1.42353417,1.42353417,1.42353417,1.42353417,1.42353417,1.42353417,1.42353417,1.42353417,1.42353417,1.42353417,1.42353417,1.42353417,1.42353417,1.42353417,1.42353417,1.42353417,1.42353417,1.42353417,1.42353417,1.42353417,1.42353417,1.42353417,1.42353417,1.42353417,1.42353417,1.42353417,1.42353417,1.42353417,1.42353417,1.42353417,1.42353417,1.42353417,1.42353417,1.42353417,1.42353417,1.42353417,1.42353417,1.42353417,1.42353417,1.42353417,1.42353417,1.42353417,1.42353417,1.42353417,1.42353417,1.42353417,1.42353417,1.42353417,1.42353417,1.42353417,1.42353417,1.42353417,1.42353417,1.42353417,1.42353417,1.42353417,1.42353417,1.42353417,1.42353417,1.42353417,1.42353417,1.42353417,1.42353417,1.42353417,1.42353417,1.42353417,1.42353417,1.42353417,1.42353417,1.42353417,1.42353417,1.42353417,1.42353417,1.42353417,1.42353417,1.42353417,1.42353417,1.42353417,1.42353417,1.42353417,1.42353417,1.42353417,1.42353417,1.42353417,1.42353417,1.42353417,1.42353417,1.42353417,1.42353417,1.42353417,1.42353417,1.42353417,1.42353417,1.42353417,1.42353417
8.982620955,C05,AP01,client_to_ap,VHT,2,1,1,80,SU,1,4,234,d5766f7fc29bbe9c,1.3253594,1.3253594,1.3253594,1.3253594,1.3253594,1.3253594,1.3253594,1.3253594,1.3253594,1.3253594,1.3253594,1.3253594,1.3253594,1.3253594,1.3253594,1.3253594,1.3253594,1.3253594,1.3253594,1.3253594,1.3253594,1.3253594,1.3253594,1.3253594,1.42353417,1.3253594,1.42353417,1.3253594,1.3253594,1.42353417,1.3253594,1.3253594,1.42353417,1.42353417,1.3253594,1.42353417,1.42353417,1.3253594,1.3253594,1.42353417,1.42353417,1.42353417,1.42353417,1.42353417,1.42353417,1.42353417,1.42353417,1.42353417,1.42353417,1.42353417,1.42353417,1.42353417,1.42353417,1.42353417,1.42353417,1.42353417,1.42353417,1.42353417,1.42353417,1.42353417,1.42353417,1.42353417,1.42353417,1.42353417,1.42353417,1.42353417,1.42353417,1.42353417,1.42353417,1.42353417,1.42353417,1.42353417,1.42353417,1.42353417,1.42353417,1.42353417,1.42353417,1.42353417,1.42353417,1.42353417,1.42353417,1.42353417,1.42353417,1.42353417,1.42353417,1.42353417,1.42353417,1.42353417,1.42353417,1.42353417,1.42353417,1.42353417,1.42353417,1.42353417,1.42353417,1.42353417,1.42353417,1.42353417,1.42353417,1.42353417,1.42353417,1.42353417,1.42353417,1.42353417,1.42353417,1.42353417,1.42353417,1.42353417,1.42353417,1.42353417,1.42353417,1.42353417,1.42353417,1.42353417,1.42353417,1.42353417,1.42353417,1.42353417,1.42353417,1.42353417,1.42353417,1.42353417,1.42353417,1.42353417,1.42353417,1.42353417,1.42353417,1.42353417,1.42353417,1.42353417,1.42353417,1.42353417,1.42353417,1.42353417,1.42353417,1.42353417,1.42353417,1.42353417,1.42353417,1.42353417,1.42353417,1.42353417,1.42353417,1.42353417,1.42353417,1.42353417,1.42353417,1.42353417,1.42353417,1.42353417,1.42353417,1.42353417,1.42353417,1.42353417,1.42353417,1.42353417,1.42353417,1.42353417,1.42353417,1.42353417,1.42353417,1.42353417,1.42353417,1.42353417,1.42353417,1.42353417,1.42353417,1.42353417,1.42353417,1.42353417,1.42353417,1.42353417,1.42353417,1.42353417,1.42353417,1.42353417,1.42353417,1.42353417,1.42353417,1.42353417,1.42353417,1.42353417,1.42353417,1.42353417,1.42353417,1.42353417,1.42353417,1.42353417,1.42353417,1.42353417,1.42353417,1.42353417,1.42353417,1.42353417,1.42353417,1.42353417,1.42353417,1.42353417,1.42353417,1.42353417,1.42353417,1.42353417,1.42353417,1.42353417,1.42353417,1.42353417,1.42353417,1.42353417,1.42353417,1.42353417,1.42353417,1.42353417,1.42353417,1.42353417,1.42353417,1.42353417,1.42353417,1.42353417,1.42353417,1.42353417,1.42353417,1.42353417,1.42353417,1.42353417,1.42353417,1.42353417,1.42353417,1.42353417,1.42353417,1.42353417,1.42353417,1.42353417,1.42353417,1.42353417
23.579638958,C05,AP01,client_to_ap,VHT,2,1,1,80,SU,1,4,234,d5766f7fc29bbe9c,1.3253594,1.3253594,1.3253594,1.3253594,1.3253594,1.3253594,1.3253594,1.3253594,1.3253594,1.3253594,1.3253594,1.3253594,1.3253594,1.3253594,1.3253594,1.3253594,1.3253594,1.3253594,1.3253594,1.3253594,1.3253594,1.3253594,1.3253594,1.3253594,1.42353417,1.3253594,1.42353417,1.3253594,1.42353417,1.3253594,1.42353417,1.42353417,1.42353417,1.42353417,1.42353417,1.3253594,1.42353417,1.42353417,1.3253594,1.3253594,1.42353417,1.42353417,1.42353417,1.42353417,1.42353417,1.42353417,1.42353417,1.42353417,1.42353417,1.42353417,1.42353417,1.42353417,1.42353417,1.42353417,1.42353417,1.42353417,1.42353417,1.42353417,1.42353417,1.42353417,1.42353417,1.42353417,1.42353417,1.42353417,1.42353417,1.42353417,1.42353417,1.42353417,1.42353417,1.42353417,1.42353417,1.42353417,1.42353417,1.42353417,1.42353417,1.42353417,1.42353417,1.42353417,1.42353417,1.42353417,1.42353417,1.42353417,1.42353417,1.42353417,1.42353417,1.42353417,1.42353417,1.42353417,1.42353417,1.42353417,1.42353417,1.42353417,1.42353417,1.42353417,1.42353417,1.42353417,1.42353417,1.42353417,1.42353417,1.42353417,1.42353417,1.42353417,1.42353417,1.42353417,1.42353417,1.42353417,1.42353417,1.42353417,1.42353417,1.42353417,1.42353417,1.42353417,1.42353417,1.42353417,1.42353417,1.42353417,1.42353417,1.42353417,1.42353417,1.42353417,1.42353417,1.42353417,1.42353417,1.42353417,1.42353417,1.42353417,1.42353417,1.42353417,1.42353417,1.42353417,1.42353417,1.42353417,1.42353417,1.42353417,1.42353417,1.42353417,1.42353417,1.42353417,1.42353417,1.42353417,1.42353417,1.42353417,1.42353417,1.42353417,1.42353417,1.42353417,1.42353417,1.42353417,1.42353417,1.42353417,1.42353417,1.42353417,1.42353417,1.42353417,1.42353417,1.42353417,1.42353417,1.42353417,1.42353417,1.42353417,1.42353417,1.42353417,1.42353417,1.42353417,1.42353417,1.42353417,1.42353417,1.42353417,1.42353417,1.42353417,1.42353417,1.42353417,1.42353417,1.42353417,1.42353417,1.42353417,1.42353417,1.42353417,1.42353417,1.42353417,1.42353417,1.42353417,1.42353417,1.42353417,1.42353417,1.42353417,1.42353417,1.42353417,1.42353417,1.42353417,1.42353417,1.42353417,1.42353417,1.42353417,1.42353417,1.42353417,1.42353417,1.42353417,1.42353417,1.42353417,1.42353417,1.42353417,1.42353417,1.42353417,1.42353417,1.42353417,1.42353417,1.42353417,1.42353417,1.42353417,1.42353417,1.42353417,1.42353417,1.42353417,1.42353417,1.42353417,1.42353417,1.42353417,1.42353417,1.42353417,1.42353417,1.42353417,1.42353417,1.42353417,1.42353417,1.42353417,1.42353417,1.42353417,1.42353417,1.42353417,1.42353417,1.42353417,1.42353417,1.42353417
24.913373947,C05,AP01,client_to_ap,VHT,2,1,1,80,SU,1,4,234,d5766f7fc29bbe9c,1.3253594,1.3253594,1.3253594,1.3253594,1.3253594,1.3253594,1.3253594,1.3253594,1.3253594,1.3253594,1.3253594,1.3253594,1.3253594,1.3253594,1.3253594,1.3253594,1.3253594,1.3253594,1.3253594,1.3253594,1.3253594,1.3253594,1.3253594,1.3253594,1.3253594,1.3253594,1.3253594,1.42353417,1.3253594,1.3253594,1.42353417,1.3253594,1.42353417,1.42353417,1.42353417,1.3253594,1.3253594,1.42353417,1.3253594,1.3253594,1.42353417,1.42353417,1.42353417,1.42353417,1.42353417,1.42353417,1.3253594,1.42353417,1.42353417,1.42353417,1.42353417,1.3253594,1.42353417,1.42353417,1.42353417,1.42353417,1.42353417,1.42353417,1.42353417,1.42353417,1.42353417,1.42353417,1.42353417,1.42353417,1.42353417,1.42353417,1.42353417,1.42353417,1.42353417,1.42353417,1.42353417,1.42353417,1.42353417,1.42353417,1.42353417,1.42353417,1.42353417,1.42353417,1.42353417,1.42353417,1.42353417,1.42353417,1.42353417,1.42353417,1.42353417,1.42353417,1.42353417,1.42353417,1.42353417,1.42353417,1.42353417,1.42353417,1.42353417,1.42353417,1.42353417,1.42353417,1.42353417,1.42353417,1.42353417,1.42353417,1.42353417,1.42353417,1.42353417,1.42353417,1.42353417,1.42353417,1.42353417,1.42353417,1.42353417,1.42353417,1.42353417,1.42353417,1.42353417,1.42353417,1.42353417,1.42353417,1.42353417,1.42353417,1.42353417,1.42353417,1.42353417,1.42353417,1.42353417,1.42353417,1.42353417,1.42353417,1.42353417,1.42353417,1.42353417,1.42353417,1.42353417,1.42353417,1.42353417,1.42353417,1.42353417,1.42353417,1.42353417,1.42353417,1.42353417,1.42353417,1.42353417,1.42353417,1.42353417,1.42353417,1.42353417,1.42353417,1.42353417,1.42353417,1.42353417,1.42353417,1.42353417,1.42353417,1.42353417,1.42353417,1.42353417,1.42353417,1.42353417,1.42353417,1.42353417,1.42353417,1.42353417,1.42353417,1.42353417,1.42353417,1.42353417,1.42353417,1.42353417,1.42353417,1.42353417,1.42353417,1.42353417,1.42353417,1.42353417,1.42353417,1.42353417,1.42353417,1.42353417,1.42353417,1.42353417,1.42353417,1.42353417,1.42353417,1.42353417,1.42353417,1.42353417,1.42353417,1.42353417,1.42353417,1.42353417,1.42353417,1.42353417,1.42353417,1.42353417,1.42353417,1.42353417,1.42353417,1.42353417,1.42353417,1.42353417,1.42353417,1.42353417,1.42353417,1.42353417,1.42353417,1.42353417,1.42353417,1.42353417,1.42353417,1.42353417,1.42353417,1.42353417,1.42353417,1.42353417,1.42353417,1.42353417,1.42353417,1.42353417,1.42353417,1.42353417,1.42353417,1.42353417,1.42353417,1.42353417,1.42353417,1.42353417,1.42353417,1.42353417,1.42353417,1.42353417,1.42353417,1.42353417,1.42353417,1.42353417,1.42353417
28.875309944,C05,AP01,client_to_ap,VHT,2,1,1,80,SU,1,4,234,d5766f7fc29bbe9c,1.3253594,1.3253594,1.3253594,1.3253594,1.3253594,1.3253594,1.3253594,1.3253594,1.3253594,1.3253594,1.3253594,1.3253594,1.3253594,1.3253594,1.3253594,1.3253594,1.3253594,1.3253594,1.3253594,1.3253594,1.3253594,1.3253594,1.3253594,1.3253594,1.3253594,1.3253594,1.42353417,1.3253594,1.42353417,1.3253594,1.42353417,1.3253594,1.42353417,1.42353417,1.42353417,1.42353417,1.42353417,1.42353417,1.42353417,1.42353417,1.42353417,1.42353417,1.3253594,1.42353417,1.42353417,1.42353417,1.42353417,1.42353417,1.42353417,1.42353417,1.42353417,1.42353417,1.42353417,1.42353417,1.42353417,1.42353417,1.42353417,1.42353417,1.42353417,1.42353417,1.42353417,1.42353417,1.42353417,1.42353417,1.42353417,1.42353417,1.42353417,1.42353417,1.42353417,1.42353417,1.42353417,1.42353417,1.42353417,1.42353417,1.42353417,1.42353417,1.42353417,1.42353417,1.42353417,1.42353417,1.42353417,1.42353417,1.42353417,1.42353417,1.42353417,1.42353417,1.42353417,1.42353417,1.42353417,1.42353417,1.42353417,1.42353417,1.42353417,1.42353417,1.42353417,1.42353417,1.42353417,1.42353417,1.42353417,1.42353417,1.42353417,1.42353417,1.42353417,1.42353417,1.42353417,1.42353417,1.42353417,1.42353417,1.42353417,1.42353417,1.42353417,1.42353417,1.42353417,1.42353417,1.42353417,1.42353417,1.42353417,1.42353417,1.42353417,1.42353417,1.42353417,1.42353417,1.42353417,1.42353417,1.42353417,1.42353417,1.42353417,1.42353417,1.42353417,1.42353417,1.42353417,1.42353417,1.42353417,1.42353417,1.42353417,1.42353417,1.42353417,1.42353417,1.42353417,1.42353417,1.42353417,1.42353417,1.42353417,1.42353417,1.42353417,1.42353417,1.42353417,1.42353417,1.42353417,1.42353417,1.42353417,1.42353417,1.42353417,1.42353417,1.42353417,1.42353417,1.42353417,1.42353417,1.42353417,1.42353417,1.42353417,1.42353417,1.42353417,1.42353417,1.42353417,1.42353417,1.42353417,1.42353417,1.42353417,1.42353417,1.42353417,1.42353417,1.42353417,1.42353417,1.42353417,1.42353417,1.42353417,1.42353417,1.42353417,1.42353417,1.42353417,1.42353417,1.42353417,1.42353417,1.42353417,1.42353417,1.42353417,1.42353417,1.42353417,1.42353417,1.42353417,1.42353417,1.42353417,1.42353417,1.42353417,1.42353417,1.42353417,1.42353417,1.42353417,1.42353417,1.42353417,1.42353417,1.42353417,1.42353417,1.42353417,1.42353417,1.42353417,1.42353417,1.42353417,1.42353417,1.42353417,1.42353417,1.42353417,1.42353417,1.42353417,1.42353417,1.42353417,1.42353417,1.42353417,1.42353417,1.42353417,1.42353417,1.42353417,1.42353417,1.42353417,1.42353417,1.42353417,1.42353417,1.42353417,1.42353417,1.42353417,1.42353417,1.42353417,1.42353417
29.661203861,C05,AP01,client_to_ap,VHT,2,1,1,80,SU,1,4,234,d5766f7fc29bbe9c,1.3253594,1.3253594,1.3253594,1.3253594,1.3253594,1.3253594,1.3253594,1.3253594,1.3253594,1.3253594,1.3253594,1.3253594,1.3253594,1.3253594,1.3253594,1.3253594,1.3253594,1.3253594,1.3253594,1.3253594,1.3253594,1.3253594,1.3253594,1.3253594,1.42353417,1.3253594,1.3253594,1.42353417,1.3253594,1.3253594,1.3253594,1.3253594,1.42353417,1.42353417,1.42353417,1.42353417,1.42353417,1.3253594,1.3253594,1.42353417,1.3253594,1.42353417,1.42353417,1.3253594,1.42353417,1.3253594,1.42353417,1.3253594,1.42353417,1.42353417,1.3253594,1.42353417,1.42353417,1.42353417,1.42353417,1.42353417,1.42353417,1.42353417,1.42353417,1.42353417,1.42353417,1.42353417,1.42353417,1.42353417,1.42353417,1.42353417,1.42353417,1.42353417,1.42353417,1.42353417,1.42353417,1.42353417,1.42353417,1.42353417,1.42353417,1.42353417,1.42353417,1.42353417,1.42353417,1.42353417,1.42353417,1.42353417,1.42353417,1.42353417,1.42353417,1.42353417,1.42353417,1.42353417,1.42353417,1.42353417,1.42353417,1.42353417,1.42353417,1.42353417,1.42353417,1.42353417,1.42353417,1.42353417,1.42353417,1.42353417,1.42353417,1.42353417,1.42353417,1.42353417,1.42353417,1.42353417,1.42353417,1.42353417,1.42353417,1.42353417,1.42353417,1.42353417,1.42353417,1.42353417,1.42353417,1.42353417,1.42353417,1.42353417,1.42353417,1.42353417,1.42353417,1.42353417,1.42353417,1.42353417,1.42353417,1.42353417,1.42353417,1.42353417,1.42353417,1.42353417,1.42353417,1.42353417,1.42353417,1.42353417,1.42353417,1.42353417,1.42353417,1.42353417,1.42353417,1.42353417,1.42353417,1.42353417,1.42353417,1.42353417,1.42353417,1.42353417,1.42353417,1.42353417,1.42353417,1.42353417,1.42353417,1.42353417,1.42353417,1.42353417,1.42353417,1.42353417,1.42353417,1.42353417,1.42353417,1.42353417,1.42353417,1.42353417,1.42353417,1.42353417,1.42353417,1.42353417,1.42353417,1.42353417,1.42353417,1.42353417,1.42353417,1.42353417,1.42353417,1.42353417,1.42353417,1.42353417,1.42353417,1.42353417,1.42353417,1.42353417,1.42353417,1.42353417,1.42353417,1.42353417,1.42353417,1.42353417,1.42353417,1.42353417,1.42353417,1.42353417,1.42353417,1.42353417,1.42353417,1.42353417,1.42353417,1.42353417,1.42353417,1.42353417,1.42353417,1.42353417,1.42353417,1.42353417,1.42353417,1.42353417,1.42353417,1.42353417,1.42353417,1.42353417,1.42353417,1.42353417,1.42353417,1.42353417,1.42353417,1.42353417,1.42353417,1.42353417,1.42353417,1.42353417,1.42353417,1.42353417,1.42353417,1.42353417,1.42353417,1.42353417,1.42353417,1.42353417,1.42353417,1.42353417,1.42353417,1.42353417,1.42353417,1.42353417,1.42353417,1.42353417
33.118259907,C05,AP01,client_to_ap,VHT,2,1,1,80,SU,1,4,234,d5766f7fc29bbe9c,1.3253594,1.3253594,1.3253594,1.3253594,1.3253594,1.3253594,1.3253594,1.3253594,1.3253594,1.3253594,1.3253594,1.3253594,1.3253594,1.3253594,1.3253594,1.3253594,1.3253594,1.3253594,1.3253594,1.3253594,1.3253594,1.3253594,1.3253594,1.3253594,1.3253594,1.3253594,1.3253594,1.42353417,1.3253594,1.3253594,1.3253594,1.3253594,1.42353417,1.42353417,1.42353417,1.42353417,1.3253594,1.42353417,1.42353417,1.3253594,1.42353417,1.42353417,1.42353417,1.42353417,1.42353417,1.42353417,1.42353417,1.3253594,1.42353417,1.42353417,1.42353417,1.3253594,1.42353417,1.42353417,1.42353417,1.42353417,1.42353417,1.42353417,1.42353417,1.42353417,1.42353417,1.42353417,1.42353417,1.42353417,1.42353417,1.42353417,1.42353417,1.42353417,1.42353417,1.42353417,1.42353417,1.42353417,1.42353417,1.42353417,1.42353417,1.42353417,1.42353417,1.42353417,1.42353417,1.42353417,1.42353417,1.42353417,1.42353417,1.42353417,1.42353417,1.42353417,1.42353417,1.42353417,1.42353417,1.42353417,1.42353417,1.42353417,1.42353417,1.42353417,1.42353417,1.42353417,1.42353417,1.42353417,1.42353417,1.42353417,1.42353417,1.42353417,1.42353417,1.42353417,1.42353417,1.42353417,1.42353417,1.42353417,1.42353417,1.42353417,1.42353417,1.42353417,1.42353417,1.42353417,1.42353417,1.42353417,1.42353417,1.42353417,1.42353417,1.42353417,1.42353417,1.42353417,1.42353417,1.42353417,1.42353417,1.42353417,1.42353417,1.42353417,1.42353417,1.42353417,1.42353417,1.42353417,1.42353417,1.42353417,1.42353417,1.42353417,1.42353417,1.42353417,1.42353417,1.42353417,1.42353417,1.42353417,1.42353417,1.42353417,1.42353417,1.42353417,1.42353417,1.42353417,1.42353417,1.42353417,1.42353417,1.42353417,1.42353417,1.42353417,1.42353417,1.42353417,1.42353417,1.42353417,1.42353417,1.42353417,1.42353417,1.42353417,1.42353417,1.42353417,1.42353417,1.42353417,1.42353417,1.42353417,1.42353417,1.42353417,1.42353417,1.42353417,1.42353417,1.42353417,1.42353417,1.42353417,1.42353417,1.42353417,1.42353417,1.42353417,1.42353417,1.42353417,1.42353417,1.42353417,1.42353417,1.42353417,1.42353417,1.42353417,1.42353417,1.42353417,1.42353417,1.42353417,1.42353417,1.42353417,1.42353417,1.42353417,1.42353417,1.42353417,1.42353417,1.42353417,1.42353417,1.42353417,1.42353417,1.42353417,1.42353417,1.42353417,1.42353417,1.42353417,1.42353417,1.42353417,1.42353417,1.42353417,1.42353417,1.42353417,1.42353417,1.42353417,1.42353417,1.42353417,1.42353417,1.42353417,1.42353417,1.42353417,1.42353417,1.42353417,1.42353417,1.42353417,1.42353417,1.42353417,1.42353417,1.42353417,1.42353417,1.42353417,1.42353417,1.42353417
34.587311983,C05,AP01,client_to_ap,VHT,2,1,1,80,SU,1,4,234,d5766f7fc29bbe9c,1.3253594,1.3253594,1.3253594,1.3253594,1.3253594,1.3253594,1.3253594,1.3253594,1.3253594,1.3253594,1.3253594,1.3253594,1.3253594,1.3253594,1.3253594,1.3253594,1.3253594,1.3253594,1.3253594,1.3253594,1.3253594,1.3253594,1.3253594,1.3253594,1.3253594,1.3253594,1.3253594,1.42353417,1.3253594,1.3253594,1.3253594,1.42353417,1.42353417,1.42353417,1.42353417,1.42353417,1.42353417,1.42353417,1.42353417,1.42353417,1.42353417,1.42353417,1.42353417,1.42353417,1.42353417,1.42353417,1.42353417,1.42353417,1.42353417,1.42353417,1.42353417,1.42353417,1.42353417,1.42353417,1.42353417,1.3253594,1.42353417,1.42353417,1.42353417,1.42353417,1.42353417,1.42353417,1.42353417,1.42353417,1.42353417,1.42353417,1.42353417,1.42353417,1.42353417,1.42353417,1.42353417,1.42353417,1.42353417,1.42353417,1.42353417,1.42353417,1.42353417,1.42353417,1.42353417,1.42353417,1.42353417,1.42353417,1.42353417,1.42353417,1.42353417,1.42353417,1.42353417,1.42353417,1.42353417,1.42353417,1.42353417,1.42353417,1.42353417,1.42353417,1.42353417,1.42353417,1.42353417,1.42353417,1.42353417,1.42353417,1.42353417,1.42353417,1.42353417,1.42353417,1.42353417,1.42353417,1.42353417,1.42353417,1.42353417,1.42353417,1.42353417,1.42353417,1.42353417,1.42353417,1.42353417,1.42353417,1.42353417,1.42353417,1.42353417,1.42353417,1.42353417,1.42353417,1.42353417,1.42353417,1.42353417,1.42353417,1.42353417,1.42353417,1.42353417,1.42353417,1.42353417,1.42353417,1.42353417,1.42353417,1.42353417,1.42353417,1.42353417,1.42353417,1.42353417,1.42353417,1.42353417,1.42353417,1.42353417,1.42353417,1.42353417,1.42353417,1.42353417,1.42353417,1.42353417,1.42353417,1.42353417,1.42353417,1.42353417,1.42353417,1.42353417,1.42353417,1.42353417,1.42353417,1.42353417,1.42353417,1.42353417,1.42353417,1.42353417,1.42353417,1.42353417,1.42353417,1.42353417,1.42353417,1.42353417,1.42353417,1.42353417,1.42353417,1.42353417,1.42353417,1.42353417,1.42353417,1.42353417,1.42353417,1.42353417,1.42353417,1.42353417,1.42353417,1.42353417,1.42353417,1.42353417,1.42353417,1.42353417,1.42353417,1.42353417,1.42353417,1.42353417,1.42353417,1.42353417,1.42353417,1.42353417,1.42353417,1.42353417,1.42353417,1.42353417,1.42353417,1.42353417,1.42353417,1.42353417,1.42353417,1.42353417,1.42353417,1.42353417,1.42353417,1.42353417,1.42353417,1.42353417,1.42353417,1.42353417,1.42353417,1.42353417,1.42353417,1.42353417,1.42353417,1.42353417,1.42353417,1.42353417,1.42353417,1.42353417,1.42353417,1.42353417,1.42353417,1.42353417,1.42353417,1.42353417,1.42353417,1.42353417,1.42353417,1.42353417,1.42353417
38.390944004,C05,AP01,client_to_ap,VHT,2,1,1,80,SU,1,4,234,d5766f7fc29bbe9c,1.3253594,1.3253594,1.3253594,1.3253594,1.3253594,1.3253594,1.3253594,1.3253594,1.3253594,1.3253594,1.3253594,1.3253594,1.42353417,1.3253594,1.3253594,1.3253594,1.3253594,1.3253594,1.3253594,1.3253594,1.3253594,1.3253594,1.3253594,1.3253594,1.3253594,1.3253594,1.3253594,1.3253594,1.3253594,1.3253594,1.3253594,1.3253594,1.42353417,1.42353417,1.42353417,1.42353417,1.42353417,1.3253594,1.3253594,1.3253594,1.42353417,1.42353417,1.42353417,1.42353417,1.42353417,1.42353417,1.42353417,1.3253594,1.42353417,1.42353417,1.42353417,1.42353417,1.42353417,1.42353417,1.42353417,1.42353417,1.42353417,1.42353417,1.42353417,1.42353417,1.42353417,1.42353417,1.42353417,1.42353417,1.42353417,1.42353417,1.42353417,1.42353417,1.42353417,1.42353417,1.42353417,1.42353417,1.42353417,1.42353417,1.42353417,1.42353417,1.42353417,1.42353417,1.42353417,1.42353417,1.42353417,1.42353417,1.42353417,1.42353417,1.42353417,1.42353417,1.42353417,1.42353417,1.42353417,1.42353417,1.42353417,1.42353417,1.42353417,1.42353417,1.42353417,1.42353417,1.42353417,1.42353417,1.42353417,1.42353417,1.42353417,1.42353417,1.42353417,1.42353417,1.42353417,1.42353417,1.42353417,1.42353417,1.42353417,1.42353417,1.42353417,1.42353417,1.42353417,1.42353417,1.42353417,1.42353417,1.42353417,1.42353417,1.42353417,1.42353417,1.42353417,1.42353417,1.42353417,1.42353417,1.42353417,1.42353417,1.42353417,1.42353417,1.42353417,1.42353417,1.42353417,1.42353417,1.42353417,1.42353417,1.42353417,1.42353417,1.42353417,1.42353417,1.42353417,1.42353417,1.42353417,1.42353417,1.42353417,1.42353417,1.42353417,1.42353417,1.42353417,1.42353417,1.42353417,1.42353417,1.42353417,1.42353417,1.42353417,1.42353417,1.42353417,1.42353417,1.42353417,1.42353417,1.42353417,1.42353417,1.42353417,1.42353417,1.42353417,1.42353417,1.42353417,1.42353417,1.42353417,1.42353417,1.42353417,1.42353417,1.42353417,1.42353417,1.42353417,1.42353417,1.42353417,1.42353417,1.42353417,1.42353417,1.42353417,1.42353417,1.42353417,1.42353417,1.42353417,1.42353417,1.42353417,1.42353417,1.42353417,1.42353417,1.42353417,1.42353417,1.42353417,1.42353417,1.42353417,1.42353417,1.42353417,1.42353417,1.42353417,1.42353417,1.42353417,1.42353417,1.42353417,1.42353417,1.42353417,1.42353417,1.42353417,1.42353417,1.42353417,1.42353417,1.42353417,1.42353417,1.42353417,1.42353417,1.42353417,1.42353417,1.42353417,1.42353417,1.42353417,1.42353417,1.42353417,1.42353417,1.42353417,1.42353417,1.42353417,1.42353417,1.42353417,1.42353417,1.42353417,1.42353417,1.42353417,1.42353417,1.42353417,1.42353417,1.42353417,1.42353417
39.723384857,C05,AP01,client_to_ap,VHT,2,1,1,80,SU,1,4,234,d5766f7fc29bbe9c,1.3253594,1.3253594,1.3253594,1.3253594,1.3253594,1.3253594,1.3253594,1.3253594,1.3253594,1.3253594,1.3253594,1.3253594,1.3253594,1.3253594,1.3253594,1.3253594,1.3253594,1.3253594,1.3253594,1.3253594,1.3253594,1.3253594,1.3253594,1.3253594,1.3253594,1.3253594,1.3253594,1.3253594,1.42353417,1.3253594,1.3253594,1.3253594,1.42353417,1.42353417,1.42353417,1.42353417,1.42353417,1.3253594,1.42353417,1.42353417,1.42353417,1.42353417,1.3253594,1.42353417,1.42353417,1.42353417,1.42353417,1.42353417,1.42353417,1.42353417,1.42353417,1.42353417,1.42353417,1.42353417,1.42353417,1.42353417,1.42353417,1.42353417,1.42353417,1.42353417,1.42353417,1.42353417,1.42353417,1.42353417,1.42353417,1.42353417,1.42353417,1.42353417,1.42353417,1.42353417,1.42353417,1.42353417,1.42353417,1.42353417,1.42353417,1.42353417,1.42353417,1.42353417,1.42353417,1.42353417,1.42353417,1.42353417,1.42353417,1.42353417,1.42353417,1.42353417,1.42353417,1.42353417,1.42353417,1.42353417,1.42353417,1.42353417,1.42353417,1.42353417,1.42353417,1.42353417,1.42353417,1.42353417,1.42353417,1.42353417,1.42353417,1.42353417,1.42353417,1.42353417,1.42353417,1.42353417,1.42353417,1.42353417,1.42353417,1.42353417,1.42353417,1.42353417,1.42353417,1.42353417,1.42353417,1.42353417,1.42353417,1.42353417,1.42353417,1.42353417,1.42353417,1.42353417,1.42353417,1.42353417,1.42353417,1.42353417,1.42353417,1.42353417,1.42353417,1.42353417,1.42353417,1.42353417,1.42353417,1.42353417,1.42353417,1.42353417,1.42353417,1.42353417,1.42353417,1.42353417,1.42353417,1.42353417,1.42353417,1.42353417,1.42353417,1.42353417,1.42353417,1.42353417,1.42353417,1.42353417,1.42353417,1.42353417,1.42353417,1.42353417,1.42353417,1.42353417,1.42353417,1.42353417,1.42353417,1.42353417,1.42353417,1.42353417,1.42353417,1.42353417,1.42353417,1.42353417,1.42353417,1.42353417,1.42353417,1.42353417,1.42353417,1.42353417,1.42353417,1.42353417,1.42353417,1.42353417,1.42353417,1.42353417,1.42353417,1.42353417,1.42353417,1.42353417,1.42353417,1.42353417,1.42353417,1.42353417,1.42353417,1.42353417,1.42353417,1.42353417,1.42353417,1.42353417,1.42353417,1.42353417,1.42353417,1.42353417,1.42353417,1.42353417,1.42353417,1.42353417,1.42353417,1.42353417,1.42353417,1.42353417,1.42353417,1.42353417,1.42353417,1.42353417,1.42353417,1.42353417,1.42353417,1.42353417,1.42353417,1.42353417,1.42353417,1.42353417,1.42353417,1.42353417,1.42353417,1.42353417,1.42353417,1.42353417,1.42353417,1.42353417,1.42353417,1.42353417,1.42353417,1.42353417,1.42353417,1.42353417,1.42353417,1.42353417,1.42353417,1.42353417
40.919651031,C05,AP01,client_to_ap,VHT,2,1,1,80,SU,1,4,234,d5766f7fc29bbe9c,1.3253594,1.3253594,1.3253594,1.3253594,1.3253594,1.3253594,1.3253594,1.3253594,1.3253594,1.3253594,1.3253594,1.3253594,1.3253594,1.3253594,1.3253594,1.3253594,1.3253594,1.3253594,1.3253594,1.3253594,1.3253594,1.3253594,1.3253594,1.3253594,1.3253594,1.3253594,1.3253594,1.3253594,1.3253594,1.3253594,1.42353417,1.42353417,1.42353417,1.42353417,1.3253594,1.42353417,1.3253594,1.42353417,1.42353417,1.42353417,1.42353417,1.42353417,1.42353417,1.42353417,1.3253594,1.42353417,1.42353417,1.3253594,1.42353417,1.42353417,1.42353417,1.42353417,1.42353417,1.42353417,1.42353417,1.42353417,1.42353417,1.42353417,1.42353417,1.42353417,1.42353417,1.42353417,1.42353417,1.42353417,1.42353417,1.42353417,1.42353417,1.42353417,1.42353417,1.42353417,1.42353417,1.42353417,1.42353417,1.42353417,1.42353417,1.42353417,1.42353417,1.42353417,1.42353417,1.42353417,1.42353417,1.42353417,1.42353417,1.42353417,1.42353417,1.42353417,1.42353417,1.42353417,1.42353417,1.42353417,1.42353417,1.42353417,1.42353417,1.42353417,1.42353417,1.42353417,1.42353417,1.42353417,1.42353417,1.42353417,1.42353417,1.42353417,1.42353417,1.42353417,1.42353417,1.42353417,1.42353417,1.42353417,1.42353417,1.42353417,1.42353417,1.42353417,1.42353417,1.42353417,1.42353417,1.42353417,1.42353417,1.42353417,1.42353417,1.42353417,1.42353417,1.42353417,1.42353417,1.42353417,1.42353417,1.42353417,1.42353417,1.42353417,1.42353417,1.42353417,1.42353417,1.42353417,1.42353417,1.42353417,1.42353417,1.42353417,1.42353417,1.42353417,1.42353417,1.42353417,1.42353417,1.42353417,1.42353417,1.42353417,1.42353417,1.42353417,1.42353417,1.42353417,1.42353417,1.42353417,1.42353417,1.42353417,1.42353417,1.42353417,1.42353417,1.42353417,1.42353417,1.42353417,1.42353417,1.42353417,1.42353417,1.42353417,1.42353417,1.42353417,1.42353417,1.42353417,1.42353417,1.42353417,1.42353417,1.42353417,1.42353417,1.42353417,1.42353417,1.42353417,1.42353417,1.42353417,1.42353417,1.42353417,1.42353417,1.42353417,1.42353417,1.42353417,1.42353417,1.42353417,1.42353417,1.42353417,1.42353417,1.42353417,1.42353417,1.42353417,1.42353417,1.42353417,1.42353417,1.42353417,1.42353417,1.42353417,1.42353417,1.42353417,1.42353417,1.42353417,1.42353417,1.42353417,1.42353417,1.42353417,1.42353417,1.42353417,1.42353417,1.42353417,1.42353417,1.42353417,1.42353417,1.42353417,1.42353417,1.42353417,1.42353417,1.42353417,1.42353417,1.42353417,1.42353417,1.42353417,1.42353417,1.42353417,1.42353417,1.42353417,1.42353417,1.42353417,1.42353417,1.42353417,1.42353417,1.42353417,1.42353417,1.42353417,1.42353417,1.42353417
43.858459949,C05,AP01,client_to_ap,VHT,2,1,1,80,SU,1,4,234,d5766f7fc29bbe9c,1.3253594,1.3253594,1.3253594,1.3253594,1.3253594,1.3253594,1.3253594,1.3253594,1.3253594,1.3253594,1.3253594,1.3253594,1.3253594,1.3253594,1.3253594,1.3253594,1.3253594,1.3253594,1.3253594,1.3253594,1.3253594,1.3253594,1.3253594,1.3253594,1.3253594,1.3253594,1.3253594,1.3253594,1.3253594,1.3253594,1.3253594,1.3253594,1.42353417,1.3253594,1.3253594,1.42353417,1.3253594,1.42353417,1.42353417,1.42353417,1.42353417,1.42353417,1.3253594,1.3253594,1.3253594,1.42353417,1.42353417,1.3253594,1.42353417,1.42353417,1.42353417,1.42353417,1.42353417,1.42353417,1.42353417,1.42353417,1.42353417,1.42353417,1.42353417,1.42353417,1.42353417,1.42353417,1.42353417,1.42353417,1.42353417,1.42353417,1.42353417,1.42353417,1.42353417,1.42353417,1.42353417,1.42353417,1.42353417,1.42353417,1.42353417,1.42353417,1.42353417,1.42353417,1.42353417,1.42353417,1.42353417,1.42353417,1.42353417,1.42353417,1.42353417,1.42353417,1.42353417,1.42353417,1.42353417,1.42353417,1.42353417,1.42353417,1.42353417,1.42353417,1.42353417,1.42353417,1.42353417,1.42353417,1.42353417,1.42353417,1.42353417,1.42353417,1.42353417,1.42353417,1.42353417,1.42353417,1.42353417,1.42353417,1.42353417,1.42353417,1.42353417,1.42353417,1.42353417,1.42353417,1.42353417,1.42353417,1.42353417,1.42353417,1.42353417,1.42353417,1.42353417,1.42353417,1.42353417,1.42353417,1.42353417,1.42353417,1.42353417,1.42353417,1.42353417,1.42353417,1.42353417,1.42353417,1.42353417,1.42353417,1.42353417,1.42353417,1.42353417,1.42353417,1.42353417,1.42353417,1.42353417,1.42353417,1.42353417,1.42353417,1.42353417,1.42353417,1.42353417,1.42353417,1.42353417,1.42353417,1.42353417,1.42353417,1.42353417,1.42353417,1.42353417,1.42353417,1.42353417,1.42353417,1.42353417,1.42353417,1.42353417,1.42353417,1.42353417,1.42353417,1.42353417,1.42353417,1.42353417,1.42353417,1.42353417,1.42353417,1.42353417,1.42353417,1.42353417,1.42353417,1.42353417,1.42353417,1.42353417,1.42353417,1.42353417,1.42353417,1.42353417,1.42353417,1.42353417,1.42353417,1.42353417,1.42353417,1.42353417,1.42353417,1.42353417,1.42353417,1.42353417,1.42353417,1.42353417,1.42353417,1.42353417,1.42353417,1.42353417,1.42353417,1.42353417,1.42353417,1.42353417,1.42353417,1.42353417,1.42353417,1.42353417,1.42353417,1.42353417,1.42353417,1.42353417,1.42353417,1.42353417,1.42353417,1.42353417,1.42353417,1.42353417,1.42353417,1.42353417,1.42353417,1.42353417,1.42353417,1.42353417,1.42353417,1.42353417,1.42353417,1.42353417,1.42353417,1.42353417,1.42353417,1.42353417,1.42353417,1.42353417,1.42353417,1.42353417,1.42353417
44.920321941,C05,AP01,client_to_ap,VHT,2,1,1,80,SU,1,4,234,d5766f7fc29bbe9c,1.3253594,1.3253594,1.3253594,1.3253594,1.3253594,1.3253594,1.3253594,1.3253594,1.3253594,1.3253594,1.3253594,1.3253594,1.3253594,1.3253594,1.3253594,1.3253594,1.3253594,1.3253594,1.3253594,1.3253594,1.3253594,1.3253594,1.3253594,1.3253594,1.3253594,1.3253594,1.3253594,1.3253594,1.3253594,1.3253594,1.3253594,1.3253594,1.3253594,1.42353417,1.42353417,1.42353417,1.42353417,1.3253594,1.3253594,1.42353417,1.42353417,1.42353417,1.42353417,1.3253594,1.3253594,1.3253594,1.42353417,1.3253594,1.42353417,1.42353417,1.42353417,1.42353417,1.42353417,1.42353417,1.42353417,1.42353417,1.42353417,1.42353417,1.42353417,1.42353417,1.42353417,1.42353417,1.42353417,1.42353417,1.42353417,1.42353417,1.42353417,1.42353417,1.42353417,1.42353417,1.42353417,1.42353417,1.42353417,1.42353417,1.42353417,1.42353417,1.42353417,1.42353417,1.42353417,1.42353417,1.42353417,1.42353417,1.42353417,1.42353417,1.42353417,1.42353417,1.42353417,1.42353417,1.42353417,1.42353417,1.42353417,1.42353417,1.42353417,1.42353417,1.42353417,1.42353417,1.42353417,1.42353417,1.42353417,1.42353417,1.42353417,1.42353417,1.42353417,1.42353417,1.42353417,1.42353417,1.42353417,1.42353417,1.42353417,1.42353417,1.42353417,1.42353417,1.42353417,1.42353417,1.42353417,1.42353417,1.42353417,1.42353417,1.42353417,1.42353417,1.42353417,1.42353417,1.42353417,1.42353417,1.42353417,1.42353417,1.42353417,1.42353417,1.42353417,1.42353417,1.42353417,1.42353417,1.42353417,1.42353417,1.42353417,1.42353417,1.42353417,1.42353417,1.42353417,1.42353417,1.42353417,1.42353417,1.42353417,1.42353417,1.42353417,1.42353417,1.42353417,1.42353417,1.42353417,1.42353417,1.42353417,1.42353417,1.42353417,1.42353417,1.42353417,1.42353417,1.42353417,1.42353417,1.42353417,1.42353417,1.42353417,1.42353417,1.42353417,1.42353417,1.42353417,1.42353417,1.42353417,1.42353417,1.42353417,1.42353417,1.42353417,1.42353417,1.42353417,1.42353417,1.42353417,1.42353417,1.42353417,1.42353417,1.42353417,1.42353417,1.42353417,1.42353417,1.42353417,1.42353417,1.42353417,1.42353417,1.42353417,1.42353417,1.42353417,1.42353417,1.42353417,1.42353417,1.42353417,1.42353417,1.42353417,1.42353417,1.42353417,1.42353417,1.42353417,1.42353417,1.42353417,1.42353417,1.42353417,1.42353417,1.42353417,1.42353417,1.42353417,1.42353417,1.42353417,1.42353417,1.42353417,1.42353417,1.42353417,1.42353417,1.42353417,1.42353417,1.42353417,1.42353417,1.42353417,1.42353417,1.42353417,1.42353417,1.42353417,1.42353417,1.42353417,1.42353417,1.42353417,1.42353417,1.42353417,1.42353417,1.42353417,1.42353417,1.42353417,1.42353417
46.074717999,C05,AP01,client_to_ap,VHT,2,1,1,80,SU,1,4,234,d5766f7fc29bbe9c,1.3253594,1.3253594,1.3253594,1.3253594,1.3253594,1.3253594,1.3253594,1.3253594,1.3253594,1.3253594,1.3253594,1.3253594,1.3253594,1.3253594,1.3253594,1.3253594,1.3253594,1.3253594,1.3253594,1.3253594,1.3253594,1.3253594,1.3253594,1.3253594,1.3253594,1.3253594,1.3253594,1.42353417,1.3253594,1.3253594,1.42353417,1.3253594,1.42353417,1.3253594,1.3253594,1.42353417,1.42353417,1.42353417,1.3253594,1.42353417,1.3253594,1.42353417,1.42353417,1.42353417,1.42353417,1.42353417,1.42353417,1.3253594,1.42353417,1.42353417,1.42353417,1.42353417,1.42353417,1.42353417,1.42353417,1.42353417,1.42353417,1.42353417,1.42353417,1.42353417,1.42353417,1.42353417,1.42353417,1.42353417,1.42353417,1.42353417,1.42353417,1.42353417,1.42353417,1.42353417,1.42353417,1.42353417,1.42353417,1.42353417,1.42353417,1.42353417,1.42353417,1.42353417,1.42353417,1.42353417,1.42353417,1.42353417,1.42353417,1.42353417,1.42353417,1.42353417,1.42353417,1.42353417,1.42353417,1.42353417,1.42353417,1.42353417,1.42353417,1.42353417,1.42353417,1.42353417,1.42353417,1.42353417,1.42353417,1.42353417,1.42353417,1.42353417,1.42353417,1.42353417,1.42353417,1.42353417,1.42353417,1.42353417,1.42353417,1.42353417,1.42353417,1.42353417,1.42353417,1.42353417,1.42353417,1.42353417,1.42353417,1.42353417,1.42353417,1.42353417,1.42353417,1.42353417,1.42353417,1.42353417,1.42353417,1.42353417,1.42353417,1.42353417,1.42353417,1.42353417,1.42353417,1.42353417,1.42353417,1.42353417,1.42353417,1.42353417,1.42353417,1.42353417,1.42353417,1.42353417,1.42353417,1.42353417,1.42353417,1.42353417,1.42353417,1.42353417,1.42353417,1.42353417,1.42353417,1.42353417,1.42353417,1.42353417,1.42353417,1.42353417,1.42353417,1.42353417,1.42353417,1.42353417,1.42353417,1.42353417,1.42353417,1.42353417,1.42353417,1.42353417,1.42353417,1.42353417,1.42353417,1.42353417,1.42353417,1.42353417,1.42353417,1.42353417,1.42353417,1.42353417,1.42353417,1.42353417,1.42353417,1.42353417,1.42353417,1.42353417,1.42353417,1.42353417,1.42353417,1.42353417,1.42353417,1.42353417,1.42353417,1.42353417,1.42353417,1.42353417,1.42353417,1.42353417,1.42353417,1.42353417,1.42353417,1.42353417,1.42353417,1.42353417,1.42353417,1.42353417,1.42353417,1.42353417,1.42353417,1.42353417,1.42353417,1.42353417,1.42353417,1.42353417,1.42353417,1.42353417,1.42353417,1.42353417,1.42353417,1.42353417,1.42353417,1.42353417,1.42353417,1.42353417,1.42353417,1.42353417,1.42353417,1.42353417,1.42353417,1.42353417,1.42353417,1.42353417,1.42353417,1.42353417,1.42353417,1.42353417,1.42353417,1.42353417,1.42353417,1.42353417
49.750380039,C05,AP01,client_to_ap,VHT,2,1,1,80,SU,1,4,234,d5766f7fc29bbe9c,1.3253594,1.3253594,1.3253594,1.3253594,1.3253594,1.3253594,1.3253594,1.3253594,1.3253594,1.3253594,1.3253594,1.3253594,1.3253594,1.3253594,1.3253594,1.3253594,1.3253594,1.3253594,1.3253594,1.3253594,1.3253594,1.3253594,1.3253594,1.3253594,1.3253594,1.3253594,1.3253594,1.3253594,1.3253594,1.3253594,1.3253594,1.42353417,1.42353417,1.42353417,1.3253594,1.3253594,1.42353417,1.42353417,1.42353417,1.42353417,1.42353417,1.42353417,1.42353417,1.42353417,1.42353417,1.42353417,1.42353417,1.42353417,1.42353417,1.42353417,1.42353417,1.42353417,1.42353417,1.42353417,1.42353417,1.3253594,1.42353417,1.42353417,1.42353417,1.42353417,1.42353417,1.42353417,1.42353417,1.42353417,1.42353417,1.42353417,1.42353417,1.42353417,1.42353417,1.42353417,1.42353417,1.42353417,1.42353417,1.42353417,1.42353417,1.42353417,1.42353417,1.42353417,1.42353417,1.42353417,1.42353417,1.42353417,1.42353417,1.42353417,1.42353417,1.42353417,1.42353417,1.42353417,1.42353417,1.42353417,1.42353417,1.42353417,1.42353417,1.42353417,1.42353417,1.42353417,1.42353417,1.42353417,1.42353417,1.42353417,1.42353417,1.42353417,1.42353417,1.42353417,1.42353417,1.42353417,1.42353417,1.42353417,1.42353417,1.42353417,1.42353417,1.42353417,1.42353417,1.42353417,1.42353417,1.42353417,1.42353417,1.42353417,1.42353417,1.42353417,1.42353417,1.42353417,1.42353417,1.42353417,1.42353417,1.42353417,1.42353417,1.42353417,1.42353417,1.42353417,1.42353417,1.42353417,1.42353417,1.42353417,1.42353417,1.42353417,1.42353417,1.42353417,1.42353417,1.42353417,1.42353417,1.42353417,1.42353417,1.42353417,1.42353417,1.42353417,1.42353417,1.42353417,1.42353417,1.42353417,1.42353417,1.42353417,1.42353417,1.42353417,1.42353417,1.42353417,1.42353417,1.42353417,1.42353417,1.42353417,1.42353417,1.42353417,1.42353417,1.42353417,1.42353417,1.42353417,1.42353417,1.42353417,1.42353417,1.42353417,1.42353417,1.42353417,1.42353417,1.42353417,1.42353417,1.42353417,1.42353417,1.42353417,1.42353417,1.42353417,1.42353417,1.42353417,1.42353417,1.42353417,1.42353417,1.42353417,1.42353417,1.42353417,1.42353417,1.42353417,1.42353417,1.42353417,1.42353417,1.42353417,1.42353417,1.42353417,1.42353417,1.42353417,1.42353417,1.42353417,1.42353417,1.42353417,1.42353417,1.42353417,1.42353417,1.42353417,1.42353417,1.42353417,1.42353417,1.42353417,1.42353417,1.42353417,1.42353417,1.42353417,1.42353417,1.42353417,1.42353417,1.42353417,1.42353417,1.42353417,1.42353417,1.42353417,1.42353417,1.42353417,1.42353417,1.42353417,1.42353417,1.42353417,1.42353417,1.42353417,1.42353417,1.42353417,1.42353417,1.42353417
50.541594028,C05,AP01,client_to_ap,VHT,2,1,1,80,SU,1,4,234,d5766f7fc29bbe9c,1.3253594,1.3253594,1.3253594,1.3253594,1.42353417,1.3253594,1.3253594,1.3253594,1.3253594,1.3253594,1.3253594,1.3253594,1.3253594,1.3253594,1.3253594,1.3253594,1.3253594,1.3253594,1.3253594,1.3253594,1.3253594,1.3253594,1.3253594,1.3253594,1.3253594,1.3253594,1.3253594,1.3253594,1.3253594,1.3253594,1.3253594,1.3253594,1.42353417,1.42353417,1.3253594,1.42353417,1.42353417,1.3253594,1.3253594,1.3253594,1.42353417,1.42353417,1.42353417,1.42353417,1.42353417,1.42353417,1.42353417,1.3253594,1.42353417,1.42353417,1.42353417,1.42353417,1.42353417,1.42353417,1.42353417,1.42353417,1.42353417,1.42353417,1.42353417,1.42353417,1.42353417,1.42353417,1.42353417,1.42353417,1.42353417,1.42353417,1.42353417,1.42353417,1.42353417,1.42353417,1.42353417,1.42353417,1.42353417,1.42353417,1.42353417,1.42353417,1.42353417,1.42353417,1.42353417,1.42353417,1.42353417,1.42353417,1.42353417,1.42353417,1.42353417,1.42353417,1.42353417,1.42353417,1.42353417,1.42353417,1.42353417,1.42353417,1.42353417,1.42353417,1.42353417,1.42353417,1.42353417,1.42353417,1.42353417,1.42353417,1.42353417,1.42353417,1.42353417,1.42353417,1.42353417,1.42353417,1.42353417,1.42353417,1.42353417,1.42353417,1.42353417,1.42353417,1.42353417,1.42353417,1.42353417,1.42353417,1.42353417,1.42353417,1.42353417,1.42353417,1.42353417,1.42353417,1.42353417,1.42353417,1.42353417,1.42353417,1.42353417,1.42353417,1.42353417,1.42353417,1.42353417,1.42353417,1.42353417,1.42353417,1.42353417,1.42353417,1.42353417,1.42353417,1.42353417,1.42353417,1.42353417,1.42353417,1.42353417,1.42353417,1.42353417,1.42353417,1.42353417,1.42353417,1.42353417,1.42353417,1.42353417,1.42353417,1.42353417,1.42353417,1.42353417,1.42353417,1.42353417,1.42353417,1.42353417,1.42353417,1.42353417,1.42353417,1.42353417,1.42353417,1.42353417,1.42353417,1.42353417,1.42353417,1.42353417,1.42353417,1.42353417,1.42353417,1.42353417,1.42353417,1.42353417,1.42353417,1.42353417,1.42353417,1.42353417,1.42353417,1.42353417,1.42353417,1.42353417,1.42353417,1.42353417,1.42353417,1.42353417,1.42353417,1.42353417,1.42353417,1.42353417,1.42353417,1.42353417,1.42353417,1.42353417,1.42353417,1.42353417,1.42353417,1.42353417,1.42353417,1.42353417,1.42353417,1.42353417,1.42353417,1.42353417,1.42353417,1.42353417,1.42353417,1.42353417,1.42353417,1.42353417,1.42353417,1.42353417,1.42353417,1.42353417,1.42353417,1.42353417,1.42353417,1.42353417,1.42353417,1.42353417,1.42353417,1.42353417,1.42353417,1.42353417,1.42353417,1.42353417,1.42353417,1.42353417,1.42353417,1.42353417,1.42353417,1.42353417,1.42353417
54.160912037,C05,AP01,client_to_ap,VHT,2,1,1,80,SU,1,4,234,d5766f7fc29bbe9c,1.3253594,1.3253594,1.3253594,1.3253594,1.3253594,1.3253594,1.3253594,1.3253594,1.3253594,1.3253594,1.3253594,1.3253594,1.3253594,1.3253594,1.3253594,1.3253594,1.3253594,1.3253594,1.3253594,1.3253594,1.3253594,1.3253594,1.3253594,1.3253594,1.3253594,1.3253594,1.3253594,1.3253594,1.3253594,1.3253594,1.3253594,1.3253594,1.3253594,1.42353417,1.3253594,1.3253594,1.42353417,1.3253594,1.3253594,1.42353417,1.42353417,1.42353417,1.42353417,1.42353417,1.42353417,1.42353417,1.42353417,1.42353417,1.42353417,1.42353417,1.42353417,1.3253594,1.42353417,1.42353417,1.42353417,1.42353417,1.42353417,1.42353417,1.42353417,1.42353417,1.42353417,1.42353417,1.42353417,1.42353417,1.42353417,1.42353417,1.42353417,1.42353417,1.42353417,1.42353417,1.42353417,1.42353417,1.42353417,1.42353417,1.42353417,1.42353417,1.42353417,1.42353417,1.42353417,1.42353417,1.42353417,1.42353417,1.42353417,1.42353417,1.42353417,1.42353417,1.42353417,1.42353417,1.42353417,1.42353417,1.42353417,1.42353417,1.42353417,1.42353417,1.42353417,1.42353417,1.42353417,1.42353417,1.42353417,1.42353417,1.42353417,1.42353417,1.42353417,1.42353417,1.42353417,1.42353417,1.42353417,1.42353417,1.42353417,1.42353417,1.42353417,1.42353417,1.42353417,1.42353417,1.42353417,1.42353417,1.42353417,1.42353417,1.42353417,1.42353417,1.42353417,1.42353417,1.42353417,1.42353417,1.42353417,1.42353417,1.42353417,1.42353417,1.42353417,1.42353417,1.42353417,1.42353417,1.42353417,1.42353417,1.42353417,1.42353417,1.42353417,1.42353417,1.42353417,1.42353417,1.42353417,1.42353417,1.42353417,1.42353417,1.42353417,1.42353417,1.42353417,1.42353417,1.42353417,1.42353417,1.42353417,1.42353417,1.42353417,1.42353417,1.42353417,1.42353417,1.42353417,1.42353417,1.42353417,1.42353417,1.42353417,1.42353417,1.42353417,1.42353417,1.42353417,1.42353417,1.42353417,1.42353417,1.42353417,1.42353417,1.42353417,1.42353417,1.42353417,1.42353417,1.42353417,1.42353417,1.42353417,1.42353417,1.42353417,1.42353417,1.42353417,1.42353417,1.42353417,1.42353417,1.42353417,1.42353417,1.42353417,1.42353417,1.42353417,1.42353417,1.42353417,1.42353417,1.42353417,1.42353417,1.42353417,1.42353417,1.42353417,1.42353417,1.42353417,1.42353417,1.42353417,1.42353417,1.42353417,1.42353417,1.42353417,1.42353417,1.42353417,1.42353417,1.42353417,1.42353417,1.42353417,1.42353417,1.42353417,1.42353417,1.42353417,1.42353417,1.42353417,1.42353417,1.42353417,1.42353417,1.42353417,1.42353417,1.42353417,1.42353417,1.42353417,1.42353417,1.42353417,1.42353417,1.42353417,1.42353417,1.42353417,1.42353417,1.42353417,1.42353417
55.992400885,C05,AP01,client_to_ap,VHT,2,1,1,80,SU,1,4,234,d5766f7fc29bbe9c,1.3253594,1.3253594,1.3253594,1.3253594,1.3253594,1.3253594,1.3253594,1.3253594,1.3253594,1.3253594,1.3253594,1.3253594,1.3253594,1.3253594,1.3253594,1.3253594,1.3253594,1.3253594,1.3253594,1.3253594,1.3253594,1.3253594,1.3253594,1.3253594,1.3253594,1.3253594,1.3253594,1.3253594,1.42353417,1.3253594,1.3253594,1.3253594,1.42353417,1.3253594,1.42353417,1.3253594,1.3253594,1.3253594,1.3253594,1.3253594,1.42353417,1.42353417,1.42353417,1.42353417,1.3253594,1.42353417,1.42353417,1.3253594,1.42353417,1.42353417,1.42353417,1.3253594,1.42353417,1.42353417,1.42353417,1.42353417,1.42353417,1.42353417,1.42353417,1.42353417,1.42353417,1.42353417,1.42353417,1.42353417,1.42353417,1.42353417,1.42353417,1.42353417,1.42353417,1.42353417,1.42353417,1.42353417,1.42353417,1.42353417,1.42353417,1.42353417,1.42353417,1.42353417,1.42353417,1.42353417,1.42353417,1.42353417,1.42353417,1.42353417,1.42353417,1.42353417,1.42353417,1.42353417,1.42353417,1.42353417,1.42353417,1.42353417,1.42353417,1.42353417,1.42353417,1.42353417,1.42353417,1.42353417,1.42353417,1.42353417,1.42353417,1.42353417,1.42353417,1.42353417,1.42353417,1.42353417,1.42353417,1.42353417,1.42353417,1.42353417,1.42353417,1.42353417,1.42353417,1.42353417,1.42353417,1.42353417,1.42353417,1.42353417,1.42353417,1.42353417,1.42353417,1.42353417,1.42353417,1.42353417,1.42353417,1.42353417,1.42353417,1.42353417,1.42353417,1.42353417,1.42353417,1.42353417,1.42353417,1.42353417,1.42353417,1.42353417,1.42353417,1.42353417,1.42353417,1.42353417,1.42353417,1.42353417,1.42353417,1.42353417,1.42353417,1.42353417,1.42353417,1.42353417,1.42353417,1.42353417,1.42353417,1.42353417,1.42353417,1.42353417,1.42353417,1.42353417,1.42353417,1.42353417,1.42353417,1.42353417,1.42353417,1.42353417,1.42353417,1.42353417,1.42353417,1.42353417,1.42353417,1.42353417,1.42353417,1.42353417,1.42353417,1.42353417,1.42353417,1.42353417,1.42353417,1.42353417,1.42353417,1.42353417,1.42353417,1.42353417,1.42353417,1.42353417,1.42353417,1.42353417,1.42353417,1.42353417,1.42353417,1.42353417,1.42353417,1.42353417,1.42353417,1.42353417,1.42353417,1.42353417,1.42353417,1.42353417,1.42353417,1.42353417,1.42353417,1.42353417,1.42353417,1.42353417,1.42353417,1.42353417,1.42353417,1.42353417,1.42353417,1.42353417,1.42353417,1.42353417,1.42353417,1.42353417,1.42353417,1.42353417,1.42353417,1.42353417,1.42353417,1.42353417,1.42353417,1.42353417,1.42353417,1.42353417,1.42353417,1.42353417,1.42353417,1.42353417,1.42353417,1.42353417,1.42353417,1.42353417,1.42353417,1.42353417,1.42353417,1.42353417
60.609485865,C05,AP01,client_to_ap,VHT,2,1,1,80,SU,1,4,234,d5766f7fc29bbe9c,1.3253594,1.3253594,1.3253594,1.3253594,1.3253594,1.3253594,1.3253594,1.3253594,1.3253594,1.3253594,1.3253594,1.3253594,1.3253594,1.3253594,1.3253594,1.3253594,1.3253594,1.3253594,1.3253594,1.3253594,1.3253594,1.3253594,1.3253594,1.42353417,1.3253594,1.3253594,1.3253594,1.3253594,1.3253594,1.3253594,1.42353417,1.3253594,1.42353417,1.42353417,1.42353417,1.42353417,1.42353417,1.42353417,1.42353417,1.42353417,1.42353417,1.3253594,1.42353417,1.42353417,1.42353417,1.42353417,1.42353417,1.42353417,1.42353417,1.42353417,1.42353417,1.3253594,1.42353417,1.42353417,1.42353417,1.42353417,1.42353417,1.42353417,1.42353417,1.42353417,1.42353417,1.42353417,1.42353417,1.42353417,1.42353417,1.42353417,1.42353417,1.42353417,1.42353417,1.42353417,1.42353417,1.42353417,1.42353417,1.42353417,1.42353417,1.42353417,1.42353417,1.42353417,1.42353417,1.42353417,1.42353417,1.42353417,1.42353417,1.42353417,1.42353417,1.42353417,1.42353417,1.42353417,1.42353417,1.42353417,1.42353417,1.42353417,1.42353417,1.42353417,1.42353417,1.42353417,1.42353417,1.42353417,1.42353417,1.42353417,1.42353417,1.42353417,1.42353417,1.42353417,1.42353417,1.42353417,1.42353417,1.42353417,1.42353417,1.42353417,1.42353417,1.42353417,1.42353417,1.42353417,1.42353417,1.42353417,1.42353417,1.42353417,1.42353417,1.42353417,1.42353417,1.42353417,1.42353417,1.42353417,1.42353417,1.42353417,1.42353417,1.42353417,1.42353417,1.42353417,1.42353417,1.42353417,1.42353417,1.42353417,1.42353417,1.42353417,1.42353417,1.42353417,1.42353417,1.42353417,1.42353417,1.42353417,1.42353417,1.42353417,1.42353417,1.42353417,1.42353417,1.42353417,1.42353417,1.42353417,1.42353417,1.42353417,1.42353417,1.42353417,1.42353417,1.42353417,1.42353417,1.42353417,1.42353417,1.42353417,1.42353417,1.42353417,1.42353417,1.42353417,1.42353417,1.42353417,1.42353417,1.42353417,1.42353417,1.42353417,1.42353417,1.42353417,1.42353417,1.42353417,1.42353417,1.42353417,1.42353417,1.42353417,1.42353417,1.42353417,1.42353417,1.42353417,1.42353417,1.42353417,1.42353417,1.42353417,1.42353417,1.42353417,1.42353417,1.42353417,1.42353417,1.42353417,1.42353417,1.42353417,1.42353417,1.42353417,1.42353417,1.42353417,1.42353417,1.42353417,1.42353417,1.42353417,1.42353417,1.42353417,1.42353417,1.42353417,1.42353417,1.42353417,1.42353417,1.42353417,1.42353417,1.42353417,1.42353417,1.42353417,1.42353417,1.42353417,1.42353417,1.42353417,1.42353417,1.42353417,1.42353417,1.42353417,1.42353417,1.42353417,1.42353417,1.42353417,1.42353417,1.42353417,1.42353417,1.42353417,1.42353417,1.42353417,1.42353417,1.42353417
64.232995033,C05,AP01,client_to_ap,VHT,2,1,1,80,SU,1,4,234,d5766f7fc29bbe9c,1.3253594,1.3253594,1.3253594,1.3253594,1.3253594,1.3253594,1.3253594,1.3253594,1.3253594,1.3253594,1.3253594,1.3253594,1.3253594,1.3253594,1.3253594,1.3253594,1.3253594,1.3253594,1.3253594,1.3253594,1.3253594,1.3253594,1.3253594,1.3253594,1.3253594,1.3253594,1.3253594,1.3253594,1.3253594,1.3253594,1.42353417,1.3253594,1.3253594,1.3253594,1.42353417,1.42353417,1.3253594,1.42353417,1.42353417,1.42353417,1.3253594,1.42353417,1.42353417,1.42353417,1.3253594,1.3253594,1.42353417,1.42353417,1.42353417,1.42353417,1.42353417,1.42353417,1.42353417,1.42353417,1.42353417,1.42353417,1.42353417,1.42353417,1.42353417,1.42353417,1.42353417,1.42353417,1.42353417,1.42353417,1.42353417,1.42353417,1.42353417,1.42353417,1.42353417,1.42353417,1.42353417,1.42353417,1.42353417,1.42353417,1.42353417,1.42353417,1.42353417,1.42353417,1.42353417,1.42353417,1.42353417,1.42353417,1.42353417,1.42353417,1.42353417,1.42353417,1.42353417,1.42353417,1.42353417,1.42353417,1.42353417,1.42353417,1.42353417,1.42353417,1.42353417,1.42353417,1.42353417,1.42353417,1.42353417,1.42353417,1.42353417,1.42353417,1.42353417,1.42353417,1.42353417,1.42353417,1.42353417,1.42353417,1.42353417,1.42353417,1.42353417,1.42353417,1.42353417,1.42353417,1.42353417,1.42353417,1.42353417,1.42353417,1.42353417,1.42353417,1.42353417,1.42353417,1.42353417,1.42353417,1.42353417,1.42353417,1.42353417,1.42353417,1.42353417,1.42353417,1.42353417,1.42353417,1.42353417,1.42353417,1.42353417,1.42353417,1.42353417,1.42353417,1.42353417,1.42353417,1.42353417,1.42353417,1.42353417,1.42353417,1.42353417,1.42353417,1.42353417,1.42353417,1.42353417,1.42353417,1.42353417,1.42353417,1.42353417,1.42353417,1.42353417,1.42353417,1.42353417,1.42353417,1.42353417,1.42353417,1.42353417,1.42353417,1.42353417,1.42353417,1.42353417,1.42353417,1.42353417,1.42353417,1.42353417,1.42353417,1.42353417,1.42353417,1.42353417,1.42353417,1.42353417,1.42353417,1.42353417,1.42353417,1.42353417,1.42353417,1.42353417,1.42353417,1.42353417,1.42353417,1.42353417,1.42353417,1.42353417,1.42353417,1.42353417,1.42353417,1.42353417,1.42353417,1.42353417,1.42353417,1.42353417,1.42353417,1.42353417,1.42353417,1.42353417,1.42353417,1.42353417,1.42353417,1.42353417,1.42353417,1.42353417,1.42353417,1.42353417,1.42353417,1.42353417,1.42353417,1.42353417,1.42353417,1.42353417,1.42353417,1.42353417,1.42353417,1.42353417,1.42353417,1.42353417,1.42353417,1.42353417,1.42353417,1.42353417,1.42353417,1.42353417,1.42353417,1.42353417,1.42353417,1.42353417,1.42353417,1.42353417,1.42353417,1.42353417,1.42353417
65.202921867,C05,AP01,client_to_ap,VHT,2,1,1,80,SU,1,4,234,d5766f7fc29bbe9c,1.3253594,1.3253594,1.3253594,1.3253594,1.3253594,1.3253594,1.3253594,1.3253594,1.3253594,1.3253594,1.3253594,1.3253594,1.3253594,1.3253594,1.3253594,1.3253594,1.3253594,1.3253594,1.3253594,1.3253594,1.3253594,1.3253594,1.3253594,1.3253594,1.3253594,1.3253594,1.3253594,1.3253594,1.3253594,1.3253594,1.3253594,1.3253594,1.42353417,1.42353417,1.3253594,1.42353417,1.3253594,1.3253594,1.3253594,1.3253594,1.42353417,1.42353417,1.42353417,1.42353417,1.42353417,1.42353417,1.42353417,1.42353417,1.42353417,1.42353417,1.42353417,1.42353417,1.42353417,1.42353417,1.3253594,1.3253594,1.42353417,1.42353417,1.42353417,1.42353417,1.42353417,1.42353417,1.42353417,1.42353417,1.42353417,1.42353417,1.42353417,1.42353417,1.42353417,1.42353417,1.42353417,1.42353417,1.42353417,1.42353417,1.42353417,1.42353417,1.42353417,1.42353417,1.42353417,1.42353417,1.42353417,1.42353417,1.42353417,1.42353417,1.42353417,1.42353417,1.42353417,1.42353417,1.42353417,1.42353417,1.42353417,1.42353417,1.42353417,1.42353417,1.42353417,1.42353417,1.42353417,1.42353417,1.42353417,1.42353417,1.42353417,1.42353417,1.42353417,1.42353417,1.42353417,1.42353417,1.42353417,1.42353417,1.42353417,1.42353417,1.42353417,1.42353417,1.42353417,1.42353417,1.42353417,1.42353417,1.42353417,1.42353417,1.42353417,1.42353417,1.42353417,1.42353417,1.42353417,1.42353417,1.42353417,1.42353417,1.42353417,1.42353417,1.42353417,1.42353417,1.42353417,1.42353417,1.42353417,1.42353417,1.42353417,1.42353417,1.42353417,1.42353417,1.42353417,1.42353417,1.42353417,1.42353417,1.42353417,1.42353417,1.42353417,1.42353417,1.42353417,1.42353417,1.42353417,1.42353417,1.42353417,1.42353417,1.42353417,1.42353417,1.42353417,1.42353417,1.42353417,1.42353417,1.42353417,1.42353417,1.42353417,1.42353417,1.42353417,1.42353417,1.42353417,1.42353417,1.42353417,1.42353417,1.42353417,1.42353417,1.42353417,1.42353417,1.42353417,1.42353417,1.42353417,1.42353417,1.42353417,1.42353417,1.42353417,1.42353417,1.42353417,1.42353417,1.42353417,1.42353417,1.42353417,1.42353417,1.42353417,1.42353417,1.42353417,1.42353417,1.42353417,1.42353417,1.42353417,1.42353417,1.42353417,1.42353417,1.42353417,1.42353417,1.42353417,1.42353417,1.42353417,1.42353417,1.42353417,1.42353417,1.42353417,1.42353417,1.42353417,1.42353417,1.42353417,1.42353417,1.42353417,1.42353417,1.42353417,1.42353417,1.42353417,1.42353417,1.42353417,1.42353417,1.42353417,1.42353417,1.42353417,1.42353417,1.42353417,1.42353417,1.42353417,1.42353417,1.42353417,1.42353417,1.42353417,1.42353417,1.42353417,1.42353417,1.42353417,1.42353417
70.304590940,C05,AP01,client_to_ap,VHT,2,1,1,80,SU,1,4,234,d5766f7fc29bbe9c,1.3253594,1.3253594,1.3253594,1.3253594,1.3253594,1.3253594,1.3253594,1.3253594,1.3253594,1.3253594,1.3253594,1.3253594,1.3253594,1.3253594,1.3253594,1.3253594,1.3253594,1.3253594,1.3253594,1.3253594,1.3253594,1.3253594,1.3253594,1.3253594,1.3253594,1.3253594,1.3253594,1.3253594,1.3253594,1.42353417,1.42353417,1.42353417,1.42353417,1.3253594,1.3253594,1.42353417,1.3253594,1.3253594,1.3253594,1.42353417,1.42353417,1.42353417,1.3253594,1.42353417,1.42353417,1.42353417,1.42353417,1.42353417,1.42353417,1.42353417,1.42353417,1.3253594,1.42353417,1.42353417,1.42353417,1.42353417,1.42353417,1.42353417,1.3253594,1.42353417,1.42353417,1.42353417,1.42353417,1.42353417,1.42353417,1.42353417,1.42353417,1.42353417,1.42353417,1.42353417,1.42353417,1.42353417,1.42353417,1.42353417,1.42353417,1.42353417,1.42353417,1.42353417,1.42353417,1.42353417,1.42353417,1.42353417,1.42353417,1.42353417,1.42353417,1.42353417,1.42353417,1.42353417,1.42353417,1.42353417,1.42353417,1.42353417,1.42353417,1.42353417,1.42353417,1.42353417,1.42353417,1.42353417,1.42353417,1.42353417,1.42353417,1.42353417,1.42353417,1.42353417,1.42353417,1.42353417,1.42353417,1.42353417,1.42353417,1.42353417,1.42353417,1.42353417,1.42353417,1.42353417,1.42353417,1.42353417,1.42353417,1.42353417,1.42353417,1.42353417,1.42353417,1.42353417,1.42353417,1.42353417,1.42353417,1.42353417,1.42353417,1.42353417,1.42353417,1.42353417,1.42353417,1.42353417,1.42353417,1.42353417,1.42353417,1.42353417,1.42353417,1.42353417,1.42353417,1.42353417,1.42353417,1.42353417,1.42353417,1.42353417,1.42353417,1.42353417,1.42353417,1.42353417,1.42353417,1.42353417,1.42353417,1.42353417,1.42353417,1.42353417,1.42353417,1.42353417,1.42353417,1.42353417,1.42353417,1.42353417,1.42353417,1.42353417,1.42353417,1.42353417,1.42353417,1.42353417,1.42353417,1.42353417,1.42353417,1.42353417,1.42353417,1.42353417,1.42353417,1.42353417,1.42353417,1.42353417,1.42353417,1.42353417,1.42353417,1.42353417,1.42353417,1.42353417,1.42353417,1.42353417,1.42353417,1.42353417,1.42353417,1.42353417,1.42353417,1.42353417,1.42353417,1.42353417,1.42353417,1.42353417,1.42353417,1.42353417,1.42353417,1.42353417,1.42353417,1.42353417,1.42353417,1.42353417,1.42353417,1.42353417,1.42353417,1.42353417,1.42353417,1.42353417,1.42353417,1.42353417,1.42353417,1.42353417,1.42353417,1.42353417,1.42353417,1.42353417,1.42353417,1.42353417,1.42353417,1.42353417,1.42353417,1.42353417,1.42353417,1.42353417,1.42353417,1.42353417,1.42353417,1.42353417,1.42353417,1.42353417,1.42353417,1.42353417,1.42353417,1.42353417
71.641206980,C05,AP01,client_to_ap,VHT,2,1,1,80,SU,1,4,234,d5766f7fc29bbe9c,1.3253594,1.3253594,1.3253594,1.3253594,1.3253594,1.3253594,1.3253594,1.3253594,1.3253594,1.3253594,1.3253594,1.3253594,1.3253594,1.3253594,1.3253594,1.3253594,1.3253594,1.3253594,1.3253594,1.3253594,1.3253594,1.3253594,1.3253594,1.3253594,1.3253594,1.3253594,1.3253594,1.3253594,1.3253594,1.3253594,1.3253594,1.3253594,1.42353417,1.3253594,1.3253594,1.3253594,1.42353417,1.3253594,1.3253594,1.42353417,1.42353417,1.42353417,1.3253594,1.42353417,1.42353417,1.42353417,1.42353417,1.42353417,1.42353417,1.42353417,1.42353417,1.42353417,1.42353417,1.42353417,1.42353417,1.42353417,1.42353417,1.42353417,1.42353417,1.42353417,1.42353417,1.42353417,1.42353417,1.42353417,1.42353417,1.42353417,1.42353417,1.42353417,1.42353417,1.42353417,1.42353417,1.42353417,1.42353417,1.42353417,1.42353417,1.42353417,1.42353417,1.42353417,1.42353417,1.42353417,1.42353417,1.42353417,1.42353417,1.42353417,1.42353417,1.42353417,1.42353417,1.42353417,1.42353417,1.42353417,1.42353417,1.42353417,1.42353417,1.42353417,1.42353417,1.42353417,1.42353417,1.42353417,1.42353417,1.42353417,1.42353417,1.42353417,1.42353417,1.42353417,1.42353417,1.42353417,1.42353417,1.42353417,1.42353417,1.42353417,1.42353417,1.42353417,1.42353417,1.42353417,1.42353417,1.42353417,1.42353417,1.42353417,1.42353417,1.42353417,1.42353417,1.42353417,1.42353417,1.42353417,1.42353417,1.42353417,1.42353417,1.42353417,1.42353417,1.42353417,1.42353417,1.42353417,1.42353417,1.42353417,1.42353417,1.42353417,1.42353417,1.42353417,1.42353417,1.42353417,1.42353417,1.42353417,1.42353417,1.42353417,1.42353417,1.42353417,1.42353417,1.42353417,1.42353417,1.42353417,1.42353417,1.42353417,1.42353417,1.42353417,1.42353417,1.42353417,1.42353417,1.42353417,1.42353417,1.42353417,1.42353417,1.42353417,1.42353417,1.42353417,1.42353417,1.42353417,1.42353417,1.42353417,1.42353417,1.42353417,1.42353417,1.42353417,1.42353417,1.42353417,1.42353417,1.42353417,1.42353417,1.42353417,1.42353417,1.42353417,1.42353417,1.42353417,1.42353417,1.42353417,1.42353417,1.42353417,1.42353417,1.42353417,1.42353417,1.42353417,1.42353417,1.42353417,1.42353417,1.42353417,1.42353417,1.42353417,1.42353417,1.42353417,1.42353417,1.42353417,1.42353417,1.42353417,1.42353417,1.42353417,1.42353417,1.42353417,1.42353417,1.42353417,1.42353417,1.42353417,1.42353417,1.42353417,1.42353417,1.42353417,1.42353417,1.42353417,1.42353417,1.42353417,1.42353417,1.42353417,1.42353417,1.42353417,1.42353417,1.42353417,1.42353417,1.42353417,1.42353417,1.42353417,1.42353417,1.42353417,1.42353417,1.42353417,1.42353417,1.42353417
76.014303923,C05,AP01,client_to_ap,VHT,2,1,1,80,SU,1,4,234,d5766f7fc29bbe9c,1.3253594,1.3253594,1.3253594,1.3253594,1.3253594,1.3253594,1.3253594,1.3253594,1.3253594,1.3253594,1.3253594,1.3253594,1.3253594,1.3253594,1.3253594,1.3253594,1.3253594,1.3253594,1.3253594,1.3253594,1.3253594,1.3253594,1.3253594,1.3253594,1.3253594,1.3253594,1.3253594,1.3253594,1.3253594,1.3253594,1.3253594,1.3253594,1.42353417,1.42353417,1.3253594,1.42353417,1.42353417,1.42353417,1.3253594,1.42353417,1.42353417,1.42353417,1.42353417,1.42353417,1.42353417,1.42353417,1.42353417,1.42353417,1.42353417,1.42353417,1.42353417,1.42353417,1.42353417,1.42353417,1.42353417,1.42353417,1.42353417,1.42353417,1.42353417,1.42353417,1.42353417,1.42353417,1.42353417,1.42353417,1.42353417,1.42353417,1.42353417,1.42353417,1.42353417,1.42353417,1.42353417,1.42353417,1.42353417,1.42353417,1.42353417,1.42353417,1.42353417,1.42353417,1.42353417,1.42353417,1.42353417,1.42353417,1.42353417,1.42353417,1.42353417,1.42353417,1.42353417,1.42353417,1.42353417,1.42353417,1.42353417,1.42353417,1.42353417,1.42353417,1.42353417,1.42353417,1.42353417,1.42353417,1.42353417,1.42353417,1.42353417,1.42353417,1.42353417,1.42353417,1.42353417,1.42353417,1.42353417,1.42353417,1.42353417,1.42353417,1.42353417,1.42353417,1.42353417,1.42353417,1.42353417,1.42353417,1.42353417,1.42353417,1.42353417,1.42353417,1.42353417,1.42353417,1.42353417,1.42353417,1.42353417,1.42353417,1.42353417,1.42353417,1.42353417,1.42353417,1.42353417,1.42353417,1.42353417,1.42353417,1.42353417,1.42353417,1.42353417,1.42353417,1.42353417,1.42353417,1.42353417,1.42353417,1.42353417,1.42353417,1.42353417,1.42353417,1.42353417,1.42353417,1.42353417,1.42353417,1.42353417,1.42353417,1.42353417,1.42353417,1.42353417,1.42353417,1.42353417,1.42353417,1.42353417,1.42353417,1.42353417,1.42353417,1.42353417,1.42353417,1.42353417,1.42353417,1.42353417,1.42353417,1.42353417,1.42353417,1.42353417,1.42353417,1.42353417,1.42353417,1.42353417,1.42353417,1.42353417,1.42353417,1.42353417,1.42353417,1.42353417,1.42353417,1.42353417,1.42353417,1.42353417,1.42353417,1.42353417,1.42353417,1.42353417,1.42353417,1.42353417,1.42353417,1.42353417,1.42353417,1.42353417,1.42353417,1.42353417,1.42353417,1.42353417,1.42353417,1.42353417,1.42353417,1.42353417,1.42353417,1.42353417,1.42353417,1.42353417,1.42353417,1.42353417,1.42353417,1.42353417,1.42353417,1.42353417,1.42353417,1.42353417,1.42353417,1.42353417,1.42353417,1.42353417,1.42353417,1.42353417,1.42353417,1.42353417,1.42353417,1.42353417,1.42353417,1.42353417,1.42353417,1.42353417,1.42353417,1.42353417,1.42353417,1.42353417,1.42353417
80.735229015,C05,AP01,client_to_ap,VHT,2,1,1,80,SU,1,4,234,d5766f7fc29bbe9c,1.3253594,1.3253594,1.3253594,1.3253594,1.3253594,1.3253594,1.3253594,1.3253594,1.3253594,1.3253594,1.3253594,1.3253594,1.3253594,1.42353417,1.3253594,1.3253594,1.3253594,1.3253594,1.3253594,1.3253594,1.3253594,1.3253594,1.3253594,1.3253594,1.3253594,1.3253594,1.3253594,1.3253594,1.3253594,1.3253594,1.3253594,1.3253594,1.3253594,1.42353417,1.3253594,1.3253594,1.3253594,1.3253594,1.3253594,1.3253594,1.42353417,1.3253594,1.42353417,1.42353417,1.3253594,1.3253594,1.3253594,1.42353417,1.42353417,1.42353417,1.42353417,1.3253594,1.42353417,1.42353417,1.42353417,1.42353417,1.42353417,1.42353417,1.42353417,1.42353417,1.42353417,1.42353417,1.42353417,1.42353417,1.42353417,1.42353417,1.42353417,1.42353417,1.42353417,1.42353417,1.42353417,1.42353417,1.42353417,1.42353417,1.42353417,1.42353417,1.42353417,1.42353417,1.42353417,1.42353417,1.42353417,1.42353417,1.42353417,1.42353417,1.42353417,1.42353417,1.42353417,1.42353417,1.42353417,1.42353417,1.42353417,1.42353417,1.42353417,1.42353417,1.42353417,1.42353417,1.42353417,1.42353417,1.42353417,1.42353417,1.42353417,1.42353417,1.42353417,1.42353417,1.42353417,1.42353417,1.42353417,1.42353417,1.42353417,1.42353417,1.42353417,1.42353417,1.42353417,1.42353417,1.42353417,1.42353417,1.42353417,1.42353417,1.42353417,1.42353417,1.42353417,1.42353417,1.42353417,1.42353417,1.42353417,1.42353417,1.42353417,1.42353417,1.42353417,1.42353417,1.42353417,1.42353417,1.42353417,1.42353417,1.42353417,1.42353417,1.42353417,1.42353417,1.42353417,1.42353417,1.42353417,1.42353417,1.42353417,1.42353417,1.42353417,1.42353417,1.42353417,1.42353417,1.42353417,1.42353417,1.42353417,1.42353417,1.42353417,1.42353417,1.42353417,1.42353417,1.42353417,1.42353417,1.42353417,1.42353417,1.42353417,1.42353417,1.42353417,1.42353417,1.42353417,1.42353417,1.42353417,1.42353417,1.42353417,1.42353417,1.42353417,1.42353417,1.42353417,1.42353417,1.42353417,1.42353417,1.42353417,1.42353417,1.42353417,1.42353417,1.42353417,1.42353417,1.42353417,1.42353417,1.42353417,1.42353417,1.42353417,1.42353417,1.42353417,1.42353417,1.42353417,1.42353417,1.42353417,1.42353417,1.42353417,1.42353417,1.42353417,1.42353417,1.42353417,1.42353417,1.42353417,1.42353417,1.42353417,1.42353417,1.42353417,1.42353417,1.42353417,1.42353417,1.42353417,1.42353417,1.42353417,1.42353417,1.42353417,1.42353417,1.42353417,1.42353417,1.42353417,1.42353417,1.42353417,1.42353417,1.42353417,1.42353417,1.42353417,1.42353417,1.42353417,1.42353417,1.42353417,1.42353417,1.42353417,1.42353417,1.42353417,1.42353417,1.42353417,1.42353417
82.067682028,C05,AP01,client_to_ap,VHT,2,1,1,80,SU,1,4,234,d5766f7fc29bbe9c,1.3253594,1.3253594,1.3253594,1.3253594,1.3253594,1.3253594,1.3253594,1.3253594,1.3253594,1.3253594,1.3253594,1.3253594,1.3253594,1.3253594,1.3253594,1.3253594,1.3253594,1.3253594,1.3253594,1.3253594,1.3253594,1.3253594,1.3253594,1.3253594,1.42353417,1.3253594,1.42353417,1.3253594,1.42353417,1.3253594,1.3253594,1.3253594,1.42353417,1.42353417,1.42353417,1.42353417,1.42353417,1.42353417,1.3253594,1.42353417,1.3253594,1.42353417,1.42353417,1.42353417,1.42353417,1.42353417,1.42353417,1.42353417,1.42353417,1.42353417,1.42353417,1.42353417,1.42353417,1.42353417,1.42353417,1.42353417,1.42353417,1.42353417,1.42353417,1.42353417,1.42353417,1.42353417,1.42353417,1.42353417,1.42353417,1.42353417,1.42353417,1.42353417,1.42353417,1.42353417,1.42353417,1.42353417,1.42353417,1.42353417,1.42353417,1.42353417,1.42353417,1.42353417,1.42353417,1.42353417,1.42353417,1.42353417,1.42353417,1.42353417,1.42353417,1.42353417,1.42353417,1.42353417,1.42353417,1.42353417,1.42353417,1.42353417,1.42353417,1.42353417,1.42353417,1.42353417,1.42353417,1.42353417,1.42353417,1.42353417,1.42353417,1.42353417,1.42353417,1.42353417,1.42353417,1.42353417,1.42353417,1.42353417,1.42353417,1.42353417,1.42353417,1.42353417,1.42353417,1.42353417,1.42353417,1.42353417,1.42353417,1.42353417,1.42353417,1.42353417,1.42353417,1.42353417,1.42353417,1.42353417,1.42353417,1.42353417,1.42353417,1.42353417,1.42353417,1.42353417,1.42353417,1.42353417,1.42353417,1.42353417,1.42353417,1.42353417,1.42353417,1.42353417,1.42353417,1.42353417,1.42353417,1.42353417,1.42353417,1.42353417,1.42353417,1.42353417,1.42353417,1.42353417,1.42353417,1.42353417,1.42353417,1.42353417,1.42353417,1.42353417,1.42353417,1.42353417,1.42353417,1.42353417,1.42353417,1.42353417,1.42353417,1.42353417,1.42353417,1.42353417,1.42353417,1.42353417,1.42353417,1.42353417,1.42353417,1.42353417,1.42353417,1.42353417,1.42353417,1.42353417,1.42353417,1.42353417,1.42353417,1.42353417,1.42353417,1.42353417,1.42353417,1.42353417,1.42353417,1.42353417,1.42353417,1.42353417,1.42353417,1.42353417,1.42353417,1.42353417,1.42353417,1.42353417,1.42353417,1.42353417,1.42353417,1.42353417,1.42353417,1.42353417,1.42353417,1.42353417,1.42353417,1.42353417,1.42353417,1.42353417,1.42353417,1.42353417,1.42353417,1.42353417,1.42353417,1.42353417,1.42353417,1.42353417,1.42353417,1.42353417,1.42353417,1.42353417,1.42353417,1.42353417,1.42353417,1.42353417,1.42353417,1.42353417,1.42353417,1.42353417,1.42353417,1.42353417,1.42353417,1.42353417,1.42353417,1.42353417,1.42353417,1.42353417,1.42353417,1.42353417
86.318742037,C05,AP01,client_to_ap,VHT,2,1,1,80,SU,1,4,234,d5766f7fc29bbe9c,1.3253594,1.3253594,1.3253594,1.3253594,1.3253594,1.3253594,1.3253594,1.3253594,1.3253594,1.3253594,1.3253594,1.3253594,1.3253594,1.3253594,1.3253594,1.3253594,1.3253594,1.3253594,1.3253594,1.3253594,1.3253594,1.3253594,1.3253594,1.3253594,1.3253594,1.3253594,1.3253594,1.3253594,1.3253594,1.3253594,1.42353417,1.42353417,1.42353417,1.42353417,1.42353417,1.3253594,1.42353417,1.42353417,1.42353417,1.3253594,1.42353417,1.42353417,1.42353417,1.42353417,1.42353417,1.3253594,1.42353417,1.3253594,1.42353417,1.42353417,1.42353417,1.3253594,1.42353417,1.42353417,1.42353417,1.42353417,1.42353417,1.42353417,1.42353417,1.42353417,1.42353417,1.42353417,1.42353417,1.42353417,1.42353417,1.42353417,1.42353417,1.42353417,1.42353417,1.42353417,1.42353417,1.42353417,1.42353417,1.42353417,1.42353417,1.42353417,1.42353417,1.42353417,1.42353417,1.42353417,1.42353417,1.42353417,1.42353417,1.42353417,1.42353417,1.42353417,1.42353417,1.42353417,1.42353417,1.42353417,1.42353417,1.42353417,1.42353417,1.42353417,1.42353417,1.42353417,1.42353417,1.42353417,1.42353417,1.42353417,1.42353417,1.42353417,1.42353417,1.42353417,1.42353417,1.42353417,1.42353417,1.42353417,1.42353417,1.42353417,1.42353417,1.42353417,1.42353417,1.42353417,1.42353417,1.42353417,1.42353417,1.42353417,1.42353417,1.42353417,1.42353417,1.42353417,1.42353417,1.42353417,1.42353417,1.42353417,1.42353417,1.42353417,1.42353417,1.42353417,1.42353417,1.42353417,1.42353417,1.42353417,1.42353417,1.42353417,1.42353417,1.42353417,1.42353417,1.42353417,1.42353417,1.42353417,1.42353417,1.42353417,1.42353417,1.42353417,1.42353417,1.42353417,1.42353417,1.42353417,1.42353417,1.42353417,1.42353417,1.42353417,1.42353417,1.42353417,1.42353417,1.42353417,1.42353417,1.42353417,1.42353417,1.42353417,1.42353417,1.42353417,1.42353417,1.42353417,1.42353417,1.42353417,1.42353417,1.42353417,1.42353417,1.42353417,1.42353417,1.42353417,1.42353417,1.42353417,1.42353417,1.42353417,1.42353417,1.42353417,1.42353417,1.42353417,1.42353417,1.42353417,1.42353417,1.42353417,1.42353417,1.42353417,1.42353417,1.42353417,1.42353417,1.42353417,1.42353417,1.42353417,1.42353417,1.42353417,1.42353417,1.42353417,1.42353417,1.42353417,1.42353417,1.42353417,1.42353417,1.42353417,1.42353417,1.42353417,1.42353417,1.42353417,1.42353417,1.42353417,1.42353417,1.42353417,1.42353417,1.42353417,1.42353417,1.42353417,1.42353417,1.42353417,1.42353417,1.42353417,1.42353417,1.42353417,1.42353417,1.42353417,1.42353417,1.42353417,1.42353417,1.42353417,1.42353417,1.42353417,1.42353417,1.42353417,1.42353417,1.42353417
90.631235838,C05,AP01,client_to_ap,VHT,2,1,1,80,SU,1,4,234,d5766f7fc29bbe9c,1.3253594,1.3253594,1.3253594,1.3253594,1.3253594,1.3253594,1.3253594,1.3253594,1.3253594,1.3253594,1.3253594,1.3253594,1.3253594,1.3253594,1.3253594,1.3253594,1.3253594,1.3253594,1.3253594,1.3253594,1.3253594,1.3253594,1.3253594,1.3253594,1.3253594,1.3253594,1.3253594,1.42353417,1.42353417,1.3253594,1.3253594,1.3253594,1.3253594,1.42353417,1.42353417,1.42353417,1.42353417,1.3253594,1.3253594,1.3253594,1.42353417,1.42353417,1.42353417,1.42353417,1.42353417,1.3253594,1.42353417,1.3253594,1.42353417,1.42353417,1.42353417,1.42353417,1.42353417,1.42353417,1.42353417,1.42353417,1.42353417,1.42353417,1.42353417,1.42353417,1.42353417,1.42353417,1.42353417,1.42353417,1.42353417,1.42353417,1.42353417,1.42353417,1.42353417,1.42353417,1.42353417,1.42353417,1.42353417,1.42353417,1.42353417,1.42353417,1.42353417,1.42353417,1.42353417,1.42353417,1.42353417,1.42353417,1.42353417,1.42353417,1.42353417,1.42353417,1.42353417,1.42353417,1.42353417,1.42353417,1.42353417,1.42353417,1.42353417,1.42353417,1.42353417,1.42353417,1.42353417,1.42353417,1.42353417,1.42353417,1.42353417,1.42353417,1.42353417,1.42353417,1.42353417,1.42353417,1.42353417,1.42353417,1.42353417,1.42353417,1.42353417,1.42353417,1.42353417,1.42353417,1.42353417,1.42353417,1.42353417,1.42353417,1.42353417,1.42353417,1.42353417,1.42353417,1.42353417,1.42353417,1.42353417,1.42353417,1.42353417,1.42353417,1.42353417,1.42353417,1.42353417,1.42353417,1.42353417,1.42353417,1.42353417,1.42353417,1.42353417,1.42353417,1.42353417,1.42353417,1.42353417,1.42353417,1.42353417,1.42353417,1.42353417,1.42353417,1.42353417,1.42353417,1.42353417,1.42353417,1.42353417,1.42353417,1.42353417,1.42353417,1.42353417,1.42353417,1.42353417,1.42353417,1.42353417,1.42353417,1.42353417,1.42353417,1.42353417,1.42353417,1.42353417,1.42353417,1.42353417,1.42353417,1.42353417,1.42353417,1.42353417,1.42353417,1.42353417,1.42353417,1.42353417,1.42353417,1.42353417,1.42353417,1.42353417,1.42353417,1.42353417,1.42353417,1.42353417,1.42353417,1.42353417,1.42353417,1.42353417,1.42353417,1.42353417,1.42353417,1.42353417,1.42353417,1.42353417,1.42353417,1.42353417,1.42353417,1.42353417,1.42353417,1.42353417,1.42353417,1.42353417,1.42353417,1.42353417,1.42353417,1.42353417,1.42353417,1.42353417,1.42353417,1.42353417,1.42353417,1.42353417,1.42353417,1.42353417,1.42353417,1.42353417,1.42353417,1.42353417,1.42353417,1.42353417,1.42353417,1.42353417,1.42353417,1.42353417,1.42353417,1.42353417,1.42353417,1.42353417,1.42353417,1.42353417,1.42353417,1.42353417,1.42353417,1.42353417,1.42353417
91.964118004,C05,AP01,client_to_ap,VHT,2,1,1,80,SU,1,4,234,d5766f7fc29bbe9c,1.3253594,1.3253594,1.3253594,1.3253594,1.3253594,1.3253594,1.3253594,1.3253594,1.3253594,1.3253594,1.3253594,1.3253594,1.3253594,1.3253594,1.3253594,1.3253594,1.3253594,1.3253594,1.3253594,1.3253594,1.3253594,1.3253594,1.3253594,1.3253594,1.3253594,1.3253594,1.3253594,1.3253594,1.3253594,1.3253594,1.42353417,1.3253594,1.42353417,1.42353417,1.3253594,1.42353417,1.42353417,1.42353417,1.42353417,1.42353417,1.42353417,1.42353417,1.42353417,1.42353417,1.42353417,1.42353417,1.42353417,1.42353417,1.42353417,1.42353417,1.42353417,1.42353417,1.42353417,1.42353417,1.42353417,1.42353417,1.42353417,1.42353417,1.42353417,1.42353417,1.42353417,1.42353417,1.42353417,1.42353417,1.42353417,1.42353417,1.42353417,1.42353417,1.42353417,1.42353417,1.42353417,1.42353417,1.42353417,1.42353417,1.42353417,1.42353417,1.42353417,1.42353417,1.42353417,1.42353417,1.42353417,1.42353417,1.42353417,1.42353417,1.42353417,1.42353417,1.42353417,1.42353417,1.42353417,1.42353417,1.42353417,1.42353417,1.42353417,1.42353417,1.42353417,1.42353417,1.42353417,1.42353417,1.42353417,1.42353417,1.42353417,1.42353417,1.42353417,1.42353417,1.42353417,1.42353417,1.42353417,1.42353417,1.42353417,1.42353417,1.42353417,1.42353417,1.42353417,1.42353417,1.42353417,1.42353417,1.42353417,1.42353417,1.42353417,1.42353417,1.42353417,1.42353417,1.42353417,1.42353417,1.42353417,1.42353417,1.42353417,1.42353417,1.42353417,1.42353417,1.42353417,1.42353417,1.42353417,1.42353417,1.42353417,1.42353417,1.42353417,1.42353417,1.42353417,1.42353417,1.42353417,1.42353417,1.42353417,1.42353417,1.42353417,1.42353417,1.42353417,1.42353417,1.42353417,1.42353417,1.42353417,1.42353417,1.42353417,1.42353417,1.42353417,1.42353417,1.42353417,1.42353417,1.42353417,1.42353417,1.42353417,1.42353417,1.42353417,1.42353417,1.42353417,1.42353417,1.42353417,1.42353417,1.42353417,1.42353417,1.42353417,1.42353417,1.42353417,1.42353417,1.42353417,1.42353417,1.42353417,1.42353417,1.42353417,1.42353417,1.42353417,1.42353417,1.42353417,1.42353417,1.42353417,1.42353417,1.42353417,1.42353417,1.42353417,1.42353417,1.42353417,1.42353417,1.42353417,1.42353417,1.42353417,1.42353417,1.42353417,1.42353417,1.42353417,1.42353417,1.42353417,1.42353417,1.42353417,1.42353417,1.42353417,1.42353417,1.42353417,1.42353417,1.42353417,1.42353417,1.42353417,1.42353417,1.42353417,1.42353417,1.42353417,1.42353417,1.42353417,1.42353417,1.42353417,1.42353417,1.42353417,1.42353417,1.42353417,1.42353417,1.42353417,1.42353417,1.42353417,1.42353417,1.42353417,1.42353417,1.42353417,1.42353417,1.42353417,1.42353417
95.703862906,C05,AP01,client_to_ap,VHT,2,1,1,80,SU,1,4,234,d5766f7fc29bbe9c,1.3253594,1.3253594,1.3253594,1.3253594,1.3253594,1.3253594,1.3253594,1.3253594,1.3253594,1.3253594,1.3253594,1.3253594,1.3253594,1.3253594,1.3253594,1.3253594,1.3253594,1.3253594,1.3253594,1.3253594,1.3253594,1.3253594,1.3253594,1.42353417,1.3253594,1.3253594,1.3253594,1.3253594,1.3253594,1.3253594,1.42353417,1.42353417,1.42353417,1.3253594,1.3253594,1.3253594,1.3253594,1.42353417,1.42353417,1.3253594,1.42353417,1.42353417,1.3253594,1.3253594,1.3253594,1.42353417,1.42353417,1.42353417,1.42353417,1.42353417,1.3253594,1.3253594,1.42353417,1.42353417,1.42353417,1.42353417,1.42353417,1.42353417,1.42353417,1.42353417,1.42353417,1.42353417,1.42353417,1.42353417,1.42353417,1.42353417,1.42353417,1.42353417,1.42353417,1.42353417,1.42353417,1.42353417,1.42353417,1.42353417,1.42353417,1.42353417,1.42353417,1.42353417,1.42353417,1.42353417,1.42353417,1.42353417,1.42353417,1.42353417,1.42353417,1.42353417,1.42353417,1.42353417,1.42353417,1.42353417,1.42353417,1.42353417,1.42353417,1.42353417,1.42353417,1.42353417,1.42353417,1.42353417,1.42353417,1.42353417,1.42353417,1.42353417,1.42353417,1.42353417,1.42353417,1.42353417,1.42353417,1.42353417,1.42353417,1.42353417,1.42353417,1.42353417,1.42353417,1.42353417,1.42353417,1.42353417,1.42353417,1.42353417,1.42353417,1.42353417,1.42353417,1.42353417,1.42353417,1.42353417,1.42353417,1.42353417,1.42353417,1.42353417,1.42353417,1.42353417,1.42353417,1.42353417,1.42353417,1.42353417,1.42353417,1.42353417,1.42353417,1.42353417,1.42353417,1.42353417,1.42353417,1.42353417,1.42353417,1.42353417,1.42353417,1.42353417,1.42353417,1.42353417,1.42353417,1.42353417,1.42353417,1.42353417,1.42353417,1.42353417,1.42353417,1.42353417,1.42353417,1.42353417,1.42353417,1.42353417,1.42353417,1.42353417,1.42353417,1.42353417,1.42353417,1.42353417,1.42353417,1.42353417,1.42353417,1.42353417,1.42353417,1.42353417,1.42353417,1.42353417,1.42353417,1.42353417,1.42353417,1.42353417,1.42353417,1.42353417,1.42353417,1.42353417,1.42353417,1.42353417,1.42353417,1.42353417,1.42353417,1.42353417,1.42353417,1.42353417,1.42353417,1.42353417,1.42353417,1.42353417,1.42353417,1.42353417,1.42353417,1.42353417,1.42353417,1.42353417,1.42353417,1.42353417,1.42353417,1.42353417,1.42353417,1.42353417,1.42353417,1.42353417,1.42353417,1.42353417,1.42353417,1.42353417,1.42353417,1.42353417,1.42353417,1.42353417,1.42353417,1.42353417,1.42353417,1.42353417,1.42353417,1.42353417,1.42353417,1.42353417,1.42353417,1.42353417,1.42353417,1.42353417,1.42353417,1.42353417,1.42353417,1.42353417,1.42353417,1.42353417
97.193567991,C05,AP01,client_to_ap,VHT,2,1,1,80,SU,1,4,234,d5766f7fc29bbe9c,1.3253594,1.42353417,1.3253594,1.3253594,1.3253594,1.3253594,1.3253594,1.3253594,1.3253594,1.3253594,1.3253594,1.3253594,1.3253594,1.3253594,1.3253594,1.3253594,1.3253594,1.3253594,1.3253594,1.3253594,1.3253594,1.3253594,1.3253594,1.3253594,1.3253594,1.3253594,1.3253594,1.42353417,1.42353417,1.3253594,1.42353417,1.3253594,1.3253594,1.42353417,1.42353417,1.3253594,1.42353417,1.42353417,1.3253594,1.3253594,1.42353417,1.42353417,1.42353417,1.42353417,1.42353417,1.3253594,1.42353417,1.42353417,1.42353417,1.42353417,1.42353417,1.42353417,1.42353417,1.42353417,1.42353417,1.42353417,1.42353417,1.42353417,1.42353417,1.42353417,1.42353417,1.42353417,1.42353417,1.42353417,1.42353417,1.42353417,1.42353417,1.42353417,1.42353417,1.42353417,1.42353417,1.42353417,1.42353417,1.42353417,1.42353417,1.42353417,1.42353417,1.42353417,1.42353417,1.42353417,1.42353417,1.42353417,1.42353417,1.42353417,1.42353417,1.42353417,1.42353417,1.42353417,1.42353417,1.42353417,1.42353417,1.42353417,1.42353417,1.42353417,1.42353417,1.42353417,1.42353417,1.42353417,1.42353417,1.42353417,1.42353417,1.42353417,1.42353417,1.42353417,1.42353417,1.42353417,1.42353417,1.42353417,1.42353417,1.42353417,1.42353417,1.42353417,1.42353417,1.42353417,1.42353417,1.42353417,1.42353417,1.42353417,1.42353417,1.42353417,1.42353417,1.42353417,1.42353417,1.42353417,1.42353417,1.42353417,1.42353417,1.42353417,1.42353417,1.42353417,1.42353417,1.42353417,1.42353417,1.42353417,1.42353417,1.42353417,1.42353417,1.42353417,1.42353417,1.42353417,1.42353417,1.42353417,1.42353417,1.42353417,1.42353417,1.42353417,1.42353417,1.42353417,1.42353417,1.42353417,1.42353417,1.42353417,1.42353417,1.42353417,1.42353417,1.42353417,1.42353417,1.42353417,1.42353417,1.42353417,1.42353417,1.42353417,1.42353417,1.42353417,1.42353417,1.42353417,1.42353417,1.42353417,1.42353417,1.42353417,1.42353417,1.42353417,1.42353417,1.42353417,1.42353417,1.42353417,1.42353417,1.42353417,1.42353417,1.42353417,1.42353417,1.42353417,1.42353417,1.42353417,1.42353417,1.42353417,1.42353417,1.42353417,1.42353417,1.42353417,1.42353417,1.42353417,1.42353417,1.42353417,1.42353417,1.42353417,1.42353417,1.42353417,1.42353417,1.42353417,1.42353417,1.42353417,1.42353417,1.42353417,1.42353417,1.42353417,1.42353417,1.42353417,1.42353417,1.42353417,1.42353417,1.42353417,1.42353417,1.42353417,1.42353417,1.42353417,1.42353417,1.42353417,1.42353417,1.42353417,1.42353417,1.42353417,1.42353417,1.42353417,1.42353417,1.42353417,1.42353417,1.42353417,1.42353417,1.42353417,1.42353417,1.42353417,1.42353417,1.42353417
101.182976961,C05,AP01,client_to_ap,VHT,2,1,1,80,SU,1,4,234,d5766f7fc29bbe9c,1.3253594,1.3253594,1.3253594,1.3253594,1.3253594,1.3253594,1.3253594,1.3253594,1.3253594,1.3253594,1.3253594,1.3253594,1.3253594,1.3253594,1.3253594,1.3253594,1.3253594,1.3253594,1.3253594,1.3253594,1.3253594,1.3253594,1.3253594,1.3253594,1.3253594,1.3253594,1.3253594,1.3253594,1.3253594,1.3253594,1.3253594,1.3253594,1.42353417,1.3253594,1.42353417,1.42353417,1.42353417,1.3253594,1.3253594,1.3253594,1.3253594,1.42353417,1.42353417,1.42353417,1.42353417,1.3253594,1.42353417,1.42353417,1.42353417,1.42353417,1.42353417,1.42353417,1.42353417,1.42353417,1.42353417,1.42353417,1.42353417,1.42353417,1.42353417,1.42353417,1.42353417,1.42353417,1.42353417,1.42353417,1.42353417,1.42353417,1.42353417,1.42353417,1.42353417,1.42353417,1.42353417,1.42353417,1.42353417,1.42353417,1.42353417,1.42353417,1.42353417,1.42353417,1.42353417,1.42353417,1.42353417,1.42353417,1.42353417,1.42353417,1.42353417,1.42353417,1.42353417,1.42353417,1.42353417,1.42353417,1.42353417,1.42353417,1.42353417,1.42353417,1.42353417,1.42353417,1.42353417,1.42353417,1.42353417,1.42353417,1.42353417,1.42353417,1.42353417,1.42353417,1.42353417,1.42353417,1.42353417,1.42353417,1.42353417,1.42353417,1.42353417,1.42353417,1.42353417,1.42353417,1.42353417,1.42353417,1.42353417,1.42353417,1.42353417,1.42353417,1.42353417,1.42353417,1.42353417,1.42353417,1.42353417,1.42353417,1.42353417,1.42353417,1.42353417,1.42353417,1.42353417,1.42353417,1.42353417,1.42353417,1.42353417,1.42353417,1.42353417,1.42353417,1.42353417,1.42353417,1.42353417,1.42353417,1.42353417,1.42353417,1.42353417,1.42353417,1.42353417,1.42353417,1.42353417,1.42353417,1.42353417,1.42353417,1.42353417,1.42353417,1.42353417,1.42353417,1.42353417,1.42353417,1.42353417,1.42353417,1.42353417,1.42353417,1.42353417,1.42353417,1.42353417,1.42353417,1.42353417,1.42353417,1.42353417,1.42353417,1.42353417,1.42353417,1.42353417,1.42353417,1.42353417,1.42353417,1.42353417,1.42353417,1.42353417,1.42353417,1.42353417,1.42353417,1.42353417,1.42353417,1.42353417,1.42353417,1.42353417,1.42353417,1.42353417,1.42353417,1.42353417,1.42353417,1.42353417,1.42353417,1.42353417,1.42353417,1.42353417,1.42353417,1.42353417,1.42353417,1.42353417,1.42353417,1.42353417,1.42353417,1.42353417,1.42353417,1.42353417,1.42353417,1.42353417,1.42353417,1.42353417,1.42353417,1.42353417,1.42353417,1.42353417,1.42353417,1.42353417,1.42353417,1.42353417,1.42353417,1.42353417,1.42353417,1.42353417,1.42353417,1.42353417,1.42353417,1.42353417,1.42353417,1.42353417,1.42353417,1.42353417,1.42353417,1.42353417,1.42353417
102.516794920,C05,AP01,client_to_ap,VHT,2,1,1,80,SU,1,4,234,d5766f7fc29bbe9c,1.3253594,1.3253594,1.3253594,1.3253594,1.3253594,1.3253594,1.3253594,1.3253594,1.3253594,1.3253594,1.3253594,1.3253594,1.3253594,1.3253594,1.3253594,1.3253594,1.3253594,1.3253594,1.3253594,1.3253594,1.3253594,1.3253594,1.3253594,1.3253594,1.3253594,1.3253594,1.3253594,1.3253594,1.3253594,1.3253594,1.3253594,1.3253594,1.42353417,1.42353417,1.3253594,1.42353417,1.42353417,1.3253594,1.3253594,1.42353417,1.42353417,1.42353417,1.3253594,1.42353417,1.42353417,1.3253594,1.42353417,1.42353417,1.42353417,1.42353417,1.42353417,1.42353417,1.42353417,1.42353417,1.42353417,1.42353417,1.42353417,1.42353417,1.42353417,1.42353417,1.42353417,1.42353417,1.42353417,1.42353417,1.42353417,1.42353417,1.42353417,1.42353417,1.42353417,1.42353417,1.42353417,1.42353417,1.42353417,1.42353417,1.42353417,1.42353417,1.42353417,1.42353417,1.42353417,1.42353417,1.42353417,1.42353417,1.42353417,1.42353417,1.42353417,1.42353417,1.42353417,1.42353417,1.42353417,1.42353417,1.42353417,1.42353417,1.42353417,1.42353417,1.42353417,1.42353417,1.42353417,1.42353417,1.42353417,1.42353417,1.42353417,1.42353417,1.42353417,1.42353417,1.42353417,1.42353417,1.42353417,1.42353417,1.42353417,1.42353417,1.42353417,1.42353417,1.42353417,1.42353417,1.42353417,1.42353417,1.42353417,1.42353417,1.42353417,1.42353417,1.42353417,1.42353417,1.42353417,1.42353417,1.42353417,1.42353417,1.42353417,1.42353417,1.42353417,1.42353417,1.42353417,1.42353417,1.42353417,1.42353417,1.42353417,1.42353417,1.42353417,1.42353417,1.42353417,1.42353417,1.42353417,1.42353417,1.42353417,1.42353417,1.42353417,1.42353417,1.42353417,1.42353417,1.42353417,1.42353417,1.42353417,1.42353417,1.42353417,1.42353417,1.42353417,1.42353417,1.42353417,1.42353417,1.42353417,1.42353417,1.42353417,1.42353417,1.42353417,1.42353417,1.42353417,1.42353417,1.42353417,1.42353417,1.42353417,1.42353417,1.42353417,1.42353417,1.42353417,1.42353417,1.42353417,1.42353417,1.42353417,1.42353417,1.42353417,1.42353417,1.42353417,1.42353417,1.42353417,1.42353417,1.42353417,1.42353417,1.42353417,1.42353417,1.42353417,1.42353417,1.42353417,1.42353417,1.42353417,1.42353417,1.42353417,1.42353417,1.42353417,1.42353417,1.42353417,1.42353417,1.42353417,1.42353417,1.42353417,1.42353417,1.42353417,1.42353417,1.42353417,1.42353417,1.42353417,1.42353417,1.42353417,1.42353417,1.42353417,1.42353417,1.42353417,1.42353417,1.42353417,1.42353417,1.42353417,1.42353417,1.42353417,1.42353417,1.42353417,1.42353417,1.42353417,1.42353417,1.42353417,1.42353417,1.42353417,1.42353417,1.42353417,1.42353417,1.42353417,1.42353417
106.714318037,C05,AP01,client_to_ap,VHT,2,1,1,80,SU,1,4,234,d5766f7fc29bbe9c,1.3253594,1.3253594,1.3253594,1.3253594,1.3253594,1.3253594,1.3253594,1.3253594,1.3253594,1.3253594,1.3253594,1.3253594,1.3253594,1.3253594,1.3253594,1.3253594,1.3253594,1.3253594,1.3253594,1.3253594,1.3253594,1.3253594,1.3253594,1.3253594,1.3253594,1.3253594,1.3253594,1.3253594,1.42353417,1.3253594,1.3253594,1.3253594,1.42353417,1.3253594,1.42353417,1.42353417,1.3253594,1.42353417,1.42353417,1.3253594,1.42353417,1.42353417,1.42353417,1.42353417,1.3253594,1.3253594,1.42353417,1.42353417,1.42353417,1.42353417,1.42353417,1.42353417,1.42353417,1.42353417,1.42353417,1.42353417,1.42353417,1.42353417,1.42353417,1.42353417,1.42353417,1.42353417,1.42353417,1.42353417,1.42353417,1.42353417,1.42353417,1.42353417,1.42353417,1.42353417,1.42353417,1.42353417,1.42353417,1.42353417,1.42353417,1.42353417,1.42353417,1.42353417,1.42353417,1.42353417,1.42353417,1.42353417,1.42353417,1.42353417,1.42353417,1.42353417,1.42353417,1.42353417,1.42353417,1.42353417,1.42353417,1.42353417,1.42353417,1.42353417,1.42353417,1.42353417,1.42353417,1.42353417,1.42353417,1.42353417,1.42353417,1.42353417,1.42353417,1.42353417,1.42353417,1.42353417,1.42353417,1.42353417,1.42353417,1.42353417,1.42353417,1.42353417,1.42353417,1.42353417,1.42353417,1.42353417,1.42353417,1.42353417,1.42353417,1.42353417,1.42353417,1.42353417,1.42353417,1.42353417,1.42353417,1.42353417,1.42353417,1.42353417,1.42353417,1.42353417,1.42353417,1.42353417,1.42353417,1.42353417,1.42353417,1.42353417,1.42353417,1.42353417,1.42353417,1.42353417,1.42353417,1.42353417,1.42353417,1.42353417,1.42353417,1.42353417,1.42353417,1.42353417,1.42353417,1.42353417,1.42353417,1.42353417,1.42353417,1.42353417,1.42353417,1.42353417,1.42353417,1.42353417,1.42353417,1.42353417,1.42353417,1.42353417,1.42353417,1.42353417,1.42353417,1.42353417,1.42353417,1.42353417,1.42353417,1.42353417,1.42353417,1.42353417,1.42353417,1.42353417,1.42353417,1.42353417,1.42353417,1.42353417,1.42353417,1.42353417,1.42353417,1.42353417,1.42353417,1.42353417,1.42353417,1.42353417,1.42353417,1.42353417,1.42353417,1.42353417,1.42353417,1.42353417,1.42353417,1.42353417,1.42353417,1.42353417,1.42353417,1.42353417,1.42353417,1.42353417,1.42353417,1.42353417,1.42353417,1.42353417,1.42353417,1.42353417,1.42353417,1.42353417,1.42353417,1.42353417,1.42353417,1.42353417,1.42353417,1.42353417,1.42353417,1.42353417,1.42353417,1.42353417,1.42353417,1.42353417,1.42353417,1.42353417,1.42353417,1.42353417,1.42353417,1.42353417,1.42353417,1.42353417,1.42353417,1.42353417,1.42353417,1.42353417,1.42353417,1.42353417
108.351132870,C05,AP01,client_to_ap,VHT,2,1,1,80,SU,1,4,234,d5766f7fc29bbe9c,1.3253594,1.3253594,1.3253594,1.3253594,1.3253594,1.3253594,1.3253594,1.3253594,1.3253594,1.3253594,1.3253594,1.3253594,1.3253594,1.3253594,1.3253594,1.3253594,1.3253594,1.3253594,1.3253594,1.3253594,1.3253594,1.3253594,1.3253594,1.3253594,1.3253594,1.3253594,1.3253594,1.3253594,1.42353417,1.3253594,1.3253594,1.3253594,1.42353417,1.42353417,1.3253594,1.42353417,1.42353417,1.42353417,1.42353417,1.42353417,1.42353417,1.42353417,1.42353417,1.42353417,1.42353417,1.3253594,1.42353417,1.42353417,1.42353417,1.42353417,1.42353417,1.42353417,1.42353417,1.42353417,1.42353417,1.42353417,1.42353417,1.42353417,1.42353417,1.42353417,1.42353417,1.42353417,1.42353417,1.42353417,1.42353417,1.42353417,1.42353417,1.42353417,1.42353417,1.42353417,1.42353417,1.42353417,1.42353417,1.42353417,1.42353417,1.42353417,1.42353417,1.42353417,1.42353417,1.42353417,1.42353417,1.42353417,1.42353417,1.42353417,1.42353417,1.42353417,1.42353417,1.42353417,1.42353417,1.42353417,1.42353417,1.42353417,1.42353417,1.42353417,1.42353417,1.42353417,1.42353417,1.42353417,1.42353417,1.42353417,1.42353417,1.42353417,1.42353417,1.42353417,1.42353417,1.42353417,1.42353417,1.42353417,1.42353417,1.42353417,1.42353417,1.42353417,1.42353417,1.42353417,1.42353417,1.42353417,1.42353417,1.42353417,1.42353417,1.42353417,1.42353417,1.42353417,1.42353417,1.42353417,1.42353417,1.42353417,1.42353417,1.42353417,1.42353417,1.42353417,1.42353417,1.42353417,1.42353417,1.42353417,1.42353417,1.42353417,1.42353417,1.42353417,1.42353417,1.42353417,1.42353417,1.42353417,1.42353417,1.42353417,1.42353417,1.42353417,1.42353417,1.42353417,1.42353417,1.42353417,1.42353417,1.42353417,1.42353417,1.42353417,1.42353417,1.42353417,1.42353417,1.42353417,1.42353417,1.42353417,1.42353417,1.42353417,1.42353417,1.42353417,1.42353417,1.42353417,1.42353417,1.42353417,1.42353417,1.42353417,1.42353417,1.42353417,1.42353417,1.42353417,1.42353417,1.42353417,1.42353417,1.42353417,1.42353417,1.42353417,1.42353417,1.42353417,1.42353417,1.42353417,1.42353417,1.42353417,1.42353417,1.42353417,1.42353417,1.42353417,1.42353417,1.42353417,1.42353417,1.42353417,1.42353417,1.42353417,1.42353417,1.42353417,1.42353417,1.42353417,1.42353417,1.42353417,1.42353417,1.42353417,1.42353417,1.42353417,1.42353417,1.42353417,1.42353417,1.42353417,1.42353417,1.42353417,1.42353417,1.42353417,1.42353417,1.42353417,1.42353417,1.42353417,1.42353417,1.42353417,1.42353417,1.42353417,1.42353417,1.42353417,1.42353417,1.42353417,1.42353417,1.42353417,1.42353417,1.42353417,1.42353417,1.42353417,1.42353417,1.42353417
110.714853048,C05,AP01,client_to_ap,VHT,2,1,1,80,SU,1,4,234,d5766f7fc29bbe9c,1.3253594,1.3253594,1.3253594,1.3253594,1.3253594,1.3253594,1.3253594,1.3253594,1.3253594,1.3253594,1.3253594,1.3253594,1.3253594,1.3253594,1.3253594,1.3253594,1.3253594,1.3253594,1.3253594,1.3253594,1.3253594,1.3253594,1.3253594,1.3253594,1.3253594,1.3253594,1.3253594,1.3253594,1.3253594,1.3253594,1.3253594,1.3253594,1.42353417,1.42353417,1.42353417,1.42353417,1.3253594,1.3253594,1.3253594,1.3253594,1.42353417,1.42353417,1.42353417,1.42353417,1.42353417,1.42353417,1.42353417,1.3253594,1.42353417,1.42353417,1.42353417,1.3253594,1.42353417,1.42353417,1.42353417,1.42353417,1.42353417,1.42353417,1.42353417,1.42353417,1.42353417,1.42353417,1.42353417,1.42353417,1.42353417,1.42353417,1.42353417,1.42353417,1.42353417,1.42353417,1.42353417,1.42353417,1.42353417,1.42353417,1.42353417,1.42353417,1.42353417,1.42353417,1.42353417,1.42353417,1.42353417,1.42353417,1.42353417,1.42353417,1.42353417,1.42353417,1.42353417,1.42353417,1.42353417,1.42353417,1.42353417,1.42353417,1.42353417,1.42353417,1.42353417,1.42353417,1.42353417,1.42353417,1.42353417,1.42353417,1.42353417,1.42353417,1.42353417,1.42353417,1.42353417,1.42353417,1.42353417,1.42353417,1.42353417,1.42353417,1.42353417,1.42353417,1.42353417,1.42353417,1.42353417,1.42353417,1.42353417,1.42353417,1.42353417,1.42353417,1.42353417,1.42353417,1.42353417,1.42353417,1.42353417,1.42353417,1.42353417,1.42353417,1.42353417,1.42353417,1.42353417,1.42353417,1.42353417,1.42353417,1.42353417,1.42353417,1.42353417,1.42353417,1.42353417,1.42353417,1.42353417,1.42353417,1.42353417,1.42353417,1.42353417,1.42353417,1.42353417,1.42353417,1.42353417,1.42353417,1.42353417,1.42353417,1.42353417,1.42353417,1.42353417,1.42353417,1.42353417,1.42353417,1.42353417,1.42353417,1.42353417,1.42353417,1.42353417,1.42353417,1.42353417,1.42353417,1.42353417,1.42353417,1.42353417,1.42353417,1.42353417,1.42353417,1.42353417,1.42353417,1.42353417,1.42353417,1.42353417,1.42353417,1.42353417,1.42353417,1.42353417,1.42353417,1.42353417,1.42353417,1.42353417,1.42353417,1.42353417,1.42353417,1.42353417,1.42353417,1.42353417,1.42353417,1.42353417,1.42353417,1.42353417,1.42353417,1.42353417,1.42353417,1.42353417,1.42353417,1.42353417,1.42353417,1.42353417,1.42353417,1.42353417,1.42353417,1.42353417,1.42353417,1.42353417,1.42353417,1.42353417,1.42353417,1.42353417,1.42353417,1.42353417,1.42353417,1.42353417,1.42353417,1.42353417,1.42353417,1.42353417,1.42353417,1.42353417,1.42353417,1.42353417,1.42353417,1.42353417,1.42353417,1.42353417,1.42353417,1.42353417,1.42353417,1.42353417,1.42353417
112.152417898,C05,AP01,client_to_ap,VHT,2,1,1,80,SU,1,4,234,d5766f7fc29bbe9c,1.3253594,1.3253594,1.3253594,1.3253594,1.3253594,1.3253594,1.3253594,1.3253594,1.3253594,1.3253594,1.3253594,1.3253594,1.3253594,1.3253594,1.3253594,1.3253594,1.3253594,1.3253594,1.3253594,1.3253594,1.3253594,1.3253594,1.3253594,1.42353417,1.42353417,1.3253594,1.3253594,1.3253594,1.42353417,1.3253594,1.42353417,1.42353417,1.42353417,1.3253594,1.3253594,1.3253594,1.3253594,1.42353417,1.42353417,1.42353417,1.42353417,1.42353417,1.3253594,1.42353417,1.3253594,1.42353417,1.42353417,1.42353417,1.42353417,1.42353417,1.42353417,1.42353417,1.42353417,1.42353417,1.42353417,1.42353417,1.42353417,1.42353417,1.42353417,1.42353417,1.42353417,1.42353417,1.42353417,1.42353417,1.42353417,1.42353417,1.42353417,1.42353417,1.42353417,1.42353417,1.42353417,1.42353417,1.42353417,1.42353417,1.42353417,1.42353417,1.42353417,1.42353417,1.42353417,1.42353417,1.42353417,1.42353417,1.42353417,1.42353417,1.42353417,1.42353417,1.42353417,1.42353417,1.42353417,1.42353417,1.42353417,1.42353417,1.42353417,1.42353417,1.42353417,1.42353417,1.42353417,1.42353417,1.42353417,1.42353417,1.42353417,1.42353417,1.42353417,1.42353417,1.42353417,1.42353417,1.42353417,1.42353417,1.42353417,1.42353417,1.42353417,1.42353417,1.42353417,1.42353417,1.42353417,1.42353417,1.42353417,1.42353417,1.42353417,1.42353417,1.42353417,1.42353417,1.42353417,1.42353417,1.42353417,1.42353417,1.42353417,1.42353417,1.42353417,1.42353417,1.42353417,1.42353417,1.42353417,1.42353417,1.42353417,1.42353417,1.42353417,1.42353417,1.42353417,1.42353417,1.42353417,1.42353417,1.42353417,1.42353417,1.42353417,1.42353417,1.42353417,1.42353417,1.42353417,1.42353417,1.42353417,1.42353417,1.42353417,1.42353417,1.42353417,1.42353417,1.42353417,1.42353417,1.42353417,1.42353417,1.42353417,1.42353417,1.42353417,1.42353417,1.42353417,1.42353417,1.42353417,1.42353417,1.42353417,1.42353417,1.42353417,1.42353417,1.42353417,1.42353417,1.42353417,1.42353417,1.42353417,1.42353417,1.42353417,1.42353417,1.42353417,1.42353417,1.42353417,1.42353417,1.42353417,1.42353417,1.42353417,1.42353417,1.42353417,1.42353417,1.42353417,1.42353417,1.42353417,1.42353417,1.42353417,1.42353417,1.42353417,1.42353417,1.42353417,1.42353417,1.42353417,1.42353417,1.42353417,1.42353417,1.42353417,1.42353417,1.42353417,1.42353417,1.42353417,1.42353417,1.42353417,1.42353417,1.42353417,1.42353417,1.42353417,1.42353417,1.42353417,1.42353417,1.42353417,1.42353417,1.42353417,1.42353417,1.42353417,1.42353417,1.42353417,1.42353417,1.42353417,1.42353417,1.42353417,1.42353417,1.42353417,1.42353417,1.42353417,1.42353417
116.139547825,C05,AP01,client_to_ap,VHT,2,1,1,80,SU,1,4,234,d5766f7fc29bbe9c,1.3253594,1.3253594,1.3253594,1.3253594,1.3253594,1.3253594,1.3253594,1.3253594,1.3253594,1.3253594,1.3253594,1.3253594,1.42353417,1.3253594,1.3253594,1.3253594,1.3253594,1.3253594,1.3253594,1.3253594,1.3253594,1.3253594,1.3253594,1.3253594,1.3253594,1.3253594,1.42353417,1.3253594,1.3253594,1.3253594,1.3253594,1.3253594,1.42353417,1.42353417,1.42353417,1.42353417,1.42353417,1.42353417,1.3253594,1.42353417,1.42353417,1.42353417,1.42353417,1.42353417,1.42353417,1.42353417,1.42353417,1.42353417,1.42353417,1.42353417,1.42353417,1.3253594,1.42353417,1.42353417,1.42353417,1.42353417,1.42353417,1.42353417,1.42353417,1.42353417,1.42353417,1.42353417,1.42353417,1.42353417,1.42353417,1.42353417,1.42353417,1.42353417,1.42353417,1.42353417,1.42353417,1.42353417,1.42353417,1.42353417,1.42353417,1.42353417,1.42353417,1.42353417,1.42353417,1.42353417,1.42353417,1.42353417,1.42353417,1.42353417,1.42353417,1.42353417,1.42353417,1.42353417,1.42353417,1.42353417,1.42353417,1.42353417,1.42353417,1.42353417,1.42353417,1.42353417,1.42353417,1.42353417,1.42353417,1.42353417,1.42353417,1.42353417,1.42353417,1.42353417,1.42353417,1.42353417,1.42353417,1.42353417,1.42353417,1.42353417,1.42353417,1.42353417,1.42353417,1.42353417,1.42353417,1.42353417,1.42353417,1.42353417,1.42353417,1.42353417,1.42353417,1.42353417,1.42353417,1.42353417,1.42353417,1.42353417,1.42353417,1.42353417,1.42353417,1.42353417,1.42353417,1.42353417,1.42353417,1.42353417,1.42353417,1.42353417,1.42353417,1.42353417,1.42353417,1.42353417,1.42353417,1.42353417,1.42353417,1.42353417,1.42353417,1.42353417,1.42353417,1.42353417,1.42353417,1.42353417,1.42353417,1.42353417,1.42353417,1.42353417,1.42353417,1.42353417,1.42353417,1.42353417,1.42353417,1.42353417,1.42353417,1.42353417,1.42353417,1.42353417,1.42353417,1.42353417,1.42353417,1.42353417,1.42353417,1.42353417,1.42353417,1.42353417,1.42353417,1.42353417,1.42353417,1.42353417,1.42353417,1.42353417,1.42353417,1.42353417,1.42353417,1.42353417,1.42353417,1.42353417,1.42353417,1.42353417,1.42353417,1.42353417,1.42353417,1.42353417,1.42353417,1.42353417,1.42353417,1.42353417,1.42353417,1.42353417,1.42353417,1.42353417,1.42353417,1.42353417,1.42353417,1.42353417,1.42353417,1.42353417,1.42353417,1.42353417,1.42353417,1.42353417,1.42353417,1.42353417,1.42353417,1.42353417,1.42353417,1.42353417,1.42353417,1.42353417,1.42353417,1.42353417,1.42353417,1.42353417,1.42353417,1.42353417,1.42353417,1.42353417,1.42353417,1.42353417,1.42353417,1.42353417,1.42353417,1.42353417,1.42353417,1.42353417,1.42353417,1.42353417
117.850128889,C05,AP01,client_to_ap,VHT,2,1,1,80,SU,1,4,234,d5766f7fc29bbe9c,1.3253594,1.3253594,1.3253594,1.3253594,1.3253594,1.3253594,1.3253594,1.3253594,1.3253594,1.3253594,1.3253594,1.3253594,1.3253594,1.3253594,1.3253594,1.3253594,1.3253594,1.3253594,1.3253594,1.3253594,1.3253594,1.3253594,1.3253594,1.3253594,1.3253594,1.3253594,1.3253594,1.3253594,1.42353417,1.3253594,1.3253594,1.3253594,1.42353417,1.42353417,1.42353417,1.3253594,1.3253594,1.42353417,1.3253594,1.3253594,1.42353417,1.3253594,1.42353417,1.42353417,1.42353417,1.42353417,1.42353417,1.42353417,1.42353417,1.42353417,1.42353417,1.3253594,1.42353417,1.42353417,1.42353417,1.42353417,1.42353417,1.42353417,1.42353417,1.42353417,1.42353417,1.42353417,1.42353417,1.42353417,1.42353417,1.42353417,1.42353417,1.42353417,1.42353417,1.42353417,1.42353417,1.42353417,1.42353417,1.42353417,1.42353417,1.42353417,1.42353417,1.42353417,1.42353417,1.42353417,1.42353417,1.42353417,1.42353417,1.42353417,1.42353417,1.42353417,1.42353417,1.42353417,1.42353417,1.42353417,1.42353417,1.42353417,1.42353417,1.42353417,1.42353417,1.42353417,1.42353417,1.42353417,1.42353417,1.42353417,1.42353417,1.42353417,1.42353417,1.42353417,1.42353417,1.42353417,1.42353417,1.42353417,1.42353417,1.42353417,1.42353417,1.42353417,1.42353417,1.42353417,1.42353417,1.42353417,1.42353417,1.42353417,1.42353417,1.42353417,1.42353417,1.42353417,1.42353417,1.42353417,1.42353417,1.42353417,1.42353417,1.42353417,1.42353417,1.42353417,1.42353417,1.42353417,1.42353417,1.42353417,1.42353417,1.42353417,1.42353417,1.42353417,1.42353417,1.42353417,1.42353417,1.42353417,1.42353417,1.42353417,1.42353417,1.42353417,1.42353417,1.42353417,1.42353417,1.42353417,1.42353417,1.42353417,1.42353417,1.42353417,1.42353417,1.42353417,1.42353417,1.42353417,1.42353417,1.42353417,1.42353417,1.42353417,1.42353417,1.42353417,1.42353417,1.42353417,1.42353417,1.42353417,1.42353417,1.42353417,1.42353417,1.42353417,1.42353417,1.42353417,1.42353417,1.42353417,1.42353417,1.42353417,1.42353417,1.42353417,1.42353417,1.42353417,1.42353417,1.42353417,1.42353417,1.42353417,1.42353417,1.42353417,1.42353417,1.42353417,1.42353417,1.42353417,1.42353417,1.42353417,1.42353417,1.42353417,1.42353417,1.42353417,1.42353417,1.42353417,1.42353417,1.42353417,1.42353417,1.42353417,1.42353417,1.42353417,1.42353417,1.42353417,1.42353417,1.42353417,1.42353417,1.42353417,1.42353417,1.42353417,1.42353417,1.42353417,1.42353417,1.42353417,1.42353417,1.42353417,1.42353417,1.42353417,1.42353417,1.42353417,1.42353417,1.42353417,1.42353417,1.42353417,1.42353417,1.42353417,1.42353417,1.42353417,1.42353417,1.42353417
120.800009966,C05,AP01,client_to_ap,VHT,2,1,1,80,SU,1,4,234,d5766f7fc29bbe9c,1.3253594,1.3253594,1.3253594,1.3253594,1.3253594,1.3253594,1.3253594,1.3253594,1.3253594,1.3253594,1.3253594,1.3253594,1.3253594,1.3253594,1.3253594,1.3253594,1.3253594,1.3253594,1.3253594,1.3253594,1.3253594,1.3253594,1.3253594,1.3253594,1.42353417,1.3253594,1.3253594,1.42353417,1.42353417,1.3253594,1.3253594,1.3253594,1.42353417,1.42353417,1.42353417,1.42353417,1.42353417,1.42353417,1.3253594,1.42353417,1.42353417,1.42353417,1.42353417,1.42353417,1.42353417,1.3253594,1.42353417,1.3253594,1.42353417,1.42353417,1.42353417,1.42353417,1.42353417,1.42353417,1.42353417,1.42353417,1.42353417,1.42353417,1.42353417,1.42353417,1.42353417,1.42353417,1.42353417,1.42353417,1.42353417,1.42353417,1.42353417,1.42353417,1.42353417,1.42353417,1.42353417,1.42353417,1.42353417,1.42353417,1.42353417,1.42353417,1.42353417,1.42353417,1.42353417,1.42353417,1.42353417,1.42353417,1.42353417,1.42353417,1.42353417,1.42353417,1.42353417,1.42353417,1.42353417,1.42353417,1.42353417,1.42353417,1.42353417,1.42353417,1.42353417,1.42353417,1.42353417,1.42353417,1.42353417,1.42353417,1.42353417,1.42353417,1.42353417,1.42353417,1.42353417,1.42353417,1.42353417,1.42353417,1.42353417,1.42353417,1.42353417,1.42353417,1.42353417,1.42353417,1.42353417,1.42353417,1.42353417,1.42353417,1.42353417,1.42353417,1.42353417,1.42353417,1.42353417,1.42353417,1.42353417,1.42353417,1.42353417,1.42353417,1.42353417,1.42353417,1.42353417,1.42353417,1.42353417,1.42353417,1.42353417,1.42353417,1.42353417,1.42353417,1.42353417,1.42353417,1.42353417,1.42353417,1.42353417,1.42353417,1.42353417,1.42353417,1.42353417,1.42353417,1.42353417,1.42353417,1.42353417,1.42353417,1.42353417,1.42353417,1.42353417,1.42353417,1.42353417,1.42353417,1.42353417,1.42353417,1.42353417,1.42353417,1.42353417,1.42353417,1.42353417,1.42353417,1.42353417,1.42353417,1.42353417,1.42353417,1.42353417,1.42353417,1.42353417,1.42353417,1.42353417,1.42353417,1.42353417,1.42353417,1.42353417,1.42353417,1.42353417,1.42353417,1.42353417,1.42353417,1.42353417,1.42353417,1.42353417,1.42353417,1.42353417,1.42353417,1.42353417,1.42353417,1.42353417,1.42353417,1.42353417,1.42353417,1.42353417,1.42353417,1.42353417,1.42353417,1.42353417,1.42353417,1.42353417,1.42353417,1.42353417,1.42353417,1.42353417,1.42353417,1.42353417,1.42353417,1.42353417,1.42353417,1.42353417,1.42353417,1.42353417,1.42353417,1.42353417,1.42353417,1.42353417,1.42353417,1.42353417,1.42353417,1.42353417,1.42353417,1.42353417,1.42353417,1.42353417,1.42353417,1.42353417,1.42353417,1.42353417,1.42353417,1.42353417,1.42353417
123.171023846,C05,AP01,client_to_ap,VHT,2,1,1,80,SU,1,4,234,d5766f7fc29bbe9c,1.3253594,1.3253594,1.3253594,1.3253594,1.3253594,1.3253594,1.3253594,1.3253594,1.3253594,1.3253594,1.3253594,1.3253594,1.3253594,1.3253594,1.3253594,1.3253594,1.3253594,1.3253594,1.3253594,1.3253594,1.3253594,1.3253594,1.3253594,1.3253594,1.3253594,1.3253594,1.3253594,1.42353417,1.3253594,1.3253594,1.3253594,1.3253594,1.42353417,1.42353417,1.3253594,1.42353417,1.42353417,1.3253594,1.3253594,1.3253594,1.42353417,1.42353417,1.42353417,1.42353417,1.42353417,1.3253594,1.42353417,1.3253594,1.42353417,1.42353417,1.42353417,1.42353417,1.42353417,1.42353417,1.42353417,1.42353417,1.42353417,1.42353417,1.42353417,1.42353417,1.42353417,1.42353417,1.42353417,1.42353417,1.42353417,1.42353417,1.42353417,1.42353417,1.42353417,1.42353417,1.42353417,1.42353417,1.42353417,1.42353417,1.42353417,1.42353417,1.42353417,1.42353417,1.42353417,1.42353417,1.42353417,1.42353417,1.42353417,1.42353417,1.42353417,1.42353417,1.42353417,1.42353417,1.42353417,1.42353417,1.42353417,1.42353417,1.42353417,1.42353417,1.42353417,1.42353417,1.42353417,1.42353417,1.42353417,1.42353417,1.42353417,1.42353417,1.42353417,1.42353417,1.42353417,1.42353417,1.42353417,1.42353417,1.42353417,1.42353417,1.42353417,1.42353417,1.42353417,1.42353417,1.42353417,1.42353417,1.42353417,1.42353417,1.42353417,1.42353417,1.42353417,1.42353417,1.42353417,1.42353417,1.42353417,1.42353417,1.42353417,1.42353417,1.42353417,1.42353417,1.42353417,1.42353417,1.42353417,1.42353417,1.42353417,1.42353417,1.42353417,1.42353417,1.42353417,1.42353417,1.42353417,1.42353417,1.42353417,1.42353417,1.42353417,1.42353417,1.42353417,1.42353417,1.42353417,1.42353417,1.42353417,1.42353417,1.42353417,1.42353417,1.42353417,1.42353417,1.42353417,1.42353417,1.42353417,1.42353417,1.42353417,1.42353417,1.42353417,1.42353417,1.42353417,1.42353417,1.42353417,1.42353417,1.42353417,1.42353417,1.42353417,1.42353417,1.42353417,1.42353417,1.42353417,1.42353417,1.42353417,1.42353417,1.42353417,1.42353417,1.42353417,1.42353417,1.42353417,1.42353417,1.42353417,1.42353417,1.42353417,1.42353417,1.42353417,1.42353417,1.42353417,1.42353417,1.42353417,1.42353417,1.42353417,1.42353417,1.42353417,1.42353417,1.42353417,1.42353417,1.42353417,1.42353417,1.42353417,1.42353417,1.42353417,1.42353417,1.42353417,1.42353417,1.42353417,1.42353417,1.42353417,1.42353417,1.42353417,1.42353417,1.42353417,1.42353417,1.42353417,1.42353417,1.42353417,1.42353417,1.42353417,1.42353417,1.42353417,1.42353417,1.42353417,1.42353417,1.42353417,1.42353417,1.42353417,1.42353417,1.42353417,1.42353417,1.42353417,1.42353417
126.061015844,C05,AP01,client_to_ap,VHT,2,1,1,80,SU,1,4,234,d5766f7fc29bbe9c,1.3253594,1.3253594,1.3253594,1.3253594,1.3253594,1.3253594,1.3253594,1.3253594,1.3253594,1.3253594,1.3253594,1.3253594,1.3253594,1.3253594,1.3253594,1.3253594,1.3253594,1.3253594,1.3253594,1.3253594,1.3253594,1.3253594,1.3253594,1.3253594,1.3253594,1.3253594,1.42353417,1.3253594,1.42353417,1.3253594,1.42353417,1.42353417,1.42353417,1.42353417,1.42353417,1.3253594,1.42353417,1.42353417,1.42353417,1.42353417,1.42353417,1.42353417,1.42353417,1.42353417,1.42353417,1.42353417,1.42353417,1.42353417,1.42353417,1.42353417,1.42353417,1.3253594,1.42353417,1.42353417,1.42353417,1.42353417,1.42353417,1.42353417,1.42353417,1.42353417,1.42353417,1.42353417,1.42353417,1.42353417,1.42353417,1.42353417,1.42353417,1.42353417,1.42353417,1.42353417,1.42353417,1.42353417,1.42353417,1.42353417,1.42353417,1.42353417,1.42353417,1.42353417,1.42353417,1.42353417,1.42353417,1.42353417,1.42353417,1.42353417,1.42353417,1.42353417,1.42353417,1.42353417,1.42353417,1.42353417,1.42353417,1.42353417,1.42353417,1.42353417,1.42353417,1.42353417,1.42353417,1.42353417,1.42353417,1.42353417,1.42353417,1.42353417,1.42353417,1.42353417,1.42353417,1.42353417,1.42353417,1.42353417,1.42353417,1.42353417,1.42353417,1.42353417,1.42353417,1.42353417,1.42353417,1.42353417,1.42353417,1.42353417,1.42353417,1.42353417,1.42353417,1.42353417,1.42353417,1.42353417,1.42353417,1.42353417,1.42353417,1.42353417,1.42353417,1.42353417,1.42353417,1.42353417,1.42353417,1.42353417,1.42353417,1.42353417,1.42353417,1.42353417,1.42353417,1.42353417,1.42353417,1.42353417,1.42353417,1.42353417,1.42353417,1.42353417,1.42353417,1.42353417,1.42353417,1.42353417,1.42353417,1.42353417,1.42353417,1.42353417,1.42353417,1.42353417,1.42353417,1.42353417,1.42353417,1.42353417,1.42353417,1.42353417,1.42353417,1.42353417,1.42353417,1.42353417,1.42353417,1.42353417,1.42353417,1.42353417,1.42353417,1.42353417,1.42353417,1.42353417,1.42353417,1.42353417,1.42353417,1.42353417,1.42353417,1.42353417,1.42353417,1.42353417,1.42353417,1.42353417,1.42353417,1.42353417,1.42353417,1.42353417,1.42353417,1.42353417,1.42353417,1.42353417,1.42353417,1.42353417,1.42353417,1.42353417,1.42353417,1.42353417,1.42353417,1.42353417,1.42353417,1.42353417,1.42353417,1.42353417,1.42353417,1.42353417,1.42353417,1.42353417,1.42353417,1.42353417,1.42353417,1.42353417,1.42353417,1.42353417,1.42353417,1.42353417,1.42353417,1.42353417,1.42353417,1.42353417,1.42353417,1.42353417,1.42353417,1.42353417,1.42353417,1.42353417,1.42353417,1.42353417,1.42353417,1.42353417,1.42353417,1.42353417,1.42353417,1.42353417
128.139611959,C05,AP01,client_to_ap,VHT,2,1,1,80,SU,1,4,234,d5766f7fc29bbe9c,1.3253594,1.3253594,1.3253594,1.3253594,1.3253594,1.3253594,1.3253594,1.3253594,1.3253594,1.3253594,1.3253594,1.3253594,1.3253594,1.3253594,1.3253594,1.3253594,1.3253594,1.3253594,1.3253594,1.3253594,1.3253594,1.3253594,1.3253594,1.3253594,1.3253594,1.3253594,1.3253594,1.3253594,1.3253594,1.42353417,1.3253594,1.3253594,1.42353417,1.42353417,1.42353417,1.3253594,1.42353417,1.42353417,1.42353417,1.42353417,1.42353417,1.3253594,1.42353417,1.42353417,1.42353417,1.42353417,1.42353417,1.42353417,1.42353417,1.42353417,1.42353417,1.3253594,1.42353417,1.42353417,1.42353417,1.42353417,1.42353417,1.42353417,1.42353417,1.42353417,1.42353417,1.42353417,1.42353417,1.42353417,1.42353417,1.42353417,1.42353417,1.42353417,1.42353417,1.42353417,1.42353417,1.42353417,1.42353417,1.42353417,1.42353417,1.42353417,1.42353417,1.42353417,1.42353417,1.42353417,1.42353417,1.42353417,1.42353417,1.42353417,1.42353417,1.42353417,1.42353417,1.42353417,1.42353417,1.42353417,1.42353417,1.42353417,1.42353417,1.42353417,1.42353417,1.42353417,1.42353417,1.42353417,1.42353417,1.42353417,1.42353417,1.42353417,1.42353417,1.42353417,1.42353417,1.42353417,1.42353417,1.42353417,1.42353417,1.42353417,1.42353417,1.42353417,1.42353417,1.42353417,1.42353417,1.42353417,1.42353417,1.42353417,1.42353417,1.42353417,1.42353417,1.42353417,1.42353417,1.42353417,1.42353417,1.42353417,1.42353417,1.42353417,1.42353417,1.42353417,1.42353417,1.42353417,1.42353417,1.42353417,1.42353417,1.42353417,1.42353417,1.42353417,1.42353417,1.42353417,1.42353417,1.42353417,1.42353417,1.42353417,1.42353417,1.42353417,1.42353417,1.42353417,1.42353417,1.42353417,1.42353417,1.42353417,1.42353417,1.42353417,1.42353417,1.42353417,1.42353417,1.42353417,1.42353417,1.42353417,1.42353417,1.42353417,1.42353417,1.42353417,1.42353417,1.42353417,1.42353417,1.42353417,1.42353417,1.42353417,1.42353417,1.42353417,1.42353417,1.42353417,1.42353417,1.42353417,1.42353417,1.42353417,1.42353417,1.42353417,1.42353417,1.42353417,1.42353417,1.42353417,1.42353417,1.42353417,1.42353417,1.42353417,1.42353417,1.42353417,1.42353417,1.42353417,1.42353417,1.42353417,1.42353417,1.42353417,1.42353417,1.42353417,1.42353417,1.42353417,1.42353417,1.42353417,1.42353417,1.42353417,1.42353417,1.42353417,1.42353417,1.42353417,1.42353417,1.42353417,1.42353417,1.42353417,1.42353417,1.42353417,1.42353417,1.42353417,1.42353417,1.42353417,1.42353417,1.42353417,1.42353417,1.42353417,1.42353417,1.42353417,1.42353417,1.42353417,1.42353417,1.42353417,1.42353417,1.42353417,1.42353417,1.42353417,1.42353417,1.42353417
129.566998959,C05,AP01,client_to_ap,VHT,2,1,1,80,SU,1,4,234,d5766f7fc29bbe9c,1.3253594,1.3253594,1.3253594,1.3253594,1.3253594,1.3253594,1.3253594,1.3253594,1.3253594,1.3253594,1.3253594,1.3253594,1.3253594,1.3253594,1.3253594,1.3253594,1.3253594,1.3253594,1.3253594,1.3253594,1.3253594,1.3253594,1.3253594,1.3253594,1.3253594,1.3253594,1.42353417,1.42353417,1.42353417,1.3253594,1.3253594,1.3253594,1.42353417,1.42353417,1.3253594,1.42353417,1.42353417,1.42353417,1.3253594,1.42353417,1.42353417,1.42353417,1.42353417,1.42353417,1.42353417,1.3253594,1.42353417,1.3253594,1.42353417,1.42353417,1.42353417,1.42353417,1.42353417,1.42353417,1.42353417,1.42353417,1.42353417,1.42353417,1.42353417,1.42353417,1.42353417,1.42353417,1.42353417,1.42353417,1.42353417,1.42353417,1.42353417,1.42353417,1.42353417,1.42353417,1.42353417,1.42353417,1.42353417,1.42353417,1.42353417,1.42353417,1.42353417,1.42353417,1.42353417,1.42353417,1.42353417,1.42353417,1.42353417,1.42353417,1.42353417,1.42353417,1.42353417,1.42353417,1.42353417,1.42353417,1.42353417,1.42353417,1.42353417,1.42353417,1.42353417,1.42353417,1.42353417,1.42353417,1.42353417,1.42353417,1.42353417,1.42353417,1.42353417,1.42353417,1.42353417,1.42353417,1.42353417,1.42353417,1.42353417,1.42353417,1.42353417,1.42353417,1.42353417,1.42353417,1.42353417,1.42353417,1.42353417,1.42353417,1.42353417,1.42353417,1.42353417,1.42353417,1.42353417,1.42353417,1.42353417,1.42353417,1.42353417,1.42353417,1.42353417,1.42353417,1.42353417,1.42353417,1.42353417,1.42353417,1.42353417,1.42353417,1.42353417,1.42353417,1.42353417,1.42353417,1.42353417,1.42353417,1.42353417,1.42353417,1.42353417,1.42353417,1.42353417,1.42353417,1.42353417,1.42353417,1.42353417,1.42353417,1.42353417,1.42353417,1.42353417,1.42353417,1.42353417,1.42353417,1.42353417,1.42353417,1.42353417,1.42353417,1.42353417,1.42353417,1.42353417,1.42353417,1.42353417,1.42353417,1.42353417,1.42353417,1.42353417,1.42353417,1.42353417,1.42353417,1.42353417,1.42353417,1.42353417,1.42353417,1.42353417,1.42353417,1.42353417,1.42353417,1.42353417,1.42353417,1.42353417,1.42353417,1.42353417,1.42353417,1.42353417,1.42353417,1.42353417,1.42353417,1.42353417,1.42353417,1.42353417,1.42353417,1.42353417,1.42353417,1.42353417,1.42353417,1.42353417,1.42353417,1.42353417,1.42353417,1.42353417,1.42353417,1.42353417,1.42353417,1.42353417,1.42353417,1.42353417,1.42353417,1.42353417,1.42353417,1.42353417,1.42353417,1.42353417,1.42353417,1.42353417,1.42353417,1.42353417,1.42353417,1.42353417,1.42353417,1.42353417,1.42353417,1.42353417,1.42353417,1.42353417,1.42353417,1.42353417,1.42353417,1.42353417,1.42353417
132.783721924,C05,AP01,client_to_ap,VHT,2,1,1,80,SU,1,4,234,d5766f7fc29bbe9c,1.3253594,1.3253594,1.3253594,1.3253594,1.3253594,1.3253594,1.3253594,1.3253594,1.3253594,1.3253594,1.3253594,1.3253594,1.3253594,1.3253594,1.3253594,1.3253594,1.3253594,1.3253594,1.3253594,1.3253594,1.3253594,1.3253594,1.3253594,1.3253594,1.3253594,1.3253594,1.3253594,1.3253594,1.3253594,1.3253594,1.3253594,1.3253594,1.42353417,1.42353417,1.42353417,1.42353417,1.42353417,1.3253594,1.3253594,1.3253594,1.3253594,1.42353417,1.42353417,1.42353417,1.42353417,1.42353417,1.42353417,1.3253594,1.42353417,1.42353417,1.42353417,1.42353417,1.42353417,1.42353417,1.42353417,1.42353417,1.42353417,1.42353417,1.42353417,1.42353417,1.42353417,1.42353417,1.42353417,1.42353417,1.42353417,1.42353417,1.42353417,1.42353417,1.42353417,1.42353417,1.42353417,1.42353417,1.42353417,1.42353417,1.42353417,1.42353417,1.42353417,1.42353417,1.42353417,1.42353417,1.42353417,1.42353417,1.42353417,1.42353417,1.42353417,1.42353417,1.42353417,1.42353417,1.42353417,1.42353417,1.42353417,1.42353417,1.42353417,1.42353417,1.42353417,1.42353417,1.42353417,1.42353417,1.42353417,1.42353417,1.42353417,1.42353417,1.42353417,1.42353417,1.42353417,1.42353417,1.42353417,1.42353417,1.42353417,1.42353417,1.42353417,1.42353417,1.42353417,1.42353417,1.42353417,1.42353417,1.42353417,1.42353417,1.42353417,1.42353417,1.42353417,1.42353417,1.42353417,1.42353417,1.42353417,1.42353417,1.42353417,1.42353417,1.42353417,1.42353417,1.42353417,1.42353417,1.42353417,1.42353417,1.42353417,1.42353417,1.42353417,1.42353417,1.42353417,1.42353417,1.42353417,1.42353417,1.42353417,1.42353417,1.42353417,1.42353417,1.42353417,1.42353417,1.42353417,1.42353417,1.42353417,1.42353417,1.42353417,1.42353417,1.42353417,1.42353417,1.42353417,1.42353417,1.42353417,1.42353417,1.42353417,1.42353417,1.42353417,1.42353417,1.42353417,1.42353417,1.42353417,1.42353417,1.42353417,1.42353417,1.42353417,1.42353417,1.42353417,1.42353417,1.42353417,1.42353417,1.42353417,1.42353417,1.42353417,1.42353417,1.42353417,1.42353417,1.42353417,1.42353417,1.42353417,1.42353417,1.42353417,1.42353417,1.42353417,1.42353417,1.42353417,1.42353417,1.42353417,1.42353417,1.42353417,1.42353417,1.42353417,1.42353417,1.42353417,1.42353417,1.42353417,1.42353417,1.42353417,1.42353417,1.42353417,1.42353417,1.42353417,1.42353417,1.42353417,1.42353417,1.42353417,1.42353417,1.42353417,1.42353417,1.42353417,1.42353417,1.42353417,1.42353417,1.42353417,1.42353417,1.42353417,1.42353417,1.42353417,1.42353417,1.42353417,1.42353417,1.42353417,1.42353417,1.42353417,1.42353417,1.42353417,1.42353417,1.42353417,1.42353417
134.134974957,C05,AP01,client_to_ap,VHT,2,1,1,80,SU,1,4,234,d5766f7fc29bbe9c,1.3253594,1.3253594,1.3253594,1.3253594,1.3253594,1.3253594,1.3253594,1.3253594,1.3253594,1.3253594,1.3253594,1.3253594,1.3253594,1.3253594,1.3253594,1.3253594,1.3253594,1.3253594,1.3253594,1.3253594,1.3253594,1.3253594,1.3253594,1.3253594,1.3253594,1.3253594,1.3253594,1.3253594,1.3253594,1.3253594,1.3253594,1.3253594,1.42353417,1.3253594,1.3253594,1.42353417,1.42353417,1.3253594,1.3253594,1.3253594,1.42353417,1.42353417,1.3253594,1.42353417,1.42353417,1.3253594,1.42353417,1.42353417,1.42353417,1.42353417,1.42353417,1.42353417,1.42353417,1.42353417,1.42353417,1.3253594,1.42353417,1.42353417,1.42353417,1.42353417,1.42353417,1.42353417,1.42353417,1.42353417,1.42353417,1.42353417,1.42353417,1.42353417,1.42353417,1.42353417,1.42353417,1.42353417,1.42353417,1.42353417,1.42353417,1.42353417,1.42353417,1.42353417,1.42353417,1.42353417,1.42353417,1.42353417,1.42353417,1.42353417,1.42353417,1.42353417,1.42353417,1.42353417,1.42353417,1.42353417,1.42353417,1.42353417,1.42353417,1.42353417,1.42353417,1.42353417,1.42353417,1.42353417,1.42353417,1.42353417,1.42353417,1.42353417,1.42353417,1.42353417,1.42353417,1.42353417,1.42353417,1.42353417,1.42353417,1.42353417,1.42353417,1.42353417,1.42353417,1.42353417,1.42353417,1.42353417,1.42353417,1.42353417,1.42353417,1.42353417,1.42353417,1.42353417,1.42353417,1.42353417,1.42353417,1.42353417,1.42353417,1.42353417,1.42353417,1.42353417,1.42353417,1.42353417,1.42353417,1.42353417,1.42353417,1.42353417,1.42353417,1.42353417,1.42353417,1.42353417,1.42353417,1.42353417,1.42353417,1.42353417,1.42353417,1.42353417,1.42353417,1.42353417,1.42353417,1.42353417,1.42353417,1.42353417,1.42353417,1.42353417,1.42353417,1.42353417,1.42353417,1.42353417,1.42353417,1.42353417,1.42353417,1.42353417,1.42353417,1.42353417,1.42353417,1.42353417,1.42353417,1.42353417,1.42353417,1.42353417,1.42353417,1.42353417,1.42353417,1.42353417,1.42353417,1.42353417,1.42353417,1.42353417,1.42353417,1.42353417,1.42353417,1.42353417,1.42353417,1.42353417,1.42353417,1.42353417,1.42353417,1.42353417,1.42353417,1.42353417,1.42353417,1.42353417,1.42353417,1.42353417,1.42353417,1.42353417,1.42353417,1.42353417,1.42353417,1.42353417,1.42353417,1.42353417,1.42353417,1.42353417,1.42353417,1.42353417,1.42353417,1.42353417,1.42353417,1.42353417,1.42353417,1.42353417,1.42353417,1.42353417,1.42353417,1.42353417,1.42353417,1.42353417,1.42353417,1.42353417,1.42353417,1.42353417,1.42353417,1.42353417,1.42353417,1.42353417,1.42353417,1.42353417,1.42353417,1.42353417,1.42353417,1.42353417,1.42353417,1.42353417
137.294430971,C05,AP01,client_to_ap,VHT,2,1,1,80,SU,1,4,234,d5766f7fc29bbe9c,1.3253594,1.3253594,1.3253594,1.3253594,1.3253594,1.3253594,1.3253594,1.3253594,1.3253594,1.3253594,1.3253594,1.3253594,1.3253594,1.3253594,1.3253594,1.3253594,1.3253594,1.3253594,1.3253594,1.3253594,1.3253594,1.3253594,1.3253594,1.3253594,1.3253594,1.3253594,1.42353417,1.42353417,1.3253594,1.3253594,1.3253594,1.3253594,1.42353417,1.42353417,1.42353417,1.42353417,1.42353417,1.42353417,1.42353417,1.3253594,1.42353417,1.42353417,1.42353417,1.42353417,1.42353417,1.3253594,1.42353417,1.42353417,1.42353417,1.42353417,1.42353417,1.3253594,1.42353417,1.42353417,1.42353417,1.42353417,1.42353417,1.42353417,1.42353417,1.42353417,1.42353417,1.42353417,1.42353417,1.42353417,1.42353417,1.42353417,1.42353417,1.42353417,1.42353417,1.42353417,1.42353417,1.42353417,1.42353417,1.42353417,1.42353417,1.42353417,1.42353417,1.42353417,1.42353417,1.42353417,1.42353417,1.42353417,1.42353417,1.42353417,1.42353417,1.42353417,1.42353417,1.42353417,1.42353417,1.42353417,1.42353417,1.42353417,1.42353417,1.42353417,1.42353417,1.42353417,1.42353417,1.42353417,1.42353417,1.42353417,1.42353417,1.42353417,1.42353417,1.42353417,1.42353417,1.42353417,1.42353417,1.42353417,1.42353417,1.42353417,1.42353417,1.42353417,1.42353417,1.42353417,1.42353417,1.42353417,1.42353417,1.42353417,1.42353417,1.42353417,1.42353417,1.42353417,1.42353417,1.42353417,1.42353417,1.42353417,1.42353417,1.42353417,1.42353417,1.42353417,1.42353417,1.42353417,1.42353417,1.42353417,1.42353417,1.42353417,1.42353417,1.42353417,1.42353417,1.42353417,1.42353417,1.42353417,1.42353417,1.42353417,1.42353417,1.42353417,1.42353417,1.42353417,1.42353417,1.42353417,1.42353417,1.42353417,1.42353417,1.42353417,1.42353417,1.42353417,1.42353417,1.42353417,1.42353417,1.42353417,1.42353417,1.42353417,1.42353417,1.42353417,1.42353417,1.42353417,1.42353417,1.42353417,1.42353417,1.42353417,1.42353417,1.42353417,1.42353417,1.42353417,1.42353417,1.42353417,1.42353417,1.42353417,1.42353417,1.42353417,1.42353417,1.42353417,1.42353417,1.42353417,1.42353417,1.42353417,1.42353417,1.42353417,1.42353417,1.42353417,1.42353417,1.42353417,1.42353417,1.42353417,1.42353417,1.42353417,1.42353417,1.42353417,1.42353417,1.42353417,1.42353417,1.42353417,1.42353417,1.42353417,1.42353417,1.42353417,1.42353417,1.42353417,1.42353417,1.42353417,1.42353417,1.42353417,1.42353417,1.42353417,1.42353417,1.42353417,1.42353417,1.42353417,1.42353417,1.42353417,1.42353417,1.42353417,1.42353417,1.42353417,1.42353417,1.42353417,1.42353417,1.42353417,1.42353417,1.42353417,1.42353417,1.42353417,1.42353417,1.42353417
138.626011848,C05,AP01,client_to_ap,VHT,2,1,1,80,SU,1,4,234,d5766f7fc29bbe9c,1.3253594,1.3253594,1.3253594,1.3253594,1.3253594,1.3253594,1.3253594,1.3253594,1.3253594,1.3253594,1.3253594,1.3253594,1.3253594,1.3253594,1.3253594,1.3253594,1.3253594,1.3253594,1.3253594,1.3253594,1.3253594,1.3253594,1.3253594,1.3253594,1.3253594,1.3253594,1.42353417,1.3253594,1.3253594,1.3253594,1.3253594,1.3253594,1.42353417,1.42353417,1.3253594,1.42353417,1.42353417,1.3253594,1.3253594,1.3253594,1.3253594,1.42353417,1.42353417,1.42353417,1.42353417,1.42353417,1.42353417,1.3253594,1.42353417,1.42353417,1.42353417,1.42353417,1.42353417,1.42353417,1.42353417,1.3253594,1.42353417,1.42353417,1.42353417,1.42353417,1.42353417,1.42353417,1.42353417,1.42353417,1.42353417,1.42353417,1.42353417,1.42353417,1.42353417,1.42353417,1.42353417,1.42353417,1.42353417,1.42353417,1.42353417,1.42353417,1.42353417,1.42353417,1.42353417,1.42353417,1.42353417,1.42353417,1.42353417,1.42353417,1.42353417,1.42353417,1.42353417,1.42353417,1.42353417,1.42353417,1.42353417,1.42353417,1.42353417,1.42353417,1.42353417,1.42353417,1.42353417,1.42353417,1.42353417,1.42353417,1.42353417,1.42353417,1.42353417,1.42353417,1.42353417,1.42353417,1.42353417,1.42353417,1.42353417,1.42353417,1.42353417,1.42353417,1.42353417,1.42353417,1.42353417,1.42353417,1.42353417,1.42353417,1.42353417,1.42353417,1.42353417,1.42353417,1.42353417,1.42353417,1.42353417,1.42353417,1.42353417,1.42353417,1.42353417,1.42353417,1.42353417,1.42353417,1.42353417,1.42353417,1.42353417,1.42353417,1.42353417,1.42353417,1.42353417,1.42353417,1.42353417,1.42353417,1.42353417,1.42353417,1.42353417,1.42353417,1.42353417,1.42353417,1.42353417,1.42353417,1.42353417,1.42353417,1.42353417,1.42353417,1.42353417,1.42353417,1.42353417,1.42353417,1.42353417,1.42353417,1.42353417,1.42353417,1.42353417,1.42353417,1.42353417,1.42353417,1.42353417,1.42353417,1.42353417,1.42353417,1.42353417,1.42353417,1.42353417,1.42353417,1.42353417,1.42353417,1.42353417,1.42353417,1.42353417,1.42353417,1.42353417,1.42353417,1.42353417,1.42353417,1.42353417,1.42353417,1.42353417,1.42353417,1.42353417,1.42353417,1.42353417,1.42353417,1.42353417,1.42353417,1.42353417,1.42353417,1.42353417,1.42353417,1.42353417,1.42353417,1.42353417,1.42353417,1.42353417,1.42353417,1.42353417,1.42353417,1.42353417,1.42353417,1.42353417,1.42353417,1.42353417,1.42353417,1.42353417,1.42353417,1.42353417,1.42353417,1.42353417,1.42353417,1.42353417,1.42353417,1.42353417,1.42353417,1.42353417,1.42353417,1.42353417,1.42353417,1.42353417,1.42353417,1.42353417,1.42353417,1.42353417,1.42353417,1.42353417,1.42353417
142.746978045,C05,AP01,client_to_ap,VHT,2,1,1,80,SU,1,4,234,d5766f7fc29bbe9c,1.3253594,1.3253594,1.3253594,1.3253594,1.3253594,1.3253594,1.3253594,1.3253594,1.3253594,1.3253594,1.3253594,1.3253594,1.3253594,1.3253594,1.3253594,1.3253594,1.3253594,1.3253594,1.3253594,1.3253594,1.3253594,1.3253594,1.3253594,1.3253594,1.3253594,1.3253594,1.3253594,1.3253594,1.3253594,1.42353417,1.42353417,1.42353417,1.42353417,1.3253594,1.3253594,1.42353417,1.42353417,1.42353417,1.42353417,1.42353417,1.42353417,1.42353417,1.3253594,1.42353417,1.3253594,1.42353417,1.42353417,1.3253594,1.42353417,1.42353417,1.42353417,1.42353417,1.42353417,1.42353417,1.42353417,1.42353417,1.42353417,1.42353417,1.42353417,1.42353417,1.42353417,1.42353417,1.42353417,1.42353417,1.42353417,1.42353417,1.42353417,1.42353417,1.42353417,1.42353417,1.42353417,1.42353417,1.42353417,1.42353417,1.42353417,1.42353417,1.42353417,1.42353417,1.42353417,1.42353417,1.42353417,1.42353417,1.42353417,1.42353417,1.42353417,1.42353417,1.42353417,1.42353417,1.42353417,1.42353417,1.42353417,1.42353417,1.42353417,1.42353417,1.42353417,1.42353417,1.42353417,1.42353417,1.42353417,1.42353417,1.42353417,1.42353417,1.42353417,1.42353417,1.42353417,1.42353417,1.42353417,1.42353417,1.42353417,1.42353417,1.42353417,1.42353417,1.42353417,1.42353417,1.42353417,1.42353417,1.42353417,1.42353417,1.42353417,1.42353417,1.42353417,1.42353417,1.42353417,1.42353417,1.42353417,1.42353417,1.42353417,1.42353417,1.42353417,1.42353417,1.42353417,1.42353417,1.42353417,1.42353417,1.42353417,1.42353417,1.42353417,1.42353417,1.42353417,1.42353417,1.42353417,1.42353417,1.42353417,1.42353417,1.42353417,1.42353417,1.42353417,1.42353417,1.42353417,1.42353417,1.42353417,1.42353417,1.42353417,1.42353417,1.42353417,1.42353417,1.42353417,1.42353417,1.42353417,1.42353417,1.42353417,1.42353417,1.42353417,1.42353417,1.42353417,1.42353417,1.42353417,1.42353417,1.42353417,1.42353417,1.42353417,1.42353417,1.42353417,1.42353417,1.42353417,1.42353417,1.42353417,1.42353417,1.42353417,1.42353417,1.42353417,1.42353417,1.42353417,1.42353417,1.42353417,1.42353417,1.42353417,1.42353417,1.42353417,1.42353417,1.42353417,1.42353417,1.42353417,1.42353417,1.42353417,1.42353417,1.42353417,1.42353417,1.42353417,1.42353417,1.42353417,1.42353417,1.42353417,1.42353417,1.42353417,1.42353417,1.42353417,1.42353417,1.42353417,1.42353417,1.42353417,1.42353417,1.42353417,1.42353417,1.42353417,1.42353417,1.42353417,1.42353417,1.42353417,1.42353417,1.42353417,1.42353417,1.42353417,1.42353417,1.42353417,1.42353417,1.42353417,1.42353417,1.42353417,1.42353417,1.42353417,1.42353417,1.42353417,1.42353417
146.943526030,C05,AP01,client_to_ap,VHT,2,1,1,80,SU,1,4,234,d5766f7fc29bbe9c,1.3253594,1.3253594,1.3253594,1.3253594,1.3253594,1.3253594,1.3253594,1.3253594,1.3253594,1.3253594,1.3253594,1.3253594,1.3253594,1.3253594,1.3253594,1.3253594,1.3253594,1.3253594,1.3253594,1.3253594,1.3253594,1.3253594,1.3253594,1.3253594,1.3253594,1.3253594,1.3253594,1.3253594,1.3253594,1.3253594,1.3253594,1.3253594,1.3253594,1.42353417,1.3253594,1.3253594,1.3253594,1.3253594,1.3253594,1.3253594,1.42353417,1.42353417,1.3253594,1.3253594,1.3253594,1.3253594,1.42353417,1.3253594,1.42353417,1.42353417,1.42353417,1.3253594,1.42353417,1.42353417,1.42353417,1.42353417,1.42353417,1.42353417,1.42353417,1.42353417,1.42353417,1.42353417,1.42353417,1.42353417,1.42353417,1.42353417,1.42353417,1.42353417,1.42353417,1.42353417,1.42353417,1.42353417,1.42353417,1.42353417,1.42353417,1.42353417,1.42353417,1.42353417,1.42353417,1.42353417,1.42353417,1.42353417,1.42353417,1.42353417,1.42353417,1.42353417,1.42353417,1.42353417,1.42353417,1.42353417,1.42353417,1.42353417,1.42353417,1.42353417,1.42353417,1.42353417,1.42353417,1.42353417,1.42353417,1.42353417,1.42353417,1.42353417,1.42353417,1.42353417,1.42353417,1.42353417,1.42353417,1.42353417,1.42353417,1.42353417,1.42353417,1.42353417,1.42353417,1.42353417,1.42353417,1.42353417,1.42353417,1.42353417,1.42353417,1.42353417,1.42353417,1.42353417,1.42353417,1.42353417,1.42353417,1.42353417,1.42353417,1.42353417,1.42353417,1.42353417,1.42353417,1.42353417,1.42353417,1.42353417,1.42353417,1.42353417,1.42353417,1.42353417,1.42353417,1.42353417,1.42353417,1.42353417,1.42353417,1.42353417,1.42353417,1.42353417,1.42353417,1.42353417,1.42353417,1.42353417,1.42353417,1.42353417,1.42353417,1.42353417,1.42353417,1.42353417,1.42353417,1.42353417,1.42353417,1.42353417,1.42353417,1.42353417,1.42353417,1.42353417,1.42353417,1.42353417,1.42353417,1.42353417,1.42353417,1.42353417,1.42353417,1.42353417,1.42353417,1.42353417,1.42353417,1.42353417,1.42353417,1.42353417,1.42353417,1.42353417,1.42353417,1.42353417,1.42353417,1.42353417,1.42353417,1.42353417,1.42353417,1.42353417,1.42353417,1.42353417,1.42353417,1.42353417,1.42353417,1.42353417,1.42353417,1.42353417,1.42353417,1.42353417,1.42353417,1.42353417,1.42353417,1.42353417,1.42353417,1.42353417,1.42353417,1.42353417,1.42353417,1.42353417,1.42353417,1.42353417,1.42353417,1.42353417,1.42353417,1.42353417,1.42353417,1.42353417,1.42353417,1.42353417,1.42353417,1.42353417,1.42353417,1.42353417,1.42353417,1.42353417,1.42353417,1.42353417,1.42353417,1.42353417,1.42353417,1.42353417,1.42353417,1.42353417,1.42353417,1.42353417
152.120792866,C05,AP01,client_to_ap,VHT,2,1,1,80,SU,1,4,234,d5766f7fc29bbe9c,1.3253594,1.3253594,1.3253594,1.3253594,1.3253594,1.3253594,1.3253594,1.3253594,1.3253594,1.3253594,1.3253594,1.3253594,1.3253594,1.3253594,1.3253594,1.3253594,1.3253594,1.3253594,1.3253594,1.3253594,1.3253594,1.3253594,1.3253594,1.3253594,1.3253594,1.3253594,1.42353417,1.3253594,1.3253594,1.3253594,1.3253594,1.3253594,1.42353417,1.42353417,1.42353417,1.42353417,1.3253594,1.3253594,1.3253594,1.3253594,1.42353417,1.42353417,1.42353417,1.42353417,1.42353417,1.42353417,1.3253594,1.42353417,1.42353417,1.42353417,1.42353417,1.3253594,1.42353417,1.42353417,1.42353417,1.42353417,1.42353417,1.42353417,1.42353417,1.42353417,1.42353417,1.42353417,1.42353417,1.42353417,1.42353417,1.42353417,1.42353417,1.42353417,1.42353417,1.42353417,1.42353417,1.42353417,1.42353417,1.42353417,1.42353417,1.42353417,1.42353417,1.42353417,1.42353417,1.42353417,1.42353417,1.42353417,1.42353417,1.42353417,1.42353417,1.42353417,1.42353417,1.42353417,1.42353417,1.42353417,1.42353417,1.42353417,1.42353417,1.42353417,1.42353417,1.42353417,1.42353417,1.42353417,1.42353417,1.42353417,1.42353417,1.42353417,1.42353417,1.42353417,1.42353417,1.42353417,1.42353417,1.42353417,1.42353417,1.42353417,1.42353417,1.42353417,1.42353417,1.42353417,1.42353417,1.42353417,1.42353417,1.42353417,1.42353417,1.42353417,1.42353417,1.42353417,1.42353417,1.42353417,1.42353417,1.42353417,1.42353417,1.42353417,1.42353417,1.42353417,1.42353417,1.42353417,1.42353417,1.42353417,1.42353417,1.42353417,1.42353417,1.42353417,1.42353417,1.42353417,1.42353417,1.42353417,1.42353417,1.42353417,1.42353417,1.42353417,1.42353417,1.42353417,1.42353417,1.42353417,1.42353417,1.42353417,1.42353417,1.42353417,1.42353417,1.42353417,1.42353417,1.42353417,1.42353417,1.42353417,1.42353417,1.42353417,1.42353417,1.42353417,1.42353417,1.42353417,1.42353417,1.42353417,1.42353417,1.42353417,1.42353417,1.42353417,1.42353417,1.42353417,1.42353417,1.42353417,1.42353417,1.42353417,1.42353417,1.42353417,1.42353417,1.42353417,1.42353417,1.42353417,1.42353417,1.42353417,1.42353417,1.42353417,1.42353417,1.42353417,1.42353417,1.42353417,1.42353417,1.42353417,1.42353417,1.42353417,1.42353417,1.42353417,1.42353417,1.42353417,1.42353417,1.42353417,1.42353417,1.42353417,1.42353417,1.42353417,1.42353417,1.42353417,1.42353417,1.42353417,1.42353417,1.42353417,1.42353417,1.42353417,1.42353417,1.42353417,1.42353417,1.42353417,1.42353417,1.42353417,1.42353417,1.42353417,1.42353417,1.42353417,1.42353417,1.42353417,1.42353417,1.42353417,1.42353417,1.42353417,1.42353417,1.42353417,1.42353417,1.42353417
163.296515942,C05,AP01,client_to_ap,VHT,2,1,1,80,SU,1,4,234,d5766f7fc29bbe9c,1.3253594,1.3253594,1.3253594,1.3253594,1.3253594,1.3253594,1.3253594,1.3253594,1.3253594,1.3253594,1.3253594,1.3253594,1.3253594,1.3253594,1.3253594,1.3253594,1.3253594,1.3253594,1.3253594,1.3253594,1.3253594,1.3253594,1.3253594,1.42353417,1.3253594,1.3253594,1.3253594,1.42353417,1.3253594,1.42353417,1.42353417,1.3253594,1.3253594,1.42353417,1.42353417,1.42353417,1.3253594,1.42353417,1.3253594,1.42353417,1.42353417,1.42353417,1.42353417,1.42353417,1.42353417,1.3253594,1.42353417,1.42353417,1.42353417,1.42353417,1.42353417,1.42353417,1.42353417,1.42353417,1.42353417,1.42353417,1.42353417,1.42353417,1.42353417,1.42353417,1.42353417,1.42353417,1.42353417,1.42353417,1.42353417,1.42353417,1.42353417,1.42353417,1.42353417,1.42353417,1.42353417,1.42353417,1.42353417,1.42353417,1.42353417,1.42353417,1.42353417,1.42353417,1.42353417,1.42353417,1.42353417,1.42353417,1.42353417,1.42353417,1.42353417,1.42353417,1.42353417,1.42353417,1.42353417,1.42353417,1.42353417,1.42353417,1.42353417,1.42353417,1.42353417,1.42353417,1.42353417,1.42353417,1.42353417,1.42353417,1.42353417,1.42353417,1.42353417,1.42353417,1.42353417,1.42353417,1.42353417,1.42353417,1.42353417,1.42353417,1.42353417,1.42353417,1.42353417,1.42353417,1.42353417,1.42353417,1.42353417,1.42353417,1.42353417,1.42353417,1.42353417,1.42353417,1.42353417,1.42353417,1.42353417,1.42353417,1.42353417,1.42353417,1.42353417,1.42353417,1.42353417,1.42353417,1.42353417,1.42353417,1.42353417,1.42353417,1.42353417,1.42353417,1.42353417,1.42353417,1.42353417,1.42353417,1.42353417,1.42353417,1.42353417,1.42353417,1.42353417,1.42353417,1.42353417,1.42353417,1.42353417,1.42353417,1.42353417,1.42353417,1.42353417,1.42353417,1.42353417,1.42353417,1.42353417,1.42353417,1.42353417,1.42353417,1.42353417,1.42353417,1.42353417,1.42353417,1.42353417,1.42353417,1.42353417,1.42353417,1.42353417,1.42353417,1.42353417,1.42353417,1.42353417,1.42353417,1.42353417,1.42353417,1.42353417,1.42353417,1.42353417,1.42353417,1.42353417,1.42353417,1.42353417,1.42353417,1.42353417,1.42353417,1.42353417,1.42353417,1.42353417,1.42353417,1.42353417,1.42353417,1.42353417,1.42353417,1.42353417,1.42353417,1.42353417,1.42353417,1.42353417,1.42353417,1.42353417,1.42353417,1.42353417,1.42353417,1.42353417,1.42353417,1.42353417,1.42353417,1.42353417,1.42353417,1.42353417,1.42353417,1.42353417,1.42353417,1.42353417,1.42353417,1.42353417,1.42353417,1.42353417,1.42353417,1.42353417,1.42353417,1.42353417,1.42353417,1.42353417,1.42353417,1.42353417,1.42353417,1.42353417,1.42353417,1.42353417,1.42353417
166.989306927,C05,AP01,client_to_ap,VHT,2,1,1,80,SU,1,4,234,d5766f7fc29bbe9c,1.3253594,1.3253594,1.3253594,1.3253594,1.3253594,1.3253594,1.3253594,1.3253594,1.3253594,1.3253594,1.3253594,1.3253594,1.3253594,1.3253594,1.3253594,1.3253594,1.3253594,1.3253594,1.3253594,1.3253594,1.3253594,1.3253594,1.3253594,1.3253594,1.3253594,1.3253594,1.3253594,1.3253594,1.3253594,1.3253594,1.42353417,1.3253594,1.42353417,1.42353417,1.42353417,1.42353417,1.3253594,1.42353417,1.42353417,1.42353417,1.42353417,1.42353417,1.42353417,1.42353417,1.42353417,1.3253594,1.42353417,1.42353417,1.42353417,1.42353417,1.42353417,1.3253594,1.42353417,1.42353417,1.42353417,1.42353417,1.42353417,1.42353417,1.42353417,1.42353417,1.42353417,1.42353417,1.42353417,1.42353417,1.42353417,1.42353417,1.42353417,1.42353417,1.42353417,1.42353417,1.42353417,1.42353417,1.42353417,1.42353417,1.42353417,1.42353417,1.42353417,1.42353417,1.42353417,1.42353417,1.42353417,1.42353417,1.42353417,1.42353417,1.42353417,1.42353417,1.42353417,1.42353417,1.42353417,1.42353417,1.42353417,1.42353417,1.42353417,1.42353417,1.42353417,1.42353417,1.42353417,1.42353417,1.42353417,1.42353417,1.42353417,1.42353417,1.42353417,1.42353417,1.42353417,1.42353417,1.42353417,1.42353417,1.42353417,1.42353417,1.42353417,1.42353417,1.42353417,1.42353417,1.42353417,1.42353417,1.42353417,1.42353417,1.42353417,1.42353417,1.42353417,1.42353417,1.42353417,1.42353417,1.42353417,1.42353417,1.42353417,1.42353417,1.42353417,1.42353417,1.42353417,1.42353417,1.42353417,1.42353417,1.42353417,1.42353417,1.42353417,1.42353417,1.42353417,1.42353417,1.42353417,1.42353417,1.42353417,1.42353417,1.42353417,1.42353417,1.42353417,1.42353417,1.42353417,1.42353417,1.42353417,1.42353417,1.42353417,1.42353417,1.42353417,1.42353417,1.42353417,1.42353417,1.42353417,1.42353417,1.42353417,1.42353417,1.42353417,1.42353417,1.42353417,1.42353417,1.42353417,1.42353417,1.42353417,1.42353417,1.42353417,1.42353417,1.42353417,1.42353417,1.42353417,1.42353417,1.42353417,1.42353417,1.42353417,1.42353417,1.42353417,1.42353417,1.42353417,1.42353417,1.42353417,1.42353417,1.42353417,1.42353417,1.42353417,1.42353417,1.42353417,1.42353417,1.42353417,1.42353417,1.42353417,1.42353417,1.42353417,1.42353417,1.42353417,1.42353417,1.42353417,1.42353417,1.42353417,1.42353417,1.42353417,1.42353417,1.42353417,1.42353417,1.42353417,1.42353417,1.42353417,1.42353417,1.42353417,1.42353417,1.42353417,1.42353417,1.42353417,1.42353417,1.42353417,1.42353417,1.42353417,1.42353417,1.42353417,1.42353417,1.42353417,1.42353417,1.42353417,1.42353417,1.42353417,1.42353417,1.42353417,1.42353417,1.42353417,1.42353417
173.632470846,C05,AP01,client_to_ap,VHT,2,1,1,80,SU,1,4,234,d5766f7fc29bbe9c,1.3253594,1.3253594,1.3253594,1.3253594,1.3253594,1.3253594,1.3253594,1.3253594,1.3253594,1.3253594,1.3253594,1.3253594,1.3253594,1.3253594,1.3253594,1.3253594,1.3253594,1.3253594,1.3253594,1.3253594,1.42353417,1.3253594,1.3253594,1.3253594,1.3253594,1.3253594,1.3253594,1.3253594,1.3253594,1.3253594,1.3253594,1.3253594,1.3253594,1.42353417,1.42353417,1.42353417,1.3253594,1.42353417,1.3253594,1.3253594,1.3253594,1.42353417,1.42353417,1.42353417,1.42353417,1.3253594,1.3253594,1.42353417,1.42353417,1.42353417,1.42353417,1.3253594,1.42353417,1.42353417,1.42353417,1.42353417,1.42353417,1.42353417,1.42353417,1.42353417,1.42353417,1.42353417,1.42353417,1.42353417,1.42353417,1.42353417,1.42353417,1.42353417,1.42353417,1.42353417,1.42353417,1.42353417,1.42353417,1.42353417,1.42353417,1.42353417,1.42353417,1.42353417,1.42353417,1.42353417,1.42353417,1.42353417,1.42353417,1.42353417,1.42353417,1.42353417,1.42353417,1.42353417,1.42353417,1.42353417,1.42353417,1.42353417,1.42353417,1.42353417,1.42353417,1.42353417,1.42353417,1.42353417,1.42353417,1.42353417,1.42353417,1.42353417,1.42353417,1.42353417,1.42353417,1.42353417,1.42353417,1.42353417,1.42353417,1.42353417,1.42353417,1.42353417,1.42353417,1.42353417,1.42353417,1.42353417,1.42353417,1.42353417,1.42353417,1.42353417,1.42353417,1.42353417,1.42353417,1.42353417,1.42353417,1.42353417,1.42353417,1.42353417,1.42353417,1.42353417,1.42353417,1.42353417,1.42353417,1.42353417,1.42353417,1.42353417,1.42353417,1.42353417,1.42353417,1.42353417,1.42353417,1.42353417,1.42353417,1.42353417,1.42353417,1.42353417,1.42353417,1.42353417,1.42353417,1.42353417,1.42353417,1.42353417,1.42353417,1.42353417,1.42353417,1.42353417,1.42353417,1.42353417,1.42353417,1.42353417,1.42353417,1.42353417,1.42353417,1.42353417,1.42353417,1.42353417,1.42353417,1.42353417,1.42353417,1.42353417,1.42353417,1.42353417,1.42353417,1.42353417,1.42353417,1.42353417,1.42353417,1.42353417,1.42353417,1.42353417,1.42353417,1.42353417,1.42353417,1.42353417,1.42353417,1.42353417,1.42353417,1.42353417,1.42353417,1.42353417,1.42353417,1.42353417,1.42353417,1.42353417,1.42353417,1.42353417,1.42353417,1.42353417,1.42353417,1.42353417,1.42353417,1.42353417,1.42353417,1.42353417,1.42353417,1.42353417,1.42353417,1.42353417,1.42353417,1.42353417,1.42353417,1.42353417,1.42353417,1.42353417,1.42353417,1.42353417,1.42353417,1.42353417,1.42353417,1.42353417,1.42353417,1.42353417,1.42353417,1.42353417,1.42353417,1.42353417,1.42353417,1.42353417,1.42353417,1.42353417,1.42353417,1.42353417,1.42353417,1.42353417
174.899699926,C05,AP01,client_to_ap,VHT,2,1,1,80,SU,1,4,234,d5766f7fc29bbe9c,1.3253594,1.3253594,1.3253594,1.3253594,1.3253594,1.3253594,1.3253594,1.3253594,1.3253594,1.3253594,1.3253594,1.3253594,1.3253594,1.3253594,1.3253594,1.3253594,1.3253594,1.3253594,1.3253594,1.3253594,1.3253594,1.3253594,1.3253594,1.3253594,1.3253594,1.3253594,1.42353417,1.3253594,1.3253594,1.3253594,1.3253594,1.3253594,1.42353417,1.42353417,1.42353417,1.3253594,1.42353417,1.42353417,1.3253594,1.3253594,1.42353417,1.42353417,1.42353417,1.42353417,1.42353417,1.42353417,1.42353417,1.42353417,1.42353417,1.42353417,1.42353417,1.3253594,1.42353417,1.42353417,1.42353417,1.42353417,1.42353417,1.42353417,1.42353417,1.42353417,1.42353417,1.42353417,1.42353417,1.42353417,1.42353417,1.42353417,1.42353417,1.42353417,1.42353417,1.42353417,1.42353417,1.42353417,1.42353417,1.42353417,1.42353417,1.42353417,1.42353417,1.42353417,1.42353417,1.42353417,1.42353417,1.42353417,1.42353417,1.42353417,1.42353417,1.42353417,1.42353417,1.42353417,1.42353417,1.42353417,1.42353417,1.42353417,1.42353417,1.42353417,1.42353417,1.42353417,1.42353417,1.42353417,1.42353417,1.42353417,1.42353417,1.42353417,1.42353417,1.42353417,1.42353417,1.42353417,1.42353417,1.42353417,1.42353417,1.42353417,1.42353417,1.42353417,1.42353417,1.42353417,1.42353417,1.42353417,1.42353417,1.42353417,1.42353417,1.42353417,1.42353417,1.42353417,1.42353417,1.42353417,1.42353417,1.42353417,1.42353417,1.42353417,1.42353417,1.42353417,1.42353417,1.42353417,1.42353417,1.42353417,1.42353417,1.42353417,1.42353417,1.42353417,1.42353417,1.42353417,1.42353417,1.42353417,1.42353417,1.42353417,1.42353417,1.42353417,1.42353417,1.42353417,1.42353417,1.42353417,1.42353417,1.42353417,1.42353417,1.42353417,1.42353417,1.42353417,1.42353417,1.42353417,1.42353417,1.42353417,1.42353417,1.42353417,1.42353417,1.42353417,1.42353417,1.42353417,1.42353417,1.42353417,1.42353417,1.42353417,1.42353417,1.42353417,1.42353417,1.42353417,1.42353417,1.42353417,1.42353417,1.42353417,1.42353417,1.42353417,1.42353417,1.42353417,1.42353417,1.42353417,1.42353417,1.42353417,1.42353417,1.42353417,1.42353417,1.42353417,1.42353417,1.42353417,1.42353417,1.42353417,1.42353417,1.42353417,1.42353417,1.42353417,1.42353417,1.42353417,1.42353417,1.42353417,1.42353417,1.42353417,1.42353417,1.42353417,1.42353417,1.42353417,1.42353417,1.42353417,1.42353417,1.42353417,1.42353417,1.42353417,1.42353417,1.42353417,1.42353417,1.42353417,1.42353417,1.42353417,1.42353417,1.42353417,1.42353417,1.42353417,1.42353417,1.42353417,1.42353417,1.42353417,1.42353417,1.42353417,1.42353417,1.42353417,1.42353417,1.42353417
176.035763979,C05,AP01,client_to_ap,VHT,2,1,1,80,SU,1,4,234,d5766f7fc29bbe9c,1.3253594,1.3253594,1.3253594,1.3253594,1.3253594,1.3253594,1.3253594,1.3253594,1.3253594,1.3253594,1.3253594,1.3253594,1.3253594,1.3253594,1.3253594,1.3253594,1.3253594,1.3253594,1.3253594,1.3253594,1.3253594,1.3253594,1.3253594,1.3253594,1.3253594,1.3253594,1.3253594,1.3253594,1.3253594,1.3253594,1.3253594,1.42353417,1.42353417,1.3253594,1.3253594,1.42353417,1.42353417,1.42353417,1.3253594,1.42353417,1.3253594,1.42353417,1.3253594,1.3253594,1.42353417,1.3253594,1.42353417,1.42353417,1.42353417,1.42353417,1.42353417,1.42353417,1.42353417,1.42353417,1.42353417,1.42353417,1.42353417,1.42353417,1.42353417,1.42353417,1.42353417,1.42353417,1.42353417,1.42353417,1.42353417,1.42353417,1.42353417,1.42353417,1.42353417,1.42353417,1.42353417,1.42353417,1.42353417,1.42353417,1.42353417,1.42353417,1.42353417,1.42353417,1.42353417,1.42353417,1.42353417,1.42353417,1.42353417,1.42353417,1.42353417,1.42353417,1.42353417,1.42353417,1.42353417,1.42353417,1.42353417,1.42353417,1.42353417,1.42353417,1.42353417,1.42353417,1.42353417,1.42353417,1.42353417,1.42353417,1.42353417,1.42353417,1.42353417,1.42353417,1.42353417,1.42353417,1.42353417,1.42353417,1.42353417,1.42353417,1.42353417,1.42353417,1.42353417,1.42353417,1.42353417,1.42353417,1.42353417,1.42353417,1.42353417,1.42353417,1.42353417,1.42353417,1.42353417,1.42353417,1.42353417,1.42353417,1.42353417,1.42353417,1.42353417,1.42353417,1.42353417,1.42353417,1.42353417,1.42353417,1.42353417,1.42353417,1.42353417,1.42353417,1.42353417,1.42353417,1.42353417,1.42353417,1.42353417,1.42353417,1.42353417,1.42353417,1.42353417,1.42353417,1.42353417,1.42353417,1.42353417,1.42353417,1.42353417,1.42353417,1.42353417,1.42353417,1.42353417,1.42353417,1.42353417,1.42353417,1.42353417,1.42353417,1.42353417,1.42353417,1.42353417,1.42353417,1.42353417,1.42353417,1.42353417,1.42353417,1.42353417,1.42353417,1.42353417,1.42353417,1.42353417,1.42353417,1.42353417,1.42353417,1.42353417,1.42353417,1.42353417,1.42353417,1.42353417,1.42353417,1.42353417,1.42353417,1.42353417,1.42353417,1.42353417,1.42353417,1.42353417,1.42353417,1.42353417,1.42353417,1.42353417,1.42353417,1.42353417,1.42353417,1.42353417,1.42353417,1.42353417,1.42353417,1.42353417,1.42353417,1.42353417,1.42353417,1.42353417,1.42353417,1.42353417,1.42353417,1.42353417,1.42353417,1.42353417,1.42353417,1.42353417,1.42353417,1.42353417,1.42353417,1.42353417,1.42353417,1.42353417,1.42353417,1.42353417,1.42353417,1.42353417,1.42353417,1.42353417,1.42353417,1.42353417,1.42353417,1.42353417,1.42353417,1.42353417,1.42353417
177.520200968,C05,AP01,client_to_ap,VHT,2,1,1,80,SU,1,4,234,d5766f7fc29bbe9c,1.3253594,1.3253594,1.3253594,1.3253594,1.3253594,1.3253594,1.3253594,1.3253594,1.3253594,1.3253594,1.3253594,1.3253594,1.3253594,1.3253594,1.3253594,1.3253594,1.3253594,1.3253594,1.3253594,1.3253594,1.3253594,1.3253594,1.3253594,1.3253594,1.3253594,1.3253594,1.42353417,1.3253594,1.3253594,1.3253594,1.3253594,1.3253594,1.42353417,1.42353417,1.3253594,1.42353417,1.3253594,1.42353417,1.3253594,1.42353417,1.3253594,1.42353417,1.3253594,1.42353417,1.42353417,1.42353417,1.42353417,1.42353417,1.42353417,1.42353417,1.42353417,1.42353417,1.42353417,1.42353417,1.42353417,1.42353417,1.42353417,1.42353417,1.42353417,1.42353417,1.42353417,1.42353417,1.42353417,1.42353417,1.42353417,1.42353417,1.42353417,1.42353417,1.42353417,1.42353417,1.42353417,1.42353417,1.42353417,1.42353417,1.42353417,1.42353417,1.42353417,1.42353417,1.42353417,1.42353417,1.42353417,1.42353417,1.42353417,1.42353417,1.42353417,1.42353417,1.42353417,1.42353417,1.42353417,1.42353417,1.42353417,1.42353417,1.42353417,1.42353417,1.42353417,1.42353417,1.42353417,1.42353417,1.42353417,1.42353417,1.42353417,1.42353417,1.42353417,1.42353417,1.42353417,1.42353417,1.42353417,1.42353417,1.42353417,1.42353417,1.42353417,1.42353417,1.42353417,1.42353417,1.42353417,1.42353417,1.42353417,1.42353417,1.42353417,1.42353417,1.42353417,1.42353417,1.42353417,1.42353417,1.42353417,1.42353417,1.42353417,1.42353417,1.42353417,1.42353417,1.42353417,1.42353417,1.42353417,1.42353417,1.42353417,1.42353417,1.42353417,1.42353417,1.42353417,1.42353417,1.42353417,1.42353417,1.42353417,1.42353417,1.42353417,1.42353417,1.42353417,1.42353417,1.42353417,1.42353417,1.42353417,1.42353417,1.42353417,1.42353417,1.42353417,1.42353417,1.42353417,1.42353417,1.42353417,1.42353417,1.42353417,1.42353417,1.42353417,1.42353417,1.42353417,1.42353417,1.42353417,1.42353417,1.42353417,1.42353417,1.42353417,1.42353417,1.42353417,1.42353417,1.42353417,1.42353417,1.42353417,1.42353417,1.42353417,1.42353417,1.42353417,1.42353417,1.42353417,1.42353417,1.42353417,1.42353417,1.42353417,1.42353417,1.42353417,1.42353417,1.42353417,1.42353417,1.42353417,1.42353417,1.42353417,1.42353417,1.42353417,1.42353417,1.42353417,1.42353417,1.42353417,1.42353417,1.42353417,1.42353417,1.42353417,1.42353417,1.42353417,1.42353417,1.42353417,1.42353417,1.42353417,1.42353417,1.42353417,1.42353417,1.42353417,1.42353417,1.42353417,1.42353417,1.42353417,1.42353417,1.42353417,1.42353417,1.42353417,1.42353417,1.42353417,1.42353417,1.42353417,1.42353417,1.42353417,1.42353417,1.42353417,1.42353417,1.42353417,1.42353417
180.204862833,C05,AP01,client_to_ap,VHT,2,1,1,80,SU,1,4,234,d5766f7fc29bbe9c,1.3253594,1.3253594,1.3253594,1.3253594,1.3253594,1.3253594,1.3253594,1.3253594,1.3253594,1.3253594,1.3253594,1.3253594,1.3253594,1.3253594,1.3253594,1.3253594,1.3253594,1.3253594,1.3253594,1.3253594,1.3253594,1.3253594,1.3253594,1.3253594,1.3253594,1.3253594,1.3253594,1.3253594,1.42353417,1.3253594,1.3253594,1.3253594,1.42353417,1.42353417,1.42353417,1.42353417,1.3253594,1.42353417,1.42353417,1.42353417,1.42353417,1.42353417,1.42353417,1.42353417,1.42353417,1.3253594,1.42353417,1.42353417,1.42353417,1.42353417,1.42353417,1.3253594,1.42353417,1.42353417,1.42353417,1.42353417,1.42353417,1.42353417,1.42353417,1.42353417,1.42353417,1.42353417,1.42353417,1.42353417,1.42353417,1.42353417,1.42353417,1.42353417,1.42353417,1.42353417,1.42353417,1.42353417,1.42353417,1.42353417,1.42353417,1.42353417,1.42353417,1.42353417,1.42353417,1.42353417,1.42353417,1.42353417,1.42353417,1.42353417,1.42353417,1.42353417,1.42353417,1.42353417,1.42353417,1.42353417,1.42353417,1.42353417,1.42353417,1.42353417,1.42353417,1.42353417,1.42353417,1.42353417,1.42353417,1.42353417,1.42353417,1.42353417,1.42353417,1.42353417,1.42353417,1.42353417,1.42353417,1.42353417,1.42353417,1.42353417,1.42353417,1.42353417,1.42353417,1.42353417,1.42353417,1.42353417,1.42353417,1.42353417,1.42353417,1.42353417,1.42353417,1.42353417,1.42353417,1.42353417,1.42353417,1.42353417,1.42353417,1.42353417,1.42353417,1.42353417,1.42353417,1.42353417,1.42353417,1.42353417,1.42353417,1.42353417,1.42353417,1.42353417,1.42353417,1.42353417,1.42353417,1.42353417,1.42353417,1.42353417,1.42353417,1.42353417,1.42353417,1.42353417,1.42353417,1.42353417,1.42353417,1.42353417,1.42353417,1.42353417,1.42353417,1.42353417,1.42353417,1.42353417,1.42353417,1.42353417,1.42353417,1.42353417,1.42353417,1.42353417,1.42353417,1.42353417,1.42353417,1.42353417,1.42353417,1.42353417,1.42353417,1.42353417,1.42353417,1.42353417,1.42353417,1.42353417,1.42353417,1.42353417,1.42353417,1.42353417,1.42353417,1.42353417,1.42353417,1.42353417,1.42353417,1.42353417,1.42353417,1.42353417,1.42353417,1.42353417,1.42353417,1.42353417,1.42353417,1.42353417,1.42353417,1.42353417,1.42353417,1.42353417,1.42353417,1.42353417,1.42353417,1.42353417,1.42353417,1.42353417,1.42353417,1.42353417,1.42353417,1.42353417,1.42353417,1.42353417,1.42353417,1.42353417,1.42353417,1.42353417,1.42353417,1.42353417,1.42353417,1.42353417,1.42353417,1.42353417,1.42353417,1.42353417,1.42353417,1.42353417,1.42353417,1.42353417,1.42353417,1.42353417,1.42353417,1.42353417,1.42353417,1.42353417,1.42353417,1.42353417
181.037559032,C05,AP01,client_to_ap,VHT,2,1,1,80,SU,1,4,234,d5766f7fc29bbe9c,1.3253594,1.3253594,1.3253594,1.3253594,1.3253594,1.3253594,1.3253594,1.3253594,1.3253594,1.3253594,1.3253594,1.3253594,1.3253594,1.3253594,1.3253594,1.3253594,1.3253594,1.3253594,1.3253594,1.3253594,1.3253594,1.3253594,1.3253594,1.3253594,1.3253594,1.3253594,1.3253594,1.3253594,1.3253594,1.42353417,1.42353417,1.42353417,1.42353417,1.3253594,1.3253594,1.3253594,1.3253594,1.42353417,1.42353417,1.42353417,1.42353417,1.42353417,1.3253594,1.42353417,1.42353417,1.42353417,1.42353417,1.42353417,1.42353417,1.42353417,1.42353417,1.3253594,1.42353417,1.42353417,1.42353417,1.42353417,1.42353417,1.42353417,1.42353417,1.42353417,1.42353417,1.42353417,1.42353417,1.42353417,1.42353417,1.42353417,1.42353417,1.42353417,1.42353417,1.42353417,1.42353417,1.42353417,1.42353417,1.42353417,1.42353417,1.42353417,1.42353417,1.42353417,1.42353417,1.42353417,1.42353417,1.42353417,1.42353417,1.42353417,1.42353417,1.42353417,1.42353417,1.42353417,1.42353417,1.42353417,1.42353417,1.42353417,1.42353417,1.42353417,1.42353417,1.42353417,1.42353417,1.42353417,1.42353417,1.42353417,1.42353417,1.42353417,1.42353417,1.42353417,1.42353417,1.42353417,1.42353417,1.42353417,1.42353417,1.42353417,1.42353417,1.42353417,1.42353417,1.42353417,1.42353417,1.42353417,1.42353417,1.42353417,1.42353417,1.42353417,1.42353417,1.42353417,1.42353417,1.42353417,1.42353417,1.42353417,1.42353417,1.42353417,1.42353417,1.42353417,1.42353417,1.42353417,1.42353417,1.42353417,1.42353417,1.42353417,1.42353417,1.42353417,1.42353417,1.42353417,1.42353417,1.42353417,1.42353417,1.42353417,1.42353417,1.42353417,1.42353417,1.42353417,1.42353417,1.42353417,1.42353417,1.42353417,1.42353417,1.42353417,1.42353417,1.42353417,1.42353417,1.42353417,1.42353417,1.42353417,1.42353417,1.42353417,1.42353417,1.42353417,1.42353417,1.42353417,1.42353417,1.42353417,1.42353417,1.42353417,1.42353417,1.42353417,1.42353417,1.42353417,1.42353417,1.42353417,1.42353417,1.42353417,1.42353417,1.42353417,1.42353417,1.42353417,1.42353417,1.42353417,1.42353417,1.42353417,1.42353417,1.42353417,1.42353417,1.42353417,1.42353417,1.42353417,1.42353417,1.42353417,1.42353417,1.42353417,1.42353417,1.42353417,1.42353417,1.42353417,1.42353417,1.42353417,1.42353417,1.42353417,1.42353417,1.42353417,1.42353417,1.42353417,1.42353417,1.42353417,1.42353417,1.42353417,1.42353417,1.42353417,1.42353417,1.42353417,1.42353417,1.42353417,1.42353417,1.42353417,1.42353417,1.42353417,1.42353417,1.42353417,1.42353417,1.42353417,1.42353417,1.42353417,1.42353417,1.42353417,1.42353417,1.42353417,1.42353417,1.42353417
184.631739855,C05,AP01,client_to_ap,VHT,2,1,1,80,SU,1,4,234,d5766f7fc29bbe9c,1.3253594,1.3253594,1.3253594,1.3253594,1.3253594,1.3253594,1.3253594,1.3253594,1.3253594,1.3253594,1.3253594,1.3253594,1.3253594,1.3253594,1.3253594,1.3253594,1.3253594,1.3253594,1.3253594,1.3253594,1.3253594,1.3253594,1.3253594,1.3253594,1.3253594,1.3253594,1.3253594,1.3253594,1.42353417,1.3253594,1.3253594,1.3253594,1.42353417,1.42353417,1.42353417,1.3253594,1.3253594,1.42353417,1.42353417,1.3253594,1.42353417,1.42353417,1.42353417,1.42353417,1.42353417,1.3253594,1.3253594,1.3253594,1.42353417,1.42353417,1.42353417,1.3253594,1.42353417,1.42353417,1.42353417,1.42353417,1.42353417,1.42353417,1.42353417,1.42353417,1.42353417,1.42353417,1.42353417,1.42353417,1.42353417,1.42353417,1.42353417,1.42353417,1.42353417,1.42353417,1.42353417,1.42353417,1.42353417,1.42353417,1.42353417,1.42353417,1.42353417,1.42353417,1.42353417,1.42353417,1.42353417,1.42353417,1.42353417,1.42353417,1.42353417,1.42353417,1.42353417,1.42353417,1.42353417,1.42353417,1.42353417,1.42353417,1.42353417,1.42353417,1.42353417,1.42353417,1.42353417,1.42353417,1.42353417,1.42353417,1.42353417,1.42353417,1.42353417,1.42353417,1.42353417,1.42353417,1.42353417,1.42353417,1.42353417,1.42353417,1.42353417,1.42353417,1.42353417,1.42353417,1.42353417,1.42353417,1.42353417,1.42353417,1.42353417,1.42353417,1.42353417,1.42353417,1.42353417,1.42353417,1.42353417,1.42353417,1.42353417,1.42353417,1.42353417,1.42353417,1.42353417,1.42353417,1.42353417,1.42353417,1.42353417,1.42353417,1.42353417,1.42353417,1.42353417,1.42353417,1.42353417,1.42353417,1.42353417,1.42353417,1.42353417,1.42353417,1.42353417,1.42353417,1.42353417,1.42353417,1.42353417,1.42353417,1.42353417,1.42353417,1.42353417,1.42353417,1.42353417,1.42353417,1.42353417,1.42353417,1.42353417,1.42353417,1.42353417,1.42353417,1.42353417,1.42353417,1.42353417,1.42353417,1.42353417,1.42353417,1.42353417,1.42353417,1.42353417,1.42353417,1.42353417,1.42353417,1.42353417,1.42353417,1.42353417,1.42353417,1.42353417,1.42353417,1.42353417,1.42353417,1.42353417,1.42353417,1.42353417,1.42353417,1.42353417,1.42353417,1.42353417,1.42353417,1.42353417,1.42353417,1.42353417,1.42353417,1.42353417,1.42353417,1.42353417,1.42353417,1.42353417,1.42353417,1.42353417,1.42353417,1.42353417,1.42353417,1.42353417,1.42353417,1.42353417,1.42353417,1.42353417,1.42353417,1.42353417,1.42353417,1.42353417,1.42353417,1.42353417,1.42353417,1.42353417,1.42353417,1.42353417,1.42353417,1.42353417,1.42353417,1.42353417,1.42353417,1.42353417,1.42353417,1.42353417,1.42353417,1.42353417,1.42353417,1.42353417,1.42353417
186.016196012,C05,AP01,client_to_ap,VHT,2,1,1,80,SU,1,4,234,d5766f7fc29bbe9c,1.3253594,1.3253594,1.3253594,1.3253594,1.3253594,1.3253594,1.3253594,1.3253594,1.3253594,1.3253594,1.3253594,1.3253594,1.3253594,1.3253594,1.3253594,1.3253594,1.3253594,1.3253594,1.3253594,1.3253594,1.3253594,1.3253594,1.3253594,1.3253594,1.3253594,1.3253594,1.3253594,1.3253594,1.3253594,1.42353417,1.42353417,1.42353417,1.42353417,1.42353417,1.3253594,1.42353417,1.42353417,1.3253594,1.42353417,1.42353417,1.42353417,1.42353417,1.3253594,1.42353417,1.42353417,1.42353417,1.42353417,1.42353417,1.42353417,1.42353417,1.42353417,1.42353417,1.42353417,1.42353417,1.42353417,1.42353417,1.42353417,1.42353417,1.42353417,1.42353417,1.42353417,1.42353417,1.42353417,1.42353417,1.42353417,1.42353417,1.42353417,1.42353417,1.42353417,1.42353417,1.42353417,1.42353417,1.42353417,1.42353417,1.42353417,1.42353417,1.42353417,1.42353417,1.42353417,1.42353417,1.42353417,1.42353417,1.42353417,1.42353417,1.42353417,1.42353417,1.42353417,1.42353417,1.42353417,1.42353417,1.42353417,1.42353417,1.42353417,1.42353417,1.42353417,1.42353417,1.42353417,1.42353417,1.42353417,1.42353417,1.42353417,1.42353417,1.42353417,1.42353417,1.42353417,1.42353417,1.42353417,1.42353417,1.42353417,1.42353417,1.42353417,1.42353417,1.42353417,1.42353417,1.42353417,1.42353417,1.42353417,1.42353417,1.42353417,1.42353417,1.42353417,1.42353417,1.42353417,1.42353417,1.42353417,1.42353417,1.42353417,1.42353417,1.42353417,1.42353417,1.42353417,1.42353417,1.42353417,1.42353417,1.42353417,1.42353417,1.42353417,1.42353417,1.42353417,1.42353417,1.42353417,1.42353417,1.42353417,1.42353417,1.42353417,1.42353417,1.42353417,1.42353417,1.42353417,1.42353417,1.42353417,1.42353417,1.42353417,1.42353417,1.42353417,1.42353417,1.42353417,1.42353417,1.42353417,1.42353417,1.42353417,1.42353417,1.42353417,1.42353417,1.42353417,1.42353417,1.42353417,1.42353417,1.42353417,1.42353417,1.42353417,1.42353417,1.42353417,1.42353417,1.42353417,1.42353417,1.42353417,1.42353417,1.42353417,1.42353417,1.42353417,1.42353417,1.42353417,1.42353417,1.42353417,1.42353417,1.42353417,1.42353417,1.42353417,1.42353417,1.42353417,1.42353417,1.42353417,1.42353417,1.42353417,1.42353417,1.42353417,1.42353417,1.42353417,1.42353417,1.42353417,1.42353417,1.42353417,1.42353417,1.42353417,1.42353417,1.42353417,1.42353417,1.42353417,1.42353417,1.42353417,1.42353417,1.42353417,1.42353417,1.42353417,1.42353417,1.42353417,1.42353417,1.42353417,1.42353417,1.42353417,1.42353417,1.42353417,1.42353417,1.42353417,1.42353417,1.42353417,1.42353417,1.42353417,1.42353417,1.42353417,1.42353417,1.42353417,1.42353417
190.068894863,C05,AP01,client_to_ap,VHT,2,1,1,80,SU,1,4,234,d5766f7fc29bbe9c,1.3253594,1.3253594,1.3253594,1.3253594,1.3253594,1.3253594,1.3253594,1.3253594,1.3253594,1.3253594,1.3253594,1.3253594,1.3253594,1.3253594,1.3253594,1.3253594,1.3253594,1.3253594,1.3253594,1.3253594,1.3253594,1.3253594,1.3253594,1.3253594,1.3253594,1.3253594,1.3253594,1.3253594,1.3253594,1.3253594,1.3253594,1.3253594,1.42353417,1.42353417,1.42353417,1.42353417,1.3253594,1.3253594,1.3253594,1.3253594,1.3253594,1.42353417,1.42353417,1.42353417,1.42353417,1.42353417,1.42353417,1.3253594,1.42353417,1.42353417,1.42353417,1.42353417,1.42353417,1.42353417,1.42353417,1.42353417,1.42353417,1.42353417,1.42353417,1.42353417,1.42353417,1.42353417,1.42353417,1.42353417,1.42353417,1.42353417,1.42353417,1.42353417,1.42353417,1.42353417,1.42353417,1.42353417,1.42353417,1.42353417,1.42353417,1.42353417,1.42353417,1.42353417,1.42353417,1.42353417,1.42353417,1.42353417,1.42353417,1.42353417,1.42353417,1.42353417,1.42353417,1.42353417,1.42353417,1.42353417,1.42353417,1.42353417,1.42353417,1.42353417,1.42353417,1.42353417,1.42353417,1.42353417,1.42353417,1.42353417,1.42353417,1.42353417,1.42353417,1.42353417,1.42353417,1.42353417,1.42353417,1.42353417,1.42353417,1.42353417,1.42353417,1.42353417,1.42353417,1.42353417,1.42353417,1.42353417,1.42353417,1.42353417,1.42353417,1.42353417,1.42353417,1.42353417,1.42353417,1.42353417,1.42353417,1.42353417,1.42353417,1.42353417,1.42353417,1.42353417,1.42353417,1.42353417,1.42353417,1.42353417,1.42353417,1.42353417,1.42353417,1.42353417,1.42353417,1.42353417,1.42353417,1.42353417,1.42353417,1.42353417,1.42353417,1.42353417,1.42353417,1.42353417,1.42353417,1.42353417,1.42353417,1.42353417,1.42353417,1.42353417,1.42353417,1.42353417,1.42353417,1.42353417,1.42353417,1.42353417,1.42353417,1.42353417,1.42353417,1.42353417,1.42353417,1.42353417,1.42353417,1.42353417,1.42353417,1.42353417,1.42353417,1.42353417,1.42353417,1.42353417,1.42353417,1.42353417,1.42353417,1.42353417,1.42353417,1.42353417,1.42353417,1.42353417,1.42353417,1.42353417,1.42353417,1.42353417,1.42353417,1.42353417,1.42353417,1.42353417,1.42353417,1.42353417,1.42353417,1.42353417,1.42353417,1.42353417,1.42353417,1.42353417,1.42353417,1.42353417,1.42353417,1.42353417,1.42353417,1.42353417,1.42353417,1.42353417,1.42353417,1.42353417,1.42353417,1.42353417,1.42353417,1.42353417,1.42353417,1.42353417,1.42353417,1.42353417,1.42353417,1.42353417,1.42353417,1.42353417,1.42353417,1.42353417,1.42353417,1.42353417,1.42353417,1.42353417,1.42353417,1.42353417,1.42353417,1.42353417,1.42353417,1.42353417,1.42353417,1.42353417
190.736161947,C05,AP01,client_to_ap,VHT,2,1,1,80,SU,1,4,234,d5766f7fc29bbe9c,1.3253594,1.3253594,1.3253594,1.3253594,1.3253594,1.3253594,1.3253594,1.3253594,1.3253594,1.3253594,1.3253594,1.3253594,1.3253594,1.3253594,1.3253594,1.3253594,1.3253594,1.3253594,1.3253594,1.3253594,1.3253594,1.3253594,1.3253594,1.3253594,1.42353417,1.3253594,1.42353417,1.3253594,1.3253594,1.3253594,1.3253594,1.3253594,1.42353417,1.42353417,1.3253594,1.42353417,1.42353417,1.3253594,1.3253594,1.3253594,1.42353417,1.42353417,1.42353417,1.42353417,1.42353417,1.42353417,1.42353417,1.3253594,1.42353417,1.42353417,1.42353417,1.42353417,1.42353417,1.42353417,1.42353417,1.42353417,1.42353417,1.42353417,1.42353417,1.42353417,1.42353417,1.42353417,1.42353417,1.42353417,1.42353417,1.42353417,1.42353417,1.42353417,1.42353417,1.42353417,1.42353417,1.42353417,1.42353417,1.42353417,1.42353417,1.42353417,1.42353417,1.42353417,1.42353417,1.42353417,1.42353417,1.42353417,1.42353417,1.42353417,1.42353417,1.42353417,1.42353417,1.42353417,1.42353417,1.42353417,1.42353417,1.42353417,1.42353417,1.42353417,1.42353417,1.42353417,1.42353417,1.42353417,1.42353417,1.42353417,1.42353417,1.42353417,1.42353417,1.42353417,1.42353417,1.42353417,1.42353417,1.42353417,1.42353417,1.42353417,1.42353417,1.42353417,1.42353417,1.42353417,1.42353417,1.42353417,1.42353417,1.42353417,1.42353417,1.42353417,1.42353417,1.42353417,1.42353417,1.42353417,1.42353417,1.42353417,1.42353417,1.42353417,1.42353417,1.42353417,1.42353417,1.42353417,1.42353417,1.42353417,1.42353417,1.42353417,1.42353417,1.42353417,1.42353417,1.42353417,1.42353417,1.42353417,1.42353417,1.42353417,1.42353417,1.42353417,1.42353417,1.42353417,1.42353417,1.42353417,1.42353417,1.42353417,1.42353417,1.42353417,1.42353417,1.42353417,1.42353417,1.42353417,1.42353417,1.42353417,1.42353417,1.42353417,1.42353417,1.42353417,1.42353417,1.42353417,1.42353417,1.42353417,1.42353417,1.42353417,1.42353417,1.42353417,1.42353417,1.42353417,1.42353417,1.42353417,1.42353417,1.42353417,1.42353417,1.42353417,1.42353417,1.42353417,1.42353417,1.42353417,1.42353417,1.42353417,1.42353417,1.42353417,1.42353417,1.42353417,1.42353417,1.42353417,1.42353417,1.42353417,1.42353417,1.42353417,1.42353417,1.42353417,1.42353417,1.42353417,1.42353417,1.42353417,1.42353417,1.42353417,1.42353417,1.42353417,1.42353417,1.42353417,1.42353417,1.42353417,1.42353417,1.42353417,1.42353417,1.42353417,1.42353417,1.42353417,1.42353417,1.42353417,1.42353417,1.42353417,1.42353417,1.42353417,1.42353417,1.42353417,1.42353417,1.42353417,1.42353417,1.42353417,1.42353417,1.42353417,1.42353417,1.42353417,1.42353417,1.42353417
194.614629030,C05,AP01,client_to_ap,VHT,2,1,1,80,SU,1,4,234,d5766f7fc29bbe9c,1.3253594,1.3253594,1.3253594,1.3253594,1.3253594,1.3253594,1.3253594,1.3253594,1.3253594,1.3253594,1.3253594,1.3253594,1.3253594,1.3253594,1.3253594,1.3253594,1.3253594,1.3253594,1.3253594,1.3253594,1.3253594,1.3253594,1.3253594,1.3253594,1.3253594,1.3253594,1.3253594,1.3253594,1.42353417,1.3253594,1.42353417,1.42353417,1.42353417,1.42353417,1.42353417,1.3253594,1.42353417,1.42353417,1.42353417,1.42353417,1.42353417,1.3253594,1.3253594,1.42353417,1.42353417,1.42353417,1.42353417,1.3253594,1.42353417,1.42353417,1.42353417,1.3253594,1.42353417,1.42353417,1.42353417,1.42353417,1.42353417,1.42353417,1.42353417,1.42353417,1.42353417,1.42353417,1.42353417,1.42353417,1.42353417,1.42353417,1.42353417,1.42353417,1.42353417,1.42353417,1.42353417,1.42353417,1.42353417,1.42353417,1.42353417,1.42353417,1.42353417,1.42353417,1.42353417,1.42353417,1.42353417,1.42353417,1.42353417,1.42353417,1.42353417,1.42353417,1.42353417,1.42353417,1.42353417,1.42353417,1.42353417,1.42353417,1.42353417,1.42353417,1.42353417,1.42353417,1.42353417,1.42353417,1.42353417,1.42353417,1.42353417,1.42353417,1.42353417,1.42353417,1.42353417,1.42353417,1.42353417,1.42353417,1.42353417,1.42353417,1.42353417,1.42353417,1.42353417,1.42353417,1.42353417,1.42353417,1.42353417,1.42353417,1.42353417,1.42353417,1.42353417,1.42353417,1.42353417,1.42353417,1.42353417,1.42353417,1.42353417,1.42353417,1.42353417,1.42353417,1.42353417,1.42353417,1.42353417,1.42353417,1.42353417,1.42353417,1.42353417,1.42353417,1.42353417,1.42353417,1.42353417,1.42353417,1.42353417,1.42353417,1.42353417,1.42353417,1.42353417,1.42353417,1.42353417,1.42353417,1.42353417,1.42353417,1.42353417,1.42353417,1.42353417,1.42353417,1.42353417,1.42353417,1.42353417,1.42353417,1.42353417,1.42353417,1.42353417,1.42353417,1.42353417,1.42353417,1.42353417,1.42353417,1.42353417,1.42353417,1.42353417,1.42353417,1.42353417,1.42353417,1.42353417,1.42353417,1.42353417,1.42353417,1.42353417,1.42353417,1.42353417,1.42353417,1.42353417,1.42353417,1.42353417,1.42353417,1.42353417,1.42353417,1.42353417,1.42353417,1.42353417,1.42353417,1.42353417,1.42353417,1.42353417,1.42353417,1.42353417,1.42353417,1.42353417,1.42353417,1.42353417,1.42353417,1.42353417,1.42353417,1.42353417,1.42353417,1.42353417,1.42353417,1.42353417,1.42353417,1.42353417,1.42353417,1.42353417,1.42353417,1.42353417,1.42353417,1.42353417,1.42353417,1.42353417,1.42353417,1.42353417,1.42353417,1.42353417,1.42353417,1.42353417,1.42353417,1.42353417,1.42353417,1.42353417,1.42353417,1.42353417,1.42353417,1.42353417,1.42353417
195.164264917,C05,AP01,client_to_ap,VHT,2,1,1,80,SU,1,4,234,d5766f7fc29bbe9c,1.3253594,1.3253594,1.3253594,1.3253594,1.3253594,1.3253594,1.3253594,1.3253594,1.3253594,1.3253594,1.3253594,1.3253594,1.3253594,1.3253594,1.3253594,1.3253594,1.3253594,1.3253594,1.3253594,1.3253594,1.3253594,1.3253594,1.3253594,1.3253594,1.3253594,1.3253594,1.3253594,1.3253594,1.3253594,1.3253594,1.42353417,1.42353417,1.42353417,1.3253594,1.42353417,1.42353417,1.42353417,1.42353417,1.42353417,1.42353417,1.42353417,1.42353417,1.42353417,1.42353417,1.42353417,1.42353417,1.42353417,1.42353417,1.42353417,1.42353417,1.42353417,1.42353417,1.42353417,1.42353417,1.42353417,1.3253594,1.42353417,1.42353417,1.42353417,1.42353417,1.42353417,1.42353417,1.42353417,1.42353417,1.42353417,1.42353417,1.42353417,1.42353417,1.42353417,1.42353417,1.42353417,1.42353417,1.42353417,1.42353417,1.42353417,1.42353417,1.42353417,1.42353417,1.42353417,1.42353417,1.42353417,1.42353417,1.42353417,1.42353417,1.42353417,1.42353417,1.42353417,1.42353417,1.42353417,1.42353417,1.42353417,1.42353417,1.42353417,1.42353417,1.42353417,1.42353417,1.42353417,1.42353417,1.42353417,1.42353417,1.42353417,1.42353417,1.42353417,1.42353417,1.42353417,1.42353417,1.42353417,1.42353417,1.42353417,1.42353417,1.42353417,1.42353417,1.42353417,1.42353417,1.42353417,1.42353417,1.42353417,1.42353417,1.42353417,1.42353417,1.42353417,1.42353417,1.42353417,1.42353417,1.42353417,1.42353417,1.42353417,1.42353417,1.42353417,1.42353417,1.42353417,1.42353417,1.42353417,1.42353417,1.42353417,1.42353417,1.42353417,1.42353417,1.42353417,1.42353417,1.42353417,1.42353417,1.42353417,1.42353417,1.42353417,1.42353417,1.42353417,1.42353417,1.42353417,1.42353417,1.42353417,1.42353417,1.42353417,1.42353417,1.42353417,1.42353417,1.42353417,1.42353417,1.42353417,1.42353417,1.42353417,1.42353417,1.42353417,1.42353417,1.42353417,1.42353417,1.42353417,1.42353417,1.42353417,1.42353417,1.42353417,1.42353417,1.42353417,1.42353417,1.42353417,1.42353417,1.42353417,1.42353417,1.42353417,1.42353417,1.42353417,1.42353417,1.42353417,1.42353417,1.42353417,1.42353417,1.42353417,1.42353417,1.42353417,1.42353417,1.42353417,1.42353417,1.42353417,1.42353417,1.42353417,1.42353417,1.42353417,1.42353417,1.42353417,1.42353417,1.42353417,1.42353417,1.42353417,1.42353417,1.42353417,1.42353417,1.42353417,1.42353417,1.42353417,1.42353417,1.42353417,1.42353417,1.42353417,1.42353417,1.42353417,1.42353417,1.42353417,1.42353417,1.42353417,1.42353417,1.42353417,1.42353417,1.42353417,1.42353417,1.42353417,1.42353417,1.42353417,1.42353417,1.42353417,1.42353417,1.42353417,1.42353417,1.42353417,1.42353417
195.829082012,C05,AP01,client_to_ap,VHT,2,1,1,80,SU,1,4,234,d5766f7fc29bbe9c,1.3253594,1.3253594,1.3253594,1.3253594,1.3253594,1.3253594,1.3253594,1.3253594,1.3253594,1.3253594,1.3253594,1.3253594,1.3253594,1.3253594,1.3253594,1.3253594,1.3253594,1.3253594,1.3253594,1.3253594,1.3253594,1.3253594,1.3253594,1.3253594,1.3253594,1.3253594,1.3253594,1.3253594,1.42353417,1.3253594,1.3253594,1.3253594,1.42353417,1.42353417,1.42353417,1.42353417,1.3253594,1.3253594,1.3253594,1.3253594,1.42353417,1.42353417,1.42353417,1.42353417,1.42353417,1.42353417,1.3253594,1.3253594,1.42353417,1.42353417,1.42353417,1.3253594,1.42353417,1.42353417,1.42353417,1.42353417,1.42353417,1.42353417,1.42353417,1.42353417,1.42353417,1.42353417,1.42353417,1.42353417,1.42353417,1.42353417,1.42353417,1.42353417,1.42353417,1.42353417,1.42353417,1.42353417,1.42353417,1.42353417,1.42353417,1.42353417,1.42353417,1.42353417,1.42353417,1.42353417,1.42353417,1.42353417,1.42353417,1.42353417,1.42353417,1.42353417,1.42353417,1.42353417,1.42353417,1.42353417,1.42353417,1.42353417,1.42353417,1.42353417,1.42353417,1.42353417,1.42353417,1.42353417,1.42353417,1.42353417,1.42353417,1.42353417,1.42353417,1.42353417,1.42353417,1.42353417,1.42353417,1.42353417,1.42353417,1.42353417,1.42353417,1.42353417,1.42353417,1.42353417,1.42353417,1.42353417,1.42353417,1.42353417,1.42353417,1.42353417,1.42353417,1.42353417,1.42353417,1.42353417,1.42353417,1.42353417,1.42353417,1.42353417,1.42353417,1.42353417,1.42353417,1.42353417,1.42353417,1.42353417,1.42353417,1.42353417,1.42353417,1.42353417,1.42353417,1.42353417,1.42353417,1.42353417,1.42353417,1.42353417,1.42353417,1.42353417,1.42353417,1.42353417,1.42353417,1.42353417,1.42353417,1.42353417,1.42353417,1.42353417,1.42353417,1.42353417,1.42353417,1.42353417,1.42353417,1.42353417,1.42353417,1.42353417,1.42353417,1.42353417,1.42353417,1.42353417,1.42353417,1.42353417,1.42353417,1.42353417,1.42353417,1.42353417,1.42353417,1.42353417,1.42353417,1.42353417,1.42353417,1.42353417,1.42353417,1.42353417,1.42353417,1.42353417,1.42353417,1.42353417,1.42353417,1.42353417,1.42353417,1.42353417,1.42353417,1.42353417,1.42353417,1.42353417,1.42353417,1.42353417,1.42353417,1.42353417,1.42353417,1.42353417,1.42353417,1.42353417,1.42353417,1.42353417,1.42353417,1.42353417,1.42353417,1.42353417,1.42353417,1.42353417,1.42353417,1.42353417,1.42353417,1.42353417,1.42353417,1.42353417,1.42353417,1.42353417,1.42353417,1.42353417,1.42353417,1.42353417,1.42353417,1.42353417,1.42353417,1.42353417,1.42353417,1.42353417,1.42353417,1.42353417,1.42353417,1.42353417,1.42353417,1.42353417,1.42353417,1.42353417
196.161186934,C05,AP01,client_to_ap,VHT,2,1,1,80,SU,1,4,234,d5766f7fc29bbe9c,1.3253594,1.3253594,1.3253594,1.3253594,1.3253594,1.3253594,1.3253594,1.3253594,1.3253594,1.3253594,1.3253594,1.3253594,1.3253594,1.3253594,1.3253594,1.3253594,1.3253594,1.3253594,1.3253594,1.3253594,1.3253594,1.3253594,1.3253594,1.3253594,1.3253594,1.3253594,1.3253594,1.3253594,1.3253594,1.3253594,1.3253594,1.3253594,1.42353417,1.42353417,1.3253594,1.42353417,1.42353417,1.3253594,1.3253594,1.3253594,1.3253594,1.42353417,1.3253594,1.3253594,1.42353417,1.42353417,1.42353417,1.3253594,1.42353417,1.42353417,1.42353417,1.42353417,1.42353417,1.42353417,1.42353417,1.42353417,1.42353417,1.42353417,1.42353417,1.42353417,1.42353417,1.42353417,1.42353417,1.42353417,1.42353417,1.42353417,1.42353417,1.42353417,1.42353417,1.42353417,1.42353417,1.42353417,1.42353417,1.42353417,1.42353417,1.42353417,1.42353417,1.42353417,1.42353417,1.42353417,1.42353417,1.42353417,1.42353417,1.42353417,1.42353417,1.42353417,1.42353417,1.42353417,1.42353417,1.42353417,1.42353417,1.42353417,1.42353417,1.42353417,1.42353417,1.42353417,1.42353417,1.42353417,1.42353417,1.42353417,1.42353417,1.42353417,1.42353417,1.42353417,1.42353417,1.42353417,1.42353417,1.42353417,1.42353417,1.42353417,1.42353417,1.42353417,1.42353417,1.42353417,1.42353417,1.42353417,1.42353417,1.42353417,1.42353417,1.42353417,1.42353417,1.42353417,1.42353417,1.42353417,1.42353417,1.42353417,1.42353417,1.42353417,1.42353417,1.42353417,1.42353417,1.42353417,1.42353417,1.42353417,1.42353417,1.42353417,1.42353417,1.42353417,1.42353417,1.42353417,1.42353417,1.42353417,1.42353417,1.42353417,1.42353417,1.42353417,1.42353417,1.42353417,1.42353417,1.42353417,1.42353417,1.42353417,1.42353417,1.42353417,1.42353417,1.42353417,1.42353417,1.42353417,1.42353417,1.42353417,1.42353417,1.42353417,1.42353417,1.42353417,1.42353417,1.42353417,1.42353417,1.42353417,1.42353417,1.42353417,1.42353417,1.42353417,1.42353417,1.42353417,1.42353417,1.42353417,1.42353417,1.42353417,1.42353417,1.42353417,1.42353417,1.42353417,1.42353417,1.42353417,1.42353417,1.42353417,1.42353417,1.42353417,1.42353417,1.42353417,1.42353417,1.42353417,1.42353417,1.42353417,1.42353417,1.42353417,1.42353417,1.42353417,1.42353417,1.42353417,1.42353417,1.42353417,1.42353417,1.42353417,1.42353417,1.42353417,1.42353417,1.42353417,1.42353417,1.42353417,1.42353417,1.42353417,1.42353417,1.42353417,1.42353417,1.42353417,1.42353417,1.42353417,1.42353417,1.42353417,1.42353417,1.42353417,1.42353417,1.42353417,1.42353417,1.42353417,1.42353417,1.42353417,1.42353417,1.42353417,1.42353417,1.42353417,1.42353417,1.42353417
199.653148890,C05,AP01,client_to_ap,VHT,2,1,1,80,SU,1,4,234,d5766f7fc29bbe9c,1.3253594,1.3253594,1.3253594,1.3253594,1.3253594,1.3253594,1.3253594,1.3253594,1.3253594,1.3253594,1.3253594,1.3253594,1.3253594,1.3253594,1.3253594,1.3253594,1.3253594,1.3253594,1.3253594,1.3253594,1.3253594,1.3253594,1.3253594,1.3253594,1.3253594,1.3253594,1.3253594,1.3253594,1.3253594,1.3253594,1.3253594,1.3253594,1.42353417,1.3253594,1.3253594,1.42353417,1.42353417,1.42353417,1.3253594,1.42353417,1.42353417,1.42353417,1.42353417,1.42353417,1.42353417,1.3253594,1.42353417,1.42353417,1.42353417,1.42353417,1.42353417,1.42353417,1.42353417,1.42353417,1.42353417,1.42353417,1.42353417,1.42353417,1.42353417,1.42353417,1.42353417,1.42353417,1.42353417,1.42353417,1.42353417,1.42353417,1.42353417,1.42353417,1.42353417,1.42353417,1.42353417,1.42353417,1.42353417,1.42353417,1.42353417,1.42353417,1.42353417,1.42353417,1.42353417,1.42353417,1.42353417,1.42353417,1.42353417,1.42353417,1.42353417,1.42353417,1.42353417,1.42353417,1.42353417,1.42353417,1.42353417,1.42353417,1.42353417,1.42353417,1.42353417,1.42353417,1.42353417,1.42353417,1.42353417,1.42353417,1.42353417,1.42353417,1.42353417,1.42353417,1.42353417,1.42353417,1.42353417,1.42353417,1.42353417,1.42353417,1.42353417,1.42353417,1.42353417,1.42353417,1.42353417,1.42353417,1.42353417,1.42353417,1.42353417,1.42353417,1.42353417,1.42353417,1.42353417,1.42353417,1.42353417,1.42353417,1.42353417,1.42353417,1.42353417,1.42353417,1.42353417,1.42353417,1.42353417,1.42353417,1.42353417,1.42353417,1.42353417,1.42353417,1.42353417,1.42353417,1.42353417,1.42353417,1.42353417,1.42353417,1.42353417,1.42353417,1.42353417,1.42353417,1.42353417,1.42353417,1.42353417,1.42353417,1.42353417,1.42353417,1.42353417,1.42353417,1.42353417,1.42353417,1.42353417,1.42353417,1.42353417,1.42353417,1.42353417,1.42353417,1.42353417,1.42353417,1.42353417,1.42353417,1.42353417,1.42353417,1.42353417,1.42353417,1.42353417,1.42353417,1.42353417,1.42353417,1.42353417,1.42353417,1.42353417,1.42353417,1.42353417,1.42353417,1.42353417,1.42353417,1.42353417,1.42353417,1.42353417,1.42353417,1.42353417,1.42353417,1.42353417,1.42353417,1.42353417,1.42353417,1.42353417,1.42353417,1.42353417,1.42353417,1.42353417,1.42353417,1.42353417,1.42353417,1.42353417,1.42353417,1.42353417,1.42353417,1.42353417,1.42353417,1.42353417,1.42353417,1.42353417,1.42353417,1.42353417,1.42353417,1.42353417,1.42353417,1.42353417,1.42353417,1.42353417,1.42353417,1.42353417,1.42353417,1.42353417,1.42353417,1.42353417,1.42353417,1.42353417,1.42353417,1.42353417,1.42353417,1.42353417,1.42353417,1.42353417,1.42353417
200.383074999,C05,AP01,client_to_ap,VHT,2,1,1,80,SU,1,4,234,d5766f7fc29bbe9c,1.3253594,1.3253594,1.3253594,1.3253594,1.3253594,1.3253594,1.3253594,1.3253594,1.3253594,1.3253594,1.3253594,1.3253594,1.3253594,1.3253594,1.3253594,1.3253594,1.3253594,1.3253594,1.3253594,1.3253594,1.3253594,1.3253594,1.3253594,1.3253594,1.3253594,1.3253594,1.3253594,1.3253594,1.3253594,1.3253594,1.3253594,1.3253594,1.42353417,1.3253594,1.3253594,1.42353417,1.42353417,1.3253594,1.3253594,1.42353417,1.42353417,1.42353417,1.42353417,1.42353417,1.42353417,1.3253594,1.42353417,1.42353417,1.42353417,1.42353417,1.42353417,1.42353417,1.42353417,1.42353417,1.42353417,1.42353417,1.42353417,1.42353417,1.42353417,1.42353417,1.42353417,1.42353417,1.42353417,1.42353417,1.42353417,1.42353417,1.42353417,1.42353417,1.42353417,1.42353417,1.42353417,1.42353417,1.42353417,1.42353417,1.42353417,1.42353417,1.42353417,1.42353417,1.42353417,1.42353417,1.42353417,1.42353417,1.42353417,1.42353417,1.42353417,1.42353417,1.42353417,1.42353417,1.42353417,1.42353417,1.42353417,1.42353417,1.42353417,1.42353417,1.42353417,1.42353417,1.42353417,1.42353417,1.42353417,1.42353417,1.42353417,1.42353417,1.42353417,1.42353417,1.42353417,1.42353417,1.42353417,1.42353417,1.42353417,1.42353417,1.42353417,1.42353417,1.42353417,1.42353417,1.42353417,1.42353417,1.42353417,1.42353417,1.42353417,1.42353417,1.42353417,1.42353417,1.42353417,1.42353417,1.42353417,1.42353417,1.42353417,1.42353417,1.42353417,1.42353417,1.42353417,1.42353417,1.42353417,1.42353417,1.42353417,1.42353417,1.42353417,1.42353417,1.42353417,1.42353417,1.42353417,1.42353417,1.42353417,1.42353417,1.42353417,1.42353417,1.42353417,1.42353417,1.42353417,1.42353417,1.42353417,1.42353417,1.42353417,1.42353417,1.42353417,1.42353417,1.42353417,1.42353417,1.42353417,1.42353417,1.42353417,1.42353417,1.42353417,1.42353417,1.42353417,1.42353417,1.42353417,1.42353417,1.42353417,1.42353417,1.42353417,1.42353417,1.42353417,1.42353417,1.42353417,1.42353417,1.42353417,1.42353417,1.42353417,1.42353417,1.42353417,1.42353417,1.42353417,1.42353417,1.42353417,1.42353417,1.42353417,1.42353417,1.42353417,1.42353417,1.42353417,1.42353417,1.42353417,1.42353417,1.42353417,1.42353417,1.42353417,1.42353417,1.42353417,1.42353417,1.42353417,1.42353417,1.42353417,1.42353417,1.42353417,1.42353417,1.42353417,1.42353417,1.42353417,1.42353417,1.42353417,1.42353417,1.42353417,1.42353417,1.42353417,1.42353417,1.42353417,1.42353417,1.42353417,1.42353417,1.42353417,1.42353417,1.42353417,1.42353417,1.42353417,1.42353417,1.42353417,1.42353417,1.42353417,1.42353417,1.42353417,1.42353417,1.42353417,1.42353417
201.047936916,C05,AP01,client_to_ap,VHT,2,1,1,80,SU,1,4,234,d5766f7fc29bbe9c,1.3253594,1.3253594,1.3253594,1.3253594,1.3253594,1.3253594,1.3253594,1.3253594,1.3253594,1.3253594,1.3253594,1.3253594,1.3253594,1.3253594,1.3253594,1.3253594,1.3253594,1.3253594,1.3253594,1.3253594,1.3253594,1.3253594,1.3253594,1.3253594,1.3253594,1.3253594,1.3253594,1.42353417,1.3253594,1.3253594,1.3253594,1.3253594,1.3253594,1.42353417,1.42353417,1.42353417,1.42353417,1.42353417,1.42353417,1.42353417,1.3253594,1.42353417,1.42353417,1.42353417,1.42353417,1.42353417,1.42353417,1.42353417,1.42353417,1.42353417,1.42353417,1.42353417,1.42353417,1.3253594,1.42353417,1.42353417,1.42353417,1.42353417,1.42353417,1.42353417,1.42353417,1.42353417,1.42353417,1.42353417,1.42353417,1.42353417,1.42353417,1.42353417,1.42353417,1.42353417,1.42353417,1.42353417,1.42353417,1.42353417,1.42353417,1.42353417,1.42353417,1.42353417,1.42353417,1.42353417,1.42353417,1.42353417,1.42353417,1.42353417,1.42353417,1.42353417,1.42353417,1.42353417,1.42353417,1.42353417,1.42353417,1.42353417,1.42353417,1.42353417,1.42353417,1.42353417,1.42353417,1.42353417,1.42353417,1.42353417,1.42353417,1.42353417,1.42353417,1.42353417,1.42353417,1.42353417,1.42353417,1.42353417,1.42353417,1.42353417,1.42353417,1.42353417,1.42353417,1.42353417,1.42353417,1.42353417,1.42353417,1.42353417,1.42353417,1.42353417,1.42353417,1.42353417,1.42353417,1.42353417,1.42353417,1.42353417,1.42353417,1.42353417,1.42353417,1.42353417,1.42353417,1.42353417,1.42353417,1.42353417,1.42353417,1.42353417,1.42353417,1.42353417,1.42353417,1.42353417,1.42353417,1.42353417,1.42353417,1.42353417,1.42353417,1.42353417,1.42353417,1.42353417,1.42353417,1.42353417,1.42353417,1.42353417,1.42353417,1.42353417,1.42353417,1.42353417,1.42353417,1.42353417,1.42353417,1.42353417,1.42353417,1.42353417,1.42353417,1.42353417,1.42353417,1.42353417,1.42353417,1.42353417,1.42353417,1.42353417,1.42353417,1.42353417,1.42353417,1.42353417,1.42353417,1.42353417,1.42353417,1.42353417,1.42353417,1.42353417,1.42353417,1.42353417,1.42353417,1.42353417,1.42353417,1.42353417,1.42353417,1.42353417,1.42353417,1.42353417,1.42353417,1.42353417,1.42353417,1.42353417,1.42353417,1.42353417,1.42353417,1.42353417,1.42353417,1.42353417,1.42353417,1.42353417,1.42353417,1.42353417,1.42353417,1.42353417,1.42353417,1.42353417,1.42353417,1.42353417,1.42353417,1.42353417,1.42353417,1.42353417,1.42353417,1.42353417,1.42353417,1.42353417,1.42353417,1.42353417,1.42353417,1.42353417,1.42353417,1.42353417,1.42353417,1.42353417,1.42353417,1.42353417,1.42353417,1.42353417,1.42353417,1.42353417,1.42353417,1.42353417
202.419611931,C05,AP01,client_to_ap,VHT,2,1,1,80,SU,1,4,234,d5766f7fc29bbe9c,1.3253594,1.3253594,1.3253594,1.3253594,1.3253594,1.3253594,1.3253594,1.3253594,1.3253594,1.3253594,1.3253594,1.3253594,1.3253594,1.3253594,1.3253594,1.3253594,1.3253594,1.3253594,1.3253594,1.3253594,1.3253594,1.3253594,1.3253594,1.3253594,1.3253594,1.3253594,1.3253594,1.3253594,1.3253594,1.3253594,1.3253594,1.3253594,1.42353417,1.42353417,1.42353417,1.42353417,1.42353417,1.3253594,1.3253594,1.3253594,1.42353417,1.3253594,1.42353417,1.42353417,1.42353417,1.3253594,1.3253594,1.42353417,1.42353417,1.42353417,1.42353417,1.3253594,1.42353417,1.42353417,1.42353417,1.42353417,1.42353417,1.42353417,1.42353417,1.42353417,1.42353417,1.42353417,1.42353417,1.42353417,1.42353417,1.42353417,1.42353417,1.42353417,1.42353417,1.42353417,1.42353417,1.42353417,1.42353417,1.42353417,1.42353417,1.42353417,1.42353417,1.42353417,1.42353417,1.42353417,1.42353417,1.42353417,1.42353417,1.42353417,1.42353417,1.42353417,1.42353417,1.42353417,1.42353417,1.42353417,1.42353417,1.42353417,1.42353417,1.42353417,1.42353417,1.42353417,1.42353417,1.42353417,1.42353417,1.42353417,1.42353417,1.42353417,1.42353417,1.42353417,1.42353417,1.42353417,1.42353417,1.42353417,1.42353417,1.42353417,1.42353417,1.42353417,1.42353417,1.42353417,1.42353417,1.42353417,1.42353417,1.42353417,1.42353417,1.42353417,1.42353417,1.42353417,1.42353417,1.42353417,1.42353417,1.42353417,1.42353417,1.42353417,1.42353417,1.42353417,1.42353417,1.42353417,1.42353417,1.42353417,1.42353417,1.42353417,1.42353417,1.42353417,1.42353417,1.42353417,1.42353417,1.42353417,1.42353417,1.42353417,1.42353417,1.42353417,1.42353417,1.42353417,1.42353417,1.42353417,1.42353417,1.42353417,1.42353417,1.42353417,1.42353417,1.42353417,1.42353417,1.42353417,1.42353417,1.42353417,1.42353417,1.42353417,1.42353417,1.42353417,1.42353417,1.42353417,1.42353417,1.42353417,1.42353417,1.42353417,1.42353417,1.42353417,1.42353417,1.42353417,1.42353417,1.42353417,1.42353417,1.42353417,1.42353417,1.42353417,1.42353417,1.42353417,1.42353417,1.42353417,1.42353417,1.42353417,1.42353417,1.42353417,1.42353417,1.42353417,1.42353417,1.42353417,1.42353417,1.42353417,1.42353417,1.42353417,1.42353417,1.42353417,1.42353417,1.42353417,1.42353417,1.42353417,1.42353417,1.42353417,1.42353417,1.42353417,1.42353417,1.42353417,1.42353417,1.42353417,1.42353417,1.42353417,1.42353417,1.42353417,1.42353417,1.42353417,1.42353417,1.42353417,1.42353417,1.42353417,1.42353417,1.42353417,1.42353417,1.42353417,1.42353417,1.42353417,1.42353417,1.42353417,1.42353417,1.42353417,1.42353417,1.42353417,1.42353417,1.42353417
205.752951860,C05,AP01,client_to_ap,VHT,2,1,1,80,SU,1,4,234,d5766f7fc29bbe9c,1.3253594,1.3253594,1.3253594,1.3253594,1.3253594,1.3253594,1.3253594,1.3253594,1.3253594,1.3253594,1.3253594,1.3253594,1.3253594,1.3253594,1.3253594,1.3253594,1.3253594,1.3253594,1.3253594,1.3253594,1.3253594,1.3253594,1.3253594,1.42353417,1.3253594,1.3253594,1.3253594,1.3253594,1.42353417,1.3253594,1.42353417,1.3253594,1.42353417,1.3253594,1.42353417,1.42353417,1.42353417,1.42353417,1.42353417,1.42353417,1.42353417,1.42353417,1.42353417,1.42353417,1.42353417,1.42353417,1.42353417,1.42353417,1.42353417,1.42353417,1.42353417,1.42353417,1.42353417,1.42353417,1.42353417,1.42353417,1.42353417,1.42353417,1.42353417,1.42353417,1.42353417,1.42353417,1.42353417,1.42353417,1.42353417,1.42353417,1.42353417,1.42353417,1.42353417,1.42353417,1.42353417,1.42353417,1.42353417,1.42353417,1.42353417,1.42353417,1.42353417,1.42353417,1.42353417,1.42353417,1.42353417,1.42353417,1.42353417,1.42353417,1.42353417,1.42353417,1.42353417,1.42353417,1.42353417,1.42353417,1.42353417,1.42353417,1.42353417,1.42353417,1.42353417,1.42353417,1.42353417,1.42353417,1.42353417,1.42353417,1.42353417,1.42353417,1.42353417,1.42353417,1.42353417,1.42353417,1.42353417,1.42353417,1.42353417,1.42353417,1.42353417,1.42353417,1.42353417,1.42353417,1.42353417,1.42353417,1.42353417,1.42353417,1.42353417,1.42353417,1.42353417,1.42353417,1.42353417,1.42353417,1.42353417,1.42353417,1.42353417,1.42353417,1.42353417,1.42353417,1.42353417,1.42353417,1.42353417,1.42353417,1.42353417,1.42353417,1.42353417,1.42353417,1.42353417,1.42353417,1.42353417,1.42353417,1.42353417,1.42353417,1.42353417,1.42353417,1.42353417,1.42353417,1.42353417,1.42353417,1.42353417,1.42353417,1.42353417,1.42353417,1.42353417,1.42353417,1.42353417,1.42353417,1.42353417,1.42353417,1.42353417,1.42353417,1.42353417,1.42353417,1.42353417,1.42353417,1.42353417,1.42353417,1.42353417,1.42353417,1.42353417,1.42353417,1.42353417,1.42353417,1.42353417,1.42353417,1.42353417,1.42353417,1.42353417,1.42353417,1.42353417,1.42353417,1.42353417,1.42353417,1.42353417,1.42353417,1.42353417,1.42353417,1.42353417,1.42353417,1.42353417,1.42353417,1.42353417,1.42353417,1.42353417,1.42353417,1.42353417,1.42353417,1.42353417,1.42353417,1.42353417,1.42353417,1.42353417,1.42353417,1.42353417,1.42353417,1.42353417,1.42353417,1.42353417,1.42353417,1.42353417,1.42353417,1.42353417,1.42353417,1.42353417,1.42353417,1.42353417,1.42353417,1.42353417,1.42353417,1.42353417,1.42353417,1.42353417,1.42353417,1.42353417,1.42353417,1.42353417,1.42353417,1.42353417,1.42353417,1.42353417,1.42353417,1.42353417,1.42353417
207.392564058,C05,AP01,client_to_ap,VHT,2,1,1,80,SU,1,4,234,d5766f7fc29bbe9c,1.3253594,1.3253594,1.3253594,1.3253594,1.3253594,1.3253594,1.3253594,1.3253594,1.3253594,1.3253594,1.3253594,1.3253594,1.3253594,1.3253594,1.3253594,1.3253594,1.3253594,1.3253594,1.3253594,1.3253594,1.3253594,1.3253594,1.3253594,1.3253594,1.3253594,1.3253594,1.3253594,1.3253594,1.3253594,1.3253594,1.42353417,1.3253594,1.42353417,1.3253594,1.3253594,1.42353417,1.42353417,1.42353417,1.3253594,1.3253594,1.3253594,1.3253594,1.3253594,1.42353417,1.42353417,1.42353417,1.42353417,1.42353417,1.42353417,1.42353417,1.42353417,1.3253594,1.42353417,1.42353417,1.42353417,1.42353417,1.42353417,1.42353417,1.42353417,1.42353417,1.42353417,1.42353417,1.42353417,1.42353417,1.42353417,1.42353417,1.42353417,1.42353417,1.42353417,1.42353417,1.42353417,1.42353417,1.42353417,1.42353417,1.42353417,1.42353417,1.42353417,1.42353417,1.42353417,1.42353417,1.42353417,1.42353417,1.42353417,1.42353417,1.42353417,1.42353417,1.42353417,1.42353417,1.42353417,1.42353417,1.42353417,1.42353417,1.42353417,1.42353417,1.42353417,1.42353417,1.42353417,1.42353417,1.42353417,1.42353417,1.42353417,1.42353417,1.42353417,1.42353417,1.42353417,1.42353417,1.42353417,1.42353417,1.42353417,1.42353417,1.42353417,1.42353417,1.42353417,1.42353417,1.42353417,1.42353417,1.42353417,1.42353417,1.42353417,1.42353417,1.42353417,1.42353417,1.42353417,1.42353417,1.42353417,1.42353417,1.42353417,1.42353417,1.42353417,1.42353417,1.42353417,1.42353417,1.42353417,1.42353417,1.42353417,1.42353417,1.42353417,1.42353417,1.42353417,1.42353417,1.42353417,1.42353417,1.42353417,1.42353417,1.42353417,1.42353417,1.42353417,1.42353417,1.42353417,1.42353417,1.42353417,1.42353417,1.42353417,1.42353417,1.42353417,1.42353417,1.42353417,1.42353417,1.42353417,1.42353417,1.42353417,1.42353417,1.42353417,1.42353417,1.42353417,1.42353417,1.42353417,1.42353417,1.42353417,1.42353417,1.42353417,1.42353417,1.42353417,1.42353417,1.42353417,1.42353417,1.42353417,1.42353417,1.42353417,1.42353417,1.42353417,1.42353417,1.42353417,1.42353417,1.42353417,1.42353417,1.42353417,1.42353417,1.42353417,1.42353417,1.42353417,1.42353417,1.42353417,1.42353417,1.42353417,1.42353417,1.42353417,1.42353417,1.42353417,1.42353417,1.42353417,1.42353417,1.42353417,1.42353417,1.42353417,1.42353417,1.42353417,1.42353417,1.42353417,1.42353417,1.42353417,1.42353417,1.42353417,1.42353417,1.42353417,1.42353417,1.42353417,1.42353417,1.42353417,1.42353417,1.42353417,1.42353417,1.42353417,1.42353417,1.42353417,1.42353417,1.42353417,1.42353417,1.42353417,1.42353417,1.42353417,1.42353417,1.42353417,1.42353417
211.983369827,C05,AP01,client_to_ap,VHT,2,1,1,80,SU,1,4,234,d5766f7fc29bbe9c,1.3253594,1.3253594,1.3253594,1.3253594,1.3253594,1.3253594,1.3253594,1.3253594,1.3253594,1.3253594,1.3253594,1.3253594,1.3253594,1.3253594,1.3253594,1.3253594,1.3253594,1.3253594,1.3253594,1.3253594,1.3253594,1.3253594,1.3253594,1.3253594,1.3253594,1.3253594,1.42353417,1.42353417,1.3253594,1.3253594,1.3253594,1.42353417,1.42353417,1.42353417,1.42353417,1.42353417,1.42353417,1.3253594,1.42353417,1.42353417,1.42353417,1.42353417,1.42353417,1.42353417,1.42353417,1.42353417,1.42353417,1.42353417,1.42353417,1.42353417,1.42353417,1.42353417,1.42353417,1.42353417,1.42353417,1.42353417,1.42353417,1.42353417,1.42353417,1.42353417,1.42353417,1.42353417,1.42353417,1.42353417,1.42353417,1.42353417,1.42353417,1.42353417,1.42353417,1.42353417,1.42353417,1.42353417,1.42353417,1.42353417,1.42353417,1.42353417,1.42353417,1.42353417,1.42353417,1.42353417,1.42353417,1.42353417,1.42353417,1.42353417,1.42353417,1.42353417,1.42353417,1.42353417,1.42353417,1.42353417,1.42353417,1.42353417,1.42353417,1.42353417,1.42353417,1.42353417,1.42353417,1.42353417,1.42353417,1.42353417,1.42353417,1.42353417,1.42353417,1.42353417,1.42353417,1.42353417,1.42353417,1.42353417,1.42353417,1.42353417,1.42353417,1.42353417,1.42353417,1.42353417,1.42353417,1.42353417,1.42353417,1.42353417,1.42353417,1.42353417,1.42353417,1.42353417,1.42353417,1.42353417,1.42353417,1.42353417,1.42353417,1.42353417,1.42353417,1.42353417,1.42353417,1.42353417,1.42353417,1.42353417,1.42353417,1.42353417,1.42353417,1.42353417,1.42353417,1.42353417,1.42353417,1.42353417,1.42353417,1.42353417,1.42353417,1.42353417,1.42353417,1.42353417,1.42353417,1.42353417,1.42353417,1.42353417,1.42353417,1.42353417,1.42353417,1.42353417,1.42353417,1.42353417,1.42353417,1.42353417,1.42353417,1.42353417,1.42353417,1.42353417,1.42353417,1.42353417,1.42353417,1.42353417,1.42353417,1.42353417,1.42353417,1.42353417,1.42353417,1.42353417,1.42353417,1.42353417,1.42353417,1.42353417,1.42353417,1.42353417,1.42353417,1.42353417,1.42353417,1.42353417,1.42353417,1.42353417,1.42353417,1.42353417,1.42353417,1.42353417,1.42353417,1.42353417,1.42353417,1.42353417,1.42353417,1.42353417,1.42353417,1.42353417,1.42353417,1.42353417,1.42353417,1.42353417,1.42353417,1.42353417,1.42353417,1.42353417,1.42353417,1.42353417,1.42353417,1.42353417,1.42353417,1.42353417,1.42353417,1.42353417,1.42353417,1.42353417,1.42353417,1.42353417,1.42353417,1.42353417,1.42353417,1.42353417,1.42353417,1.42353417,1.42353417,1.42353417,1.42353417,1.42353417,1.42353417,1.42353417,1.42353417,1.42353417,1.42353417,1.42353417
215.621527910,C05,AP01,client_to_ap,VHT,2,1,1,80,SU,1,4,234,d5766f7fc29bbe9c,1.3253594,1.3253594,1.3253594,1.3253594,1.3253594,1.3253594,1.3253594,1.3253594,1.3253594,1.3253594,1.3253594,1.3253594,1.3253594,1.3253594,1.3253594,1.3253594,1.3253594,1.3253594,1.3253594,1.3253594,1.3253594,1.3253594,1.3253594,1.3253594,1.3253594,1.3253594,1.3253594,1.3253594,1.42353417,1.3253594,1.42353417,1.3253594,1.42353417,1.42353417,1.3253594,1.3253594,1.42353417,1.42353417,1.42353417,1.3253594,1.42353417,1.42353417,1.42353417,1.3253594,1.42353417,1.42353417,1.42353417,1.42353417,1.42353417,1.42353417,1.42353417,1.42353417,1.42353417,1.42353417,1.42353417,1.42353417,1.42353417,1.42353417,1.42353417,1.42353417,1.42353417,1.42353417,1.42353417,1.42353417,1.42353417,1.42353417,1.42353417,1.42353417,1.42353417,1.42353417,1.42353417,1.42353417,1.42353417,1.42353417,1.42353417,1.42353417,1.42353417,1.42353417,1.42353417,1.42353417,1.42353417,1.42353417,1.42353417,1.42353417,1.42353417,1.42353417,1.42353417,1.42353417,1.42353417,1.42353417,1.42353417,1.42353417,1.42353417,1.42353417,1.42353417,1.42353417,1.42353417,1.42353417,1.42353417,1.42353417,1.42353417,1.42353417,1.42353417,1.42353417,1.42353417,1.42353417,1.42353417,1.42353417,1.42353417,1.42353417,1.42353417,1.42353417,1.42353417,1.42353417,1.42353417,1.42353417,1.42353417,1.42353417,1.42353417,1.42353417,1.42353417,1.42353417,1.42353417,1.42353417,1.42353417,1.42353417,1.42353417,1.42353417,1.42353417,1.42353417,1.42353417,1.42353417,1.42353417,1.42353417,1.42353417,1.42353417,1.42353417,1.42353417,1.42353417,1.42353417,1.42353417,1.42353417,1.42353417,1.42353417,1.42353417,1.42353417,1.42353417,1.42353417,1.42353417,1.42353417,1.42353417,1.42353417,1.42353417,1.42353417,1.42353417,1.42353417,1.42353417,1.42353417,1.42353417,1.42353417,1.42353417,1.42353417,1.42353417,1.42353417,1.42353417,1.42353417,1.42353417,1.42353417,1.42353417,1.42353417,1.42353417,1.42353417,1.42353417,1.42353417,1.42353417,1.42353417,1.42353417,1.42353417,1.42353417,1.42353417,1.42353417,1.42353417,1.42353417,1.42353417,1.42353417,1.42353417,1.42353417,1.42353417,1.42353417,1.42353417,1.42353417,1.42353417,1.42353417,1.42353417,1.42353417,1.42353417,1.42353417,1.42353417,1.42353417,1.42353417,1.42353417,1.42353417,1.42353417,1.42353417,1.42353417,1.42353417,1.42353417,1.42353417,1.42353417,1.42353417,1.42353417,1.42353417,1.42353417,1.42353417,1.42353417,1.42353417,1.42353417,1.42353417,1.42353417,1.42353417,1.42353417,1.42353417,1.42353417,1.42353417,1.42353417,1.42353417,1.42353417,1.42353417,1.42353417,1.42353417,1.42353417,1.42353417,1.42353417,1.42353417
220.820230961,C05,AP01,client_to_ap,VHT,2,1,1,80,SU,1,4,234,d5766f7fc29bbe9c,1.3253594,1.3253594,1.3253594,1.3253594,1.3253594,1.3253594,1.3253594,1.3253594,1.3253594,1.3253594,1.3253594,1.3253594,1.3253594,1.3253594,1.3253594,1.3253594,1.3253594,1.3253594,1.3253594,1.3253594,1.3253594,1.3253594,1.3253594,1.3253594,1.3253594,1.3253594,1.3253594,1.3253594,1.42353417,1.3253594,1.3253594,1.3253594,1.42353417,1.42353417,1.42353417,1.42353417,1.42353417,1.3253594,1.3253594,1.42353417,1.42353417,1.42353417,1.42353417,1.42353417,1.42353417,1.3253594,1.42353417,1.3253594,1.42353417,1.42353417,1.42353417,1.42353417,1.42353417,1.42353417,1.42353417,1.42353417,1.42353417,1.42353417,1.42353417,1.42353417,1.42353417,1.42353417,1.42353417,1.42353417,1.42353417,1.42353417,1.42353417,1.42353417,1.42353417,1.42353417,1.42353417,1.42353417,1.42353417,1.42353417,1.42353417,1.42353417,1.42353417,1.42353417,1.42353417,1.42353417,1.42353417,1.42353417,1.42353417,1.42353417,1.42353417,1.42353417,1.42353417,1.42353417,1.42353417,1.42353417,1.42353417,1.42353417,1.42353417,1.42353417,1.42353417,1.42353417,1.42353417,1.42353417,1.42353417,1.42353417,1.42353417,1.42353417,1.42353417,1.42353417,1.42353417,1.42353417,1.42353417,1.42353417,1.42353417,1.42353417,1.42353417,1.42353417,1.42353417,1.42353417,1.42353417,1.42353417,1.42353417,1.42353417,1.42353417,1.42353417,1.42353417,1.42353417,1.42353417,1.42353417,1.42353417,1.42353417,1.42353417,1.42353417,1.42353417,1.42353417,1.42353417,1.42353417,1.42353417,1.42353417,1.42353417,1.42353417,1.42353417,1.42353417,1.42353417,1.42353417,1.42353417,1.42353417,1.42353417,1.42353417,1.42353417,1.42353417,1.42353417,1.42353417,1.42353417,1.42353417,1.42353417,1.42353417,1.42353417,1.42353417,1.42353417,1.42353417,1.42353417,1.42353417,1.42353417,1.42353417,1.42353417,1.42353417,1.42353417,1.42353417,1.42353417,1.42353417,1.42353417,1.42353417,1.42353417,1.42353417,1.42353417,1.42353417,1.42353417,1.42353417,1.42353417,1.42353417,1.42353417,1.42353417,1.42353417,1.42353417,1.42353417,1.42353417,1.42353417,1.42353417,1.42353417,1.42353417,1.42353417,1.42353417,1.42353417,1.42353417,1.42353417,1.42353417,1.42353417,1.42353417,1.42353417,1.42353417,1.42353417,1.42353417,1.42353417,1.42353417,1.42353417,1.42353417,1.42353417,1.42353417,1.42353417,1.42353417,1.42353417,1.42353417,1.42353417,1.42353417,1.42353417,1.42353417,1.42353417,1.42353417,1.42353417,1.42353417,1.42353417,1.42353417,1.42353417,1.42353417,1.42353417,1.42353417,1.42353417,1.42353417,1.42353417,1.42353417,1.42353417,1.42353417,1.42353417,1.42353417,1.42353417,1.42353417,1.42353417,1.42353417
221.152225971,C05,AP01,client_to_ap,VHT,2,1,1,80,SU,1,4,234,d5766f7fc29bbe9c,1.3253594,1.3253594,1.3253594,1.3253594,1.3253594,1.3253594,1.3253594,1.3253594,1.3253594,1.3253594,1.3253594,1.3253594,1.3253594,1.3253594,1.3253594,1.3253594,1.3253594,1.3253594,1.3253594,1.3253594,1.3253594,1.3253594,1.3253594,1.3253594,1.3253594,1.3253594,1.3253594,1.42353417,1.42353417,1.3253594,1.3253594,1.3253594,1.42353417,1.42353417,1.42353417,1.3253594,1.3253594,1.3253594,1.3253594,1.3253594,1.3253594,1.42353417,1.42353417,1.42353417,1.42353417,1.42353417,1.3253594,1.3253594,1.42353417,1.42353417,1.42353417,1.3253594,1.42353417,1.42353417,1.42353417,1.42353417,1.42353417,1.42353417,1.42353417,1.42353417,1.42353417,1.42353417,1.42353417,1.42353417,1.42353417,1.42353417,1.42353417,1.42353417,1.42353417,1.42353417,1.42353417,1.42353417,1.42353417,1.42353417,1.42353417,1.42353417,1.42353417,1.42353417,1.42353417,1.42353417,1.42353417,1.42353417,1.42353417,1.42353417,1.42353417,1.42353417,1.42353417,1.42353417,1.42353417,1.42353417,1.42353417,1.42353417,1.42353417,1.42353417,1.42353417,1.42353417,1.42353417,1.42353417,1.42353417,1.42353417,1.42353417,1.42353417,1.42353417,1.42353417,1.42353417,1.42353417,1.42353417,1.42353417,1.42353417,1.42353417,1.42353417,1.42353417,1.42353417,1.42353417,1.42353417,1.42353417,1.42353417,1.42353417,1.42353417,1.42353417,1.42353417,1.42353417,1.42353417,1.42353417,1.42353417,1.42353417,1.42353417,1.42353417,1.42353417,1.42353417,1.42353417,1.42353417,1.42353417,1.42353417,1.42353417,1.42353417,1.42353417,1.42353417,1.42353417,1.42353417,1.42353417,1.42353417,1.42353417,1.42353417,1.42353417,1.42353417,1.42353417,1.42353417,1.42353417,1.42353417,1.42353417,1.42353417,1.42353417,1.42353417,1.42353417,1.42353417,1.42353417,1.42353417,1.42353417,1.42353417,1.42353417,1.42353417,1.42353417,1.42353417,1.42353417,1.42353417,1.42353417,1.42353417,1.42353417,1.42353417,1.42353417,1.42353417,1.42353417,1.42353417,1.42353417,1.42353417,1.42353417,1.42353417,1.42353417,1.42353417,1.42353417,1.42353417,1.42353417,1.42353417,1.42353417,1.42353417,1.42353417,1.42353417,1.42353417,1.42353417,1.42353417,1.42353417,1.42353417,1.42353417,1.42353417,1.42353417,1.42353417,1.42353417,1.42353417,1.42353417,1.42353417,1.42353417,1.42353417,1.42353417,1.42353417,1.42353417,1.42353417,1.42353417,1.42353417,1.42353417,1.42353417,1.42353417,1.42353417,1.42353417,1.42353417,1.42353417,1.42353417,1.42353417,1.42353417,1.42353417,1.42353417,1.42353417,1.42353417,1.42353417,1.42353417,1.42353417,1.42353417,1.42353417,1.42353417,1.42353417,1.42353417,1.42353417,1.42353417,1.42353417
225.766710997,C05,AP01,client_to_ap,VHT,2,1,1,80,SU,1,4,234,d5766f7fc29bbe9c,1.3253594,1.3253594,1.3253594,1.3253594,1.3253594,1.3253594,1.3253594,1.3253594,1.3253594,1.3253594,1.3253594,1.3253594,1.3253594,1.3253594,1.3253594,1.3253594,1.3253594,1.3253594,1.3253594,1.3253594,1.3253594,1.3253594,1.3253594,1.3253594,1.3253594,1.3253594,1.3253594,1.3253594,1.3253594,1.3253594,1.3253594,1.3253594,1.42353417,1.42353417,1.3253594,1.42353417,1.42353417,1.3253594,1.3253594,1.42353417,1.42353417,1.42353417,1.3253594,1.42353417,1.42353417,1.42353417,1.42353417,1.3253594,1.42353417,1.42353417,1.42353417,1.42353417,1.42353417,1.42353417,1.42353417,1.42353417,1.42353417,1.42353417,1.42353417,1.42353417,1.42353417,1.42353417,1.42353417,1.42353417,1.42353417,1.42353417,1.42353417,1.42353417,1.42353417,1.42353417,1.42353417,1.42353417,1.42353417,1.42353417,1.42353417,1.42353417,1.42353417,1.42353417,1.42353417,1.42353417,1.42353417,1.42353417,1.42353417,1.42353417,1.42353417,1.42353417,1.42353417,1.42353417,1.42353417,1.42353417,1.42353417,1.42353417,1.42353417,1.42353417,1.42353417,1.42353417,1.42353417,1.42353417,1.42353417,1.42353417,1.42353417,1.42353417,1.42353417,1.42353417,1.42353417,1.42353417,1.42353417,1.42353417,1.42353417,1.42353417,1.42353417,1.42353417,1.42353417,1.42353417,1.42353417,1.42353417,1.42353417,1.42353417,1.42353417,1.42353417,1.42353417,1.42353417,1.42353417,1.42353417,1.42353417,1.42353417,1.42353417,1.42353417,1.42353417,1.42353417,1.42353417,1.42353417,1.42353417,1.42353417,1.42353417,1.42353417,1.42353417,1.42353417,1.42353417,1.42353417,1.42353417,1.42353417,1.42353417,1.42353417,1.42353417,1.42353417,1.42353417,1.42353417,1.42353417,1.42353417,1.42353417,1.42353417,1.42353417,1.42353417,1.42353417,1.42353417,1.42353417,1.42353417,1.42353417,1.42353417,1.42353417,1.42353417,1.42353417,1.42353417,1.42353417,1.42353417,1.42353417,1.42353417,1.42353417,1.42353417,1.42353417,1.42353417,1.42353417,1.42353417,1.42353417,1.42353417,1.42353417,1.42353417,1.42353417,1.42353417,1.42353417,1.42353417,1.42353417,1.42353417,1.42353417,1.42353417,1.42353417,1.42353417,1.42353417,1.42353417,1.42353417,1.42353417,1.42353417,1.42353417,1.42353417,1.42353417,1.42353417,1.42353417,1.42353417,1.42353417,1.42353417,1.42353417,1.42353417,1.42353417,1.42353417,1.42353417,1.42353417,1.42353417,1.42353417,1.42353417,1.42353417,1.42353417,1.42353417,1.42353417,1.42353417,1.42353417,1.42353417,1.42353417,1.42353417,1.42353417,1.42353417,1.42353417,1.42353417,1.42353417,1.42353417,1.42353417,1.42353417,1.42353417,1.42353417,1.42353417,1.42353417,1.42353417,1.42353417,1.42353417
227.099824905,C05,AP01,client_to_ap,VHT,2,1,1,80,SU,1,4,234,d5766f7fc29bbe9c,1.3253594,1.3253594,1.3253594,1.3253594,1.3253594,1.3253594,1.3253594,1.3253594,1.3253594,1.3253594,1.3253594,1.3253594,1.3253594,1.3253594,1.3253594,1.3253594,1.3253594,1.3253594,1.3253594,1.3253594,1.3253594,1.3253594,1.3253594,1.3253594,1.3253594,1.3253594,1.3253594,1.3253594,1.3253594,1.3253594,1.3253594,1.3253594,1.42353417,1.42353417,1.42353417,1.3253594,1.42353417,1.42353417,1.42353417,1.3253594,1.42353417,1.3253594,1.3253594,1.42353417,1.42353417,1.42353417,1.42353417,1.42353417,1.42353417,1.42353417,1.42353417,1.3253594,1.42353417,1.42353417,1.42353417,1.3253594,1.42353417,1.42353417,1.42353417,1.42353417,1.42353417,1.42353417,1.42353417,1.42353417,1.42353417,1.42353417,1.42353417,1.42353417,1.42353417,1.42353417,1.42353417,1.42353417,1.42353417,1.42353417,1.42353417,1.42353417,1.42353417,1.42353417,1.42353417,1.42353417,1.42353417,1.42353417,1.42353417,1.42353417,1.42353417,1.42353417,1.42353417,1.42353417,1.42353417,1.42353417,1.42353417,1.42353417,1.42353417,1.42353417,1.42353417,1.42353417,1.42353417,1.42353417,1.42353417,1.42353417,1.42353417,1.42353417,1.42353417,1.42353417,1.42353417,1.42353417,1.42353417,1.42353417,1.42353417,1.42353417,1.42353417,1.42353417,1.42353417,1.42353417,1.42353417,1.42353417,1.42353417,1.42353417,1.42353417,1.42353417,1.42353417,1.42353417,1.42353417,1.42353417,1.42353417,1.42353417,1.42353417,1.42353417,1.42353417,1.42353417,1.42353417,1.42353417,1.42353417,1.42353417,1.42353417,1.42353417,1.42353417,1.42353417,1.42353417,1.42353417,1.42353417,1.42353417,1.42353417,1.42353417,1.42353417,1.42353417,1.42353417,1.42353417,1.42353417,1.42353417,1.42353417,1.42353417,1.42353417,1.42353417,1.42353417,1.42353417,1.42353417,1.42353417,1.42353417,1.42353417,1.42353417,1.42353417,1.42353417,1.42353417,1.42353417,1.42353417,1.42353417,1.42353417,1.42353417,1.42353417,1.42353417,1.42353417,1.42353417,1.42353417,1.42353417,1.42353417,1.42353417,1.42353417,1.42353417,1.42353417,1.42353417,1.42353417,1.42353417,1.42353417,1.42353417,1.42353417,1.42353417,1.42353417,1.42353417,1.42353417,1.42353417,1.42353417,1.42353417,1.42353417,1.42353417,1.42353417,1.42353417,1.42353417,1.42353417,1.42353417,1.42353417,1.42353417,1.42353417,1.42353417,1.42353417,1.42353417,1.42353417,1.42353417,1.42353417,1.42353417,1.42353417,1.42353417,1.42353417,1.42353417,1.42353417,1.42353417,1.42353417,1.42353417,1.42353417,1.42353417,1.42353417,1.42353417,1.42353417,1.42353417,1.42353417,1.42353417,1.42353417,1.42353417,1.42353417,1.42353417,1.42353417,1.42353417,1.42353417,1.42353417
230.903460979,C05,AP01,client_to_ap,VHT,2,1,1,80,SU,1,4,234,d5766f7fc29bbe9c,1.3253594,1.3253594,1.3253594,1.3253594,1.3253594,1.3253594,1.3253594,1.3253594,1.3253594,1.3253594,1.3253594,1.3253594,1.3253594,1.3253594,1.3253594,1.3253594,1.42353417,1.3253594,1.3253594,1.3253594,1.3253594,1.3253594,1.3253594,1.3253594,1.3253594,1.3253594,1.3253594,1.3253594,1.42353417,1.3253594,1.42353417,1.3253594,1.42353417,1.42353417,1.3253594,1.3253594,1.3253594,1.3253594,1.3253594,1.3253594,1.42353417,1.42353417,1.42353417,1.3253594,1.42353417,1.42353417,1.42353417,1.3253594,1.42353417,1.42353417,1.42353417,1.3253594,1.42353417,1.42353417,1.42353417,1.42353417,1.42353417,1.42353417,1.3253594,1.42353417,1.42353417,1.42353417,1.42353417,1.42353417,1.42353417,1.42353417,1.42353417,1.42353417,1.42353417,1.42353417,1.42353417,1.42353417,1.42353417,1.42353417,1.42353417,1.42353417,1.42353417,1.42353417,1.42353417,1.42353417,1.42353417,1.42353417,1.42353417,1.42353417,1.42353417,1.42353417,1.42353417,1.42353417,1.42353417,1.42353417,1.42353417,1.42353417,1.42353417,1.42353417,1.42353417,1.42353417,1.42353417,1.42353417,1.42353417,1.42353417,1.42353417,1.42353417,1.42353417,1.42353417,1.42353417,1.42353417,1.42353417,1.42353417,1.42353417,1.42353417,1.42353417,1.42353417,1.42353417,1.42353417,1.42353417,1.42353417,1.42353417,1.42353417,1.42353417,1.42353417,1.42353417,1.42353417,1.42353417,1.42353417,1.42353417,1.42353417,1.42353417,1.42353417,1.42353417,1.42353417,1.42353417,1.42353417,1.42353417,1.42353417,1.42353417,1.42353417,1.42353417,1.42353417,1.42353417,1.42353417,1.42353417,1.42353417,1.42353417,1.42353417,1.42353417,1.42353417,1.42353417,1.42353417,1.42353417,1.42353417,1.42353417,1.42353417,1.42353417,1.42353417,1.42353417,1.42353417,1.42353417,1.42353417,1.42353417,1.42353417,1.42353417,1.42353417,1.42353417,1.42353417,1.42353417,1.42353417,1.42353417,1.42353417,1.42353417,1.42353417,1.42353417,1.42353417,1.42353417,1.42353417,1.42353417,1.42353417,1.42353417,1.42353417,1.42353417,1.42353417,1.42353417,1.42353417,1.42353417,1.42353417,1.42353417,1.42353417,1.42353417,1.42353417,1.42353417,1.42353417,1.42353417,1.42353417,1.42353417,1.42353417,1.42353417,1.42353417,1.42353417,1.42353417,1.42353417,1.42353417,1.42353417,1.42353417,1.42353417,1.42353417,1.42353417,1.42353417,1.42353417,1.42353417,1.42353417,1.42353417,1.42353417,1.42353417,1.42353417,1.42353417,1.42353417,1.42353417,1.42353417,1.42353417,1.42353417,1.42353417,1.42353417,1.42353417,1.42353417,1.42353417,1.42353417,1.42353417,1.42353417,1.42353417,1.42353417,1.42353417,1.42353417,1.42353417,1.42353417,1.42353417
236.255946875,C05,AP01,client_to_ap,VHT,2,1,1,80,SU,1,4,234,d5766f7fc29bbe9c,1.3253594,1.3253594,1.3253594,1.3253594,1.3253594,1.3253594,1.3253594,1.3253594,1.3253594,1.3253594,1.3253594,1.3253594,1.3253594,1.3253594,1.3253594,1.3253594,1.3253594,1.3253594,1.3253594,1.3253594,1.3253594,1.3253594,1.3253594,1.3253594,1.3253594,1.3253594,1.3253594,1.3253594,1.42353417,1.3253594,1.3253594,1.3253594,1.42353417,1.3253594,1.3253594,1.42353417,1.42353417,1.3253594,1.3253594,1.3253594,1.42353417,1.42353417,1.42353417,1.42353417,1.42353417,1.3253594,1.42353417,1.42353417,1.42353417,1.42353417,1.42353417,1.42353417,1.42353417,1.42353417,1.42353417,1.42353417,1.42353417,1.42353417,1.42353417,1.42353417,1.42353417,1.42353417,1.42353417,1.42353417,1.42353417,1.42353417,1.42353417,1.42353417,1.42353417,1.42353417,1.42353417,1.42353417,1.42353417,1.42353417,1.42353417,1.42353417,1.42353417,1.42353417,1.42353417,1.42353417,1.42353417,1.42353417,1.42353417,1.42353417,1.42353417,1.42353417,1.42353417,1.42353417,1.42353417,1.42353417,1.42353417,1.42353417,1.42353417,1.42353417,1.42353417,1.42353417,1.42353417,1.42353417,1.42353417,1.42353417,1.42353417,1.42353417,1.42353417,1.42353417,1.42353417,1.42353417,1.42353417,1.42353417,1.42353417,1.42353417,1.42353417,1.42353417,1.42353417,1.42353417,1.42353417,1.42353417,1.42353417,1.42353417,1.42353417,1.42353417,1.42353417,1.42353417,1.42353417,1.42353417,1.42353417,1.42353417,1.42353417,1.42353417,1.42353417,1.42353417,1.42353417,1.42353417,1.42353417,1.42353417,1.42353417,1.42353417,1.42353417,1.42353417,1.42353417,1.42353417,1.42353417,1.42353417,1.42353417,1.42353417,1.42353417,1.42353417,1.42353417,1.42353417,1.42353417,1.42353417,1.42353417,1.42353417,1.42353417,1.42353417,1.42353417,1.42353417,1.42353417,1.42353417,1.42353417,1.42353417,1.42353417,1.42353417,1.42353417,1.42353417,1.42353417,1.42353417,1.42353417,1.42353417,1.42353417,1.42353417,1.42353417,1.42353417,1.42353417,1.42353417,1.42353417,1.42353417,1.42353417,1.42353417,1.42353417,1.42353417,1.42353417,1.42353417,1.42353417,1.42353417,1.42353417,1.42353417,1.42353417,1.42353417,1.42353417,1.42353417,1.42353417,1.42353417,1.42353417,1.42353417,1.42353417,1.42353417,1.42353417,1.42353417,1.42353417,1.42353417,1.42353417,1.42353417,1.42353417,1.42353417,1.42353417,1.42353417,1.42353417,1.42353417,1.42353417,1.42353417,1.42353417,1.42353417,1.42353417,1.42353417,1.42353417,1.42353417,1.42353417,1.42353417,1.42353417,1.42353417,1.42353417,1.42353417,1.42353417,1.42353417,1.42353417,1.42353417,1.42353417,1.42353417,1.42353417,1.42353417,1.42353417,1.42353417,1.42353417,1.42353417
237.590746880,C05,AP01,client_to_ap,VHT,2,1,1,80,SU,1,4,234,d5766f7fc29bbe9c,1.3253594,1.3253594,1.3253594,1.3253594,1.3253594,1.3253594,1.3253594,1.3253594,1.3253594,1.3253594,1.3253594,1.3253594,1.3253594,1.3253594,1.3253594,1.3253594,1.3253594,1.3253594,1.3253594,1.3253594,1.3253594,1.3253594,1.3253594,1.3253594,1.3253594,1.3253594,1.42353417,1.42353417,1.3253594,1.3253594,1.3253594,1.3253594,1.42353417,1.42353417,1.42353417,1.42353417,1.3253594,1.42353417,1.3253594,1.3253594,1.3253594,1.42353417,1.42353417,1.42353417,1.3253594,1.3253594,1.42353417,1.3253594,1.42353417,1.42353417,1.42353417,1.3253594,1.42353417,1.42353417,1.42353417,1.42353417,1.42353417,1.42353417,1.42353417,1.42353417,1.42353417,1.42353417,1.42353417,1.42353417,1.42353417,1.42353417,1.42353417,1.42353417,1.42353417,1.42353417,1.42353417,1.42353417,1.42353417,1.42353417,1.42353417,1.42353417,1.42353417,1.42353417,1.42353417,1.42353417,1.42353417,1.42353417,1.42353417,1.42353417,1.42353417,1.42353417,1.42353417,1.42353417,1.42353417,1.42353417,1.42353417,1.42353417,1.42353417,1.42353417,1.42353417,1.42353417,1.42353417,1.42353417,1.42353417,1.42353417,1.42353417,1.42353417,1.42353417,1.42353417,1.42353417,1.42353417,1.42353417,1.42353417,1.42353417,1.42353417,1.42353417,1.42353417,1.42353417,1.42353417,1.42353417,1.42353417,1.42353417,1.42353417,1.42353417,1.42353417,1.42353417,1.42353417,1.42353417,1.42353417,1.42353417,1.42353417,1.42353417,1.42353417,1.42353417,1.42353417,1.42353417,1.42353417,1.42353417,1.42353417,1.42353417,1.42353417,1.42353417,1.42353417,1.42353417,1.42353417,1.42353417,1.42353417,1.42353417,1.42353417,1.42353417,1.42353417,1.42353417,1.42353417,1.42353417,1.42353417,1.42353417,1.42353417,1.42353417,1.42353417,1.42353417,1.42353417,1.42353417,1.42353417,1.42353417,1.42353417,1.42353417,1.42353417,1.42353417,1.42353417,1.42353417,1.42353417,1.42353417,1.42353417,1.42353417,1.42353417,1.42353417,1.42353417,1.42353417,1.42353417,1.42353417,1.42353417,1.42353417,1.42353417,1.42353417,1.42353417,1.42353417,1.42353417,1.42353417,1.42353417,1.42353417,1.42353417,1.42353417,1.42353417,1.42353417,1.42353417,1.42353417,1.42353417,1.42353417,1.42353417,1.42353417,1.42353417,1.42353417,1.42353417,1.42353417,1.42353417,1.42353417,1.42353417,1.42353417,1.42353417,1.42353417,1.42353417,1.42353417,1.42353417,1.42353417,1.42353417,1.42353417,1.42353417,1.42353417,1.42353417,1.42353417,1.42353417,1.42353417,1.42353417,1.42353417,1.42353417,1.42353417,1.42353417,1.42353417,1.42353417,1.42353417,1.42353417,1.42353417,1.42353417,1.42353417,1.42353417,1.42353417,1.42353417,1.42353417,1.42353417
240.809268951,C05,AP01,client_to_ap,VHT,2,1,1,80,SU,1,4,234,d5766f7fc29bbe9c,1.3253594,1.3253594,1.3253594,1.3253594,1.3253594,1.3253594,1.3253594,1.3253594,1.3253594,1.3253594,1.3253594,1.3253594,1.3253594,1.3253594,1.3253594,1.3253594,1.3253594,1.3253594,1.3253594,1.3253594,1.3253594,1.3253594,1.3253594,1.3253594,1.3253594,1.3253594,1.3253594,1.3253594,1.3253594,1.3253594,1.42353417,1.3253594,1.42353417,1.3253594,1.3253594,1.3253594,1.3253594,1.42353417,1.3253594,1.3253594,1.3253594,1.42353417,1.3253594,1.3253594,1.3253594,1.42353417,1.42353417,1.3253594,1.42353417,1.3253594,1.42353417,1.3253594,1.42353417,1.42353417,1.42353417,1.3253594,1.42353417,1.42353417,1.42353417,1.42353417,1.42353417,1.42353417,1.42353417,1.42353417,1.42353417,1.42353417,1.42353417,1.42353417,1.42353417,1.42353417,1.42353417,1.42353417,1.42353417,1.42353417,1.42353417,1.42353417,1.42353417,1.42353417,1.42353417,1.42353417,1.42353417,1.42353417,1.42353417,1.42353417,1.42353417,1.42353417,1.42353417,1.42353417,1.42353417,1.42353417,1.42353417,1.42353417,1.42353417,1.42353417,1.42353417,1.42353417,1.42353417,1.42353417,1.42353417,1.42353417,1.42353417,1.42353417,1.42353417,1.42353417,1.42353417,1.42353417,1.42353417,1.42353417,1.42353417,1.42353417,1.42353417,1.42353417,1.42353417,1.42353417,1.42353417,1.42353417,1.42353417,1.42353417,1.42353417,1.42353417,1.42353417,1.42353417,1.42353417,1.42353417,1.42353417,1.42353417,1.42353417,1.42353417,1.42353417,1.42353417,1.42353417,1.42353417,1.42353417,1.42353417,1.42353417,1.42353417,1.42353417,1.42353417,1.42353417,1.42353417,1.42353417,1.42353417,1.42353417,1.42353417,1.42353417,1.42353417,1.42353417,1.42353417,1.42353417,1.42353417,1.42353417,1.42353417,1.42353417,1.42353417,1.42353417,1.42353417,1.42353417,1.42353417,1.42353417,1.42353417,1.42353417,1.42353417,1.42353417,1.42353417,1.42353417,1.42353417,1.42353417,1.42353417,1.42353417,1.42353417,1.42353417,1.42353417,1.42353417,1.42353417,1.42353417,1.42353417,1.42353417,1.42353417,1.42353417,1.42353417,1.42353417,1.42353417,1.42353417,1.42353417,1.42353417,1.42353417,1.42353417,1.42353417,1.42353417,1.42353417,1.42353417,1.42353417,1.42353417,1.42353417,1.42353417,1.42353417,1.42353417,1.42353417,1.42353417,1.42353417,1.42353417,1.42353417,1.42353417,1.42353417,1.42353417,1.42353417,1.42353417,1.42353417,1.42353417,1.42353417,1.42353417,1.42353417,1.42353417,1.42353417,1.42353417,1.42353417,1.42353417,1.42353417,1.42353417,1.42353417,1.42353417,1.42353417,1.42353417,1.42353417,1.42353417,1.42353417,1.42353417,1.42353417,1.42353417,1.42353417,1.42353417,1.42353417,1.42353417,1.42353417
242.445693970,C05,AP01,client_to_ap,VHT,2,1,1,80,SU,1,4,234,d5766f7fc29bbe9c,1.3253594,1.3253594,1.3253594,1.3253594,1.3253594,1.3253594,1.3253594,1.3253594,1.3253594,1.3253594,1.3253594,1.3253594,1.3253594,1.3253594,1.3253594,1.3253594,1.3253594,1.3253594,1.3253594,1.3253594,1.3253594,1.3253594,1.3253594,1.3253594,1.3253594,1.3253594,1.3253594,1.3253594,1.3253594,1.3253594,1.3253594,1.3253594,1.42353417,1.3253594,1.3253594,1.42353417,1.42353417,1.3253594,1.3253594,1.3253594,1.42353417,1.42353417,1.42353417,1.42353417,1.42353417,1.42353417,1.42353417,1.3253594,1.42353417,1.42353417,1.42353417,1.42353417,1.42353417,1.42353417,1.3253594,1.42353417,1.42353417,1.42353417,1.42353417,1.42353417,1.42353417,1.42353417,1.42353417,1.42353417,1.42353417,1.42353417,1.42353417,1.42353417,1.42353417,1.42353417,1.42353417,1.42353417,1.42353417,1.42353417,1.42353417,1.42353417,1.42353417,1.42353417,1.42353417,1.42353417,1.42353417,1.42353417,1.42353417,1.42353417,1.42353417,1.42353417,1.42353417,1.42353417,1.42353417,1.42353417,1.42353417,1.42353417,1.42353417,1.42353417,1.42353417,1.42353417,1.42353417,1.42353417,1.42353417,1.42353417,1.42353417,1.42353417,1.42353417,1.42353417,1.42353417,1.42353417,1.42353417,1.42353417,1.42353417,1.42353417,1.42353417,1.42353417,1.42353417,1.42353417,1.42353417,1.42353417,1.42353417,1.42353417,1.42353417,1.42353417,1.42353417,1.42353417,1.42353417,1.42353417,1.42353417,1.42353417,1.42353417,1.42353417,1.42353417,1.42353417,1.42353417,1.42353417,1.42353417,1.42353417,1.42353417,1.42353417,1.42353417,1.42353417,1.42353417,1.42353417,1.42353417,1.42353417,1.42353417,1.42353417,1.42353417,1.42353417,1.42353417,1.42353417,1.42353417,1.42353417,1.42353417,1.42353417,1.42353417,1.42353417,1.42353417,1.42353417,1.42353417,1.42353417,1.42353417,1.42353417,1.42353417,1.42353417,1.42353417,1.42353417,1.42353417,1.42353417,1.42353417,1.42353417,1.42353417,1.42353417,1.42353417,1.42353417,1.42353417,1.42353417,1.42353417,1.42353417,1.42353417,1.42353417,1.42353417,1.42353417,1.42353417,1.42353417,1.42353417,1.42353417,1.42353417,1.42353417,1.42353417,1.42353417,1.42353417,1.42353417,1.42353417,1.42353417,1.42353417,1.42353417,1.42353417,1.42353417,1.42353417,1.42353417,1.42353417,1.42353417,1.42353417,1.42353417,1.42353417,1.42353417,1.42353417,1.42353417,1.42353417,1.42353417,1.42353417,1.42353417,1.42353417,1.42353417,1.42353417,1.42353417,1.42353417,1.42353417,1.42353417,1.42353417,1.42353417,1.42353417,1.42353417,1.42353417,1.42353417,1.42353417,1.42353417,1.42353417,1.42353417,1.42353417,1.42353417,1.42353417,1.42353417,1.42353417,1.42353417,1.42353417
246.151927948,C05,AP01,client_to_ap,VHT,2,1,1,80,SU,1,4,234,d5766f7fc29bbe9c,1.3253594,1.3253594,1.3253594,1.3253594,1.3253594,1.3253594,1.3253594,1.3253594,1.3253594,1.3253594,1.3253594,1.3253594,1.3253594,1.3253594,1.3253594,1.3253594,1.3253594,1.3253594,1.3253594,1.3253594,1.3253594,1.3253594,1.3253594,1.3253594,1.3253594,1.3253594,1.3253594,1.3253594,1.3253594,1.3253594,1.3253594,1.3253594,1.42353417,1.3253594,1.3253594,1.3253594,1.3253594,1.3253594,1.3253594,1.3253594,1.42353417,1.3253594,1.42353417,1.3253594,1.3253594,1.42353417,1.42353417,1.42353417,1.42353417,1.3253594,1.42353417,1.42353417,1.42353417,1.42353417,1.42353417,1.42353417,1.42353417,1.42353417,1.42353417,1.42353417,1.42353417,1.42353417,1.42353417,1.42353417,1.42353417,1.42353417,1.42353417,1.42353417,1.42353417,1.42353417,1.42353417,1.42353417,1.42353417,1.42353417,1.42353417,1.42353417,1.42353417,1.42353417,1.42353417,1.42353417,1.42353417,1.42353417,1.42353417,1.42353417,1.42353417,1.42353417,1.42353417,1.42353417,1.42353417,1.42353417,1.42353417,1.42353417,1.42353417,1.42353417,1.42353417,1.42353417,1.42353417,1.42353417,1.42353417,1.42353417,1.42353417,1.42353417,1.42353417,1.42353417,1.42353417,1.42353417,1.42353417,1.42353417,1.42353417,1.42353417,1.42353417,1.42353417,1.42353417,1.42353417,1.42353417,1.42353417,1.42353417,1.42353417,1.42353417,1.42353417,1.42353417,1.42353417,1.42353417,1.42353417,1.42353417,1.42353417,1.42353417,1.42353417,1.42353417,1.42353417,1.42353417,1.42353417,1.42353417,1.42353417,1.42353417,1.42353417,1.42353417,1.42353417,1.42353417,1.42353417,1.42353417,1.42353417,1.42353417,1.42353417,1.42353417,1.42353417,1.42353417,1.42353417,1.42353417,1.42353417,1.42353417,1.42353417,1.42353417,1.42353417,1.42353417,1.42353417,1.42353417,1.42353417,1.42353417,1.42353417,1.42353417,1.42353417,1.42353417,1.42353417,1.42353417,1.42353417,1.42353417,1.42353417,1.42353417,1.42353417,1.42353417,1.42353417,1.42353417,1.42353417,1.42353417,1.42353417,1.42353417,1.42353417,1.42353417,1.42353417,1.42353417,1.42353417,1.42353417,1.42353417,1.42353417,1.42353417,1.42353417,1.42353417,1.42353417,1.42353417,1.42353417,1.42353417,1.42353417,1.42353417,1.42353417,1.42353417,1.42353417,1.42353417,1.42353417,1.42353417,1.42353417,1.42353417,1.42353417,1.42353417,1.42353417,1.42353417,1.42353417,1.42353417,1.42353417,1.42353417,1.42353417,1.42353417,1.42353417,1.42353417,1.42353417,1.42353417,1.42353417,1.42353417,1.42353417,1.42353417,1.42353417,1.42353417,1.42353417,1.42353417,1.42353417,1.42353417,1.42353417,1.42353417,1.42353417,1.42353417,1.42353417,1.42353417,1.42353417,1.42353417
247.486819029,C05,AP01,client_to_ap,VHT,2,1,1,80,SU,1,4,234,d5766f7fc29bbe9c,1.3253594,1.3253594,1.3253594,1.3253594,1.3253594,1.3253594,1.3253594,1.3253594,1.3253594,1.3253594,1.3253594,1.3253594,1.3253594,1.3253594,1.3253594,1.3253594,1.3253594,1.3253594,1.3253594,1.3253594,1.3253594,1.3253594,1.3253594,1.3253594,1.3253594,1.3253594,1.3253594,1.3253594,1.3253594,1.3253594,1.3253594,1.3253594,1.42353417,1.3253594,1.42353417,1.3253594,1.3253594,1.3253594,1.3253594,1.3253594,1.42353417,1.42353417,1.42353417,1.42353417,1.42353417,1.3253594,1.3253594,1.42353417,1.42353417,1.42353417,1.42353417,1.3253594,1.3253594,1.42353417,1.42353417,1.42353417,1.42353417,1.42353417,1.42353417,1.42353417,1.42353417,1.42353417,1.42353417,1.42353417,1.42353417,1.42353417,1.42353417,1.42353417,1.42353417,1.42353417,1.42353417,1.42353417,1.42353417,1.42353417,1.42353417,1.42353417,1.42353417,1.42353417,1.42353417,1.42353417,1.42353417,1.42353417,1.42353417,1.42353417,1.42353417,1.42353417,1.42353417,1.42353417,1.42353417,1.42353417,1.42353417,1.42353417,1.42353417,1.42353417,1.42353417,1.42353417,1.42353417,1.42353417,1.42353417,1.42353417,1.42353417,1.42353417,1.42353417,1.42353417,1.42353417,1.42353417,1.42353417,1.42353417,1.42353417,1.42353417,1.42353417,1.42353417,1.42353417,1.42353417,1.42353417,1.42353417,1.42353417,1.42353417,1.42353417,1.42353417,1.42353417,1.42353417,1.42353417,1.42353417,1.42353417,1.42353417,1.42353417,1.42353417,1.42353417,1.42353417,1.42353417,1.42353417,1.42353417,1.42353417,1.42353417,1.42353417,1.42353417,1.42353417,1.42353417,1.42353417,1.42353417,1.42353417,1.42353417,1.42353417,1.42353417,1.42353417,1.42353417,1.42353417,1.42353417,1.42353417,1.42353417,1.42353417,1.42353417,1.42353417,1.42353417,1.42353417,1.42353417,1.42353417,1.42353417,1.42353417,1.42353417,1.42353417,1.42353417,1.42353417,1.42353417,1.42353417,1.42353417,1.42353417,1.42353417,1.42353417,1.42353417,1.42353417,1.42353417,1.42353417,1.42353417,1.42353417,1.42353417,1.42353417,1.42353417,1.42353417,1.42353417,1.42353417,1.42353417,1.42353417,1.42353417,1.42353417,1.42353417,1.42353417,1.42353417,1.42353417,1.42353417,1.42353417,1.42353417,1.42353417,1.42353417,1.42353417,1.42353417,1.42353417,1.42353417,1.42353417,1.42353417,1.42353417,1.42353417,1.42353417,1.42353417,1.42353417,1.42353417,1.42353417,1.42353417,1.42353417,1.42353417,1.42353417,1.42353417,1.42353417,1.42353417,1.42353417,1.42353417,1.42353417,1.42353417,1.42353417,1.42353417,1.42353417,1.42353417,1.42353417,1.42353417,1.42353417,1.42353417,1.42353417,1.42353417,1.42353417,1.42353417,1.42353417,1.42353417,1.42353417
251.830883026,C05,AP01,client_to_ap,VHT,2,1,1,80,SU,1,4,234,d5766f7fc29bbe9c,1.3253594,1.3253594,1.3253594,1.3253594,1.3253594,1.3253594,1.3253594,1.3253594,1.3253594,1.3253594,1.3253594,1.3253594,1.3253594,1.3253594,1.3253594,1.3253594,1.3253594,1.3253594,1.3253594,1.3253594,1.3253594,1.3253594,1.3253594,1.3253594,1.42353417,1.3253594,1.3253594,1.3253594,1.42353417,1.3253594,1.3253594,1.3253594,1.42353417,1.3253594,1.42353417,1.42353417,1.42353417,1.42353417,1.42353417,1.3253594,1.42353417,1.42353417,1.42353417,1.42353417,1.42353417,1.3253594,1.42353417,1.42353417,1.42353417,1.42353417,1.42353417,1.3253594,1.42353417,1.42353417,1.42353417,1.42353417,1.42353417,1.42353417,1.42353417,1.42353417,1.42353417,1.42353417,1.42353417,1.42353417,1.42353417,1.42353417,1.42353417,1.42353417,1.42353417,1.42353417,1.42353417,1.42353417,1.42353417,1.42353417,1.42353417,1.42353417,1.42353417,1.42353417,1.42353417,1.42353417,1.42353417,1.42353417,1.42353417,1.42353417,1.42353417,1.42353417,1.42353417,1.42353417,1.42353417,1.42353417,1.42353417,1.42353417,1.42353417,1.42353417,1.42353417,1.42353417,1.42353417,1.42353417,1.42353417,1.42353417,1.42353417,1.42353417,1.42353417,1.42353417,1.42353417,1.42353417,1.42353417,1.42353417,1.42353417,1.42353417,1.42353417,1.42353417,1.42353417,1.42353417,1.42353417,1.42353417,1.42353417,1.42353417,1.42353417,1.42353417,1.42353417,1.42353417,1.42353417,1.42353417,1.42353417,1.42353417,1.42353417,1.42353417,1.42353417,1.42353417,1.42353417,1.42353417,1.42353417,1.42353417,1.42353417,1.42353417,1.42353417,1.42353417,1.42353417,1.42353417,1.42353417,1.42353417,1.42353417,1.42353417,1.42353417,1.42353417,1.42353417,1.42353417,1.42353417,1.42353417,1.42353417,1.42353417,1.42353417,1.42353417,1.42353417,1.42353417,1.42353417,1.42353417,1.42353417,1.42353417,1.42353417,1.42353417,1.42353417,1.42353417,1.42353417,1.42353417,1.42353417,1.42353417,1.42353417,1.42353417,1.42353417,1.42353417,1.42353417,1.42353417,1.42353417,1.42353417,1.42353417,1.42353417,1.42353417,1.42353417,1.42353417,1.42353417,1.42353417,1.42353417,1.42353417,1.42353417,1.42353417,1.42353417,1.42353417,1.42353417,1.42353417,1.42353417,1.42353417,1.42353417,1.42353417,1.42353417,1.42353417,1.42353417,1.42353417,1.42353417,1.42353417,1.42353417,1.42353417,1.42353417,1.42353417,1.42353417,1.42353417,1.42353417,1.42353417,1.42353417,1.42353417,1.42353417,1.42353417,1.42353417,1.42353417,1.42353417,1.42353417,1.42353417,1.42353417,1.42353417,1.42353417,1.42353417,1.42353417,1.42353417,1.42353417,1.42353417,1.42353417,1.42353417,1.42353417,1.42353417,1.42353417,1.42353417,1.42353417,1.42353417
253.162566900,C05,AP01,client_to_ap,VHT,2,1,1,80,SU,1,4,234,d5766f7fc29bbe9c,1.3253594,1.3253594,1.3253594,1.3253594,1.3253594,1.3253594,1.3253594,1.3253594,1.3253594,1.3253594,1.3253594,1.3253594,1.3253594,1.3253594,1.3253594,1.3253594,1.3253594,1.3253594,1.3253594,1.3253594,1.3253594,1.3253594,1.3253594,1.3253594,1.3253594,1.3253594,1.3253594,1.3253594,1.3253594,1.3253594,1.3253594,1.3253594,1.42353417,1.42353417,1.42353417,1.42353417,1.42353417,1.3253594,1.3253594,1.42353417,1.3253594,1.42353417,1.42353417,1.42353417,1.42353417,1.3253594,1.42353417,1.42353417,1.42353417,1.42353417,1.42353417,1.42353417,1.42353417,1.42353417,1.42353417,1.42353417,1.42353417,1.42353417,1.42353417,1.42353417,1.42353417,1.42353417,1.42353417,1.42353417,1.42353417,1.42353417,1.42353417,1.42353417,1.42353417,1.42353417,1.42353417,1.42353417,1.42353417,1.42353417,1.42353417,1.42353417,1.42353417,1.42353417,1.42353417,1.42353417,1.42353417,1.42353417,1.42353417,1.42353417,1.42353417,1.42353417,1.42353417,1.42353417,1.42353417,1.42353417,1.42353417,1.42353417,1.42353417,1.42353417,1.42353417,1.42353417,1.42353417,1.42353417,1.42353417,1.42353417,1.42353417,1.42353417,1.42353417,1.42353417,1.42353417,1.42353417,1.42353417,1.42353417,1.42353417,1.42353417,1.42353417,1.42353417,1.42353417,1.42353417,1.42353417,1.42353417,1.42353417,1.42353417,1.42353417,1.42353417,1.42353417,1.42353417,1.42353417,1.42353417,1.42353417,1.42353417,1.42353417,1.42353417,1.42353417,1.42353417,1.42353417,1.42353417,1.42353417,1.42353417,1.42353417,1.42353417,1.42353417,1.42353417,1.42353417,1.42353417,1.42353417,1.42353417,1.42353417,1.42353417,1.42353417,1.42353417,1.42353417,1.42353417,1.42353417,1.42353417,1.42353417,1.42353417,1.42353417,1.42353417,1.42353417,1.42353417,1.42353417,1.42353417,1.42353417,1.42353417,1.42353417,1.42353417,1.42353417,1.42353417,1.42353417,1.42353417,1.42353417,1.42353417,1.42353417,1.42353417,1.42353417,1.42353417,1.42353417,1.42353417,1.42353417,1.42353417,1.42353417,1.42353417,1.42353417,1.42353417,1.42353417,1.42353417,1.42353417,1.42353417,1.42353417,1.42353417,1.42353417,1.42353417,1.42353417,1.42353417,1.42353417,1.42353417,1.42353417,1.42353417,1.42353417,1.42353417,1.42353417,1.42353417,1.42353417,1.42353417,1.42353417,1.42353417,1.42353417,1.42353417,1.42353417,1.42353417,1.42353417,1.42353417,1.42353417,1.42353417,1.42353417,1.42353417,1.42353417,1.42353417,1.42353417,1.42353417,1.42353417,1.42353417,1.42353417,1.42353417,1.42353417,1.42353417,1.42353417,1.42353417,1.42353417,1.42353417,1.42353417,1.42353417,1.42353417,1.42353417,1.42353417,1.42353417,1.42353417,1.42353417
257.172616959,C05,AP01,client_to_ap,VHT,2,1,1,80,SU,1,4,234,d5766f7fc29bbe9c,1.3253594,1.3253594,1.3253594,1.3253594,1.3253594,1.3253594,1.3253594,1.3253594,1.3253594,1.3253594,1.3253594,1.3253594,1.3253594,1.3253594,1.3253594,1.3253594,1.3253594,1.3253594,1.3253594,1.3253594,1.3253594,1.3253594,1.3253594,1.3253594,1.3253594,1.3253594,1.3253594,1.3253594,1.3253594,1.3253594,1.3253594,1.3253594,1.3253594,1.42353417,1.3253594,1.42353417,1.3253594,1.3253594,1.3253594,1.3253594,1.42353417,1.3253594,1.3253594,1.3253594,1.3253594,1.3253594,1.42353417,1.3253594,1.42353417,1.42353417,1.42353417,1.3253594,1.42353417,1.42353417,1.42353417,1.42353417,1.42353417,1.42353417,1.42353417,1.42353417,1.42353417,1.42353417,1.42353417,1.42353417,1.42353417,1.42353417,1.42353417,1.42353417,1.42353417,1.42353417,1.42353417,1.42353417,1.42353417,1.42353417,1.42353417,1.42353417,1.42353417,1.42353417,1.42353417,1.42353417,1.42353417,1.42353417,1.42353417,1.42353417,1.42353417,1.42353417,1.42353417,1.42353417,1.42353417,1.42353417,1.42353417,1.42353417,1.42353417,1.42353417,1.42353417,1.42353417,1.42353417,1.42353417,1.42353417,1.42353417,1.42353417,1.42353417,1.42353417,1.42353417,1.42353417,1.42353417,1.42353417,1.42353417,1.42353417,1.42353417,1.42353417,1.42353417,1.42353417,1.42353417,1.42353417,1.42353417,1.42353417,1.42353417,1.42353417,1.42353417,1.42353417,1.42353417,1.42353417,1.42353417,1.42353417,1.42353417,1.42353417,1.42353417,1.42353417,1.42353417,1.42353417,1.42353417,1.42353417,1.42353417,1.42353417,1.42353417,1.42353417,1.42353417,1.42353417,1.42353417,1.42353417,1.42353417,1.42353417,1.42353417,1.42353417,1.42353417,1.42353417,1.42353417,1.42353417,1.42353417,1.42353417,1.42353417,1.42353417,1.42353417,1.42353417,1.42353417,1.42353417,1.42353417,1.42353417,1.42353417,1.42353417,1.42353417,1.42353417,1.42353417,1.42353417,1.42353417,1.42353417,1.42353417,1.42353417,1.42353417,1.42353417,1.42353417,1.42353417,1.42353417,1.42353417,1.42353417,1.42353417,1.42353417,1.42353417,1.42353417,1.42353417,1.42353417,1.42353417,1.42353417,1.42353417,1.42353417,1.42353417,1.42353417,1.42353417,1.42353417,1.42353417,1.42353417,1.42353417,1.42353417,1.42353417,1.42353417,1.42353417,1.42353417,1.42353417,1.42353417,1.42353417,1.42353417,1.42353417,1.42353417,1.42353417,1.42353417,1.42353417,1.42353417,1.42353417,1.42353417,1.42353417,1.42353417,1.42353417,1.42353417,1.42353417,1.42353417,1.42353417,1.42353417,1.42353417,1.42353417,1.42353417,1.42353417,1.42353417,1.42353417,1.42353417,1.42353417,1.42353417,1.42353417,1.42353417,1.42353417,1.42353417,1.42353417,1.42353417,1.42353417
259.142670870,C05,AP01,client_to_ap,VHT,2,1,1,80,SU,1,4,234,d5766f7fc29bbe9c,1.3253594,1.3253594,1.3253594,1.3253594,1.3253594,1.3253594,1.3253594,1.3253594,1.3253594,1.3253594,1.3253594,1.3253594,1.3253594,1.3253594,1.3253594,1.3253594,1.3253594,1.3253594,1.3253594,1.3253594,1.3253594,1.3253594,1.3253594,1.3253594,1.3253594,1.3253594,1.3253594,1.42353417,1.42353417,1.3253594,1.42353417,1.3253594,1.42353417,1.42353417,1.42353417,1.3253594,1.3253594,1.3253594,1.3253594,1.42353417,1.42353417,1.42353417,1.42353417,1.42353417,1.42353417,1.42353417,1.42353417,1.42353417,1.42353417,1.42353417,1.42353417,1.42353417,1.42353417,1.42353417,1.42353417,1.42353417,1.42353417,1.42353417,1.42353417,1.42353417,1.42353417,1.42353417,1.42353417,1.42353417,1.42353417,1.42353417,1.42353417,1.42353417,1.42353417,1.42353417,1.42353417,1.42353417,1.42353417,1.42353417,1.42353417,1.42353417,1.42353417,1.42353417,1.42353417,1.42353417,1.42353417,1.42353417,1.42353417,1.42353417,1.42353417,1.42353417,1.42353417,1.42353417,1.42353417,1.42353417,1.42353417,1.42353417,1.42353417,1.42353417,1.42353417,1.42353417,1.42353417,1.42353417,1.42353417,1.42353417,1.42353417,1.42353417,1.42353417,1.42353417,1.42353417,1.42353417,1.42353417,1.42353417,1.42353417,1.42353417,1.42353417,1.42353417,1.42353417,1.42353417,1.42353417,1.42353417,1.42353417,1.42353417,1.42353417,1.42353417,1.42353417,1.42353417,1.42353417,1.42353417,1.42353417,1.42353417,1.42353417,1.42353417,1.42353417,1.42353417,1.42353417,1.42353417,1.42353417,1.42353417,1.42353417,1.42353417,1.42353417,1.42353417,1.42353417,1.42353417,1.42353417,1.42353417,1.42353417,1.42353417,1.42353417,1.42353417,1.42353417,1.42353417,1.42353417,1.42353417,1.42353417,1.42353417,1.42353417,1.42353417,1.42353417,1.42353417,1.42353417,1.42353417,1.42353417,1.42353417,1.42353417,1.42353417,1.42353417,1.42353417,1.42353417,1.42353417,1.42353417,1.42353417,1.42353417,1.42353417,1.42353417,1.42353417,1.42353417,1.42353417,1.42353417,1.42353417,1.42353417,1.42353417,1.42353417,1.42353417,1.42353417,1.42353417,1.42353417,1.42353417,1.42353417,1.42353417,1.42353417,1.42353417,1.42353417,1.42353417,1.42353417,1.42353417,1.42353417,1.42353417,1.42353417,1.42353417,1.42353417,1.42353417,1.42353417,1.42353417,1.42353417,1.42353417,1.42353417,1.42353417,1.42353417,1.42353417,1.42353417,1.42353417,1.42353417,1.42353417,1.42353417,1.42353417,1.42353417,1.42353417,1.42353417,1.42353417,1.42353417,1.42353417,1.42353417,1.42353417,1.42353417,1.42353417,1.42353417,1.42353417,1.42353417,1.42353417,1.42353417,1.42353417,1.42353417,1.42353417,1.42353417,1.42353417,1.42353417,1.42353417
261.292146921,C05,AP01,client_to_ap,VHT,2,1,1,80,SU,1,4,234,d5766f7fc29bbe9c,1.3253594,1.3253594,1.3253594,1.3253594,1.3253594,1.3253594,1.3253594,1.3253594,1.3253594,1.3253594,1.3253594,1.3253594,1.3253594,1.3253594,1.3253594,1.3253594,1.3253594,1.3253594,1.3253594,1.3253594,1.3253594,1.3253594,1.3253594,1.3253594,1.3253594,1.3253594,1.3253594,1.3253594,1.3253594,1.3253594,1.3253594,1.42353417,1.42353417,1.42353417,1.3253594,1.3253594,1.3253594,1.3253594,1.3253594,1.3253594,1.3253594,1.3253594,1.3253594,1.42353417,1.42353417,1.42353417,1.42353417,1.3253594,1.42353417,1.42353417,1.42353417,1.42353417,1.42353417,1.42353417,1.42353417,1.3253594,1.42353417,1.42353417,1.42353417,1.42353417,1.42353417,1.42353417,1.42353417,1.42353417,1.42353417,1.42353417,1.42353417,1.42353417,1.42353417,1.42353417,1.42353417,1.42353417,1.42353417,1.42353417,1.42353417,1.42353417,1.42353417,1.42353417,1.42353417,1.42353417,1.42353417,1.42353417,1.42353417,1.42353417,1.42353417,1.42353417,1.42353417,1.42353417,1.42353417,1.42353417,1.42353417,1.42353417,1.42353417,1.42353417,1.42353417,1.42353417,1.42353417,1.42353417,1.42353417,1.42353417,1.42353417,1.42353417,1.42353417,1.42353417,1.42353417,1.42353417,1.42353417,1.42353417,1.42353417,1.42353417,1.42353417,1.42353417,1.42353417,1.42353417,1.42353417,1.42353417,1.42353417,1.42353417,1.42353417,1.42353417,1.42353417,1.42353417,1.42353417,1.42353417,1.42353417,1.42353417,1.42353417,1.42353417,1.42353417,1.42353417,1.42353417,1.42353417,1.42353417,1.42353417,1.42353417,1.42353417,1.42353417,1.42353417,1.42353417,1.42353417,1.42353417,1.42353417,1.42353417,1.42353417,1.42353417,1.42353417,1.42353417,1.42353417,1.42353417,1.42353417,1.42353417,1.42353417,1.42353417,1.42353417,1.42353417,1.42353417,1.42353417,1.42353417,1.42353417,1.42353417,1.42353417,1.42353417,1.42353417,1.42353417,1.42353417,1.42353417,1.42353417,1.42353417,1.42353417,1.42353417,1.42353417,1.42353417,1.42353417,1.42353417,1.42353417,1.42353417,1.42353417,1.42353417,1.42353417,1.42353417,1.42353417,1.42353417,1.42353417,1.42353417,1.42353417,1.42353417,1.42353417,1.42353417,1.42353417,1.42353417,1.42353417,1.42353417,1.42353417,1.42353417,1.42353417,1.42353417,1.42353417,1.42353417,1.42353417,1.42353417,1.42353417,1.42353417,1.42353417,1.42353417,1.42353417,1.42353417,1.42353417,1.42353417,1.42353417,1.42353417,1.42353417,1.42353417,1.42353417,1.42353417,1.42353417,1.42353417,1.42353417,1.42353417,1.42353417,1.42353417,1.42353417,1.42353417,1.42353417,1.42353417,1.42353417,1.42353417,1.42353417,1.42353417,1.42353417,1.42353417,1.42353417,1.42353417,1.42353417,1.42353417
262.830823898,C05,AP01,client_to_ap,VHT,2,1,1,80,SU,1,4,234,d5766f7fc29bbe9c,1.3253594,1.3253594,1.3253594,1.3253594,1.3253594,1.3253594,1.3253594,1.3253594,1.3253594,1.3253594,1.3253594,1.3253594,1.3253594,1.3253594,1.3253594,1.3253594,1.3253594,1.3253594,1.3253594,1.3253594,1.3253594,1.3253594,1.3253594,1.3253594,1.3253594,1.3253594,1.3253594,1.3253594,1.42353417,1.3253594,1.3253594,1.3253594,1.42353417,1.3253594,1.42353417,1.42353417,1.42353417,1.3253594,1.3253594,1.42353417,1.3253594,1.42353417,1.42353417,1.42353417,1.42353417,1.3253594,1.42353417,1.42353417,1.42353417,1.42353417,1.42353417,1.42353417,1.42353417,1.42353417,1.42353417,1.42353417,1.42353417,1.42353417,1.42353417,1.42353417,1.42353417,1.42353417,1.42353417,1.42353417,1.42353417,1.42353417,1.42353417,1.42353417,1.42353417,1.42353417,1.42353417,1.42353417,1.42353417,1.42353417,1.42353417,1.42353417,1.42353417,1.42353417,1.42353417,1.42353417,1.42353417,1.42353417,1.42353417,1.42353417,1.42353417,1.42353417,1.42353417,1.42353417,1.42353417,1.42353417,1.42353417,1.42353417,1.42353417,1.42353417,1.42353417,1.42353417,1.42353417,1.42353417,1.42353417,1.42353417,1.42353417,1.42353417,1.42353417,1.42353417,1.42353417,1.42353417,1.42353417,1.42353417,1.42353417,1.42353417,1.42353417,1.42353417,1.42353417,1.42353417,1.42353417,1.42353417,1.42353417,1.42353417,1.42353417,1.42353417,1.42353417,1.42353417,1.42353417,1.42353417,1.42353417,1.42353417,1.42353417,1.42353417,1.42353417,1.42353417,1.42353417,1.42353417,1.42353417,1.42353417,1.42353417,1.42353417,1.42353417,1.42353417,1.42353417,1.42353417,1.42353417,1.42353417,1.42353417,1.42353417,1.42353417,1.42353417,1.42353417,1.42353417,1.42353417,1.42353417,1.42353417,1.42353417,1.42353417,1.42353417,1.42353417,1.42353417,1.42353417,1.42353417,1.42353417,1.42353417,1.42353417,1.42353417,1.42353417,1.42353417,1.42353417,1.42353417,1.42353417,1.42353417,1.42353417,1.42353417,1.42353417,1.42353417,1.42353417,1.42353417,1.42353417,1.42353417,1.42353417,1.42353417,1.42353417,1.42353417,1.42353417,1.42353417,1.42353417,1.42353417,1.42353417,1.42353417,1.42353417,1.42353417,1.42353417,1.42353417,1.42353417,1.42353417,1.42353417,1.42353417,1.42353417,1.42353417,1.42353417,1.42353417,1.42353417,1.42353417,1.42353417,1.42353417,1.42353417,1.42353417,1.42353417,1.42353417,1.42353417,1.42353417,1.42353417,1.42353417,1.42353417,1.42353417,1.42353417,1.42353417,1.42353417,1.42353417,1.42353417,1.42353417,1.42353417,1.42353417,1.42353417,1.42353417,1.42353417,1.42353417,1.42353417,1.42353417,1.42353417,1.42353417,1.42353417,1.42353417,1.42353417,1.42353417,1.42353417,1.42353417
267.225561857,C05,AP01,client_to_ap,VHT,2,1,1,80,SU,1,4,234,d5766f7fc29bbe9c,1.3253594,1.3253594,1.3253594,1.3253594,1.3253594,1.3253594,1.3253594,1.3253594,1.3253594,1.3253594,1.3253594,1.3253594,1.3253594,1.3253594,1.3253594,1.3253594,1.3253594,1.3253594,1.3253594,1.3253594,1.3253594,1.3253594,1.3253594,1.3253594,1.3253594,1.3253594,1.3253594,1.3253594,1.3253594,1.3253594,1.3253594,1.3253594,1.42353417,1.3253594,1.3253594,1.42353417,1.42353417,1.42353417,1.3253594,1.42353417,1.42353417,1.42353417,1.42353417,1.42353417,1.42353417,1.42353417,1.42353417,1.42353417,1.42353417,1.42353417,1.42353417,1.42353417,1.42353417,1.42353417,1.42353417,1.42353417,1.42353417,1.42353417,1.42353417,1.42353417,1.42353417,1.42353417,1.42353417,1.42353417,1.42353417,1.42353417,1.42353417,1.42353417,1.42353417,1.42353417,1.42353417,1.42353417,1.42353417,1.42353417,1.42353417,1.42353417,1.42353417,1.42353417,1.42353417,1.42353417,1.42353417,1.42353417,1.42353417,1.42353417,1.42353417,1.42353417,1.42353417,1.42353417,1.42353417,1.42353417,1.42353417,1.42353417,1.42353417,1.42353417,1.42353417,1.42353417,1.42353417,1.42353417,1.42353417,1.42353417,1.42353417,1.42353417,1.42353417,1.42353417,1.42353417,1.42353417,1.42353417,1.42353417,1.42353417,1.42353417,1.42353417,1.42353417,1.42353417,1.42353417,1.42353417,1.42353417,1.42353417,1.42353417,1.42353417,1.42353417,1.42353417,1.42353417,1.42353417,1.42353417,1.42353417,1.42353417,1.42353417,1.42353417,1.42353417,1.42353417,1.42353417,1.42353417,1.42353417,1.42353417,1.42353417,1.42353417,1.42353417,1.42353417,1.42353417,1.42353417,1.42353417,1.42353417,1.42353417,1.42353417,1.42353417,1.42353417,1.42353417,1.42353417,1.42353417,1.42353417,1.42353417,1.42353417,1.42353417,1.42353417,1.42353417,1.42353417,1.42353417,1.42353417,1.42353417,1.42353417,1.42353417,1.42353417,1.42353417,1.42353417,1.42353417,1.42353417,1.42353417,1.42353417,1.42353417,1.42353417,1.42353417,1.42353417,1.42353417,1.42353417,1.42353417,1.42353417,1.42353417,1.42353417,1.42353417,1.42353417,1.42353417,1.42353417,1.42353417,1.42353417,1.42353417,1.42353417,1.42353417,1.42353417,1.42353417,1.42353417,1.42353417,1.42353417,1.42353417,1.42353417,1.42353417,1.42353417,1.42353417,1.42353417,1.42353417,1.42353417,1.42353417,1.42353417,1.42353417,1.42353417,1.42353417,1.42353417,1.42353417,1.42353417,1.42353417,1.42353417,1.42353417,1.42353417,1.42353417,1.42353417,1.42353417,1.42353417,1.42353417,1.42353417,1.42353417,1.42353417,1.42353417,1.42353417,1.42353417,1.42353417,1.42353417,1.42353417,1.42353417,1.42353417,1.42353417,1.42353417,1.42353417,1.42353417,1.42353417,1.42353417
268.560191870,C05,AP01,client_to_ap,VHT,2,1,1,80,SU,1,4,234,d5766f7fc29bbe9c,1.3253594,1.3253594,1.3253594,1.3253594,1.3253594,1.3253594,1.3253594,1.3253594,1.3253594,1.3253594,1.3253594,1.3253594,1.3253594,1.3253594,1.3253594,1.3253594,1.3253594,1.3253594,1.3253594,1.3253594,1.3253594,1.3253594,1.3253594,1.3253594,1.3253594,1.3253594,1.3253594,1.3253594,1.3253594,1.3253594,1.3253594,1.3253594,1.42353417,1.42353417,1.42353417,1.42353417,1.3253594,1.3253594,1.3253594,1.42353417,1.42353417,1.42353417,1.42353417,1.42353417,1.42353417,1.42353417,1.42353417,1.3253594,1.42353417,1.42353417,1.42353417,1.42353417,1.42353417,1.42353417,1.42353417,1.42353417,1.42353417,1.42353417,1.42353417,1.42353417,1.42353417,1.42353417,1.42353417,1.42353417,1.42353417,1.42353417,1.42353417,1.42353417,1.42353417,1.42353417,1.42353417,1.42353417,1.42353417,1.42353417,1.42353417,1.42353417,1.42353417,1.42353417,1.42353417,1.42353417,1.42353417,1.42353417,1.42353417,1.42353417,1.42353417,1.42353417,1.42353417,1.42353417,1.42353417,1.42353417,1.42353417,1.42353417,1.42353417,1.42353417,1.42353417,1.42353417,1.42353417,1.42353417,1.42353417,1.42353417,1.42353417,1.42353417,1.42353417,1.42353417,1.42353417,1.42353417,1.42353417,1.42353417,1.42353417,1.42353417,1.42353417,1.42353417,1.42353417,1.42353417,1.42353417,1.42353417,1.42353417,1.42353417,1.42353417,1.42353417,1.42353417,1.42353417,1.42353417,1.42353417,1.42353417,1.42353417,1.42353417,1.42353417,1.42353417,1.42353417,1.42353417,1.42353417,1.42353417,1.42353417,1.42353417,1.42353417,1.42353417,1.42353417,1.42353417,1.42353417,1.42353417,1.42353417,1.42353417,1.42353417,1.42353417,1.42353417,1.42353417,1.42353417,1.42353417,1.42353417,1.42353417,1.42353417,1.42353417,1.42353417,1.42353417,1.42353417,1.42353417,1.42353417,1.42353417,1.42353417,1.42353417,1.42353417,1.42353417,1.42353417,1.42353417,1.42353417,1.42353417,1.42353417,1.42353417,1.42353417,1.42353417,1.42353417,1.42353417,1.42353417,1.42353417,1.42353417,1.42353417,1.42353417,1.42353417,1.42353417,1.42353417,1.42353417,1.42353417,1.42353417,1.42353417,1.42353417,1.42353417,1.42353417,1.42353417,1.42353417,1.42353417,1.42353417,1.42353417,1.42353417,1.42353417,1.42353417,1.42353417,1.42353417,1.42353417,1.42353417,1.42353417,1.42353417,1.42353417,1.42353417,1.42353417,1.42353417,1.42353417,1.42353417,1.42353417,1.42353417,1.42353417,1.42353417,1.42353417,1.42353417,1.42353417,1.42353417,1.42353417,1.42353417,1.42353417,1.42353417,1.42353417,1.42353417,1.42353417,1.42353417,1.42353417,1.42353417,1.42353417,1.42353417,1.42353417,1.42353417,1.42353417,1.42353417,1.42353417,1.42353417
272.205049992,C05,AP01,client_to_ap,VHT,2,1,1,80,SU,1,4,234,d5766f7fc29bbe9c,1.3253594,1.3253594,1.3253594,1.3253594,1.3253594,1.3253594,1.3253594,1.3253594,1.3253594,1.3253594,1.3253594,1.3253594,1.3253594,1.3253594,1.3253594,1.3253594,1.3253594,1.3253594,1.3253594,1.3253594,1.3253594,1.3253594,1.3253594,1.3253594,1.3253594,1.3253594,1.3253594,1.3253594,1.42353417,1.3253594,1.42353417,1.42353417,1.42353417,1.3253594,1.42353417,1.42353417,1.42353417,1.42353417,1.42353417,1.42353417,1.42353417,1.42353417,1.42353417,1.42353417,1.42353417,1.42353417,1.42353417,1.3253594,1.42353417,1.42353417,1.42353417,1.42353417,1.42353417,1.42353417,1.42353417,1.42353417,1.42353417,1.42353417,1.42353417,1.42353417,1.42353417,1.42353417,1.42353417,1.42353417,1.42353417,1.42353417,1.42353417,1.42353417,1.42353417,1.42353417,1.42353417,1.42353417,1.42353417,1.42353417,1.42353417,1.42353417,1.42353417,1.42353417,1.42353417,1.42353417,1.42353417,1.42353417,1.42353417,1.42353417,1.42353417,1.42353417,1.42353417,1.42353417,1.42353417,1.42353417,1.42353417,1.42353417,1.42353417,1.42353417,1.42353417,1.42353417,1.42353417,1.42353417,1.42353417,1.42353417,1.42353417,1.42353417,1.42353417,1.42353417,1.42353417,1.42353417,1.42353417,1.42353417,1.42353417,1.42353417,1.42353417,1.42353417,1.42353417,1.42353417,1.42353417,1.42353417,1.42353417,1.42353417,1.42353417,1.42353417,1.42353417,1.42353417,1.42353417,1.42353417,1.42353417,1.42353417,1.42353417,1.42353417,1.42353417,1.42353417,1.42353417,1.42353417,1.42353417,1.42353417,1.42353417,1.42353417,1.42353417,1.42353417,1.42353417,1.42353417,1.42353417,1.42353417,1.42353417,1.42353417,1.42353417,1.42353417,1.42353417,1.42353417,1.42353417,1.42353417,1.42353417,1.42353417,1.42353417,1.42353417,1.42353417,1.42353417,1.42353417,1.42353417,1.42353417,1.42353417,1.42353417,1.42353417,1.42353417,1.42353417,1.42353417,1.42353417,1.42353417,1.42353417,1.42353417,1.42353417,1.42353417,1.42353417,1.42353417,1.42353417,1.42353417,1.42353417,1.42353417,1.42353417,1.42353417,1.42353417,1.42353417,1.42353417,1.42353417,1.42353417,1.42353417,1.42353417,1.42353417,1.42353417,1.42353417,1.42353417,1.42353417,1.42353417,1.42353417,1.42353417,1.42353417,1.42353417,1.42353417,1.42353417,1.42353417,1.42353417,1.42353417,1.42353417,1.42353417,1.42353417,1.42353417,1.42353417,1.42353417,1.42353417,1.42353417,1.42353417,1.42353417,1.42353417,1.42353417,1.42353417,1.42353417,1.42353417,1.42353417,1.42353417,1.42353417,1.42353417,1.42353417,1.42353417,1.42353417,1.42353417,1.42353417,1.42353417,1.42353417,1.42353417,1.42353417,1.42353417,1.42353417,1.42353417,1.42353417,1.42353417
273.629652023,C05,AP01,client_to_ap,VHT,2,1,1,80,SU,1,4,234,d5766f7fc29bbe9c,1.3253594,1.3253594,1.3253594,1.3253594,1.3253594,1.3253594,1.3253594,1.3253594,1.3253594,1.3253594,1.3253594,1.3253594,1.3253594,1.3253594,1.3253594,1.3253594,1.3253594,1.3253594,1.3253594,1.3253594,1.3253594,1.3253594,1.3253594,1.3253594,1.3253594,1.3253594,1.3253594,1.3253594,1.3253594,1.3253594,1.3253594,1.3253594,1.42353417,1.42353417,1.42353417,1.3253594,1.3253594,1.42353417,1.3253594,1.3253594,1.42353417,1.42353417,1.42353417,1.3253594,1.42353417,1.3253594,1.42353417,1.3253594,1.42353417,1.42353417,1.42353417,1.3253594,1.42353417,1.42353417,1.42353417,1.42353417,1.42353417,1.42353417,1.42353417,1.42353417,1.42353417,1.42353417,1.42353417,1.42353417,1.42353417,1.42353417,1.42353417,1.42353417,1.42353417,1.42353417,1.42353417,1.42353417,1.42353417,1.42353417,1.42353417,1.42353417,1.42353417,1.42353417,1.42353417,1.42353417,1.42353417,1.42353417,1.42353417,1.42353417,1.42353417,1.42353417,1.42353417,1.42353417,1.42353417,1.42353417,1.42353417,1.42353417,1.42353417,1.42353417,1.42353417,1.42353417,1.42353417,1.42353417,1.42353417,1.42353417,1.42353417,1.42353417,1.42353417,1.42353417,1.42353417,1.42353417,1.42353417,1.42353417,1.42353417,1.42353417,1.42353417,1.42353417,1.42353417,1.42353417,1.42353417,1.42353417,1.42353417,1.42353417,1.42353417,1.42353417,1.42353417,1.42353417,1.42353417,1.42353417,1.42353417,1.42353417,1.42353417,1.42353417,1.42353417,1.42353417,1.42353417,1.42353417,1.42353417,1.42353417,1.42353417,1.42353417,1.42353417,1.42353417,1.42353417,1.42353417,1.42353417,1.42353417,1.42353417,1.42353417,1.42353417,1.42353417,1.42353417,1.42353417,1.42353417,1.42353417,1.42353417,1.42353417,1.42353417,1.42353417,1.42353417,1.42353417,1.42353417,1.42353417,1.42353417,1.42353417,1.42353417,1.42353417,1.42353417,1.42353417,1.42353417,1.42353417,1.42353417,1.42353417,1.42353417,1.42353417,1.42353417,1.42353417,1.42353417,1.42353417,1.42353417,1.42353417,1.42353417,1.42353417,1.42353417,1.42353417,1.42353417,1.42353417,1.42353417,1.42353417,1.42353417,1.42353417,1.42353417,1.42353417,1.42353417,1.42353417,1.42353417,1.42353417,1.42353417,1.42353417,1.42353417,1.42353417,1.42353417,1.42353417,1.42353417,1.42353417,1.42353417,1.42353417,1.42353417,1.42353417,1.42353417,1.42353417,1.42353417,1.42353417,1.42353417,1.42353417,1.42353417,1.42353417,1.42353417,1.42353417,1.42353417,1.42353417,1.42353417,1.42353417,1.42353417,1.42353417,1.42353417,1.42353417,1.42353417,1.42353417,1.42353417,1.42353417,1.42353417,1.42353417,1.42353417,1.42353417,1.42353417,1.42353417,1.42353417,1.42353417
277.099251986,C05,AP01,client_to_ap,VHT,2,1,1,80,SU,1,4,234,d5766f7fc29bbe9c,1.3253594,1.3253594,1.3253594,1.3253594,1.3253594,1.3253594,1.3253594,1.3253594,1.3253594,1.3253594,1.3253594,1.3253594,1.3253594,1.3253594,1.3253594,1.3253594,1.3253594,1.3253594,1.3253594,1.3253594,1.3253594,1.3253594,1.3253594,1.3253594,1.3253594,1.3253594,1.3253594,1.3253594,1.42353417,1.3253594,1.3253594,1.3253594,1.42353417,1.42353417,1.42353417,1.3253594,1.42353417,1.42353417,1.3253594,1.3253594,1.42353417,1.3253594,1.3253594,1.42353417,1.42353417,1.42353417,1.42353417,1.42353417,1.42353417,1.42353417,1.42353417,1.3253594,1.42353417,1.42353417,1.42353417,1.42353417,1.42353417,1.42353417,1.42353417,1.42353417,1.42353417,1.42353417,1.42353417,1.42353417,1.42353417,1.42353417,1.42353417,1.42353417,1.42353417,1.42353417,1.42353417,1.42353417,1.42353417,1.42353417,1.42353417,1.42353417,1.42353417,1.42353417,1.42353417,1.42353417,1.42353417,1.42353417,1.42353417,1.42353417,1.42353417,1.42353417,1.42353417,1.42353417,1.42353417,1.42353417,1.42353417,1.42353417,1.42353417,1.42353417,1.42353417,1.42353417,1.42353417,1.42353417,1.42353417,1.42353417,1.42353417,1.42353417,1.42353417,1.42353417,1.42353417,1.42353417,1.42353417,1.42353417,1.42353417,1.42353417,1.42353417,1.42353417,1.42353417,1.42353417,1.42353417,1.42353417,1.42353417,1.42353417,1.42353417,1.42353417,1.42353417,1.42353417,1.42353417,1.42353417,1.42353417,1.42353417,1.42353417,1.42353417,1.42353417,1.42353417,1.42353417,1.42353417,1.42353417,1.42353417,1.42353417,1.42353417,1.42353417,1.42353417,1.42353417,1.42353417,1.42353417,1.42353417,1.42353417,1.42353417,1.42353417,1.42353417,1.42353417,1.42353417,1.42353417,1.42353417,1.42353417,1.42353417,1.42353417,1.42353417,1.42353417,1.42353417,1.42353417,1.42353417,1.42353417,1.42353417,1.42353417,1.42353417,1.42353417,1.42353417,1.42353417,1.42353417,1.42353417,1.42353417,1.42353417,1.42353417,1.42353417,1.42353417,1.42353417,1.42353417,1.42353417,1.42353417,1.42353417,1.42353417,1.42353417,1.42353417,1.42353417,1.42353417,1.42353417,1.42353417,1.42353417,1.42353417,1.42353417,1.42353417,1.42353417,1.42353417,1.42353417,1.42353417,1.42353417,1.42353417,1.42353417,1.42353417,1.42353417,1.42353417,1.42353417,1.42353417,1.42353417,1.42353417,1.42353417,1.42353417,1.42353417,1.42353417,1.42353417,1.42353417,1.42353417,1.42353417,1.42353417,1.42353417,1.42353417,1.42353417,1.42353417,1.42353417,1.42353417,1.42353417,1.42353417,1.42353417,1.42353417,1.42353417,1.42353417,1.42353417,1.42353417,1.42353417,1.42353417,1.42353417,1.42353417,1.42353417,1.42353417,1.42353417,1.42353417,1.42353417
278.435047865,C05,AP01,client_to_ap,VHT,2,1,1,80,SU,1,4,234,d5766f7fc29bbe9c,1.3253594,1.3253594,1.3253594,1.3253594,1.3253594,1.3253594,1.3253594,1.3253594,1.3253594,1.3253594,1.3253594,1.3253594,1.3253594,1.3253594,1.3253594,1.3253594,1.3253594,1.3253594,1.3253594,1.3253594,1.3253594,1.3253594,1.3253594,1.3253594,1.3253594,1.3253594,1.3253594,1.42353417,1.3253594,1.3253594,1.42353417,1.3253594,1.42353417,1.42353417,1.42353417,1.42353417,1.3253594,1.42353417,1.3253594,1.3253594,1.3253594,1.42353417,1.42353417,1.42353417,1.42353417,1.3253594,1.42353417,1.3253594,1.42353417,1.42353417,1.42353417,1.42353417,1.42353417,1.42353417,1.42353417,1.42353417,1.42353417,1.42353417,1.42353417,1.42353417,1.42353417,1.42353417,1.42353417,1.42353417,1.42353417,1.42353417,1.42353417,1.42353417,1.42353417,1.42353417,1.42353417,1.42353417,1.42353417,1.42353417,1.42353417,1.42353417,1.42353417,1.42353417,1.42353417,1.42353417,1.42353417,1.42353417,1.42353417,1.42353417,1.42353417,1.42353417,1.42353417,1.42353417,1.42353417,1.42353417,1.42353417,1.42353417,1.42353417,1.42353417,1.42353417,1.42353417,1.42353417,1.42353417,1.42353417,1.42353417,1.42353417,1.42353417,1.42353417,1.42353417,1.42353417,1.42353417,1.42353417,1.42353417,1.42353417,1.42353417,1.42353417,1.42353417,1.42353417,1.42353417,1.42353417,1.42353417,1.42353417,1.42353417,1.42353417,1.42353417,1.42353417,1.42353417,1.42353417,1.42353417,1.42353417,1.42353417,1.42353417,1.42353417,1.42353417,1.42353417,1.42353417,1.42353417,1.42353417,1.42353417,1.42353417,1.42353417,1.42353417,1.42353417,1.42353417,1.42353417,1.42353417,1.42353417,1.42353417,1.42353417,1.42353417,1.42353417,1.42353417,1.42353417,1.42353417,1.42353417,1.42353417,1.42353417,1.42353417,1.42353417,1.42353417,1.42353417,1.42353417,1.42353417,1.42353417,1.42353417,1.42353417,1.42353417,1.42353417,1.42353417,1.42353417,1.42353417,1.42353417,1.42353417,1.42353417,1.42353417,1.42353417,1.42353417,1.42353417,1.42353417,1.42353417,1.42353417,1.42353417,1.42353417,1.42353417,1.42353417,1.42353417,1.42353417,1.42353417,1.42353417,1.42353417,1.42353417,1.42353417,1.42353417,1.42353417,1.42353417,1.42353417,1.42353417,1.42353417,1.42353417,1.42353417,1.42353417,1.42353417,1.42353417,1.42353417,1.42353417,1.42353417,1.42353417,1.42353417,1.42353417,1.42353417,1.42353417,1.42353417,1.42353417,1.42353417,1.42353417,1.42353417,1.42353417,1.42353417,1.42353417,1.42353417,1.42353417,1.42353417,1.42353417,1.42353417,1.42353417,1.42353417,1.42353417,1.42353417,1.42353417,1.42353417,1.42353417,1.42353417,1.42353417,1.42353417,1.42353417,1.42353417,1.42353417,1.42353417,1.42353417
281.550995827,C05,AP01,client_to_ap,VHT,2,1,1,80,SU,1,4,234,d5766f7fc29bbe9c,1.3253594,1.3253594,1.3253594,1.3253594,1.3253594,1.3253594,1.3253594,1.3253594,1.3253594,1.3253594,1.3253594,1.3253594,1.3253594,1.3253594,1.3253594,1.3253594,1.3253594,1.3253594,1.3253594,1.3253594,1.3253594,1.3253594,1.3253594,1.3253594,1.3253594,1.3253594,1.42353417,1.3253594,1.3253594,1.42353417,1.3253594,1.3253594,1.42353417,1.42353417,1.3253594,1.42353417,1.3253594,1.3253594,1.3253594,1.3253594,1.3253594,1.42353417,1.42353417,1.42353417,1.42353417,1.42353417,1.42353417,1.3253594,1.42353417,1.42353417,1.42353417,1.42353417,1.42353417,1.42353417,1.42353417,1.42353417,1.42353417,1.42353417,1.42353417,1.42353417,1.42353417,1.42353417,1.42353417,1.42353417,1.42353417,1.42353417,1.42353417,1.42353417,1.42353417,1.42353417,1.42353417,1.42353417,1.42353417,1.42353417,1.42353417,1.42353417,1.42353417,1.42353417,1.42353417,1.42353417,1.42353417,1.42353417,1.42353417,1.42353417,1.42353417,1.42353417,1.42353417,1.42353417,1.42353417,1.42353417,1.42353417,1.42353417,1.42353417,1.42353417,1.42353417,1.42353417,1.42353417,1.42353417,1.42353417,1.42353417,1.42353417,1.42353417,1.42353417,1.42353417,1.42353417,1.42353417,1.42353417,1.42353417,1.42353417,1.42353417,1.42353417,1.42353417,1.42353417,1.42353417,1.42353417,1.42353417,1.42353417,1.42353417,1.42353417,1.42353417,1.42353417,1.42353417,1.42353417,1.42353417,1.42353417,1.42353417,1.42353417,1.42353417,1.42353417,1.42353417,1.42353417,1.42353417,1.42353417,1.42353417,1.42353417,1.42353417,1.42353417,1.42353417,1.42353417,1.42353417,1.42353417,1.42353417,1.42353417,1.42353417,1.42353417,1.42353417,1.42353417,1.42353417,1.42353417,1.42353417,1.42353417,1.42353417,1.42353417,1.42353417,1.42353417,1.42353417,1.42353417,1.42353417,1.42353417,1.42353417,1.42353417,1.42353417,1.42353417,1.42353417,1.42353417,1.42353417,1.42353417,1.42353417,1.42353417,1.42353417,1.42353417,1.42353417,1.42353417,1.42353417,1.42353417,1.42353417,1.42353417,1.42353417,1.42353417,1.42353417,1.42353417,1.42353417,1.42353417,1.42353417,1.42353417,1.42353417,1.42353417,1.42353417,1.42353417,1.42353417,1.42353417,1.42353417,1.42353417,1.42353417,1.42353417,1.42353417,1.42353417,1.42353417,1.42353417,1.42353417,1.42353417,1.42353417,1.42353417,1.42353417,1.42353417,1.42353417,1.42353417,1.42353417,1.42353417,1.42353417,1.42353417,1.42353417,1.42353417,1.42353417,1.42353417,1.42353417,1.42353417,1.42353417,1.42353417,1.42353417,1.42353417,1.42353417,1.42353417,1.42353417,1.42353417,1.42353417,1.42353417,1.42353417,1.42353417,1.42353417,1.42353417,1.42353417,1.42353417,1.42353417
283.205371857,C05,AP01,client_to_ap,VHT,2,1,1,80,SU,1,4,234,d5766f7fc29bbe9c,1.3253594,1.3253594,1.3253594,1.3253594,1.3253594,1.3253594,1.3253594,1.3253594,1.3253594,1.3253594,1.3253594,1.3253594,1.3253594,1.3253594,1.3253594,1.3253594,1.3253594,1.3253594,1.3253594,1.42353417,1.3253594,1.3253594,1.3253594,1.3253594,1.3253594,1.3253594,1.42353417,1.3253594,1.3253594,1.3253594,1.3253594,1.3253594,1.42353417,1.42353417,1.42353417,1.42353417,1.42353417,1.3253594,1.3253594,1.3253594,1.3253594,1.42353417,1.42353417,1.42353417,1.42353417,1.3253594,1.3253594,1.42353417,1.42353417,1.42353417,1.42353417,1.42353417,1.42353417,1.42353417,1.42353417,1.3253594,1.42353417,1.42353417,1.42353417,1.42353417,1.42353417,1.42353417,1.42353417,1.42353417,1.42353417,1.42353417,1.42353417,1.42353417,1.42353417,1.42353417,1.42353417,1.42353417,1.42353417,1.42353417,1.42353417,1.42353417,1.42353417,1.42353417,1.42353417,1.42353417,1.42353417,1.42353417,1.42353417,1.42353417,1.42353417,1.42353417,1.42353417,1.42353417,1.42353417,1.42353417,1.42353417,1.42353417,1.42353417,1.42353417,1.42353417,1.42353417,1.42353417,1.42353417,1.42353417,1.42353417,1.42353417,1.42353417,1.42353417,1.42353417,1.42353417,1.42353417,1.42353417,1.42353417,1.42353417,1.42353417,1.42353417,1.42353417,1.42353417,1.42353417,1.42353417,1.42353417,1.42353417,1.42353417,1.42353417,1.42353417,1.42353417,1.42353417,1.42353417,1.42353417,1.42353417,1.42353417,1.42353417,1.42353417,1.42353417,1.42353417,1.42353417,1.42353417,1.42353417,1.42353417,1.42353417,1.42353417,1.42353417,1.42353417,1.42353417,1.42353417,1.42353417,1.42353417,1.42353417,1.42353417,1.42353417,1.42353417,1.42353417,1.42353417,1.42353417,1.42353417,1.42353417,1.42353417,1.42353417,1.42353417,1.42353417,1.42353417,1.42353417,1.42353417,1.42353417,1.42353417,1.42353417,1.42353417,1.42353417,1.42353417,1.42353417,1.42353417,1.42353417,1.42353417,1.42353417,1.42353417,1.42353417,1.42353417,1.42353417,1.42353417,1.42353417,1.42353417,1.42353417,1.42353417,1.42353417,1.42353417,1.42353417,1.42353417,1.42353417,1.42353417,1.42353417,1.42353417,1.42353417,1.42353417,1.42353417,1.42353417,1.42353417,1.42353417,1.42353417,1.42353417,1.42353417,1.42353417,1.42353417,1.42353417,1.42353417,1.42353417,1.42353417,1.42353417,1.42353417,1.42353417,1.42353417,1.42353417,1.42353417,1.42353417,1.42353417,1.42353417,1.42353417,1.42353417,1.42353417,1.42353417,1.42353417,1.42353417,1.42353417,1.42353417,1.42353417,1.42353417,1.42353417,1.42353417,1.42353417,1.42353417,1.42353417,1.42353417,1.42353417,1.42353417,1.42353417,1.42353417,1.42353417,1.42353417,1.42353417,1.42353417
288.216645002,C05,AP01,client_to_ap,VHT,2,1,1,80,SU,1,4,234,d5766f7fc29bbe9c,1.3253594,1.3253594,1.3253594,1.3253594,1.3253594,1.3253594,1.3253594,1.3253594,1.3253594,1.3253594,1.3253594,1.3253594,1.3253594,1.3253594,1.3253594,1.3253594,1.3253594,1.3253594,1.3253594,1.3253594,1.3253594,1.3253594,1.3253594,1.3253594,1.42353417,1.3253594,1.3253594,1.3253594,1.42353417,1.3253594,1.3253594,1.42353417,1.42353417,1.42353417,1.42353417,1.3253594,1.42353417,1.3253594,1.42353417,1.42353417,1.42353417,1.42353417,1.42353417,1.42353417,1.42353417,1.42353417,1.42353417,1.42353417,1.42353417,1.42353417,1.42353417,1.42353417,1.42353417,1.42353417,1.42353417,1.42353417,1.42353417,1.42353417,1.42353417,1.42353417,1.42353417,1.42353417,1.42353417,1.42353417,1.42353417,1.42353417,1.42353417,1.42353417,1.42353417,1.42353417,1.42353417,1.42353417,1.42353417,1.42353417,1.42353417,1.42353417,1.42353417,1.42353417,1.42353417,1.42353417,1.42353417,1.42353417,1.42353417,1.42353417,1.42353417,1.42353417,1.42353417,1.42353417,1.42353417,1.42353417,1.42353417,1.42353417,1.42353417,1.42353417,1.42353417,1.42353417,1.42353417,1.42353417,1.42353417,1.42353417,1.42353417,1.42353417,1.42353417,1.42353417,1.42353417,1.42353417,1.42353417,1.42353417,1.42353417,1.42353417,1.42353417,1.42353417,1.42353417,1.42353417,1.42353417,1.42353417,1.42353417,1.42353417,1.42353417,1.42353417,1.42353417,1.42353417,1.42353417,1.42353417,1.42353417,1.42353417,1.42353417,1.42353417,1.42353417,1.42353417,1.42353417,1.42353417,1.42353417,1.42353417,1.42353417,1.42353417,1.42353417,1.42353417,1.42353417,1.42353417,1.42353417,1.42353417,1.42353417,1.42353417,1.42353417,1.42353417,1.42353417,1.42353417,1.42353417,1.42353417,1.42353417,1.42353417,1.42353417,1.42353417,1.42353417,1.42353417,1.42353417,1.42353417,1.42353417,1.42353417,1.42353417,1.42353417,1.42353417,1.42353417,1.42353417,1.42353417,1.42353417,1.42353417,1.42353417,1.42353417,1.42353417,1.42353417,1.42353417,1.42353417,1.42353417,1.42353417,1.42353417,1.42353417,1.42353417,1.42353417,1.42353417,1.42353417,1.42353417,1.42353417,1.42353417,1.42353417,1.42353417,1.42353417,1.42353417,1.42353417,1.42353417,1.42353417,1.42353417,1.42353417,1.42353417,1.42353417,1.42353417,1.42353417,1.42353417,1.42353417,1.42353417,1.42353417,1.42353417,1.42353417,1.42353417,1.42353417,1.42353417,1.42353417,1.42353417,1.42353417,1.42353417,1.42353417,1.42353417,1.42353417,1.42353417,1.42353417,1.42353417,1.42353417,1.42353417,1.42353417,1.42353417,1.42353417,1.42353417,1.42353417,1.42353417,1.42353417,1.42353417,1.42353417,1.42353417,1.42353417,1.42353417,1.42353417,1.42353417,1.42353417
293.383584976,C05,AP01,client_to_ap,VHT,2,1,1,80,SU,1,4,234,d5766f7fc29bbe9c,1.3253594,1.3253594,1.3253594,1.3253594,1.3253594,1.3253594,1.3253594,1.3253594,1.3253594,1.3253594,1.3253594,1.3253594,1.3253594,1.3253594,1.3253594,1.3253594,1.3253594,1.3253594,1.3253594,1.3253594,1.3253594,1.3253594,1.42353417,1.3253594,1.42353417,1.3253594,1.3253594,1.3253594,1.42353417,1.3253594,1.3253594,1.42353417,1.42353417,1.3253594,1.42353417,1.3253594,1.3253594,1.42353417,1.42353417,1.42353417,1.42353417,1.42353417,1.3253594,1.42353417,1.42353417,1.42353417,1.42353417,1.42353417,1.42353417,1.42353417,1.42353417,1.3253594,1.42353417,1.42353417,1.42353417,1.42353417,1.42353417,1.42353417,1.42353417,1.42353417,1.42353417,1.42353417,1.42353417,1.42353417,1.42353417,1.42353417,1.42353417,1.42353417,1.42353417,1.42353417,1.42353417,1.42353417,1.42353417,1.42353417,1.42353417,1.42353417,1.42353417,1.42353417,1.42353417,1.42353417,1.42353417,1.42353417,1.42353417,1.42353417,1.42353417,1.42353417,1.42353417,1.42353417,1.42353417,1.42353417,1.42353417,1.42353417,1.42353417,1.42353417,1.42353417,1.42353417,1.42353417,1.42353417,1.42353417,1.42353417,1.42353417,1.42353417,1.42353417,1.42353417,1.42353417,1.42353417,1.42353417,1.42353417,1.42353417,1.42353417,1.42353417,1.42353417,1.42353417,1.42353417,1.42353417,1.42353417,1.42353417,1.42353417,1.42353417,1.42353417,1.42353417,1.42353417,1.42353417,1.42353417,1.42353417,1.42353417,1.42353417,1.42353417,1.42353417,1.42353417,1.42353417,1.42353417,1.42353417,1.42353417,1.42353417,1.42353417,1.42353417,1.42353417,1.42353417,1.42353417,1.42353417,1.42353417,1.42353417,1.42353417,1.42353417,1.42353417,1.42353417,1.42353417,1.42353417,1.42353417,1.42353417,1.42353417,1.42353417,1.42353417,1.42353417,1.42353417,1.42353417,1.42353417,1.42353417,1.42353417,1.42353417,1.42353417,1.42353417,1.42353417,1.42353417,1.42353417,1.42353417,1.42353417,1.42353417,1.42353417,1.42353417,1.42353417,1.42353417,1.42353417,1.42353417,1.42353417,1.42353417,1.42353417,1.42353417,1.42353417,1.42353417,1.42353417,1.42353417,1.42353417,1.42353417,1.42353417,1.42353417,1.42353417,1.42353417,1.42353417,1.42353417,1.42353417,1.42353417,1.42353417,1.42353417,1.42353417,1.42353417,1.42353417,1.42353417,1.42353417,1.42353417,1.42353417,1.42353417,1.42353417,1.42353417,1.42353417,1.42353417,1.42353417,1.42353417,1.42353417,1.42353417,1.42353417,1.42353417,1.42353417,1.42353417,1.42353417,1.42353417,1.42353417,1.42353417,1.42353417,1.42353417,1.42353417,1.42353417,1.42353417,1.42353417,1.42353417,1.42353417,1.42353417,1.42353417,1.42353417,1.42353417,1.42353417,1.42353417,1.42353417
298.623134851,C05,AP01,client_to_ap,VHT,2,1,1,80,SU,1,4,234,d5766f7fc29bbe9c,1.3253594,1.3253594,1.3253594,1.3253594,1.3253594,1.3253594,1.3253594,1.3253594,1.42353417,1.3253594,1.3253594,1.3253594,1.3253594,1.3253594,1.3253594,1.3253594,1.3253594,1.3253594,1.3253594,1.3253594,1.3253594,1.3253594,1.3253594,1.3253594,1.3253594,1.3253594,1.3253594,1.3253594,1.3253594,1.42353417,1.42353417,1.42353417,1.42353417,1.3253594,1.3253594,1.3253594,1.42353417,1.42353417,1.3253594,1.42353417,1.3253594,1.42353417,1.42353417,1.3253594,1.3253594,1.42353417,1.42353417,1.3253594,1.42353417,1.42353417,1.3253594,1.42353417,1.42353417,1.42353417,1.42353417,1.42353417,1.42353417,1.3253594,1.3253594,1.42353417,1.42353417,1.42353417,1.42353417,1.42353417,1.42353417,1.42353417,1.42353417,1.42353417,1.42353417,1.42353417,1.42353417,1.42353417,1.42353417,1.42353417,1.42353417,1.42353417,1.42353417,1.42353417,1.42353417,1.42353417,1.42353417,1.42353417,1.42353417,1.42353417,1.42353417,1.42353417,1.42353417,1.42353417,1.42353417,1.42353417,1.42353417,1.42353417,1.42353417,1.42353417,1.42353417,1.42353417,1.42353417,1.42353417,1.42353417,1.42353417,1.42353417,1.42353417,1.42353417,1.42353417,1.42353417,1.42353417,1.42353417,1.42353417,1.42353417,1.42353417,1.42353417,1.42353417,1.42353417,1.42353417,1.42353417,1.42353417,1.42353417,1.42353417,1.42353417,1.42353417,1.42353417,1.42353417,1.42353417,1.42353417,1.42353417,1.42353417,1.42353417,1.42353417,1.42353417,1.42353417,1.42353417,1.42353417,1.42353417,1.42353417,1.42353417,1.42353417,1.42353417,1.42353417,1.42353417,1.42353417,1.42353417,1.42353417,1.42353417,1.42353417,1.42353417,1.42353417,1.42353417,1.42353417,1.42353417,1.42353417,1.42353417,1.42353417,1.42353417,1.42353417,1.42353417,1.42353417,1.42353417,1.42353417,1.42353417,1.42353417,1.42353417,1.42353417,1.42353417,1.42353417,1.42353417,1.42353417,1.42353417,1.42353417,1.42353417,1.42353417,1.42353417,1.42353417,1.42353417,1.42353417,1.42353417,1.42353417,1.42353417,1.42353417,1.42353417,1.42353417,1.42353417,1.42353417,1.42353417,1.42353417,1.42353417,1.42353417,1.42353417,1.42353417,1.42353417,1.42353417,1.42353417,1.42353417,1.42353417,1.42353417,1.42353417,1.42353417,1.42353417,1.42353417,1.42353417,1.42353417,1.42353417,1.42353417,1.42353417,1.42353417,1.42353417,1.42353417,1.42353417,1.42353417,1.42353417,1.42353417,1.42353417,1.42353417,1.42353417,1.42353417,1.42353417,1.42353417,1.42353417,1.42353417,1.42353417,1.42353417,1.42353417,1.42353417,1.42353417,1.42353417,1.42353417,1.42353417,1.42353417,1.42353417,1.42353417,1.42353417,1.42353417,1.42353417,1.42353417,1.42353417
299.960500956,C05,AP01,client_to_ap,VHT,2,1,1,80,SU,1,4,234,d5766f7fc29bbe9c,1.3253594,1.3253594,1.3253594,1.3253594,1.3253594,1.3253594,1.3253594,1.3253594,1.3253594,1.3253594,1.3253594,1.3253594,1.3253594,1.3253594,1.3253594,1.3253594,1.3253594,1.3253594,1.3253594,1.3253594,1.3253594,1.3253594,1.3253594,1.3253594,1.42353417,1.3253594,1.3253594,1.3253594,1.42353417,1.42353417,1.42353417,1.3253594,1.42353417,1.3253594,1.3253594,1.3253594,1.42353417,1.42353417,1.42353417,1.3253594,1.42353417,1.42353417,1.3253594,1.3253594,1.3253594,1.42353417,1.42353417,1.3253594,1.42353417,1.42353417,1.42353417,1.42353417,1.42353417,1.42353417,1.42353417,1.42353417,1.42353417,1.42353417,1.42353417,1.42353417,1.42353417,1.42353417,1.42353417,1.42353417,1.42353417,1.42353417,1.42353417,1.42353417,1.42353417,1.42353417,1.42353417,1.42353417,1.42353417,1.42353417,1.42353417,1.42353417,1.42353417,1.42353417,1.42353417,1.42353417,1.42353417,1.42353417,1.42353417,1.42353417,1.42353417,1.42353417,1.42353417,1.42353417,1.42353417,1.42353417,1.42353417,1.42353417,1.42353417,1.42353417,1.42353417,1.42353417,1.42353417,1.42353417,1.42353417,1.42353417,1.42353417,1.42353417,1.42353417,1.42353417,1.42353417,1.42353417,1.42353417,1.42353417,1.42353417,1.42353417,1.42353417,1.42353417,1.42353417,1.42353417,1.42353417,1.42353417,1.42353417,1.42353417,1.42353417,1.42353417,1.42353417,1.42353417,1.42353417,1.42353417,1.42353417,1.42353417,1.42353417,1.42353417,1.42353417,1.42353417,1.42353417,1.42353417,1.42353417,1.42353417,1.42353417,1.42353417,1.42353417,1.42353417,1.42353417,1.42353417,1.42353417,1.42353417,1.42353417,1.42353417,1.42353417,1.42353417,1.42353417,1.42353417,1.42353417,1.42353417,1.42353417,1.42353417,1.42353417,1.42353417,1.42353417,1.42353417,1.42353417,1.42353417,1.42353417,1.42353417,1.42353417,1.42353417,1.42353417,1.42353417,1.42353417,1.42353417,1.42353417,1.42353417,1.42353417,1.42353417,1.42353417,1.42353417,1.42353417,1.42353417,1.42353417,1.42353417,1.42353417,1.42353417,1.42353417,1.42353417,1.42353417,1.42353417,1.42353417,1.42353417,1.42353417,1.42353417,1.42353417,1.42353417,1.42353417,1.42353417,1.42353417,1.42353417,1.42353417,1.42353417,1.42353417,1.42353417,1.42353417,1.42353417,1.42353417,1.42353417,1.42353417,1.42353417,1.42353417,1.42353417,1.42353417,1.42353417,1.42353417,1.42353417,1.42353417,1.42353417,1.42353417,1.42353417,1.42353417,1.42353417,1.42353417,1.42353417,1.42353417,1.42353417,1.42353417,1.42353417,1.42353417,1.42353417,1.42353417,1.42353417,1.42353417,1.42353417,1.42353417,1.42353417,1.42353417,1.42353417,1.42353417,1.42353417,1.42353417,1.42353417
