t_rel_s,client,ap,direction,format,Nr,Nc,Ng,bandwidth_mhz,feedback,codebook,bits_psi,subcarriers,series_id,psi_0000_rad,psi_0001_rad,psi_0002_rad,psi_0003_rad,psi_0004_rad,psi_0005_rad,psi_0006_rad,psi_0007_rad,psi_0008_rad,psi_0009_rad,psi_0010_rad,psi_0011_rad,psi_0012_rad,psi_0013_rad,psi_0014_rad,psi_0015_rad,psi_0016_rad,psi_0017_rad,psi_0018_rad,psi_0019_rad,psi_0020_rad,psi_0021_rad,psi_0022_rad,psi_0023_rad,psi_0024_rad,psi_0025_rad,psi_0026_rad,psi_0027_rad,psi_0028_rad,psi_0029_rad,psi_0030_rad,psi_0031_rad,psi_0032_rad,psi_0033_rad,psi_0034_rad,psi_0035_rad,psi_0036_rad,psi_0037_rad,psi_0038_rad,psi_0039_rad,psi_0040_rad,psi_0041_rad,psi_0042_rad,psi_0043_rad,psi_0044_rad,psi_0045_rad,psi_0046_rad,psi_0047_rad,psi_0048_rad,psi_0049_rad,psi_0050_rad,psi_0051_rad,psi_0052_rad,psi_0053_rad,psi_0054_rad,psi_0055_rad,psi_0056_rad,psi_0057_rad,psi_0058_rad,psi_0059_rad,psi_0060_rad,psi_0061_rad,psi_0062_rad,psi_0063_rad,psi_0064_rad,psi_0065_rad,psi_0066_rad,psi_0067_rad,psi_0068_rad,psi_0069_rad,psi_0070_rad,psi_0071_rad,psi_0072_rad,psi_0073_rad,psi_0074_rad,psi_0075_rad,psi_0076_rad,psi_0077_rad,psi_0078_rad,psi_0079_rad,psi_0080_rad,psi_0081_rad,psi_0082_rad,psi_0083_rad,psi_0084_rad,psi_0085_rad,psi_0086_rad,psi_0087_rad,psi_0088_rad,psi_0089_rad,psi_0090_rad,psi_0091_rad,psi_0092_rad,psi_0093_rad,psi_0094_rad,psi_0095_rad,psi_0096_rad,psi_0097_rad,psi_0098_rad,psi_0099_rad,psi_0100_rad,psi_0101_rad,psi_0102_rad,psi_0103_rad,psi_0104_rad,psi_0105_rad,psi_0106_rad,psi_0107_rad,psi_0108_rad,psi_0109_rad,psi_0110_rad,psi_0111_rad,psi_0112_rad,psi_0113_rad,psi_0114_rad,psi_0115_rad,psi_0116_rad,psi_0117_rad,psi_0118_rad,psi_0119_rad,psi_0120_rad,psi_0121_rad
0.768574953,C01,AP01,client_to_ap,VHT,2,2,2,80,SU,1,4,122,6637c97e16e6ce8a,0.834485549,0.834485549,0.834485549,0.736310778,0.736310778,0.736310778,0.736310778,0.736310778,0.736310778,0.736310778,0.736310778,0.736310778,0.736310778,0.736310778,0.736310778,0.736310778,0.736310778,0.736310778,0.736310778,0.736310778,0.736310778,0.736310778,0.736310778,0.736310778,0.736310778,0.736310778,0.736310778,0.736310778,0.736310778,0.736310778,0.736310778,0.736310778,0.736310778,0.736310778,0.736310778,0.736310778,0.736310778,0.736310778,0.736310778,0.736310778,0.736310778,0.736310778,0.736310778,0.736310778,0.736310778,0.736310778,0.736310778,0.736310778,0.736310778,0.638136008,0.638136008,0.638136008,0.638136008,0.638136008,0.638136008,0.539961237,0.539961237,0.539961237,0.539961237,0.441786467,0.441786467,0.441786467,0.343611696,0.343611696,0.343611696,0.343611696,0.245436926,0.245436926,0.245436926,0.245436926,0.245436926,0.147262156,0.147262156,0.147262156,0.147262156,0.147262156,0.0490873852,0.0490873852,0.0490873852,0.0490873852,0.147262156,0.245436926,0.245436926,0.343611696,0.441786467,0.441786467,0.539961237,0.539961237,0.638136008,0.638136008,0.736310778,0.736310778,0.736310778,0.736310778,0.736310778,0.736310778,0.736310778,0.736310778,0.736310778,0.736310778,0.736310778,0.736310778,0.638136008,0.638136008,0.638136008,0.638136008,0.638136008,0.638136008,0.638136008,0.539961237,0.539961237,0.539961237,0.539961237,0.539961237,0.539961237,0.539961237,0.539961237,0.539961237,0.539961237,0.539961237,0.539961237,0.441786467
2.096305847,C01,AP01,client_to_ap,VHT,2,2,2,80,SU,1,4,122,6637c97e16e6ce8a,0.834485549,0.834485549,0.736310778,0.736310778,0.736310778,0.736310778,0.736310778,0.736310778,0.736310778,0.736310778,0.736310778,0.736310778,0.736310778,0.736310778,0.736310778,0.736310778,0.736310778,0.736310778,0.736310778,0.736310778,0.736310778,0.736310778,0.736310778,0.736310778,0.736310778,0.736310778,0.736310778,0.736310778,0.736310778,0.736310778,0.736310778,0.736310778,0.736310778,0.736310778,0.736310778,0.736310778,0.736310778,0.736310778,0.736310778,0.736310778,0.736310778,0.736310778,0.736310778,0.736310778,0.736310778,0.736310778,0.736310778,0.736310778,0.638136008,0.638136008,0.638136008,0.638136008,0.638136008,0.638136008,0.539961237,0.539961237,0.539961237,0.539961237,0.539961237,0.441786467,0.441786467,0.441786467,0.343611696,0.343611696,0.343611696,0.343611696,0.245436926,0.245436926,0.245436926,0.245436926,0.245436926,0.147262156,0.147262156,0.147262156,0.147262156,0.147262156,0.0490873852,0.0490873852,0.0490873852,0.147262156,0.147262156,0.245436926,0.245436926,0.343611696,0.441786467,0.441786467,0.539961237,0.539961237,0.638136008,0.638136008,0.736310778,0.736310778,0.736310778,0.736310778,0.736310778,0.736310778,0.736310778,0.736310778,0.736310778,0.736310778,0.736310778,0.736310778,0.638136008,0.638136008,0.638136008,0.638136008,0.638136008,0.638136008,0.539961237,0.539961237,0.539961237,0.539961237,0.539961237,0.539961237,0.539961237,0.539961237,0.539961237,0.539961237,0.539961237,0.539961237,0.539961237,0.441786467
3.426425934,C01,AP01,client_to_ap,VHT,2,2,2,80,SU,1,4,122,6637c97e16e6ce8a,0.834485549,0.736310778,0.736310778,0.834485549,0.736310778,0.736310778,0.736310778,0.736310778,0.736310778,0.736310778,0.736310778,0.736310778,0.736310778,0.736310778,0.736310778,0.736310778,0.736310778,0.736310778,0.736310778,0.736310778,0.736310778,0.736310778,0.736310778,0.736310778,0.736310778,0.736310778,0.736310778,0.736310778,0.736310778,0.736310778,0.736310778,0.736310778,0.736310778,0.736310778,0.736310778,0.736310778,0.736310778,0.736310778,0.736310778,0.736310778,0.736310778,0.736310778,0.736310778,0.736310778,0.736310778,0.736310778,0.736310778,0.736310778,0.736310778,0.638136008,0.638136008,0.638136008,0.638136008,0.638136008,0.539961237,0.539961237,0.539961237,0.539961237,0.539961237,0.441786467,0.441786467,0.441786467,0.343611696,0.343611696,0.343611696,0.343611696,0.343611696,0.245436926,0.245436926,0.245436926,0.245436926,0.147262156,0.147262156,0.147262156,0.147262156,0.147262156,0.0490873852,0.0490873852,0.0490873852,0.0490873852,0.147262156,0.245436926,0.245436926,0.343611696,0.441786467,0.441786467,0.539961237,0.539961237,0.638136008,0.638136008,0.736310778,0.736310778,0.736310778,0.736310778,0.736310778,0.736310778,0.736310778,0.736310778,0.736310778,0.736310778,0.736310778,0.736310778,0.638136008,0.638136008,0.638136008,0.638136008,0.638136008,0.539961237,0.638136008,0.539961237,0.539961237,0.539961237,0.539961237,0.539961237,0.539961237,0.539961237,0.539961237,0.539961237,0.539961237,0.441786467,0.539961237,0.539961237
4.758835793,C01,AP01,client_to_ap,VHT,2,2,2,80,SU,1,4,122,6637c97e16e6ce8a,0.834485549,0.834485549,0.736310778,0.736310778,0.736310778,0.736310778,0.736310778,0.736310778,0.736310778,0.736310778,0.736310778,0.736310778,0.736310778,0.736310778,0.736310778,0.736310778,0.736310778,0.736310778,0.736310778,0.736310778,0.736310778,0.736310778,0.736310778,0.736310778,0.736310778,0.736310778,0.736310778,0.736310778,0.736310778,0.736310778,0.736310778,0.736310778,0.736310778,0.736310778,0.736310778,0.736310778,0.736310778,0.736310778,0.736310778,0.736310778,0.736310778,0.736310778,0.736310778,0.736310778,0.736310778,0.736310778,0.736310778,0.638136008,0.638136008,0.638136008,0.638136008,0.638136008,0.638136008,0.638136008,0.539961237,0.539961237,0.539961237,0.539961237,0.539961237,0.441786467,0.441786467,0.441786467,0.343611696,0.343611696,0.343611696,0.343611696,0.245436926,0.245436926,0.245436926,0.245436926,0.245436926,0.147262156,0.147262156,0.147262156,0.147262156,0.147262156,0.0490873852,0.0490873852,0.0490873852,0.147262156,0.147262156,0.245436926,0.245436926,0.343611696,0.343611696,0.441786467,0.539961237,0.539961237,0.638136008,0.638136008,0.736310778,0.736310778,0.736310778,0.736310778,0.736310778,0.736310778,0.736310778,0.736310778,0.736310778,0.736310778,0.736310778,0.736310778,0.736310778,0.638136008,0.638136008,0.638136008,0.638136008,0.638136008,0.539961237,0.539961237,0.539961237,0.539961237,0.539961237,0.539961237,0.539961237,0.539961237,0.539961237,0.539961237,0.539961237,0.539961237,0.539961237,0.539961237
6.095114946,C01,AP01,client_to_ap,VHT,2,2,2,80,SU,1,4,122,6637c97e16e6ce8a,0.834485549,0.834485549,0.834485549,0.736310778,0.736310778,0.736310778,0.736310778,0.736310778,0.736310778,0.736310778,0.736310778,0.736310778,0.736310778,0.736310778,0.736310778,0.736310778,0.736310778,0.736310778,0.736310778,0.736310778,0.736310778,0.736310778,0.736310778,0.736310778,0.736310778,0.736310778,0.736310778,0.736310778,0.736310778,0.736310778,0.736310778,0.736310778,0.736310778,0.736310778,0.736310778,0.736310778,0.736310778,0.736310778,0.736310778,0.736310778,0.736310778,0.736310778,0.736310778,0.736310778,0.736310778,0.736310778,0.736310778,0.638136008,0.638136008,0.638136008,0.638136008,0.638136008,0.638136008,0.638136008,0.638136008,0.539961237,0.539961237,0.539961237,0.539961237,0.441786467,0.441786467,0.441786467,0.343611696,0.343611696,0.343611696,0.343611696,0.245436926,0.245436926,0.245436926,0.245436926,0.245436926,0.147262156,0.147262156,0.147262156,0.147262156,0.147262156,0.0490873852,0.0490873852,0.0490873852,0.147262156,0.147262156,0.245436926,0.245436926,0.343611696,0.343611696,0.441786467,0.539961237,0.539961237,0.638136008,0.638136008,0.736310778,0.736310778,0.736310778,0.736310778,0.736310778,0.736310778,0.736310778,0.736310778,0.736310778,0.736310778,0.736310778,0.736310778,0.638136008,0.638136008,0.638136008,0.638136008,0.638136008,0.638136008,0.638136008,0.539961237,0.539961237,0.539961237,0.539961237,0.539961237,0.539961237,0.539961237,0.539961237,0.539961237,0.539961237,0.539961237,0.539961237,0.539961237
7.427128792,C01,AP01,client_to_ap,VHT,2,2,2,80,SU,1,4,122,6637c97e16e6ce8a,0.834485549,0.834485549,0.834485549,0.834485549,0.834485549,0.834485549,0.736310778,0.834485549,0.736310778,0.736310778,0.736310778,0.736310778,0.736310778,0.736310778,0.736310778,0.736310778,0.736310778,0.736310778,0.736310778,0.736310778,0.736310778,0.736310778,0.736310778,0.736310778,0.736310778,0.736310778,0.736310778,0.736310778,0.736310778,0.736310778,0.736310778,0.736310778,0.736310778,0.736310778,0.736310778,0.736310778,0.736310778,0.736310778,0.736310778,0.736310778,0.736310778,0.736310778,0.736310778,0.736310778,0.736310778,0.736310778,0.736310778,0.736310778,0.736310778,0.736310778,0.638136008,0.638136008,0.638136008,0.638136008,0.638136008,0.638136008,0.539961237,0.539961237,0.539961237,0.539961237,0.441786467,0.441786467,0.441786467,0.343611696,0.343611696,0.343611696,0.343611696,0.245436926,0.245436926,0.245436926,0.245436926,0.245436926,0.147262156,0.147262156,0.147262156,0.147262156,0.147262156,0.0490873852,0.147262156,0.147262156,0.147262156,0.245436926,0.245436926,0.343611696,0.441786467,0.441786467,0.539961237,0.638136008,0.638136008,0.736310778,0.736310778,0.736310778,0.834485549,0.834485549,0.834485549,0.834485549,0.834485549,0.834485549,0.736310778,0.736310778,0.736310778,0.736310778,0.736310778,0.638136008,0.638136008,0.638136008,0.638136008,0.638136008,0.638136008,0.638136008,0.539961237,0.539961237,0.539961237,0.539961237,0.539961237,0.539961237,0.539961237,0.539961237,0.539961237,0.539961237,0.539961237,0.539961237
8.758776903,C01,AP01,client_to_ap,VHT,2,2,2,80,SU,1,4,122,6637c97e16e6ce8a,0.834485549,0.736310778,0.834485549,0.736310778,0.834485549,0.736310778,0.736310778,0.736310778,0.736310778,0.736310778,0.736310778,0.736310778,0.736310778,0.736310778,0.736310778,0.736310778,0.736310778,0.736310778,0.736310778,0.736310778,0.736310778,0.736310778,0.736310778,0.736310778,0.736310778,0.736310778,0.736310778,0.736310778,0.736310778,0.736310778,0.736310778,0.736310778,0.736310778,0.736310778,0.736310778,0.736310778,0.736310778,0.736310778,0.736310778,0.736310778,0.736310778,0.736310778,0.736310778,0.736310778,0.736310778,0.736310778,0.736310778,0.638136008,0.638136008,0.638136008,0.638136008,0.638136008,0.638136008,0.638136008,0.539961237,0.539961237,0.539961237,0.539961237,0.539961237,0.441786467,0.441786467,0.441786467,0.343611696,0.343611696,0.343611696,0.343611696,0.245436926,0.245436926,0.245436926,0.245436926,0.245436926,0.147262156,0.147262156,0.147262156,0.147262156,0.147262156,0.0490873852,0.0490873852,0.0490873852,0.147262156,0.147262156,0.245436926,0.245436926,0.343611696,0.343611696,0.441786467,0.539961237,0.539961237,0.638136008,0.638136008,0.736310778,0.736310778,0.736310778,0.736310778,0.736310778,0.736310778,0.736310778,0.736310778,0.736310778,0.736310778,0.736310778,0.736310778,0.736310778,0.638136008,0.638136008,0.638136008,0.638136008,0.638136008,0.539961237,0.539961237,0.539961237,0.539961237,0.539961237,0.539961237,0.539961237,0.539961237,0.539961237,0.539961237,0.539961237,0.539961237,0.539961237,0.539961237
10.095045805,C01,AP01,client_to_ap,VHT,2,2,2,80,SU,1,4,122,6637c97e16e6ce8a,0.834485549,0.834485549,0.834485549,0.834485549,0.736310778,0.736310778,0.736310778,0.736310778,0.736310778,0.736310778,0.736310778,0.736310778,0.736310778,0.736310778,0.736310778,0.736310778,0.736310778,0.736310778,0.736310778,0.736310778,0.736310778,0.736310778,0.736310778,0.736310778,0.736310778,0.736310778,0.736310778,0.736310778,0.736310778,0.736310778,0.736310778,0.736310778,0.736310778,0.736310778,0.736310778,0.736310778,0.736310778,0.736310778,0.736310778,0.736310778,0.736310778,0.736310778,0.736310778,0.736310778,0.736310778,0.736310778,0.736310778,0.736310778,0.736310778,0.638136008,0.638136008,0.638136008,0.638136008,0.638136008,0.638136008,0.539961237,0.539961237,0.539961237,0.539961237,0.441786467,0.441786467,0.441786467,0.343611696,0.343611696,0.343611696,0.343611696,0.245436926,0.245436926,0.245436926,0.245436926,0.245436926,0.147262156,0.147262156,0.147262156,0.147262156,0.147262156,0.0490873852,0.0490873852,0.0490873852,0.0490873852,0.147262156,0.245436926,0.245436926,0.343611696,0.441786467,0.441786467,0.539961237,0.539961237,0.638136008,0.638136008,0.736310778,0.736310778,0.736310778,0.736310778,0.736310778,0.736310778,0.736310778,0.736310778,0.736310778,0.736310778,0.736310778,0.736310778,0.638136008,0.638136008,0.638136008,0.638136008,0.638136008,0.638136008,0.539961237,0.539961237,0.539961237,0.539961237,0.539961237,0.539961237,0.539961237,0.539961237,0.539961237,0.539961237,0.539961237,0.539961237,0.539961237,0.539961237
11.426860809,C01,AP01,client_to_ap,VHT,2,2,2,80,SU,1,4,122,6637c97e16e6ce8a,0.834485549,0.834485549,0.834485549,0.736310778,0.736310778,0.736310778,0.736310778,0.736310778,0.736310778,0.736310778,0.736310778,0.736310778,0.736310778,0.736310778,0.736310778,0.736310778,0.736310778,0.736310778,0.736310778,0.736310778,0.736310778,0.736310778,0.736310778,0.736310778,0.736310778,0.736310778,0.736310778,0.736310778,0.736310778,0.736310778,0.736310778,0.736310778,0.736310778,0.736310778,0.736310778,0.736310778,0.736310778,0.736310778,0.736310778,0.736310778,0.736310778,0.736310778,0.736310778,0.736310778,0.736310778,0.736310778,0.736310778,0.736310778,0.638136008,0.638136008,0.638136008,0.638136008,0.638136008,0.638136008,0.638136008,0.539961237,0.539961237,0.539961237,0.539961237,0.441786467,0.441786467,0.441786467,0.343611696,0.343611696,0.343611696,0.343611696,0.245436926,0.245436926,0.245436926,0.245436926,0.245436926,0.147262156,0.147262156,0.147262156,0.147262156,0.147262156,0.0490873852,0.0490873852,0.0490873852,0.147262156,0.147262156,0.245436926,0.245436926,0.343611696,0.441786467,0.441786467,0.539961237,0.539961237,0.638136008,0.638136008,0.736310778,0.736310778,0.736310778,0.736310778,0.736310778,0.736310778,0.736310778,0.736310778,0.736310778,0.736310778,0.736310778,0.736310778,0.638136008,0.638136008,0.638136008,0.638136008,0.638136008,0.638136008,0.539961237,0.539961237,0.539961237,0.539961237,0.539961237,0.539961237,0.539961237,0.539961237,0.539961237,0.539961237,0.539961237,0.539961237,0.539961237,0.539961237
12.758555889,C01,AP01,client_to_ap,VHT,2,2,2,80,SU,1,4,122,6637c97e16e6ce8a,0.834485549,0.736310778,0.834485549,0.736310778,0.736310778,0.736310778,0.736310778,0.736310778,0.736310778,0.736310778,0.736310778,0.736310778,0.736310778,0.736310778,0.736310778,0.736310778,0.736310778,0.736310778,0.736310778,0.736310778,0.736310778,0.736310778,0.736310778,0.736310778,0.736310778,0.736310778,0.736310778,0.736310778,0.736310778,0.736310778,0.736310778,0.736310778,0.736310778,0.736310778,0.736310778,0.736310778,0.736310778,0.736310778,0.736310778,0.736310778,0.736310778,0.736310778,0.736310778,0.736310778,0.736310778,0.736310778,0.736310778,0.736310778,0.736310778,0.638136008,0.638136008,0.638136008,0.638136008,0.638136008,0.638136008,0.539961237,0.539961237,0.539961237,0.539961237,0.441786467,0.441786467,0.441786467,0.343611696,0.343611696,0.343611696,0.343611696,0.245436926,0.245436926,0.245436926,0.245436926,0.245436926,0.147262156,0.147262156,0.147262156,0.147262156,0.147262156,0.0490873852,0.0490873852,0.0490873852,0.147262156,0.147262156,0.245436926,0.245436926,0.343611696,0.441786467,0.441786467,0.539961237,0.539961237,0.638136008,0.638136008,0.736310778,0.736310778,0.736310778,0.736310778,0.736310778,0.736310778,0.736310778,0.736310778,0.736310778,0.736310778,0.736310778,0.736310778,0.638136008,0.638136008,0.638136008,0.638136008,0.638136008,0.638136008,0.539961237,0.539961237,0.539961237,0.539961237,0.539961237,0.539961237,0.539961237,0.539961237,0.539961237,0.539961237,0.539961237,0.539961237,0.539961237,0.539961237
14.094775915,C01,AP01,client_to_ap,VHT,2,2,2,80,SU,1,4,122,6637c97e16e6ce8a,0.834485549,0.834485549,0.834485549,0.736310778,0.736310778,0.736310778,0.834485549,0.736310778,0.736310778,0.736310778,0.736310778,0.736310778,0.736310778,0.736310778,0.736310778,0.736310778,0.736310778,0.736310778,0.736310778,0.736310778,0.736310778,0.736310778,0.736310778,0.736310778,0.736310778,0.736310778,0.736310778,0.736310778,0.736310778,0.736310778,0.736310778,0.736310778,0.736310778,0.736310778,0.736310778,0.736310778,0.736310778,0.736310778,0.736310778,0.736310778,0.736310778,0.736310778,0.736310778,0.736310778,0.736310778,0.736310778,0.736310778,0.736310778,0.736310778,0.736310778,0.638136008,0.638136008,0.638136008,0.638136008,0.638136008,0.539961237,0.539961237,0.539961237,0.539961237,0.441786467,0.441786467,0.441786467,0.343611696,0.343611696,0.343611696,0.343611696,0.245436926,0.245436926,0.245436926,0.245436926,0.245436926,0.245436926,0.147262156,0.147262156,0.147262156,0.147262156,0.0490873852,0.0490873852,0.0490873852,0.147262156,0.147262156,0.245436926,0.245436926,0.343611696,0.441786467,0.441786467,0.539961237,0.638136008,0.638136008,0.638136008,0.736310778,0.736310778,0.736310778,0.736310778,0.834485549,0.736310778,0.736310778,0.736310778,0.736310778,0.736310778,0.736310778,0.736310778,0.736310778,0.638136008,0.638136008,0.638136008,0.638136008,0.638136008,0.638136008,0.539961237,0.539961237,0.539961237,0.539961237,0.539961237,0.539961237,0.539961237,0.539961237,0.539961237,0.539961237,0.539961237,0.539961237,0.539961237
15.427444935,C01,AP01,client_to_ap,VHT,2,2,2,80,SU,1,4,122,6637c97e16e6ce8a,0.834485549,0.834485549,0.736310778,0.834485549,0.736310778,0.736310778,0.736310778,0.736310778,0.736310778,0.736310778,0.736310778,0.736310778,0.736310778,0.736310778,0.736310778,0.736310778,0.736310778,0.736310778,0.736310778,0.736310778,0.736310778,0.736310778,0.736310778,0.736310778,0.736310778,0.736310778,0.736310778,0.736310778,0.736310778,0.736310778,0.736310778,0.736310778,0.736310778,0.736310778,0.736310778,0.736310778,0.736310778,0.736310778,0.736310778,0.736310778,0.736310778,0.736310778,0.736310778,0.736310778,0.736310778,0.736310778,0.736310778,0.736310778,0.736310778,0.638136008,0.638136008,0.638136008,0.638136008,0.638136008,0.638136008,0.539961237,0.539961237,0.539961237,0.539961237,0.441786467,0.441786467,0.441786467,0.343611696,0.343611696,0.343611696,0.343611696,0.245436926,0.245436926,0.245436926,0.245436926,0.245436926,0.147262156,0.147262156,0.147262156,0.147262156,0.147262156,0.0490873852,0.0490873852,0.0490873852,0.147262156,0.147262156,0.245436926,0.245436926,0.343611696,0.441786467,0.441786467,0.539961237,0.539961237,0.638136008,0.638136008,0.736310778,0.736310778,0.736310778,0.736310778,0.736310778,0.736310778,0.736310778,0.736310778,0.736310778,0.736310778,0.736310778,0.736310778,0.638136008,0.638136008,0.638136008,0.638136008,0.638136008,0.638136008,0.638136008,0.539961237,0.539961237,0.539961237,0.539961237,0.539961237,0.539961237,0.539961237,0.539961237,0.539961237,0.539961237,0.539961237,0.539961237,0.441786467
16.759668827,C01,AP01,client_to_ap,VHT,2,2,2,80,SU,1,4,122,6637c97e16e6ce8a,0.834485549,0.834485549,0.834485549,0.736310778,0.736310778,0.736310778,0.736310778,0.736310778,0.736310778,0.736310778,0.736310778,0.736310778,0.736310778,0.736310778,0.736310778,0.736310778,0.736310778,0.736310778,0.736310778,0.736310778,0.736310778,0.736310778,0.736310778,0.736310778,0.736310778,0.736310778,0.736310778,0.736310778,0.736310778,0.736310778,0.736310778,0.736310778,0.736310778,0.736310778,0.736310778,0.736310778,0.736310778,0.736310778,0.736310778,0.736310778,0.736310778,0.736310778,0.736310778,0.736310778,0.736310778,0.736310778,0.736310778,0.736310778,0.638136008,0.638136008,0.638136008,0.638136008,0.638136008,0.638136008,0.638136008,0.539961237,0.539961237,0.539961237,0.539961237,0.441786467,0.441786467,0.441786467,0.343611696,0.343611696,0.343611696,0.343611696,0.245436926,0.245436926,0.245436926,0.245436926,0.245436926,0.147262156,0.147262156,0.147262156,0.147262156,0.147262156,0.0490873852,0.0490873852,0.0490873852,0.147262156,0.147262156,0.245436926,0.245436926,0.343611696,0.441786467,0.441786467,0.539961237,0.539961237,0.638136008,0.638136008,0.736310778,0.736310778,0.736310778,0.736310778,0.736310778,0.736310778,0.736310778,0.736310778,0.736310778,0.736310778,0.736310778,0.736310778,0.638136008,0.638136008,0.638136008,0.638136008,0.638136008,0.638136008,0.539961237,0.539961237,0.539961237,0.539961237,0.539961237,0.539961237,0.539961237,0.539961237,0.539961237,0.539961237,0.539961237,0.539961237,0.539961237,0.539961237
18.094915867,C01,AP01,client_to_ap,VHT,2,2,2,80,SU,1,4,122,6637c97e16e6ce8a,0.834485549,0.834485549,0.834485549,0.736310778,0.736310778,0.736310778,0.736310778,0.736310778,0.736310778,0.736310778,0.736310778,0.736310778,0.736310778,0.736310778,0.736310778,0.736310778,0.736310778,0.736310778,0.736310778,0.736310778,0.736310778,0.736310778,0.736310778,0.736310778,0.736310778,0.736310778,0.736310778,0.736310778,0.736310778,0.736310778,0.736310778,0.736310778,0.736310778,0.736310778,0.736310778,0.736310778,0.736310778,0.736310778,0.736310778,0.736310778,0.736310778,0.736310778,0.736310778,0.736310778,0.736310778,0.736310778,0.736310778,0.736310778,0.736310778,0.638136008,0.638136008,0.638136008,0.638136008,0.638136008,0.539961237,0.539961237,0.539961237,0.539961237,0.539961237,0.441786467,0.441786467,0.441786467,0.343611696,0.343611696,0.343611696,0.343611696,0.245436926,0.245436926,0.245436926,0.245436926,0.245436926,0.147262156,0.147262156,0.147262156,0.147262156,0.147262156,0.0490873852,0.0490873852,0.0490873852,0.147262156,0.147262156,0.245436926,0.245436926,0.343611696,0.441786467,0.441786467,0.539961237,0.539961237,0.638136008,0.638136008,0.736310778,0.736310778,0.736310778,0.736310778,0.736310778,0.736310778,0.736310778,0.736310778,0.736310778,0.736310778,0.736310778,0.736310778,0.736310778,0.638136008,0.638136008,0.638136008,0.638136008,0.638136008,0.638136008,0.539961237,0.539961237,0.539961237,0.539961237,0.539961237,0.539961237,0.539961237,0.539961237,0.539961237,0.539961237,0.539961237,0.539961237,0.539961237
19.422042847,C01,AP01,client_to_ap,VHT,2,2,2,80,SU,1,4,122,6637c97e16e6ce8a,0.834485549,0.834485549,0.736310778,0.736310778,0.736310778,0.736310778,0.736310778,0.736310778,0.736310778,0.736310778,0.736310778,0.736310778,0.736310778,0.736310778,0.736310778,0.736310778,0.736310778,0.736310778,0.736310778,0.736310778,0.736310778,0.736310778,0.736310778,0.736310778,0.736310778,0.736310778,0.736310778,0.736310778,0.736310778,0.736310778,0.736310778,0.736310778,0.736310778,0.736310778,0.736310778,0.736310778,0.736310778,0.736310778,0.736310778,0.736310778,0.736310778,0.736310778,0.736310778,0.736310778,0.736310778,0.736310778,0.736310778,0.736310778,0.638136008,0.638136008,0.638136008,0.638136008,0.638136008,0.638136008,0.539961237,0.539961237,0.539961237,0.539961237,0.539961237,0.441786467,0.441786467,0.441786467,0.343611696,0.343611696,0.343611696,0.343611696,0.245436926,0.245436926,0.245436926,0.245436926,0.245436926,0.147262156,0.147262156,0.147262156,0.147262156,0.147262156,0.0490873852,0.0490873852,0.0490873852,0.0490873852,0.147262156,0.245436926,0.245436926,0.343611696,0.441786467,0.441786467,0.539961237,0.539961237,0.638136008,0.638136008,0.736310778,0.736310778,0.736310778,0.736310778,0.736310778,0.736310778,0.736310778,0.736310778,0.736310778,0.736310778,0.736310778,0.736310778,0.638136008,0.638136008,0.638136008,0.638136008,0.638136008,0.638136008,0.539961237,0.539961237,0.539961237,0.539961237,0.539961237,0.539961237,0.539961237,0.539961237,0.539961237,0.539961237,0.539961237,0.539961237,0.539961237,0.539961237
20.749108791,C01,AP01,client_to_ap,VHT,2,2,2,80,SU,1,4,122,6637c97e16e6ce8a,0.834485549,0.834485549,0.736310778,0.736310778,0.736310778,0.736310778,0.736310778,0.736310778,0.736310778,0.736310778,0.736310778,0.736310778,0.736310778,0.736310778,0.736310778,0.736310778,0.736310778,0.736310778,0.736310778,0.736310778,0.736310778,0.736310778,0.736310778,0.736310778,0.736310778,0.736310778,0.736310778,0.736310778,0.736310778,0.736310778,0.736310778,0.736310778,0.736310778,0.736310778,0.736310778,0.736310778,0.736310778,0.736310778,0.736310778,0.736310778,0.736310778,0.736310778,0.736310778,0.736310778,0.736310778,0.736310778,0.736310778,0.638136008,0.638136008,0.638136008,0.638136008,0.638136008,0.638136008,0.638136008,0.638136008,0.539961237,0.539961237,0.539961237,0.539961237,0.441786467,0.441786467,0.441786467,0.343611696,0.343611696,0.343611696,0.343611696,0.245436926,0.245436926,0.245436926,0.245436926,0.245436926,0.147262156,0.147262156,0.147262156,0.147262156,0.147262156,0.0490873852,0.0490873852,0.0490873852,0.147262156,0.147262156,0.245436926,0.245436926,0.343611696,0.343611696,0.441786467,0.539961237,0.539961237,0.638136008,0.638136008,0.638136008,0.736310778,0.736310778,0.736310778,0.736310778,0.736310778,0.736310778,0.736310778,0.736310778,0.736310778,0.736310778,0.736310778,0.736310778,0.638136008,0.638136008,0.638136008,0.638136008,0.638136008,0.539961237,0.539961237,0.539961237,0.539961237,0.539961237,0.539961237,0.539961237,0.539961237,0.539961237,0.539961237,0.539961237,0.539961237,0.539961237,0.539961237
22.084960938,C01,AP01,client_to_ap,VHT,2,2,2,80,SU,1,4,122,6637c97e16e6ce8a,0.834485549,0.834485549,0.834485549,0.736310778,0.736310778,0.736310778,0.736310778,0.736310778,0.736310778,0.736310778,0.736310778,0.736310778,0.736310778,0.736310778,0.736310778,0.736310778,0.736310778,0.736310778,0.736310778,0.736310778,0.736310778,0.736310778,0.736310778,0.736310778,0.736310778,0.736310778,0.736310778,0.736310778,0.736310778,0.736310778,0.736310778,0.736310778,0.736310778,0.736310778,0.736310778,0.736310778,0.736310778,0.736310778,0.736310778,0.736310778,0.736310778,0.736310778,0.736310778,0.736310778,0.736310778,0.736310778,0.736310778,0.736310778,0.638136008,0.638136008,0.638136008,0.638136008,0.638136008,0.638136008,0.638136008,0.539961237,0.539961237,0.539961237,0.539961237,0.441786467,0.441786467,0.441786467,0.343611696,0.343611696,0.343611696,0.343611696,0.245436926,0.245436926,0.245436926,0.245436926,0.245436926,0.147262156,0.147262156,0.147262156,0.147262156,0.147262156,0.0490873852,0.0490873852,0.0490873852,0.147262156,0.147262156,0.245436926,0.245436926,0.245436926,0.343611696,0.441786467,0.539961237,0.638136008,0.638136008,0.638136008,0.736310778,0.736310778,0.736310778,0.736310778,0.736310778,0.736310778,0.736310778,0.736310778,0.736310778,0.736310778,0.736310778,0.736310778,0.736310778,0.638136008,0.638136008,0.638136008,0.638136008,0.638136008,0.539961237,0.539961237,0.539961237,0.539961237,0.539961237,0.539961237,0.539961237,0.539961237,0.539961237,0.539961237,0.539961237,0.539961237,0.539961237,0.539961237
23.420794010,C01,AP01,client_to_ap,VHT,2,2,2,80,SU,1,4,122,6637c97e16e6ce8a,0.834485549,0.834485549,0.736310778,0.736310778,0.736310778,0.736310778,0.736310778,0.736310778,0.736310778,0.736310778,0.736310778,0.736310778,0.736310778,0.736310778,0.736310778,0.736310778,0.736310778,0.736310778,0.736310778,0.736310778,0.736310778,0.736310778,0.736310778,0.736310778,0.736310778,0.736310778,0.736310778,0.736310778,0.736310778,0.736310778,0.736310778,0.736310778,0.736310778,0.736310778,0.736310778,0.736310778,0.736310778,0.736310778,0.736310778,0.736310778,0.736310778,0.736310778,0.736310778,0.736310778,0.736310778,0.736310778,0.736310778,0.736310778,0.736310778,0.638136008,0.638136008,0.638136008,0.638136008,0.638136008,0.638136008,0.539961237,0.539961237,0.539961237,0.539961237,0.441786467,0.441786467,0.441786467,0.343611696,0.343611696,0.343611696,0.343611696,0.343611696,0.245436926,0.245436926,0.245436926,0.245436926,0.147262156,0.147262156,0.147262156,0.147262156,0.147262156,0.0490873852,0.0490873852,0.0490873852,0.147262156,0.147262156,0.245436926,0.245436926,0.343611696,0.343611696,0.441786467,0.539961237,0.539961237,0.638136008,0.638136008,0.736310778,0.736310778,0.736310778,0.736310778,0.736310778,0.736310778,0.736310778,0.736310778,0.736310778,0.736310778,0.736310778,0.736310778,0.736310778,0.638136008,0.638136008,0.638136008,0.638136008,0.638136008,0.539961237,0.539961237,0.539961237,0.539961237,0.539961237,0.539961237,0.539961237,0.539961237,0.539961237,0.539961237,0.539961237,0.539961237,0.539961237,0.441786467
24.750548840,C01,AP01,client_to_ap,VHT,2,2,2,80,SU,1,4,122,6637c97e16e6ce8a,0.834485549,0.834485549,0.736310778,0.736310778,0.736310778,0.736310778,0.736310778,0.736310778,0.736310778,0.736310778,0.736310778,0.736310778,0.736310778,0.736310778,0.736310778,0.736310778,0.736310778,0.736310778,0.736310778,0.736310778,0.736310778,0.736310778,0.736310778,0.736310778,0.736310778,0.736310778,0.736310778,0.736310778,0.736310778,0.736310778,0.736310778,0.736310778,0.736310778,0.736310778,0.736310778,0.736310778,0.736310778,0.736310778,0.736310778,0.736310778,0.736310778,0.736310778,0.736310778,0.736310778,0.736310778,0.736310778,0.736310778,0.638136008,0.638136008,0.638136008,0.638136008,0.638136008,0.638136008,0.638136008,0.638136008,0.539961237,0.539961237,0.539961237,0.539961237,0.441786467,0.441786467,0.441786467,0.343611696,0.343611696,0.343611696,0.343611696,0.245436926,0.245436926,0.245436926,0.245436926,0.147262156,0.147262156,0.147262156,0.147262156,0.147262156,0.147262156,0.0490873852,0.0490873852,0.0490873852,0.147262156,0.147262156,0.245436926,0.245436926,0.343611696,0.343611696,0.441786467,0.539961237,0.539961237,0.638136008,0.638136008,0.736310778,0.736310778,0.736310778,0.736310778,0.736310778,0.736310778,0.736310778,0.736310778,0.736310778,0.736310778,0.736310778,0.736310778,0.638136008,0.638136008,0.638136008,0.638136008,0.638136008,0.638136008,0.539961237,0.539961237,0.539961237,0.539961237,0.539961237,0.539961237,0.539961237,0.539961237,0.539961237,0.539961237,0.539961237,0.539961237,0.539961237,0.441786467
26.080211878,C01,AP01,client_to_ap,VHT,2,2,2,80,SU,1,4,122,6637c97e16e6ce8a,0.834485549,0.834485549,0.834485549,0.834485549,0.834485549,0.834485549,0.736310778,0.736310778,0.736310778,0.736310778,0.736310778,0.736310778,0.736310778,0.736310778,0.736310778,0.736310778,0.736310778,0.736310778,0.736310778,0.736310778,0.736310778,0.736310778,0.736310778,0.736310778,0.736310778,0.736310778,0.736310778,0.736310778,0.736310778,0.736310778,0.736310778,0.736310778,0.736310778,0.736310778,0.736310778,0.736310778,0.736310778,0.736310778,0.736310778,0.736310778,0.736310778,0.736310778,0.736310778,0.736310778,0.736310778,0.736310778,0.736310778,0.736310778,0.736310778,0.736310778,0.638136008,0.638136008,0.638136008,0.638136008,0.638136008,0.539961237,0.539961237,0.539961237,0.539961237,0.441786467,0.441786467,0.441786467,0.343611696,0.343611696,0.343611696,0.343611696,0.245436926,0.245436926,0.245436926,0.245436926,0.245436926,0.245436926,0.147262156,0.147262156,0.147262156,0.147262156,0.0490873852,0.0490873852,0.0490873852,0.147262156,0.147262156,0.245436926,0.245436926,0.343611696,0.441786467,0.539961237,0.539961237,0.539961237,0.638136008,0.638136008,0.736310778,0.736310778,0.736310778,0.834485549,0.736310778,0.736310778,0.736310778,0.736310778,0.736310778,0.736310778,0.736310778,0.736310778,0.736310778,0.638136008,0.638136008,0.638136008,0.638136008,0.638136008,0.638136008,0.539961237,0.539961237,0.539961237,0.539961237,0.539961237,0.539961237,0.539961237,0.539961237,0.539961237,0.539961237,0.539961237,0.539961237,0.539961237
27.408841848,C01,AP01,client_to_ap,VHT,2,2,2,80,SU,1,4,122,6637c97e16e6ce8a,0.834485549,0.834485549,0.736310778,0.834485549,0.736310778,0.736310778,0.736310778,0.736310778,0.736310778,0.736310778,0.736310778,0.736310778,0.736310778,0.736310778,0.736310778,0.736310778,0.736310778,0.736310778,0.736310778,0.736310778,0.736310778,0.736310778,0.736310778,0.736310778,0.736310778,0.736310778,0.736310778,0.736310778,0.736310778,0.736310778,0.736310778,0.736310778,0.736310778,0.736310778,0.736310778,0.736310778,0.736310778,0.736310778,0.736310778,0.736310778,0.736310778,0.736310778,0.736310778,0.736310778,0.736310778,0.736310778,0.736310778,0.736310778,0.638136008,0.638136008,0.638136008,0.638136008,0.638136008,0.638136008,0.638136008,0.539961237,0.539961237,0.539961237,0.539961237,0.441786467,0.441786467,0.441786467,0.343611696,0.343611696,0.343611696,0.343611696,0.245436926,0.245436926,0.245436926,0.245436926,0.245436926,0.147262156,0.147262156,0.147262156,0.147262156,0.0490873852,0.0490873852,0.0490873852,0.0490873852,0.147262156,0.147262156,0.245436926,0.245436926,0.343611696,0.441786467,0.441786467,0.539961237,0.539961237,0.638136008,0.638136008,0.736310778,0.736310778,0.736310778,0.736310778,0.736310778,0.736310778,0.736310778,0.736310778,0.736310778,0.736310778,0.736310778,0.736310778,0.736310778,0.638136008,0.638136008,0.638136008,0.638136008,0.638136008,0.638136008,0.539961237,0.539961237,0.539961237,0.539961237,0.539961237,0.539961237,0.539961237,0.539961237,0.539961237,0.539961237,0.539961237,0.539961237,0.539961237
28.738834858,C01,AP01,client_to_ap,VHT,2,2,2,80,SU,1,4,122,6637c97e16e6ce8a,0.834485549,0.834485549,0.736310778,0.736310778,0.736310778,0.736310778,0.736310778,0.736310778,0.736310778,0.736310778,0.736310778,0.736310778,0.736310778,0.736310778,0.736310778,0.736310778,0.736310778,0.736310778,0.736310778,0.736310778,0.736310778,0.736310778,0.736310778,0.736310778,0.736310778,0.736310778,0.736310778,0.736310778,0.736310778,0.736310778,0.736310778,0.736310778,0.736310778,0.736310778,0.736310778,0.736310778,0.736310778,0.736310778,0.736310778,0.736310778,0.736310778,0.736310778,0.736310778,0.736310778,0.736310778,0.736310778,0.736310778,0.638136008,0.638136008,0.638136008,0.638136008,0.638136008,0.638136008,0.638136008,0.638136008,0.539961237,0.539961237,0.539961237,0.539961237,0.441786467,0.441786467,0.441786467,0.343611696,0.343611696,0.343611696,0.343611696,0.245436926,0.245436926,0.245436926,0.245436926,0.245436926,0.147262156,0.147262156,0.147262156,0.147262156,0.147262156,0.0490873852,0.0490873852,0.0490873852,0.147262156,0.147262156,0.245436926,0.245436926,0.245436926,0.343611696,0.441786467,0.539961237,0.539961237,0.638136008,0.638136008,0.736310778,0.736310778,0.736310778,0.736310778,0.736310778,0.736310778,0.736310778,0.736310778,0.736310778,0.736310778,0.736310778,0.736310778,0.736310778,0.638136008,0.638136008,0.638136008,0.638136008,0.638136008,0.539961237,0.539961237,0.539961237,0.539961237,0.539961237,0.539961237,0.539961237,0.539961237,0.539961237,0.539961237,0.539961237,0.539961237,0.539961237,0.539961237
30.074493885,C01,AP01,client_to_ap,VHT,2,2,2,80,SU,1,4,122,6637c97e16e6ce8a,0.834485549,0.834485549,0.834485549,0.736310778,0.736310778,0.736310778,0.736310778,0.736310778,0.736310778,0.736310778,0.736310778,0.736310778,0.736310778,0.736310778,0.736310778,0.736310778,0.736310778,0.736310778,0.736310778,0.736310778,0.736310778,0.736310778,0.736310778,0.736310778,0.736310778,0.736310778,0.736310778,0.736310778,0.736310778,0.736310778,0.736310778,0.736310778,0.736310778,0.736310778,0.736310778,0.736310778,0.736310778,0.736310778,0.736310778,0.736310778,0.736310778,0.736310778,0.736310778,0.736310778,0.736310778,0.736310778,0.736310778,0.736310778,0.638136008,0.638136008,0.638136008,0.638136008,0.638136008,0.638136008,0.638136008,0.539961237,0.539961237,0.539961237,0.539961237,0.441786467,0.441786467,0.441786467,0.343611696,0.343611696,0.343611696,0.343611696,0.245436926,0.245436926,0.245436926,0.245436926,0.245436926,0.147262156,0.147262156,0.147262156,0.147262156,0.0490873852,0.0490873852,0.0490873852,0.0490873852,0.147262156,0.147262156,0.245436926,0.245436926,0.343611696,0.343611696,0.441786467,0.539961237,0.539961237,0.638136008,0.638136008,0.736310778,0.736310778,0.736310778,0.736310778,0.736310778,0.736310778,0.736310778,0.736310778,0.736310778,0.736310778,0.736310778,0.736310778,0.736310778,0.638136008,0.638136008,0.638136008,0.638136008,0.638136008,0.539961237,0.539961237,0.539961237,0.539961237,0.539961237,0.539961237,0.539961237,0.539961237,0.539961237,0.539961237,0.539961237,0.539961237,0.539961237,0.539961237
31.406233788,C01,AP01,client_to_ap,VHT,2,2,2,80,SU,1,4,122,6637c97e16e6ce8a,0.834485549,0.834485549,0.834485549,0.736310778,0.736310778,0.736310778,0.736310778,0.736310778,0.736310778,0.736310778,0.736310778,0.736310778,0.736310778,0.736310778,0.736310778,0.736310778,0.736310778,0.736310778,0.736310778,0.736310778,0.736310778,0.736310778,0.736310778,0.736310778,0.736310778,0.736310778,0.736310778,0.736310778,0.736310778,0.736310778,0.736310778,0.736310778,0.736310778,0.736310778,0.736310778,0.736310778,0.736310778,0.736310778,0.736310778,0.736310778,0.736310778,0.736310778,0.736310778,0.736310778,0.736310778,0.736310778,0.736310778,0.736310778,0.736310778,0.638136008,0.638136008,0.638136008,0.638136008,0.638136008,0.539961237,0.539961237,0.539961237,0.539961237,0.539961237,0.441786467,0.441786467,0.441786467,0.343611696,0.343611696,0.343611696,0.343611696,0.245436926,0.245436926,0.245436926,0.245436926,0.245436926,0.245436926,0.147262156,0.147262156,0.147262156,0.147262156,0.0490873852,0.0490873852,0.147262156,0.147262156,0.147262156,0.245436926,0.245436926,0.343611696,0.441786467,0.441786467,0.539961237,0.539961237,0.638136008,0.638136008,0.736310778,0.736310778,0.736310778,0.736310778,0.736310778,0.736310778,0.736310778,0.736310778,0.736310778,0.736310778,0.736310778,0.736310778,0.638136008,0.638136008,0.638136008,0.638136008,0.638136008,0.539961237,0.638136008,0.539961237,0.539961237,0.539961237,0.539961237,0.539961237,0.539961237,0.539961237,0.539961237,0.539961237,0.539961237,0.539961237,0.539961237,0.539961237
32.738281012,C01,AP01,client_to_ap,VHT,2,2,2,80,SU,1,4,122,6637c97e16e6ce8a,0.834485549,0.834485549,0.834485549,0.736310778,0.736310778,0.736310778,0.736310778,0.736310778,0.736310778,0.736310778,0.736310778,0.736310778,0.736310778,0.736310778,0.736310778,0.736310778,0.736310778,0.736310778,0.736310778,0.736310778,0.736310778,0.736310778,0.736310778,0.736310778,0.736310778,0.736310778,0.736310778,0.736310778,0.736310778,0.736310778,0.736310778,0.736310778,0.736310778,0.736310778,0.736310778,0.736310778,0.736310778,0.736310778,0.736310778,0.736310778,0.736310778,0.736310778,0.736310778,0.736310778,0.736310778,0.736310778,0.736310778,0.736310778,0.736310778,0.638136008,0.638136008,0.638136008,0.638136008,0.638136008,0.638136008,0.539961237,0.539961237,0.539961237,0.539961237,0.441786467,0.441786467,0.441786467,0.343611696,0.343611696,0.343611696,0.343611696,0.245436926,0.245436926,0.245436926,0.245436926,0.245436926,0.147262156,0.147262156,0.147262156,0.147262156,0.147262156,0.0490873852,0.0490873852,0.0490873852,0.147262156,0.147262156,0.245436926,0.245436926,0.343611696,0.343611696,0.441786467,0.539961237,0.539961237,0.638136008,0.638136008,0.736310778,0.736310778,0.736310778,0.736310778,0.736310778,0.736310778,0.736310778,0.736310778,0.736310778,0.736310778,0.736310778,0.736310778,0.638136008,0.638136008,0.638136008,0.638136008,0.638136008,0.638136008,0.539961237,0.539961237,0.539961237,0.539961237,0.539961237,0.539961237,0.539961237,0.539961237,0.539961237,0.539961237,0.539961237,0.539961237,0.539961237,0.441786467
34.074676991,C01,AP01,client_to_ap,VHT,2,2,2,80,SU,1,4,122,6637c97e16e6ce8a,0.736310778,0.834485549,0.736310778,0.834485549,0.736310778,0.736310778,0.736310778,0.736310778,0.736310778,0.736310778,0.736310778,0.736310778,0.736310778,0.736310778,0.736310778,0.736310778,0.736310778,0.736310778,0.736310778,0.736310778,0.736310778,0.736310778,0.736310778,0.736310778,0.736310778,0.736310778,0.736310778,0.736310778,0.736310778,0.736310778,0.736310778,0.736310778,0.736310778,0.736310778,0.736310778,0.736310778,0.736310778,0.736310778,0.736310778,0.736310778,0.736310778,0.736310778,0.736310778,0.736310778,0.736310778,0.736310778,0.736310778,0.736310778,0.736310778,0.638136008,0.638136008,0.638136008,0.638136008,0.638136008,0.638136008,0.539961237,0.539961237,0.539961237,0.539961237,0.441786467,0.441786467,0.441786467,0.343611696,0.343611696,0.343611696,0.343611696,0.343611696,0.245436926,0.245436926,0.245436926,0.245436926,0.245436926,0.147262156,0.147262156,0.147262156,0.147262156,0.0490873852,0.0490873852,0.0490873852,0.147262156,0.147262156,0.245436926,0.245436926,0.245436926,0.343611696,0.441786467,0.539961237,0.539961237,0.638136008,0.638136008,0.736310778,0.736310778,0.736310778,0.736310778,0.736310778,0.736310778,0.736310778,0.736310778,0.736310778,0.736310778,0.736310778,0.736310778,0.638136008,0.638136008,0.638136008,0.638136008,0.638136008,0.638136008,0.539961237,0.539961237,0.539961237,0.539961237,0.539961237,0.539961237,0.539961237,0.539961237,0.539961237,0.539961237,0.539961237,0.539961237,0.539961237,0.539961237
35.407221794,C01,AP01,client_to_ap,VHT,2,2,2,80,SU,1,4,122,6637c97e16e6ce8a,0.834485549,0.834485549,0.834485549,0.834485549,0.736310778,0.736310778,0.736310778,0.736310778,0.736310778,0.736310778,0.736310778,0.736310778,0.736310778,0.736310778,0.736310778,0.736310778,0.736310778,0.736310778,0.736310778,0.736310778,0.736310778,0.736310778,0.736310778,0.736310778,0.736310778,0.736310778,0.736310778,0.736310778,0.736310778,0.736310778,0.736310778,0.736310778,0.736310778,0.736310778,0.736310778,0.736310778,0.736310778,0.736310778,0.736310778,0.736310778,0.736310778,0.736310778,0.736310778,0.736310778,0.736310778,0.736310778,0.736310778,0.736310778,0.638136008,0.638136008,0.638136008,0.638136008,0.638136008,0.638136008,0.638136008,0.539961237,0.539961237,0.539961237,0.539961237,0.441786467,0.441786467,0.441786467,0.343611696,0.343611696,0.343611696,0.343611696,0.245436926,0.245436926,0.245436926,0.245436926,0.245436926,0.147262156,0.147262156,0.147262156,0.147262156,0.147262156,0.0490873852,0.0490873852,0.0490873852,0.147262156,0.147262156,0.245436926,0.245436926,0.343611696,0.441786467,0.441786467,0.539961237,0.638136008,0.638136008,0.638136008,0.736310778,0.736310778,0.736310778,0.736310778,0.736310778,0.736310778,0.736310778,0.736310778,0.736310778,0.736310778,0.736310778,0.736310778,0.638136008,0.638136008,0.638136008,0.638136008,0.638136008,0.638136008,0.539961237,0.539961237,0.539961237,0.539961237,0.539961237,0.539961237,0.539961237,0.539961237,0.539961237,0.539961237,0.539961237,0.539961237,0.539961237,0.539961237
36.738593817,C01,AP01,client_to_ap,VHT,2,2,2,80,SU,1,4,122,6637c97e16e6ce8a,0.834485549,0.834485549,0.834485549,0.736310778,0.736310778,0.736310778,0.736310778,0.736310778,0.736310778,0.736310778,0.736310778,0.736310778,0.736310778,0.736310778,0.736310778,0.736310778,0.736310778,0.736310778,0.736310778,0.736310778,0.736310778,0.736310778,0.736310778,0.736310778,0.736310778,0.736310778,0.736310778,0.736310778,0.736310778,0.736310778,0.736310778,0.736310778,0.736310778,0.736310778,0.736310778,0.736310778,0.736310778,0.736310778,0.736310778,0.736310778,0.736310778,0.736310778,0.736310778,0.736310778,0.736310778,0.736310778,0.736310778,0.638136008,0.638136008,0.638136008,0.638136008,0.638136008,0.638136008,0.638136008,0.638136008,0.539961237,0.539961237,0.539961237,0.539961237,0.441786467,0.441786467,0.441786467,0.343611696,0.343611696,0.343611696,0.343611696,0.245436926,0.245436926,0.245436926,0.245436926,0.245436926,0.147262156,0.147262156,0.147262156,0.147262156,0.147262156,0.0490873852,0.0490873852,0.0490873852,0.147262156,0.147262156,0.245436926,0.245436926,0.343611696,0.343611696,0.441786467,0.539961237,0.539961237,0.638136008,0.638136008,0.736310778,0.736310778,0.736310778,0.736310778,0.736310778,0.736310778,0.736310778,0.736310778,0.736310778,0.736310778,0.736310778,0.736310778,0.638136008,0.638136008,0.638136008,0.638136008,0.638136008,0.638136008,0.539961237,0.539961237,0.539961237,0.539961237,0.539961237,0.539961237,0.539961237,0.539961237,0.539961237,0.539961237,0.539961237,0.539961237,0.539961237,0.441786467
38.074831009,C01,AP01,client_to_ap,VHT,2,2,2,80,SU,1,4,122,6637c97e16e6ce8a,0.834485549,0.834485549,0.834485549,0.834485549,0.834485549,0.834485549,0.834485549,0.834485549,0.834485549,0.834485549,0.736310778,0.736310778,0.736310778,0.736310778,0.736310778,0.736310778,0.736310778,0.736310778,0.736310778,0.736310778,0.736310778,0.736310778,0.736310778,0.736310778,0.736310778,0.736310778,0.736310778,0.736310778,0.736310778,0.736310778,0.736310778,0.736310778,0.736310778,0.736310778,0.736310778,0.736310778,0.736310778,0.736310778,0.736310778,0.736310778,0.736310778,0.736310778,0.736310778,0.736310778,0.736310778,0.736310778,0.736310778,0.736310778,0.736310778,0.736310778,0.638136008,0.638136008,0.638136008,0.638136008,0.638136008,0.638136008,0.539961237,0.539961237,0.539961237,0.539961237,0.441786467,0.441786467,0.441786467,0.343611696,0.343611696,0.343611696,0.343611696,0.245436926,0.245436926,0.245436926,0.245436926,0.245436926,0.245436926,0.147262156,0.147262156,0.147262156,0.147262156,0.147262156,0.147262156,0.147262156,0.147262156,0.245436926,0.245436926,0.343611696,0.441786467,0.539961237,0.539961237,0.638136008,0.638136008,0.736310778,0.736310778,0.834485549,0.834485549,0.834485549,0.834485549,0.834485549,0.834485549,0.834485549,0.834485549,0.834485549,0.736310778,0.736310778,0.736310778,0.736310778,0.638136008,0.638136008,0.638136008,0.638136008,0.638136008,0.539961237,0.539961237,0.539961237,0.539961237,0.539961237,0.539961237,0.539961237,0.539961237,0.539961237,0.539961237,0.539961237,0.539961237,0.539961237
39.406455994,C01,AP01,client_to_ap,VHT,2,2,2,80,SU,1,4,122,6637c97e16e6ce8a,0.834485549,0.834485549,0.834485549,0.736310778,0.736310778,0.736310778,0.736310778,0.736310778,0.736310778,0.736310778,0.736310778,0.736310778,0.736310778,0.736310778,0.736310778,0.736310778,0.736310778,0.736310778,0.736310778,0.736310778,0.736310778,0.736310778,0.736310778,0.736310778,0.736310778,0.736310778,0.736310778,0.736310778,0.736310778,0.736310778,0.736310778,0.736310778,0.736310778,0.736310778,0.736310778,0.736310778,0.736310778,0.736310778,0.736310778,0.736310778,0.736310778,0.736310778,0.736310778,0.736310778,0.736310778,0.736310778,0.736310778,0.736310778,0.638136008,0.736310778,0.638136008,0.638136008,0.638136008,0.638136008,0.638136008,0.539961237,0.539961237,0.539961237,0.539961237,0.441786467,0.441786467,0.441786467,0.343611696,0.343611696,0.343611696,0.343611696,0.245436926,0.245436926,0.245436926,0.245436926,0.245436926,0.245436926,0.147262156,0.147262156,0.147262156,0.147262156,0.0490873852,0.0490873852,0.0490873852,0.147262156,0.147262156,0.245436926,0.245436926,0.343611696,0.343611696,0.441786467,0.539961237,0.539961237,0.638136008,0.638136008,0.638136008,0.736310778,0.736310778,0.736310778,0.736310778,0.736310778,0.736310778,0.736310778,0.736310778,0.736310778,0.736310778,0.736310778,0.736310778,0.638136008,0.638136008,0.638136008,0.638136008,0.638136008,0.539961237,0.539961237,0.539961237,0.539961237,0.539961237,0.539961237,0.539961237,0.539961237,0.539961237,0.539961237,0.539961237,0.539961237,0.539961237,0.539961237
40.738454819,C01,AP01,client_to_ap,VHT,2,2,2,80,SU,1,4,122,6637c97e16e6ce8a,0.834485549,0.736310778,0.736310778,0.736310778,0.736310778,0.736310778,0.736310778,0.736310778,0.736310778,0.736310778,0.736310778,0.736310778,0.736310778,0.736310778,0.736310778,0.736310778,0.736310778,0.736310778,0.736310778,0.736310778,0.736310778,0.736310778,0.736310778,0.736310778,0.736310778,0.736310778,0.736310778,0.736310778,0.736310778,0.736310778,0.736310778,0.736310778,0.736310778,0.736310778,0.736310778,0.736310778,0.736310778,0.638136008,0.638136008,0.736310778,0.736310778,0.638136008,0.638136008,0.638136008,0.736310778,0.638136008,0.638136008,0.638136008,0.638136008,0.638136008,0.638136008,0.638136008,0.638136008,0.539961237,0.539961237,0.539961237,0.539961237,0.539961237,0.441786467,0.441786467,0.441786467,0.343611696,0.343611696,0.343611696,0.343611696,0.245436926,0.245436926,0.245436926,0.245436926,0.245436926,0.147262156,0.147262156,0.147262156,0.147262156,0.147262156,0.0490873852,0.0490873852,0.0490873852,0.0490873852,0.147262156,0.147262156,0.245436926,0.245436926,0.343611696,0.441786467,0.441786467,0.539961237,0.539961237,0.539961237,0.638136008,0.638136008,0.638136008,0.736310778,0.736310778,0.736310778,0.736310778,0.736310778,0.736310778,0.736310778,0.736310778,0.638136008,0.736310778,0.638136008,0.638136008,0.638136008,0.638136008,0.539961237,0.539961237,0.539961237,0.539961237,0.539961237,0.539961237,0.539961237,0.539961237,0.539961237,0.539961237,0.539961237,0.539961237,0.539961237,0.441786467,0.539961237,0.539961237
42.074653864,C01,AP01,client_to_ap,VHT,2,2,2,80,SU,1,4,122,6637c97e16e6ce8a,0.834485549,0.834485549,0.736310778,0.736310778,0.736310778,0.736310778,0.736310778,0.736310778,0.736310778,0.736310778,0.736310778,0.736310778,0.736310778,0.736310778,0.736310778,0.736310778,0.736310778,0.736310778,0.736310778,0.736310778,0.736310778,0.736310778,0.736310778,0.736310778,0.736310778,0.736310778,0.736310778,0.736310778,0.736310778,0.736310778,0.736310778,0.736310778,0.736310778,0.736310778,0.736310778,0.736310778,0.736310778,0.736310778,0.736310778,0.736310778,0.736310778,0.736310778,0.736310778,0.736310778,0.736310778,0.736310778,0.736310778,0.736310778,0.638136008,0.638136008,0.638136008,0.638136008,0.638136008,0.638136008,0.638136008,0.539961237,0.539961237,0.539961237,0.539961237,0.441786467,0.441786467,0.441786467,0.343611696,0.343611696,0.343611696,0.343611696,0.245436926,0.245436926,0.245436926,0.245436926,0.245436926,0.245436926,0.147262156,0.147262156,0.147262156,0.0490873852,0.0490873852,0.0490873852,0.0490873852,0.147262156,0.147262156,0.245436926,0.245436926,0.343611696,0.441786467,0.441786467,0.539961237,0.539961237,0.638136008,0.638136008,0.736310778,0.736310778,0.736310778,0.736310778,0.736310778,0.736310778,0.736310778,0.736310778,0.736310778,0.736310778,0.736310778,0.736310778,0.736310778,0.638136008,0.638136008,0.638136008,0.638136008,0.638136008,0.539961237,0.539961237,0.539961237,0.539961237,0.539961237,0.539961237,0.539961237,0.539961237,0.539961237,0.539961237,0.539961237,0.539961237,0.539961237,0.539961237
43.401732922,C01,AP01,client_to_ap,VHT,2,2,2,80,SU,1,4,122,6637c97e16e6ce8a,0.834485549,0.834485549,0.736310778,0.736310778,0.736310778,0.736310778,0.736310778,0.736310778,0.736310778,0.736310778,0.736310778,0.736310778,0.736310778,0.736310778,0.736310778,0.736310778,0.736310778,0.736310778,0.736310778,0.736310778,0.736310778,0.736310778,0.736310778,0.736310778,0.736310778,0.736310778,0.736310778,0.736310778,0.736310778,0.736310778,0.736310778,0.736310778,0.736310778,0.736310778,0.736310778,0.736310778,0.736310778,0.736310778,0.736310778,0.736310778,0.736310778,0.736310778,0.736310778,0.736310778,0.736310778,0.736310778,0.736310778,0.736310778,0.638136008,0.638136008,0.638136008,0.638136008,0.638136008,0.638136008,0.539961237,0.539961237,0.539961237,0.539961237,0.539961237,0.441786467,0.441786467,0.441786467,0.343611696,0.343611696,0.343611696,0.343611696,0.245436926,0.245436926,0.245436926,0.245436926,0.245436926,0.147262156,0.147262156,0.147262156,0.147262156,0.147262156,0.0490873852,0.0490873852,0.0490873852,0.147262156,0.147262156,0.245436926,0.245436926,0.343611696,0.343611696,0.441786467,0.539961237,0.638136008,0.638136008,0.638136008,0.736310778,0.736310778,0.736310778,0.736310778,0.736310778,0.736310778,0.736310778,0.736310778,0.736310778,0.736310778,0.736310778,0.736310778,0.736310778,0.638136008,0.638136008,0.638136008,0.638136008,0.638136008,0.539961237,0.539961237,0.539961237,0.539961237,0.539961237,0.539961237,0.539961237,0.539961237,0.539961237,0.539961237,0.539961237,0.539961237,0.539961237,0.539961237
44.729995966,C01,AP01,client_to_ap,VHT,2,2,2,80,SU,1,4,122,6637c97e16e6ce8a,0.834485549,0.834485549,0.834485549,0.736310778,0.736310778,0.736310778,0.736310778,0.736310778,0.736310778,0.736310778,0.736310778,0.736310778,0.736310778,0.736310778,0.736310778,0.736310778,0.736310778,0.736310778,0.736310778,0.736310778,0.736310778,0.736310778,0.736310778,0.736310778,0.736310778,0.736310778,0.736310778,0.736310778,0.736310778,0.736310778,0.736310778,0.736310778,0.736310778,0.736310778,0.736310778,0.736310778,0.736310778,0.736310778,0.736310778,0.736310778,0.736310778,0.736310778,0.736310778,0.736310778,0.736310778,0.736310778,0.736310778,0.736310778,0.638136008,0.638136008,0.638136008,0.638136008,0.638136008,0.638136008,0.638136008,0.539961237,0.539961237,0.539961237,0.539961237,0.441786467,0.441786467,0.441786467,0.343611696,0.343611696,0.343611696,0.343611696,0.245436926,0.245436926,0.245436926,0.245436926,0.245436926,0.147262156,0.147262156,0.147262156,0.147262156,0.147262156,0.0490873852,0.0490873852,0.0490873852,0.147262156,0.147262156,0.245436926,0.245436926,0.343611696,0.441786467,0.441786467,0.539961237,0.539961237,0.638136008,0.638136008,0.736310778,0.736310778,0.736310778,0.736310778,0.736310778,0.736310778,0.736310778,0.736310778,0.736310778,0.736310778,0.736310778,0.736310778,0.638136008,0.638136008,0.638136008,0.638136008,0.638136008,0.638136008,0.539961237,0.539961237,0.539961237,0.539961237,0.539961237,0.539961237,0.539961237,0.539961237,0.539961237,0.539961237,0.539961237,0.539961237,0.539961237,0.441786467
46.064227819,C01,AP01,client_to_ap,VHT,2,2,2,80,SU,1,4,122,6637c97e16e6ce8a,0.834485549,0.834485549,0.834485549,0.736310778,0.736310778,0.736310778,0.736310778,0.736310778,0.736310778,0.736310778,0.736310778,0.736310778,0.736310778,0.736310778,0.736310778,0.736310778,0.736310778,0.736310778,0.736310778,0.736310778,0.736310778,0.736310778,0.736310778,0.736310778,0.736310778,0.736310778,0.736310778,0.736310778,0.736310778,0.736310778,0.736310778,0.736310778,0.736310778,0.736310778,0.736310778,0.736310778,0.736310778,0.736310778,0.736310778,0.736310778,0.736310778,0.736310778,0.736310778,0.736310778,0.736310778,0.736310778,0.736310778,0.736310778,0.638136008,0.638136008,0.638136008,0.638136008,0.638136008,0.638136008,0.539961237,0.539961237,0.539961237,0.539961237,0.539961237,0.441786467,0.441786467,0.441786467,0.343611696,0.343611696,0.343611696,0.343611696,0.245436926,0.245436926,0.245436926,0.245436926,0.245436926,0.147262156,0.147262156,0.147262156,0.147262156,0.147262156,0.0490873852,0.0490873852,0.0490873852,0.147262156,0.147262156,0.245436926,0.245436926,0.343611696,0.441786467,0.441786467,0.539961237,0.539961237,0.638136008,0.638136008,0.736310778,0.736310778,0.736310778,0.736310778,0.736310778,0.736310778,0.736310778,0.736310778,0.736310778,0.736310778,0.736310778,0.736310778,0.638136008,0.638136008,0.638136008,0.638136008,0.638136008,0.638136008,0.539961237,0.539961237,0.539961237,0.539961237,0.539961237,0.539961237,0.539961237,0.539961237,0.539961237,0.539961237,0.539961237,0.539961237,0.539961237,0.539961237
47.395854950,C01,AP01,client_to_ap,VHT,2,2,2,80,SU,1,4,122,6637c97e16e6ce8a,0.834485549,0.834485549,0.834485549,0.834485549,0.736310778,0.736310778,0.736310778,0.736310778,0.736310778,0.736310778,0.736310778,0.736310778,0.736310778,0.736310778,0.736310778,0.736310778,0.736310778,0.736310778,0.736310778,0.736310778,0.736310778,0.736310778,0.736310778,0.736310778,0.736310778,0.736310778,0.736310778,0.736310778,0.736310778,0.736310778,0.736310778,0.736310778,0.736310778,0.736310778,0.736310778,0.736310778,0.736310778,0.736310778,0.736310778,0.736310778,0.736310778,0.736310778,0.736310778,0.736310778,0.736310778,0.736310778,0.736310778,0.736310778,0.638136008,0.638136008,0.638136008,0.638136008,0.638136008,0.638136008,0.539961237,0.539961237,0.539961237,0.539961237,0.539961237,0.441786467,0.441786467,0.441786467,0.343611696,0.343611696,0.343611696,0.343611696,0.245436926,0.245436926,0.245436926,0.245436926,0.245436926,0.147262156,0.147262156,0.147262156,0.147262156,0.147262156,0.0490873852,0.0490873852,0.0490873852,0.147262156,0.147262156,0.245436926,0.245436926,0.343611696,0.343611696,0.441786467,0.539961237,0.539961237,0.638136008,0.638136008,0.736310778,0.736310778,0.736310778,0.736310778,0.736310778,0.736310778,0.736310778,0.736310778,0.736310778,0.736310778,0.736310778,0.736310778,0.638136008,0.638136008,0.638136008,0.638136008,0.638136008,0.638136008,0.539961237,0.539961237,0.539961237,0.539961237,0.539961237,0.539961237,0.539961237,0.539961237,0.539961237,0.539961237,0.539961237,0.539961237,0.539961237,0.539961237
48.728711843,C01,AP01,client_to_ap,VHT,2,2,2,80,SU,1,4,122,6637c97e16e6ce8a,0.834485549,0.834485549,0.834485549,0.736310778,0.736310778,0.736310778,0.736310778,0.736310778,0.736310778,0.736310778,0.736310778,0.736310778,0.736310778,0.736310778,0.736310778,0.736310778,0.736310778,0.736310778,0.736310778,0.736310778,0.736310778,0.736310778,0.736310778,0.736310778,0.736310778,0.736310778,0.736310778,0.736310778,0.736310778,0.736310778,0.736310778,0.736310778,0.736310778,0.736310778,0.736310778,0.736310778,0.736310778,0.736310778,0.736310778,0.736310778,0.736310778,0.736310778,0.736310778,0.736310778,0.736310778,0.736310778,0.736310778,0.736310778,0.736310778,0.638136008,0.638136008,0.638136008,0.638136008,0.638136008,0.638136008,0.539961237,0.539961237,0.539961237,0.539961237,0.441786467,0.441786467,0.441786467,0.343611696,0.343611696,0.343611696,0.343611696,0.245436926,0.245436926,0.245436926,0.245436926,0.245436926,0.147262156,0.147262156,0.147262156,0.147262156,0.147262156,0.0490873852,0.0490873852,0.0490873852,0.147262156,0.147262156,0.245436926,0.245436926,0.343611696,0.441786467,0.441786467,0.539961237,0.539961237,0.638136008,0.638136008,0.736310778,0.736310778,0.736310778,0.736310778,0.736310778,0.736310778,0.736310778,0.736310778,0.736310778,0.736310778,0.736310778,0.736310778,0.638136008,0.638136008,0.638136008,0.638136008,0.638136008,0.638136008,0.539961237,0.539961237,0.539961237,0.539961237,0.539961237,0.539961237,0.539961237,0.539961237,0.539961237,0.539961237,0.539961237,0.539961237,0.539961237,0.539961237
50.064477921,C01,AP01,client_to_ap,VHT,2,2,2,80,SU,1,4,122,6637c97e16e6ce8a,0.736310778,0.736310778,0.736310778,0.736310778,0.736310778,0.736310778,0.736310778,0.736310778,0.736310778,0.736310778,0.736310778,0.736310778,0.736310778,0.736310778,0.736310778,0.736310778,0.736310778,0.736310778,0.736310778,0.736310778,0.736310778,0.736310778,0.736310778,0.736310778,0.736310778,0.736310778,0.736310778,0.736310778,0.736310778,0.736310778,0.736310778,0.638136008,0.638136008,0.638136008,0.638136008,0.638136008,0.638136008,0.638136008,0.638136008,0.638136008,0.638136008,0.638136008,0.638136008,0.638136008,0.638136008,0.638136008,0.638136008,0.638136008,0.638136008,0.638136008,0.638136008,0.638136008,0.539961237,0.539961237,0.539961237,0.539961237,0.539961237,0.441786467,0.441786467,0.441786467,0.441786467,0.343611696,0.343611696,0.343611696,0.245436926,0.245436926,0.245436926,0.245436926,0.245436926,0.147262156,0.147262156,0.147262156,0.147262156,0.0490873852,0.0490873852,0.0490873852,0.0490873852,0.0490873852,0.0490873852,0.147262156,0.147262156,0.245436926,0.245436926,0.343611696,0.343611696,0.441786467,0.539961237,0.539961237,0.539961237,0.638136008,0.638136008,0.638136008,0.638136008,0.736310778,0.736310778,0.736310778,0.736310778,0.638136008,0.638136008,0.638136008,0.638136008,0.638136008,0.638136008,0.638136008,0.638136008,0.638136008,0.539961237,0.539961237,0.539961237,0.539961237,0.539961237,0.539961237,0.539961237,0.539961237,0.539961237,0.539961237,0.539961237,0.539961237,0.539961237,0.539961237,0.441786467,0.441786467
51.391465902,C01,AP01,client_to_ap,VHT,2,2,2,80,SU,1,4,122,6637c97e16e6ce8a,0.834485549,0.834485549,0.834485549,0.834485549,0.736310778,0.736310778,0.736310778,0.736310778,0.736310778,0.736310778,0.736310778,0.736310778,0.736310778,0.736310778,0.736310778,0.736310778,0.736310778,0.736310778,0.736310778,0.736310778,0.736310778,0.736310778,0.736310778,0.736310778,0.736310778,0.736310778,0.736310778,0.736310778,0.736310778,0.736310778,0.736310778,0.736310778,0.736310778,0.736310778,0.736310778,0.736310778,0.736310778,0.736310778,0.736310778,0.736310778,0.736310778,0.736310778,0.736310778,0.736310778,0.736310778,0.736310778,0.736310778,0.736310778,0.736310778,0.638136008,0.638136008,0.638136008,0.638136008,0.638136008,0.638136008,0.539961237,0.539961237,0.539961237,0.539961237,0.441786467,0.441786467,0.441786467,0.343611696,0.343611696,0.343611696,0.343611696,0.245436926,0.245436926,0.245436926,0.245436926,0.245436926,0.147262156,0.147262156,0.147262156,0.147262156,0.147262156,0.0490873852,0.0490873852,0.0490873852,0.147262156,0.147262156,0.245436926,0.245436926,0.343611696,0.343611696,0.441786467,0.539961237,0.539961237,0.638136008,0.638136008,0.736310778,0.736310778,0.736310778,0.736310778,0.736310778,0.736310778,0.736310778,0.736310778,0.736310778,0.736310778,0.736310778,0.736310778,0.638136008,0.638136008,0.638136008,0.638136008,0.638136008,0.638136008,0.539961237,0.539961237,0.539961237,0.539961237,0.539961237,0.539961237,0.539961237,0.539961237,0.539961237,0.539961237,0.539961237,0.539961237,0.539961237,0.539961237
52.720156908,C01,AP01,client_to_ap,VHT,2,2,2,80,SU,1,4,122,6637c97e16e6ce8a,0.834485549,0.736310778,0.834485549,0.834485549,0.736310778,0.736310778,0.736310778,0.736310778,0.736310778,0.736310778,0.736310778,0.736310778,0.736310778,0.736310778,0.736310778,0.736310778,0.736310778,0.736310778,0.736310778,0.736310778,0.736310778,0.736310778,0.736310778,0.736310778,0.736310778,0.736310778,0.736310778,0.736310778,0.736310778,0.736310778,0.736310778,0.736310778,0.736310778,0.736310778,0.736310778,0.736310778,0.736310778,0.736310778,0.736310778,0.736310778,0.736310778,0.736310778,0.736310778,0.736310778,0.736310778,0.736310778,0.736310778,0.736310778,0.736310778,0.638136008,0.638136008,0.638136008,0.638136008,0.638136008,0.638136008,0.539961237,0.539961237,0.539961237,0.539961237,0.441786467,0.441786467,0.441786467,0.343611696,0.343611696,0.343611696,0.343611696,0.245436926,0.245436926,0.245436926,0.245436926,0.245436926,0.245436926,0.147262156,0.147262156,0.147262156,0.147262156,0.0490873852,0.0490873852,0.0490873852,0.0490873852,0.147262156,0.245436926,0.245436926,0.343611696,0.441786467,0.441786467,0.539961237,0.539961237,0.638136008,0.638136008,0.736310778,0.736310778,0.736310778,0.736310778,0.736310778,0.736310778,0.736310778,0.736310778,0.736310778,0.736310778,0.736310778,0.736310778,0.638136008,0.638136008,0.638136008,0.638136008,0.638136008,0.638136008,0.638136008,0.539961237,0.539961237,0.539961237,0.539961237,0.539961237,0.539961237,0.539961237,0.539961237,0.539961237,0.539961237,0.539961237,0.539961237,0.539961237
54.054019928,C01,AP01,client_to_ap,VHT,2,2,2,80,SU,1,4,122,6637c97e16e6ce8a,0.834485549,0.834485549,0.736310778,0.834485549,0.736310778,0.736310778,0.736310778,0.736310778,0.736310778,0.736310778,0.736310778,0.736310778,0.736310778,0.736310778,0.736310778,0.736310778,0.736310778,0.736310778,0.736310778,0.736310778,0.736310778,0.736310778,0.736310778,0.736310778,0.736310778,0.736310778,0.736310778,0.736310778,0.736310778,0.736310778,0.736310778,0.736310778,0.736310778,0.736310778,0.736310778,0.736310778,0.736310778,0.736310778,0.736310778,0.736310778,0.736310778,0.736310778,0.736310778,0.736310778,0.736310778,0.736310778,0.736310778,0.736310778,0.736310778,0.638136008,0.638136008,0.638136008,0.638136008,0.638136008,0.638136008,0.539961237,0.539961237,0.539961237,0.539961237,0.441786467,0.441786467,0.441786467,0.343611696,0.343611696,0.343611696,0.343611696,0.245436926,0.245436926,0.245436926,0.245436926,0.245436926,0.147262156,0.147262156,0.147262156,0.147262156,0.147262156,0.0490873852,0.0490873852,0.0490873852,0.147262156,0.147262156,0.245436926,0.245436926,0.343611696,0.441786467,0.441786467,0.539961237,0.539961237,0.638136008,0.638136008,0.736310778,0.736310778,0.736310778,0.736310778,0.736310778,0.736310778,0.736310778,0.736310778,0.736310778,0.736310778,0.736310778,0.736310778,0.638136008,0.638136008,0.638136008,0.638136008,0.638136008,0.638136008,0.539961237,0.539961237,0.539961237,0.539961237,0.539961237,0.539961237,0.539961237,0.539961237,0.539961237,0.539961237,0.539961237,0.539961237,0.539961237,0.539961237
55.385717869,C01,AP01,client_to_ap,VHT,2,2,2,80,SU,1,4,122,6637c97e16e6ce8a,0.834485549,0.834485549,0.736310778,0.736310778,0.834485549,0.736310778,0.736310778,0.736310778,0.736310778,0.736310778,0.736310778,0.736310778,0.736310778,0.736310778,0.736310778,0.736310778,0.736310778,0.736310778,0.736310778,0.736310778,0.736310778,0.736310778,0.736310778,0.736310778,0.736310778,0.736310778,0.736310778,0.736310778,0.736310778,0.736310778,0.736310778,0.736310778,0.736310778,0.736310778,0.736310778,0.736310778,0.736310778,0.736310778,0.736310778,0.736310778,0.736310778,0.736310778,0.736310778,0.736310778,0.736310778,0.736310778,0.736310778,0.736310778,0.638136008,0.638136008,0.638136008,0.638136008,0.638136008,0.638136008,0.638136008,0.539961237,0.539961237,0.539961237,0.539961237,0.441786467,0.441786467,0.441786467,0.343611696,0.343611696,0.343611696,0.343611696,0.245436926,0.245436926,0.245436926,0.245436926,0.245436926,0.147262156,0.147262156,0.147262156,0.147262156,0.147262156,0.0490873852,0.0490873852,0.0490873852,0.147262156,0.147262156,0.245436926,0.245436926,0.343611696,0.441786467,0.441786467,0.539961237,0.638136008,0.638136008,0.638136008,0.736310778,0.736310778,0.736310778,0.736310778,0.736310778,0.736310778,0.736310778,0.736310778,0.736310778,0.736310778,0.736310778,0.736310778,0.736310778,0.638136008,0.638136008,0.638136008,0.638136008,0.638136008,0.539961237,0.539961237,0.539961237,0.539961237,0.539961237,0.539961237,0.539961237,0.539961237,0.539961237,0.539961237,0.539961237,0.539961237,0.539961237,0.539961237
56.718176842,C01,AP01,client_to_ap,VHT,2,2,2,80,SU,1,4,122,6637c97e16e6ce8a,0.834485549,0.834485549,0.834485549,0.736310778,0.736310778,0.736310778,0.736310778,0.736310778,0.736310778,0.736310778,0.736310778,0.736310778,0.736310778,0.736310778,0.736310778,0.736310778,0.736310778,0.736310778,0.736310778,0.736310778,0.736310778,0.736310778,0.736310778,0.736310778,0.736310778,0.736310778,0.736310778,0.736310778,0.736310778,0.736310778,0.736310778,0.736310778,0.736310778,0.736310778,0.736310778,0.736310778,0.736310778,0.736310778,0.736310778,0.736310778,0.736310778,0.736310778,0.736310778,0.736310778,0.736310778,0.736310778,0.736310778,0.736310778,0.736310778,0.638136008,0.638136008,0.638136008,0.638136008,0.638136008,0.638136008,0.539961237,0.539961237,0.539961237,0.539961237,0.441786467,0.441786467,0.441786467,0.343611696,0.343611696,0.343611696,0.343611696,0.245436926,0.245436926,0.245436926,0.245436926,0.245436926,0.147262156,0.147262156,0.147262156,0.147262156,0.147262156,0.0490873852,0.0490873852,0.0490873852,0.0490873852,0.147262156,0.147262156,0.245436926,0.343611696,0.441786467,0.441786467,0.539961237,0.539961237,0.638136008,0.638136008,0.736310778,0.736310778,0.736310778,0.736310778,0.736310778,0.736310778,0.736310778,0.736310778,0.736310778,0.736310778,0.736310778,0.736310778,0.736310778,0.638136008,0.638136008,0.638136008,0.638136008,0.638136008,0.539961237,0.539961237,0.539961237,0.539961237,0.539961237,0.539961237,0.539961237,0.539961237,0.539961237,0.539961237,0.539961237,0.539961237,0.539961237,0.539961237
58.053542852,C01,AP01,client_to_ap,VHT,2,2,2,80,SU,1,4,122,6637c97e16e6ce8a,0.834485549,0.834485549,0.834485549,0.736310778,0.736310778,0.736310778,0.736310778,0.736310778,0.736310778,0.736310778,0.736310778,0.736310778,0.736310778,0.736310778,0.736310778,0.736310778,0.736310778,0.736310778,0.736310778,0.736310778,0.736310778,0.736310778,0.736310778,0.736310778,0.736310778,0.736310778,0.736310778,0.736310778,0.736310778,0.736310778,0.736310778,0.736310778,0.736310778,0.736310778,0.736310778,0.736310778,0.736310778,0.736310778,0.736310778,0.736310778,0.736310778,0.736310778,0.736310778,0.736310778,0.736310778,0.736310778,0.736310778,0.736310778,0.736310778,0.638136008,0.638136008,0.638136008,0.638136008,0.638136008,0.638136008,0.539961237,0.539961237,0.539961237,0.539961237,0.441786467,0.441786467,0.441786467,0.343611696,0.343611696,0.343611696,0.343611696,0.245436926,0.245436926,0.245436926,0.245436926,0.245436926,0.147262156,0.147262156,0.147262156,0.147262156,0.147262156,0.0490873852,0.0490873852,0.0490873852,0.147262156,0.147262156,0.245436926,0.245436926,0.343611696,0.441786467,0.441786467,0.539961237,0.638136008,0.638136008,0.638136008,0.736310778,0.736310778,0.736310778,0.736310778,0.736310778,0.736310778,0.736310778,0.736310778,0.736310778,0.736310778,0.736310778,0.736310778,0.736310778,0.638136008,0.638136008,0.638136008,0.638136008,0.638136008,0.539961237,0.539961237,0.539961237,0.539961237,0.539961237,0.539961237,0.539961237,0.539961237,0.539961237,0.539961237,0.539961237,0.539961237,0.539961237,0.441786467
59.385480881,C01,AP01,client_to_ap,VHT,2,2,2,80,SU,1,4,122,6637c97e16e6ce8a,0.834485549,0.834485549,0.834485549,0.834485549,0.834485549,0.736310778,0.736310778,0.736310778,0.736310778,0.736310778,0.736310778,0.736310778,0.736310778,0.736310778,0.736310778,0.736310778,0.736310778,0.736310778,0.736310778,0.736310778,0.736310778,0.736310778,0.736310778,0.736310778,0.736310778,0.736310778,0.736310778,0.736310778,0.736310778,0.736310778,0.736310778,0.736310778,0.736310778,0.736310778,0.736310778,0.736310778,0.736310778,0.736310778,0.736310778,0.736310778,0.736310778,0.736310778,0.736310778,0.736310778,0.736310778,0.736310778,0.736310778,0.736310778,0.736310778,0.638136008,0.638136008,0.638136008,0.638136008,0.638136008,0.638136008,0.539961237,0.539961237,0.539961237,0.539961237,0.441786467,0.441786467,0.441786467,0.343611696,0.343611696,0.343611696,0.343611696,0.245436926,0.245436926,0.245436926,0.245436926,0.245436926,0.147262156,0.147262156,0.147262156,0.147262156,0.0490873852,0.0490873852,0.0490873852,0.0490873852,0.147262156,0.147262156,0.245436926,0.245436926,0.343611696,0.441786467,0.441786467,0.539961237,0.638136008,0.638136008,0.638136008,0.736310778,0.736310778,0.736310778,0.736310778,0.736310778,0.736310778,0.736310778,0.736310778,0.736310778,0.736310778,0.736310778,0.736310778,0.736310778,0.638136008,0.638136008,0.638136008,0.638136008,0.638136008,0.539961237,0.539961237,0.539961237,0.539961237,0.539961237,0.539961237,0.539961237,0.539961237,0.539961237,0.539961237,0.539961237,0.539961237,0.539961237,0.539961237
60.717485905,C01,AP01,client_to_ap,VHT,2,2,2,80,SU,1,4,122,6637c97e16e6ce8a,0.834485549,0.834485549,0.736310778,0.736310778,0.736310778,0.736310778,0.736310778,0.736310778,0.736310778,0.736310778,0.736310778,0.736310778,0.736310778,0.736310778,0.736310778,0.736310778,0.736310778,0.736310778,0.736310778,0.736310778,0.736310778,0.736310778,0.736310778,0.736310778,0.736310778,0.736310778,0.736310778,0.736310778,0.736310778,0.736310778,0.736310778,0.736310778,0.736310778,0.736310778,0.736310778,0.736310778,0.736310778,0.736310778,0.736310778,0.736310778,0.736310778,0.736310778,0.736310778,0.736310778,0.736310778,0.736310778,0.736310778,0.736310778,0.638136008,0.638136008,0.638136008,0.638136008,0.638136008,0.638136008,0.638136008,0.539961237,0.539961237,0.539961237,0.539961237,0.441786467,0.441786467,0.441786467,0.343611696,0.343611696,0.343611696,0.343611696,0.245436926,0.245436926,0.245436926,0.245436926,0.245436926,0.147262156,0.147262156,0.147262156,0.147262156,0.147262156,0.0490873852,0.0490873852,0.0490873852,0.147262156,0.147262156,0.245436926,0.245436926,0.343611696,0.441786467,0.441786467,0.539961237,0.638136008,0.638136008,0.638136008,0.736310778,0.736310778,0.736310778,0.736310778,0.736310778,0.736310778,0.736310778,0.736310778,0.736310778,0.736310778,0.736310778,0.736310778,0.736310778,0.638136008,0.638136008,0.638136008,0.638136008,0.638136008,0.539961237,0.539961237,0.539961237,0.539961237,0.539961237,0.539961237,0.539961237,0.539961237,0.539961237,0.539961237,0.539961237,0.539961237,0.539961237,0.441786467
62.053905964,C01,AP01,client_to_ap,VHT,2,2,2,80,SU,1,4,122,6637c97e16e6ce8a,0.834485549,0.834485549,0.736310778,0.736310778,0.736310778,0.736310778,0.736310778,0.736310778,0.736310778,0.736310778,0.736310778,0.736310778,0.736310778,0.736310778,0.736310778,0.736310778,0.736310778,0.736310778,0.736310778,0.736310778,0.736310778,0.736310778,0.736310778,0.736310778,0.736310778,0.736310778,0.736310778,0.736310778,0.736310778,0.736310778,0.736310778,0.736310778,0.736310778,0.736310778,0.736310778,0.736310778,0.736310778,0.736310778,0.736310778,0.736310778,0.736310778,0.736310778,0.736310778,0.736310778,0.736310778,0.736310778,0.736310778,0.736310778,0.638136008,0.638136008,0.638136008,0.638136008,0.638136008,0.638136008,0.638136008,0.539961237,0.539961237,0.539961237,0.539961237,0.441786467,0.441786467,0.441786467,0.343611696,0.343611696,0.343611696,0.343611696,0.245436926,0.245436926,0.245436926,0.245436926,0.147262156,0.147262156,0.147262156,0.147262156,0.147262156,0.147262156,0.0490873852,0.0490873852,0.0490873852,0.147262156,0.147262156,0.245436926,0.245436926,0.343611696,0.441786467,0.441786467,0.539961237,0.638136008,0.638136008,0.638136008,0.736310778,0.736310778,0.736310778,0.736310778,0.736310778,0.834485549,0.736310778,0.736310778,0.736310778,0.736310778,0.736310778,0.736310778,0.736310778,0.638136008,0.638136008,0.638136008,0.638136008,0.638136008,0.539961237,0.539961237,0.539961237,0.539961237,0.539961237,0.539961237,0.539961237,0.539961237,0.539961237,0.539961237,0.539961237,0.539961237,0.539961237,0.539961237
63.386583805,C01,AP01,client_to_ap,VHT,2,2,2,80,SU,1,4,122,6637c97e16e6ce8a,0.834485549,0.834485549,0.834485549,0.834485549,0.834485549,0.736310778,0.736310778,0.834485549,0.834485549,0.736310778,0.736310778,0.736310778,0.736310778,0.736310778,0.736310778,0.736310778,0.736310778,0.736310778,0.736310778,0.736310778,0.736310778,0.736310778,0.736310778,0.736310778,0.736310778,0.736310778,0.736310778,0.736310778,0.736310778,0.736310778,0.736310778,0.736310778,0.736310778,0.736310778,0.736310778,0.736310778,0.736310778,0.736310778,0.736310778,0.736310778,0.736310778,0.736310778,0.736310778,0.736310778,0.736310778,0.736310778,0.736310778,0.736310778,0.736310778,0.736310778,0.638136008,0.638136008,0.638136008,0.638136008,0.638136008,0.539961237,0.539961237,0.539961237,0.539961237,0.441786467,0.441786467,0.441786467,0.343611696,0.343611696,0.343611696,0.343611696,0.245436926,0.245436926,0.245436926,0.245436926,0.245436926,0.147262156,0.147262156,0.147262156,0.147262156,0.147262156,0.0490873852,0.0490873852,0.0490873852,0.147262156,0.147262156,0.245436926,0.245436926,0.343611696,0.441786467,0.539961237,0.539961237,0.638136008,0.638136008,0.638136008,0.736310778,0.736310778,0.736310778,0.834485549,0.736310778,0.834485549,0.736310778,0.736310778,0.736310778,0.736310778,0.736310778,0.736310778,0.736310778,0.638136008,0.638136008,0.638136008,0.638136008,0.638136008,0.638136008,0.539961237,0.539961237,0.539961237,0.539961237,0.539961237,0.539961237,0.539961237,0.539961237,0.539961237,0.539961237,0.539961237,0.539961237,0.539961237
64.718292952,C01,AP01,client_to_ap,VHT,2,2,2,80,SU,1,4,122,6637c97e16e6ce8a,0.834485549,0.834485549,0.834485549,0.736310778,0.834485549,0.736310778,0.736310778,0.736310778,0.736310778,0.736310778,0.736310778,0.736310778,0.736310778,0.736310778,0.736310778,0.736310778,0.736310778,0.736310778,0.736310778,0.736310778,0.736310778,0.736310778,0.736310778,0.736310778,0.736310778,0.736310778,0.736310778,0.736310778,0.736310778,0.736310778,0.736310778,0.736310778,0.736310778,0.736310778,0.736310778,0.736310778,0.736310778,0.736310778,0.736310778,0.736310778,0.736310778,0.736310778,0.736310778,0.736310778,0.736310778,0.736310778,0.736310778,0.736310778,0.736310778,0.638136008,0.638136008,0.638136008,0.638136008,0.638136008,0.638136008,0.539961237,0.539961237,0.539961237,0.539961237,0.441786467,0.441786467,0.441786467,0.343611696,0.343611696,0.343611696,0.343611696,0.343611696,0.245436926,0.245436926,0.245436926,0.245436926,0.147262156,0.147262156,0.147262156,0.147262156,0.147262156,0.0490873852,0.0490873852,0.0490873852,0.147262156,0.147262156,0.245436926,0.245436926,0.343611696,0.343611696,0.441786467,0.539961237,0.638136008,0.638136008,0.638136008,0.638136008,0.736310778,0.736310778,0.736310778,0.736310778,0.736310778,0.736310778,0.736310778,0.736310778,0.736310778,0.736310778,0.736310778,0.736310778,0.638136008,0.638136008,0.638136008,0.638136008,0.638136008,0.539961237,0.539961237,0.539961237,0.539961237,0.539961237,0.539961237,0.539961237,0.539961237,0.539961237,0.539961237,0.539961237,0.539961237,0.539961237,0.539961237
66.054572821,C01,AP01,client_to_ap,VHT,2,2,2,80,SU,1,4,122,6637c97e16e6ce8a,0.834485549,0.834485549,0.834485549,0.736310778,0.736310778,0.736310778,0.736310778,0.736310778,0.736310778,0.736310778,0.736310778,0.736310778,0.736310778,0.736310778,0.736310778,0.736310778,0.736310778,0.736310778,0.736310778,0.736310778,0.736310778,0.736310778,0.736310778,0.736310778,0.736310778,0.736310778,0.736310778,0.736310778,0.736310778,0.736310778,0.736310778,0.736310778,0.736310778,0.736310778,0.736310778,0.736310778,0.736310778,0.736310778,0.736310778,0.736310778,0.736310778,0.736310778,0.736310778,0.736310778,0.736310778,0.736310778,0.736310778,0.736310778,0.638136008,0.736310778,0.638136008,0.638136008,0.638136008,0.638136008,0.638136008,0.539961237,0.539961237,0.539961237,0.539961237,0.441786467,0.441786467,0.441786467,0.343611696,0.343611696,0.343611696,0.343611696,0.245436926,0.245436926,0.245436926,0.245436926,0.245436926,0.147262156,0.147262156,0.147262156,0.147262156,0.147262156,0.0490873852,0.0490873852,0.0490873852,0.147262156,0.147262156,0.245436926,0.245436926,0.343611696,0.441786467,0.441786467,0.539961237,0.638136008,0.638136008,0.638136008,0.736310778,0.736310778,0.736310778,0.736310778,0.834485549,0.834485549,0.736310778,0.736310778,0.736310778,0.736310778,0.736310778,0.736310778,0.736310778,0.638136008,0.638136008,0.638136008,0.638136008,0.638136008,0.539961237,0.539961237,0.539961237,0.539961237,0.539961237,0.539961237,0.539961237,0.539961237,0.539961237,0.539961237,0.539961237,0.539961237,0.539961237,0.539961237
67.385789871,C01,AP01,client_to_ap,VHT,2,2,2,80,SU,1,4,122,6637c97e16e6ce8a,0.834485549,0.834485549,0.834485549,0.736310778,0.834485549,0.736310778,0.736310778,0.736310778,0.736310778,0.736310778,0.736310778,0.736310778,0.736310778,0.736310778,0.736310778,0.736310778,0.736310778,0.736310778,0.736310778,0.736310778,0.736310778,0.736310778,0.736310778,0.736310778,0.736310778,0.736310778,0.736310778,0.736310778,0.736310778,0.736310778,0.736310778,0.736310778,0.736310778,0.736310778,0.736310778,0.736310778,0.736310778,0.736310778,0.736310778,0.736310778,0.736310778,0.736310778,0.736310778,0.736310778,0.736310778,0.736310778,0.736310778,0.736310778,0.736310778,0.638136008,0.638136008,0.638136008,0.638136008,0.638136008,0.638136008,0.539961237,0.539961237,0.539961237,0.539961237,0.441786467,0.441786467,0.441786467,0.343611696,0.343611696,0.343611696,0.343611696,0.245436926,0.245436926,0.245436926,0.245436926,0.147262156,0.147262156,0.147262156,0.147262156,0.147262156,0.147262156,0.0490873852,0.0490873852,0.0490873852,0.147262156,0.147262156,0.245436926,0.245436926,0.343611696,0.441786467,0.441786467,0.539961237,0.638136008,0.638136008,0.638136008,0.736310778,0.736310778,0.736310778,0.736310778,0.736310778,0.834485549,0.736310778,0.736310778,0.736310778,0.736310778,0.736310778,0.736310778,0.736310778,0.638136008,0.638136008,0.638136008,0.638136008,0.638136008,0.539961237,0.539961237,0.539961237,0.539961237,0.539961237,0.539961237,0.539961237,0.539961237,0.539961237,0.539961237,0.539961237,0.539961237,0.539961237,0.539961237
68.718287945,C01,AP01,client_to_ap,VHT,2,2,2,80,SU,1,4,122,6637c97e16e6ce8a,0.834485549,0.736310778,0.736310778,0.834485549,0.736310778,0.736310778,0.736310778,0.736310778,0.736310778,0.736310778,0.736310778,0.736310778,0.736310778,0.736310778,0.736310778,0.736310778,0.736310778,0.736310778,0.736310778,0.736310778,0.736310778,0.736310778,0.736310778,0.736310778,0.736310778,0.736310778,0.736310778,0.736310778,0.736310778,0.736310778,0.736310778,0.736310778,0.736310778,0.736310778,0.736310778,0.736310778,0.736310778,0.736310778,0.736310778,0.736310778,0.736310778,0.736310778,0.736310778,0.736310778,0.736310778,0.736310778,0.736310778,0.736310778,0.638136008,0.638136008,0.638136008,0.638136008,0.638136008,0.638136008,0.638136008,0.539961237,0.539961237,0.539961237,0.539961237,0.441786467,0.441786467,0.441786467,0.343611696,0.343611696,0.343611696,0.343611696,0.245436926,0.245436926,0.245436926,0.245436926,0.245436926,0.147262156,0.147262156,0.147262156,0.147262156,0.147262156,0.0490873852,0.0490873852,0.0490873852,0.147262156,0.147262156,0.245436926,0.245436926,0.343611696,0.343611696,0.441786467,0.539961237,0.539961237,0.638136008,0.638136008,0.736310778,0.736310778,0.736310778,0.736310778,0.736310778,0.736310778,0.736310778,0.736310778,0.736310778,0.736310778,0.736310778,0.736310778,0.638136008,0.638136008,0.638136008,0.638136008,0.638136008,0.638136008,0.638136008,0.539961237,0.539961237,0.539961237,0.539961237,0.539961237,0.539961237,0.539961237,0.539961237,0.539961237,0.539961237,0.539961237,0.539961237,0.539961237
70.053757906,C01,AP01,client_to_ap,VHT,2,2,2,80,SU,1,4,122,6637c97e16e6ce8a,0.834485549,0.834485549,0.834485549,0.834485549,0.834485549,0.834485549,0.834485549,0.834485549,0.736310778,0.736310778,0.736310778,0.736310778,0.736310778,0.736310778,0.736310778,0.736310778,0.736310778,0.736310778,0.736310778,0.736310778,0.736310778,0.736310778,0.736310778,0.736310778,0.736310778,0.736310778,0.736310778,0.736310778,0.736310778,0.736310778,0.736310778,0.736310778,0.736310778,0.736310778,0.736310778,0.736310778,0.736310778,0.736310778,0.736310778,0.736310778,0.736310778,0.736310778,0.736310778,0.736310778,0.736310778,0.736310778,0.736310778,0.736310778,0.736310778,0.736310778,0.638136008,0.638136008,0.638136008,0.638136008,0.638136008,0.539961237,0.539961237,0.539961237,0.539961237,0.441786467,0.441786467,0.441786467,0.343611696,0.343611696,0.343611696,0.343611696,0.245436926,0.245436926,0.245436926,0.245436926,0.245436926,0.147262156,0.147262156,0.147262156,0.147262156,0.147262156,0.0490873852,0.0490873852,0.0490873852,0.147262156,0.147262156,0.245436926,0.245436926,0.343611696,0.441786467,0.441786467,0.539961237,0.638136008,0.638136008,0.736310778,0.736310778,0.736310778,0.736310778,0.736310778,0.834485549,0.736310778,0.736310778,0.736310778,0.736310778,0.736310778,0.736310778,0.736310778,0.736310778,0.638136008,0.638136008,0.638136008,0.638136008,0.638136008,0.638136008,0.539961237,0.539961237,0.539961237,0.539961237,0.539961237,0.539961237,0.539961237,0.539961237,0.539961237,0.539961237,0.539961237,0.539961237,0.539961237
71.386039972,C01,AP01,client_to_ap,VHT,2,2,2,80,SU,1,4,122,6637c97e16e6ce8a,0.834485549,0.834485549,0.834485549,0.736310778,0.736310778,0.736310778,0.736310778,0.736310778,0.736310778,0.736310778,0.736310778,0.736310778,0.736310778,0.736310778,0.736310778,0.736310778,0.736310778,0.736310778,0.736310778,0.736310778,0.736310778,0.736310778,0.736310778,0.736310778,0.736310778,0.736310778,0.736310778,0.736310778,0.736310778,0.736310778,0.736310778,0.736310778,0.736310778,0.736310778,0.736310778,0.736310778,0.736310778,0.736310778,0.736310778,0.736310778,0.736310778,0.736310778,0.736310778,0.736310778,0.736310778,0.736310778,0.736310778,0.736310778,0.736310778,0.736310778,0.638136008,0.638136008,0.638136008,0.638136008,0.638136008,0.539961237,0.539961237,0.539961237,0.539961237,0.441786467,0.441786467,0.441786467,0.343611696,0.343611696,0.343611696,0.343611696,0.245436926,0.245436926,0.245436926,0.245436926,0.245436926,0.147262156,0.147262156,0.147262156,0.147262156,0.147262156,0.0490873852,0.0490873852,0.0490873852,0.147262156,0.147262156,0.245436926,0.245436926,0.343611696,0.441786467,0.441786467,0.539961237,0.638136008,0.638136008,0.638136008,0.736310778,0.736310778,0.736310778,0.736310778,0.736310778,0.736310778,0.736310778,0.736310778,0.736310778,0.736310778,0.736310778,0.736310778,0.638136008,0.638136008,0.638136008,0.638136008,0.638136008,0.638136008,0.539961237,0.539961237,0.539961237,0.539961237,0.539961237,0.539961237,0.539961237,0.539961237,0.539961237,0.539961237,0.539961237,0.539961237,0.539961237,0.539961237
72.717855930,C01,AP01,client_to_ap,VHT,2,2,2,80,SU,1,4,122,6637c97e16e6ce8a,0.834485549,0.834485549,0.834485549,0.834485549,0.736310778,0.736310778,0.736310778,0.834485549,0.736310778,0.736310778,0.736310778,0.736310778,0.736310778,0.736310778,0.736310778,0.736310778,0.736310778,0.736310778,0.736310778,0.736310778,0.736310778,0.736310778,0.736310778,0.736310778,0.736310778,0.736310778,0.736310778,0.736310778,0.736310778,0.736310778,0.736310778,0.736310778,0.736310778,0.736310778,0.736310778,0.736310778,0.736310778,0.736310778,0.736310778,0.736310778,0.736310778,0.736310778,0.736310778,0.736310778,0.736310778,0.736310778,0.736310778,0.736310778,0.736310778,0.638136008,0.638136008,0.638136008,0.638136008,0.638136008,0.638136008,0.539961237,0.539961237,0.539961237,0.539961237,0.441786467,0.441786467,0.441786467,0.343611696,0.343611696,0.343611696,0.343611696,0.245436926,0.245436926,0.245436926,0.245436926,0.245436926,0.147262156,0.147262156,0.147262156,0.147262156,0.0490873852,0.0490873852,0.0490873852,0.0490873852,0.147262156,0.147262156,0.245436926,0.245436926,0.343611696,0.441786467,0.441786467,0.539961237,0.539961237,0.638136008,0.638136008,0.736310778,0.736310778,0.736310778,0.736310778,0.736310778,0.736310778,0.736310778,0.736310778,0.736310778,0.736310778,0.736310778,0.736310778,0.736310778,0.638136008,0.638136008,0.638136008,0.638136008,0.638136008,0.539961237,0.539961237,0.539961237,0.539961237,0.539961237,0.539961237,0.539961237,0.539961237,0.539961237,0.539961237,0.539961237,0.539961237,0.539961237,0.539961237
74.054116011,C01,AP01,client_to_ap,VHT,2,2,2,80,SU,1,4,122,6637c97e16e6ce8a,0.834485549,0.834485549,0.834485549,0.736310778,0.736310778,0.736310778,0.736310778,0.736310778,0.736310778,0.736310778,0.736310778,0.736310778,0.736310778,0.736310778,0.736310778,0.736310778,0.736310778,0.736310778,0.736310778,0.736310778,0.736310778,0.736310778,0.736310778,0.736310778,0.736310778,0.736310778,0.736310778,0.736310778,0.736310778,0.736310778,0.736310778,0.736310778,0.736310778,0.736310778,0.736310778,0.736310778,0.736310778,0.736310778,0.736310778,0.736310778,0.736310778,0.736310778,0.736310778,0.736310778,0.736310778,0.736310778,0.736310778,0.736310778,0.638136008,0.736310778,0.638136008,0.638136008,0.638136008,0.638136008,0.638136008,0.539961237,0.539961237,0.539961237,0.539961237,0.441786467,0.441786467,0.441786467,0.343611696,0.343611696,0.343611696,0.343611696,0.245436926,0.245436926,0.245436926,0.245436926,0.245436926,0.147262156,0.147262156,0.147262156,0.147262156,0.0490873852,0.0490873852,0.0490873852,0.0490873852,0.147262156,0.147262156,0.245436926,0.245436926,0.343611696,0.441786467,0.441786467,0.539961237,0.638136008,0.638136008,0.638136008,0.736310778,0.736310778,0.736310778,0.736310778,0.736310778,0.736310778,0.736310778,0.736310778,0.736310778,0.736310778,0.736310778,0.736310778,0.736310778,0.638136008,0.638136008,0.638136008,0.638136008,0.638136008,0.638136008,0.539961237,0.539961237,0.539961237,0.539961237,0.539961237,0.539961237,0.539961237,0.539961237,0.539961237,0.539961237,0.539961237,0.539961237,0.539961237
75.386076927,C01,AP01,client_to_ap,VHT,2,2,2,80,SU,1,4,122,6637c97e16e6ce8a,0.834485549,0.736310778,0.736310778,0.834485549,0.834485549,0.736310778,0.736310778,0.834485549,0.736310778,0.736310778,0.736310778,0.736310778,0.736310778,0.736310778,0.736310778,0.736310778,0.736310778,0.736310778,0.736310778,0.736310778,0.736310778,0.736310778,0.736310778,0.736310778,0.736310778,0.736310778,0.736310778,0.736310778,0.736310778,0.736310778,0.736310778,0.736310778,0.736310778,0.736310778,0.736310778,0.736310778,0.736310778,0.736310778,0.736310778,0.736310778,0.736310778,0.736310778,0.736310778,0.736310778,0.736310778,0.736310778,0.736310778,0.736310778,0.736310778,0.638136008,0.638136008,0.638136008,0.638136008,0.638136008,0.539961237,0.539961237,0.539961237,0.539961237,0.539961237,0.441786467,0.441786467,0.441786467,0.343611696,0.343611696,0.343611696,0.343611696,0.245436926,0.245436926,0.245436926,0.245436926,0.245436926,0.245436926,0.147262156,0.147262156,0.147262156,0.147262156,0.0490873852,0.0490873852,0.147262156,0.147262156,0.147262156,0.245436926,0.245436926,0.343611696,0.441786467,0.441786467,0.539961237,0.539961237,0.638136008,0.638136008,0.736310778,0.736310778,0.736310778,0.736310778,0.736310778,0.736310778,0.736310778,0.736310778,0.736310778,0.736310778,0.736310778,0.736310778,0.736310778,0.638136008,0.638136008,0.638136008,0.638136008,0.638136008,0.638136008,0.539961237,0.539961237,0.539961237,0.539961237,0.539961237,0.539961237,0.539961237,0.539961237,0.539961237,0.539961237,0.539961237,0.539961237,0.539961237
76.718697786,C01,AP01,client_to_ap,VHT,2,2,2,80,SU,1,4,122,6637c97e16e6ce8a,0.834485549,0.834485549,0.834485549,0.736310778,0.736310778,0.736310778,0.736310778,0.736310778,0.736310778,0.736310778,0.736310778,0.736310778,0.736310778,0.736310778,0.736310778,0.736310778,0.736310778,0.736310778,0.736310778,0.736310778,0.736310778,0.736310778,0.736310778,0.736310778,0.736310778,0.736310778,0.736310778,0.736310778,0.736310778,0.736310778,0.736310778,0.736310778,0.736310778,0.736310778,0.736310778,0.736310778,0.736310778,0.736310778,0.736310778,0.736310778,0.736310778,0.736310778,0.736310778,0.736310778,0.736310778,0.736310778,0.736310778,0.736310778,0.736310778,0.638136008,0.638136008,0.638136008,0.638136008,0.638136008,0.638136008,0.539961237,0.539961237,0.539961237,0.539961237,0.441786467,0.441786467,0.441786467,0.343611696,0.343611696,0.343611696,0.343611696,0.245436926,0.245436926,0.245436926,0.245436926,0.245436926,0.147262156,0.147262156,0.147262156,0.147262156,0.147262156,0.0490873852,0.0490873852,0.0490873852,0.147262156,0.147262156,0.245436926,0.245436926,0.343611696,0.441786467,0.441786467,0.539961237,0.539961237,0.638136008,0.638136008,0.736310778,0.736310778,0.736310778,0.736310778,0.736310778,0.736310778,0.736310778,0.736310778,0.736310778,0.736310778,0.736310778,0.736310778,0.638136008,0.638136008,0.638136008,0.638136008,0.638136008,0.638136008,0.539961237,0.539961237,0.539961237,0.539961237,0.539961237,0.539961237,0.539961237,0.539961237,0.539961237,0.539961237,0.539961237,0.539961237,0.539961237,0.539961237
78.054216862,C01,AP01,client_to_ap,VHT,2,2,2,80,SU,1,4,122,6637c97e16e6ce8a,0.834485549,0.834485549,0.834485549,0.736310778,0.834485549,0.736310778,0.736310778,0.834485549,0.736310778,0.736310778,0.736310778,0.736310778,0.736310778,0.736310778,0.736310778,0.736310778,0.736310778,0.736310778,0.736310778,0.736310778,0.736310778,0.736310778,0.736310778,0.736310778,0.736310778,0.736310778,0.736310778,0.736310778,0.736310778,0.736310778,0.736310778,0.736310778,0.736310778,0.736310778,0.736310778,0.736310778,0.736310778,0.736310778,0.736310778,0.736310778,0.736310778,0.736310778,0.736310778,0.736310778,0.736310778,0.736310778,0.736310778,0.736310778,0.736310778,0.736310778,0.638136008,0.638136008,0.638136008,0.638136008,0.638136008,0.539961237,0.539961237,0.539961237,0.539961237,0.441786467,0.441786467,0.441786467,0.343611696,0.343611696,0.343611696,0.343611696,0.343611696,0.245436926,0.245436926,0.245436926,0.245436926,0.245436926,0.147262156,0.147262156,0.147262156,0.147262156,0.0490873852,0.0490873852,0.147262156,0.147262156,0.147262156,0.245436926,0.245436926,0.343611696,0.441786467,0.441786467,0.539961237,0.638136008,0.638136008,0.638136008,0.736310778,0.736310778,0.736310778,0.736310778,0.736310778,0.736310778,0.736310778,0.736310778,0.736310778,0.736310778,0.736310778,0.736310778,0.736310778,0.638136008,0.638136008,0.638136008,0.638136008,0.638136008,0.638136008,0.539961237,0.539961237,0.539961237,0.539961237,0.539961237,0.539961237,0.539961237,0.539961237,0.539961237,0.539961237,0.539961237,0.539961237,0.539961237
79.386168003,C01,AP01,client_to_ap,VHT,2,2,2,80,SU,1,4,122,6637c97e16e6ce8a,0.834485549,0.834485549,0.834485549,0.736310778,0.736310778,0.736310778,0.736310778,0.736310778,0.736310778,0.736310778,0.736310778,0.736310778,0.736310778,0.736310778,0.736310778,0.736310778,0.736310778,0.736310778,0.736310778,0.736310778,0.736310778,0.736310778,0.736310778,0.736310778,0.736310778,0.736310778,0.736310778,0.736310778,0.736310778,0.736310778,0.736310778,0.736310778,0.736310778,0.736310778,0.736310778,0.736310778,0.736310778,0.736310778,0.736310778,0.736310778,0.736310778,0.736310778,0.736310778,0.736310778,0.736310778,0.736310778,0.736310778,0.736310778,0.736310778,0.736310778,0.638136008,0.638136008,0.638136008,0.638136008,0.638136008,0.539961237,0.539961237,0.539961237,0.539961237,0.441786467,0.441786467,0.441786467,0.343611696,0.343611696,0.343611696,0.343611696,0.245436926,0.245436926,0.245436926,0.245436926,0.245436926,0.147262156,0.147262156,0.147262156,0.147262156,0.147262156,0.0490873852,0.0490873852,0.0490873852,0.147262156,0.147262156,0.245436926,0.245436926,0.343611696,0.343611696,0.441786467,0.539961237,0.539961237,0.638136008,0.638136008,0.736310778,0.736310778,0.736310778,0.736310778,0.736310778,0.736310778,0.736310778,0.736310778,0.736310778,0.736310778,0.736310778,0.736310778,0.736310778,0.638136008,0.638136008,0.638136008,0.638136008,0.638136008,0.539961237,0.539961237,0.539961237,0.539961237,0.539961237,0.539961237,0.539961237,0.539961237,0.539961237,0.539961237,0.539961237,0.539961237,0.539961237,0.441786467
80.717525005,C01,AP01,client_to_ap,VHT,2,2,2,80,SU,1,4,122,6637c97e16e6ce8a,0.834485549,0.834485549,0.834485549,0.736310778,0.736310778,0.736310778,0.736310778,0.736310778,0.736310778,0.736310778,0.736310778,0.736310778,0.736310778,0.736310778,0.736310778,0.736310778,0.736310778,0.736310778,0.736310778,0.736310778,0.736310778,0.736310778,0.736310778,0.736310778,0.736310778,0.736310778,0.736310778,0.736310778,0.736310778,0.736310778,0.736310778,0.736310778,0.736310778,0.736310778,0.736310778,0.736310778,0.736310778,0.736310778,0.736310778,0.736310778,0.736310778,0.736310778,0.736310778,0.736310778,0.736310778,0.736310778,0.736310778,0.736310778,0.736310778,0.736310778,0.638136008,0.638136008,0.638136008,0.638136008,0.638136008,0.539961237,0.539961237,0.539961237,0.539961237,0.441786467,0.441786467,0.441786467,0.343611696,0.343611696,0.343611696,0.343611696,0.245436926,0.245436926,0.245436926,0.245436926,0.245436926,0.147262156,0.147262156,0.147262156,0.147262156,0.147262156,0.0490873852,0.0490873852,0.0490873852,0.147262156,0.147262156,0.245436926,0.245436926,0.343611696,0.441786467,0.441786467,0.539961237,0.638136008,0.638136008,0.638136008,0.736310778,0.736310778,0.736310778,0.736310778,0.736310778,0.736310778,0.736310778,0.736310778,0.736310778,0.736310778,0.736310778,0.736310778,0.638136008,0.638136008,0.638136008,0.638136008,0.638136008,0.638136008,0.539961237,0.539961237,0.539961237,0.539961237,0.539961237,0.539961237,0.539961237,0.539961237,0.539961237,0.539961237,0.539961237,0.539961237,0.539961237,0.539961237
82.045120001,C01,AP01,client_to_ap,VHT,2,2,2,80,SU,1,4,122,6637c97e16e6ce8a,0.834485549,0.834485549,0.834485549,0.736310778,0.736310778,0.736310778,0.736310778,0.736310778,0.736310778,0.736310778,0.736310778,0.736310778,0.736310778,0.736310778,0.736310778,0.736310778,0.736310778,0.736310778,0.736310778,0.736310778,0.736310778,0.736310778,0.736310778,0.736310778,0.736310778,0.736310778,0.736310778,0.736310778,0.736310778,0.736310778,0.736310778,0.736310778,0.736310778,0.736310778,0.736310778,0.736310778,0.736310778,0.736310778,0.736310778,0.736310778,0.736310778,0.736310778,0.736310778,0.736310778,0.736310778,0.736310778,0.736310778,0.736310778,0.736310778,0.638136008,0.638136008,0.638136008,0.638136008,0.638136008,0.638136008,0.539961237,0.539961237,0.539961237,0.539961237,0.441786467,0.441786467,0.441786467,0.343611696,0.343611696,0.343611696,0.343611696,0.245436926,0.245436926,0.245436926,0.245436926,0.245436926,0.147262156,0.147262156,0.147262156,0.147262156,0.0490873852,0.0490873852,0.0490873852,0.0490873852,0.147262156,0.147262156,0.245436926,0.245436926,0.343611696,0.441786467,0.441786467,0.539961237,0.539961237,0.638136008,0.638136008,0.736310778,0.736310778,0.736310778,0.736310778,0.736310778,0.736310778,0.736310778,0.736310778,0.736310778,0.736310778,0.736310778,0.736310778,0.736310778,0.638136008,0.638136008,0.638136008,0.638136008,0.638136008,0.539961237,0.539961237,0.539961237,0.539961237,0.539961237,0.539961237,0.539961237,0.539961237,0.539961237,0.539961237,0.539961237,0.539961237,0.539961237,0.539961237
83.376190901,C01,AP01,client_to_ap,VHT,2,2,2,80,SU,1,4,122,6637c97e16e6ce8a,0.834485549,0.834485549,0.834485549,0.736310778,0.736310778,0.736310778,0.736310778,0.736310778,0.736310778,0.736310778,0.736310778,0.736310778,0.736310778,0.736310778,0.736310778,0.736310778,0.736310778,0.736310778,0.736310778,0.736310778,0.736310778,0.736310778,0.736310778,0.736310778,0.736310778,0.736310778,0.736310778,0.736310778,0.736310778,0.736310778,0.736310778,0.736310778,0.736310778,0.736310778,0.736310778,0.736310778,0.736310778,0.736310778,0.736310778,0.736310778,0.736310778,0.736310778,0.736310778,0.736310778,0.736310778,0.736310778,0.736310778,0.736310778,0.638136008,0.638136008,0.638136008,0.638136008,0.638136008,0.638136008,0.638136008,0.539961237,0.539961237,0.539961237,0.539961237,0.441786467,0.441786467,0.441786467,0.343611696,0.343611696,0.343611696,0.343611696,0.245436926,0.245436926,0.245436926,0.245436926,0.245436926,0.147262156,0.147262156,0.147262156,0.147262156,0.147262156,0.0490873852,0.0490873852,0.0490873852,0.147262156,0.147262156,0.245436926,0.245436926,0.343611696,0.441786467,0.441786467,0.539961237,0.539961237,0.638136008,0.638136008,0.736310778,0.736310778,0.736310778,0.736310778,0.736310778,0.736310778,0.736310778,0.736310778,0.736310778,0.736310778,0.736310778,0.736310778,0.638136008,0.638136008,0.638136008,0.638136008,0.638136008,0.638136008,0.539961237,0.539961237,0.539961237,0.539961237,0.539961237,0.539961237,0.539961237,0.539961237,0.539961237,0.539961237,0.539961237,0.539961237,0.539961237,0.539961237
84.708124876,C01,AP01,client_to_ap,VHT,2,2,2,80,SU,1,4,122,6637c97e16e6ce8a,0.834485549,0.834485549,0.834485549,0.834485549,0.834485549,0.834485549,0.736310778,0.736310778,0.736310778,0.736310778,0.736310778,0.736310778,0.736310778,0.736310778,0.736310778,0.736310778,0.736310778,0.736310778,0.736310778,0.736310778,0.736310778,0.736310778,0.736310778,0.736310778,0.736310778,0.736310778,0.736310778,0.736310778,0.736310778,0.736310778,0.736310778,0.736310778,0.736310778,0.736310778,0.736310778,0.736310778,0.736310778,0.736310778,0.736310778,0.736310778,0.736310778,0.736310778,0.736310778,0.736310778,0.736310778,0.736310778,0.736310778,0.736310778,0.736310778,0.736310778,0.638136008,0.638136008,0.638136008,0.638136008,0.638136008,0.539961237,0.539961237,0.539961237,0.539961237,0.441786467,0.441786467,0.441786467,0.343611696,0.343611696,0.343611696,0.343611696,0.245436926,0.245436926,0.245436926,0.245436926,0.245436926,0.147262156,0.147262156,0.147262156,0.147262156,0.147262156,0.0490873852,0.0490873852,0.0490873852,0.147262156,0.147262156,0.245436926,0.245436926,0.343611696,0.343611696,0.441786467,0.539961237,0.539961237,0.638136008,0.638136008,0.736310778,0.736310778,0.736310778,0.736310778,0.736310778,0.736310778,0.736310778,0.736310778,0.736310778,0.736310778,0.736310778,0.736310778,0.736310778,0.638136008,0.638136008,0.638136008,0.638136008,0.638136008,0.539961237,0.539961237,0.539961237,0.539961237,0.539961237,0.539961237,0.539961237,0.539961237,0.539961237,0.539961237,0.539961237,0.539961237,0.539961237,0.539961237
86.044101954,C01,AP01,client_to_ap,VHT,2,2,2,80,SU,1,4,122,6637c97e16e6ce8a,0.834485549,0.834485549,0.834485549,0.834485549,0.834485549,0.736310778,0.736310778,0.736310778,0.736310778,0.736310778,0.736310778,0.736310778,0.736310778,0.736310778,0.736310778,0.736310778,0.736310778,0.736310778,0.736310778,0.736310778,0.736310778,0.736310778,0.736310778,0.736310778,0.736310778,0.736310778,0.736310778,0.736310778,0.736310778,0.736310778,0.736310778,0.736310778,0.736310778,0.736310778,0.736310778,0.736310778,0.736310778,0.736310778,0.736310778,0.736310778,0.736310778,0.736310778,0.736310778,0.736310778,0.736310778,0.736310778,0.736310778,0.736310778,0.736310778,0.638136008,0.638136008,0.638136008,0.638136008,0.638136008,0.638136008,0.539961237,0.539961237,0.539961237,0.539961237,0.441786467,0.441786467,0.441786467,0.343611696,0.343611696,0.343611696,0.343611696,0.245436926,0.245436926,0.245436926,0.245436926,0.245436926,0.147262156,0.147262156,0.147262156,0.147262156,0.0490873852,0.0490873852,0.0490873852,0.0490873852,0.147262156,0.147262156,0.245436926,0.245436926,0.343611696,0.441786467,0.441786467,0.539961237,0.539961237,0.638136008,0.638136008,0.736310778,0.736310778,0.736310778,0.736310778,0.736310778,0.736310778,0.736310778,0.736310778,0.736310778,0.736310778,0.736310778,0.736310778,0.638136008,0.638136008,0.638136008,0.638136008,0.638136008,0.638136008,0.539961237,0.539961237,0.539961237,0.539961237,0.539961237,0.539961237,0.539961237,0.539961237,0.539961237,0.539961237,0.539961237,0.539961237,0.539961237,0.441786467
87.375952959,C01,AP01,client_to_ap,VHT,2,2,2,80,SU,1,4,122,6637c97e16e6ce8a,0.834485549,0.834485549,0.834485549,0.834485549,0.834485549,0.736310778,0.736310778,0.736310778,0.736310778,0.736310778,0.736310778,0.736310778,0.736310778,0.736310778,0.736310778,0.736310778,0.736310778,0.736310778,0.736310778,0.736310778,0.736310778,0.736310778,0.736310778,0.736310778,0.736310778,0.736310778,0.736310778,0.736310778,0.736310778,0.736310778,0.736310778,0.736310778,0.736310778,0.736310778,0.736310778,0.736310778,0.736310778,0.736310778,0.736310778,0.736310778,0.736310778,0.736310778,0.736310778,0.736310778,0.736310778,0.736310778,0.736310778,0.736310778,0.736310778,0.638136008,0.638136008,0.638136008,0.638136008,0.638136008,0.638136008,0.539961237,0.539961237,0.539961237,0.539961237,0.441786467,0.441786467,0.441786467,0.343611696,0.343611696,0.343611696,0.343611696,0.245436926,0.245436926,0.245436926,0.245436926,0.245436926,0.245436926,0.147262156,0.147262156,0.147262156,0.147262156,0.0490873852,0.0490873852,0.0490873852,0.0490873852,0.147262156,0.245436926,0.245436926,0.343611696,0.441786467,0.441786467,0.539961237,0.539961237,0.638136008,0.638136008,0.736310778,0.736310778,0.736310778,0.834485549,0.736310778,0.736310778,0.736310778,0.736310778,0.736310778,0.736310778,0.736310778,0.736310778,0.736310778,0.638136008,0.638136008,0.638136008,0.638136008,0.638136008,0.638136008,0.539961237,0.539961237,0.539961237,0.539961237,0.539961237,0.539961237,0.539961237,0.539961237,0.539961237,0.539961237,0.539961237,0.539961237,0.539961237
88.707547903,C01,AP01,client_to_ap,VHT,2,2,2,80,SU,1,4,122,6637c97e16e6ce8a,0.834485549,0.834485549,0.834485549,0.736310778,0.736310778,0.736310778,0.736310778,0.736310778,0.736310778,0.736310778,0.736310778,0.736310778,0.736310778,0.736310778,0.736310778,0.736310778,0.736310778,0.736310778,0.736310778,0.736310778,0.736310778,0.736310778,0.736310778,0.736310778,0.736310778,0.736310778,0.736310778,0.736310778,0.736310778,0.736310778,0.736310778,0.736310778,0.736310778,0.736310778,0.736310778,0.736310778,0.736310778,0.736310778,0.736310778,0.736310778,0.736310778,0.736310778,0.736310778,0.736310778,0.736310778,0.736310778,0.736310778,0.736310778,0.736310778,0.638136008,0.638136008,0.638136008,0.638136008,0.638136008,0.638136008,0.539961237,0.539961237,0.539961237,0.539961237,0.441786467,0.441786467,0.441786467,0.343611696,0.343611696,0.343611696,0.343611696,0.343611696,0.245436926,0.245436926,0.245436926,0.245436926,0.245436926,0.147262156,0.147262156,0.147262156,0.147262156,0.0490873852,0.0490873852,0.0490873852,0.147262156,0.147262156,0.245436926,0.245436926,0.343611696,0.441786467,0.441786467,0.539961237,0.539961237,0.638136008,0.638136008,0.736310778,0.736310778,0.736310778,0.736310778,0.736310778,0.736310778,0.736310778,0.736310778,0.736310778,0.736310778,0.736310778,0.736310778,0.736310778,0.638136008,0.638136008,0.638136008,0.638136008,0.638136008,0.539961237,0.539961237,0.539961237,0.539961237,0.539961237,0.539961237,0.539961237,0.539961237,0.539961237,0.539961237,0.539961237,0.539961237,0.539961237,0.539961237
90.044123888,C01,AP01,client_to_ap,VHT,2,2,2,80,SU,1,4,122,6637c97e16e6ce8a,0.834485549,0.834485549,0.834485549,0.834485549,0.736310778,0.736310778,0.736310778,0.736310778,0.736310778,0.736310778,0.736310778,0.736310778,0.736310778,0.736310778,0.736310778,0.736310778,0.736310778,0.736310778,0.736310778,0.736310778,0.736310778,0.736310778,0.736310778,0.736310778,0.736310778,0.736310778,0.736310778,0.736310778,0.736310778,0.736310778,0.736310778,0.736310778,0.736310778,0.736310778,0.736310778,0.736310778,0.736310778,0.736310778,0.736310778,0.736310778,0.736310778,0.736310778,0.736310778,0.736310778,0.736310778,0.736310778,0.736310778,0.736310778,0.638136008,0.736310778,0.638136008,0.638136008,0.638136008,0.638136008,0.539961237,0.539961237,0.539961237,0.539961237,0.539961237,0.441786467,0.441786467,0.441786467,0.343611696,0.343611696,0.343611696,0.343611696,0.245436926,0.245436926,0.245436926,0.245436926,0.245436926,0.147262156,0.147262156,0.147262156,0.147262156,0.0490873852,0.0490873852,0.0490873852,0.0490873852,0.147262156,0.147262156,0.245436926,0.245436926,0.343611696,0.441786467,0.441786467,0.539961237,0.638136008,0.638136008,0.638136008,0.736310778,0.736310778,0.736310778,0.736310778,0.736310778,0.736310778,0.736310778,0.736310778,0.736310778,0.736310778,0.736310778,0.736310778,0.736310778,0.638136008,0.638136008,0.638136008,0.638136008,0.638136008,0.539961237,0.539961237,0.539961237,0.539961237,0.539961237,0.539961237,0.539961237,0.539961237,0.539961237,0.539961237,0.539961237,0.539961237,0.539961237,0.441786467
91.375090837,C01,AP01,client_to_ap,VHT,2,2,2,80,SU,1,4,122,6637c97e16e6ce8a,0.834485549,0.834485549,0.736310778,0.736310778,0.736310778,0.736310778,0.736310778,0.736310778,0.736310778,0.736310778,0.736310778,0.736310778,0.736310778,0.736310778,0.736310778,0.736310778,0.736310778,0.736310778,0.736310778,0.736310778,0.736310778,0.736310778,0.736310778,0.736310778,0.736310778,0.736310778,0.736310778,0.736310778,0.736310778,0.736310778,0.736310778,0.736310778,0.736310778,0.736310778,0.736310778,0.736310778,0.736310778,0.736310778,0.736310778,0.736310778,0.736310778,0.736310778,0.736310778,0.736310778,0.736310778,0.736310778,0.736310778,0.638136008,0.736310778,0.638136008,0.638136008,0.638136008,0.638136008,0.638136008,0.638136008,0.539961237,0.539961237,0.539961237,0.539961237,0.441786467,0.441786467,0.441786467,0.343611696,0.343611696,0.343611696,0.343611696,0.245436926,0.245436926,0.245436926,0.245436926,0.245436926,0.147262156,0.147262156,0.147262156,0.147262156,0.147262156,0.0490873852,0.0490873852,0.0490873852,0.147262156,0.147262156,0.245436926,0.245436926,0.343611696,0.441786467,0.441786467,0.539961237,0.539961237,0.638136008,0.638136008,0.736310778,0.736310778,0.736310778,0.736310778,0.736310778,0.736310778,0.736310778,0.736310778,0.736310778,0.736310778,0.736310778,0.736310778,0.736310778,0.638136008,0.638136008,0.638136008,0.638136008,0.638136008,0.539961237,0.539961237,0.539961237,0.539961237,0.539961237,0.539961237,0.539961237,0.539961237,0.539961237,0.539961237,0.539961237,0.539961237,0.539961237,0.441786467
92.707185984,C01,AP01,client_to_ap,VHT,2,2,2,80,SU,1,4,122,6637c97e16e6ce8a,0.834485549,0.834485549,0.834485549,0.736310778,0.834485549,0.736310778,0.736310778,0.736310778,0.736310778,0.736310778,0.736310778,0.736310778,0.736310778,0.736310778,0.736310778,0.736310778,0.736310778,0.736310778,0.736310778,0.736310778,0.736310778,0.736310778,0.736310778,0.736310778,0.736310778,0.736310778,0.736310778,0.736310778,0.736310778,0.736310778,0.736310778,0.736310778,0.736310778,0.736310778,0.736310778,0.736310778,0.736310778,0.736310778,0.736310778,0.736310778,0.736310778,0.736310778,0.736310778,0.736310778,0.736310778,0.736310778,0.736310778,0.736310778,0.638136008,0.638136008,0.638136008,0.638136008,0.638136008,0.638136008,0.638136008,0.539961237,0.539961237,0.539961237,0.539961237,0.441786467,0.441786467,0.441786467,0.343611696,0.343611696,0.343611696,0.343611696,0.245436926,0.245436926,0.245436926,0.245436926,0.147262156,0.245436926,0.147262156,0.147262156,0.147262156,0.147262156,0.0490873852,0.0490873852,0.0490873852,0.147262156,0.147262156,0.245436926,0.245436926,0.343611696,0.441786467,0.441786467,0.539961237,0.638136008,0.638136008,0.638136008,0.736310778,0.736310778,0.736310778,0.736310778,0.736310778,0.736310778,0.736310778,0.736310778,0.736310778,0.736310778,0.736310778,0.736310778,0.736310778,0.638136008,0.638136008,0.638136008,0.638136008,0.638136008,0.539961237,0.539961237,0.539961237,0.539961237,0.539961237,0.539961237,0.539961237,0.539961237,0.539961237,0.539961237,0.539961237,0.539961237,0.539961237,0.539961237
94.044150829,C01,AP01,client_to_ap,VHT,2,2,2,80,SU,1,4,122,6637c97e16e6ce8a,0.834485549,0.834485549,0.834485549,0.736310778,0.736310778,0.736310778,0.736310778,0.736310778,0.736310778,0.736310778,0.736310778,0.736310778,0.736310778,0.736310778,0.736310778,0.736310778,0.736310778,0.736310778,0.736310778,0.736310778,0.736310778,0.736310778,0.736310778,0.736310778,0.736310778,0.736310778,0.736310778,0.736310778,0.736310778,0.736310778,0.736310778,0.736310778,0.736310778,0.736310778,0.736310778,0.736310778,0.736310778,0.736310778,0.736310778,0.736310778,0.736310778,0.736310778,0.736310778,0.736310778,0.736310778,0.736310778,0.736310778,0.736310778,0.638136008,0.736310778,0.638136008,0.638136008,0.638136008,0.638136008,0.638136008,0.539961237,0.539961237,0.539961237,0.539961237,0.441786467,0.441786467,0.441786467,0.343611696,0.343611696,0.343611696,0.343611696,0.245436926,0.245436926,0.245436926,0.245436926,0.245436926,0.245436926,0.147262156,0.147262156,0.147262156,0.147262156,0.0490873852,0.0490873852,0.0490873852,0.147262156,0.147262156,0.245436926,0.245436926,0.343611696,0.343611696,0.441786467,0.539961237,0.638136008,0.638136008,0.638136008,0.736310778,0.736310778,0.736310778,0.736310778,0.736310778,0.736310778,0.736310778,0.736310778,0.736310778,0.736310778,0.736310778,0.736310778,0.736310778,0.638136008,0.638136008,0.638136008,0.638136008,0.638136008,0.539961237,0.539961237,0.539961237,0.539961237,0.539961237,0.539961237,0.539961237,0.539961237,0.539961237,0.539961237,0.539961237,0.539961237,0.539961237,0.539961237
95.376121998,C01,AP01,client_to_ap,VHT,2,2,2,80,SU,1,4,122,6637c97e16e6ce8a,0.834485549,0.834485549,0.834485549,0.736310778,0.834485549,0.736310778,0.736310778,0.736310778,0.736310778,0.736310778,0.736310778,0.736310778,0.736310778,0.736310778,0.736310778,0.736310778,0.736310778,0.736310778,0.736310778,0.736310778,0.736310778,0.736310778,0.736310778,0.736310778,0.736310778,0.736310778,0.736310778,0.736310778,0.736310778,0.736310778,0.736310778,0.736310778,0.736310778,0.736310778,0.736310778,0.736310778,0.736310778,0.736310778,0.736310778,0.736310778,0.736310778,0.736310778,0.736310778,0.736310778,0.736310778,0.736310778,0.736310778,0.736310778,0.736310778,0.638136008,0.638136008,0.638136008,0.638136008,0.638136008,0.638136008,0.539961237,0.539961237,0.539961237,0.539961237,0.441786467,0.441786467,0.441786467,0.343611696,0.343611696,0.343611696,0.343611696,0.245436926,0.245436926,0.245436926,0.245436926,0.245436926,0.147262156,0.147262156,0.147262156,0.147262156,0.147262156,0.0490873852,0.0490873852,0.0490873852,0.147262156,0.147262156,0.245436926,0.245436926,0.343611696,0.441786467,0.441786467,0.539961237,0.539961237,0.638136008,0.638136008,0.736310778,0.736310778,0.736310778,0.736310778,0.736310778,0.736310778,0.736310778,0.736310778,0.736310778,0.736310778,0.736310778,0.736310778,0.638136008,0.638136008,0.638136008,0.638136008,0.638136008,0.638136008,0.539961237,0.539961237,0.539961237,0.539961237,0.539961237,0.539961237,0.539961237,0.539961237,0.539961237,0.539961237,0.539961237,0.539961237,0.539961237,0.539961237
96.707702875,C01,AP01,client_to_ap,VHT,2,2,2,80,SU,1,4,122,6637c97e16e6ce8a,0.834485549,0.834485549,0.834485549,0.834485549,0.834485549,0.834485549,0.834485549,0.834485549,0.834485549,0.736310778,0.736310778,0.736310778,0.736310778,0.736310778,0.736310778,0.736310778,0.736310778,0.736310778,0.736310778,0.736310778,0.736310778,0.736310778,0.736310778,0.736310778,0.736310778,0.736310778,0.736310778,0.736310778,0.736310778,0.736310778,0.736310778,0.736310778,0.736310778,0.736310778,0.736310778,0.736310778,0.736310778,0.736310778,0.736310778,0.736310778,0.736310778,0.736310778,0.736310778,0.736310778,0.736310778,0.736310778,0.736310778,0.736310778,0.736310778,0.736310778,0.638136008,0.638136008,0.638136008,0.638136008,0.638136008,0.638136008,0.539961237,0.539961237,0.539961237,0.539961237,0.441786467,0.441786467,0.441786467,0.343611696,0.343611696,0.343611696,0.343611696,0.245436926,0.245436926,0.245436926,0.245436926,0.245436926,0.147262156,0.147262156,0.147262156,0.147262156,0.147262156,0.147262156,0.147262156,0.147262156,0.147262156,0.245436926,0.245436926,0.343611696,0.343611696,0.441786467,0.539961237,0.638136008,0.638136008,0.736310778,0.736310778,0.736310778,0.834485549,0.834485549,0.834485549,0.834485549,0.834485549,0.736310778,0.736310778,0.736310778,0.736310778,0.736310778,0.736310778,0.638136008,0.638136008,0.638136008,0.638136008,0.638136008,0.638136008,0.539961237,0.539961237,0.539961237,0.539961237,0.539961237,0.539961237,0.539961237,0.539961237,0.539961237,0.539961237,0.539961237,0.539961237,0.539961237
98.044506788,C01,AP01,client_to_ap,VHT,2,2,2,80,SU,1,4,122,6637c97e16e6ce8a,0.834485549,0.834485549,0.834485549,0.736310778,0.736310778,0.736310778,0.834485549,0.736310778,0.736310778,0.736310778,0.736310778,0.736310778,0.736310778,0.736310778,0.736310778,0.736310778,0.736310778,0.736310778,0.736310778,0.736310778,0.736310778,0.736310778,0.736310778,0.736310778,0.736310778,0.736310778,0.736310778,0.736310778,0.736310778,0.736310778,0.736310778,0.736310778,0.736310778,0.736310778,0.736310778,0.736310778,0.736310778,0.736310778,0.736310778,0.736310778,0.736310778,0.736310778,0.736310778,0.736310778,0.736310778,0.736310778,0.736310778,0.736310778,0.736310778,0.736310778,0.638136008,0.638136008,0.638136008,0.638136008,0.638136008,0.539961237,0.539961237,0.539961237,0.539961237,0.441786467,0.441786467,0.441786467,0.343611696,0.343611696,0.343611696,0.343611696,0.245436926,0.245436926,0.245436926,0.245436926,0.245436926,0.147262156,0.147262156,0.147262156,0.147262156,0.0490873852,0.0490873852,0.0490873852,0.0490873852,0.147262156,0.147262156,0.245436926,0.245436926,0.343611696,0.343611696,0.441786467,0.539961237,0.638136008,0.638136008,0.638136008,0.736310778,0.736310778,0.736310778,0.736310778,0.736310778,0.736310778,0.736310778,0.736310778,0.736310778,0.736310778,0.736310778,0.736310778,0.736310778,0.638136008,0.638136008,0.638136008,0.638136008,0.638136008,0.539961237,0.539961237,0.539961237,0.539961237,0.539961237,0.539961237,0.539961237,0.539961237,0.539961237,0.539961237,0.539961237,0.539961237,0.539961237,0.441786467
99.375277996,C01,AP01,client_to_ap,VHT,2,2,2,80,SU,1,4,122,6637c97e16e6ce8a,0.834485549,0.834485549,0.834485549,0.736310778,0.736310778,0.736310778,0.736310778,0.736310778,0.736310778,0.736310778,0.736310778,0.736310778,0.736310778,0.736310778,0.736310778,0.736310778,0.736310778,0.736310778,0.736310778,0.736310778,0.736310778,0.736310778,0.736310778,0.736310778,0.736310778,0.736310778,0.736310778,0.736310778,0.736310778,0.736310778,0.736310778,0.736310778,0.736310778,0.736310778,0.736310778,0.736310778,0.736310778,0.736310778,0.736310778,0.736310778,0.736310778,0.736310778,0.736310778,0.736310778,0.736310778,0.736310778,0.736310778,0.736310778,0.736310778,0.638136008,0.638136008,0.638136008,0.638136008,0.638136008,0.638136008,0.539961237,0.539961237,0.539961237,0.539961237,0.441786467,0.441786467,0.441786467,0.343611696,0.343611696,0.343611696,0.343611696,0.245436926,0.245436926,0.245436926,0.245436926,0.245436926,0.147262156,0.147262156,0.147262156,0.147262156,0.147262156,0.0490873852,0.0490873852,0.0490873852,0.147262156,0.147262156,0.245436926,0.245436926,0.343611696,0.441786467,0.441786467,0.539961237,0.539961237,0.638136008,0.638136008,0.736310778,0.736310778,0.736310778,0.736310778,0.736310778,0.736310778,0.736310778,0.736310778,0.736310778,0.736310778,0.736310778,0.736310778,0.638136008,0.638136008,0.638136008,0.638136008,0.638136008,0.638136008,0.539961237,0.539961237,0.539961237,0.539961237,0.539961237,0.539961237,0.539961237,0.539961237,0.539961237,0.539961237,0.539961237,0.539961237,0.539961237,0.441786467
100.707830906,C01,AP01,client_to_ap,VHT,2,2,2,80,SU,1,4,122,6637c97e16e6ce8a,0.834485549,0.834485549,0.834485549,0.834485549,0.736310778,0.736310778,0.736310778,0.736310778,0.736310778,0.736310778,0.736310778,0.736310778,0.736310778,0.736310778,0.736310778,0.736310778,0.736310778,0.736310778,0.736310778,0.736310778,0.736310778,0.736310778,0.736310778,0.736310778,0.736310778,0.736310778,0.736310778,0.736310778,0.736310778,0.736310778,0.736310778,0.736310778,0.736310778,0.736310778,0.736310778,0.736310778,0.736310778,0.736310778,0.736310778,0.736310778,0.736310778,0.736310778,0.736310778,0.736310778,0.736310778,0.736310778,0.736310778,0.736310778,0.638136008,0.638136008,0.638136008,0.638136008,0.638136008,0.638136008,0.638136008,0.539961237,0.539961237,0.539961237,0.539961237,0.441786467,0.441786467,0.441786467,0.343611696,0.343611696,0.343611696,0.343611696,0.245436926,0.245436926,0.245436926,0.245436926,0.245436926,0.147262156,0.147262156,0.147262156,0.147262156,0.147262156,0.0490873852,0.0490873852,0.0490873852,0.147262156,0.147262156,0.245436926,0.245436926,0.343611696,0.441786467,0.441786467,0.539961237,0.539961237,0.638136008,0.638136008,0.736310778,0.736310778,0.736310778,0.736310778,0.736310778,0.736310778,0.736310778,0.736310778,0.736310778,0.736310778,0.736310778,0.736310778,0.736310778,0.638136008,0.638136008,0.638136008,0.638136008,0.638136008,0.539961237,0.539961237,0.539961237,0.539961237,0.539961237,0.539961237,0.539961237,0.539961237,0.539961237,0.539961237,0.539961237,0.539961237,0.539961237,0.539961237
102.044384956,C01,AP01,client_to_ap,VHT,2,2,2,80,SU,1,4,122,6637c97e16e6ce8a,0.834485549,0.834485549,0.834485549,0.736310778,0.834485549,0.736310778,0.736310778,0.736310778,0.736310778,0.736310778,0.736310778,0.736310778,0.736310778,0.736310778,0.736310778,0.736310778,0.736310778,0.736310778,0.736310778,0.736310778,0.736310778,0.736310778,0.736310778,0.736310778,0.736310778,0.736310778,0.736310778,0.736310778,0.736310778,0.736310778,0.736310778,0.736310778,0.736310778,0.736310778,0.736310778,0.736310778,0.736310778,0.736310778,0.736310778,0.736310778,0.736310778,0.736310778,0.736310778,0.736310778,0.736310778,0.736310778,0.736310778,0.736310778,0.736310778,0.638136008,0.638136008,0.638136008,0.638136008,0.638136008,0.638136008,0.539961237,0.539961237,0.539961237,0.539961237,0.441786467,0.441786467,0.441786467,0.343611696,0.343611696,0.343611696,0.343611696,0.245436926,0.245436926,0.245436926,0.245436926,0.245436926,0.147262156,0.147262156,0.147262156,0.147262156,0.147262156,0.0490873852,0.0490873852,0.0490873852,0.147262156,0.147262156,0.245436926,0.245436926,0.343611696,0.441786467,0.441786467,0.539961237,0.638136008,0.638136008,0.638136008,0.736310778,0.736310778,0.736310778,0.736310778,0.736310778,0.736310778,0.736310778,0.736310778,0.736310778,0.736310778,0.736310778,0.736310778,0.736310778,0.638136008,0.638136008,0.638136008,0.638136008,0.638136008,0.539961237,0.539961237,0.539961237,0.539961237,0.539961237,0.539961237,0.539961237,0.539961237,0.539961237,0.539961237,0.539961237,0.539961237,0.539961237,0.539961237
103.375849962,C01,AP01,client_to_ap,VHT,2,2,2,80,SU,1,4,122,6637c97e16e6ce8a,0.834485549,0.834485549,0.834485549,0.736310778,0.736310778,0.736310778,0.736310778,0.736310778,0.736310778,0.736310778,0.736310778,0.736310778,0.736310778,0.736310778,0.736310778,0.736310778,0.736310778,0.736310778,0.736310778,0.736310778,0.736310778,0.736310778,0.736310778,0.736310778,0.736310778,0.736310778,0.736310778,0.736310778,0.736310778,0.736310778,0.736310778,0.736310778,0.736310778,0.736310778,0.736310778,0.736310778,0.736310778,0.736310778,0.736310778,0.736310778,0.736310778,0.736310778,0.736310778,0.736310778,0.736310778,0.736310778,0.736310778,0.736310778,0.736310778,0.638136008,0.638136008,0.638136008,0.638136008,0.638136008,0.638136008,0.539961237,0.539961237,0.539961237,0.539961237,0.441786467,0.441786467,0.441786467,0.343611696,0.343611696,0.343611696,0.343611696,0.245436926,0.245436926,0.245436926,0.245436926,0.245436926,0.147262156,0.147262156,0.147262156,0.147262156,0.0490873852,0.0490873852,0.0490873852,0.0490873852,0.147262156,0.147262156,0.245436926,0.245436926,0.343611696,0.441786467,0.441786467,0.539961237,0.638136008,0.638136008,0.638136008,0.736310778,0.736310778,0.736310778,0.736310778,0.736310778,0.736310778,0.736310778,0.736310778,0.736310778,0.736310778,0.736310778,0.736310778,0.736310778,0.638136008,0.638136008,0.638136008,0.638136008,0.638136008,0.638136008,0.539961237,0.539961237,0.539961237,0.539961237,0.539961237,0.539961237,0.539961237,0.539961237,0.539961237,0.539961237,0.539961237,0.539961237,0.539961237
104.708925009,C01,AP01,client_to_ap,VHT,2,2,2,80,SU,1,4,122,6637c97e16e6ce8a,0.834485549,0.834485549,0.834485549,0.736310778,0.736310778,0.736310778,0.736310778,0.834485549,0.736310778,0.736310778,0.736310778,0.736310778,0.736310778,0.736310778,0.736310778,0.736310778,0.736310778,0.736310778,0.736310778,0.736310778,0.736310778,0.736310778,0.736310778,0.736310778,0.736310778,0.736310778,0.736310778,0.736310778,0.736310778,0.736310778,0.736310778,0.736310778,0.736310778,0.736310778,0.736310778,0.736310778,0.736310778,0.736310778,0.736310778,0.736310778,0.736310778,0.736310778,0.736310778,0.736310778,0.736310778,0.736310778,0.736310778,0.736310778,0.736310778,0.736310778,0.638136008,0.638136008,0.638136008,0.638136008,0.638136008,0.539961237,0.539961237,0.539961237,0.539961237,0.441786467,0.441786467,0.441786467,0.343611696,0.343611696,0.343611696,0.343611696,0.245436926,0.245436926,0.245436926,0.245436926,0.245436926,0.147262156,0.147262156,0.147262156,0.147262156,0.0490873852,0.0490873852,0.0490873852,0.147262156,0.147262156,0.147262156,0.245436926,0.245436926,0.343611696,0.441786467,0.441786467,0.539961237,0.638136008,0.638136008,0.638136008,0.736310778,0.736310778,0.736310778,0.736310778,0.736310778,0.736310778,0.736310778,0.736310778,0.736310778,0.736310778,0.736310778,0.736310778,0.736310778,0.638136008,0.638136008,0.638136008,0.638136008,0.638136008,0.638136008,0.539961237,0.539961237,0.539961237,0.539961237,0.539961237,0.539961237,0.539961237,0.539961237,0.539961237,0.539961237,0.539961237,0.539961237,0.539961237
106.044015884,C01,AP01,client_to_ap,VHT,2,2,2,80,SU,1,4,122,6637c97e16e6ce8a,0.834485549,0.834485549,0.834485549,0.834485549,0.736310778,0.736310778,0.736310778,0.736310778,0.736310778,0.736310778,0.736310778,0.736310778,0.736310778,0.736310778,0.736310778,0.736310778,0.736310778,0.736310778,0.736310778,0.736310778,0.736310778,0.736310778,0.736310778,0.736310778,0.736310778,0.736310778,0.736310778,0.736310778,0.736310778,0.736310778,0.736310778,0.736310778,0.736310778,0.736310778,0.736310778,0.736310778,0.736310778,0.736310778,0.736310778,0.736310778,0.736310778,0.736310778,0.736310778,0.736310778,0.736310778,0.736310778,0.736310778,0.736310778,0.736310778,0.638136008,0.638136008,0.638136008,0.638136008,0.638136008,0.638136008,0.539961237,0.539961237,0.539961237,0.539961237,0.441786467,0.441786467,0.441786467,0.343611696,0.343611696,0.343611696,0.343611696,0.245436926,0.245436926,0.245436926,0.245436926,0.147262156,0.147262156,0.147262156,0.147262156,0.147262156,0.147262156,0.0490873852,0.0490873852,0.0490873852,0.147262156,0.147262156,0.245436926,0.245436926,0.343611696,0.441786467,0.441786467,0.539961237,0.539961237,0.638136008,0.638136008,0.736310778,0.736310778,0.736310778,0.736310778,0.736310778,0.736310778,0.736310778,0.736310778,0.736310778,0.736310778,0.736310778,0.736310778,0.736310778,0.638136008,0.638136008,0.638136008,0.638136008,0.638136008,0.539961237,0.539961237,0.539961237,0.539961237,0.539961237,0.539961237,0.539961237,0.539961237,0.539961237,0.539961237,0.539961237,0.539961237,0.539961237,0.539961237
107.375965834,C01,AP01,client_to_ap,VHT,2,2,2,80,SU,1,4,122,6637c97e16e6ce8a,0.834485549,0.834485549,0.834485549,0.834485549,0.736310778,0.736310778,0.736310778,0.736310778,0.736310778,0.736310778,0.736310778,0.736310778,0.736310778,0.736310778,0.736310778,0.736310778,0.736310778,0.736310778,0.736310778,0.736310778,0.736310778,0.736310778,0.736310778,0.736310778,0.736310778,0.736310778,0.736310778,0.736310778,0.736310778,0.736310778,0.736310778,0.736310778,0.736310778,0.736310778,0.736310778,0.736310778,0.736310778,0.736310778,0.736310778,0.736310778,0.736310778,0.736310778,0.736310778,0.736310778,0.736310778,0.736310778,0.736310778,0.736310778,0.736310778,0.638136008,0.638136008,0.638136008,0.638136008,0.638136008,0.638136008,0.539961237,0.539961237,0.539961237,0.539961237,0.441786467,0.441786467,0.441786467,0.343611696,0.343611696,0.343611696,0.343611696,0.245436926,0.245436926,0.245436926,0.245436926,0.245436926,0.245436926,0.147262156,0.147262156,0.147262156,0.147262156,0.0490873852,0.0490873852,0.0490873852,0.147262156,0.147262156,0.245436926,0.245436926,0.343611696,0.441786467,0.441786467,0.539961237,0.539961237,0.638136008,0.638136008,0.638136008,0.736310778,0.736310778,0.736310778,0.736310778,0.736310778,0.736310778,0.736310778,0.736310778,0.736310778,0.736310778,0.736310778,0.736310778,0.638136008,0.638136008,0.638136008,0.638136008,0.638136008,0.539961237,0.539961237,0.539961237,0.539961237,0.539961237,0.539961237,0.539961237,0.539961237,0.539961237,0.539961237,0.539961237,0.539961237,0.539961237,0.539961237
108.707736969,C01,AP01,client_to_ap,VHT,2,2,2,80,SU,1,4,122,6637c97e16e6ce8a,0.834485549,0.834485549,0.834485549,0.736310778,0.736310778,0.736310778,0.736310778,0.736310778,0.736310778,0.736310778,0.736310778,0.736310778,0.736310778,0.736310778,0.736310778,0.736310778,0.736310778,0.736310778,0.736310778,0.736310778,0.736310778,0.736310778,0.736310778,0.736310778,0.736310778,0.736310778,0.736310778,0.736310778,0.736310778,0.736310778,0.736310778,0.736310778,0.736310778,0.736310778,0.736310778,0.736310778,0.736310778,0.736310778,0.736310778,0.736310778,0.736310778,0.736310778,0.736310778,0.736310778,0.736310778,0.736310778,0.736310778,0.736310778,0.638136008,0.638136008,0.638136008,0.638136008,0.638136008,0.638136008,0.638136008,0.539961237,0.539961237,0.539961237,0.539961237,0.441786467,0.441786467,0.441786467,0.343611696,0.343611696,0.343611696,0.343611696,0.245436926,0.245436926,0.245436926,0.245436926,0.245436926,0.147262156,0.147262156,0.147262156,0.147262156,0.147262156,0.0490873852,0.0490873852,0.147262156,0.147262156,0.147262156,0.245436926,0.245436926,0.343611696,0.441786467,0.441786467,0.539961237,0.539961237,0.638136008,0.638136008,0.736310778,0.736310778,0.736310778,0.736310778,0.736310778,0.736310778,0.736310778,0.736310778,0.736310778,0.736310778,0.736310778,0.736310778,0.736310778,0.638136008,0.638136008,0.638136008,0.638136008,0.638136008,0.539961237,0.539961237,0.539961237,0.539961237,0.539961237,0.539961237,0.539961237,0.539961237,0.539961237,0.539961237,0.539961237,0.539961237,0.539961237,0.539961237
110.044336796,C01,AP01,client_to_ap,VHT,2,2,2,80,SU,1,4,122,6637c97e16e6ce8a,0.834485549,0.834485549,0.834485549,0.736310778,0.736310778,0.736310778,0.736310778,0.834485549,0.736310778,0.736310778,0.736310778,0.736310778,0.736310778,0.736310778,0.736310778,0.736310778,0.736310778,0.736310778,0.736310778,0.736310778,0.736310778,0.736310778,0.736310778,0.736310778,0.736310778,0.736310778,0.736310778,0.736310778,0.736310778,0.736310778,0.736310778,0.736310778,0.736310778,0.736310778,0.736310778,0.736310778,0.736310778,0.736310778,0.736310778,0.736310778,0.736310778,0.736310778,0.736310778,0.736310778,0.736310778,0.736310778,0.736310778,0.736310778,0.736310778,0.638136008,0.638136008,0.638136008,0.638136008,0.638136008,0.638136008,0.539961237,0.539961237,0.539961237,0.539961237,0.441786467,0.441786467,0.441786467,0.343611696,0.343611696,0.343611696,0.343611696,0.245436926,0.245436926,0.245436926,0.245436926,0.245436926,0.147262156,0.147262156,0.147262156,0.147262156,0.147262156,0.0490873852,0.0490873852,0.0490873852,0.147262156,0.147262156,0.245436926,0.245436926,0.343611696,0.441786467,0.441786467,0.539961237,0.539961237,0.638136008,0.638136008,0.736310778,0.736310778,0.736310778,0.736310778,0.834485549,0.736310778,0.736310778,0.736310778,0.736310778,0.736310778,0.736310778,0.736310778,0.638136008,0.638136008,0.638136008,0.638136008,0.638136008,0.638136008,0.539961237,0.539961237,0.539961237,0.539961237,0.539961237,0.539961237,0.539961237,0.539961237,0.539961237,0.539961237,0.539961237,0.539961237,0.539961237,0.539961237
111.376334906,C01,AP01,client_to_ap,VHT,2,2,2,80,SU,1,4,122,6637c97e16e6ce8a,0.834485549,0.834485549,0.834485549,0.736310778,0.736310778,0.736310778,0.736310778,0.736310778,0.736310778,0.736310778,0.736310778,0.736310778,0.736310778,0.736310778,0.736310778,0.736310778,0.736310778,0.736310778,0.736310778,0.736310778,0.736310778,0.736310778,0.736310778,0.736310778,0.736310778,0.736310778,0.736310778,0.736310778,0.736310778,0.736310778,0.736310778,0.736310778,0.736310778,0.736310778,0.736310778,0.736310778,0.736310778,0.736310778,0.736310778,0.736310778,0.736310778,0.736310778,0.736310778,0.736310778,0.736310778,0.736310778,0.736310778,0.736310778,0.736310778,0.638136008,0.638136008,0.638136008,0.638136008,0.638136008,0.638136008,0.539961237,0.539961237,0.539961237,0.539961237,0.441786467,0.441786467,0.441786467,0.343611696,0.343611696,0.343611696,0.343611696,0.245436926,0.245436926,0.245436926,0.245436926,0.245436926,0.147262156,0.147262156,0.147262156,0.147262156,0.147262156,0.0490873852,0.0490873852,0.0490873852,0.147262156,0.147262156,0.245436926,0.245436926,0.343611696,0.441786467,0.441786467,0.539961237,0.539961237,0.638136008,0.638136008,0.736310778,0.736310778,0.736310778,0.736310778,0.736310778,0.736310778,0.736310778,0.736310778,0.736310778,0.736310778,0.736310778,0.736310778,0.736310778,0.638136008,0.638136008,0.638136008,0.638136008,0.638136008,0.539961237,0.539961237,0.539961237,0.539961237,0.539961237,0.539961237,0.539961237,0.539961237,0.539961237,0.539961237,0.539961237,0.539961237,0.539961237,0.539961237
112.708387852,C01,AP01,client_to_ap,VHT,2,2,2,80,SU,1,4,122,6637c97e16e6ce8a,0.834485549,0.834485549,0.834485549,0.736310778,0.736310778,0.736310778,0.736310778,0.736310778,0.736310778,0.736310778,0.736310778,0.736310778,0.736310778,0.736310778,0.736310778,0.736310778,0.736310778,0.736310778,0.736310778,0.736310778,0.736310778,0.736310778,0.736310778,0.736310778,0.736310778,0.736310778,0.736310778,0.736310778,0.736310778,0.736310778,0.736310778,0.736310778,0.736310778,0.736310778,0.736310778,0.736310778,0.736310778,0.736310778,0.736310778,0.736310778,0.736310778,0.736310778,0.736310778,0.736310778,0.736310778,0.736310778,0.736310778,0.736310778,0.736310778,0.638136008,0.638136008,0.638136008,0.638136008,0.638136008,0.638136008,0.539961237,0.539961237,0.539961237,0.539961237,0.441786467,0.441786467,0.441786467,0.343611696,0.343611696,0.343611696,0.343611696,0.245436926,0.245436926,0.245436926,0.245436926,0.147262156,0.147262156,0.147262156,0.147262156,0.147262156,0.147262156,0.0490873852,0.0490873852,0.0490873852,0.147262156,0.147262156,0.245436926,0.245436926,0.343611696,0.343611696,0.441786467,0.539961237,0.638136008,0.638136008,0.638136008,0.736310778,0.736310778,0.736310778,0.736310778,0.736310778,0.736310778,0.736310778,0.736310778,0.736310778,0.736310778,0.736310778,0.736310778,0.736310778,0.638136008,0.638136008,0.638136008,0.638136008,0.638136008,0.539961237,0.539961237,0.539961237,0.539961237,0.539961237,0.539961237,0.539961237,0.539961237,0.539961237,0.539961237,0.539961237,0.539961237,0.539961237,0.441786467
114.044428825,C01,AP01,client_to_ap,VHT,2,2,2,80,SU,1,4,122,6637c97e16e6ce8a,0.834485549,0.834485549,0.834485549,0.834485549,0.834485549,0.834485549,0.834485549,0.834485549,0.736310778,0.736310778,0.736310778,0.736310778,0.736310778,0.736310778,0.736310778,0.736310778,0.736310778,0.736310778,0.736310778,0.736310778,0.736310778,0.736310778,0.736310778,0.736310778,0.736310778,0.736310778,0.736310778,0.736310778,0.736310778,0.736310778,0.736310778,0.736310778,0.736310778,0.736310778,0.736310778,0.736310778,0.736310778,0.736310778,0.736310778,0.736310778,0.736310778,0.736310778,0.736310778,0.736310778,0.736310778,0.736310778,0.736310778,0.736310778,0.736310778,0.736310778,0.638136008,0.638136008,0.638136008,0.638136008,0.638136008,0.539961237,0.539961237,0.539961237,0.539961237,0.441786467,0.441786467,0.441786467,0.343611696,0.343611696,0.343611696,0.343611696,0.245436926,0.245436926,0.245436926,0.245436926,0.245436926,0.147262156,0.147262156,0.147262156,0.147262156,0.147262156,0.0490873852,0.0490873852,0.0490873852,0.147262156,0.147262156,0.245436926,0.245436926,0.343611696,0.441786467,0.441786467,0.539961237,0.638136008,0.638136008,0.638136008,0.736310778,0.736310778,0.736310778,0.736310778,0.834485549,0.736310778,0.736310778,0.736310778,0.736310778,0.736310778,0.736310778,0.736310778,0.736310778,0.638136008,0.638136008,0.638136008,0.638136008,0.638136008,0.638136008,0.539961237,0.539961237,0.539961237,0.539961237,0.539961237,0.539961237,0.539961237,0.539961237,0.539961237,0.539961237,0.539961237,0.539961237,0.539961237
115.376174927,C01,AP01,client_to_ap,VHT,2,2,2,80,SU,1,4,122,6637c97e16e6ce8a,0.834485549,0.834485549,0.736310778,0.736310778,0.736310778,0.736310778,0.736310778,0.834485549,0.736310778,0.736310778,0.736310778,0.736310778,0.736310778,0.736310778,0.736310778,0.736310778,0.736310778,0.736310778,0.736310778,0.736310778,0.736310778,0.736310778,0.736310778,0.736310778,0.736310778,0.736310778,0.736310778,0.736310778,0.736310778,0.736310778,0.736310778,0.736310778,0.736310778,0.736310778,0.736310778,0.736310778,0.736310778,0.736310778,0.736310778,0.736310778,0.736310778,0.736310778,0.736310778,0.736310778,0.736310778,0.736310778,0.736310778,0.638136008,0.736310778,0.638136008,0.638136008,0.638136008,0.638136008,0.638136008,0.638136008,0.539961237,0.539961237,0.539961237,0.539961237,0.441786467,0.441786467,0.343611696,0.343611696,0.343611696,0.343611696,0.343611696,0.343611696,0.245436926,0.245436926,0.245436926,0.245436926,0.245436926,0.147262156,0.147262156,0.147262156,0.0490873852,0.0490873852,0.0490873852,0.0490873852,0.147262156,0.147262156,0.245436926,0.245436926,0.343611696,0.441786467,0.441786467,0.539961237,0.539961237,0.638136008,0.638136008,0.736310778,0.736310778,0.736310778,0.736310778,0.736310778,0.736310778,0.736310778,0.736310778,0.736310778,0.736310778,0.736310778,0.736310778,0.736310778,0.638136008,0.638136008,0.638136008,0.638136008,0.638136008,0.539961237,0.539961237,0.539961237,0.539961237,0.539961237,0.539961237,0.539961237,0.539961237,0.539961237,0.539961237,0.539961237,0.539961237,0.539961237,0.539961237
116.708048820,C01,AP01,client_to_ap,VHT,2,2,2,80,SU,1,4,122,6637c97e16e6ce8a,0.834485549,0.834485549,0.834485549,0.834485549,0.736310778,0.834485549,0.736310778,0.736310778,0.736310778,0.736310778,0.736310778,0.736310778,0.736310778,0.736310778,0.736310778,0.736310778,0.736310778,0.736310778,0.736310778,0.736310778,0.736310778,0.736310778,0.736310778,0.736310778,0.736310778,0.736310778,0.736310778,0.736310778,0.736310778,0.736310778,0.736310778,0.736310778,0.736310778,0.736310778,0.736310778,0.736310778,0.736310778,0.736310778,0.736310778,0.736310778,0.736310778,0.736310778,0.736310778,0.736310778,0.736310778,0.736310778,0.736310778,0.736310778,0.736310778,0.638136008,0.638136008,0.638136008,0.638136008,0.638136008,0.638136008,0.539961237,0.539961237,0.539961237,0.539961237,0.441786467,0.441786467,0.441786467,0.343611696,0.343611696,0.343611696,0.343611696,0.245436926,0.245436926,0.245436926,0.245436926,0.245436926,0.147262156,0.147262156,0.147262156,0.147262156,0.147262156,0.0490873852,0.0490873852,0.0490873852,0.147262156,0.147262156,0.245436926,0.245436926,0.343611696,0.441786467,0.441786467,0.539961237,0.539961237,0.638136008,0.638136008,0.736310778,0.736310778,0.736310778,0.736310778,0.736310778,0.736310778,0.736310778,0.736310778,0.736310778,0.736310778,0.736310778,0.736310778,0.638136008,0.638136008,0.638136008,0.638136008,0.638136008,0.638136008,0.539961237,0.539961237,0.539961237,0.539961237,0.539961237,0.539961237,0.539961237,0.539961237,0.539961237,0.539961237,0.539961237,0.539961237,0.539961237,0.539961237
118.044017792,C01,AP01,client_to_ap,VHT,2,2,2,80,SU,1,4,122,6637c97e16e6ce8a,0.834485549,0.834485549,0.834485549,0.834485549,0.834485549,0.736310778,0.834485549,0.736310778,0.736310778,0.736310778,0.736310778,0.736310778,0.736310778,0.736310778,0.736310778,0.736310778,0.736310778,0.736310778,0.736310778,0.736310778,0.736310778,0.736310778,0.736310778,0.736310778,0.736310778,0.736310778,0.736310778,0.736310778,0.736310778,0.736310778,0.736310778,0.736310778,0.736310778,0.736310778,0.736310778,0.736310778,0.736310778,0.736310778,0.736310778,0.736310778,0.736310778,0.736310778,0.736310778,0.736310778,0.736310778,0.736310778,0.736310778,0.736310778,0.638136008,0.736310778,0.638136008,0.638136008,0.638136008,0.638136008,0.638136008,0.539961237,0.539961237,0.539961237,0.539961237,0.441786467,0.441786467,0.441786467,0.343611696,0.343611696,0.343611696,0.343611696,0.343611696,0.245436926,0.245436926,0.245436926,0.245436926,0.245436926,0.147262156,0.147262156,0.147262156,0.147262156,0.0490873852,0.0490873852,0.147262156,0.147262156,0.147262156,0.245436926,0.245436926,0.343611696,0.441786467,0.441786467,0.539961237,0.638136008,0.638136008,0.638136008,0.736310778,0.736310778,0.736310778,0.736310778,0.736310778,0.834485549,0.834485549,0.736310778,0.736310778,0.736310778,0.736310778,0.736310778,0.736310778,0.638136008,0.638136008,0.638136008,0.638136008,0.638136008,0.638136008,0.539961237,0.539961237,0.539961237,0.539961237,0.539961237,0.539961237,0.539961237,0.539961237,0.539961237,0.539961237,0.539961237,0.539961237,0.539961237
119.376410007,C01,AP01,client_to_ap,VHT,2,2,2,80,SU,1,4,122,6637c97e16e6ce8a,0.834485549,0.834485549,0.736310778,0.736310778,0.736310778,0.736310778,0.736310778,0.736310778,0.736310778,0.736310778,0.736310778,0.736310778,0.736310778,0.736310778,0.736310778,0.736310778,0.736310778,0.736310778,0.736310778,0.736310778,0.736310778,0.736310778,0.736310778,0.736310778,0.736310778,0.736310778,0.736310778,0.736310778,0.736310778,0.736310778,0.736310778,0.736310778,0.736310778,0.736310778,0.736310778,0.736310778,0.736310778,0.736310778,0.736310778,0.736310778,0.736310778,0.736310778,0.736310778,0.736310778,0.736310778,0.736310778,0.736310778,0.736310778,0.638136008,0.638136008,0.638136008,0.638136008,0.638136008,0.638136008,0.539961237,0.539961237,0.539961237,0.539961237,0.539961237,0.441786467,0.441786467,0.441786467,0.343611696,0.343611696,0.343611696,0.343611696,0.245436926,0.245436926,0.245436926,0.245436926,0.245436926,0.147262156,0.147262156,0.147262156,0.147262156,0.0490873852,0.0490873852,0.0490873852,0.0490873852,0.147262156,0.147262156,0.245436926,0.245436926,0.343611696,0.441786467,0.441786467,0.539961237,0.638136008,0.638136008,0.638136008,0.736310778,0.736310778,0.736310778,0.736310778,0.736310778,0.736310778,0.736310778,0.736310778,0.736310778,0.736310778,0.736310778,0.736310778,0.736310778,0.638136008,0.638136008,0.638136008,0.638136008,0.638136008,0.638136008,0.539961237,0.539961237,0.539961237,0.539961237,0.539961237,0.539961237,0.539961237,0.539961237,0.539961237,0.539961237,0.539961237,0.539961237,0.539961237
120.707808018,C01,AP01,client_to_ap,VHT,2,2,2,80,SU,1,4,122,6637c97e16e6ce8a,0.834485549,0.736310778,0.736310778,0.736310778,0.834485549,0.736310778,0.736310778,0.736310778,0.736310778,0.736310778,0.736310778,0.736310778,0.736310778,0.736310778,0.736310778,0.736310778,0.736310778,0.736310778,0.736310778,0.736310778,0.736310778,0.736310778,0.736310778,0.736310778,0.736310778,0.736310778,0.736310778,0.736310778,0.736310778,0.736310778,0.736310778,0.736310778,0.736310778,0.736310778,0.736310778,0.736310778,0.736310778,0.736310778,0.736310778,0.736310778,0.736310778,0.736310778,0.736310778,0.736310778,0.736310778,0.736310778,0.736310778,0.736310778,0.638136008,0.638136008,0.638136008,0.638136008,0.638136008,0.638136008,0.638136008,0.539961237,0.539961237,0.539961237,0.539961237,0.441786467,0.441786467,0.441786467,0.343611696,0.343611696,0.343611696,0.343611696,0.245436926,0.245436926,0.245436926,0.245436926,0.245436926,0.147262156,0.147262156,0.147262156,0.147262156,0.147262156,0.0490873852,0.0490873852,0.0490873852,0.147262156,0.147262156,0.245436926,0.245436926,0.343611696,0.441786467,0.441786467,0.539961237,0.539961237,0.638136008,0.638136008,0.736310778,0.736310778,0.736310778,0.736310778,0.736310778,0.736310778,0.736310778,0.736310778,0.736310778,0.736310778,0.736310778,0.736310778,0.736310778,0.638136008,0.638136008,0.638136008,0.638136008,0.638136008,0.539961237,0.539961237,0.539961237,0.539961237,0.539961237,0.539961237,0.539961237,0.539961237,0.539961237,0.539961237,0.539961237,0.539961237,0.539961237,0.539961237
122.044275999,C01,AP01,client_to_ap,VHT,2,2,2,80,SU,1,4,122,6637c97e16e6ce8a,0.834485549,0.834485549,0.834485549,0.834485549,0.834485549,0.834485549,0.834485549,0.834485549,0.736310778,0.736310778,0.736310778,0.736310778,0.736310778,0.736310778,0.736310778,0.736310778,0.736310778,0.736310778,0.736310778,0.736310778,0.736310778,0.736310778,0.736310778,0.736310778,0.736310778,0.736310778,0.736310778,0.736310778,0.736310778,0.736310778,0.736310778,0.736310778,0.736310778,0.736310778,0.736310778,0.736310778,0.736310778,0.736310778,0.736310778,0.736310778,0.736310778,0.736310778,0.736310778,0.736310778,0.736310778,0.736310778,0.736310778,0.736310778,0.736310778,0.638136008,0.638136008,0.638136008,0.638136008,0.638136008,0.638136008,0.539961237,0.539961237,0.539961237,0.539961237,0.441786467,0.441786467,0.441786467,0.343611696,0.343611696,0.343611696,0.343611696,0.245436926,0.245436926,0.245436926,0.245436926,0.245436926,0.147262156,0.147262156,0.147262156,0.147262156,0.0490873852,0.0490873852,0.0490873852,0.0490873852,0.147262156,0.147262156,0.245436926,0.245436926,0.343611696,0.441786467,0.441786467,0.539961237,0.539961237,0.638136008,0.638136008,0.736310778,0.736310778,0.736310778,0.736310778,0.834485549,0.736310778,0.736310778,0.736310778,0.736310778,0.736310778,0.736310778,0.736310778,0.638136008,0.638136008,0.638136008,0.638136008,0.638136008,0.638136008,0.638136008,0.539961237,0.539961237,0.539961237,0.539961237,0.539961237,0.539961237,0.539961237,0.539961237,0.539961237,0.539961237,0.539961237,0.539961237,0.539961237
123.376594782,C01,AP01,client_to_ap,VHT,2,2,2,80,SU,1,4,122,6637c97e16e6ce8a,0.736310778,0.834485549,0.834485549,0.736310778,0.736310778,0.736310778,0.736310778,0.736310778,0.736310778,0.736310778,0.736310778,0.736310778,0.736310778,0.736310778,0.736310778,0.736310778,0.736310778,0.736310778,0.736310778,0.736310778,0.736310778,0.736310778,0.736310778,0.736310778,0.736310778,0.736310778,0.736310778,0.736310778,0.736310778,0.736310778,0.736310778,0.736310778,0.736310778,0.736310778,0.736310778,0.736310778,0.736310778,0.736310778,0.736310778,0.736310778,0.736310778,0.736310778,0.736310778,0.736310778,0.736310778,0.736310778,0.736310778,0.736310778,0.736310778,0.638136008,0.638136008,0.638136008,0.638136008,0.638136008,0.638136008,0.539961237,0.539961237,0.539961237,0.539961237,0.441786467,0.441786467,0.441786467,0.343611696,0.343611696,0.343611696,0.343611696,0.245436926,0.245436926,0.245436926,0.245436926,0.245436926,0.245436926,0.147262156,0.147262156,0.147262156,0.147262156,0.0490873852,0.0490873852,0.0490873852,0.147262156,0.147262156,0.245436926,0.245436926,0.343611696,0.441786467,0.441786467,0.539961237,0.539961237,0.638136008,0.638136008,0.736310778,0.736310778,0.736310778,0.736310778,0.736310778,0.736310778,0.736310778,0.736310778,0.736310778,0.736310778,0.736310778,0.736310778,0.638136008,0.638136008,0.638136008,0.638136008,0.638136008,0.638136008,0.539961237,0.539961237,0.539961237,0.539961237,0.539961237,0.539961237,0.539961237,0.539961237,0.539961237,0.539961237,0.539961237,0.539961237,0.539961237,0.441786467
124.707686901,C01,AP01,client_to_ap,VHT,2,2,2,80,SU,1,4,122,6637c97e16e6ce8a,0.834485549,0.834485549,0.834485549,0.736310778,0.736310778,0.834485549,0.736310778,0.736310778,0.736310778,0.736310778,0.736310778,0.736310778,0.736310778,0.736310778,0.736310778,0.736310778,0.736310778,0.736310778,0.736310778,0.736310778,0.736310778,0.736310778,0.736310778,0.736310778,0.736310778,0.736310778,0.736310778,0.736310778,0.736310778,0.736310778,0.736310778,0.736310778,0.736310778,0.736310778,0.736310778,0.736310778,0.736310778,0.736310778,0.736310778,0.736310778,0.736310778,0.736310778,0.736310778,0.736310778,0.736310778,0.736310778,0.736310778,0.736310778,0.638136008,0.638136008,0.638136008,0.638136008,0.638136008,0.638136008,0.638136008,0.539961237,0.539961237,0.539961237,0.539961237,0.441786467,0.441786467,0.441786467,0.343611696,0.343611696,0.343611696,0.343611696,0.245436926,0.245436926,0.245436926,0.245436926,0.147262156,0.147262156,0.147262156,0.147262156,0.147262156,0.0490873852,0.147262156,0.0490873852,0.0490873852,0.147262156,0.147262156,0.245436926,0.245436926,0.343611696,0.343611696,0.441786467,0.539961237,0.539961237,0.638136008,0.638136008,0.736310778,0.736310778,0.736310778,0.736310778,0.736310778,0.736310778,0.736310778,0.736310778,0.736310778,0.736310778,0.736310778,0.736310778,0.736310778,0.638136008,0.638136008,0.638136008,0.638136008,0.638136008,0.539961237,0.539961237,0.539961237,0.539961237,0.539961237,0.539961237,0.539961237,0.539961237,0.539961237,0.539961237,0.539961237,0.539961237,0.441786467,0.441786467
126.044456959,C01,AP01,client_to_ap,VHT,2,2,2,80,SU,1,4,122,6637c97e16e6ce8a,0.834485549,0.834485549,0.834485549,0.736310778,0.736310778,0.736310778,0.736310778,0.736310778,0.736310778,0.736310778,0.736310778,0.736310778,0.736310778,0.736310778,0.736310778,0.736310778,0.736310778,0.736310778,0.736310778,0.736310778,0.736310778,0.736310778,0.736310778,0.736310778,0.736310778,0.736310778,0.736310778,0.736310778,0.736310778,0.736310778,0.736310778,0.736310778,0.736310778,0.736310778,0.736310778,0.736310778,0.736310778,0.736310778,0.736310778,0.736310778,0.736310778,0.736310778,0.736310778,0.736310778,0.736310778,0.736310778,0.736310778,0.736310778,0.638136008,0.638136008,0.638136008,0.638136008,0.638136008,0.638136008,0.638136008,0.539961237,0.539961237,0.539961237,0.539961237,0.441786467,0.441786467,0.441786467,0.343611696,0.343611696,0.343611696,0.343611696,0.245436926,0.245436926,0.245436926,0.245436926,0.245436926,0.147262156,0.147262156,0.147262156,0.147262156,0.147262156,0.0490873852,0.0490873852,0.0490873852,0.147262156,0.147262156,0.245436926,0.245436926,0.343611696,0.343611696,0.441786467,0.539961237,0.539961237,0.638136008,0.638136008,0.638136008,0.736310778,0.736310778,0.736310778,0.736310778,0.736310778,0.736310778,0.736310778,0.736310778,0.736310778,0.736310778,0.736310778,0.736310778,0.638136008,0.638136008,0.638136008,0.638136008,0.638136008,0.638136008,0.539961237,0.539961237,0.539961237,0.539961237,0.539961237,0.539961237,0.539961237,0.539961237,0.539961237,0.539961237,0.539961237,0.539961237,0.539961237
127.371963978,C01,AP01,client_to_ap,VHT,2,2,2,80,SU,1,4,122,6637c97e16e6ce8a,0.834485549,0.834485549,0.834485549,0.834485549,0.736310778,0.736310778,0.736310778,0.834485549,0.834485549,0.736310778,0.736310778,0.736310778,0.736310778,0.736310778,0.736310778,0.736310778,0.736310778,0.736310778,0.736310778,0.736310778,0.736310778,0.736310778,0.736310778,0.736310778,0.736310778,0.736310778,0.736310778,0.736310778,0.736310778,0.736310778,0.736310778,0.736310778,0.736310778,0.736310778,0.736310778,0.736310778,0.736310778,0.736310778,0.736310778,0.736310778,0.736310778,0.736310778,0.736310778,0.736310778,0.736310778,0.736310778,0.736310778,0.736310778,0.736310778,0.736310778,0.638136008,0.638136008,0.638136008,0.638136008,0.638136008,0.539961237,0.539961237,0.539961237,0.539961237,0.441786467,0.441786467,0.441786467,0.343611696,0.343611696,0.343611696,0.343611696,0.343611696,0.245436926,0.245436926,0.245436926,0.245436926,0.245436926,0.147262156,0.147262156,0.147262156,0.147262156,0.0490873852,0.0490873852,0.0490873852,0.147262156,0.147262156,0.245436926,0.245436926,0.343611696,0.441786467,0.441786467,0.539961237,0.638136008,0.638136008,0.638136008,0.736310778,0.736310778,0.736310778,0.736310778,0.834485549,0.736310778,0.736310778,0.736310778,0.736310778,0.736310778,0.736310778,0.736310778,0.736310778,0.736310778,0.638136008,0.638136008,0.638136008,0.638136008,0.539961237,0.539961237,0.539961237,0.539961237,0.539961237,0.539961237,0.539961237,0.539961237,0.539961237,0.539961237,0.539961237,0.539961237,0.539961237,0.441786467
128.699831963,C01,AP01,client_to_ap,VHT,2,2,2,80,SU,1,4,122,6637c97e16e6ce8a,0.834485549,0.834485549,0.834485549,0.736310778,0.834485549,0.736310778,0.736310778,0.736310778,0.736310778,0.736310778,0.736310778,0.736310778,0.736310778,0.736310778,0.736310778,0.736310778,0.736310778,0.736310778,0.736310778,0.736310778,0.736310778,0.736310778,0.736310778,0.736310778,0.736310778,0.736310778,0.736310778,0.736310778,0.736310778,0.736310778,0.736310778,0.736310778,0.736310778,0.736310778,0.736310778,0.736310778,0.736310778,0.736310778,0.736310778,0.736310778,0.736310778,0.736310778,0.736310778,0.736310778,0.736310778,0.736310778,0.736310778,0.638136008,0.736310778,0.736310778,0.638136008,0.638136008,0.638136008,0.638136008,0.638136008,0.539961237,0.539961237,0.539961237,0.539961237,0.441786467,0.441786467,0.441786467,0.343611696,0.343611696,0.343611696,0.343611696,0.245436926,0.245436926,0.245436926,0.245436926,0.147262156,0.147262156,0.147262156,0.147262156,0.147262156,0.0490873852,0.0490873852,0.0490873852,0.0490873852,0.147262156,0.147262156,0.245436926,0.245436926,0.343611696,0.441786467,0.441786467,0.539961237,0.638136008,0.638136008,0.638136008,0.736310778,0.736310778,0.736310778,0.736310778,0.736310778,0.736310778,0.736310778,0.736310778,0.736310778,0.736310778,0.736310778,0.736310778,0.736310778,0.638136008,0.638136008,0.638136008,0.638136008,0.638136008,0.539961237,0.539961237,0.539961237,0.539961237,0.539961237,0.539961237,0.539961237,0.539961237,0.539961237,0.539961237,0.539961237,0.539961237,0.539961237,0.539961237
130.034101963,C01,AP01,client_to_ap,VHT,2,2,2,80,SU,1,4,122,6637c97e16e6ce8a,0.834485549,0.834485549,0.834485549,0.736310778,0.736310778,0.736310778,0.736310778,0.736310778,0.736310778,0.736310778,0.736310778,0.736310778,0.736310778,0.736310778,0.736310778,0.736310778,0.736310778,0.736310778,0.736310778,0.736310778,0.736310778,0.736310778,0.736310778,0.736310778,0.736310778,0.736310778,0.736310778,0.736310778,0.736310778,0.736310778,0.736310778,0.736310778,0.736310778,0.736310778,0.736310778,0.736310778,0.736310778,0.736310778,0.736310778,0.736310778,0.736310778,0.736310778,0.736310778,0.736310778,0.736310778,0.736310778,0.736310778,0.736310778,0.736310778,0.638136008,0.638136008,0.638136008,0.638136008,0.638136008,0.638136008,0.539961237,0.539961237,0.539961237,0.539961237,0.441786467,0.441786467,0.441786467,0.343611696,0.343611696,0.343611696,0.343611696,0.245436926,0.245436926,0.245436926,0.245436926,0.245436926,0.147262156,0.147262156,0.147262156,0.147262156,0.147262156,0.0490873852,0.0490873852,0.147262156,0.147262156,0.147262156,0.245436926,0.245436926,0.343611696,0.441786467,0.441786467,0.539961237,0.638136008,0.638136008,0.638136008,0.736310778,0.736310778,0.736310778,0.736310778,0.736310778,0.736310778,0.736310778,0.736310778,0.736310778,0.736310778,0.736310778,0.736310778,0.736310778,0.638136008,0.638136008,0.638136008,0.638136008,0.638136008,0.638136008,0.539961237,0.539961237,0.539961237,0.539961237,0.539961237,0.539961237,0.539961237,0.539961237,0.539961237,0.539961237,0.539961237,0.539961237,0.539961237
131.366074800,C01,AP01,client_to_ap,VHT,2,2,2,80,SU,1,4,122,6637c97e16e6ce8a,0.834485549,0.834485549,0.834485549,0.834485549,0.834485549,0.736310778,0.834485549,0.834485549,0.736310778,0.736310778,0.736310778,0.736310778,0.736310778,0.736310778,0.736310778,0.736310778,0.736310778,0.736310778,0.736310778,0.736310778,0.736310778,0.736310778,0.736310778,0.736310778,0.736310778,0.736310778,0.736310778,0.736310778,0.736310778,0.736310778,0.736310778,0.736310778,0.736310778,0.736310778,0.736310778,0.736310778,0.736310778,0.736310778,0.736310778,0.736310778,0.736310778,0.736310778,0.736310778,0.736310778,0.736310778,0.736310778,0.736310778,0.736310778,0.736310778,0.736310778,0.638136008,0.638136008,0.638136008,0.638136008,0.638136008,0.638136008,0.539961237,0.539961237,0.539961237,0.441786467,0.441786467,0.441786467,0.343611696,0.343611696,0.343611696,0.343611696,0.245436926,0.245436926,0.245436926,0.245436926,0.245436926,0.147262156,0.147262156,0.147262156,0.147262156,0.147262156,0.0490873852,0.0490873852,0.0490873852,0.147262156,0.147262156,0.245436926,0.245436926,0.343611696,0.441786467,0.441786467,0.539961237,0.638136008,0.638136008,0.638136008,0.736310778,0.736310778,0.736310778,0.736310778,0.834485549,0.834485549,0.736310778,0.736310778,0.736310778,0.736310778,0.736310778,0.736310778,0.736310778,0.638136008,0.638136008,0.638136008,0.638136008,0.638136008,0.638136008,0.539961237,0.539961237,0.539961237,0.539961237,0.539961237,0.539961237,0.539961237,0.539961237,0.539961237,0.539961237,0.539961237,0.539961237,0.539961237
132.697974920,C01,AP01,client_to_ap,VHT,2,2,2,80,SU,1,4,122,6637c97e16e6ce8a,0.834485549,0.834485549,0.834485549,0.736310778,0.834485549,0.736310778,0.736310778,0.834485549,0.736310778,0.736310778,0.736310778,0.736310778,0.736310778,0.736310778,0.736310778,0.736310778,0.736310778,0.736310778,0.736310778,0.736310778,0.736310778,0.736310778,0.736310778,0.736310778,0.736310778,0.736310778,0.736310778,0.736310778,0.736310778,0.736310778,0.736310778,0.736310778,0.736310778,0.736310778,0.736310778,0.736310778,0.736310778,0.736310778,0.736310778,0.736310778,0.736310778,0.736310778,0.736310778,0.736310778,0.736310778,0.736310778,0.736310778,0.736310778,0.736310778,0.638136008,0.638136008,0.638136008,0.638136008,0.638136008,0.638136008,0.539961237,0.539961237,0.539961237,0.539961237,0.441786467,0.441786467,0.441786467,0.343611696,0.343611696,0.343611696,0.343611696,0.245436926,0.245436926,0.245436926,0.245436926,0.147262156,0.147262156,0.147262156,0.147262156,0.147262156,0.0490873852,0.0490873852,0.0490873852,0.0490873852,0.147262156,0.147262156,0.245436926,0.245436926,0.343611696,0.441786467,0.441786467,0.539961237,0.638136008,0.638136008,0.638136008,0.736310778,0.736310778,0.736310778,0.736310778,0.736310778,0.834485549,0.736310778,0.736310778,0.736310778,0.736310778,0.736310778,0.736310778,0.638136008,0.638136008,0.638136008,0.638136008,0.638136008,0.638136008,0.638136008,0.539961237,0.539961237,0.539961237,0.539961237,0.539961237,0.539961237,0.539961237,0.539961237,0.539961237,0.539961237,0.539961237,0.539961237,0.539961237
134.034289837,C01,AP01,client_to_ap,VHT,2,2,2,80,SU,1,4,122,6637c97e16e6ce8a,0.834485549,0.834485549,0.834485549,0.834485549,0.834485549,0.834485549,0.736310778,0.834485549,0.736310778,0.736310778,0.736310778,0.736310778,0.736310778,0.736310778,0.736310778,0.736310778,0.736310778,0.736310778,0.736310778,0.736310778,0.736310778,0.736310778,0.736310778,0.736310778,0.736310778,0.736310778,0.736310778,0.736310778,0.736310778,0.736310778,0.736310778,0.736310778,0.736310778,0.736310778,0.736310778,0.736310778,0.736310778,0.736310778,0.736310778,0.736310778,0.736310778,0.736310778,0.736310778,0.736310778,0.736310778,0.736310778,0.736310778,0.736310778,0.736310778,0.736310778,0.638136008,0.638136008,0.638136008,0.638136008,0.638136008,0.539961237,0.539961237,0.539961237,0.539961237,0.441786467,0.441786467,0.441786467,0.343611696,0.343611696,0.343611696,0.343611696,0.245436926,0.245436926,0.245436926,0.245436926,0.245436926,0.147262156,0.147262156,0.147262156,0.147262156,0.0490873852,0.0490873852,0.0490873852,0.147262156,0.147262156,0.147262156,0.245436926,0.245436926,0.343611696,0.441786467,0.441786467,0.539961237,0.638136008,0.638136008,0.638136008,0.736310778,0.736310778,0.736310778,0.736310778,0.736310778,0.736310778,0.736310778,0.736310778,0.736310778,0.736310778,0.736310778,0.736310778,0.736310778,0.638136008,0.638136008,0.638136008,0.638136008,0.638136008,0.539961237,0.539961237,0.539961237,0.539961237,0.539961237,0.539961237,0.539961237,0.539961237,0.539961237,0.539961237,0.539961237,0.539961237,0.539961237,0.539961237
135.365489006,C01,AP01,client_to_ap,VHT,2,2,2,80,SU,1,4,122,6637c97e16e6ce8a,0.834485549,0.834485549,0.834485549,0.736310778,0.736310778,0.736310778,0.736310778,0.736310778,0.736310778,0.736310778,0.736310778,0.736310778,0.736310778,0.736310778,0.736310778,0.736310778,0.736310778,0.736310778,0.736310778,0.736310778,0.736310778,0.736310778,0.736310778,0.736310778,0.736310778,0.736310778,0.736310778,0.736310778,0.736310778,0.736310778,0.736310778,0.736310778,0.736310778,0.736310778,0.736310778,0.736310778,0.736310778,0.736310778,0.736310778,0.736310778,0.736310778,0.736310778,0.736310778,0.736310778,0.736310778,0.736310778,0.736310778,0.736310778,0.638136008,0.736310778,0.638136008,0.638136008,0.638136008,0.638136008,0.638136008,0.539961237,0.539961237,0.539961237,0.539961237,0.441786467,0.441786467,0.441786467,0.343611696,0.343611696,0.343611696,0.343611696,0.245436926,0.245436926,0.245436926,0.245436926,0.147262156,0.147262156,0.147262156,0.147262156,0.147262156,0.147262156,0.0490873852,0.0490873852,0.0490873852,0.147262156,0.147262156,0.245436926,0.245436926,0.343611696,0.441786467,0.441786467,0.539961237,0.638136008,0.638136008,0.638136008,0.736310778,0.736310778,0.736310778,0.736310778,0.736310778,0.736310778,0.736310778,0.736310778,0.736310778,0.736310778,0.736310778,0.736310778,0.638136008,0.638136008,0.638136008,0.638136008,0.638136008,0.638136008,0.539961237,0.539961237,0.539961237,0.539961237,0.539961237,0.539961237,0.539961237,0.539961237,0.539961237,0.539961237,0.539961237,0.539961237,0.539961237,0.539961237
136.697599888,C01,AP01,client_to_ap,VHT,2,2,2,80,SU,1,4,122,6637c97e16e6ce8a,0.834485549,0.736310778,0.834485549,0.736310778,0.834485549,0.736310778,0.736310778,0.736310778,0.736310778,0.736310778,0.736310778,0.736310778,0.736310778,0.736310778,0.736310778,0.736310778,0.736310778,0.736310778,0.736310778,0.736310778,0.736310778,0.736310778,0.736310778,0.736310778,0.736310778,0.736310778,0.736310778,0.736310778,0.736310778,0.736310778,0.736310778,0.736310778,0.736310778,0.736310778,0.736310778,0.736310778,0.736310778,0.736310778,0.736310778,0.736310778,0.736310778,0.736310778,0.736310778,0.736310778,0.736310778,0.736310778,0.736310778,0.638136008,0.736310778,0.736310778,0.638136008,0.638136008,0.638136008,0.638136008,0.638136008,0.539961237,0.539961237,0.539961237,0.539961237,0.441786467,0.441786467,0.441786467,0.343611696,0.343611696,0.343611696,0.343611696,0.245436926,0.245436926,0.245436926,0.245436926,0.245436926,0.147262156,0.147262156,0.147262156,0.147262156,0.147262156,0.0490873852,0.0490873852,0.0490873852,0.147262156,0.147262156,0.245436926,0.245436926,0.343611696,0.441786467,0.441786467,0.539961237,0.638136008,0.638136008,0.638136008,0.736310778,0.736310778,0.736310778,0.736310778,0.736310778,0.736310778,0.736310778,0.736310778,0.736310778,0.736310778,0.736310778,0.736310778,0.736310778,0.638136008,0.638136008,0.638136008,0.638136008,0.638136008,0.539961237,0.539961237,0.539961237,0.539961237,0.539961237,0.539961237,0.539961237,0.539961237,0.539961237,0.539961237,0.539961237,0.539961237,0.539961237,0.539961237
138.034344912,C01,AP01,client_to_ap,VHT,2,2,2,80,SU,1,4,122,6637c97e16e6ce8a,0.834485549,0.834485549,0.834485549,0.834485549,0.834485549,0.834485549,0.736310778,0.834485549,0.736310778,0.736310778,0.736310778,0.736310778,0.736310778,0.736310778,0.736310778,0.736310778,0.736310778,0.736310778,0.736310778,0.736310778,0.736310778,0.736310778,0.736310778,0.736310778,0.736310778,0.736310778,0.736310778,0.736310778,0.736310778,0.736310778,0.736310778,0.736310778,0.736310778,0.736310778,0.736310778,0.736310778,0.736310778,0.736310778,0.736310778,0.736310778,0.736310778,0.736310778,0.736310778,0.736310778,0.736310778,0.736310778,0.736310778,0.736310778,0.736310778,0.736310778,0.638136008,0.638136008,0.638136008,0.638136008,0.638136008,0.539961237,0.539961237,0.539961237,0.539961237,0.441786467,0.441786467,0.441786467,0.343611696,0.343611696,0.343611696,0.343611696,0.245436926,0.245436926,0.245436926,0.245436926,0.245436926,0.245436926,0.147262156,0.147262156,0.147262156,0.147262156,0.0490873852,0.0490873852,0.0490873852,0.147262156,0.147262156,0.245436926,0.245436926,0.343611696,0.441786467,0.441786467,0.539961237,0.638136008,0.638136008,0.638136008,0.736310778,0.736310778,0.736310778,0.736310778,0.736310778,0.736310778,0.736310778,0.736310778,0.736310778,0.736310778,0.736310778,0.736310778,0.736310778,0.638136008,0.638136008,0.638136008,0.638136008,0.638136008,0.539961237,0.539961237,0.539961237,0.539961237,0.539961237,0.539961237,0.539961237,0.539961237,0.539961237,0.539961237,0.539961237,0.539961237,0.539961237,0.539961237
139.366091967,C01,AP01,client_to_ap,VHT,2,2,2,80,SU,1,4,122,6637c97e16e6ce8a,0.834485549,0.834485549,0.834485549,0.834485549,0.834485549,0.834485549,0.834485549,0.834485549,0.834485549,0.834485549,0.736310778,0.736310778,0.736310778,0.736310778,0.736310778,0.736310778,0.736310778,0.736310778,0.736310778,0.736310778,0.736310778,0.736310778,0.736310778,0.736310778,0.736310778,0.736310778,0.736310778,0.736310778,0.736310778,0.736310778,0.736310778,0.736310778,0.736310778,0.736310778,0.736310778,0.736310778,0.736310778,0.736310778,0.736310778,0.736310778,0.736310778,0.736310778,0.736310778,0.736310778,0.736310778,0.736310778,0.736310778,0.736310778,0.736310778,0.736310778,0.638136008,0.638136008,0.638136008,0.638136008,0.638136008,0.638136008,0.539961237,0.539961237,0.539961237,0.539961237,0.441786467,0.441786467,0.441786467,0.343611696,0.343611696,0.343611696,0.343611696,0.245436926,0.245436926,0.245436926,0.245436926,0.245436926,0.147262156,0.147262156,0.147262156,0.147262156,0.0490873852,0.0490873852,0.0490873852,0.147262156,0.147262156,0.245436926,0.245436926,0.343611696,0.441786467,0.441786467,0.539961237,0.638136008,0.638136008,0.638136008,0.736310778,0.736310778,0.834485549,0.834485549,0.834485549,0.834485549,0.736310778,0.736310778,0.736310778,0.736310778,0.736310778,0.736310778,0.736310778,0.736310778,0.638136008,0.638136008,0.638136008,0.638136008,0.638136008,0.539961237,0.539961237,0.539961237,0.539961237,0.539961237,0.539961237,0.539961237,0.539961237,0.539961237,0.539961237,0.539961237,0.539961237,0.539961237
140.698110819,C01,AP01,client_to_ap,VHT,2,2,2,80,SU,1,4,122,6637c97e16e6ce8a,0.834485549,0.834485549,0.834485549,0.834485549,0.834485549,0.736310778,0.736310778,0.834485549,0.736310778,0.736310778,0.736310778,0.736310778,0.736310778,0.736310778,0.736310778,0.736310778,0.736310778,0.736310778,0.736310778,0.736310778,0.736310778,0.736310778,0.736310778,0.736310778,0.736310778,0.736310778,0.736310778,0.736310778,0.736310778,0.736310778,0.736310778,0.736310778,0.736310778,0.736310778,0.736310778,0.736310778,0.736310778,0.736310778,0.736310778,0.736310778,0.736310778,0.736310778,0.736310778,0.736310778,0.736310778,0.736310778,0.736310778,0.736310778,0.736310778,0.736310778,0.638136008,0.638136008,0.638136008,0.638136008,0.638136008,0.638136008,0.539961237,0.539961237,0.539961237,0.539961237,0.441786467,0.441786467,0.441786467,0.343611696,0.343611696,0.343611696,0.343611696,0.245436926,0.245436926,0.245436926,0.245436926,0.245436926,0.147262156,0.147262156,0.147262156,0.147262156,0.147262156,0.0490873852,0.0490873852,0.147262156,0.147262156,0.245436926,0.245436926,0.343611696,0.441786467,0.441786467,0.539961237,0.638136008,0.638136008,0.736310778,0.736310778,0.736310778,0.834485549,0.834485549,0.834485549,0.834485549,0.834485549,0.736310778,0.834485549,0.736310778,0.736310778,0.736310778,0.736310778,0.638136008,0.638136008,0.638136008,0.638136008,0.638136008,0.638136008,0.539961237,0.539961237,0.539961237,0.539961237,0.539961237,0.539961237,0.539961237,0.539961237,0.539961237,0.539961237,0.539961237,0.539961237,0.539961237
142.034288883,C01,AP01,client_to_ap,VHT,2,2,2,80,SU,1,4,122,6637c97e16e6ce8a,0.834485549,0.834485549,0.834485549,0.736310778,0.736310778,0.736310778,0.736310778,0.736310778,0.736310778,0.834485549,0.736310778,0.736310778,0.736310778,0.736310778,0.736310778,0.736310778,0.736310778,0.736310778,0.736310778,0.736310778,0.736310778,0.736310778,0.736310778,0.736310778,0.736310778,0.736310778,0.736310778,0.736310778,0.736310778,0.736310778,0.736310778,0.736310778,0.736310778,0.736310778,0.736310778,0.736310778,0.736310778,0.736310778,0.736310778,0.736310778,0.736310778,0.736310778,0.736310778,0.736310778,0.736310778,0.736310778,0.736310778,0.736310778,0.736310778,0.736310778,0.638136008,0.638136008,0.638136008,0.638136008,0.638136008,0.539961237,0.539961237,0.539961237,0.539961237,0.441786467,0.441786467,0.441786467,0.343611696,0.343611696,0.343611696,0.343611696,0.245436926,0.245436926,0.245436926,0.245436926,0.245436926,0.147262156,0.147262156,0.147262156,0.147262156,0.0490873852,0.0490873852,0.0490873852,0.0490873852,0.147262156,0.147262156,0.245436926,0.245436926,0.343611696,0.441786467,0.441786467,0.539961237,0.638136008,0.638136008,0.638136008,0.736310778,0.736310778,0.736310778,0.736310778,0.834485549,0.736310778,0.736310778,0.736310778,0.736310778,0.736310778,0.736310778,0.736310778,0.736310778,0.638136008,0.638136008,0.638136008,0.638136008,0.638136008,0.638136008,0.539961237,0.539961237,0.539961237,0.539961237,0.539961237,0.539961237,0.539961237,0.539961237,0.539961237,0.539961237,0.539961237,0.539961237,0.539961237
143.366318941,C01,AP01,client_to_ap,VHT,2,2,2,80,SU,1,4,122,6637c97e16e6ce8a,0.834485549,0.834485549,0.834485549,0.834485549,0.834485549,0.834485549,0.834485549,0.834485549,0.834485549,0.834485549,0.736310778,0.736310778,0.736310778,0.736310778,0.736310778,0.736310778,0.736310778,0.736310778,0.736310778,0.736310778,0.736310778,0.736310778,0.736310778,0.736310778,0.736310778,0.736310778,0.736310778,0.736310778,0.736310778,0.736310778,0.736310778,0.736310778,0.736310778,0.736310778,0.736310778,0.736310778,0.736310778,0.736310778,0.736310778,0.736310778,0.736310778,0.736310778,0.736310778,0.736310778,0.736310778,0.736310778,0.736310778,0.736310778,0.736310778,0.736310778,0.736310778,0.736310778,0.638136008,0.638136008,0.638136008,0.638136008,0.539961237,0.539961237,0.539961237,0.539961237,0.441786467,0.441786467,0.441786467,0.343611696,0.343611696,0.343611696,0.343611696,0.245436926,0.245436926,0.245436926,0.245436926,0.245436926,0.147262156,0.147262156,0.147262156,0.147262156,0.147262156,0.147262156,0.0490873852,0.147262156,0.147262156,0.245436926,0.245436926,0.343611696,0.441786467,0.539961237,0.638136008,0.638136008,0.638136008,0.736310778,0.736310778,0.834485549,0.834485549,0.834485549,0.834485549,0.834485549,0.834485549,0.834485549,0.834485549,0.834485549,0.736310778,0.736310778,0.736310778,0.736310778,0.638136008,0.638136008,0.638136008,0.638136008,0.638136008,0.638136008,0.539961237,0.539961237,0.539961237,0.539961237,0.539961237,0.539961237,0.539961237,0.539961237,0.539961237,0.539961237,0.539961237,0.539961237
144.698968887,C01,AP01,client_to_ap,VHT,2,2,2,80,SU,1,4,122,6637c97e16e6ce8a,0.834485549,0.834485549,0.834485549,0.834485549,0.834485549,0.736310778,0.736310778,0.834485549,0.834485549,0.736310778,0.736310778,0.736310778,0.736310778,0.736310778,0.736310778,0.736310778,0.736310778,0.736310778,0.736310778,0.736310778,0.736310778,0.736310778,0.736310778,0.736310778,0.736310778,0.736310778,0.736310778,0.736310778,0.736310778,0.736310778,0.736310778,0.736310778,0.736310778,0.736310778,0.736310778,0.736310778,0.736310778,0.736310778,0.736310778,0.736310778,0.736310778,0.736310778,0.736310778,0.736310778,0.736310778,0.736310778,0.736310778,0.736310778,0.736310778,0.736310778,0.638136008,0.638136008,0.638136008,0.638136008,0.638136008,0.638136008,0.539961237,0.539961237,0.539961237,0.539961237,0.441786467,0.441786467,0.441786467,0.343611696,0.343611696,0.343611696,0.343611696,0.245436926,0.245436926,0.245436926,0.245436926,0.245436926,0.147262156,0.147262156,0.147262156,0.147262156,0.0490873852,0.0490873852,0.0490873852,0.147262156,0.147262156,0.245436926,0.245436926,0.343611696,0.441786467,0.441786467,0.539961237,0.638136008,0.638136008,0.736310778,0.736310778,0.736310778,0.834485549,0.834485549,0.834485549,0.834485549,0.736310778,0.736310778,0.736310778,0.736310778,0.736310778,0.736310778,0.736310778,0.638136008,0.638136008,0.638136008,0.638136008,0.638136008,0.638136008,0.539961237,0.539961237,0.539961237,0.539961237,0.539961237,0.539961237,0.539961237,0.539961237,0.539961237,0.539961237,0.539961237,0.539961237,0.539961237
146.029352903,C01,AP01,client_to_ap,VHT,2,2,2,80,SU,1,4,122,6637c97e16e6ce8a,0.834485549,0.834485549,0.834485549,0.834485549,0.834485549,0.736310778,0.736310778,0.834485549,0.736310778,0.736310778,0.736310778,0.736310778,0.736310778,0.736310778,0.736310778,0.736310778,0.736310778,0.736310778,0.736310778,0.736310778,0.736310778,0.736310778,0.736310778,0.736310778,0.736310778,0.736310778,0.736310778,0.736310778,0.736310778,0.736310778,0.736310778,0.736310778,0.736310778,0.736310778,0.736310778,0.736310778,0.736310778,0.736310778,0.736310778,0.736310778,0.736310778,0.736310778,0.736310778,0.736310778,0.736310778,0.736310778,0.736310778,0.736310778,0.736310778,0.736310778,0.638136008,0.638136008,0.638136008,0.638136008,0.638136008,0.638136008,0.539961237,0.539961237,0.539961237,0.539961237,0.441786467,0.441786467,0.441786467,0.343611696,0.343611696,0.343611696,0.343611696,0.245436926,0.245436926,0.245436926,0.245436926,0.245436926,0.147262156,0.147262156,0.147262156,0.147262156,0.0490873852,0.0490873852,0.0490873852,0.0490873852,0.147262156,0.245436926,0.245436926,0.343611696,0.441786467,0.539961237,0.539961237,0.638136008,0.638136008,0.638136008,0.736310778,0.736310778,0.736310778,0.834485549,0.834485549,0.736310778,0.834485549,0.736310778,0.736310778,0.736310778,0.736310778,0.736310778,0.736310778,0.736310778,0.638136008,0.638136008,0.638136008,0.638136008,0.638136008,0.539961237,0.539961237,0.539961237,0.539961237,0.539961237,0.539961237,0.539961237,0.539961237,0.539961237,0.539961237,0.539961237,0.539961237,0.539961237
147.357070923,C01,AP01,client_to_ap,VHT,2,2,2,80,SU,1,4,122,6637c97e16e6ce8a,0.834485549,0.834485549,0.834485549,0.736310778,0.736310778,0.736310778,0.736310778,0.736310778,0.736310778,0.736310778,0.736310778,0.736310778,0.736310778,0.736310778,0.736310778,0.736310778,0.736310778,0.736310778,0.736310778,0.736310778,0.736310778,0.736310778,0.736310778,0.736310778,0.736310778,0.736310778,0.736310778,0.736310778,0.736310778,0.736310778,0.736310778,0.736310778,0.736310778,0.736310778,0.736310778,0.736310778,0.736310778,0.736310778,0.736310778,0.736310778,0.736310778,0.736310778,0.736310778,0.736310778,0.736310778,0.736310778,0.736310778,0.736310778,0.736310778,0.736310778,0.638136008,0.638136008,0.638136008,0.638136008,0.638136008,0.539961237,0.539961237,0.539961237,0.539961237,0.539961237,0.441786467,0.441786467,0.441786467,0.343611696,0.343611696,0.343611696,0.245436926,0.245436926,0.245436926,0.245436926,0.245436926,0.245436926,0.147262156,0.147262156,0.147262156,0.147262156,0.0490873852,0.0490873852,0.0490873852,0.0490873852,0.147262156,0.245436926,0.245436926,0.343611696,0.441786467,0.441786467,0.539961237,0.638136008,0.638136008,0.638136008,0.736310778,0.736310778,0.736310778,0.736310778,0.834485549,0.736310778,0.736310778,0.736310778,0.736310778,0.736310778,0.736310778,0.736310778,0.736310778,0.638136008,0.638136008,0.638136008,0.638136008,0.638136008,0.638136008,0.539961237,0.539961237,0.539961237,0.539961237,0.539961237,0.539961237,0.539961237,0.539961237,0.539961237,0.539961237,0.539961237,0.539961237,0.539961237
148.688486814,C01,AP01,client_to_ap,VHT,2,2,2,80,SU,1,4,122,6637c97e16e6ce8a,0.834485549,0.834485549,0.736310778,0.736310778,0.736310778,0.834485549,0.736310778,0.736310778,0.736310778,0.736310778,0.736310778,0.736310778,0.736310778,0.736310778,0.736310778,0.736310778,0.736310778,0.736310778,0.736310778,0.736310778,0.736310778,0.736310778,0.736310778,0.736310778,0.736310778,0.736310778,0.736310778,0.736310778,0.736310778,0.736310778,0.736310778,0.736310778,0.736310778,0.736310778,0.736310778,0.736310778,0.736310778,0.736310778,0.736310778,0.736310778,0.736310778,0.736310778,0.736310778,0.736310778,0.736310778,0.736310778,0.736310778,0.736310778,0.736310778,0.736310778,0.638136008,0.638136008,0.638136008,0.638136008,0.638136008,0.539961237,0.539961237,0.539961237,0.539961237,0.539961237,0.441786467,0.441786467,0.441786467,0.343611696,0.343611696,0.343611696,0.343611696,0.245436926,0.245436926,0.245436926,0.245436926,0.245436926,0.245436926,0.147262156,0.147262156,0.147262156,0.147262156,0.0490873852,0.0490873852,0.147262156,0.147262156,0.245436926,0.245436926,0.343611696,0.343611696,0.539961237,0.539961237,0.638136008,0.638136008,0.638136008,0.736310778,0.736310778,0.834485549,0.736310778,0.834485549,0.834485549,0.834485549,0.736310778,0.736310778,0.736310778,0.736310778,0.736310778,0.736310778,0.638136008,0.638136008,0.638136008,0.638136008,0.638136008,0.638136008,0.539961237,0.539961237,0.539961237,0.539961237,0.539961237,0.539961237,0.539961237,0.539961237,0.539961237,0.539961237,0.539961237,0.539961237,0.539961237
150.023705959,C01,AP01,client_to_ap,VHT,2,2,2,80,SU,1,4,122,6637c97e16e6ce8a,0.834485549,0.834485549,0.834485549,0.834485549,0.834485549,0.736310778,0.736310778,0.736310778,0.736310778,0.736310778,0.736310778,0.736310778,0.736310778,0.736310778,0.736310778,0.736310778,0.736310778,0.736310778,0.736310778,0.736310778,0.736310778,0.736310778,0.736310778,0.736310778,0.736310778,0.736310778,0.736310778,0.736310778,0.736310778,0.736310778,0.736310778,0.736310778,0.736310778,0.736310778,0.736310778,0.736310778,0.736310778,0.736310778,0.736310778,0.736310778,0.736310778,0.736310778,0.736310778,0.736310778,0.736310778,0.736310778,0.736310778,0.736310778,0.736310778,0.736310778,0.736310778,0.638136008,0.638136008,0.638136008,0.638136008,0.638136008,0.539961237,0.539961237,0.539961237,0.539961237,0.441786467,0.441786467,0.441786467,0.343611696,0.343611696,0.343611696,0.343611696,0.245436926,0.245436926,0.245436926,0.245436926,0.245436926,0.147262156,0.147262156,0.147262156,0.147262156,0.147262156,0.147262156,0.147262156,0.147262156,0.147262156,0.245436926,0.245436926,0.343611696,0.441786467,0.539961237,0.539961237,0.638136008,0.638136008,0.638136008,0.736310778,0.736310778,0.834485549,0.834485549,0.834485549,0.736310778,0.736310778,0.736310778,0.736310778,0.736310778,0.736310778,0.736310778,0.736310778,0.638136008,0.638136008,0.638136008,0.638136008,0.638136008,0.638136008,0.539961237,0.539961237,0.539961237,0.539961237,0.539961237,0.539961237,0.539961237,0.539961237,0.539961237,0.539961237,0.539961237,0.539961237,0.539961237
151.355299950,C01,AP01,client_to_ap,VHT,2,2,2,80,SU,1,4,122,6637c97e16e6ce8a,0.834485549,0.834485549,0.736310778,0.736310778,0.736310778,0.736310778,0.736310778,0.736310778,0.736310778,0.736310778,0.736310778,0.736310778,0.736310778,0.736310778,0.736310778,0.736310778,0.736310778,0.736310778,0.736310778,0.736310778,0.736310778,0.736310778,0.736310778,0.736310778,0.736310778,0.736310778,0.736310778,0.736310778,0.736310778,0.736310778,0.736310778,0.736310778,0.736310778,0.736310778,0.736310778,0.736310778,0.736310778,0.736310778,0.736310778,0.736310778,0.736310778,0.736310778,0.736310778,0.736310778,0.736310778,0.736310778,0.736310778,0.736310778,0.736310778,0.736310778,0.638136008,0.638136008,0.638136008,0.638136008,0.638136008,0.638136008,0.539961237,0.539961237,0.539961237,0.539961237,0.441786467,0.441786467,0.441786467,0.343611696,0.343611696,0.343611696,0.343611696,0.245436926,0.245436926,0.245436926,0.245436926,0.245436926,0.147262156,0.147262156,0.147262156,0.147262156,0.0490873852,0.0490873852,0.0490873852,0.147262156,0.147262156,0.245436926,0.245436926,0.343611696,0.441786467,0.441786467,0.539961237,0.638136008,0.638136008,0.638136008,0.736310778,0.736310778,0.736310778,0.834485549,0.736310778,0.834485549,0.736310778,0.736310778,0.736310778,0.736310778,0.736310778,0.736310778,0.736310778,0.638136008,0.638136008,0.638136008,0.638136008,0.638136008,0.638136008,0.539961237,0.539961237,0.539961237,0.539961237,0.539961237,0.539961237,0.539961237,0.539961237,0.539961237,0.539961237,0.539961237,0.539961237,0.539961237
152.682628870,C01,AP01,client_to_ap,VHT,2,2,2,80,SU,1,4,122,6637c97e16e6ce8a,0.834485549,0.834485549,0.736310778,0.736310778,0.736310778,0.736310778,0.736310778,0.736310778,0.736310778,0.736310778,0.736310778,0.736310778,0.736310778,0.736310778,0.736310778,0.736310778,0.736310778,0.736310778,0.736310778,0.736310778,0.736310778,0.736310778,0.736310778,0.736310778,0.736310778,0.736310778,0.736310778,0.736310778,0.736310778,0.736310778,0.736310778,0.736310778,0.736310778,0.736310778,0.736310778,0.736310778,0.736310778,0.736310778,0.736310778,0.736310778,0.736310778,0.736310778,0.736310778,0.736310778,0.736310778,0.736310778,0.736310778,0.736310778,0.736310778,0.736310778,0.638136008,0.638136008,0.638136008,0.638136008,0.638136008,0.539961237,0.539961237,0.539961237,0.539961237,0.539961237,0.441786467,0.441786467,0.441786467,0.343611696,0.343611696,0.343611696,0.343611696,0.245436926,0.245436926,0.245436926,0.245436926,0.245436926,0.147262156,0.147262156,0.147262156,0.147262156,0.0490873852,0.0490873852,0.0490873852,0.147262156,0.147262156,0.245436926,0.245436926,0.343611696,0.441786467,0.441786467,0.539961237,0.539961237,0.638136008,0.638136008,0.736310778,0.736310778,0.736310778,0.736310778,0.834485549,0.736310778,0.736310778,0.736310778,0.736310778,0.736310778,0.736310778,0.736310778,0.736310778,0.638136008,0.638136008,0.638136008,0.638136008,0.638136008,0.638136008,0.539961237,0.539961237,0.539961237,0.539961237,0.539961237,0.539961237,0.539961237,0.539961237,0.539961237,0.539961237,0.539961237,0.539961237,0.539961237
154.013433933,C01,AP01,client_to_ap,VHT,2,2,2,80,SU,1,4,122,6637c97e16e6ce8a,0.834485549,0.834485549,0.834485549,0.736310778,0.834485549,0.736310778,0.736310778,0.736310778,0.736310778,0.736310778,0.736310778,0.736310778,0.736310778,0.736310778,0.736310778,0.736310778,0.736310778,0.736310778,0.736310778,0.736310778,0.736310778,0.736310778,0.736310778,0.736310778,0.736310778,0.736310778,0.736310778,0.736310778,0.736310778,0.736310778,0.736310778,0.736310778,0.736310778,0.736310778,0.736310778,0.736310778,0.736310778,0.736310778,0.736310778,0.736310778,0.736310778,0.736310778,0.736310778,0.736310778,0.736310778,0.736310778,0.736310778,0.736310778,0.736310778,0.736310778,0.736310778,0.638136008,0.638136008,0.638136008,0.638136008,0.638136008,0.539961237,0.539961237,0.539961237,0.539961237,0.441786467,0.441786467,0.441786467,0.343611696,0.343611696,0.343611696,0.343611696,0.245436926,0.245436926,0.245436926,0.245436926,0.245436926,0.245436926,0.147262156,0.147262156,0.147262156,0.147262156,0.0490873852,0.0490873852,0.147262156,0.147262156,0.245436926,0.245436926,0.343611696,0.441786467,0.441786467,0.539961237,0.638136008,0.638136008,0.736310778,0.736310778,0.736310778,0.834485549,0.834485549,0.834485549,0.834485549,0.834485549,0.736310778,0.736310778,0.736310778,0.736310778,0.736310778,0.736310778,0.736310778,0.638136008,0.638136008,0.638136008,0.638136008,0.638136008,0.539961237,0.539961237,0.539961237,0.539961237,0.539961237,0.539961237,0.539961237,0.539961237,0.539961237,0.539961237,0.539961237,0.539961237,0.539961237
155.344632864,C01,AP01,client_to_ap,VHT,2,2,2,80,SU,1,4,122,6637c97e16e6ce8a,0.834485549,0.736310778,0.736310778,0.736310778,0.736310778,0.736310778,0.736310778,0.736310778,0.736310778,0.736310778,0.736310778,0.736310778,0.736310778,0.736310778,0.736310778,0.736310778,0.736310778,0.736310778,0.736310778,0.736310778,0.736310778,0.736310778,0.736310778,0.736310778,0.736310778,0.736310778,0.736310778,0.736310778,0.736310778,0.736310778,0.736310778,0.736310778,0.736310778,0.736310778,0.736310778,0.736310778,0.736310778,0.736310778,0.736310778,0.736310778,0.736310778,0.736310778,0.736310778,0.736310778,0.736310778,0.736310778,0.736310778,0.736310778,0.736310778,0.736310778,0.638136008,0.638136008,0.638136008,0.638136008,0.638136008,0.638136008,0.539961237,0.539961237,0.539961237,0.539961237,0.441786467,0.441786467,0.441786467,0.343611696,0.343611696,0.343611696,0.343611696,0.245436926,0.245436926,0.245436926,0.245436926,0.245436926,0.147262156,0.147262156,0.147262156,0.147262156,0.0490873852,0.0490873852,0.0490873852,0.147262156,0.147262156,0.245436926,0.245436926,0.343611696,0.441786467,0.441786467,0.539961237,0.638136008,0.638136008,0.638136008,0.736310778,0.736310778,0.736310778,0.834485549,0.834485549,0.834485549,0.736310778,0.736310778,0.736310778,0.736310778,0.736310778,0.736310778,0.736310778,0.638136008,0.638136008,0.638136008,0.638136008,0.638136008,0.638136008,0.539961237,0.539961237,0.539961237,0.539961237,0.539961237,0.539961237,0.539961237,0.539961237,0.539961237,0.539961237,0.539961237,0.539961237,0.539961237
156.677524805,C01,AP01,client_to_ap,VHT,2,2,2,80,SU,1,4,122,6637c97e16e6ce8a,0.736310778,0.736310778,0.736310778,0.736310778,0.736310778,0.736310778,0.736310778,0.736310778,0.736310778,0.736310778,0.736310778,0.736310778,0.736310778,0.736310778,0.736310778,0.736310778,0.736310778,0.736310778,0.736310778,0.736310778,0.736310778,0.736310778,0.736310778,0.736310778,0.736310778,0.736310778,0.736310778,0.736310778,0.736310778,0.736310778,0.736310778,0.736310778,0.736310778,0.736310778,0.736310778,0.736310778,0.736310778,0.736310778,0.736310778,0.736310778,0.736310778,0.736310778,0.736310778,0.736310778,0.736310778,0.736310778,0.736310778,0.736310778,0.736310778,0.736310778,0.638136008,0.638136008,0.638136008,0.638136008,0.638136008,0.539961237,0.539961237,0.539961237,0.539961237,0.441786467,0.441786467,0.441786467,0.343611696,0.343611696,0.343611696,0.343611696,0.245436926,0.245436926,0.245436926,0.245436926,0.245436926,0.245436926,0.147262156,0.147262156,0.147262156,0.147262156,0.147262156,0.0490873852,0.0490873852,0.147262156,0.147262156,0.147262156,0.245436926,0.343611696,0.343611696,0.441786467,0.539961237,0.539961237,0.638136008,0.638136008,0.736310778,0.736310778,0.736310778,0.736310778,0.736310778,0.736310778,0.736310778,0.736310778,0.736310778,0.736310778,0.736310778,0.736310778,0.736310778,0.638136008,0.638136008,0.638136008,0.638136008,0.638136008,0.539961237,0.539961237,0.539961237,0.539961237,0.539961237,0.539961237,0.539961237,0.539961237,0.539961237,0.539961237,0.539961237,0.441786467,0.539961237,0.441786467
158.013528824,C01,AP01,client_to_ap,VHT,2,2,2,80,SU,1,4,122,6637c97e16e6ce8a,0.736310778,0.834485549,0.736310778,0.736310778,0.736310778,0.736310778,0.736310778,0.736310778,0.736310778,0.736310778,0.736310778,0.736310778,0.736310778,0.736310778,0.736310778,0.736310778,0.736310778,0.736310778,0.736310778,0.736310778,0.736310778,0.736310778,0.736310778,0.736310778,0.736310778,0.736310778,0.736310778,0.736310778,0.736310778,0.736310778,0.736310778,0.736310778,0.736310778,0.736310778,0.736310778,0.736310778,0.736310778,0.736310778,0.736310778,0.736310778,0.736310778,0.736310778,0.736310778,0.736310778,0.736310778,0.736310778,0.736310778,0.736310778,0.736310778,0.736310778,0.638136008,0.638136008,0.638136008,0.638136008,0.638136008,0.638136008,0.539961237,0.539961237,0.539961237,0.539961237,0.441786467,0.441786467,0.441786467,0.343611696,0.343611696,0.343611696,0.343611696,0.245436926,0.245436926,0.245436926,0.245436926,0.245436926,0.245436926,0.147262156,0.147262156,0.147262156,0.147262156,0.147262156,0.147262156,0.147262156,0.147262156,0.245436926,0.245436926,0.343611696,0.441786467,0.441786467,0.539961237,0.638136008,0.638136008,0.638136008,0.736310778,0.736310778,0.736310778,0.834485549,0.834485549,0.834485549,0.736310778,0.736310778,0.736310778,0.736310778,0.736310778,0.736310778,0.736310778,0.638136008,0.638136008,0.638136008,0.638136008,0.638136008,0.638136008,0.539961237,0.539961237,0.539961237,0.539961237,0.539961237,0.539961237,0.539961237,0.539961237,0.539961237,0.539961237,0.539961237,0.539961237,0.539961237
159.344744921,C01,AP01,client_to_ap,VHT,2,2,2,80,SU,1,4,122,6637c97e16e6ce8a,0.736310778,0.834485549,0.834485549,0.834485549,0.736310778,0.736310778,0.736310778,0.736310778,0.736310778,0.736310778,0.736310778,0.736310778,0.736310778,0.736310778,0.736310778,0.736310778,0.736310778,0.736310778,0.736310778,0.736310778,0.736310778,0.736310778,0.736310778,0.736310778,0.736310778,0.736310778,0.736310778,0.736310778,0.736310778,0.736310778,0.736310778,0.736310778,0.736310778,0.736310778,0.736310778,0.736310778,0.736310778,0.736310778,0.736310778,0.736310778,0.736310778,0.736310778,0.736310778,0.736310778,0.736310778,0.736310778,0.736310778,0.736310778,0.736310778,0.736310778,0.736310778,0.638136008,0.638136008,0.638136008,0.638136008,0.638136008,0.539961237,0.539961237,0.539961237,0.539961237,0.441786467,0.441786467,0.441786467,0.343611696,0.343611696,0.343611696,0.343611696,0.245436926,0.245436926,0.245436926,0.245436926,0.245436926,0.245436926,0.147262156,0.147262156,0.147262156,0.147262156,0.147262156,0.147262156,0.147262156,0.147262156,0.245436926,0.245436926,0.343611696,0.441786467,0.539961237,0.539961237,0.638136008,0.638136008,0.736310778,0.736310778,0.834485549,0.834485549,0.834485549,0.834485549,0.834485549,0.834485549,0.834485549,0.834485549,0.736310778,0.736310778,0.736310778,0.736310778,0.736310778,0.638136008,0.638136008,0.638136008,0.638136008,0.638136008,0.638136008,0.539961237,0.539961237,0.539961237,0.539961237,0.539961237,0.539961237,0.539961237,0.539961237,0.539961237,0.539961237,0.539961237,0.539961237
160.672973871,C01,AP01,client_to_ap,VHT,2,2,2,80,SU,1,4,122,6637c97e16e6ce8a,0.736310778,0.736310778,0.736310778,0.736310778,0.736310778,0.736310778,0.736310778,0.736310778,0.736310778,0.736310778,0.736310778,0.736310778,0.736310778,0.736310778,0.736310778,0.736310778,0.736310778,0.736310778,0.736310778,0.736310778,0.736310778,0.736310778,0.736310778,0.736310778,0.736310778,0.736310778,0.736310778,0.736310778,0.736310778,0.736310778,0.736310778,0.736310778,0.736310778,0.736310778,0.736310778,0.736310778,0.736310778,0.736310778,0.736310778,0.736310778,0.736310778,0.736310778,0.736310778,0.736310778,0.736310778,0.736310778,0.736310778,0.736310778,0.736310778,0.638136008,0.638136008,0.638136008,0.638136008,0.638136008,0.638136008,0.539961237,0.539961237,0.539961237,0.539961237,0.441786467,0.441786467,0.441786467,0.441786467,0.343611696,0.343611696,0.343611696,0.343611696,0.245436926,0.245436926,0.245436926,0.245436926,0.245436926,0.147262156,0.147262156,0.147262156,0.147262156,0.147262156,0.147262156,0.147262156,0.147262156,0.147262156,0.245436926,0.245436926,0.343611696,0.343611696,0.441786467,0.539961237,0.539961237,0.638136008,0.638136008,0.736310778,0.736310778,0.736310778,0.736310778,0.736310778,0.834485549,0.834485549,0.736310778,0.736310778,0.736310778,0.736310778,0.736310778,0.736310778,0.638136008,0.638136008,0.638136008,0.638136008,0.638136008,0.638136008,0.539961237,0.539961237,0.539961237,0.539961237,0.539961237,0.539961237,0.539961237,0.539961237,0.539961237,0.539961237,0.441786467,0.539961237,0.539961237
162.002992868,C01,AP01,client_to_ap,VHT,2,2,2,80,SU,1,4,122,6637c97e16e6ce8a,0.736310778,0.736310778,0.736310778,0.736310778,0.736310778,0.736310778,0.736310778,0.736310778,0.736310778,0.736310778,0.736310778,0.736310778,0.736310778,0.736310778,0.736310778,0.736310778,0.736310778,0.736310778,0.736310778,0.736310778,0.736310778,0.736310778,0.736310778,0.736310778,0.736310778,0.736310778,0.736310778,0.736310778,0.736310778,0.736310778,0.736310778,0.736310778,0.736310778,0.736310778,0.736310778,0.736310778,0.736310778,0.736310778,0.736310778,0.736310778,0.736310778,0.736310778,0.736310778,0.736310778,0.736310778,0.736310778,0.736310778,0.736310778,0.736310778,0.638136008,0.638136008,0.638136008,0.638136008,0.638136008,0.638136008,0.539961237,0.539961237,0.539961237,0.539961237,0.441786467,0.441786467,0.441786467,0.441786467,0.343611696,0.343611696,0.343611696,0.343611696,0.245436926,0.245436926,0.245436926,0.245436926,0.245436926,0.147262156,0.147262156,0.147262156,0.147262156,0.147262156,0.147262156,0.147262156,0.147262156,0.147262156,0.245436926,0.245436926,0.245436926,0.343611696,0.441786467,0.539961237,0.539961237,0.539961237,0.638136008,0.736310778,0.736310778,0.736310778,0.736310778,0.736310778,0.736310778,0.736310778,0.736310778,0.736310778,0.736310778,0.736310778,0.736310778,0.638136008,0.638136008,0.638136008,0.638136008,0.638136008,0.638136008,0.539961237,0.539961237,0.539961237,0.539961237,0.539961237,0.539961237,0.539961237,0.539961237,0.539961237,0.539961237,0.539961237,0.441786467,0.441786467,0.539961237
163.334901810,C01,AP01,client_to_ap,VHT,2,2,2,80,SU,1,4,122,6637c97e16e6ce8a,0.736310778,0.736310778,0.736310778,0.736310778,0.736310778,0.736310778,0.736310778,0.736310778,0.736310778,0.736310778,0.736310778,0.736310778,0.736310778,0.736310778,0.736310778,0.736310778,0.736310778,0.736310778,0.736310778,0.736310778,0.736310778,0.736310778,0.736310778,0.736310778,0.736310778,0.736310778,0.736310778,0.736310778,0.736310778,0.736310778,0.736310778,0.736310778,0.736310778,0.736310778,0.736310778,0.736310778,0.736310778,0.736310778,0.736310778,0.736310778,0.736310778,0.736310778,0.736310778,0.736310778,0.736310778,0.736310778,0.736310778,0.736310778,0.736310778,0.736310778,0.638136008,0.638136008,0.638136008,0.638136008,0.638136008,0.539961237,0.539961237,0.539961237,0.539961237,0.441786467,0.441786467,0.441786467,0.441786467,0.343611696,0.343611696,0.343611696,0.343611696,0.245436926,0.245436926,0.245436926,0.245436926,0.245436926,0.245436926,0.147262156,0.147262156,0.147262156,0.147262156,0.147262156,0.147262156,0.147262156,0.147262156,0.245436926,0.245436926,0.343611696,0.343611696,0.441786467,0.539961237,0.638136008,0.638136008,0.638136008,0.736310778,0.736310778,0.736310778,0.736310778,0.834485549,0.736310778,0.736310778,0.736310778,0.736310778,0.736310778,0.736310778,0.736310778,0.736310778,0.638136008,0.638136008,0.638136008,0.638136008,0.638136008,0.539961237,0.539961237,0.539961237,0.539961237,0.539961237,0.539961237,0.539961237,0.539961237,0.539961237,0.539961237,0.539961237,0.539961237,0.539961237,0.441786467
164.666671991,C01,AP01,client_to_ap,VHT,2,2,2,80,SU,1,4,122,6637c97e16e6ce8a,0.736310778,0.736310778,0.736310778,0.736310778,0.736310778,0.736310778,0.736310778,0.736310778,0.736310778,0.736310778,0.736310778,0.736310778,0.736310778,0.736310778,0.736310778,0.736310778,0.736310778,0.736310778,0.736310778,0.736310778,0.736310778,0.736310778,0.736310778,0.736310778,0.736310778,0.736310778,0.736310778,0.736310778,0.736310778,0.736310778,0.736310778,0.736310778,0.736310778,0.736310778,0.736310778,0.736310778,0.736310778,0.736310778,0.736310778,0.736310778,0.736310778,0.736310778,0.736310778,0.736310778,0.736310778,0.736310778,0.736310778,0.736310778,0.736310778,0.736310778,0.638136008,0.638136008,0.638136008,0.638136008,0.638136008,0.539961237,0.539961237,0.539961237,0.539961237,0.539961237,0.441786467,0.441786467,0.441786467,0.343611696,0.343611696,0.343611696,0.343611696,0.245436926,0.245436926,0.245436926,0.245436926,0.245436926,0.245436926,0.147262156,0.147262156,0.147262156,0.147262156,0.147262156,0.147262156,0.147262156,0.147262156,0.245436926,0.245436926,0.343611696,0.343611696,0.441786467,0.539961237,0.539961237,0.638136008,0.638136008,0.736310778,0.736310778,0.736310778,0.736310778,0.736310778,0.736310778,0.736310778,0.736310778,0.736310778,0.736310778,0.736310778,0.736310778,0.736310778,0.736310778,0.638136008,0.638136008,0.638136008,0.638136008,0.539961237,0.539961237,0.539961237,0.539961237,0.539961237,0.539961237,0.539961237,0.539961237,0.539961237,0.539961237,0.539961237,0.539961237,0.539961237,0.441786467
166.003012896,C01,AP01,client_to_ap,VHT,2,2,2,80,SU,1,4,122,6637c97e16e6ce8a,0.736310778,0.736310778,0.736310778,0.736310778,0.736310778,0.736310778,0.736310778,0.736310778,0.736310778,0.736310778,0.736310778,0.736310778,0.736310778,0.736310778,0.736310778,0.736310778,0.736310778,0.736310778,0.736310778,0.736310778,0.736310778,0.736310778,0.736310778,0.736310778,0.736310778,0.736310778,0.736310778,0.736310778,0.736310778,0.736310778,0.736310778,0.736310778,0.736310778,0.736310778,0.736310778,0.736310778,0.736310778,0.736310778,0.736310778,0.736310778,0.736310778,0.736310778,0.736310778,0.736310778,0.736310778,0.736310778,0.736310778,0.736310778,0.736310778,0.736310778,0.638136008,0.638136008,0.638136008,0.638136008,0.638136008,0.539961237,0.539961237,0.539961237,0.539961237,0.539961237,0.441786467,0.441786467,0.441786467,0.343611696,0.343611696,0.343611696,0.343611696,0.245436926,0.245436926,0.245436926,0.245436926,0.245436926,0.245436926,0.147262156,0.147262156,0.147262156,0.147262156,0.147262156,0.147262156,0.147262156,0.147262156,0.245436926,0.245436926,0.343611696,0.343611696,0.441786467,0.539961237,0.539961237,0.638136008,0.638136008,0.736310778,0.736310778,0.736310778,0.736310778,0.736310778,0.736310778,0.834485549,0.736310778,0.736310778,0.736310778,0.736310778,0.736310778,0.736310778,0.638136008,0.638136008,0.638136008,0.638136008,0.638136008,0.539961237,0.539961237,0.539961237,0.539961237,0.539961237,0.539961237,0.539961237,0.539961237,0.539961237,0.539961237,0.441786467,0.539961237,0.539961237,0.441786467
167.335680962,C01,AP01,client_to_ap,VHT,2,2,2,80,SU,1,4,122,6637c97e16e6ce8a,0.736310778,0.736310778,0.736310778,0.736310778,0.736310778,0.736310778,0.736310778,0.736310778,0.736310778,0.736310778,0.736310778,0.736310778,0.736310778,0.736310778,0.736310778,0.736310778,0.736310778,0.736310778,0.736310778,0.736310778,0.736310778,0.736310778,0.736310778,0.736310778,0.736310778,0.736310778,0.736310778,0.736310778,0.736310778,0.736310778,0.736310778,0.736310778,0.736310778,0.736310778,0.736310778,0.736310778,0.736310778,0.736310778,0.736310778,0.736310778,0.736310778,0.736310778,0.736310778,0.736310778,0.736310778,0.736310778,0.736310778,0.736310778,0.736310778,0.736310778,0.638136008,0.638136008,0.638136008,0.638136008,0.638136008,0.539961237,0.539961237,0.539961237,0.539961237,0.539961237,0.441786467,0.441786467,0.441786467,0.343611696,0.343611696,0.343611696,0.343611696,0.245436926,0.245436926,0.245436926,0.245436926,0.245436926,0.245436926,0.147262156,0.147262156,0.147262156,0.147262156,0.147262156,0.147262156,0.147262156,0.147262156,0.245436926,0.245436926,0.343611696,0.343611696,0.441786467,0.539961237,0.539961237,0.638136008,0.638136008,0.736310778,0.736310778,0.736310778,0.736310778,0.736310778,0.736310778,0.736310778,0.736310778,0.736310778,0.736310778,0.736310778,0.736310778,0.736310778,0.638136008,0.638136008,0.638136008,0.638136008,0.638136008,0.539961237,0.539961237,0.539961237,0.539961237,0.539961237,0.539961237,0.539961237,0.539961237,0.539961237,0.539961237,0.539961237,0.539961237,0.539961237,0.441786467
168.666495800,C01,AP01,client_to_ap,VHT,2,2,2,80,SU,1,4,122,6637c97e16e6ce8a,0.736310778,0.736310778,0.736310778,0.736310778,0.736310778,0.736310778,0.736310778,0.736310778,0.736310778,0.736310778,0.736310778,0.736310778,0.736310778,0.736310778,0.736310778,0.736310778,0.736310778,0.736310778,0.736310778,0.736310778,0.736310778,0.736310778,0.736310778,0.736310778,0.736310778,0.736310778,0.736310778,0.736310778,0.736310778,0.736310778,0.736310778,0.736310778,0.736310778,0.736310778,0.736310778,0.736310778,0.736310778,0.736310778,0.736310778,0.736310778,0.736310778,0.736310778,0.736310778,0.736310778,0.736310778,0.736310778,0.736310778,0.736310778,0.638136008,0.638136008,0.638136008,0.638136008,0.638136008,0.638136008,0.638136008,0.539961237,0.539961237,0.539961237,0.539961237,0.441786467,0.441786467,0.441786467,0.343611696,0.343611696,0.343611696,0.343611696,0.245436926,0.245436926,0.245436926,0.245436926,0.245436926,0.245436926,0.147262156,0.147262156,0.147262156,0.147262156,0.0490873852,0.0490873852,0.0490873852,0.0490873852,0.147262156,0.245436926,0.245436926,0.343611696,0.343611696,0.441786467,0.539961237,0.539961237,0.638136008,0.638136008,0.736310778,0.736310778,0.736310778,0.736310778,0.736310778,0.736310778,0.736310778,0.736310778,0.736310778,0.736310778,0.736310778,0.736310778,0.638136008,0.638136008,0.638136008,0.638136008,0.638136008,0.638136008,0.539961237,0.539961237,0.539961237,0.539961237,0.539961237,0.539961237,0.539961237,0.539961237,0.539961237,0.539961237,0.539961237,0.539961237,0.539961237,0.441786467
170.003096819,C01,AP01,client_to_ap,VHT,2,2,2,80,SU,1,4,122,6637c97e16e6ce8a,0.736310778,0.736310778,0.736310778,0.736310778,0.736310778,0.736310778,0.736310778,0.736310778,0.736310778,0.736310778,0.736310778,0.736310778,0.736310778,0.736310778,0.736310778,0.736310778,0.736310778,0.736310778,0.736310778,0.736310778,0.736310778,0.736310778,0.736310778,0.736310778,0.736310778,0.736310778,0.736310778,0.736310778,0.736310778,0.736310778,0.736310778,0.736310778,0.736310778,0.736310778,0.736310778,0.736310778,0.736310778,0.736310778,0.736310778,0.736310778,0.736310778,0.736310778,0.736310778,0.736310778,0.736310778,0.736310778,0.736310778,0.736310778,0.736310778,0.736310778,0.736310778,0.638136008,0.638136008,0.638136008,0.638136008,0.638136008,0.539961237,0.539961237,0.539961237,0.539961237,0.441786467,0.441786467,0.441786467,0.343611696,0.343611696,0.343611696,0.343611696,0.245436926,0.245436926,0.245436926,0.245436926,0.245436926,0.245436926,0.147262156,0.147262156,0.147262156,0.147262156,0.147262156,0.147262156,0.147262156,0.147262156,0.245436926,0.245436926,0.343611696,0.343611696,0.441786467,0.539961237,0.638136008,0.638136008,0.638136008,0.736310778,0.736310778,0.834485549,0.736310778,0.834485549,0.834485549,0.834485549,0.736310778,0.736310778,0.736310778,0.736310778,0.736310778,0.736310778,0.638136008,0.638136008,0.638136008,0.638136008,0.638136008,0.638136008,0.539961237,0.539961237,0.539961237,0.539961237,0.539961237,0.539961237,0.539961237,0.539961237,0.539961237,0.539961237,0.539961237,0.539961237,0.441786467
171.334765911,C01,AP01,client_to_ap,VHT,2,2,2,80,SU,1,4,122,6637c97e16e6ce8a,0.736310778,0.736310778,0.736310778,0.736310778,0.736310778,0.736310778,0.736310778,0.736310778,0.736310778,0.736310778,0.736310778,0.736310778,0.736310778,0.736310778,0.736310778,0.736310778,0.736310778,0.736310778,0.736310778,0.736310778,0.736310778,0.736310778,0.736310778,0.736310778,0.736310778,0.736310778,0.736310778,0.736310778,0.736310778,0.736310778,0.736310778,0.736310778,0.736310778,0.736310778,0.736310778,0.736310778,0.736310778,0.736310778,0.736310778,0.736310778,0.736310778,0.736310778,0.736310778,0.736310778,0.736310778,0.736310778,0.736310778,0.736310778,0.736310778,0.638136008,0.638136008,0.638136008,0.638136008,0.638136008,0.638136008,0.638136008,0.539961237,0.539961237,0.539961237,0.539961237,0.441786467,0.441786467,0.441786467,0.343611696,0.343611696,0.343611696,0.343611696,0.245436926,0.245436926,0.245436926,0.245436926,0.245436926,0.245436926,0.147262156,0.147262156,0.147262156,0.147262156,0.147262156,0.147262156,0.147262156,0.147262156,0.147262156,0.245436926,0.245436926,0.343611696,0.441786467,0.539961237,0.539961237,0.638136008,0.638136008,0.736310778,0.736310778,0.736310778,0.736310778,0.834485549,0.736310778,0.736310778,0.736310778,0.736310778,0.736310778,0.736310778,0.736310778,0.736310778,0.638136008,0.638136008,0.638136008,0.638136008,0.638136008,0.539961237,0.539961237,0.539961237,0.539961237,0.539961237,0.539961237,0.539961237,0.539961237,0.539961237,0.539961237,0.539961237,0.539961237,0.441786467,0.539961237
172.667324781,C01,AP01,client_to_ap,VHT,2,2,2,80,SU,1,4,122,6637c97e16e6ce8a,0.736310778,0.736310778,0.736310778,0.736310778,0.736310778,0.736310778,0.736310778,0.736310778,0.736310778,0.736310778,0.736310778,0.736310778,0.736310778,0.736310778,0.736310778,0.736310778,0.736310778,0.736310778,0.736310778,0.736310778,0.736310778,0.736310778,0.736310778,0.736310778,0.736310778,0.736310778,0.736310778,0.736310778,0.736310778,0.736310778,0.736310778,0.736310778,0.736310778,0.736310778,0.736310778,0.736310778,0.736310778,0.736310778,0.736310778,0.736310778,0.736310778,0.736310778,0.736310778,0.736310778,0.736310778,0.736310778,0.736310778,0.736310778,0.736310778,0.736310778,0.638136008,0.638136008,0.638136008,0.638136008,0.638136008,0.638136008,0.539961237,0.539961237,0.539961237,0.539961237,0.441786467,0.441786467,0.441786467,0.343611696,0.343611696,0.343611696,0.343611696,0.245436926,0.245436926,0.245436926,0.245436926,0.245436926,0.245436926,0.147262156,0.147262156,0.147262156,0.147262156,0.147262156,0.147262156,0.147262156,0.147262156,0.245436926,0.245436926,0.343611696,0.343611696,0.441786467,0.539961237,0.539961237,0.638136008,0.638136008,0.736310778,0.736310778,0.736310778,0.736310778,0.736310778,0.736310778,0.736310778,0.736310778,0.736310778,0.736310778,0.736310778,0.736310778,0.736310778,0.638136008,0.638136008,0.638136008,0.638136008,0.638136008,0.539961237,0.539961237,0.539961237,0.539961237,0.539961237,0.539961237,0.539961237,0.539961237,0.539961237,0.539961237,0.539961237,0.441786467,0.539961237,0.539961237
173.998255014,C01,AP01,client_to_ap,VHT,2,2,2,80,SU,1,4,122,6637c97e16e6ce8a,0.834485549,0.736310778,0.736310778,0.736310778,0.736310778,0.736310778,0.736310778,0.736310778,0.736310778,0.736310778,0.736310778,0.736310778,0.736310778,0.736310778,0.736310778,0.736310778,0.736310778,0.736310778,0.736310778,0.736310778,0.736310778,0.736310778,0.736310778,0.736310778,0.736310778,0.736310778,0.736310778,0.736310778,0.736310778,0.736310778,0.736310778,0.736310778,0.736310778,0.736310778,0.736310778,0.736310778,0.736310778,0.736310778,0.736310778,0.736310778,0.736310778,0.736310778,0.736310778,0.736310778,0.736310778,0.736310778,0.736310778,0.736310778,0.736310778,0.736310778,0.638136008,0.638136008,0.638136008,0.638136008,0.638136008,0.539961237,0.539961237,0.539961237,0.539961237,0.539961237,0.441786467,0.441786467,0.441786467,0.343611696,0.343611696,0.343611696,0.343611696,0.245436926,0.245436926,0.245436926,0.245436926,0.245436926,0.245436926,0.147262156,0.147262156,0.147262156,0.147262156,0.147262156,0.147262156,0.147262156,0.147262156,0.245436926,0.245436926,0.343611696,0.441786467,0.441786467,0.539961237,0.539961237,0.638136008,0.638136008,0.736310778,0.736310778,0.736310778,0.834485549,0.834485549,0.736310778,0.736310778,0.736310778,0.736310778,0.736310778,0.736310778,0.736310778,0.736310778,0.638136008,0.638136008,0.638136008,0.638136008,0.638136008,0.539961237,0.539961237,0.539961237,0.539961237,0.539961237,0.539961237,0.539961237,0.539961237,0.539961237,0.539961237,0.539961237,0.539961237,0.441786467,0.441786467
175.326242924,C01,AP01,client_to_ap,VHT,2,2,2,80,SU,1,4,122,6637c97e16e6ce8a,0.834485549,0.736310778,0.736310778,0.736310778,0.736310778,0.736310778,0.736310778,0.736310778,0.736310778,0.736310778,0.736310778,0.736310778,0.736310778,0.736310778,0.736310778,0.736310778,0.736310778,0.736310778,0.736310778,0.736310778,0.736310778,0.736310778,0.736310778,0.736310778,0.736310778,0.736310778,0.736310778,0.736310778,0.736310778,0.736310778,0.736310778,0.736310778,0.736310778,0.736310778,0.736310778,0.736310778,0.736310778,0.736310778,0.736310778,0.736310778,0.736310778,0.736310778,0.736310778,0.736310778,0.736310778,0.736310778,0.736310778,0.736310778,0.736310778,0.736310778,0.638136008,0.638136008,0.638136008,0.638136008,0.638136008,0.638136008,0.539961237,0.539961237,0.539961237,0.539961237,0.441786467,0.441786467,0.441786467,0.343611696,0.343611696,0.343611696,0.343611696,0.343611696,0.245436926,0.245436926,0.245436926,0.245436926,0.245436926,0.147262156,0.147262156,0.147262156,0.147262156,0.147262156,0.147262156,0.147262156,0.147262156,0.147262156,0.245436926,0.343611696,0.343611696,0.441786467,0.539961237,0.539961237,0.638136008,0.638136008,0.736310778,0.736310778,0.736310778,0.736310778,0.834485549,0.736310778,0.736310778,0.736310778,0.736310778,0.736310778,0.736310778,0.736310778,0.736310778,0.638136008,0.638136008,0.638136008,0.638136008,0.638136008,0.638136008,0.539961237,0.539961237,0.539961237,0.539961237,0.539961237,0.539961237,0.539961237,0.539961237,0.539961237,0.539961237,0.441786467,0.441786467,0.539961237
176.657820940,C01,AP01,client_to_ap,VHT,2,2,2,80,SU,1,4,122,6637c97e16e6ce8a,0.736310778,0.736310778,0.736310778,0.736310778,0.736310778,0.736310778,0.736310778,0.736310778,0.736310778,0.736310778,0.736310778,0.736310778,0.736310778,0.736310778,0.736310778,0.736310778,0.736310778,0.736310778,0.736310778,0.736310778,0.736310778,0.736310778,0.736310778,0.736310778,0.736310778,0.736310778,0.736310778,0.736310778,0.736310778,0.736310778,0.736310778,0.736310778,0.736310778,0.736310778,0.736310778,0.736310778,0.736310778,0.736310778,0.736310778,0.736310778,0.736310778,0.736310778,0.736310778,0.736310778,0.736310778,0.736310778,0.736310778,0.736310778,0.736310778,0.638136008,0.638136008,0.638136008,0.638136008,0.638136008,0.638136008,0.539961237,0.539961237,0.539961237,0.539961237,0.539961237,0.441786467,0.441786467,0.441786467,0.343611696,0.343611696,0.343611696,0.343611696,0.245436926,0.245436926,0.245436926,0.245436926,0.245436926,0.245436926,0.147262156,0.147262156,0.147262156,0.147262156,0.147262156,0.147262156,0.147262156,0.147262156,0.245436926,0.245436926,0.245436926,0.343611696,0.441786467,0.539961237,0.539961237,0.638136008,0.638136008,0.736310778,0.736310778,0.736310778,0.736310778,0.834485549,0.834485549,0.736310778,0.736310778,0.736310778,0.736310778,0.736310778,0.736310778,0.736310778,0.638136008,0.638136008,0.638136008,0.638136008,0.638136008,0.539961237,0.539961237,0.539961237,0.539961237,0.539961237,0.539961237,0.539961237,0.539961237,0.539961237,0.539961237,0.539961237,0.539961237,0.539961237,0.441786467
177.993276834,C01,AP01,client_to_ap,VHT,2,2,2,80,SU,1,4,122,6637c97e16e6ce8a,0.736310778,0.736310778,0.736310778,0.736310778,0.736310778,0.736310778,0.736310778,0.736310778,0.736310778,0.736310778,0.736310778,0.736310778,0.736310778,0.736310778,0.736310778,0.736310778,0.736310778,0.736310778,0.736310778,0.736310778,0.736310778,0.736310778,0.736310778,0.736310778,0.736310778,0.736310778,0.736310778,0.736310778,0.736310778,0.736310778,0.736310778,0.736310778,0.736310778,0.736310778,0.736310778,0.736310778,0.736310778,0.736310778,0.736310778,0.736310778,0.736310778,0.736310778,0.736310778,0.736310778,0.736310778,0.736310778,0.736310778,0.736310778,0.736310778,0.736310778,0.638136008,0.638136008,0.638136008,0.638136008,0.638136008,0.539961237,0.539961237,0.539961237,0.539961237,0.539961237,0.441786467,0.441786467,0.441786467,0.343611696,0.343611696,0.343611696,0.343611696,0.245436926,0.245436926,0.245436926,0.245436926,0.245436926,0.245436926,0.147262156,0.147262156,0.147262156,0.147262156,0.147262156,0.147262156,0.147262156,0.147262156,0.245436926,0.245436926,0.343611696,0.343611696,0.441786467,0.441786467,0.539961237,0.638136008,0.638136008,0.736310778,0.736310778,0.736310778,0.736310778,0.736310778,0.736310778,0.736310778,0.736310778,0.736310778,0.736310778,0.736310778,0.736310778,0.736310778,0.638136008,0.638136008,0.638136008,0.638136008,0.638136008,0.539961237,0.539961237,0.539961237,0.539961237,0.539961237,0.539961237,0.539961237,0.539961237,0.539961237,0.539961237,0.539961237,0.539961237,0.539961237,0.441786467
179.324406862,C01,AP01,client_to_ap,VHT,2,2,2,80,SU,1,4,122,6637c97e16e6ce8a,0.834485549,0.736310778,0.736310778,0.736310778,0.736310778,0.736310778,0.736310778,0.736310778,0.736310778,0.736310778,0.736310778,0.736310778,0.736310778,0.736310778,0.736310778,0.736310778,0.736310778,0.736310778,0.736310778,0.736310778,0.736310778,0.736310778,0.736310778,0.736310778,0.736310778,0.736310778,0.736310778,0.736310778,0.736310778,0.736310778,0.736310778,0.736310778,0.736310778,0.736310778,0.736310778,0.736310778,0.736310778,0.736310778,0.736310778,0.736310778,0.736310778,0.736310778,0.736310778,0.736310778,0.736310778,0.736310778,0.736310778,0.736310778,0.736310778,0.736310778,0.638136008,0.638136008,0.638136008,0.638136008,0.638136008,0.539961237,0.539961237,0.539961237,0.539961237,0.441786467,0.441786467,0.441786467,0.441786467,0.343611696,0.343611696,0.343611696,0.343611696,0.245436926,0.245436926,0.245436926,0.245436926,0.245436926,0.245436926,0.147262156,0.147262156,0.147262156,0.147262156,0.147262156,0.147262156,0.147262156,0.147262156,0.245436926,0.245436926,0.343611696,0.343611696,0.441786467,0.539961237,0.539961237,0.638136008,0.638136008,0.638136008,0.736310778,0.736310778,0.736310778,0.736310778,0.736310778,0.736310778,0.736310778,0.736310778,0.736310778,0.736310778,0.736310778,0.736310778,0.638136008,0.638136008,0.638136008,0.638136008,0.638136008,0.539961237,0.539961237,0.539961237,0.539961237,0.539961237,0.539961237,0.539961237,0.539961237,0.539961237,0.539961237,0.539961237,0.539961237,0.539961237,0.441786467
180.656785965,C01,AP01,client_to_ap,VHT,2,2,2,80,SU,1,4,122,6637c97e16e6ce8a,0.736310778,0.736310778,0.736310778,0.736310778,0.736310778,0.736310778,0.736310778,0.736310778,0.736310778,0.736310778,0.736310778,0.736310778,0.736310778,0.736310778,0.736310778,0.736310778,0.736310778,0.736310778,0.736310778,0.736310778,0.736310778,0.736310778,0.736310778,0.736310778,0.736310778,0.736310778,0.736310778,0.736310778,0.736310778,0.736310778,0.736310778,0.736310778,0.736310778,0.736310778,0.736310778,0.736310778,0.736310778,0.736310778,0.736310778,0.736310778,0.736310778,0.736310778,0.736310778,0.736310778,0.736310778,0.736310778,0.736310778,0.736310778,0.736310778,0.638136008,0.638136008,0.638136008,0.638136008,0.638136008,0.638136008,0.638136008,0.539961237,0.539961237,0.539961237,0.539961237,0.441786467,0.441786467,0.441786467,0.343611696,0.343611696,0.343611696,0.343611696,0.245436926,0.245436926,0.245436926,0.245436926,0.245436926,0.245436926,0.147262156,0.147262156,0.147262156,0.147262156,0.147262156,0.147262156,0.147262156,0.147262156,0.245436926,0.245436926,0.343611696,0.343611696,0.441786467,0.539961237,0.539961237,0.638136008,0.638136008,0.736310778,0.736310778,0.736310778,0.736310778,0.736310778,0.736310778,0.736310778,0.736310778,0.736310778,0.736310778,0.736310778,0.736310778,0.736310778,0.638136008,0.638136008,0.638136008,0.638136008,0.638136008,0.539961237,0.539961237,0.539961237,0.539961237,0.539961237,0.539961237,0.539961237,0.539961237,0.539961237,0.539961237,0.539961237,0.539961237,0.539961237,0.539961237
181.993208885,C01,AP01,client_to_ap,VHT,2,2,2,80,SU,1,4,122,6637c97e16e6ce8a,0.736310778,0.736310778,0.736310778,0.736310778,0.736310778,0.736310778,0.736310778,0.736310778,0.736310778,0.736310778,0.736310778,0.736310778,0.736310778,0.736310778,0.736310778,0.736310778,0.736310778,0.736310778,0.736310778,0.736310778,0.736310778,0.736310778,0.736310778,0.736310778,0.736310778,0.736310778,0.736310778,0.736310778,0.736310778,0.736310778,0.736310778,0.736310778,0.736310778,0.736310778,0.736310778,0.736310778,0.736310778,0.736310778,0.736310778,0.736310778,0.736310778,0.736310778,0.736310778,0.736310778,0.736310778,0.736310778,0.736310778,0.736310778,0.736310778,0.736310778,0.638136008,0.638136008,0.638136008,0.638136008,0.638136008,0.539961237,0.539961237,0.539961237,0.539961237,0.441786467,0.441786467,0.441786467,0.441786467,0.343611696,0.343611696,0.343611696,0.343611696,0.245436926,0.245436926,0.245436926,0.245436926,0.245436926,0.245436926,0.147262156,0.147262156,0.147262156,0.147262156,0.147262156,0.147262156,0.147262156,0.147262156,0.245436926,0.245436926,0.245436926,0.343611696,0.441786467,0.539961237,0.539961237,0.638136008,0.638136008,0.736310778,0.736310778,0.736310778,0.736310778,0.736310778,0.736310778,0.736310778,0.736310778,0.736310778,0.736310778,0.736310778,0.736310778,0.736310778,0.638136008,0.638136008,0.638136008,0.638136008,0.638136008,0.539961237,0.539961237,0.539961237,0.539961237,0.539961237,0.539961237,0.539961237,0.539961237,0.539961237,0.539961237,0.539961237,0.441786467,0.539961237,0.441786467
183.325042963,C01,AP01,client_to_ap,VHT,2,2,2,80,SU,1,4,122,6637c97e16e6ce8a,0.736310778,0.736310778,0.736310778,0.736310778,0.736310778,0.736310778,0.736310778,0.736310778,0.736310778,0.736310778,0.736310778,0.736310778,0.736310778,0.736310778,0.736310778,0.736310778,0.736310778,0.736310778,0.736310778,0.736310778,0.736310778,0.736310778,0.736310778,0.736310778,0.736310778,0.736310778,0.736310778,0.736310778,0.736310778,0.736310778,0.736310778,0.736310778,0.736310778,0.736310778,0.736310778,0.736310778,0.736310778,0.736310778,0.736310778,0.736310778,0.736310778,0.736310778,0.736310778,0.736310778,0.736310778,0.736310778,0.736310778,0.736310778,0.736310778,0.638136008,0.638136008,0.638136008,0.638136008,0.638136008,0.638136008,0.539961237,0.539961237,0.539961237,0.539961237,0.441786467,0.441786467,0.441786467,0.441786467,0.343611696,0.343611696,0.343611696,0.343611696,0.245436926,0.245436926,0.245436926,0.245436926,0.245436926,0.245436926,0.147262156,0.147262156,0.147262156,0.147262156,0.147262156,0.147262156,0.147262156,0.147262156,0.245436926,0.245436926,0.245436926,0.343611696,0.441786467,0.441786467,0.539961237,0.638136008,0.638136008,0.736310778,0.736310778,0.736310778,0.736310778,0.834485549,0.736310778,0.736310778,0.736310778,0.736310778,0.736310778,0.736310778,0.736310778,0.736310778,0.638136008,0.638136008,0.638136008,0.638136008,0.638136008,0.539961237,0.539961237,0.539961237,0.539961237,0.539961237,0.539961237,0.539961237,0.539961237,0.539961237,0.539961237,0.441786467,0.539961237,0.539961237,0.441786467
184.656780005,C01,AP01,client_to_ap,VHT,2,2,2,80,SU,1,4,122,6637c97e16e6ce8a,0.736310778,0.736310778,0.736310778,0.736310778,0.736310778,0.736310778,0.736310778,0.736310778,0.736310778,0.736310778,0.736310778,0.736310778,0.736310778,0.736310778,0.736310778,0.736310778,0.736310778,0.736310778,0.736310778,0.736310778,0.736310778,0.736310778,0.736310778,0.736310778,0.736310778,0.736310778,0.736310778,0.736310778,0.736310778,0.736310778,0.736310778,0.736310778,0.736310778,0.736310778,0.736310778,0.736310778,0.736310778,0.736310778,0.736310778,0.736310778,0.736310778,0.736310778,0.736310778,0.736310778,0.736310778,0.736310778,0.736310778,0.736310778,0.736310778,0.638136008,0.638136008,0.638136008,0.638136008,0.638136008,0.638136008,0.539961237,0.539961237,0.539961237,0.539961237,0.441786467,0.441786467,0.441786467,0.343611696,0.343611696,0.343611696,0.343611696,0.343611696,0.245436926,0.245436926,0.245436926,0.245436926,0.245436926,0.147262156,0.147262156,0.147262156,0.147262156,0.147262156,0.147262156,0.147262156,0.147262156,0.147262156,0.245436926,0.245436926,0.245436926,0.343611696,0.441786467,0.441786467,0.539961237,0.539961237,0.638136008,0.736310778,0.736310778,0.736310778,0.736310778,0.736310778,0.736310778,0.736310778,0.736310778,0.736310778,0.736310778,0.736310778,0.736310778,0.638136008,0.638136008,0.638136008,0.638136008,0.638136008,0.539961237,0.539961237,0.539961237,0.539961237,0.539961237,0.539961237,0.539961237,0.539961237,0.539961237,0.539961237,0.539961237,0.539961237,0.441786467,0.539961237,0.441786467
185.993041992,C01,AP01,client_to_ap,VHT,2,2,2,80,SU,1,4,122,6637c97e16e6ce8a,0.736310778,0.736310778,0.736310778,0.736310778,0.736310778,0.736310778,0.736310778,0.736310778,0.736310778,0.736310778,0.736310778,0.736310778,0.736310778,0.736310778,0.736310778,0.736310778,0.736310778,0.736310778,0.736310778,0.736310778,0.736310778,0.736310778,0.736310778,0.736310778,0.736310778,0.736310778,0.736310778,0.736310778,0.736310778,0.736310778,0.736310778,0.736310778,0.736310778,0.736310778,0.736310778,0.736310778,0.736310778,0.736310778,0.736310778,0.736310778,0.736310778,0.736310778,0.736310778,0.736310778,0.736310778,0.736310778,0.736310778,0.736310778,0.736310778,0.638136008,0.638136008,0.638136008,0.638136008,0.638136008,0.638136008,0.638136008,0.539961237,0.539961237,0.539961237,0.539961237,0.441786467,0.441786467,0.441786467,0.343611696,0.343611696,0.343611696,0.343611696,0.245436926,0.245436926,0.245436926,0.245436926,0.245436926,0.245436926,0.147262156,0.147262156,0.147262156,0.147262156,0.147262156,0.147262156,0.147262156,0.147262156,0.245436926,0.245436926,0.245436926,0.343611696,0.441786467,0.539961237,0.539961237,0.638136008,0.638136008,0.736310778,0.736310778,0.736310778,0.736310778,0.736310778,0.736310778,0.736310778,0.736310778,0.736310778,0.736310778,0.736310778,0.736310778,0.736310778,0.638136008,0.638136008,0.638136008,0.638136008,0.638136008,0.638136008,0.539961237,0.539961237,0.539961237,0.539961237,0.539961237,0.539961237,0.539961237,0.539961237,0.539961237,0.539961237,0.441786467,0.539961237,0.539961237
187.325011969,C01,AP01,client_to_ap,VHT,2,2,2,80,SU,1,4,122,6637c97e16e6ce8a,0.736310778,0.736310778,0.736310778,0.736310778,0.736310778,0.736310778,0.736310778,0.736310778,0.736310778,0.736310778,0.736310778,0.736310778,0.736310778,0.736310778,0.736310778,0.736310778,0.736310778,0.736310778,0.736310778,0.736310778,0.736310778,0.736310778,0.736310778,0.736310778,0.736310778,0.736310778,0.736310778,0.736310778,0.736310778,0.736310778,0.736310778,0.736310778,0.736310778,0.736310778,0.736310778,0.736310778,0.736310778,0.736310778,0.736310778,0.736310778,0.736310778,0.736310778,0.736310778,0.736310778,0.736310778,0.736310778,0.736310778,0.638136008,0.736310778,0.638136008,0.638136008,0.638136008,0.638136008,0.638136008,0.638136008,0.539961237,0.539961237,0.539961237,0.539961237,0.441786467,0.441786467,0.441786467,0.343611696,0.343611696,0.343611696,0.343611696,0.343611696,0.245436926,0.245436926,0.245436926,0.245436926,0.245436926,0.245436926,0.147262156,0.147262156,0.147262156,0.147262156,0.147262156,0.147262156,0.147262156,0.147262156,0.147262156,0.245436926,0.245436926,0.343611696,0.441786467,0.441786467,0.539961237,0.539961237,0.638136008,0.638136008,0.736310778,0.736310778,0.736310778,0.736310778,0.736310778,0.736310778,0.736310778,0.736310778,0.736310778,0.736310778,0.736310778,0.638136008,0.638136008,0.638136008,0.638136008,0.638136008,0.539961237,0.539961237,0.539961237,0.539961237,0.539961237,0.539961237,0.539961237,0.539961237,0.539961237,0.539961237,0.441786467,0.539961237,0.441786467,0.441786467,0.441786467
188.657070875,C01,AP01,client_to_ap,VHT,2,2,2,80,SU,1,4,122,6637c97e16e6ce8a,0.736310778,0.736310778,0.736310778,0.736310778,0.736310778,0.736310778,0.736310778,0.736310778,0.736310778,0.736310778,0.736310778,0.736310778,0.736310778,0.736310778,0.736310778,0.736310778,0.736310778,0.736310778,0.736310778,0.736310778,0.736310778,0.736310778,0.736310778,0.736310778,0.736310778,0.736310778,0.736310778,0.736310778,0.736310778,0.736310778,0.736310778,0.736310778,0.736310778,0.736310778,0.736310778,0.736310778,0.736310778,0.736310778,0.736310778,0.736310778,0.736310778,0.736310778,0.736310778,0.736310778,0.736310778,0.736310778,0.736310778,0.736310778,0.736310778,0.736310778,0.638136008,0.638136008,0.638136008,0.638136008,0.638136008,0.539961237,0.539961237,0.539961237,0.539961237,0.539961237,0.441786467,0.441786467,0.441786467,0.343611696,0.343611696,0.343611696,0.343611696,0.245436926,0.245436926,0.245436926,0.245436926,0.245436926,0.245436926,0.147262156,0.147262156,0.147262156,0.147262156,0.147262156,0.147262156,0.147262156,0.147262156,0.245436926,0.245436926,0.245436926,0.343611696,0.441786467,0.539961237,0.539961237,0.638136008,0.638136008,0.736310778,0.736310778,0.736310778,0.736310778,0.736310778,0.736310778,0.736310778,0.736310778,0.736310778,0.736310778,0.736310778,0.736310778,0.736310778,0.638136008,0.638136008,0.638136008,0.638136008,0.638136008,0.539961237,0.539961237,0.539961237,0.539961237,0.539961237,0.539961237,0.539961237,0.539961237,0.539961237,0.539961237,0.539961237,0.539961237,0.539961237,0.441786467
189.993598938,C01,AP01,client_to_ap,VHT,2,2,2,80,SU,1,4,122,6637c97e16e6ce8a,0.736310778,0.736310778,0.736310778,0.736310778,0.736310778,0.736310778,0.736310778,0.736310778,0.736310778,0.736310778,0.736310778,0.736310778,0.736310778,0.736310778,0.736310778,0.736310778,0.736310778,0.736310778,0.736310778,0.736310778,0.736310778,0.736310778,0.736310778,0.736310778,0.736310778,0.736310778,0.736310778,0.736310778,0.736310778,0.736310778,0.736310778,0.736310778,0.736310778,0.736310778,0.736310778,0.736310778,0.736310778,0.736310778,0.736310778,0.736310778,0.736310778,0.736310778,0.736310778,0.736310778,0.736310778,0.736310778,0.736310778,0.736310778,0.736310778,0.736310778,0.638136008,0.638136008,0.638136008,0.638136008,0.638136008,0.539961237,0.539961237,0.539961237,0.539961237,0.441786467,0.441786467,0.441786467,0.441786467,0.343611696,0.343611696,0.343611696,0.343611696,0.245436926,0.245436926,0.245436926,0.245436926,0.245436926,0.245436926,0.147262156,0.147262156,0.147262156,0.147262156,0.147262156,0.147262156,0.147262156,0.147262156,0.245436926,0.245436926,0.245436926,0.343611696,0.441786467,0.539961237,0.539961237,0.638136008,0.638136008,0.736310778,0.736310778,0.736310778,0.736310778,0.834485549,0.834485549,0.834485549,0.736310778,0.736310778,0.736310778,0.736310778,0.736310778,0.736310778,0.638136008,0.638136008,0.638136008,0.638136008,0.638136008,0.539961237,0.539961237,0.539961237,0.539961237,0.539961237,0.539961237,0.539961237,0.539961237,0.539961237,0.539961237,0.539961237,0.539961237,0.539961237,0.441786467
191.325429916,C01,AP01,client_to_ap,VHT,2,2,2,80,SU,1,4,122,6637c97e16e6ce8a,0.834485549,0.736310778,0.736310778,0.736310778,0.736310778,0.736310778,0.736310778,0.736310778,0.736310778,0.736310778,0.736310778,0.736310778,0.736310778,0.736310778,0.736310778,0.736310778,0.736310778,0.736310778,0.736310778,0.736310778,0.736310778,0.736310778,0.736310778,0.736310778,0.736310778,0.736310778,0.736310778,0.736310778,0.736310778,0.736310778,0.736310778,0.736310778,0.736310778,0.736310778,0.736310778,0.736310778,0.736310778,0.736310778,0.736310778,0.736310778,0.736310778,0.736310778,0.736310778,0.736310778,0.736310778,0.736310778,0.736310778,0.736310778,0.736310778,0.736310778,0.638136008,0.638136008,0.638136008,0.638136008,0.638136008,0.638136008,0.539961237,0.539961237,0.539961237,0.441786467,0.441786467,0.441786467,0.441786467,0.343611696,0.343611696,0.343611696,0.343611696,0.245436926,0.245436926,0.245436926,0.245436926,0.245436926,0.245436926,0.147262156,0.147262156,0.147262156,0.147262156,0.147262156,0.147262156,0.147262156,0.147262156,0.245436926,0.245436926,0.343611696,0.343611696,0.441786467,0.539961237,0.638136008,0.638136008,0.638136008,0.736310778,0.736310778,0.736310778,0.834485549,0.834485549,0.834485549,0.834485549,0.736310778,0.736310778,0.736310778,0.736310778,0.736310778,0.736310778,0.638136008,0.638136008,0.638136008,0.638136008,0.638136008,0.638136008,0.539961237,0.539961237,0.539961237,0.539961237,0.539961237,0.539961237,0.539961237,0.539961237,0.539961237,0.539961237,0.539961237,0.539961237,0.539961237
192.657122850,C01,AP01,client_to_ap,VHT,2,2,2,80,SU,1,4,122,6637c97e16e6ce8a,0.736310778,0.736310778,0.736310778,0.736310778,0.736310778,0.736310778,0.736310778,0.736310778,0.736310778,0.736310778,0.736310778,0.736310778,0.736310778,0.736310778,0.736310778,0.736310778,0.736310778,0.736310778,0.736310778,0.736310778,0.736310778,0.736310778,0.736310778,0.736310778,0.736310778,0.736310778,0.736310778,0.736310778,0.736310778,0.736310778,0.736310778,0.736310778,0.736310778,0.736310778,0.736310778,0.736310778,0.736310778,0.736310778,0.736310778,0.736310778,0.736310778,0.736310778,0.736310778,0.736310778,0.736310778,0.736310778,0.736310778,0.736310778,0.736310778,0.638136008,0.638136008,0.638136008,0.638136008,0.638136008,0.638136008,0.539961237,0.539961237,0.539961237,0.539961237,0.539961237,0.441786467,0.441786467,0.441786467,0.343611696,0.343611696,0.343611696,0.343611696,0.245436926,0.245436926,0.245436926,0.245436926,0.245436926,0.245436926,0.147262156,0.147262156,0.147262156,0.147262156,0.147262156,0.147262156,0.147262156,0.147262156,0.245436926,0.245436926,0.343611696,0.343611696,0.441786467,0.539961237,0.539961237,0.638136008,0.638136008,0.736310778,0.736310778,0.736310778,0.736310778,0.834485549,0.736310778,0.736310778,0.736310778,0.736310778,0.736310778,0.736310778,0.736310778,0.736310778,0.638136008,0.638136008,0.638136008,0.638136008,0.638136008,0.539961237,0.539961237,0.539961237,0.539961237,0.539961237,0.539961237,0.539961237,0.539961237,0.539961237,0.539961237,0.539961237,0.539961237,0.539961237,0.441786467
193.993516922,C01,AP01,client_to_ap,VHT,2,2,2,80,SU,1,4,122,6637c97e16e6ce8a,0.736310778,0.736310778,0.736310778,0.736310778,0.736310778,0.736310778,0.736310778,0.736310778,0.736310778,0.736310778,0.736310778,0.736310778,0.736310778,0.736310778,0.736310778,0.736310778,0.736310778,0.736310778,0.736310778,0.736310778,0.736310778,0.736310778,0.736310778,0.736310778,0.736310778,0.736310778,0.736310778,0.736310778,0.736310778,0.736310778,0.736310778,0.736310778,0.736310778,0.736310778,0.736310778,0.736310778,0.736310778,0.736310778,0.736310778,0.736310778,0.736310778,0.736310778,0.736310778,0.736310778,0.736310778,0.736310778,0.736310778,0.736310778,0.736310778,0.638136008,0.638136008,0.638136008,0.638136008,0.638136008,0.638136008,0.539961237,0.539961237,0.539961237,0.539961237,0.441786467,0.441786467,0.441786467,0.343611696,0.343611696,0.343611696,0.343611696,0.343611696,0.245436926,0.245436926,0.245436926,0.245436926,0.245436926,0.245436926,0.147262156,0.147262156,0.147262156,0.147262156,0.147262156,0.147262156,0.147262156,0.147262156,0.245436926,0.245436926,0.343611696,0.343611696,0.441786467,0.539961237,0.539961237,0.638136008,0.638136008,0.736310778,0.736310778,0.736310778,0.736310778,0.736310778,0.736310778,0.736310778,0.736310778,0.736310778,0.736310778,0.736310778,0.736310778,0.736310778,0.638136008,0.638136008,0.638136008,0.638136008,0.638136008,0.638136008,0.539961237,0.539961237,0.539961237,0.539961237,0.539961237,0.539961237,0.539961237,0.539961237,0.539961237,0.539961237,0.539961237,0.539961237,0.441786467
195.324831963,C01,AP01,client_to_ap,VHT,2,2,2,80,SU,1,4,122,6637c97e16e6ce8a,0.736310778,0.736310778,0.736310778,0.736310778,0.736310778,0.736310778,0.736310778,0.736310778,0.736310778,0.736310778,0.736310778,0.736310778,0.736310778,0.736310778,0.736310778,0.736310778,0.736310778,0.736310778,0.736310778,0.736310778,0.736310778,0.736310778,0.736310778,0.736310778,0.736310778,0.736310778,0.736310778,0.736310778,0.736310778,0.736310778,0.736310778,0.736310778,0.736310778,0.736310778,0.736310778,0.736310778,0.736310778,0.736310778,0.736310778,0.736310778,0.736310778,0.736310778,0.736310778,0.736310778,0.736310778,0.736310778,0.736310778,0.736310778,0.638136008,0.638136008,0.638136008,0.638136008,0.638136008,0.638136008,0.638136008,0.539961237,0.539961237,0.539961237,0.539961237,0.441786467,0.441786467,0.441786467,0.441786467,0.343611696,0.343611696,0.343611696,0.343611696,0.245436926,0.245436926,0.245436926,0.245436926,0.245436926,0.245436926,0.147262156,0.147262156,0.147262156,0.147262156,0.147262156,0.147262156,0.147262156,0.147262156,0.245436926,0.245436926,0.343611696,0.343611696,0.441786467,0.441786467,0.539961237,0.638136008,0.638136008,0.638136008,0.736310778,0.736310778,0.736310778,0.736310778,0.834485549,0.736310778,0.736310778,0.736310778,0.736310778,0.736310778,0.736310778,0.736310778,0.638136008,0.638136008,0.638136008,0.638136008,0.638136008,0.539961237,0.539961237,0.539961237,0.539961237,0.539961237,0.539961237,0.539961237,0.539961237,0.539961237,0.539961237,0.539961237,0.539961237,0.539961237,0.441786467
196.657620907,C01,AP01,client_to_ap,VHT,2,2,2,80,SU,1,4,122,6637c97e16e6ce8a,0.736310778,0.736310778,0.736310778,0.736310778,0.736310778,0.736310778,0.736310778,0.736310778,0.736310778,0.736310778,0.736310778,0.736310778,0.736310778,0.736310778,0.736310778,0.736310778,0.736310778,0.736310778,0.736310778,0.736310778,0.736310778,0.736310778,0.736310778,0.736310778,0.736310778,0.736310778,0.736310778,0.736310778,0.736310778,0.736310778,0.736310778,0.736310778,0.736310778,0.736310778,0.736310778,0.736310778,0.736310778,0.736310778,0.736310778,0.736310778,0.736310778,0.736310778,0.736310778,0.736310778,0.736310778,0.736310778,0.736310778,0.736310778,0.736310778,0.638136008,0.638136008,0.638136008,0.638136008,0.638136008,0.638136008,0.539961237,0.539961237,0.539961237,0.539961237,0.441786467,0.441786467,0.441786467,0.441786467,0.343611696,0.343611696,0.343611696,0.343611696,0.245436926,0.245436926,0.245436926,0.245436926,0.245436926,0.245436926,0.147262156,0.147262156,0.147262156,0.147262156,0.147262156,0.147262156,0.147262156,0.147262156,0.245436926,0.245436926,0.245436926,0.343611696,0.441786467,0.539961237,0.539961237,0.539961237,0.638136008,0.638136008,0.736310778,0.736310778,0.736310778,0.736310778,0.736310778,0.736310778,0.736310778,0.736310778,0.736310778,0.736310778,0.736310778,0.736310778,0.638136008,0.638136008,0.638136008,0.638136008,0.539961237,0.539961237,0.539961237,0.539961237,0.539961237,0.539961237,0.539961237,0.539961237,0.539961237,0.539961237,0.539961237,0.441786467,0.441786467,0.441786467,0.441786467
197.993361950,C01,AP01,client_to_ap,VHT,2,2,2,80,SU,1,4,122,6637c97e16e6ce8a,0.736310778,0.736310778,0.736310778,0.736310778,0.736310778,0.736310778,0.736310778,0.736310778,0.736310778,0.736310778,0.736310778,0.736310778,0.736310778,0.638136008,0.638136008,0.736310778,0.736310778,0.736310778,0.638136008,0.736310778,0.736310778,0.736310778,0.736310778,0.736310778,0.736310778,0.736310778,0.736310778,0.736310778,0.736310778,0.736310778,0.736310778,0.736310778,0.638136008,0.638136008,0.736310778,0.638136008,0.638136008,0.736310778,0.638136008,0.736310778,0.736310778,0.736310778,0.736310778,0.736310778,0.736310778,0.638136008,0.736310778,0.638136008,0.638136008,0.736310778,0.638136008,0.638136008,0.638136008,0.638136008,0.638136008,0.539961237,0.539961237,0.539961237,0.539961237,0.441786467,0.441786467,0.441786467,0.441786467,0.343611696,0.343611696,0.343611696,0.343611696,0.245436926,0.245436926,0.245436926,0.245436926,0.245436926,0.245436926,0.245436926,0.147262156,0.147262156,0.147262156,0.147262156,0.147262156,0.147262156,0.147262156,0.245436926,0.245436926,0.245436926,0.343611696,0.441786467,0.441786467,0.539961237,0.539961237,0.638136008,0.638136008,0.736310778,0.736310778,0.736310778,0.834485549,0.736310778,0.736310778,0.736310778,0.736310778,0.736310778,0.736310778,0.736310778,0.736310778,0.638136008,0.638136008,0.638136008,0.638136008,0.638136008,0.539961237,0.539961237,0.539961237,0.539961237,0.539961237,0.539961237,0.539961237,0.539961237,0.539961237,0.539961237,0.441786467,0.441786467,0.441786467,0.441786467
199.325382948,C01,AP01,client_to_ap,VHT,2,2,2,80,SU,1,4,122,6637c97e16e6ce8a,0.736310778,0.736310778,0.736310778,0.736310778,0.736310778,0.736310778,0.736310778,0.736310778,0.736310778,0.736310778,0.736310778,0.736310778,0.736310778,0.736310778,0.736310778,0.736310778,0.736310778,0.736310778,0.736310778,0.736310778,0.736310778,0.736310778,0.736310778,0.736310778,0.736310778,0.736310778,0.736310778,0.736310778,0.736310778,0.736310778,0.736310778,0.736310778,0.736310778,0.736310778,0.736310778,0.736310778,0.736310778,0.736310778,0.736310778,0.736310778,0.736310778,0.736310778,0.736310778,0.736310778,0.736310778,0.736310778,0.736310778,0.736310778,0.638136008,0.638136008,0.638136008,0.638136008,0.638136008,0.638136008,0.638136008,0.539961237,0.539961237,0.539961237,0.539961237,0.441786467,0.441786467,0.441786467,0.343611696,0.343611696,0.343611696,0.343611696,0.343611696,0.245436926,0.245436926,0.245436926,0.245436926,0.245436926,0.147262156,0.147262156,0.147262156,0.147262156,0.147262156,0.147262156,0.147262156,0.147262156,0.147262156,0.147262156,0.245436926,0.245436926,0.343611696,0.441786467,0.539961237,0.539961237,0.539961237,0.638136008,0.638136008,0.736310778,0.736310778,0.736310778,0.736310778,0.736310778,0.736310778,0.736310778,0.736310778,0.736310778,0.736310778,0.736310778,0.638136008,0.638136008,0.638136008,0.638136008,0.638136008,0.638136008,0.539961237,0.539961237,0.539961237,0.539961237,0.539961237,0.539961237,0.539961237,0.539961237,0.539961237,0.441786467,0.539961237,0.441786467,0.441786467,0.441786467
200.657452822,C01,AP01,client_to_ap,VHT,2,2,2,80,SU,1,4,122,6637c97e16e6ce8a,0.736310778,0.736310778,0.736310778,0.736310778,0.736310778,0.736310778,0.736310778,0.736310778,0.736310778,0.736310778,0.736310778,0.736310778,0.736310778,0.736310778,0.736310778,0.736310778,0.736310778,0.736310778,0.736310778,0.736310778,0.736310778,0.736310778,0.736310778,0.736310778,0.736310778,0.736310778,0.736310778,0.736310778,0.736310778,0.736310778,0.736310778,0.736310778,0.736310778,0.736310778,0.736310778,0.736310778,0.736310778,0.736310778,0.736310778,0.736310778,0.736310778,0.736310778,0.736310778,0.736310778,0.736310778,0.736310778,0.736310778,0.638136008,0.638136008,0.638136008,0.638136008,0.638136008,0.638136008,0.638136008,0.638136008,0.539961237,0.539961237,0.539961237,0.539961237,0.441786467,0.441786467,0.441786467,0.343611696,0.343611696,0.343611696,0.343611696,0.343611696,0.245436926,0.245436926,0.245436926,0.245436926,0.245436926,0.147262156,0.147262156,0.147262156,0.147262156,0.147262156,0.147262156,0.147262156,0.147262156,0.147262156,0.147262156,0.245436926,0.343611696,0.343611696,0.441786467,0.539961237,0.539961237,0.539961237,0.638136008,0.638136008,0.736310778,0.736310778,0.736310778,0.736310778,0.736310778,0.736310778,0.736310778,0.736310778,0.736310778,0.736310778,0.736310778,0.638136008,0.638136008,0.638136008,0.638136008,0.638136008,0.539961237,0.539961237,0.539961237,0.539961237,0.539961237,0.539961237,0.539961237,0.539961237,0.539961237,0.539961237,0.539961237,0.539961237,0.539961237,0.441786467,0.441786467
201.993052959,C01,AP01,client_to_ap,VHT,2,2,2,80,SU,1,4,122,6637c97e16e6ce8a,0.736310778,0.736310778,0.736310778,0.736310778,0.736310778,0.736310778,0.736310778,0.736310778,0.736310778,0.736310778,0.736310778,0.736310778,0.736310778,0.736310778,0.736310778,0.736310778,0.736310778,0.736310778,0.736310778,0.736310778,0.736310778,0.736310778,0.736310778,0.736310778,0.736310778,0.736310778,0.736310778,0.736310778,0.736310778,0.736310778,0.736310778,0.736310778,0.736310778,0.736310778,0.736310778,0.736310778,0.736310778,0.736310778,0.736310778,0.736310778,0.736310778,0.736310778,0.736310778,0.736310778,0.736310778,0.736310778,0.736310778,0.736310778,0.638136008,0.736310778,0.638136008,0.638136008,0.638136008,0.638136008,0.638136008,0.539961237,0.539961237,0.539961237,0.539961237,0.441786467,0.441786467,0.441786467,0.441786467,0.343611696,0.343611696,0.343611696,0.343611696,0.245436926,0.245436926,0.245436926,0.245436926,0.245436926,0.245436926,0.245436926,0.147262156,0.147262156,0.147262156,0.147262156,0.147262156,0.147262156,0.147262156,0.245436926,0.245436926,0.245436926,0.343611696,0.441786467,0.441786467,0.539961237,0.638136008,0.638136008,0.638136008,0.736310778,0.736310778,0.736310778,0.834485549,0.736310778,0.736310778,0.736310778,0.736310778,0.736310778,0.736310778,0.736310778,0.736310778,0.638136008,0.638136008,0.638136008,0.638136008,0.638136008,0.539961237,0.539961237,0.539961237,0.539961237,0.539961237,0.539961237,0.539961237,0.539961237,0.539961237,0.539961237,0.441786467,0.539961237,0.441786467,0.441786467
203.320077896,C01,AP01,client_to_ap,VHT,2,2,2,80,SU,1,4,122,6637c97e16e6ce8a,0.736310778,0.736310778,0.736310778,0.736310778,0.736310778,0.736310778,0.736310778,0.736310778,0.736310778,0.736310778,0.736310778,0.736310778,0.736310778,0.736310778,0.736310778,0.736310778,0.736310778,0.736310778,0.736310778,0.736310778,0.736310778,0.736310778,0.736310778,0.736310778,0.736310778,0.736310778,0.736310778,0.736310778,0.736310778,0.736310778,0.736310778,0.736310778,0.736310778,0.736310778,0.736310778,0.736310778,0.736310778,0.736310778,0.736310778,0.736310778,0.736310778,0.736310778,0.736310778,0.736310778,0.736310778,0.736310778,0.736310778,0.638136008,0.638136008,0.638136008,0.638136008,0.638136008,0.638136008,0.638136008,0.638136008,0.539961237,0.539961237,0.539961237,0.539961237,0.441786467,0.441786467,0.441786467,0.343611696,0.343611696,0.343611696,0.343611696,0.343611696,0.245436926,0.245436926,0.245436926,0.245436926,0.245436926,0.245436926,0.245436926,0.147262156,0.147262156,0.147262156,0.147262156,0.147262156,0.147262156,0.147262156,0.147262156,0.245436926,0.245436926,0.343611696,0.441786467,0.441786467,0.539961237,0.539961237,0.638136008,0.638136008,0.736310778,0.736310778,0.736310778,0.736310778,0.736310778,0.736310778,0.736310778,0.736310778,0.736310778,0.736310778,0.736310778,0.736310778,0.638136008,0.638136008,0.638136008,0.638136008,0.539961237,0.539961237,0.539961237,0.539961237,0.539961237,0.539961237,0.539961237,0.539961237,0.539961237,0.539961237,0.441786467,0.441786467,0.441786467,0.441786467,0.441786467
204.648727894,C01,AP01,client_to_ap,VHT,2,2,2,80,SU,1,4,122,6637c97e16e6ce8a,0.736310778,0.736310778,0.736310778,0.736310778,0.736310778,0.736310778,0.736310778,0.736310778,0.736310778,0.736310778,0.736310778,0.736310778,0.736310778,0.736310778,0.736310778,0.736310778,0.736310778,0.736310778,0.736310778,0.736310778,0.736310778,0.736310778,0.736310778,0.736310778,0.736310778,0.736310778,0.736310778,0.736310778,0.736310778,0.736310778,0.736310778,0.736310778,0.736310778,0.736310778,0.736310778,0.736310778,0.736310778,0.736310778,0.736310778,0.736310778,0.736310778,0.736310778,0.736310778,0.736310778,0.736310778,0.736310778,0.736310778,0.736310778,0.736310778,0.638136008,0.638136008,0.638136008,0.638136008,0.638136008,0.638136008,0.539961237,0.539961237,0.539961237,0.539961237,0.539961237,0.441786467,0.441786467,0.441786467,0.343611696,0.343611696,0.343611696,0.343611696,0.245436926,0.245436926,0.245436926,0.245436926,0.245436926,0.245436926,0.147262156,0.147262156,0.147262156,0.147262156,0.147262156,0.147262156,0.147262156,0.147262156,0.245436926,0.245436926,0.245436926,0.343611696,0.441786467,0.441786467,0.539961237,0.539961237,0.638136008,0.638136008,0.736310778,0.736310778,0.736310778,0.736310778,0.736310778,0.736310778,0.736310778,0.736310778,0.736310778,0.736310778,0.736310778,0.736310778,0.638136008,0.638136008,0.638136008,0.638136008,0.638136008,0.539961237,0.539961237,0.539961237,0.539961237,0.539961237,0.539961237,0.539961237,0.539961237,0.539961237,0.539961237,0.441786467,0.441786467,0.441786467,0.441786467
205.983044863,C01,AP01,client_to_ap,VHT,2,2,2,80,SU,1,4,122,6637c97e16e6ce8a,0.736310778,0.736310778,0.736310778,0.736310778,0.736310778,0.736310778,0.736310778,0.736310778,0.736310778,0.736310778,0.736310778,0.736310778,0.736310778,0.638136008,0.736310778,0.638136008,0.736310778,0.736310778,0.638136008,0.736310778,0.736310778,0.736310778,0.736310778,0.736310778,0.736310778,0.736310778,0.736310778,0.736310778,0.736310778,0.736310778,0.736310778,0.736310778,0.736310778,0.736310778,0.736310778,0.736310778,0.638136008,0.638136008,0.638136008,0.736310778,0.638136008,0.736310778,0.736310778,0.736310778,0.736310778,0.736310778,0.736310778,0.638136008,0.638136008,0.638136008,0.638136008,0.638136008,0.638136008,0.638136008,0.539961237,0.539961237,0.539961237,0.539961237,0.539961237,0.441786467,0.441786467,0.441786467,0.343611696,0.343611696,0.343611696,0.343611696,0.245436926,0.245436926,0.245436926,0.245436926,0.245436926,0.245436926,0.147262156,0.147262156,0.147262156,0.147262156,0.147262156,0.147262156,0.147262156,0.147262156,0.147262156,0.147262156,0.245436926,0.245436926,0.343611696,0.343611696,0.441786467,0.539961237,0.539961237,0.638136008,0.638136008,0.736310778,0.736310778,0.736310778,0.736310778,0.736310778,0.736310778,0.736310778,0.736310778,0.736310778,0.736310778,0.736310778,0.638136008,0.638136008,0.638136008,0.638136008,0.539961237,0.539961237,0.539961237,0.539961237,0.539961237,0.539961237,0.539961237,0.539961237,0.539961237,0.539961237,0.441786467,0.441786467,0.441786467,0.539961237,0.441786467,0.441786467
207.315057993,C01,AP01,client_to_ap,VHT,2,2,2,80,SU,1,4,122,6637c97e16e6ce8a,0.736310778,0.736310778,0.736310778,0.736310778,0.736310778,0.736310778,0.736310778,0.736310778,0.736310778,0.736310778,0.736310778,0.736310778,0.736310778,0.736310778,0.638136008,0.736310778,0.736310778,0.736310778,0.638136008,0.638136008,0.736310778,0.736310778,0.736310778,0.736310778,0.736310778,0.736310778,0.736310778,0.736310778,0.736310778,0.736310778,0.736310778,0.736310778,0.638136008,0.736310778,0.736310778,0.638136008,0.638136008,0.638136008,0.638136008,0.638136008,0.736310778,0.736310778,0.736310778,0.638136008,0.638136008,0.736310778,0.736310778,0.638136008,0.638136008,0.638136008,0.638136008,0.638136008,0.638136008,0.638136008,0.539961237,0.539961237,0.539961237,0.539961237,0.539961237,0.441786467,0.441786467,0.441786467,0.343611696,0.343611696,0.343611696,0.343611696,0.245436926,0.245436926,0.245436926,0.245436926,0.245436926,0.245436926,0.147262156,0.147262156,0.147262156,0.147262156,0.147262156,0.147262156,0.147262156,0.147262156,0.147262156,0.147262156,0.245436926,0.245436926,0.343611696,0.343611696,0.441786467,0.539961237,0.539961237,0.638136008,0.638136008,0.736310778,0.736310778,0.736310778,0.736310778,0.736310778,0.736310778,0.736310778,0.736310778,0.736310778,0.736310778,0.736310778,0.638136008,0.638136008,0.638136008,0.638136008,0.539961237,0.539961237,0.539961237,0.539961237,0.539961237,0.539961237,0.539961237,0.539961237,0.539961237,0.539961237,0.539961237,0.539961237,0.441786467,0.441786467,0.441786467,0.441786467
208.646828890,C01,AP01,client_to_ap,VHT,2,2,2,80,SU,1,4,122,6637c97e16e6ce8a,0.736310778,0.736310778,0.736310778,0.736310778,0.736310778,0.736310778,0.736310778,0.736310778,0.736310778,0.736310778,0.736310778,0.736310778,0.736310778,0.638136008,0.638136008,0.638136008,0.736310778,0.638136008,0.638136008,0.736310778,0.736310778,0.736310778,0.736310778,0.736310778,0.736310778,0.736310778,0.736310778,0.736310778,0.736310778,0.736310778,0.736310778,0.638136008,0.736310778,0.638136008,0.638136008,0.736310778,0.638136008,0.638136008,0.638136008,0.638136008,0.638136008,0.736310778,0.638136008,0.736310778,0.736310778,0.638136008,0.638136008,0.638136008,0.638136008,0.638136008,0.638136008,0.638136008,0.638136008,0.638136008,0.539961237,0.539961237,0.539961237,0.539961237,0.441786467,0.441786467,0.441786467,0.441786467,0.343611696,0.343611696,0.343611696,0.343611696,0.343611696,0.245436926,0.245436926,0.245436926,0.245436926,0.245436926,0.147262156,0.147262156,0.147262156,0.147262156,0.147262156,0.147262156,0.147262156,0.147262156,0.147262156,0.147262156,0.245436926,0.245436926,0.343611696,0.441786467,0.441786467,0.539961237,0.539961237,0.638136008,0.638136008,0.638136008,0.736310778,0.736310778,0.736310778,0.736310778,0.736310778,0.736310778,0.736310778,0.736310778,0.736310778,0.638136008,0.638136008,0.638136008,0.638136008,0.638136008,0.539961237,0.539961237,0.539961237,0.539961237,0.539961237,0.539961237,0.539961237,0.539961237,0.539961237,0.539961237,0.441786467,0.441786467,0.441786467,0.441786467,0.441786467,0.441786467
209.982792854,C01,AP01,client_to_ap,VHT,2,2,2,80,SU,1,4,122,6637c97e16e6ce8a,0.736310778,0.736310778,0.736310778,0.736310778,0.736310778,0.736310778,0.736310778,0.736310778,0.736310778,0.736310778,0.736310778,0.736310778,0.736310778,0.638136008,0.736310778,0.736310778,0.638136008,0.638136008,0.736310778,0.638136008,0.638136008,0.736310778,0.736310778,0.638136008,0.736310778,0.736310778,0.736310778,0.736310778,0.736310778,0.736310778,0.638136008,0.736310778,0.638136008,0.736310778,0.736310778,0.736310778,0.638136008,0.736310778,0.638136008,0.638136008,0.736310778,0.736310778,0.638136008,0.736310778,0.736310778,0.638136008,0.736310778,0.638136008,0.638136008,0.638136008,0.638136008,0.638136008,0.638136008,0.638136008,0.638136008,0.539961237,0.539961237,0.539961237,0.539961237,0.441786467,0.441786467,0.441786467,0.343611696,0.343611696,0.343611696,0.343611696,0.343611696,0.245436926,0.245436926,0.245436926,0.245436926,0.245436926,0.147262156,0.147262156,0.147262156,0.147262156,0.147262156,0.147262156,0.147262156,0.147262156,0.147262156,0.147262156,0.245436926,0.245436926,0.343611696,0.441786467,0.441786467,0.539961237,0.539961237,0.539961237,0.638136008,0.736310778,0.736310778,0.736310778,0.736310778,0.736310778,0.736310778,0.736310778,0.736310778,0.736310778,0.736310778,0.638136008,0.638136008,0.638136008,0.638136008,0.638136008,0.539961237,0.539961237,0.539961237,0.539961237,0.539961237,0.539961237,0.539961237,0.539961237,0.539961237,0.539961237,0.539961237,0.539961237,0.441786467,0.441786467,0.441786467,0.441786467
211.314667940,C01,AP01,client_to_ap,VHT,2,2,2,80,SU,1,4,122,6637c97e16e6ce8a,0.736310778,0.736310778,0.736310778,0.736310778,0.736310778,0.736310778,0.736310778,0.736310778,0.736310778,0.736310778,0.736310778,0.736310778,0.736310778,0.638136008,0.638136008,0.638136008,0.638136008,0.736310778,0.638136008,0.638136008,0.638136008,0.736310778,0.736310778,0.638136008,0.736310778,0.736310778,0.736310778,0.736310778,0.736310778,0.736310778,0.736310778,0.638136008,0.638136008,0.736310778,0.736310778,0.638136008,0.638136008,0.638136008,0.638136008,0.638136008,0.638136008,0.638136008,0.638136008,0.638136008,0.736310778,0.638136008,0.736310778,0.638136008,0.638136008,0.638136008,0.638136008,0.638136008,0.638136008,0.638136008,0.539961237,0.539961237,0.539961237,0.539961237,0.441786467,0.441786467,0.441786467,0.441786467,0.343611696,0.343611696,0.343611696,0.343611696,0.245436926,0.245436926,0.245436926,0.245436926,0.245436926,0.245436926,0.147262156,0.147262156,0.147262156,0.147262156,0.147262156,0.147262156,0.147262156,0.147262156,0.147262156,0.147262156,0.245436926,0.245436926,0.343611696,0.343611696,0.441786467,0.539961237,0.539961237,0.539961237,0.638136008,0.736310778,0.638136008,0.736310778,0.736310778,0.736310778,0.736310778,0.736310778,0.736310778,0.736310778,0.638136008,0.638136008,0.638136008,0.638136008,0.638136008,0.539961237,0.539961237,0.539961237,0.539961237,0.539961237,0.539961237,0.539961237,0.539961237,0.539961237,0.539961237,0.441786467,0.441786467,0.441786467,0.441786467,0.441786467,0.441786467,0.441786467
212.647017956,C01,AP01,client_to_ap,VHT,2,2,2,80,SU,1,4,122,6637c97e16e6ce8a,0.736310778,0.736310778,0.736310778,0.736310778,0.736310778,0.736310778,0.736310778,0.736310778,0.736310778,0.736310778,0.736310778,0.736310778,0.638136008,0.638136008,0.638136008,0.638136008,0.638136008,0.638136008,0.638136008,0.638136008,0.638136008,0.638136008,0.638136008,0.736310778,0.736310778,0.736310778,0.736310778,0.736310778,0.736310778,0.736310778,0.736310778,0.736310778,0.638136008,0.736310778,0.638136008,0.638136008,0.638136008,0.638136008,0.638136008,0.638136008,0.638136008,0.638136008,0.638136008,0.638136008,0.638136008,0.736310778,0.736310778,0.638136008,0.638136008,0.638136008,0.638136008,0.638136008,0.638136008,0.638136008,0.539961237,0.539961237,0.539961237,0.539961237,0.539961237,0.441786467,0.441786467,0.441786467,0.343611696,0.343611696,0.343611696,0.343611696,0.343611696,0.245436926,0.245436926,0.245436926,0.245436926,0.245436926,0.147262156,0.147262156,0.147262156,0.147262156,0.147262156,0.147262156,0.147262156,0.147262156,0.147262156,0.147262156,0.245436926,0.245436926,0.343611696,0.343611696,0.441786467,0.539961237,0.539961237,0.638136008,0.638136008,0.638136008,0.736310778,0.736310778,0.736310778,0.736310778,0.736310778,0.736310778,0.736310778,0.736310778,0.736310778,0.638136008,0.638136008,0.638136008,0.638136008,0.638136008,0.539961237,0.539961237,0.539961237,0.539961237,0.539961237,0.539961237,0.539961237,0.539961237,0.539961237,0.539961237,0.441786467,0.441786467,0.441786467,0.441786467,0.441786467,0.441786467
213.983017921,C01,AP01,client_to_ap,VHT,2,2,2,80,SU,1,4,122,6637c97e16e6ce8a,0.736310778,0.736310778,0.736310778,0.736310778,0.736310778,0.736310778,0.736310778,0.736310778,0.736310778,0.736310778,0.736310778,0.736310778,0.736310778,0.736310778,0.736310778,0.736310778,0.736310778,0.736310778,0.736310778,0.736310778,0.736310778,0.736310778,0.736310778,0.736310778,0.736310778,0.736310778,0.736310778,0.736310778,0.736310778,0.736310778,0.736310778,0.736310778,0.736310778,0.736310778,0.736310778,0.736310778,0.736310778,0.736310778,0.736310778,0.736310778,0.736310778,0.736310778,0.736310778,0.736310778,0.736310778,0.736310778,0.736310778,0.736310778,0.736310778,0.638136008,0.638136008,0.638136008,0.638136008,0.638136008,0.638136008,0.539961237,0.539961237,0.539961237,0.539961237,0.441786467,0.441786467,0.441786467,0.441786467,0.343611696,0.343611696,0.343611696,0.343611696,0.245436926,0.245436926,0.245436926,0.245436926,0.245436926,0.245436926,0.147262156,0.147262156,0.147262156,0.147262156,0.147262156,0.147262156,0.147262156,0.147262156,0.245436926,0.245436926,0.245436926,0.343611696,0.441786467,0.441786467,0.539961237,0.539961237,0.638136008,0.638136008,0.736310778,0.736310778,0.736310778,0.736310778,0.736310778,0.736310778,0.736310778,0.736310778,0.736310778,0.736310778,0.736310778,0.736310778,0.638136008,0.638136008,0.638136008,0.638136008,0.539961237,0.539961237,0.539961237,0.539961237,0.539961237,0.539961237,0.539961237,0.539961237,0.539961237,0.539961237,0.441786467,0.441786467,0.441786467,0.441786467,0.441786467
215.314931870,C01,AP01,client_to_ap,VHT,2,2,2,80,SU,1,4,122,6637c97e16e6ce8a,0.736310778,0.736310778,0.736310778,0.736310778,0.736310778,0.736310778,0.736310778,0.736310778,0.736310778,0.736310778,0.736310778,0.736310778,0.736310778,0.736310778,0.736310778,0.736310778,0.736310778,0.736310778,0.736310778,0.736310778,0.736310778,0.736310778,0.736310778,0.736310778,0.736310778,0.736310778,0.736310778,0.736310778,0.736310778,0.736310778,0.736310778,0.736310778,0.736310778,0.736310778,0.736310778,0.736310778,0.736310778,0.736310778,0.736310778,0.736310778,0.736310778,0.736310778,0.736310778,0.736310778,0.736310778,0.736310778,0.736310778,0.736310778,0.736310778,0.638136008,0.638136008,0.638136008,0.638136008,0.638136008,0.638136008,0.539961237,0.539961237,0.539961237,0.539961237,0.441786467,0.441786467,0.441786467,0.343611696,0.343611696,0.343611696,0.343611696,0.343611696,0.245436926,0.245436926,0.245436926,0.245436926,0.245436926,0.245436926,0.245436926,0.147262156,0.147262156,0.147262156,0.147262156,0.147262156,0.147262156,0.147262156,0.245436926,0.245436926,0.245436926,0.343611696,0.441786467,0.441786467,0.539961237,0.539961237,0.638136008,0.638136008,0.736310778,0.736310778,0.736310778,0.736310778,0.736310778,0.736310778,0.736310778,0.736310778,0.736310778,0.736310778,0.736310778,0.638136008,0.638136008,0.638136008,0.638136008,0.638136008,0.539961237,0.539961237,0.539961237,0.539961237,0.539961237,0.539961237,0.539961237,0.539961237,0.539961237,0.539961237,0.539961237,0.539961237,0.441786467,0.441786467,0.441786467
216.647000790,C01,AP01,client_to_ap,VHT,2,2,2,80,SU,1,4,122,6637c97e16e6ce8a,0.736310778,0.736310778,0.736310778,0.736310778,0.736310778,0.736310778,0.736310778,0.736310778,0.736310778,0.736310778,0.736310778,0.736310778,0.736310778,0.736310778,0.736310778,0.736310778,0.736310778,0.736310778,0.736310778,0.736310778,0.736310778,0.736310778,0.736310778,0.736310778,0.736310778,0.736310778,0.736310778,0.736310778,0.736310778,0.736310778,0.736310778,0.736310778,0.736310778,0.736310778,0.736310778,0.736310778,0.736310778,0.736310778,0.736310778,0.736310778,0.736310778,0.736310778,0.736310778,0.736310778,0.736310778,0.736310778,0.736310778,0.736310778,0.736310778,0.736310778,0.638136008,0.638136008,0.638136008,0.638136008,0.638136008,0.539961237,0.539961237,0.539961237,0.539961237,0.539961237,0.441786467,0.441786467,0.343611696,0.343611696,0.343611696,0.343611696,0.343611696,0.245436926,0.245436926,0.245436926,0.245436926,0.245436926,0.245436926,0.245436926,0.147262156,0.147262156,0.147262156,0.147262156,0.147262156,0.147262156,0.147262156,0.245436926,0.245436926,0.245436926,0.343611696,0.441786467,0.441786467,0.539961237,0.539961237,0.638136008,0.638136008,0.736310778,0.736310778,0.736310778,0.736310778,0.736310778,0.736310778,0.736310778,0.736310778,0.736310778,0.736310778,0.736310778,0.736310778,0.638136008,0.638136008,0.638136008,0.638136008,0.638136008,0.539961237,0.539961237,0.539961237,0.539961237,0.539961237,0.539961237,0.539961237,0.539961237,0.539961237,0.539961237,0.539961237,0.539961237,0.441786467,0.441786467
217.982986927,C01,AP01,client_to_ap,VHT,2,2,2,80,SU,1,4,122,6637c97e16e6ce8a,0.736310778,0.736310778,0.736310778,0.736310778,0.736310778,0.736310778,0.736310778,0.736310778,0.736310778,0.736310778,0.736310778,0.736310778,0.736310778,0.638136008,0.638136008,0.638136008,0.638136008,0.638136008,0.638136008,0.638136008,0.638136008,0.638136008,0.638136008,0.736310778,0.736310778,0.736310778,0.736310778,0.736310778,0.736310778,0.736310778,0.736310778,0.736310778,0.638136008,0.638136008,0.638136008,0.638136008,0.638136008,0.638136008,0.638136008,0.638136008,0.638136008,0.638136008,0.638136008,0.638136008,0.736310778,0.638136008,0.638136008,0.638136008,0.638136008,0.638136008,0.638136008,0.638136008,0.638136008,0.638136008,0.539961237,0.539961237,0.539961237,0.539961237,0.441786467,0.441786467,0.441786467,0.441786467,0.343611696,0.343611696,0.343611696,0.343611696,0.245436926,0.245436926,0.245436926,0.245436926,0.245436926,0.245436926,0.147262156,0.147262156,0.147262156,0.147262156,0.147262156,0.147262156,0.147262156,0.147262156,0.147262156,0.245436926,0.245436926,0.245436926,0.343611696,0.343611696,0.441786467,0.441786467,0.539961237,0.539961237,0.638136008,0.638136008,0.736310778,0.736310778,0.736310778,0.736310778,0.736310778,0.736310778,0.736310778,0.736310778,0.736310778,0.638136008,0.638136008,0.638136008,0.638136008,0.638136008,0.539961237,0.539961237,0.539961237,0.539961237,0.539961237,0.539961237,0.539961237,0.539961237,0.539961237,0.539961237,0.441786467,0.441786467,0.441786467,0.441786467,0.441786467,0.441786467
219.314833879,C01,AP01,client_to_ap,VHT,2,2,2,80,SU,1,4,122,6637c97e16e6ce8a,0.736310778,0.736310778,0.736310778,0.736310778,0.736310778,0.736310778,0.736310778,0.736310778,0.736310778,0.736310778,0.736310778,0.736310778,0.736310778,0.736310778,0.736310778,0.638136008,0.638136008,0.736310778,0.736310778,0.638136008,0.736310778,0.736310778,0.736310778,0.736310778,0.736310778,0.736310778,0.736310778,0.736310778,0.736310778,0.736310778,0.736310778,0.736310778,0.736310778,0.736310778,0.736310778,0.736310778,0.736310778,0.736310778,0.736310778,0.736310778,0.736310778,0.736310778,0.736310778,0.736310778,0.736310778,0.736310778,0.736310778,0.638136008,0.638136008,0.638136008,0.638136008,0.638136008,0.638136008,0.638136008,0.638136008,0.539961237,0.539961237,0.539961237,0.539961237,0.441786467,0.441786467,0.441786467,0.343611696,0.343611696,0.343611696,0.343611696,0.343611696,0.245436926,0.245436926,0.245436926,0.245436926,0.245436926,0.245436926,0.245436926,0.147262156,0.147262156,0.147262156,0.147262156,0.147262156,0.147262156,0.147262156,0.147262156,0.245436926,0.245436926,0.343611696,0.343611696,0.441786467,0.539961237,0.539961237,0.539961237,0.638136008,0.736310778,0.736310778,0.736310778,0.736310778,0.736310778,0.736310778,0.736310778,0.736310778,0.736310778,0.736310778,0.638136008,0.638136008,0.638136008,0.638136008,0.638136008,0.638136008,0.539961237,0.539961237,0.539961237,0.539961237,0.539961237,0.539961237,0.539961237,0.539961237,0.539961237,0.441786467,0.441786467,0.441786467,0.441786467,0.441786467,0.441786467
220.646620989,C01,AP01,client_to_ap,VHT,2,2,2,80,SU,1,4,122,6637c97e16e6ce8a,0.736310778,0.736310778,0.736310778,0.736310778,0.736310778,0.736310778,0.736310778,0.736310778,0.736310778,0.736310778,0.736310778,0.736310778,0.736310778,0.736310778,0.638136008,0.736310778,0.736310778,0.736310778,0.736310778,0.736310778,0.736310778,0.736310778,0.736310778,0.736310778,0.736310778,0.736310778,0.736310778,0.736310778,0.736310778,0.736310778,0.736310778,0.736310778,0.736310778,0.736310778,0.736310778,0.736310778,0.638136008,0.736310778,0.736310778,0.736310778,0.736310778,0.736310778,0.736310778,0.736310778,0.736310778,0.736310778,0.736310778,0.638136008,0.638136008,0.638136008,0.638136008,0.638136008,0.638136008,0.638136008,0.638136008,0.539961237,0.539961237,0.539961237,0.539961237,0.441786467,0.441786467,0.441786467,0.343611696,0.343611696,0.343611696,0.343611696,0.343611696,0.245436926,0.245436926,0.245436926,0.245436926,0.245436926,0.245436926,0.147262156,0.147262156,0.147262156,0.147262156,0.147262156,0.147262156,0.147262156,0.147262156,0.147262156,0.245436926,0.245436926,0.343611696,0.441786467,0.441786467,0.539961237,0.539961237,0.638136008,0.638136008,0.736310778,0.736310778,0.736310778,0.736310778,0.736310778,0.736310778,0.736310778,0.736310778,0.736310778,0.736310778,0.736310778,0.638136008,0.638136008,0.638136008,0.638136008,0.539961237,0.539961237,0.539961237,0.539961237,0.539961237,0.539961237,0.539961237,0.539961237,0.539961237,0.539961237,0.539961237,0.539961237,0.441786467,0.441786467,0.441786467,0.441786467
221.983181953,C01,AP01,client_to_ap,VHT,2,2,2,80,SU,1,4,122,6637c97e16e6ce8a,0.736310778,0.736310778,0.736310778,0.736310778,0.736310778,0.736310778,0.736310778,0.736310778,0.736310778,0.736310778,0.736310778,0.736310778,0.736310778,0.736310778,0.736310778,0.736310778,0.736310778,0.638136008,0.638136008,0.736310778,0.736310778,0.736310778,0.736310778,0.736310778,0.736310778,0.736310778,0.736310778,0.736310778,0.736310778,0.736310778,0.736310778,0.736310778,0.736310778,0.736310778,0.736310778,0.736310778,0.736310778,0.736310778,0.736310778,0.736310778,0.736310778,0.736310778,0.736310778,0.736310778,0.736310778,0.736310778,0.736310778,0.638136008,0.638136008,0.638136008,0.638136008,0.638136008,0.638136008,0.638136008,0.539961237,0.539961237,0.539961237,0.539961237,0.539961237,0.441786467,0.441786467,0.441786467,0.441786467,0.343611696,0.343611696,0.343611696,0.343611696,0.245436926,0.245436926,0.245436926,0.245436926,0.245436926,0.245436926,0.147262156,0.147262156,0.147262156,0.147262156,0.147262156,0.147262156,0.147262156,0.147262156,0.245436926,0.245436926,0.245436926,0.343611696,0.441786467,0.441786467,0.539961237,0.539961237,0.638136008,0.638136008,0.736310778,0.736310778,0.736310778,0.736310778,0.736310778,0.736310778,0.736310778,0.736310778,0.736310778,0.736310778,0.736310778,0.638136008,0.638136008,0.638136008,0.638136008,0.539961237,0.539961237,0.539961237,0.539961237,0.539961237,0.539961237,0.539961237,0.539961237,0.539961237,0.539961237,0.539961237,0.539961237,0.441786467,0.441786467,0.441786467,0.441786467
223.314594984,C01,AP01,client_to_ap,VHT,2,2,2,80,SU,1,4,122,6637c97e16e6ce8a,0.736310778,0.736310778,0.736310778,0.736310778,0.736310778,0.736310778,0.736310778,0.736310778,0.736310778,0.736310778,0.736310778,0.736310778,0.736310778,0.638136008,0.638136008,0.638136008,0.736310778,0.736310778,0.638136008,0.736310778,0.638136008,0.736310778,0.736310778,0.736310778,0.736310778,0.736310778,0.736310778,0.736310778,0.736310778,0.736310778,0.736310778,0.736310778,0.736310778,0.736310778,0.736310778,0.736310778,0.736310778,0.736310778,0.638136008,0.736310778,0.736310778,0.736310778,0.736310778,0.736310778,0.736310778,0.736310778,0.736310778,0.638136008,0.638136008,0.638136008,0.638136008,0.638136008,0.638136008,0.638136008,0.638136008,0.539961237,0.539961237,0.539961237,0.539961237,0.441786467,0.441786467,0.441786467,0.343611696,0.343611696,0.343611696,0.343611696,0.343611696,0.245436926,0.245436926,0.245436926,0.245436926,0.245436926,0.245436926,0.245436926,0.147262156,0.147262156,0.147262156,0.147262156,0.147262156,0.147262156,0.147262156,0.245436926,0.245436926,0.245436926,0.343611696,0.343611696,0.441786467,0.539961237,0.539961237,0.638136008,0.638136008,0.736310778,0.736310778,0.736310778,0.736310778,0.736310778,0.736310778,0.736310778,0.736310778,0.736310778,0.736310778,0.736310778,0.638136008,0.638136008,0.638136008,0.638136008,0.539961237,0.539961237,0.539961237,0.539961237,0.539961237,0.539961237,0.539961237,0.539961237,0.539961237,0.539961237,0.539961237,0.441786467,0.441786467,0.441786467,0.441786467,0.441786467
224.646853924,C01,AP01,client_to_ap,VHT,2,2,2,80,SU,1,4,122,6637c97e16e6ce8a,0.736310778,0.736310778,0.736310778,0.736310778,0.736310778,0.736310778,0.736310778,0.736310778,0.736310778,0.736310778,0.736310778,0.736310778,0.736310778,0.736310778,0.736310778,0.736310778,0.736310778,0.736310778,0.736310778,0.736310778,0.736310778,0.736310778,0.736310778,0.736310778,0.736310778,0.736310778,0.736310778,0.736310778,0.736310778,0.736310778,0.736310778,0.736310778,0.736310778,0.736310778,0.736310778,0.736310778,0.736310778,0.736310778,0.736310778,0.736310778,0.736310778,0.736310778,0.736310778,0.736310778,0.736310778,0.736310778,0.736310778,0.638136008,0.638136008,0.638136008,0.638136008,0.638136008,0.638136008,0.638136008,0.638136008,0.539961237,0.539961237,0.539961237,0.539961237,0.441786467,0.441786467,0.441786467,0.343611696,0.343611696,0.343611696,0.343611696,0.343611696,0.245436926,0.245436926,0.245436926,0.245436926,0.245436926,0.245436926,0.147262156,0.147262156,0.147262156,0.147262156,0.147262156,0.147262156,0.147262156,0.147262156,0.245436926,0.245436926,0.245436926,0.343611696,0.441786467,0.441786467,0.539961237,0.539961237,0.638136008,0.638136008,0.736310778,0.736310778,0.736310778,0.736310778,0.736310778,0.736310778,0.736310778,0.736310778,0.736310778,0.736310778,0.736310778,0.638136008,0.638136008,0.638136008,0.638136008,0.539961237,0.539961237,0.539961237,0.539961237,0.539961237,0.539961237,0.539961237,0.539961237,0.539961237,0.539961237,0.539961237,0.539961237,0.441786467,0.441786467,0.441786467,0.441786467
225.983481884,C01,AP01,client_to_ap,VHT,2,2,2,80,SU,1,4,122,6637c97e16e6ce8a,0.736310778,0.736310778,0.736310778,0.736310778,0.736310778,0.736310778,0.736310778,0.736310778,0.736310778,0.736310778,0.736310778,0.736310778,0.736310778,0.638136008,0.638136008,0.736310778,0.736310778,0.736310778,0.736310778,0.736310778,0.638136008,0.638136008,0.736310778,0.736310778,0.736310778,0.736310778,0.736310778,0.736310778,0.736310778,0.736310778,0.736310778,0.736310778,0.736310778,0.736310778,0.736310778,0.736310778,0.638136008,0.736310778,0.638136008,0.638136008,0.736310778,0.638136008,0.736310778,0.736310778,0.736310778,0.736310778,0.736310778,0.638136008,0.638136008,0.638136008,0.638136008,0.638136008,0.638136008,0.638136008,0.539961237,0.539961237,0.539961237,0.539961237,0.539961237,0.441786467,0.441786467,0.441786467,0.343611696,0.343611696,0.343611696,0.343611696,0.245436926,0.245436926,0.245436926,0.245436926,0.245436926,0.245436926,0.245436926,0.147262156,0.147262156,0.147262156,0.147262156,0.147262156,0.147262156,0.147262156,0.147262156,0.147262156,0.245436926,0.245436926,0.343611696,0.343611696,0.441786467,0.539961237,0.539961237,0.638136008,0.638136008,0.638136008,0.736310778,0.736310778,0.736310778,0.736310778,0.736310778,0.736310778,0.736310778,0.736310778,0.736310778,0.638136008,0.638136008,0.638136008,0.638136008,0.638136008,0.539961237,0.539961237,0.539961237,0.539961237,0.539961237,0.539961237,0.539961237,0.539961237,0.539961237,0.539961237,0.539961237,0.441786467,0.441786467,0.441786467,0.441786467,0.441786467
227.315324783,C01,AP01,client_to_ap,VHT,2,2,2,80,SU,1,4,122,6637c97e16e6ce8a,0.736310778,0.736310778,0.736310778,0.736310778,0.736310778,0.736310778,0.736310778,0.736310778,0.736310778,0.736310778,0.736310778,0.736310778,0.736310778,0.736310778,0.638136008,0.638136008,0.638136008,0.638136008,0.638136008,0.736310778,0.638136008,0.736310778,0.736310778,0.736310778,0.736310778,0.736310778,0.736310778,0.736310778,0.736310778,0.736310778,0.736310778,0.736310778,0.736310778,0.736310778,0.736310778,0.736310778,0.638136008,0.638136008,0.638136008,0.638136008,0.736310778,0.736310778,0.736310778,0.638136008,0.638136008,0.736310778,0.736310778,0.638136008,0.638136008,0.638136008,0.638136008,0.638136008,0.638136008,0.638136008,0.539961237,0.539961237,0.539961237,0.539961237,0.539961237,0.441786467,0.441786467,0.441786467,0.343611696,0.343611696,0.343611696,0.343611696,0.343611696,0.245436926,0.245436926,0.245436926,0.245436926,0.245436926,0.245436926,0.245436926,0.147262156,0.147262156,0.147262156,0.147262156,0.147262156,0.147262156,0.147262156,0.147262156,0.245436926,0.245436926,0.343611696,0.441786467,0.441786467,0.539961237,0.539961237,0.539961237,0.638136008,0.638136008,0.736310778,0.736310778,0.736310778,0.736310778,0.736310778,0.736310778,0.736310778,0.736310778,0.736310778,0.736310778,0.638136008,0.638136008,0.638136008,0.539961237,0.539961237,0.539961237,0.539961237,0.539961237,0.539961237,0.539961237,0.539961237,0.539961237,0.539961237,0.539961237,0.441786467,0.441786467,0.441786467,0.441786467,0.441786467,0.441786467
228.647405863,C01,AP01,client_to_ap,VHT,2,2,2,80,SU,1,4,122,6637c97e16e6ce8a,0.736310778,0.736310778,0.736310778,0.736310778,0.736310778,0.736310778,0.736310778,0.736310778,0.736310778,0.736310778,0.736310778,0.736310778,0.736310778,0.736310778,0.736310778,0.736310778,0.736310778,0.736310778,0.736310778,0.736310778,0.736310778,0.736310778,0.736310778,0.736310778,0.736310778,0.736310778,0.736310778,0.736310778,0.736310778,0.736310778,0.736310778,0.736310778,0.736310778,0.736310778,0.736310778,0.736310778,0.736310778,0.736310778,0.736310778,0.736310778,0.736310778,0.736310778,0.736310778,0.736310778,0.736310778,0.736310778,0.736310778,0.736310778,0.638136008,0.736310778,0.638136008,0.638136008,0.638136008,0.638136008,0.638136008,0.539961237,0.539961237,0.539961237,0.539961237,0.539961237,0.441786467,0.441786467,0.441786467,0.343611696,0.343611696,0.343611696,0.343611696,0.245436926,0.245436926,0.245436926,0.245436926,0.245436926,0.245436926,0.245436926,0.147262156,0.147262156,0.147262156,0.147262156,0.147262156,0.147262156,0.147262156,0.245436926,0.245436926,0.343611696,0.343611696,0.441786467,0.539961237,0.539961237,0.539961237,0.638136008,0.638136008,0.736310778,0.736310778,0.736310778,0.736310778,0.834485549,0.736310778,0.736310778,0.736310778,0.736310778,0.736310778,0.736310778,0.736310778,0.638136008,0.638136008,0.638136008,0.638136008,0.638136008,0.539961237,0.539961237,0.539961237,0.539961237,0.539961237,0.539961237,0.539961237,0.539961237,0.539961237,0.441786467,0.539961237,0.539961237,0.441786467,0.441786467
229.983158827,C01,AP01,client_to_ap,VHT,2,2,2,80,SU,1,4,122,6637c97e16e6ce8a,0.736310778,0.736310778,0.736310778,0.736310778,0.736310778,0.736310778,0.736310778,0.736310778,0.736310778,0.736310778,0.736310778,0.736310778,0.736310778,0.736310778,0.638136008,0.736310778,0.736310778,0.638136008,0.638136008,0.736310778,0.736310778,0.736310778,0.736310778,0.736310778,0.736310778,0.736310778,0.736310778,0.736310778,0.736310778,0.736310778,0.736310778,0.736310778,0.736310778,0.736310778,0.736310778,0.736310778,0.736310778,0.638136008,0.638136008,0.736310778,0.736310778,0.736310778,0.638136008,0.736310778,0.736310778,0.736310778,0.736310778,0.736310778,0.638136008,0.638136008,0.638136008,0.638136008,0.638136008,0.638136008,0.539961237,0.539961237,0.539961237,0.539961237,0.539961237,0.441786467,0.441786467,0.441786467,0.441786467,0.343611696,0.343611696,0.343611696,0.343611696,0.245436926,0.245436926,0.245436926,0.245436926,0.245436926,0.245436926,0.245436926,0.147262156,0.147262156,0.147262156,0.147262156,0.147262156,0.147262156,0.147262156,0.245436926,0.245436926,0.245436926,0.343611696,0.441786467,0.441786467,0.539961237,0.539961237,0.638136008,0.638136008,0.736310778,0.736310778,0.736310778,0.736310778,0.736310778,0.736310778,0.736310778,0.736310778,0.736310778,0.736310778,0.736310778,0.638136008,0.638136008,0.638136008,0.638136008,0.539961237,0.539961237,0.539961237,0.539961237,0.539961237,0.539961237,0.539961237,0.539961237,0.539961237,0.441786467,0.539961237,0.539961237,0.441786467,0.441786467,0.441786467,0.441786467
231.315007925,C01,AP01,client_to_ap,VHT,2,2,2,80,SU,1,4,122,6637c97e16e6ce8a,0.736310778,0.736310778,0.736310778,0.736310778,0.736310778,0.736310778,0.736310778,0.736310778,0.736310778,0.736310778,0.736310778,0.638136008,0.736310778,0.736310778,0.638136008,0.638136008,0.736310778,0.736310778,0.736310778,0.638136008,0.736310778,0.736310778,0.736310778,0.736310778,0.736310778,0.736310778,0.736310778,0.736310778,0.736310778,0.736310778,0.736310778,0.736310778,0.736310778,0.736310778,0.736310778,0.638136008,0.638136008,0.736310778,0.736310778,0.736310778,0.736310778,0.736310778,0.736310778,0.736310778,0.736310778,0.736310778,0.736310778,0.638136008,0.638136008,0.638136008,0.638136008,0.638136008,0.638136008,0.638136008,0.539961237,0.539961237,0.539961237,0.539961237,0.539961237,0.441786467,0.441786467,0.441786467,0.343611696,0.343611696,0.343611696,0.343611696,0.245436926,0.245436926,0.245436926,0.245436926,0.245436926,0.245436926,0.245436926,0.245436926,0.147262156,0.147262156,0.147262156,0.147262156,0.147262156,0.147262156,0.147262156,0.245436926,0.245436926,0.245436926,0.343611696,0.343611696,0.441786467,0.539961237,0.539961237,0.638136008,0.638136008,0.736310778,0.736310778,0.736310778,0.736310778,0.736310778,0.736310778,0.736310778,0.736310778,0.736310778,0.736310778,0.736310778,0.638136008,0.638136008,0.638136008,0.638136008,0.539961237,0.539961237,0.539961237,0.539961237,0.539961237,0.539961237,0.539961237,0.539961237,0.539961237,0.539961237,0.441786467,0.441786467,0.539961237,0.539961237,0.441786467,0.441786467
232.646589994,C01,AP01,client_to_ap,VHT,2,2,2,80,SU,1,4,122,6637c97e16e6ce8a,0.736310778,0.736310778,0.736310778,0.736310778,0.736310778,0.736310778,0.736310778,0.736310778,0.736310778,0.736310778,0.736310778,0.638136008,0.736310778,0.638136008,0.638136008,0.638136008,0.736310778,0.736310778,0.736310778,0.736310778,0.736310778,0.736310778,0.638136008,0.736310778,0.736310778,0.736310778,0.736310778,0.736310778,0.736310778,0.736310778,0.736310778,0.736310778,0.736310778,0.638136008,0.638136008,0.638136008,0.638136008,0.736310778,0.638136008,0.638136008,0.736310778,0.736310778,0.736310778,0.736310778,0.736310778,0.736310778,0.736310778,0.638136008,0.638136008,0.638136008,0.638136008,0.638136008,0.638136008,0.638136008,0.539961237,0.539961237,0.539961237,0.539961237,0.539961237,0.441786467,0.441786467,0.441786467,0.343611696,0.343611696,0.343611696,0.343611696,0.245436926,0.245436926,0.245436926,0.245436926,0.245436926,0.245436926,0.245436926,0.147262156,0.147262156,0.147262156,0.147262156,0.147262156,0.147262156,0.147262156,0.147262156,0.147262156,0.245436926,0.245436926,0.343611696,0.343611696,0.441786467,0.539961237,0.539961237,0.638136008,0.638136008,0.736310778,0.736310778,0.736310778,0.736310778,0.736310778,0.736310778,0.736310778,0.736310778,0.736310778,0.736310778,0.736310778,0.638136008,0.638136008,0.638136008,0.638136008,0.539961237,0.539961237,0.539961237,0.539961237,0.539961237,0.539961237,0.539961237,0.539961237,0.539961237,0.539961237,0.539961237,0.441786467,0.539961237,0.441786467,0.441786467,0.441786467
233.983181953,C01,AP01,client_to_ap,VHT,2,2,2,80,SU,1,4,122,6637c97e16e6ce8a,0.736310778,0.736310778,0.736310778,0.736310778,0.736310778,0.736310778,0.736310778,0.736310778,0.736310778,0.736310778,0.736310778,0.638136008,0.736310778,0.638136008,0.638136008,0.638136008,0.638136008,0.736310778,0.638136008,0.638136008,0.638136008,0.736310778,0.736310778,0.736310778,0.736310778,0.736310778,0.736310778,0.736310778,0.736310778,0.736310778,0.638136008,0.638136008,0.638136008,0.638136008,0.638136008,0.638136008,0.638136008,0.638136008,0.638136008,0.638136008,0.638136008,0.638136008,0.638136008,0.638136008,0.638136008,0.638136008,0.638136008,0.638136008,0.638136008,0.638136008,0.638136008,0.638136008,0.638136008,0.638136008,0.539961237,0.539961237,0.539961237,0.539961237,0.441786467,0.441786467,0.441786467,0.441786467,0.343611696,0.343611696,0.343611696,0.343611696,0.245436926,0.245436926,0.245436926,0.245436926,0.245436926,0.245436926,0.147262156,0.147262156,0.147262156,0.147262156,0.147262156,0.147262156,0.147262156,0.147262156,0.147262156,0.147262156,0.245436926,0.245436926,0.343611696,0.343611696,0.441786467,0.539961237,0.539961237,0.638136008,0.638136008,0.638136008,0.736310778,0.736310778,0.736310778,0.736310778,0.736310778,0.736310778,0.736310778,0.736310778,0.736310778,0.638136008,0.638136008,0.638136008,0.638136008,0.638136008,0.539961237,0.539961237,0.539961237,0.539961237,0.539961237,0.539961237,0.539961237,0.539961237,0.539961237,0.539961237,0.539961237,0.441786467,0.441786467,0.441786467,0.441786467,0.441786467
235.314783812,C01,AP01,client_to_ap,VHT,2,2,2,80,SU,1,4,122,6637c97e16e6ce8a,0.736310778,0.736310778,0.736310778,0.736310778,0.736310778,0.736310778,0.736310778,0.736310778,0.736310778,0.736310778,0.736310778,0.736310778,0.736310778,0.736310778,0.736310778,0.638136008,0.736310778,0.736310778,0.736310778,0.736310778,0.736310778,0.736310778,0.736310778,0.736310778,0.736310778,0.736310778,0.736310778,0.736310778,0.736310778,0.736310778,0.736310778,0.736310778,0.736310778,0.736310778,0.736310778,0.736310778,0.736310778,0.736310778,0.638136008,0.736310778,0.736310778,0.736310778,0.736310778,0.736310778,0.736310778,0.736310778,0.736310778,0.638136008,0.638136008,0.638136008,0.638136008,0.638136008,0.638136008,0.638136008,0.638136008,0.539961237,0.539961237,0.539961237,0.539961237,0.441786467,0.441786467,0.441786467,0.441786467,0.343611696,0.343611696,0.343611696,0.343611696,0.245436926,0.245436926,0.245436926,0.245436926,0.245436926,0.245436926,0.245436926,0.147262156,0.147262156,0.147262156,0.147262156,0.147262156,0.147262156,0.147262156,0.147262156,0.245436926,0.245436926,0.343611696,0.343611696,0.441786467,0.539961237,0.539961237,0.638136008,0.638136008,0.736310778,0.736310778,0.736310778,0.736310778,0.736310778,0.736310778,0.736310778,0.736310778,0.736310778,0.736310778,0.736310778,0.736310778,0.638136008,0.638136008,0.638136008,0.638136008,0.539961237,0.539961237,0.539961237,0.539961237,0.539961237,0.539961237,0.539961237,0.539961237,0.539961237,0.441786467,0.539961237,0.441786467,0.441786467,0.441786467,0.441786467
236.647917986,C01,AP01,client_to_ap,VHT,2,2,2,80,SU,1,4,122,6637c97e16e6ce8a,0.736310778,0.736310778,0.736310778,0.736310778,0.736310778,0.736310778,0.736310778,0.736310778,0.736310778,0.736310778,0.736310778,0.736310778,0.736310778,0.638136008,0.736310778,0.736310778,0.736310778,0.736310778,0.638136008,0.736310778,0.736310778,0.736310778,0.736310778,0.736310778,0.736310778,0.736310778,0.736310778,0.736310778,0.736310778,0.736310778,0.736310778,0.736310778,0.736310778,0.736310778,0.638136008,0.736310778,0.638136008,0.736310778,0.638136008,0.736310778,0.736310778,0.638136008,0.736310778,0.736310778,0.736310778,0.736310778,0.736310778,0.638136008,0.638136008,0.638136008,0.638136008,0.638136008,0.638136008,0.638136008,0.638136008,0.539961237,0.539961237,0.539961237,0.539961237,0.441786467,0.441786467,0.441786467,0.343611696,0.343611696,0.343611696,0.343611696,0.343611696,0.245436926,0.245436926,0.245436926,0.245436926,0.245436926,0.245436926,0.245436926,0.147262156,0.147262156,0.147262156,0.147262156,0.147262156,0.147262156,0.147262156,0.245436926,0.245436926,0.245436926,0.343611696,0.343611696,0.441786467,0.539961237,0.539961237,0.638136008,0.638136008,0.736310778,0.736310778,0.736310778,0.736310778,0.736310778,0.736310778,0.736310778,0.736310778,0.736310778,0.736310778,0.638136008,0.638136008,0.638136008,0.638136008,0.638136008,0.638136008,0.539961237,0.539961237,0.539961237,0.539961237,0.539961237,0.539961237,0.539961237,0.539961237,0.539961237,0.539961237,0.441786467,0.441786467,0.441786467,0.441786467,0.441786467
237.983522892,C01,AP01,client_to_ap,VHT,2,2,2,80,SU,1,4,122,6637c97e16e6ce8a,0.736310778,0.736310778,0.736310778,0.736310778,0.736310778,0.736310778,0.736310778,0.736310778,0.736310778,0.736310778,0.736310778,0.736310778,0.736310778,0.736310778,0.638136008,0.736310778,0.638136008,0.736310778,0.638136008,0.736310778,0.736310778,0.736310778,0.736310778,0.736310778,0.736310778,0.736310778,0.736310778,0.736310778,0.736310778,0.736310778,0.736310778,0.736310778,0.736310778,0.638136008,0.736310778,0.736310778,0.736310778,0.736310778,0.638136008,0.736310778,0.736310778,0.736310778,0.736310778,0.736310778,0.736310778,0.736310778,0.736310778,0.638136008,0.638136008,0.638136008,0.638136008,0.638136008,0.638136008,0.638136008,0.638136008,0.539961237,0.539961237,0.539961237,0.539961237,0.441786467,0.441786467,0.441786467,0.343611696,0.343611696,0.343611696,0.343611696,0.343611696,0.245436926,0.245436926,0.245436926,0.245436926,0.245436926,0.245436926,0.245436926,0.147262156,0.147262156,0.147262156,0.147262156,0.147262156,0.147262156,0.147262156,0.147262156,0.245436926,0.245436926,0.343611696,0.441786467,0.441786467,0.539961237,0.539961237,0.638136008,0.638136008,0.736310778,0.736310778,0.736310778,0.736310778,0.736310778,0.736310778,0.736310778,0.736310778,0.736310778,0.736310778,0.736310778,0.736310778,0.638136008,0.638136008,0.638136008,0.539961237,0.539961237,0.539961237,0.539961237,0.539961237,0.539961237,0.539961237,0.539961237,0.539961237,0.539961237,0.539961237,0.441786467,0.441786467,0.441786467,0.441786467,0.441786467
239.315301895,C01,AP01,client_to_ap,VHT,2,2,2,80,SU,1,4,122,6637c97e16e6ce8a,0.736310778,0.736310778,0.736310778,0.736310778,0.736310778,0.736310778,0.736310778,0.736310778,0.736310778,0.736310778,0.736310778,0.736310778,0.736310778,0.638136008,0.736310778,0.638136008,0.736310778,0.736310778,0.736310778,0.736310778,0.736310778,0.736310778,0.736310778,0.736310778,0.736310778,0.736310778,0.736310778,0.736310778,0.736310778,0.736310778,0.736310778,0.736310778,0.736310778,0.736310778,0.736310778,0.638136008,0.638136008,0.736310778,0.638136008,0.736310778,0.736310778,0.736310778,0.736310778,0.736310778,0.736310778,0.736310778,0.736310778,0.638136008,0.638136008,0.638136008,0.638136008,0.638136008,0.638136008,0.638136008,0.638136008,0.539961237,0.539961237,0.539961237,0.539961237,0.441786467,0.441786467,0.441786467,0.343611696,0.343611696,0.343611696,0.343611696,0.343611696,0.245436926,0.245436926,0.245436926,0.245436926,0.245436926,0.245436926,0.147262156,0.147262156,0.147262156,0.147262156,0.147262156,0.147262156,0.147262156,0.147262156,0.245436926,0.245436926,0.245436926,0.343611696,0.343611696,0.441786467,0.539961237,0.539961237,0.539961237,0.638136008,0.736310778,0.736310778,0.736310778,0.736310778,0.736310778,0.736310778,0.736310778,0.736310778,0.736310778,0.736310778,0.736310778,0.638136008,0.638136008,0.638136008,0.638136008,0.539961237,0.539961237,0.539961237,0.539961237,0.539961237,0.539961237,0.539961237,0.539961237,0.539961237,0.539961237,0.441786467,0.441786467,0.441786467,0.441786467,0.441786467,0.441786467
240.646663904,C01,AP01,client_to_ap,VHT,2,2,2,80,SU,1,4,122,6637c97e16e6ce8a,0.736310778,0.736310778,0.736310778,0.736310778,0.736310778,0.736310778,0.736310778,0.736310778,0.736310778,0.736310778,0.736310778,0.736310778,0.736310778,0.638136008,0.638136008,0.736310778,0.736310778,0.736310778,0.638136008,0.736310778,0.638136008,0.736310778,0.736310778,0.736310778,0.736310778,0.736310778,0.736310778,0.736310778,0.736310778,0.736310778,0.736310778,0.736310778,0.736310778,0.736310778,0.638136008,0.736310778,0.736310778,0.736310778,0.736310778,0.736310778,0.736310778,0.736310778,0.736310778,0.736310778,0.736310778,0.736310778,0.736310778,0.638136008,0.736310778,0.638136008,0.638136008,0.638136008,0.638136008,0.638136008,0.638136008,0.539961237,0.539961237,0.539961237,0.539961237,0.441786467,0.441786467,0.441786467,0.343611696,0.343611696,0.343611696,0.343611696,0.343611696,0.245436926,0.245436926,0.245436926,0.245436926,0.245436926,0.245436926,0.245436926,0.147262156,0.147262156,0.147262156,0.147262156,0.147262156,0.147262156,0.147262156,0.245436926,0.245436926,0.245436926,0.343611696,0.441786467,0.441786467,0.539961237,0.539961237,0.638136008,0.638136008,0.736310778,0.736310778,0.736310778,0.736310778,0.736310778,0.736310778,0.736310778,0.736310778,0.736310778,0.736310778,0.736310778,0.638136008,0.638136008,0.638136008,0.638136008,0.539961237,0.539961237,0.539961237,0.539961237,0.539961237,0.539961237,0.539961237,0.539961237,0.539961237,0.539961237,0.539961237,0.539961237,0.441786467,0.441786467,0.441786467,0.441786467
241.983189821,C01,AP01,client_to_ap,VHT,2,2,2,80,SU,1,4,122,6637c97e16e6ce8a,0.736310778,0.736310778,0.736310778,0.736310778,0.736310778,0.736310778,0.736310778,0.736310778,0.736310778,0.736310778,0.736310778,0.736310778,0.736310778,0.638136008,0.638136008,0.736310778,0.736310778,0.638136008,0.638136008,0.736310778,0.736310778,0.736310778,0.736310778,0.736310778,0.736310778,0.736310778,0.736310778,0.736310778,0.736310778,0.736310778,0.736310778,0.736310778,0.736310778,0.638136008,0.736310778,0.736310778,0.736310778,0.736310778,0.736310778,0.736310778,0.736310778,0.736310778,0.736310778,0.736310778,0.736310778,0.736310778,0.736310778,0.638136008,0.638136008,0.638136008,0.638136008,0.638136008,0.638136008,0.638136008,0.539961237,0.539961237,0.539961237,0.539961237,0.539961237,0.441786467,0.441786467,0.441786467,0.343611696,0.343611696,0.343611696,0.343611696,0.343611696,0.245436926,0.245436926,0.245436926,0.245436926,0.245436926,0.245436926,0.147262156,0.147262156,0.147262156,0.147262156,0.147262156,0.147262156,0.147262156,0.147262156,0.245436926,0.245436926,0.245436926,0.343611696,0.441786467,0.441786467,0.441786467,0.539961237,0.638136008,0.638136008,0.736310778,0.736310778,0.736310778,0.736310778,0.736310778,0.736310778,0.736310778,0.736310778,0.736310778,0.736310778,0.736310778,0.638136008,0.638136008,0.638136008,0.638136008,0.638136008,0.539961237,0.539961237,0.539961237,0.539961237,0.539961237,0.539961237,0.539961237,0.539961237,0.441786467,0.539961237,0.539961237,0.441786467,0.441786467,0.441786467,0.441786467
243.315308809,C01,AP01,client_to_ap,VHT,2,2,2,80,SU,1,4,122,6637c97e16e6ce8a,0.736310778,0.736310778,0.736310778,0.736310778,0.736310778,0.736310778,0.736310778,0.736310778,0.736310778,0.736310778,0.736310778,0.736310778,0.736310778,0.736310778,0.638136008,0.736310778,0.736310778,0.736310778,0.736310778,0.736310778,0.736310778,0.736310778,0.736310778,0.736310778,0.736310778,0.736310778,0.736310778,0.736310778,0.736310778,0.736310778,0.736310778,0.736310778,0.736310778,0.736310778,0.736310778,0.736310778,0.736310778,0.736310778,0.736310778,0.736310778,0.736310778,0.736310778,0.736310778,0.736310778,0.736310778,0.736310778,0.736310778,0.638136008,0.638136008,0.638136008,0.638136008,0.638136008,0.638136008,0.638136008,0.539961237,0.539961237,0.539961237,0.539961237,0.539961237,0.441786467,0.441786467,0.441786467,0.343611696,0.343611696,0.343611696,0.343611696,0.343611696,0.245436926,0.245436926,0.245436926,0.245436926,0.245436926,0.245436926,0.147262156,0.147262156,0.147262156,0.147262156,0.147262156,0.147262156,0.147262156,0.147262156,0.245436926,0.245436926,0.245436926,0.343611696,0.441786467,0.441786467,0.539961237,0.539961237,0.638136008,0.638136008,0.736310778,0.736310778,0.736310778,0.736310778,0.736310778,0.736310778,0.736310778,0.736310778,0.736310778,0.736310778,0.638136008,0.638136008,0.638136008,0.638136008,0.638136008,0.539961237,0.539961237,0.539961237,0.539961237,0.539961237,0.539961237,0.539961237,0.539961237,0.539961237,0.539961237,0.539961237,0.441786467,0.441786467,0.441786467,0.441786467,0.441786467
244.647306919,C01,AP01,client_to_ap,VHT,2,2,2,80,SU,1,4,122,6637c97e16e6ce8a,0.736310778,0.736310778,0.736310778,0.736310778,0.736310778,0.736310778,0.736310778,0.736310778,0.736310778,0.736310778,0.736310778,0.736310778,0.736310778,0.736310778,0.736310778,0.736310778,0.638136008,0.736310778,0.638136008,0.736310778,0.736310778,0.736310778,0.736310778,0.736310778,0.736310778,0.736310778,0.736310778,0.736310778,0.736310778,0.736310778,0.736310778,0.736310778,0.736310778,0.736310778,0.736310778,0.638136008,0.736310778,0.638136008,0.638136008,0.736310778,0.736310778,0.736310778,0.736310778,0.736310778,0.736310778,0.736310778,0.736310778,0.638136008,0.638136008,0.638136008,0.638136008,0.638136008,0.638136008,0.638136008,0.539961237,0.539961237,0.539961237,0.539961237,0.539961237,0.441786467,0.441786467,0.441786467,0.343611696,0.343611696,0.343611696,0.343611696,0.343611696,0.245436926,0.245436926,0.245436926,0.245436926,0.245436926,0.245436926,0.245436926,0.147262156,0.147262156,0.147262156,0.147262156,0.147262156,0.147262156,0.147262156,0.245436926,0.245436926,0.245436926,0.343611696,0.343611696,0.441786467,0.539961237,0.539961237,0.638136008,0.638136008,0.736310778,0.736310778,0.736310778,0.736310778,0.736310778,0.736310778,0.736310778,0.736310778,0.736310778,0.736310778,0.736310778,0.638136008,0.638136008,0.638136008,0.638136008,0.539961237,0.539961237,0.539961237,0.539961237,0.539961237,0.539961237,0.539961237,0.539961237,0.539961237,0.539961237,0.539961237,0.441786467,0.441786467,0.441786467,0.441786467,0.441786467
245.983139992,C01,AP01,client_to_ap,VHT,2,2,2,80,SU,1,4,122,6637c97e16e6ce8a,0.736310778,0.736310778,0.736310778,0.736310778,0.736310778,0.736310778,0.736310778,0.736310778,0.736310778,0.736310778,0.736310778,0.736310778,0.736310778,0.736310778,0.638136008,0.736310778,0.736310778,0.736310778,0.736310778,0.736310778,0.736310778,0.736310778,0.736310778,0.736310778,0.736310778,0.736310778,0.736310778,0.736310778,0.736310778,0.736310778,0.736310778,0.736310778,0.736310778,0.736310778,0.736310778,0.736310778,0.638136008,0.638136008,0.638136008,0.736310778,0.736310778,0.736310778,0.736310778,0.736310778,0.736310778,0.736310778,0.736310778,0.638136008,0.638136008,0.638136008,0.638136008,0.638136008,0.638136008,0.638136008,0.638136008,0.539961237,0.539961237,0.539961237,0.539961237,0.441786467,0.441786467,0.441786467,0.343611696,0.343611696,0.343611696,0.343611696,0.343611696,0.245436926,0.245436926,0.245436926,0.245436926,0.245436926,0.245436926,0.147262156,0.147262156,0.147262156,0.147262156,0.147262156,0.147262156,0.147262156,0.147262156,0.245436926,0.245436926,0.245436926,0.343611696,0.441786467,0.441786467,0.441786467,0.539961237,0.638136008,0.638136008,0.736310778,0.736310778,0.736310778,0.736310778,0.736310778,0.736310778,0.736310778,0.736310778,0.736310778,0.736310778,0.736310778,0.638136008,0.638136008,0.638136008,0.638136008,0.539961237,0.539961237,0.539961237,0.539961237,0.539961237,0.539961237,0.539961237,0.539961237,0.539961237,0.539961237,0.539961237,0.539961237,0.441786467,0.441786467,0.441786467,0.441786467
247.315451860,C01,AP01,client_to_ap,VHT,2,2,2,80,SU,1,4,122,6637c97e16e6ce8a,0.736310778,0.736310778,0.736310778,0.736310778,0.736310778,0.736310778,0.736310778,0.736310778,0.736310778,0.736310778,0.736310778,0.736310778,0.736310778,0.638136008,0.638136008,0.638136008,0.736310778,0.736310778,0.638136008,0.736310778,0.736310778,0.736310778,0.736310778,0.736310778,0.736310778,0.736310778,0.736310778,0.736310778,0.736310778,0.736310778,0.736310778,0.736310778,0.736310778,0.638136008,0.736310778,0.638136008,0.736310778,0.736310778,0.638136008,0.736310778,0.736310778,0.638136008,0.736310778,0.736310778,0.736310778,0.736310778,0.736310778,0.638136008,0.638136008,0.638136008,0.638136008,0.638136008,0.638136008,0.638136008,0.638136008,0.539961237,0.539961237,0.539961237,0.539961237,0.441786467,0.441786467,0.441786467,0.343611696,0.343611696,0.343611696,0.343611696,0.343611696,0.245436926,0.245436926,0.245436926,0.245436926,0.245436926,0.245436926,0.245436926,0.147262156,0.147262156,0.147262156,0.147262156,0.147262156,0.147262156,0.147262156,0.245436926,0.245436926,0.245436926,0.343611696,0.343611696,0.441786467,0.539961237,0.539961237,0.638136008,0.638136008,0.736310778,0.736310778,0.736310778,0.736310778,0.736310778,0.736310778,0.736310778,0.736310778,0.736310778,0.736310778,0.736310778,0.638136008,0.638136008,0.638136008,0.638136008,0.539961237,0.539961237,0.539961237,0.539961237,0.539961237,0.539961237,0.539961237,0.539961237,0.539961237,0.539961237,0.539961237,0.539961237,0.441786467,0.441786467,0.441786467,0.441786467
248.647320986,C01,AP01,client_to_ap,VHT,2,2,2,80,SU,1,4,122,6637c97e16e6ce8a,0.736310778,0.736310778,0.736310778,0.736310778,0.736310778,0.736310778,0.736310778,0.736310778,0.736310778,0.736310778,0.736310778,0.736310778,0.736310778,0.736310778,0.638136008,0.638136008,0.736310778,0.736310778,0.638136008,0.638136008,0.736310778,0.736310778,0.736310778,0.736310778,0.736310778,0.736310778,0.736310778,0.736310778,0.736310778,0.736310778,0.736310778,0.736310778,0.638136008,0.736310778,0.736310778,0.736310778,0.736310778,0.736310778,0.736310778,0.736310778,0.736310778,0.736310778,0.736310778,0.638136008,0.736310778,0.736310778,0.736310778,0.638136008,0.638136008,0.638136008,0.638136008,0.638136008,0.638136008,0.638136008,0.539961237,0.539961237,0.539961237,0.539961237,0.539961237,0.441786467,0.441786467,0.441786467,0.343611696,0.343611696,0.343611696,0.343611696,0.343611696,0.245436926,0.245436926,0.245436926,0.245436926,0.245436926,0.245436926,0.147262156,0.147262156,0.147262156,0.147262156,0.147262156,0.147262156,0.147262156,0.147262156,0.147262156,0.245436926,0.245436926,0.343611696,0.343611696,0.441786467,0.539961237,0.539961237,0.638136008,0.638136008,0.736310778,0.736310778,0.736310778,0.736310778,0.736310778,0.736310778,0.736310778,0.736310778,0.736310778,0.736310778,0.638136008,0.638136008,0.638136008,0.638136008,0.638136008,0.539961237,0.539961237,0.539961237,0.539961237,0.539961237,0.539961237,0.539961237,0.539961237,0.539961237,0.539961237,0.539961237,0.441786467,0.441786467,0.441786467,0.441786467,0.441786467
249.983159781,C01,AP01,client_to_ap,VHT,2,2,2,80,SU,1,4,122,6637c97e16e6ce8a,0.736310778,0.736310778,0.736310778,0.736310778,0.736310778,0.736310778,0.736310778,0.736310778,0.736310778,0.736310778,0.638136008,0.638136008,0.638136008,0.638136008,0.638136008,0.638136008,0.638136008,0.638136008,0.638136008,0.638136008,0.638136008,0.638136008,0.638136008,0.736310778,0.736310778,0.638136008,0.736310778,0.736310778,0.638136008,0.638136008,0.638136008,0.638136008,0.638136008,0.638136008,0.638136008,0.638136008,0.638136008,0.638136008,0.638136008,0.638136008,0.638136008,0.638136008,0.638136008,0.638136008,0.638136008,0.638136008,0.638136008,0.638136008,0.638136008,0.638136008,0.638136008,0.638136008,0.638136008,0.539961237,0.539961237,0.539961237,0.539961237,0.539961237,0.441786467,0.441786467,0.441786467,0.343611696,0.343611696,0.343611696,0.343611696,0.343611696,0.245436926,0.245436926,0.245436926,0.245436926,0.245436926,0.245436926,0.147262156,0.147262156,0.147262156,0.147262156,0.147262156,0.147262156,0.147262156,0.147262156,0.147262156,0.147262156,0.245436926,0.245436926,0.343611696,0.343611696,0.441786467,0.441786467,0.539961237,0.539961237,0.638136008,0.638136008,0.638136008,0.736310778,0.736310778,0.736310778,0.736310778,0.736310778,0.736310778,0.638136008,0.638136008,0.638136008,0.638136008,0.638136008,0.638136008,0.539961237,0.539961237,0.539961237,0.539961237,0.539961237,0.539961237,0.539961237,0.539961237,0.539961237,0.539961237,0.441786467,0.539961237,0.539961237,0.441786467,0.441786467,0.441786467,0.441786467
251.314875841,C01,AP01,client_to_ap,VHT,2,2,2,80,SU,1,4,122,6637c97e16e6ce8a,0.736310778,0.736310778,0.736310778,0.736310778,0.736310778,0.736310778,0.736310778,0.736310778,0.736310778,0.736310778,0.736310778,0.736310778,0.736310778,0.638136008,0.638136008,0.736310778,0.736310778,0.736310778,0.638136008,0.736310778,0.736310778,0.736310778,0.736310778,0.736310778,0.736310778,0.736310778,0.736310778,0.736310778,0.736310778,0.736310778,0.736310778,0.736310778,0.638136008,0.638136008,0.736310778,0.736310778,0.638136008,0.638136008,0.638136008,0.736310778,0.736310778,0.736310778,0.736310778,0.736310778,0.736310778,0.736310778,0.736310778,0.638136008,0.638136008,0.638136008,0.638136008,0.638136008,0.638136008,0.638136008,0.539961237,0.539961237,0.539961237,0.539961237,0.539961237,0.441786467,0.441786467,0.441786467,0.343611696,0.343611696,0.343611696,0.343611696,0.343611696,0.245436926,0.245436926,0.245436926,0.245436926,0.245436926,0.245436926,0.147262156,0.147262156,0.147262156,0.147262156,0.147262156,0.147262156,0.147262156,0.147262156,0.245436926,0.245436926,0.245436926,0.343611696,0.441786467,0.441786467,0.539961237,0.539961237,0.638136008,0.638136008,0.736310778,0.736310778,0.736310778,0.736310778,0.736310778,0.736310778,0.736310778,0.736310778,0.736310778,0.736310778,0.736310778,0.638136008,0.638136008,0.638136008,0.638136008,0.638136008,0.539961237,0.539961237,0.539961237,0.539961237,0.539961237,0.539961237,0.539961237,0.539961237,0.539961237,0.539961237,0.539961237,0.441786467,0.441786467,0.441786467,0.441786467
252.646823883,C01,AP01,client_to_ap,VHT,2,2,2,80,SU,1,4,122,6637c97e16e6ce8a,0.736310778,0.736310778,0.736310778,0.736310778,0.736310778,0.736310778,0.736310778,0.736310778,0.736310778,0.736310778,0.736310778,0.736310778,0.736310778,0.736310778,0.638136008,0.638136008,0.736310778,0.736310778,0.638136008,0.736310778,0.736310778,0.736310778,0.736310778,0.736310778,0.736310778,0.736310778,0.736310778,0.736310778,0.736310778,0.736310778,0.736310778,0.736310778,0.736310778,0.736310778,0.736310778,0.736310778,0.638136008,0.638136008,0.638136008,0.736310778,0.736310778,0.736310778,0.736310778,0.736310778,0.736310778,0.736310778,0.736310778,0.638136008,0.638136008,0.638136008,0.638136008,0.638136008,0.638136008,0.638136008,0.539961237,0.539961237,0.539961237,0.539961237,0.539961237,0.441786467,0.441786467,0.441786467,0.343611696,0.343611696,0.343611696,0.343611696,0.343611696,0.245436926,0.245436926,0.245436926,0.245436926,0.245436926,0.245436926,0.147262156,0.147262156,0.147262156,0.147262156,0.147262156,0.147262156,0.147262156,0.147262156,0.245436926,0.245436926,0.245436926,0.343611696,0.441786467,0.441786467,0.539961237,0.539961237,0.638136008,0.638136008,0.736310778,0.736310778,0.736310778,0.736310778,0.736310778,0.736310778,0.736310778,0.736310778,0.736310778,0.736310778,0.736310778,0.638136008,0.638136008,0.638136008,0.638136008,0.638136008,0.539961237,0.539961237,0.539961237,0.539961237,0.539961237,0.539961237,0.539961237,0.539961237,0.539961237,0.539961237,0.441786467,0.441786467,0.441786467,0.441786467,0.441786467
253.983496904,C01,AP01,client_to_ap,VHT,2,2,2,80,SU,1,4,122,6637c97e16e6ce8a,0.736310778,0.736310778,0.736310778,0.736310778,0.736310778,0.736310778,0.736310778,0.736310778,0.736310778,0.736310778,0.736310778,0.736310778,0.736310778,0.638136008,0.736310778,0.736310778,0.736310778,0.736310778,0.638136008,0.736310778,0.736310778,0.736310778,0.736310778,0.736310778,0.736310778,0.736310778,0.736310778,0.736310778,0.736310778,0.736310778,0.736310778,0.736310778,0.736310778,0.736310778,0.638136008,0.736310778,0.736310778,0.736310778,0.638136008,0.736310778,0.736310778,0.736310778,0.736310778,0.736310778,0.736310778,0.736310778,0.736310778,0.638136008,0.638136008,0.638136008,0.638136008,0.638136008,0.638136008,0.638136008,0.539961237,0.539961237,0.539961237,0.539961237,0.539961237,0.441786467,0.441786467,0.441786467,0.441786467,0.343611696,0.343611696,0.343611696,0.343611696,0.245436926,0.245436926,0.245436926,0.245436926,0.245436926,0.245436926,0.147262156,0.147262156,0.147262156,0.147262156,0.147262156,0.147262156,0.147262156,0.147262156,0.245436926,0.245436926,0.245436926,0.343611696,0.441786467,0.441786467,0.539961237,0.539961237,0.638136008,0.638136008,0.736310778,0.736310778,0.736310778,0.736310778,0.736310778,0.736310778,0.736310778,0.736310778,0.736310778,0.736310778,0.736310778,0.638136008,0.638136008,0.638136008,0.638136008,0.638136008,0.539961237,0.539961237,0.539961237,0.539961237,0.539961237,0.539961237,0.539961237,0.539961237,0.539961237,0.539961237,0.441786467,0.441786467,0.441786467,0.441786467,0.441786467
255.315554857,C01,AP01,client_to_ap,VHT,2,2,2,80,SU,1,4,122,6637c97e16e6ce8a,0.736310778,0.736310778,0.736310778,0.736310778,0.736310778,0.736310778,0.736310778,0.736310778,0.736310778,0.736310778,0.736310778,0.736310778,0.736310778,0.638136008,0.638136008,0.736310778,0.736310778,0.736310778,0.638136008,0.736310778,0.736310778,0.736310778,0.736310778,0.736310778,0.736310778,0.736310778,0.736310778,0.736310778,0.736310778,0.736310778,0.736310778,0.736310778,0.736310778,0.736310778,0.736310778,0.736310778,0.638136008,0.638136008,0.638136008,0.736310778,0.736310778,0.736310778,0.736310778,0.736310778,0.736310778,0.736310778,0.736310778,0.736310778,0.638136008,0.638136008,0.638136008,0.638136008,0.638136008,0.638136008,0.539961237,0.539961237,0.539961237,0.539961237,0.539961237,0.441786467,0.441786467,0.441786467,0.441786467,0.343611696,0.343611696,0.343611696,0.343611696,0.245436926,0.245436926,0.245436926,0.245436926,0.245436926,0.245436926,0.147262156,0.147262156,0.147262156,0.147262156,0.147262156,0.147262156,0.147262156,0.147262156,0.245436926,0.245436926,0.245436926,0.343611696,0.441786467,0.441786467,0.539961237,0.539961237,0.638136008,0.638136008,0.736310778,0.736310778,0.736310778,0.736310778,0.736310778,0.736310778,0.736310778,0.736310778,0.736310778,0.736310778,0.736310778,0.638136008,0.638136008,0.638136008,0.638136008,0.539961237,0.539961237,0.539961237,0.539961237,0.539961237,0.539961237,0.539961237,0.539961237,0.539961237,0.539961237,0.539961237,0.539961237,0.441786467,0.441786467,0.441786467,0.441786467
256.647556782,C01,AP01,client_to_ap,VHT,2,2,2,80,SU,1,4,122,6637c97e16e6ce8a,0.736310778,0.736310778,0.736310778,0.736310778,0.736310778,0.736310778,0.736310778,0.736310778,0.736310778,0.736310778,0.736310778,0.736310778,0.736310778,0.638136008,0.638136008,0.736310778,0.736310778,0.736310778,0.638136008,0.638136008,0.638136008,0.736310778,0.736310778,0.736310778,0.736310778,0.736310778,0.736310778,0.736310778,0.736310778,0.736310778,0.736310778,0.736310778,0.736310778,0.736310778,0.736310778,0.736310778,0.638136008,0.736310778,0.638136008,0.638136008,0.736310778,0.736310778,0.736310778,0.736310778,0.736310778,0.736310778,0.736310778,0.638136008,0.638136008,0.638136008,0.638136008,0.638136008,0.638136008,0.638136008,0.539961237,0.539961237,0.539961237,0.539961237,0.539961237,0.441786467,0.441786467,0.441786467,0.343611696,0.343611696,0.343611696,0.343611696,0.343611696,0.245436926,0.245436926,0.245436926,0.245436926,0.245436926,0.245436926,0.147262156,0.147262156,0.147262156,0.147262156,0.147262156,0.147262156,0.147262156,0.147262156,0.245436926,0.245436926,0.245436926,0.343611696,0.441786467,0.441786467,0.539961237,0.539961237,0.638136008,0.638136008,0.736310778,0.736310778,0.736310778,0.736310778,0.736310778,0.736310778,0.736310778,0.736310778,0.736310778,0.736310778,0.638136008,0.638136008,0.638136008,0.638136008,0.638136008,0.638136008,0.539961237,0.539961237,0.539961237,0.539961237,0.539961237,0.539961237,0.539961237,0.539961237,0.539961237,0.539961237,0.441786467,0.441786467,0.441786467,0.441786467,0.441786467
257.983510971,C01,AP01,client_to_ap,VHT,2,2,2,80,SU,1,4,122,6637c97e16e6ce8a,0.736310778,0.736310778,0.736310778,0.736310778,0.736310778,0.736310778,0.736310778,0.736310778,0.736310778,0.736310778,0.736310778,0.736310778,0.736310778,0.638136008,0.638136008,0.736310778,0.736310778,0.736310778,0.638136008,0.736310778,0.638136008,0.736310778,0.736310778,0.736310778,0.736310778,0.736310778,0.736310778,0.736310778,0.736310778,0.736310778,0.736310778,0.736310778,0.638136008,0.736310778,0.736310778,0.736310778,0.638136008,0.736310778,0.638136008,0.638136008,0.736310778,0.736310778,0.736310778,0.736310778,0.736310778,0.736310778,0.736310778,0.638136008,0.638136008,0.638136008,0.638136008,0.638136008,0.638136008,0.638136008,0.539961237,0.539961237,0.539961237,0.539961237,0.539961237,0.441786467,0.441786467,0.441786467,0.343611696,0.343611696,0.343611696,0.343611696,0.343611696,0.245436926,0.245436926,0.245436926,0.245436926,0.245436926,0.245436926,0.245436926,0.147262156,0.147262156,0.147262156,0.147262156,0.147262156,0.147262156,0.147262156,0.245436926,0.245436926,0.245436926,0.343611696,0.441786467,0.441786467,0.539961237,0.539961237,0.638136008,0.638136008,0.736310778,0.736310778,0.736310778,0.736310778,0.736310778,0.736310778,0.736310778,0.736310778,0.736310778,0.736310778,0.736310778,0.638136008,0.638136008,0.638136008,0.638136008,0.539961237,0.539961237,0.539961237,0.539961237,0.539961237,0.539961237,0.539961237,0.539961237,0.539961237,0.539961237,0.539961237,0.539961237,0.441786467,0.441786467,0.441786467,0.441786467
259.315010786,C01,AP01,client_to_ap,VHT,2,2,2,80,SU,1,4,122,6637c97e16e6ce8a,0.736310778,0.736310778,0.736310778,0.736310778,0.736310778,0.736310778,0.736310778,0.736310778,0.736310778,0.736310778,0.736310778,0.736310778,0.736310778,0.638136008,0.638136008,0.638136008,0.638136008,0.638136008,0.638136008,0.736310778,0.638136008,0.736310778,0.736310778,0.736310778,0.736310778,0.736310778,0.736310778,0.736310778,0.736310778,0.736310778,0.736310778,0.736310778,0.736310778,0.736310778,0.736310778,0.736310778,0.638136008,0.736310778,0.638136008,0.638136008,0.736310778,0.736310778,0.736310778,0.736310778,0.736310778,0.736310778,0.736310778,0.638136008,0.638136008,0.638136008,0.638136008,0.638136008,0.638136008,0.638136008,0.638136008,0.539961237,0.539961237,0.539961237,0.539961237,0.441786467,0.441786467,0.441786467,0.343611696,0.343611696,0.343611696,0.343611696,0.343611696,0.245436926,0.245436926,0.245436926,0.245436926,0.245436926,0.245436926,0.147262156,0.147262156,0.147262156,0.147262156,0.147262156,0.147262156,0.147262156,0.147262156,0.245436926,0.245436926,0.245436926,0.343611696,0.343611696,0.441786467,0.539961237,0.539961237,0.638136008,0.638136008,0.736310778,0.736310778,0.736310778,0.736310778,0.736310778,0.736310778,0.736310778,0.736310778,0.736310778,0.736310778,0.736310778,0.638136008,0.638136008,0.638136008,0.638136008,0.539961237,0.638136008,0.539961237,0.539961237,0.539961237,0.539961237,0.539961237,0.539961237,0.539961237,0.539961237,0.539961237,0.441786467,0.441786467,0.441786467,0.441786467,0.441786467
260.646862984,C01,AP01,client_to_ap,VHT,2,2,2,80,SU,1,4,122,6637c97e16e6ce8a,0.736310778,0.736310778,0.736310778,0.736310778,0.736310778,0.736310778,0.736310778,0.736310778,0.736310778,0.736310778,0.736310778,0.736310778,0.736310778,0.736310778,0.638136008,0.638136008,0.638136008,0.736310778,0.638136008,0.736310778,0.736310778,0.736310778,0.736310778,0.736310778,0.736310778,0.736310778,0.736310778,0.736310778,0.736310778,0.736310778,0.736310778,0.736310778,0.736310778,0.736310778,0.736310778,0.736310778,0.638136008,0.638136008,0.736310778,0.736310778,0.736310778,0.736310778,0.736310778,0.736310778,0.736310778,0.736310778,0.736310778,0.638136008,0.638136008,0.638136008,0.638136008,0.638136008,0.638136008,0.638136008,0.539961237,0.539961237,0.539961237,0.539961237,0.539961237,0.441786467,0.441786467,0.441786467,0.343611696,0.343611696,0.343611696,0.343611696,0.343611696,0.245436926,0.245436926,0.245436926,0.245436926,0.245436926,0.245436926,0.147262156,0.147262156,0.147262156,0.147262156,0.147262156,0.147262156,0.147262156,0.147262156,0.245436926,0.245436926,0.245436926,0.343611696,0.343611696,0.441786467,0.539961237,0.539961237,0.638136008,0.638136008,0.736310778,0.736310778,0.736310778,0.736310778,0.736310778,0.736310778,0.736310778,0.736310778,0.736310778,0.736310778,0.736310778,0.638136008,0.638136008,0.638136008,0.638136008,0.539961237,0.539961237,0.539961237,0.539961237,0.539961237,0.539961237,0.539961237,0.539961237,0.539961237,0.441786467,0.441786467,0.441786467,0.539961237,0.441786467,0.441786467,0.441786467
261.983285904,C01,AP01,client_to_ap,VHT,2,2,2,80,SU,1,4,122,6637c97e16e6ce8a,0.736310778,0.736310778,0.736310778,0.736310778,0.736310778,0.736310778,0.736310778,0.736310778,0.736310778,0.736310778,0.736310778,0.736310778,0.736310778,0.638136008,0.638136008,0.638136008,0.736310778,0.638136008,0.638136008,0.736310778,0.736310778,0.736310778,0.736310778,0.736310778,0.736310778,0.736310778,0.736310778,0.736310778,0.736310778,0.736310778,0.736310778,0.736310778,0.736310778,0.736310778,0.736310778,0.638136008,0.736310778,0.736310778,0.736310778,0.736310778,0.736310778,0.638136008,0.736310778,0.736310778,0.736310778,0.736310778,0.736310778,0.638136008,0.638136008,0.638136008,0.638136008,0.638136008,0.638136008,0.638136008,0.539961237,0.539961237,0.539961237,0.539961237,0.539961237,0.441786467,0.441786467,0.441786467,0.441786467,0.343611696,0.343611696,0.343611696,0.343611696,0.245436926,0.245436926,0.245436926,0.245436926,0.245436926,0.245436926,0.147262156,0.147262156,0.147262156,0.147262156,0.147262156,0.147262156,0.147262156,0.147262156,0.147262156,0.245436926,0.245436926,0.343611696,0.441786467,0.441786467,0.539961237,0.539961237,0.638136008,0.638136008,0.736310778,0.736310778,0.736310778,0.736310778,0.736310778,0.736310778,0.736310778,0.736310778,0.736310778,0.736310778,0.736310778,0.638136008,0.638136008,0.638136008,0.638136008,0.539961237,0.539961237,0.539961237,0.539961237,0.539961237,0.539961237,0.539961237,0.539961237,0.539961237,0.539961237,0.441786467,0.441786467,0.441786467,0.441786467,0.441786467,0.441786467
263.310370922,C01,AP01,client_to_ap,VHT,2,2,2,80,SU,1,4,122,6637c97e16e6ce8a,0.736310778,0.736310778,0.736310778,0.736310778,0.736310778,0.736310778,0.736310778,0.736310778,0.736310778,0.736310778,0.736310778,0.736310778,0.736310778,0.638136008,0.736310778,0.736310778,0.638136008,0.736310778,0.638136008,0.736310778,0.736310778,0.736310778,0.736310778,0.736310778,0.736310778,0.736310778,0.736310778,0.736310778,0.736310778,0.736310778,0.736310778,0.736310778,0.736310778,0.736310778,0.736310778,0.736310778,0.736310778,0.736310778,0.638136008,0.736310778,0.736310778,0.736310778,0.736310778,0.736310778,0.736310778,0.736310778,0.736310778,0.638136008,0.638136008,0.638136008,0.638136008,0.638136008,0.638136008,0.638136008,0.539961237,0.539961237,0.539961237,0.539961237,0.539961237,0.441786467,0.441786467,0.441786467,0.343611696,0.343611696,0.343611696,0.343611696,0.343611696,0.245436926,0.245436926,0.245436926,0.245436926,0.245436926,0.245436926,0.245436926,0.147262156,0.147262156,0.147262156,0.147262156,0.147262156,0.147262156,0.147262156,0.245436926,0.245436926,0.245436926,0.343611696,0.441786467,0.441786467,0.441786467,0.539961237,0.638136008,0.638136008,0.736310778,0.736310778,0.736310778,0.736310778,0.736310778,0.736310778,0.736310778,0.736310778,0.736310778,0.736310778,0.736310778,0.736310778,0.638136008,0.638136008,0.638136008,0.539961237,0.539961237,0.539961237,0.539961237,0.539961237,0.539961237,0.539961237,0.539961237,0.539961237,0.441786467,0.441786467,0.539961237,0.441786467,0.441786467,0.441786467,0.441786467
264.637879848,C01,AP01,client_to_ap,VHT,2,2,2,80,SU,1,4,122,6637c97e16e6ce8a,0.736310778,0.736310778,0.736310778,0.736310778,0.736310778,0.736310778,0.736310778,0.736310778,0.736310778,0.736310778,0.736310778,0.736310778,0.736310778,0.638136008,0.638136008,0.736310778,0.736310778,0.736310778,0.638136008,0.736310778,0.736310778,0.736310778,0.736310778,0.736310778,0.736310778,0.736310778,0.736310778,0.736310778,0.736310778,0.736310778,0.736310778,0.736310778,0.736310778,0.736310778,0.736310778,0.736310778,0.638136008,0.638136008,0.638136008,0.736310778,0.736310778,0.736310778,0.736310778,0.736310778,0.736310778,0.736310778,0.736310778,0.638136008,0.638136008,0.638136008,0.638136008,0.638136008,0.638136008,0.638136008,0.539961237,0.539961237,0.539961237,0.539961237,0.539961237,0.441786467,0.441786467,0.441786467,0.343611696,0.343611696,0.343611696,0.343611696,0.343611696,0.245436926,0.245436926,0.245436926,0.245436926,0.245436926,0.245436926,0.147262156,0.147262156,0.147262156,0.147262156,0.147262156,0.147262156,0.147262156,0.147262156,0.147262156,0.245436926,0.245436926,0.343611696,0.441786467,0.441786467,0.539961237,0.539961237,0.638136008,0.638136008,0.638136008,0.736310778,0.736310778,0.736310778,0.736310778,0.736310778,0.736310778,0.736310778,0.736310778,0.736310778,0.736310778,0.638136008,0.638136008,0.638136008,0.638136008,0.539961237,0.539961237,0.539961237,0.539961237,0.539961237,0.539961237,0.539961237,0.539961237,0.539961237,0.539961237,0.539961237,0.539961237,0.441786467,0.441786467,0.441786467,0.441786467
265.973093987,C01,AP01,client_to_ap,VHT,2,2,2,80,SU,1,4,122,6637c97e16e6ce8a,0.736310778,0.736310778,0.736310778,0.736310778,0.736310778,0.736310778,0.736310778,0.736310778,0.736310778,0.736310778,0.736310778,0.736310778,0.736310778,0.736310778,0.736310778,0.736310778,0.736310778,0.736310778,0.736310778,0.736310778,0.736310778,0.736310778,0.736310778,0.736310778,0.736310778,0.736310778,0.736310778,0.736310778,0.736310778,0.736310778,0.736310778,0.736310778,0.736310778,0.736310778,0.736310778,0.736310778,0.736310778,0.736310778,0.736310778,0.736310778,0.736310778,0.736310778,0.736310778,0.736310778,0.736310778,0.736310778,0.736310778,0.736310778,0.736310778,0.638136008,0.638136008,0.638136008,0.638136008,0.638136008,0.638136008,0.539961237,0.539961237,0.539961237,0.539961237,0.441786467,0.441786467,0.441786467,0.441786467,0.343611696,0.343611696,0.343611696,0.343611696,0.245436926,0.245436926,0.245436926,0.245436926,0.245436926,0.245436926,0.245436926,0.147262156,0.147262156,0.147262156,0.147262156,0.147262156,0.147262156,0.147262156,0.245436926,0.245436926,0.343611696,0.343611696,0.441786467,0.441786467,0.539961237,0.539961237,0.638136008,0.638136008,0.736310778,0.736310778,0.736310778,0.736310778,0.736310778,0.736310778,0.736310778,0.736310778,0.736310778,0.736310778,0.736310778,0.736310778,0.638136008,0.638136008,0.638136008,0.638136008,0.539961237,0.539961237,0.539961237,0.539961237,0.539961237,0.539961237,0.539961237,0.539961237,0.539961237,0.539961237,0.539961237,0.441786467,0.441786467,0.441786467,0.441786467
267.305064917,C01,AP01,client_to_ap,VHT,2,2,2,80,SU,1,4,122,6637c97e16e6ce8a,0.736310778,0.736310778,0.736310778,0.736310778,0.736310778,0.736310778,0.736310778,0.736310778,0.736310778,0.736310778,0.736310778,0.736310778,0.736310778,0.638136008,0.638136008,0.736310778,0.736310778,0.736310778,0.638136008,0.736310778,0.736310778,0.736310778,0.736310778,0.736310778,0.736310778,0.736310778,0.736310778,0.736310778,0.736310778,0.736310778,0.736310778,0.736310778,0.736310778,0.736310778,0.736310778,0.736310778,0.736310778,0.736310778,0.736310778,0.736310778,0.736310778,0.736310778,0.736310778,0.736310778,0.736310778,0.736310778,0.736310778,0.638136008,0.638136008,0.638136008,0.638136008,0.638136008,0.638136008,0.638136008,0.539961237,0.539961237,0.539961237,0.539961237,0.539961237,0.441786467,0.441786467,0.441786467,0.343611696,0.343611696,0.343611696,0.343611696,0.343611696,0.245436926,0.245436926,0.245436926,0.245436926,0.245436926,0.245436926,0.147262156,0.147262156,0.147262156,0.147262156,0.147262156,0.147262156,0.147262156,0.147262156,0.245436926,0.245436926,0.245436926,0.343611696,0.441786467,0.441786467,0.539961237,0.539961237,0.638136008,0.638136008,0.736310778,0.736310778,0.736310778,0.736310778,0.736310778,0.736310778,0.736310778,0.736310778,0.736310778,0.736310778,0.736310778,0.638136008,0.638136008,0.638136008,0.638136008,0.638136008,0.539961237,0.539961237,0.539961237,0.539961237,0.539961237,0.539961237,0.539961237,0.539961237,0.539961237,0.539961237,0.441786467,0.441786467,0.441786467,0.441786467,0.441786467
268.637070894,C01,AP01,client_to_ap,VHT,2,2,2,80,SU,1,4,122,6637c97e16e6ce8a,0.736310778,0.736310778,0.736310778,0.736310778,0.736310778,0.736310778,0.736310778,0.736310778,0.736310778,0.736310778,0.736310778,0.736310778,0.736310778,0.736310778,0.736310778,0.736310778,0.736310778,0.736310778,0.736310778,0.736310778,0.736310778,0.736310778,0.736310778,0.736310778,0.736310778,0.736310778,0.736310778,0.736310778,0.736310778,0.736310778,0.736310778,0.736310778,0.736310778,0.736310778,0.736310778,0.736310778,0.736310778,0.736310778,0.736310778,0.736310778,0.736310778,0.736310778,0.736310778,0.736310778,0.736310778,0.736310778,0.736310778,0.736310778,0.638136008,0.638136008,0.638136008,0.638136008,0.638136008,0.638136008,0.638136008,0.539961237,0.539961237,0.539961237,0.539961237,0.441786467,0.441786467,0.441786467,0.441786467,0.343611696,0.343611696,0.343611696,0.343611696,0.245436926,0.245436926,0.245436926,0.245436926,0.245436926,0.245436926,0.245436926,0.147262156,0.147262156,0.147262156,0.147262156,0.147262156,0.147262156,0.147262156,0.245436926,0.245436926,0.245436926,0.343611696,0.441786467,0.441786467,0.539961237,0.539961237,0.638136008,0.736310778,0.736310778,0.736310778,0.736310778,0.736310778,0.736310778,0.736310778,0.736310778,0.736310778,0.736310778,0.736310778,0.736310778,0.736310778,0.638136008,0.638136008,0.638136008,0.638136008,0.638136008,0.539961237,0.539961237,0.539961237,0.539961237,0.539961237,0.539961237,0.539961237,0.539961237,0.539961237,0.539961237,0.539961237,0.441786467,0.539961237,0.441786467
269.973132849,C01,AP01,client_to_ap,VHT,2,2,2,80,SU,1,4,122,6637c97e16e6ce8a,0.736310778,0.736310778,0.736310778,0.736310778,0.736310778,0.736310778,0.736310778,0.736310778,0.736310778,0.736310778,0.736310778,0.736310778,0.736310778,0.736310778,0.736310778,0.736310778,0.736310778,0.736310778,0.736310778,0.736310778,0.736310778,0.736310778,0.736310778,0.736310778,0.736310778,0.736310778,0.736310778,0.736310778,0.736310778,0.736310778,0.736310778,0.736310778,0.736310778,0.736310778,0.736310778,0.736310778,0.736310778,0.736310778,0.736310778,0.736310778,0.736310778,0.736310778,0.736310778,0.736310778,0.736310778,0.736310778,0.736310778,0.736310778,0.736310778,0.638136008,0.638136008,0.638136008,0.638136008,0.638136008,0.638136008,0.539961237,0.539961237,0.539961237,0.539961237,0.441786467,0.441786467,0.441786467,0.441786467,0.343611696,0.343611696,0.343611696,0.343611696,0.245436926,0.245436926,0.245436926,0.245436926,0.245436926,0.245436926,0.245436926,0.147262156,0.147262156,0.147262156,0.147262156,0.147262156,0.147262156,0.147262156,0.245436926,0.245436926,0.245436926,0.343611696,0.441786467,0.441786467,0.539961237,0.539961237,0.638136008,0.736310778,0.736310778,0.736310778,0.736310778,0.736310778,0.736310778,0.736310778,0.736310778,0.736310778,0.736310778,0.736310778,0.736310778,0.638136008,0.638136008,0.638136008,0.638136008,0.638136008,0.539961237,0.539961237,0.539961237,0.539961237,0.539961237,0.539961237,0.539961237,0.539961237,0.539961237,0.539961237,0.539961237,0.539961237,0.441786467,0.441786467,0.441786467
271.304970980,C01,AP01,client_to_ap,VHT,2,2,2,80,SU,1,4,122,6637c97e16e6ce8a,0.736310778,0.736310778,0.736310778,0.736310778,0.736310778,0.736310778,0.736310778,0.736310778,0.736310778,0.736310778,0.736310778,0.736310778,0.638136008,0.638136008,0.638136008,0.638136008,0.638136008,0.638136008,0.638136008,0.638136008,0.638136008,0.736310778,0.736310778,0.638136008,0.638136008,0.736310778,0.736310778,0.638136008,0.736310778,0.736310778,0.736310778,0.638136008,0.638136008,0.736310778,0.638136008,0.638136008,0.638136008,0.638136008,0.638136008,0.638136008,0.638136008,0.638136008,0.638136008,0.638136008,0.736310778,0.638136008,0.736310778,0.638136008,0.638136008,0.638136008,0.638136008,0.638136008,0.638136008,0.638136008,0.539961237,0.539961237,0.539961237,0.539961237,0.441786467,0.441786467,0.441786467,0.441786467,0.343611696,0.343611696,0.343611696,0.343611696,0.245436926,0.245436926,0.245436926,0.245436926,0.245436926,0.245436926,0.245436926,0.147262156,0.147262156,0.147262156,0.147262156,0.147262156,0.147262156,0.147262156,0.147262156,0.147262156,0.245436926,0.245436926,0.343611696,0.343611696,0.441786467,0.539961237,0.539961237,0.539961237,0.638136008,0.638136008,0.736310778,0.736310778,0.736310778,0.736310778,0.736310778,0.736310778,0.736310778,0.736310778,0.638136008,0.638136008,0.638136008,0.638136008,0.638136008,0.539961237,0.539961237,0.539961237,0.539961237,0.539961237,0.539961237,0.539961237,0.539961237,0.539961237,0.539961237,0.539961237,0.539961237,0.539961237,0.441786467,0.441786467,0.441786467,0.441786467
272.638045788,C01,AP01,client_to_ap,VHT,2,2,2,80,SU,1,4,122,6637c97e16e6ce8a,0.736310778,0.736310778,0.736310778,0.736310778,0.736310778,0.736310778,0.736310778,0.736310778,0.736310778,0.736310778,0.736310778,0.736310778,0.736310778,0.736310778,0.736310778,0.736310778,0.736310778,0.736310778,0.736310778,0.736310778,0.736310778,0.736310778,0.736310778,0.736310778,0.736310778,0.736310778,0.736310778,0.736310778,0.736310778,0.736310778,0.736310778,0.736310778,0.736310778,0.736310778,0.736310778,0.736310778,0.736310778,0.736310778,0.736310778,0.736310778,0.736310778,0.736310778,0.736310778,0.736310778,0.736310778,0.736310778,0.736310778,0.736310778,0.638136008,0.638136008,0.638136008,0.638136008,0.638136008,0.638136008,0.638136008,0.539961237,0.539961237,0.539961237,0.539961237,0.441786467,0.441786467,0.441786467,0.441786467,0.343611696,0.343611696,0.343611696,0.343611696,0.245436926,0.245436926,0.245436926,0.245436926,0.245436926,0.245436926,0.245436926,0.147262156,0.147262156,0.147262156,0.147262156,0.147262156,0.147262156,0.147262156,0.245436926,0.245436926,0.245436926,0.343611696,0.441786467,0.441786467,0.539961237,0.539961237,0.638136008,0.638136008,0.736310778,0.736310778,0.736310778,0.736310778,0.736310778,0.736310778,0.736310778,0.736310778,0.736310778,0.736310778,0.736310778,0.736310778,0.638136008,0.638136008,0.638136008,0.638136008,0.638136008,0.539961237,0.539961237,0.539961237,0.539961237,0.539961237,0.539961237,0.539961237,0.539961237,0.539961237,0.539961237,0.441786467,0.539961237,0.441786467,0.441786467
273.973313808,C01,AP01,client_to_ap,VHT,2,2,2,80,SU,1,4,122,6637c97e16e6ce8a,0.736310778,0.736310778,0.736310778,0.736310778,0.736310778,0.736310778,0.736310778,0.736310778,0.736310778,0.736310778,0.736310778,0.736310778,0.736310778,0.736310778,0.736310778,0.736310778,0.736310778,0.736310778,0.736310778,0.736310778,0.736310778,0.736310778,0.736310778,0.736310778,0.736310778,0.736310778,0.736310778,0.736310778,0.736310778,0.736310778,0.736310778,0.736310778,0.736310778,0.736310778,0.736310778,0.736310778,0.736310778,0.736310778,0.736310778,0.736310778,0.736310778,0.736310778,0.736310778,0.736310778,0.736310778,0.736310778,0.736310778,0.736310778,0.736310778,0.638136008,0.638136008,0.638136008,0.638136008,0.638136008,0.638136008,0.539961237,0.539961237,0.539961237,0.539961237,0.539961237,0.441786467,0.441786467,0.441786467,0.343611696,0.343611696,0.343611696,0.343611696,0.245436926,0.245436926,0.245436926,0.245436926,0.245436926,0.245436926,0.245436926,0.147262156,0.147262156,0.147262156,0.147262156,0.147262156,0.147262156,0.147262156,0.245436926,0.245436926,0.245436926,0.343611696,0.441786467,0.441786467,0.539961237,0.539961237,0.638136008,0.638136008,0.736310778,0.736310778,0.736310778,0.834485549,0.736310778,0.736310778,0.736310778,0.736310778,0.736310778,0.736310778,0.736310778,0.736310778,0.638136008,0.638136008,0.638136008,0.638136008,0.638136008,0.539961237,0.539961237,0.539961237,0.539961237,0.539961237,0.539961237,0.539961237,0.539961237,0.539961237,0.539961237,0.441786467,0.441786467,0.539961237,0.441786467
275.304579973,C01,AP01,client_to_ap,VHT,2,2,2,80,SU,1,4,122,6637c97e16e6ce8a,0.736310778,0.736310778,0.736310778,0.736310778,0.736310778,0.736310778,0.736310778,0.736310778,0.736310778,0.736310778,0.736310778,0.736310778,0.736310778,0.736310778,0.736310778,0.638136008,0.736310778,0.736310778,0.736310778,0.736310778,0.736310778,0.736310778,0.736310778,0.736310778,0.736310778,0.736310778,0.736310778,0.736310778,0.736310778,0.736310778,0.736310778,0.736310778,0.736310778,0.736310778,0.736310778,0.638136008,0.638136008,0.736310778,0.638136008,0.638136008,0.736310778,0.736310778,0.736310778,0.736310778,0.736310778,0.736310778,0.736310778,0.638136008,0.638136008,0.638136008,0.638136008,0.638136008,0.638136008,0.638136008,0.638136008,0.539961237,0.539961237,0.539961237,0.539961237,0.441786467,0.441786467,0.441786467,0.343611696,0.343611696,0.343611696,0.343611696,0.343611696,0.245436926,0.245436926,0.245436926,0.245436926,0.245436926,0.245436926,0.245436926,0.147262156,0.147262156,0.147262156,0.147262156,0.147262156,0.147262156,0.147262156,0.147262156,0.245436926,0.245436926,0.343611696,0.441786467,0.441786467,0.539961237,0.539961237,0.638136008,0.638136008,0.736310778,0.736310778,0.736310778,0.736310778,0.736310778,0.736310778,0.736310778,0.736310778,0.736310778,0.736310778,0.736310778,0.736310778,0.638136008,0.638136008,0.638136008,0.539961237,0.638136008,0.539961237,0.539961237,0.539961237,0.539961237,0.539961237,0.539961237,0.539961237,0.539961237,0.441786467,0.441786467,0.539961237,0.441786467,0.441786467,0.441786467
276.637252808,C01,AP01,client_to_ap,VHT,2,2,2,80,SU,1,4,122,6637c97e16e6ce8a,0.736310778,0.736310778,0.736310778,0.736310778,0.736310778,0.736310778,0.736310778,0.736310778,0.736310778,0.736310778,0.736310778,0.736310778,0.736310778,0.736310778,0.736310778,0.736310778,0.736310778,0.736310778,0.736310778,0.736310778,0.736310778,0.736310778,0.736310778,0.736310778,0.736310778,0.736310778,0.736310778,0.736310778,0.736310778,0.736310778,0.736310778,0.736310778,0.736310778,0.736310778,0.736310778,0.736310778,0.736310778,0.736310778,0.736310778,0.736310778,0.736310778,0.736310778,0.736310778,0.736310778,0.736310778,0.736310778,0.736310778,0.736310778,0.736310778,0.638136008,0.638136008,0.638136008,0.638136008,0.638136008,0.638136008,0.539961237,0.539961237,0.539961237,0.539961237,0.539961237,0.441786467,0.441786467,0.441786467,0.343611696,0.343611696,0.343611696,0.343611696,0.245436926,0.245436926,0.245436926,0.245436926,0.245436926,0.245436926,0.245436926,0.147262156,0.147262156,0.147262156,0.147262156,0.147262156,0.147262156,0.147262156,0.245436926,0.245436926,0.245436926,0.343611696,0.441786467,0.539961237,0.539961237,0.638136008,0.638136008,0.638136008,0.736310778,0.736310778,0.736310778,0.834485549,0.736310778,0.736310778,0.736310778,0.736310778,0.736310778,0.736310778,0.736310778,0.736310778,0.638136008,0.638136008,0.638136008,0.638136008,0.638136008,0.539961237,0.539961237,0.539961237,0.539961237,0.539961237,0.539961237,0.539961237,0.539961237,0.539961237,0.539961237,0.539961237,0.441786467,0.441786467,0.441786467
277.968271017,C01,AP01,client_to_ap,VHT,2,2,2,80,SU,1,4,122,6637c97e16e6ce8a,0.736310778,0.736310778,0.736310778,0.736310778,0.736310778,0.736310778,0.736310778,0.736310778,0.736310778,0.736310778,0.736310778,0.736310778,0.736310778,0.736310778,0.638136008,0.736310778,0.736310778,0.736310778,0.736310778,0.736310778,0.736310778,0.736310778,0.736310778,0.736310778,0.736310778,0.736310778,0.736310778,0.736310778,0.736310778,0.736310778,0.736310778,0.736310778,0.736310778,0.736310778,0.736310778,0.736310778,0.736310778,0.736310778,0.638136008,0.736310778,0.736310778,0.736310778,0.736310778,0.736310778,0.736310778,0.736310778,0.736310778,0.638136008,0.638136008,0.638136008,0.638136008,0.638136008,0.638136008,0.638136008,0.638136008,0.539961237,0.539961237,0.539961237,0.539961237,0.441786467,0.441786467,0.441786467,0.343611696,0.343611696,0.343611696,0.343611696,0.343611696,0.245436926,0.245436926,0.245436926,0.245436926,0.245436926,0.245436926,0.245436926,0.147262156,0.147262156,0.147262156,0.147262156,0.147262156,0.147262156,0.147262156,0.245436926,0.245436926,0.245436926,0.343611696,0.343611696,0.441786467,0.539961237,0.539961237,0.638136008,0.638136008,0.736310778,0.736310778,0.736310778,0.736310778,0.736310778,0.736310778,0.736310778,0.736310778,0.736310778,0.736310778,0.736310778,0.638136008,0.638136008,0.638136008,0.638136008,0.539961237,0.539961237,0.539961237,0.539961237,0.539961237,0.539961237,0.539961237,0.539961237,0.539961237,0.539961237,0.539961237,0.441786467,0.441786467,0.441786467,0.441786467,0.441786467
279.297283888,C01,AP01,client_to_ap,VHT,2,2,2,80,SU,1,4,122,6637c97e16e6ce8a,0.736310778,0.736310778,0.736310778,0.736310778,0.736310778,0.736310778,0.736310778,0.736310778,0.736310778,0.736310778,0.736310778,0.736310778,0.736310778,0.638136008,0.638136008,0.638136008,0.638136008,0.638136008,0.638136008,0.638136008,0.638136008,0.638136008,0.638136008,0.736310778,0.736310778,0.736310778,0.736310778,0.736310778,0.736310778,0.736310778,0.638136008,0.638136008,0.638136008,0.638136008,0.638136008,0.638136008,0.638136008,0.638136008,0.638136008,0.638136008,0.638136008,0.638136008,0.638136008,0.638136008,0.638136008,0.638136008,0.638136008,0.638136008,0.638136008,0.638136008,0.638136008,0.638136008,0.638136008,0.638136008,0.539961237,0.539961237,0.539961237,0.539961237,0.441786467,0.441786467,0.441786467,0.343611696,0.343611696,0.343611696,0.343611696,0.343611696,0.343611696,0.245436926,0.245436926,0.245436926,0.245436926,0.245436926,0.147262156,0.147262156,0.147262156,0.147262156,0.147262156,0.147262156,0.147262156,0.147262156,0.147262156,0.147262156,0.245436926,0.245436926,0.343611696,0.343611696,0.441786467,0.539961237,0.539961237,0.539961237,0.638136008,0.638136008,0.736310778,0.736310778,0.736310778,0.736310778,0.736310778,0.736310778,0.736310778,0.736310778,0.638136008,0.638136008,0.638136008,0.638136008,0.638136008,0.638136008,0.539961237,0.539961237,0.539961237,0.539961237,0.539961237,0.539961237,0.539961237,0.539961237,0.539961237,0.539961237,0.539961237,0.539961237,0.441786467,0.441786467,0.441786467,0.441786467
280.628093004,C01,AP01,client_to_ap,VHT,2,2,2,80,SU,1,4,122,6637c97e16e6ce8a,0.736310778,0.736310778,0.736310778,0.736310778,0.736310778,0.736310778,0.736310778,0.736310778,0.736310778,0.736310778,0.736310778,0.638136008,0.736310778,0.638136008,0.638136008,0.638136008,0.638136008,0.638136008,0.638136008,0.736310778,0.638136008,0.736310778,0.736310778,0.638136008,0.638136008,0.736310778,0.736310778,0.736310778,0.736310778,0.736310778,0.638136008,0.638136008,0.638136008,0.638136008,0.638136008,0.638136008,0.638136008,0.638136008,0.638136008,0.638136008,0.736310778,0.638136008,0.736310778,0.638136008,0.736310778,0.736310778,0.638136008,0.638136008,0.638136008,0.638136008,0.638136008,0.638136008,0.638136008,0.638136008,0.539961237,0.539961237,0.539961237,0.539961237,0.539961237,0.441786467,0.441786467,0.441786467,0.343611696,0.343611696,0.343611696,0.343611696,0.245436926,0.245436926,0.245436926,0.245436926,0.245436926,0.245436926,0.245436926,0.147262156,0.147262156,0.147262156,0.147262156,0.147262156,0.147262156,0.147262156,0.147262156,0.147262156,0.245436926,0.245436926,0.343611696,0.441786467,0.441786467,0.539961237,0.539961237,0.638136008,0.638136008,0.638136008,0.638136008,0.736310778,0.736310778,0.736310778,0.736310778,0.736310778,0.736310778,0.736310778,0.638136008,0.638136008,0.638136008,0.638136008,0.638136008,0.539961237,0.539961237,0.539961237,0.539961237,0.539961237,0.539961237,0.539961237,0.539961237,0.539961237,0.539961237,0.539961237,0.539961237,0.441786467,0.441786467,0.441786467,0.441786467,0.441786467
281.963362932,C01,AP01,client_to_ap,VHT,2,2,2,80,SU,1,4,122,6637c97e16e6ce8a,0.736310778,0.736310778,0.736310778,0.736310778,0.736310778,0.736310778,0.736310778,0.736310778,0.736310778,0.736310778,0.736310778,0.736310778,0.736310778,0.638136008,0.638136008,0.638136008,0.736310778,0.736310778,0.638136008,0.736310778,0.736310778,0.736310778,0.736310778,0.736310778,0.736310778,0.736310778,0.736310778,0.736310778,0.736310778,0.736310778,0.736310778,0.736310778,0.736310778,0.638136008,0.736310778,0.736310778,0.638136008,0.736310778,0.638136008,0.736310778,0.736310778,0.736310778,0.736310778,0.736310778,0.736310778,0.736310778,0.736310778,0.638136008,0.638136008,0.638136008,0.638136008,0.638136008,0.638136008,0.638136008,0.539961237,0.539961237,0.539961237,0.539961237,0.539961237,0.441786467,0.441786467,0.441786467,0.343611696,0.343611696,0.343611696,0.343611696,0.343611696,0.245436926,0.245436926,0.245436926,0.245436926,0.245436926,0.245436926,0.147262156,0.147262156,0.147262156,0.147262156,0.147262156,0.147262156,0.147262156,0.147262156,0.245436926,0.245436926,0.245436926,0.343611696,0.441786467,0.441786467,0.539961237,0.539961237,0.638136008,0.638136008,0.736310778,0.736310778,0.736310778,0.736310778,0.736310778,0.736310778,0.736310778,0.736310778,0.736310778,0.736310778,0.736310778,0.638136008,0.638136008,0.638136008,0.638136008,0.539961237,0.539961237,0.539961237,0.539961237,0.539961237,0.539961237,0.539961237,0.539961237,0.539961237,0.441786467,0.441786467,0.539961237,0.441786467,0.441786467,0.441786467,0.441786467
283.294793844,C01,AP01,client_to_ap,VHT,2,2,2,80,SU,1,4,122,6637c97e16e6ce8a,0.736310778,0.736310778,0.736310778,0.736310778,0.736310778,0.736310778,0.736310778,0.736310778,0.736310778,0.736310778,0.736310778,0.736310778,0.736310778,0.736310778,0.736310778,0.638136008,0.736310778,0.736310778,0.736310778,0.638136008,0.736310778,0.736310778,0.736310778,0.736310778,0.736310778,0.736310778,0.736310778,0.736310778,0.736310778,0.736310778,0.736310778,0.736310778,0.736310778,0.736310778,0.736310778,0.638136008,0.638136008,0.736310778,0.736310778,0.638136008,0.736310778,0.736310778,0.736310778,0.736310778,0.736310778,0.736310778,0.736310778,0.638136008,0.638136008,0.638136008,0.638136008,0.638136008,0.638136008,0.638136008,0.638136008,0.539961237,0.539961237,0.539961237,0.539961237,0.441786467,0.441786467,0.441786467,0.343611696,0.343611696,0.343611696,0.343611696,0.343611696,0.245436926,0.245436926,0.245436926,0.245436926,0.245436926,0.245436926,0.245436926,0.147262156,0.147262156,0.147262156,0.147262156,0.147262156,0.147262156,0.147262156,0.147262156,0.245436926,0.245436926,0.343611696,0.343611696,0.441786467,0.539961237,0.539961237,0.638136008,0.638136008,0.736310778,0.736310778,0.736310778,0.736310778,0.736310778,0.736310778,0.736310778,0.736310778,0.736310778,0.736310778,0.736310778,0.638136008,0.638136008,0.638136008,0.539961237,0.539961237,0.539961237,0.539961237,0.539961237,0.539961237,0.539961237,0.539961237,0.539961237,0.539961237,0.539961237,0.539961237,0.441786467,0.441786467,0.441786467,0.441786467,0.441786467
284.626881838,C01,AP01,client_to_ap,VHT,2,2,2,80,SU,1,4,122,6637c97e16e6ce8a,0.736310778,0.736310778,0.736310778,0.736310778,0.736310778,0.736310778,0.736310778,0.736310778,0.736310778,0.736310778,0.736310778,0.736310778,0.736310778,0.638136008,0.638136008,0.736310778,0.736310778,0.736310778,0.736310778,0.736310778,0.736310778,0.736310778,0.736310778,0.638136008,0.736310778,0.736310778,0.736310778,0.736310778,0.736310778,0.736310778,0.736310778,0.736310778,0.736310778,0.736310778,0.736310778,0.638136008,0.638136008,0.736310778,0.736310778,0.736310778,0.736310778,0.736310778,0.736310778,0.736310778,0.736310778,0.638136008,0.736310778,0.638136008,0.638136008,0.638136008,0.638136008,0.638136008,0.638136008,0.638136008,0.638136008,0.539961237,0.539961237,0.539961237,0.539961237,0.441786467,0.441786467,0.441786467,0.343611696,0.343611696,0.343611696,0.343611696,0.343611696,0.245436926,0.245436926,0.245436926,0.245436926,0.245436926,0.245436926,0.245436926,0.147262156,0.147262156,0.147262156,0.147262156,0.147262156,0.147262156,0.147262156,0.245436926,0.245436926,0.245436926,0.343611696,0.343611696,0.441786467,0.539961237,0.539961237,0.638136008,0.638136008,0.736310778,0.736310778,0.736310778,0.736310778,0.736310778,0.736310778,0.736310778,0.736310778,0.736310778,0.736310778,0.736310778,0.736310778,0.638136008,0.638136008,0.539961237,0.539961237,0.539961237,0.539961237,0.539961237,0.539961237,0.539961237,0.539961237,0.539961237,0.539961237,0.441786467,0.441786467,0.441786467,0.441786467,0.441786467,0.441786467,0.441786467
285.962886810,C01,AP01,client_to_ap,VHT,2,2,2,80,SU,1,4,122,6637c97e16e6ce8a,0.736310778,0.736310778,0.736310778,0.736310778,0.736310778,0.736310778,0.736310778,0.736310778,0.736310778,0.736310778,0.736310778,0.736310778,0.736310778,0.736310778,0.736310778,0.736310778,0.736310778,0.736310778,0.736310778,0.736310778,0.736310778,0.736310778,0.736310778,0.736310778,0.736310778,0.736310778,0.736310778,0.736310778,0.736310778,0.736310778,0.736310778,0.736310778,0.638136008,0.736310778,0.736310778,0.638136008,0.638136008,0.736310778,0.638136008,0.638136008,0.736310778,0.736310778,0.736310778,0.736310778,0.736310778,0.736310778,0.736310778,0.638136008,0.638136008,0.638136008,0.638136008,0.638136008,0.638136008,0.638136008,0.638136008,0.539961237,0.539961237,0.539961237,0.539961237,0.441786467,0.441786467,0.441786467,0.343611696,0.343611696,0.343611696,0.343611696,0.343611696,0.245436926,0.245436926,0.245436926,0.245436926,0.245436926,0.245436926,0.147262156,0.147262156,0.147262156,0.147262156,0.147262156,0.147262156,0.147262156,0.147262156,0.245436926,0.245436926,0.245436926,0.343611696,0.441786467,0.441786467,0.539961237,0.539961237,0.638136008,0.638136008,0.736310778,0.736310778,0.736310778,0.736310778,0.736310778,0.736310778,0.736310778,0.736310778,0.736310778,0.736310778,0.736310778,0.638136008,0.638136008,0.638136008,0.638136008,0.638136008,0.539961237,0.539961237,0.539961237,0.539961237,0.539961237,0.539961237,0.539961237,0.539961237,0.539961237,0.441786467,0.441786467,0.539961237,0.441786467,0.441786467,0.441786467
287.295176983,C01,AP01,client_to_ap,VHT,2,2,2,80,SU,1,4,122,6637c97e16e6ce8a,0.736310778,0.736310778,0.736310778,0.736310778,0.736310778,0.736310778,0.736310778,0.736310778,0.736310778,0.736310778,0.736310778,0.736310778,0.736310778,0.638136008,0.638136008,0.736310778,0.736310778,0.736310778,0.638136008,0.736310778,0.736310778,0.736310778,0.736310778,0.736310778,0.736310778,0.736310778,0.736310778,0.736310778,0.736310778,0.736310778,0.736310778,0.736310778,0.736310778,0.736310778,0.638136008,0.736310778,0.736310778,0.736310778,0.638136008,0.736310778,0.736310778,0.736310778,0.736310778,0.736310778,0.736310778,0.736310778,0.736310778,0.638136008,0.638136008,0.638136008,0.638136008,0.638136008,0.638136008,0.638136008,0.539961237,0.539961237,0.539961237,0.539961237,0.539961237,0.441786467,0.441786467,0.441786467,0.343611696,0.343611696,0.343611696,0.343611696,0.343611696,0.245436926,0.245436926,0.245436926,0.245436926,0.245436926,0.245436926,0.147262156,0.147262156,0.147262156,0.147262156,0.147262156,0.147262156,0.147262156,0.147262156,0.245436926,0.245436926,0.245436926,0.343611696,0.441786467,0.441786467,0.539961237,0.539961237,0.638136008,0.638136008,0.736310778,0.736310778,0.736310778,0.736310778,0.736310778,0.736310778,0.736310778,0.736310778,0.736310778,0.736310778,0.736310778,0.638136008,0.638136008,0.638136008,0.638136008,0.539961237,0.539961237,0.539961237,0.539961237,0.539961237,0.539961237,0.539961237,0.539961237,0.539961237,0.539961237,0.539961237,0.441786467,0.441786467,0.441786467,0.441786467,0.441786467
288.627676010,C01,AP01,client_to_ap,VHT,2,2,2,80,SU,1,4,122,6637c97e16e6ce8a,0.736310778,0.736310778,0.736310778,0.736310778,0.736310778,0.736310778,0.736310778,0.736310778,0.736310778,0.736310778,0.736310778,0.736310778,0.736310778,0.736310778,0.638136008,0.736310778,0.736310778,0.638136008,0.638136008,0.736310778,0.736310778,0.736310778,0.736310778,0.736310778,0.736310778,0.736310778,0.736310778,0.736310778,0.736310778,0.736310778,0.736310778,0.736310778,0.736310778,0.736310778,0.638136008,0.736310778,0.736310778,0.638136008,0.638136008,0.736310778,0.736310778,0.638136008,0.638136008,0.736310778,0.638136008,0.736310778,0.736310778,0.638136008,0.638136008,0.638136008,0.638136008,0.638136008,0.638136008,0.638136008,0.638136008,0.539961237,0.539961237,0.539961237,0.539961237,0.441786467,0.441786467,0.441786467,0.343611696,0.343611696,0.343611696,0.343611696,0.343611696,0.343611696,0.245436926,0.245436926,0.245436926,0.245436926,0.245436926,0.147262156,0.147262156,0.147262156,0.147262156,0.147262156,0.147262156,0.147262156,0.147262156,0.245436926,0.245436926,0.245436926,0.343611696,0.343611696,0.441786467,0.539961237,0.539961237,0.638136008,0.638136008,0.638136008,0.736310778,0.736310778,0.736310778,0.736310778,0.736310778,0.736310778,0.736310778,0.736310778,0.736310778,0.736310778,0.638136008,0.638136008,0.638136008,0.638136008,0.539961237,0.539961237,0.539961237,0.539961237,0.539961237,0.539961237,0.539961237,0.539961237,0.539961237,0.539961237,0.441786467,0.441786467,0.441786467,0.441786467,0.441786467,0.441786467
289.962875843,C01,AP01,client_to_ap,VHT,2,2,2,80,SU,1,4,122,6637c97e16e6ce8a,0.736310778,0.736310778,0.736310778,0.736310778,0.736310778,0.736310778,0.736310778,0.736310778,0.736310778,0.736310778,0.736310778,0.736310778,0.736310778,0.736310778,0.638136008,0.736310778,0.736310778,0.638136008,0.638136008,0.736310778,0.736310778,0.736310778,0.736310778,0.736310778,0.736310778,0.736310778,0.736310778,0.736310778,0.736310778,0.736310778,0.736310778,0.736310778,0.736310778,0.638136008,0.736310778,0.736310778,0.638136008,0.638136008,0.638136008,0.736310778,0.736310778,0.736310778,0.736310778,0.736310778,0.736310778,0.736310778,0.736310778,0.638136008,0.638136008,0.638136008,0.638136008,0.638136008,0.638136008,0.638136008,0.539961237,0.539961237,0.539961237,0.539961237,0.539961237,0.441786467,0.441786467,0.441786467,0.343611696,0.343611696,0.343611696,0.343611696,0.343611696,0.245436926,0.245436926,0.245436926,0.245436926,0.245436926,0.245436926,0.147262156,0.147262156,0.147262156,0.147262156,0.147262156,0.147262156,0.147262156,0.147262156,0.245436926,0.245436926,0.245436926,0.343611696,0.441786467,0.441786467,0.539961237,0.539961237,0.638136008,0.638136008,0.736310778,0.736310778,0.736310778,0.736310778,0.736310778,0.736310778,0.736310778,0.736310778,0.736310778,0.736310778,0.736310778,0.638136008,0.638136008,0.638136008,0.638136008,0.539961237,0.539961237,0.539961237,0.539961237,0.539961237,0.539961237,0.539961237,0.539961237,0.539961237,0.539961237,0.441786467,0.441786467,0.441786467,0.441786467,0.441786467,0.441786467
291.289996862,C01,AP01,client_to_ap,VHT,2,2,2,80,SU,1,4,122,6637c97e16e6ce8a,0.736310778,0.736310778,0.736310778,0.736310778,0.736310778,0.736310778,0.736310778,0.736310778,0.736310778,0.638136008,0.638136008,0.638136008,0.638136008,0.638136008,0.638136008,0.638136008,0.638136008,0.638136008,0.638136008,0.638136008,0.638136008,0.638136008,0.638136008,0.638136008,0.638136008,0.638136008,0.638136008,0.736310778,0.736310778,0.638136008,0.638136008,0.638136008,0.638136008,0.638136008,0.638136008,0.638136008,0.638136008,0.638136008,0.638136008,0.638136008,0.638136008,0.638136008,0.638136008,0.638136008,0.638136008,0.638136008,0.638136008,0.638136008,0.638136008,0.638136008,0.638136008,0.638136008,0.638136008,0.539961237,0.539961237,0.539961237,0.539961237,0.539961237,0.441786467,0.441786467,0.441786467,0.343611696,0.343611696,0.343611696,0.343611696,0.343611696,0.245436926,0.245436926,0.245436926,0.245436926,0.245436926,0.245436926,0.147262156,0.147262156,0.147262156,0.147262156,0.147262156,0.147262156,0.147262156,0.147262156,0.147262156,0.147262156,0.245436926,0.245436926,0.343611696,0.343611696,0.441786467,0.441786467,0.539961237,0.539961237,0.638136008,0.638136008,0.638136008,0.736310778,0.736310778,0.736310778,0.736310778,0.736310778,0.736310778,0.736310778,0.638136008,0.638136008,0.638136008,0.638136008,0.638136008,0.539961237,0.539961237,0.539961237,0.539961237,0.539961237,0.539961237,0.539961237,0.539961237,0.539961237,0.539961237,0.441786467,0.441786467,0.441786467,0.441786467,0.441786467,0.441786467,0.441786467
292.618332863,C01,AP01,client_to_ap,VHT,2,2,2,80,SU,1,4,122,6637c97e16e6ce8a,0.736310778,0.736310778,0.736310778,0.736310778,0.736310778,0.736310778,0.736310778,0.736310778,0.736310778,0.736310778,0.736310778,0.736310778,0.736310778,0.736310778,0.736310778,0.736310778,0.736310778,0.736310778,0.736310778,0.736310778,0.736310778,0.736310778,0.736310778,0.736310778,0.736310778,0.736310778,0.736310778,0.736310778,0.736310778,0.736310778,0.736310778,0.736310778,0.736310778,0.736310778,0.736310778,0.736310778,0.638136008,0.736310778,0.736310778,0.736310778,0.736310778,0.736310778,0.736310778,0.736310778,0.736310778,0.736310778,0.736310778,0.638136008,0.638136008,0.638136008,0.638136008,0.638136008,0.638136008,0.638136008,0.638136008,0.539961237,0.539961237,0.539961237,0.539961237,0.441786467,0.441786467,0.441786467,0.343611696,0.343611696,0.343611696,0.343611696,0.343611696,0.245436926,0.245436926,0.245436926,0.245436926,0.245436926,0.245436926,0.245436926,0.147262156,0.147262156,0.147262156,0.147262156,0.147262156,0.147262156,0.147262156,0.245436926,0.245436926,0.245436926,0.343611696,0.441786467,0.441786467,0.539961237,0.539961237,0.638136008,0.638136008,0.736310778,0.736310778,0.736310778,0.736310778,0.736310778,0.736310778,0.736310778,0.736310778,0.736310778,0.736310778,0.638136008,0.638136008,0.638136008,0.638136008,0.638136008,0.638136008,0.539961237,0.539961237,0.539961237,0.539961237,0.539961237,0.539961237,0.539961237,0.539961237,0.539961237,0.539961237,0.539961237,0.441786467,0.441786467,0.441786467,0.441786467
293.952564955,C01,AP01,client_to_ap,VHT,2,2,2,80,SU,1,4,122,6637c97e16e6ce8a,0.736310778,0.736310778,0.736310778,0.736310778,0.736310778,0.736310778,0.736310778,0.736310778,0.736310778,0.736310778,0.736310778,0.736310778,0.736310778,0.638136008,0.736310778,0.736310778,0.638136008,0.736310778,0.638136008,0.736310778,0.736310778,0.638136008,0.638136008,0.736310778,0.736310778,0.736310778,0.736310778,0.736310778,0.736310778,0.736310778,0.736310778,0.736310778,0.736310778,0.638136008,0.736310778,0.736310778,0.736310778,0.736310778,0.638136008,0.638136008,0.736310778,0.638136008,0.736310778,0.736310778,0.736310778,0.736310778,0.736310778,0.736310778,0.638136008,0.638136008,0.638136008,0.638136008,0.638136008,0.638136008,0.539961237,0.539961237,0.539961237,0.539961237,0.539961237,0.441786467,0.441786467,0.441786467,0.343611696,0.343611696,0.343611696,0.343611696,0.343611696,0.245436926,0.245436926,0.245436926,0.245436926,0.245436926,0.245436926,0.147262156,0.147262156,0.147262156,0.147262156,0.147262156,0.147262156,0.147262156,0.147262156,0.245436926,0.245436926,0.245436926,0.343611696,0.343611696,0.441786467,0.539961237,0.539961237,0.638136008,0.638136008,0.736310778,0.736310778,0.736310778,0.736310778,0.736310778,0.736310778,0.736310778,0.736310778,0.736310778,0.736310778,0.736310778,0.638136008,0.638136008,0.638136008,0.638136008,0.638136008,0.539961237,0.539961237,0.539961237,0.539961237,0.539961237,0.539961237,0.539961237,0.539961237,0.539961237,0.441786467,0.539961237,0.441786467,0.441786467,0.441786467,0.441786467
295.283994913,C01,AP01,client_to_ap,VHT,2,2,2,80,SU,1,4,122,6637c97e16e6ce8a,0.736310778,0.736310778,0.736310778,0.736310778,0.736310778,0.736310778,0.736310778,0.736310778,0.736310778,0.736310778,0.736310778,0.736310778,0.736310778,0.736310778,0.736310778,0.736310778,0.736310778,0.638136008,0.736310778,0.638136008,0.736310778,0.736310778,0.736310778,0.736310778,0.736310778,0.736310778,0.736310778,0.736310778,0.736310778,0.736310778,0.736310778,0.736310778,0.736310778,0.736310778,0.736310778,0.736310778,0.638136008,0.736310778,0.638136008,0.638136008,0.638136008,0.736310778,0.638136008,0.638136008,0.736310778,0.736310778,0.736310778,0.638136008,0.638136008,0.638136008,0.638136008,0.638136008,0.638136008,0.638136008,0.638136008,0.539961237,0.539961237,0.539961237,0.539961237,0.441786467,0.441786467,0.441786467,0.343611696,0.343611696,0.343611696,0.343611696,0.343611696,0.245436926,0.245436926,0.245436926,0.245436926,0.245436926,0.245436926,0.147262156,0.147262156,0.147262156,0.147262156,0.147262156,0.147262156,0.147262156,0.147262156,0.245436926,0.245436926,0.245436926,0.343611696,0.343611696,0.441786467,0.539961237,0.539961237,0.638136008,0.638136008,0.736310778,0.736310778,0.736310778,0.736310778,0.736310778,0.736310778,0.736310778,0.736310778,0.736310778,0.736310778,0.736310778,0.638136008,0.638136008,0.638136008,0.638136008,0.539961237,0.539961237,0.539961237,0.539961237,0.539961237,0.539961237,0.539961237,0.539961237,0.539961237,0.539961237,0.539961237,0.441786467,0.441786467,0.441786467,0.441786467,0.441786467
296.616261005,C01,AP01,client_to_ap,VHT,2,2,2,80,SU,1,4,122,6637c97e16e6ce8a,0.736310778,0.736310778,0.736310778,0.736310778,0.736310778,0.736310778,0.736310778,0.736310778,0.736310778,0.736310778,0.736310778,0.736310778,0.736310778,0.638136008,0.638136008,0.736310778,0.736310778,0.736310778,0.736310778,0.736310778,0.736310778,0.638136008,0.736310778,0.736310778,0.736310778,0.736310778,0.736310778,0.736310778,0.736310778,0.736310778,0.736310778,0.736310778,0.736310778,0.638136008,0.638136008,0.736310778,0.736310778,0.736310778,0.638136008,0.736310778,0.736310778,0.736310778,0.736310778,0.736310778,0.736310778,0.736310778,0.736310778,0.638136008,0.638136008,0.638136008,0.638136008,0.638136008,0.638136008,0.638136008,0.539961237,0.539961237,0.539961237,0.539961237,0.539961237,0.441786467,0.441786467,0.441786467,0.343611696,0.343611696,0.343611696,0.343611696,0.343611696,0.245436926,0.245436926,0.245436926,0.245436926,0.245436926,0.245436926,0.147262156,0.147262156,0.147262156,0.147262156,0.147262156,0.147262156,0.147262156,0.147262156,0.245436926,0.245436926,0.245436926,0.343611696,0.441786467,0.441786467,0.539961237,0.539961237,0.638136008,0.638136008,0.736310778,0.736310778,0.736310778,0.736310778,0.736310778,0.736310778,0.736310778,0.736310778,0.736310778,0.736310778,0.736310778,0.638136008,0.638136008,0.638136008,0.638136008,0.539961237,0.539961237,0.539961237,0.539961237,0.539961237,0.539961237,0.539961237,0.539961237,0.539961237,0.539961237,0.539961237,0.539961237,0.441786467,0.441786467,0.441786467,0.441786467
297.952567816,C01,AP01,client_to_ap,VHT,2,2,2,80,SU,1,4,122,6637c97e16e6ce8a,0.736310778,0.736310778,0.736310778,0.736310778,0.736310778,0.736310778,0.736310778,0.736310778,0.736310778,0.736310778,0.736310778,0.638136008,0.736310778,0.638136008,0.638136008,0.638136008,0.638136008,0.638136008,0.638136008,0.736310778,0.736310778,0.736310778,0.638136008,0.638136008,0.736310778,0.736310778,0.736310778,0.736310778,0.736310778,0.736310778,0.736310778,0.736310778,0.638136008,0.638136008,0.638136008,0.638136008,0.638136008,0.638136008,0.638136008,0.638136008,0.638136008,0.638136008,0.736310778,0.638136008,0.638136008,0.638136008,0.638136008,0.638136008,0.638136008,0.638136008,0.638136008,0.638136008,0.638136008,0.638136008,0.539961237,0.539961237,0.539961237,0.539961237,0.441786467,0.441786467,0.441786467,0.441786467,0.343611696,0.343611696,0.343611696,0.343611696,0.245436926,0.245436926,0.245436926,0.245436926,0.245436926,0.245436926,0.147262156,0.147262156,0.147262156,0.147262156,0.147262156,0.147262156,0.147262156,0.147262156,0.147262156,0.147262156,0.245436926,0.245436926,0.343611696,0.343611696,0.441786467,0.441786467,0.539961237,0.638136008,0.638136008,0.736310778,0.736310778,0.736310778,0.736310778,0.736310778,0.736310778,0.736310778,0.736310778,0.736310778,0.736310778,0.638136008,0.638136008,0.638136008,0.638136008,0.638136008,0.539961237,0.539961237,0.539961237,0.539961237,0.539961237,0.539961237,0.539961237,0.539961237,0.539961237,0.539961237,0.539961237,0.539961237,0.441786467,0.441786467,0.441786467,0.441786467
299.284755945,C01,AP01,client_to_ap,VHT,2,2,2,80,SU,1,4,122,6637c97e16e6ce8a,0.736310778,0.736310778,0.736310778,0.736310778,0.736310778,0.736310778,0.736310778,0.736310778,0.736310778,0.736310778,0.736310778,0.736310778,0.736310778,0.638136008,0.638136008,0.638136008,0.638136008,0.638136008,0.638136008,0.736310778,0.638136008,0.638136008,0.638136008,0.736310778,0.736310778,0.638136008,0.736310778,0.736310778,0.736310778,0.736310778,0.736310778,0.638136008,0.638136008,0.638136008,0.638136008,0.638136008,0.638136008,0.638136008,0.638136008,0.638136008,0.638136008,0.638136008,0.638136008,0.638136008,0.638136008,0.638136008,0.638136008,0.638136008,0.638136008,0.638136008,0.638136008,0.638136008,0.638136008,0.638136008,0.539961237,0.539961237,0.539961237,0.539961237,0.441786467,0.441786467,0.441786467,0.441786467,0.343611696,0.343611696,0.343611696,0.343611696,0.245436926,0.245436926,0.245436926,0.245436926,0.245436926,0.245436926,0.147262156,0.147262156,0.147262156,0.147262156,0.147262156,0.147262156,0.147262156,0.147262156,0.147262156,0.147262156,0.245436926,0.245436926,0.343611696,0.441786467,0.441786467,0.539961237,0.539961237,0.638136008,0.638136008,0.638136008,0.736310778,0.736310778,0.736310778,0.736310778,0.736310778,0.736310778,0.736310778,0.736310778,0.638136008,0.638136008,0.638136008,0.638136008,0.638136008,0.638136008,0.539961237,0.539961237,0.539961237,0.539961237,0.539961237,0.539961237,0.539961237,0.539961237,0.539961237,0.539961237,0.441786467,0.539961237,0.441786467,0.441786467,0.441786467,0.441786467
